grid_cell,block_label,mean_local_sorensen
56,2000-2004,0.08631765150035481
57,2000-2004,0.08475148018772141
128,2000-2004,0.10574294570910142
129,2000-2004,0.09885882876386629
130,2000-2004,0.1534204597884845
198,2000-2004,0.08584834291954821
199,2000-2004,0.08691863182883418
203,2000-2004,0.07298325952300075
270,2000-2004,0.08800567761785746
271,2000-2004,0.08216155862719021
272,2000-2004,0.07284610938879149
274,2000-2004,0.0709656154485458
276,2000-2004,0.06945331543087994
341,2000-2004,0.1812938202064771
342,2000-2004,0.09857128696410938
343,2000-2004,0.086892406185725
344,2000-2004,0.07225911666280592
345,2000-2004,0.08582408448506505
347,2000-2004,0.07295609647452334
412,2000-2004,0.11265281815500501
413,2000-2004,0.10787018847658982
414,2000-2004,0.10002766122903137
415,2000-2004,0.10079096578928111
416,2000-2004,0.10389096736858933
417,2000-2004,0.08601670472260839
418,2000-2004,0.07906156412394084
483,2000-2004,0.10931619393080355
484,2000-2004,0.12977570288791798
485,2000-2004,0.127183389893941
486,2000-2004,0.12699295041035563
487,2000-2004,0.13865684544658086
488,2000-2004,0.11427362697873544
554,2000-2004,0.11423685627373201
555,2000-2004,0.10827980930111035
556,2000-2004,0.09489776790921571
557,2000-2004,0.0914124740935047
558,2000-2004,0.09352182643655416
559,2000-2004,0.09443838987489532
560,2000-2004,0.0952519892798782
561,2000-2004,0.08173439813535328
563,2000-2004,0.07394827675879033
564,2000-2004,0.07586838978428989
592,2000-2004,0.13458791609804235
593,2000-2004,0.1168831650375993
625,2000-2004,0.10381274891208837
626,2000-2004,0.09187400766575289
627,2000-2004,0.09454543235047036
628,2000-2004,0.09102807568591478
629,2000-2004,0.09611346012056832
630,2000-2004,0.10673563624603014
631,2000-2004,0.10882666077388885
632,2000-2004,0.10892715831303823
634,2000-2004,0.09670026637950054
635,2000-2004,0.0802349525077388
636,2000-2004,0.0811648460093583
637,2000-2004,0.09240658181732934
640,2000-2004,0.09058575644320914
663,2000-2004,0.16692896945628294
664,2000-2004,0.13044626961518951
665,2000-2004,0.12124451634754226
666,2000-2004,0.09696331511571477
696,2000-2004,0.12498094182313906
698,2000-2004,0.11249005884422315
699,2000-2004,0.10808640516304255
700,2000-2004,0.17938999187271903
701,2000-2004,0.12121324527661892
702,2000-2004,0.09704431324924918
704,2000-2004,0.11525661893325215
705,2000-2004,0.13335898705935706
706,2000-2004,0.11382002098320664
708,2000-2004,0.1273182423716857
710,2000-2004,0.11809327243428178
711,2000-2004,0.10808896453390472
712,2000-2004,0.11349622040219995
716,2000-2004,0.11747860959386935
717,2000-2004,0.10770459038220272
735,2000-2004,0.1294801878096037
736,2000-2004,0.10532415858702002
737,2000-2004,0.09855038994319498
738,2000-2004,0.12266830201513174
772,2000-2004,0.10940010744554572
773,2000-2004,0.09582739444669454
774,2000-2004,0.10889913312118768
775,2000-2004,0.09342896925723054
776,2000-2004,0.09391523214133553
777,2000-2004,0.0995349711486951
778,2000-2004,0.08256745367977003
783,2000-2004,0.0749953718064604
784,2000-2004,0.07270091293512917
785,2000-2004,0.07195996117301401
787,2000-2004,0.07570153239838247
788,2000-2004,0.1026237208131219
804,2000-2004,0.14607850876731146
805,2000-2004,0.14129398121789255
806,2000-2004,0.147848165410421
807,2000-2004,0.14986140011937715
808,2000-2004,0.13945131372710184
809,2000-2004,0.11517176837843335
810,2000-2004,0.11480832624294053
811,2000-2004,0.1120710692276774
812,2000-2004,0.16705067685483807
813,2000-2004,0.1654120937209551
845,2000-2004,0.09480397004571432
846,2000-2004,0.19534914284101254
847,2000-2004,0.08940334615199753
848,2000-2004,0.08633173646360634
849,2000-2004,0.07562494614871265
850,2000-2004,0.08042607549122438
851,2000-2004,0.07599125045832711
854,2000-2004,0.0860039523547281
855,2000-2004,0.07428243209754537
856,2000-2004,0.0728980770110969
857,2000-2004,0.06887654165490367
858,2000-2004,0.073759617843036
859,2000-2004,0.07378114345834953
860,2000-2004,0.06857001621626574
876,2000-2004,0.11008782139870649
877,2000-2004,0.10022043531129765
878,2000-2004,0.1071905324528167
879,2000-2004,0.11700226042351533
881,2000-2004,0.10360871469200875
882,2000-2004,0.10619098341248887
883,2000-2004,0.13186378624907868
884,2000-2004,0.16377978341479846
885,2000-2004,0.14637811642639678
916,2000-2004,0.1201396742546681
917,2000-2004,0.1341481730368057
918,2000-2004,0.1262521119657321
919,2000-2004,0.12218988908681112
920,2000-2004,0.12098995344084831
921,2000-2004,0.07991157059321294
922,2000-2004,0.0738879416496893
923,2000-2004,0.07764704345001132
926,2000-2004,0.07764759677781177
927,2000-2004,0.07480861127062297
929,2000-2004,0.06433491266308211
930,2000-2004,0.08215896034788085
931,2000-2004,0.08341584444345754
947,2000-2004,0.1010675258034483
948,2000-2004,0.10663407022694552
949,2000-2004,0.1014146692386062
950,2000-2004,0.10429636211557808
951,2000-2004,0.10142370676062501
952,2000-2004,0.10539816236930635
953,2000-2004,0.1112167718389575
955,2000-2004,0.1077411764555903
956,2000-2004,0.11602119609662903
985,2000-2004,0.12644933784706625
986,2000-2004,0.13423874227547958
987,2000-2004,0.13307903056495027
988,2000-2004,0.10076157660196731
989,2000-2004,0.10517828202979382
991,2000-2004,0.0806696192334731
992,2000-2004,0.07005268527940176
993,2000-2004,0.061117959514100706
994,2000-2004,0.060476424121854444
995,2000-2004,0.06543858217405504
996,2000-2004,0.06470470979689806
997,2000-2004,0.0625186811077274
999,2000-2004,0.06084595390664476
1001,2000-2004,0.056786147790225804
1002,2000-2004,0.06090561756323521
1003,2000-2004,0.06572126079812397
1018,2000-2004,0.11648590869087613
1019,2000-2004,0.12919812870125116
1020,2000-2004,0.13527391441448838
1021,2000-2004,0.1646434290483077
1022,2000-2004,0.09808671586460331
1023,2000-2004,0.10441399189511989
1025,2000-2004,0.11189912022973054
1026,2000-2004,0.11251749798649943
1027,2000-2004,0.10910142543059691
1028,2000-2004,0.12166969249684897
1029,2000-2004,0.11981942062018956
1055,2000-2004,0.12555004136476222
1057,2000-2004,0.12846102201496332
1058,2000-2004,0.1145058576486094
1061,2000-2004,0.12410716698911166
1063,2000-2004,0.0976133776270292
1064,2000-2004,0.07748886614841799
1065,2000-2004,0.07695595726907892
1066,2000-2004,0.07583183397201776
1068,2000-2004,0.11717169810610294
1069,2000-2004,0.12291489611205725
1070,2000-2004,0.09490862079134028
1073,2000-2004,0.06625351664968747
1075,2000-2004,0.06929530449187424
1076,2000-2004,0.07735907408938514
1089,2000-2004,0.11274304868368133
1090,2000-2004,0.11635653832212806
1091,2000-2004,0.10948646857005764
1092,2000-2004,0.10961208741055732
1093,2000-2004,0.11558661071183329
1094,2000-2004,0.12510330380089058
1095,2000-2004,0.09086834919924716
1096,2000-2004,0.08693465552152799
1097,2000-2004,0.09711829931093498
1098,2000-2004,0.08922249894139335
1099,2000-2004,0.09457463176224215
1100,2000-2004,0.10154713254394153
1101,2000-2004,0.10689755990074172
1103,2000-2004,0.09696571178481608
1125,2000-2004,0.12078290684126328
1126,2000-2004,0.11853058410473531
1127,2000-2004,0.11751686335545368
1128,2000-2004,0.11993536389226746
1129,2000-2004,0.1493009443966813
1130,2000-2004,0.11183686916815166
1131,2000-2004,0.10923167268950362
1132,2000-2004,0.09912280757230459
1133,2000-2004,0.10262647300870369
1134,2000-2004,0.09389514526911713
1136,2000-2004,0.07726653741506602
1137,2000-2004,0.07304082958037916
1138,2000-2004,0.06533762040482748
1139,2000-2004,0.063154897153554
1140,2000-2004,0.06622901044852728
1141,2000-2004,0.06656528590256056
1142,2000-2004,0.07502035790590979
1143,2000-2004,0.07554714056361599
1144,2000-2004,0.06503321056461497
1145,2000-2004,0.06690334684716914
1161,2000-2004,0.12224860368934665
1162,2000-2004,0.12649756707532758
1163,2000-2004,0.11996470442165862
1164,2000-2004,0.13964290523584655
1165,2000-2004,0.10334496592174479
1166,2000-2004,0.09481197197842196
1167,2000-2004,0.08296682521715798
1168,2000-2004,0.08296670834038775
1169,2000-2004,0.08608465295276312
1170,2000-2004,0.09087428674029427
1171,2000-2004,0.08306498183636411
1172,2000-2004,0.08790713218715507
1173,2000-2004,0.09461440488904033
1175,2000-2004,0.12106010140125714
1196,2000-2004,0.14220774288402568
1197,2000-2004,0.12932043529557868
1198,2000-2004,0.12523698695984628
1199,2000-2004,0.13056234029424932
1200,2000-2004,0.13270832291906678
1201,2000-2004,0.15253329185514927
1202,2000-2004,0.15633694430315181
1203,2000-2004,0.1282894763463315
1204,2000-2004,0.12268561651299584
1205,2000-2004,0.10512076052741781
1206,2000-2004,0.09639777594640281
1207,2000-2004,0.0867851626037104
1208,2000-2004,0.08186196019880668
1209,2000-2004,0.07881232038056805
1210,2000-2004,0.07934755437903895
1211,2000-2004,0.08532190988239206
1212,2000-2004,0.09136656478453785
1213,2000-2004,0.08042247262877612
1214,2000-2004,0.06987125387130043
1215,2000-2004,0.06593152590833887
1216,2000-2004,0.06152301429850725
1234,2000-2004,0.12175017080567681
1235,2000-2004,0.11542369909913028
1236,2000-2004,0.10046210862646963
1237,2000-2004,0.10202456418561547
1238,2000-2004,0.0865251642681733
1239,2000-2004,0.08548343361221594
1240,2000-2004,0.08015447945813339
1241,2000-2004,0.09046571957656778
1242,2000-2004,0.09550815635895717
1243,2000-2004,0.10857612631694376
1244,2000-2004,0.10164945730745231
1245,2000-2004,0.10701220422028991
1246,2000-2004,0.09818012424667964
1247,2000-2004,0.11303215345497486
1248,2000-2004,0.11245818689851807
1249,2000-2004,0.121699807503217
1268,2000-2004,0.15064457980593807
1269,2000-2004,0.15345551970293023
1270,2000-2004,0.1434157237343506
1271,2000-2004,0.1363153135034867
1272,2000-2004,0.1273917160804205
1273,2000-2004,0.12900211753510393
1274,2000-2004,0.12256982693239332
1275,2000-2004,0.1396695577975537
1276,2000-2004,0.1342608671734164
1277,2000-2004,0.09716372368456963
1279,2000-2004,0.10112090540394791
1280,2000-2004,0.12158828877707308
1281,2000-2004,0.09695306268273789
1282,2000-2004,0.08975233227828809
1283,2000-2004,0.08799980197995452
1284,2000-2004,0.07550416898668702
1285,2000-2004,0.07291786396104938
1286,2000-2004,0.06742727919800168
1287,2000-2004,0.06491280857231004
1288,2000-2004,0.0624862019039557
1289,2000-2004,0.06087105331286648
1305,2000-2004,0.11470191206187783
1306,2000-2004,0.11568485631979947
1307,2000-2004,0.11726612789478608
1308,2000-2004,0.1621714841909044
1309,2000-2004,0.1469685745323543
1312,2000-2004,0.10116098820067579
1313,2000-2004,0.10451877380365542
1314,2000-2004,0.10706365981696572
1315,2000-2004,0.1341426129461023
1316,2000-2004,0.12353935866617088
1319,2000-2004,0.1262032237821062
1320,2000-2004,0.14060268070191206
1321,2000-2004,0.15695137717840535
1322,2000-2004,0.17300322872870863
1328,2000-2004,0.19641588680326127
1339,2000-2004,0.16500495724340875
1340,2000-2004,0.17410249107620926
1341,2000-2004,0.18081756825595896
1342,2000-2004,0.1743554788968026
1344,2000-2004,0.13961712080697378
1345,2000-2004,0.14819280336435656
1346,2000-2004,0.14001677420428435
1348,2000-2004,0.1251284109977053
1349,2000-2004,0.10893365034822139
1350,2000-2004,0.12459192972188093
1351,2000-2004,0.10457173384789904
1352,2000-2004,0.09848198373166778
1353,2000-2004,0.0957273533636392
1354,2000-2004,0.08997718649283841
1355,2000-2004,0.08696697872066038
1356,2000-2004,0.08752605014118245
1357,2000-2004,0.10084475716521749
1358,2000-2004,0.09878010232953977
1359,2000-2004,0.10918772014981597
1360,2000-2004,0.07344370214473635
1361,2000-2004,0.08003405504078016
1377,2000-2004,0.13807257881035803
1379,2000-2004,0.10452257464928708
1380,2000-2004,0.10773608758689204
1381,2000-2004,0.09985158765463581
1382,2000-2004,0.11408381849631503
1383,2000-2004,0.10089398972858224
1384,2000-2004,0.11945983185812092
1385,2000-2004,0.13576821086309784
1386,2000-2004,0.14201608770353774
1393,2000-2004,0.16516864273672416
1400,2000-2004,0.14064120701967975
1401,2000-2004,0.13720006571238033
1410,2000-2004,0.17485922614504631
1412,2000-2004,0.1694759626476878
1413,2000-2004,0.16516829595461094
1414,2000-2004,0.15739067342305116
1415,2000-2004,0.15779073758045153
1416,2000-2004,0.17943930235072597
1417,2000-2004,0.13315451442363527
1418,2000-2004,0.1429452239025141
1419,2000-2004,0.12267906540330199
1420,2000-2004,0.1078704763412864
1421,2000-2004,0.10549826051249679
1422,2000-2004,0.09653275472253318
1423,2000-2004,0.10223370175197932
1424,2000-2004,0.11523449703239066
1425,2000-2004,0.09749018094436601
1426,2000-2004,0.08391747440713339
1427,2000-2004,0.09157115434629033
1428,2000-2004,0.10027386148599994
1429,2000-2004,0.1085599059129129
1430,2000-2004,0.10845039589971615
1447,2000-2004,0.09801574213658269
1448,2000-2004,0.10988868161584685
1449,2000-2004,0.13863936964926707
1450,2000-2004,0.12293804563606042
1452,2000-2004,0.11256195544307922
1453,2000-2004,0.11562171989440684
1454,2000-2004,0.11944273738949752
1455,2000-2004,0.1269233919708977
1456,2000-2004,0.11255719839765697
1462,2000-2004,0.134070850754026
1465,2000-2004,0.1319720147329105
1466,2000-2004,0.1282198181148117
1468,2000-2004,0.1403407438215633
1471,2000-2004,0.1701641394322426
1476,2000-2004,0.14650678169348
1477,2000-2004,0.12227626992365306
1479,2000-2004,0.10674956823563105
1480,2000-2004,0.11362273768187978
1481,2000-2004,0.09826265863962619
1482,2000-2004,0.11027567808407882
1483,2000-2004,0.12585809214448793
1484,2000-2004,0.13340115412306658
1485,2000-2004,0.14472311054779555
1486,2000-2004,0.14949907900006812
1487,2000-2004,0.14470655854507836
1488,2000-2004,0.14416111064493062
1489,2000-2004,0.16217929260640532
1490,2000-2004,0.2182187717347766
1491,2000-2004,0.2006731972060383
1492,2000-2004,0.10826797722657695
1493,2000-2004,0.10510219682928429
1494,2000-2004,0.09313000035290735
1495,2000-2004,0.09432299660230022
1496,2000-2004,0.08954199475842904
1497,2000-2004,0.10197366218798169
1498,2000-2004,0.08128369591579909
1499,2000-2004,0.08213559754164237
1500,2000-2004,0.09339255098091727
1502,2000-2004,0.1138745214795573
1518,2000-2004,0.09757593542453184
1520,2000-2004,0.09931080817074117
1521,2000-2004,0.09628822498640043
1522,2000-2004,0.10630508827746539
1523,2000-2004,0.11451877977625305
1528,2000-2004,0.1394903611584732
1529,2000-2004,0.14489620877994952
1533,2000-2004,0.12652354398883983
1535,2000-2004,0.14318511725442068
1536,2000-2004,0.13092280758070937
1537,2000-2004,0.12351239672376597
1538,2000-2004,0.1307126352626919
1539,2000-2004,0.18947502038804548
1540,2000-2004,0.191077207496827
1542,2000-2004,0.1662228939094468
1549,2000-2004,0.10869607613204352
1550,2000-2004,0.09894207454656966
1551,2000-2004,0.08490597572846065
1552,2000-2004,0.0969645236121212
1553,2000-2004,0.0995894120653585
1554,2000-2004,0.10494213564871266
1555,2000-2004,0.15602311045822614
1556,2000-2004,0.1650484912522355
1557,2000-2004,0.15141873816707999
1558,2000-2004,0.20795377558431577
1559,2000-2004,0.207908260453094
1560,2000-2004,0.13330429632685492
1561,2000-2004,0.12279865140224273
1562,2000-2004,0.10386946151303328
1563,2000-2004,0.0994776821848474
1564,2000-2004,0.09893997817254961
1565,2000-2004,0.0929243322851046
1566,2000-2004,0.10692002867555911
1567,2000-2004,0.08962525083127994
1568,2000-2004,0.07910865931665638
1569,2000-2004,0.08634186787459612
1570,2000-2004,0.09199113729081053
1571,2000-2004,0.10841559275532918
1586,2000-2004,0.09254324686895946
1587,2000-2004,0.08894836120397645
1588,2000-2004,0.08944630233822709
1589,2000-2004,0.08839459068191559
1590,2000-2004,0.09941351717090051
1591,2000-2004,0.13442609241779302
1592,2000-2004,0.20582280231564812
1593,2000-2004,0.18547785395136704
1594,2000-2004,0.16439151049143555
1597,2000-2004,0.1259498683585233
1599,2000-2004,0.12243561302289027
1602,2000-2004,0.1513941329647285
1608,2000-2004,0.13447959644541008
1609,2000-2004,0.10573950067148909
1610,2000-2004,0.10855891590695219
1611,2000-2004,0.11135753646372024
1612,2000-2004,0.1250268999395941
1613,2000-2004,0.13989846055532307
1614,2000-2004,0.14896343311458665
1616,2000-2004,0.1519672964690672
1617,2000-2004,0.1375277347886821
1618,2000-2004,0.13543347580621465
1619,2000-2004,0.11330140909196851
1620,2000-2004,0.10657435156310857
1621,2000-2004,0.09881514551671759
1622,2000-2004,0.08990119722863134
1623,2000-2004,0.09525552184128275
1624,2000-2004,0.10439998208747188
1625,2000-2004,0.1525903712792016
1626,2000-2004,0.18581305665375175
1627,2000-2004,0.14298897959339205
1628,2000-2004,0.16759083860217402
1629,2000-2004,0.13200412856366228
1630,2000-2004,0.11746707876266496
1631,2000-2004,0.11016585565980083
1632,2000-2004,0.12919365582090517
1633,2000-2004,0.1181220489398378
1634,2000-2004,0.10275104723072974
1635,2000-2004,0.0937265700563984
1636,2000-2004,0.10366297878352716
1637,2000-2004,0.09122652118822659
1639,2000-2004,0.0771514162182758
1640,2000-2004,0.06791101098057385
1641,2000-2004,0.0653261828097099
1642,2000-2004,0.06806420784827918
1658,2000-2004,0.149122505031901
1659,2000-2004,0.08653424767991702
1660,2000-2004,0.11242038019313329
1661,2000-2004,0.10887407923409372
1662,2000-2004,0.12115945787211332
1666,2000-2004,0.1060895797021082
1669,2000-2004,0.10908768945004307
1672,2000-2004,0.10732458637600087
1674,2000-2004,0.1099000960238457
1675,2000-2004,0.10489261991225164
1676,2000-2004,0.11712170763714558
1678,2000-2004,0.12226873756117027
1679,2000-2004,0.1121866018691242
1680,2000-2004,0.15602787817673955
1681,2000-2004,0.1938163267494578
1684,2000-2004,0.16930835417974105
1685,2000-2004,0.12839371533936234
1686,2000-2004,0.20385234097993626
1687,2000-2004,0.18412908868851124
1688,2000-2004,0.19821855109950692
1689,2000-2004,0.1741217956941222
1691,2000-2004,0.15401423086587748
1692,2000-2004,0.12904490848061087
1693,2000-2004,0.09857847882098314
1694,2000-2004,0.09163349699111105
1695,2000-2004,0.11206999301523432
1696,2000-2004,0.11937273040061804
1697,2000-2004,0.10961341654578827
1698,2000-2004,0.11353270186425349
1699,2000-2004,0.12794163695198998
1700,2000-2004,0.13923451667495695
1701,2000-2004,0.15901995801217256
1702,2000-2004,0.16575855793808564
1703,2000-2004,0.15741512245826253
1704,2000-2004,0.15826840274514667
1705,2000-2004,0.11383948280967228
1706,2000-2004,0.14556906314208312
1707,2000-2004,0.08405055775840908
1708,2000-2004,0.09740041499885117
1710,2000-2004,0.10233067082254624
1711,2000-2004,0.10313027791230692
1712,2000-2004,0.10386301268592699
1731,2000-2004,0.08340620799507771
1732,2000-2004,0.10587844068089107
1733,2000-2004,0.0884099482360259
1734,2000-2004,0.10324919794114712
1737,2000-2004,0.13445272272734982
1738,2000-2004,0.14485733055967182
1739,2000-2004,0.09376813865995615
1743,2000-2004,0.10258167516399538
1748,2000-2004,0.07948770601175359
1749,2000-2004,0.0810016475752954
1753,2000-2004,0.08531850353590686
1755,2000-2004,0.07813946159938648
1756,2000-2004,0.0826167761079774
1757,2000-2004,0.0715651857100369
1758,2000-2004,0.08169530338418945
1759,2000-2004,0.07733361154071065
1760,2000-2004,0.08308518348573356
1761,2000-2004,0.08858644403295665
1762,2000-2004,0.08815105233825152
1764,2000-2004,0.07954919688940229
1765,2000-2004,0.08203777935882028
1766,2000-2004,0.08221464253455688
1767,2000-2004,0.084406739362488
1769,2000-2004,0.09120973351293353
1770,2000-2004,0.092022802056897
1771,2000-2004,0.08553803484554327
1772,2000-2004,0.0789238717190458
1773,2000-2004,0.07450719794767664
1774,2000-2004,0.06974266098857525
1775,2000-2004,0.06960094799098772
1776,2000-2004,0.07001980184841364
1777,2000-2004,0.06431863496536278
1778,2000-2004,0.060948034576637077
1779,2000-2004,0.05800595974208013
1782,2000-2004,0.059284448175478364
1783,2000-2004,0.059929515378844035
1803,2000-2004,0.07490091681649363
1804,2000-2004,0.0693901182287465
1805,2000-2004,0.05511903892831416
1806,2000-2004,0.06017589430499759
1807,2000-2004,0.06432401612523522
1808,2000-2004,0.0725267443383604
1809,2000-2004,0.06424440042906857
1815,2000-2004,0.08902785191120158
1816,2000-2004,0.08403593269471775
1819,2000-2004,0.06906364602965502
1820,2000-2004,0.06358378641803727
1821,2000-2004,0.06293636540810338
1822,2000-2004,0.05399167065331771
1823,2000-2004,0.05831147936270615
1824,2000-2004,0.06218765656750998
1825,2000-2004,0.0568031142551786
1826,2000-2004,0.059249949832463226
1827,2000-2004,0.04894700329745933
1828,2000-2004,0.04186459341725956
1829,2000-2004,0.0437426986134208
1830,2000-2004,0.045033840610887554
1831,2000-2004,0.053271743078697836
1832,2000-2004,0.05455837390159513
1833,2000-2004,0.05606891376351686
1834,2000-2004,0.05597066884257757
1835,2000-2004,0.05373069714976488
1836,2000-2004,0.05576310836100338
1837,2000-2004,0.05365371013780374
1838,2000-2004,0.05617102790771018
1839,2000-2004,0.06010506098472771
1840,2000-2004,0.06282704020823335
1841,2000-2004,0.06252100197005868
1842,2000-2004,0.05991642450409883
1843,2000-2004,0.05210776608061423
1844,2000-2004,0.05388954444920911
1845,2000-2004,0.0551002242142623
1846,2000-2004,0.05456953648118195
1847,2000-2004,0.05307445215109258
1848,2000-2004,0.047889860783606394
1849,2000-2004,0.04532962350577328
1850,2000-2004,0.043037254848373105
1851,2000-2004,0.044320076615420985
1852,2000-2004,0.04457165982316143
1853,2000-2004,0.03353455359155092
1854,2000-2004,0.04218234249143768
1855,2000-2004,0.04151423221683566
1856,2000-2004,0.04901223316971235
1875,2000-2004,0.07248079249770602
1876,2000-2004,0.05810974938655233
1877,2000-2004,0.047416592914852417
1878,2000-2004,0.039555894720579486
1879,2000-2004,0.035335958894772375
1880,2000-2004,0.035928430789569345
1881,2000-2004,0.0327320248366139
1882,2000-2004,0.04002739857814802
1884,2000-2004,0.052086598255321616
1892,2000-2004,0.06466872841473788
1895,2000-2004,0.04551936363561947
1896,2000-2004,0.04656091798597223
1897,2000-2004,0.034420944334949806
1898,2000-2004,0.03550517958688873
1899,2000-2004,0.035273778483002706
1900,2000-2004,0.035497474172558136
1901,2000-2004,0.029009137158132987
1902,2000-2004,0.030308943845072094
1903,2000-2004,0.031649804586401216
1904,2000-2004,0.03301682783072031
1905,2000-2004,0.03439009623286187
1906,2000-2004,0.037268106640728146
1907,2000-2004,0.04310119770882297
1908,2000-2004,0.042398753796188564
1909,2000-2004,0.03910914755810662
1910,2000-2004,0.0398440819264668
1911,2000-2004,0.04689990300040257
1912,2000-2004,0.047192358971871816
1913,2000-2004,0.04607759350738937
1914,2000-2004,0.04012804051932702
1915,2000-2004,0.039476944145025006
1916,2000-2004,0.03855334612805706
1917,2000-2004,0.03739814207675689
1918,2000-2004,0.036066581715242095
1919,2000-2004,0.03461829745753518
1920,2000-2004,0.03310883151188143
1921,2000-2004,0.03143541358150403
1922,2000-2004,0.02966510745581641
1923,2000-2004,0.031082815993452934
1924,2000-2004,0.027891728060080768
1925,2000-2004,0.028215672144250165
1926,2000-2004,0.03296119096290071
1927,2000-2004,0.043359135439555385
1928,2000-2004,0.04908958344838294
1950,2000-2004,0.03171006607628184
1951,2000-2004,0.027763593570207402
1952,2000-2004,0.03329492328472252
1953,2000-2004,0.029274498499465555
1954,2000-2004,0.03556012914131787
1967,2000-2004,0.031616738790370004
1968,2000-2004,0.028178696571952357
1969,2000-2004,0.02718007856067115
1970,2000-2004,0.029958654871250323
1971,2000-2004,0.031560453909121725
1972,2000-2004,0.03248799740318696
1973,2000-2004,0.03169686591661418
1974,2000-2004,0.03246307384829745
1975,2000-2004,0.03395413614057699
1976,2000-2004,0.03546186956727447
1977,2000-2004,0.036955855727988214
1978,2000-2004,0.03839367473852514
1979,2000-2004,0.039720402723209924
1980,2000-2004,0.04087701749437957
1981,2000-2004,0.04181256476009072
1982,2000-2004,0.04249028052858335
1983,2000-2004,0.04288436331548509
1984,2000-2004,0.04297382537762634
1985,2000-2004,0.042741699397052024
1986,2000-2004,0.04218168678790934
1987,2000-2004,0.04130741450145136
1988,2000-2004,0.040157046458066004
1989,2000-2004,0.03878922137759132
1990,2000-2004,0.03727243922258877
1991,2000-2004,0.03567388953907943
1992,2000-2004,0.034052108866653684
1993,2000-2004,0.032454449302631645
1994,2000-2004,0.03169947024322954
1995,2000-2004,0.03047357397570039
1996,2000-2004,0.027243651032026632
1997,2000-2004,0.02860176991323385
1998,2000-2004,0.029498856934113863
2024,2000-2004,0.031502050795289296
2025,2000-2004,0.028739270280341914
2027,2000-2004,0.039064333127876216
2028,2000-2004,0.04624101985554182
2039,2000-2004,0.03430883473930305
2040,2000-2004,0.03049411403971039
2041,2000-2004,0.03139087340598634
2044,2000-2004,0.03661738379352312
2045,2000-2004,0.03590696875081489
2046,2000-2004,0.03534635343655172
2047,2000-2004,0.03796660749433772
2048,2000-2004,0.038651110574199836
2049,2000-2004,0.04040068737580448
2050,2000-2004,0.04128926711998244
2051,2000-2004,0.04264766075028275
2052,2000-2004,0.04378834074127947
2053,2000-2004,0.04466229146660473
2054,2000-2004,0.04523475091644569
2055,2000-2004,0.04547927520784632
2056,2000-2004,0.04537395030186219
2057,2000-2004,0.04490635929533105
2058,2000-2004,0.04408441759113949
2059,2000-2004,0.04294417820626062
2060,2000-2004,0.041547826105470656
2061,2000-2004,0.039972487377271396
2062,2000-2004,0.03829611175550651
2063,2000-2004,0.03658704555963056
2064,2000-2004,0.03489936968994586
2065,2000-2004,0.0332725680596347
2066,2000-2004,0.03169851497035105
2067,2000-2004,0.03012064117036881
2068,2000-2004,0.031943838361903606
2069,2000-2004,0.033323155914325955
2100,2000-2004,0.044415228049338284
2111,2000-2004,0.036803668239830424
2112,2000-2004,0.033824797306687984
2113,2000-2004,0.03491062680786448
2114,2000-2004,0.037686280922726446
2116,2000-2004,0.03924722943857767
2117,2000-2004,0.03979690234951258
2118,2000-2004,0.040719389585673386
2119,2000-2004,0.04343750732900971
2120,2000-2004,0.04529546524105981
2121,2000-2004,0.04479548399096279
2122,2000-2004,0.04564085272649996
2123,2000-2004,0.0457592380056647
2124,2000-2004,0.04683250780872838
2125,2000-2004,0.047582059175593903
2126,2000-2004,0.047975313148973374
2127,2000-2004,0.0479874997052198
2128,2000-2004,0.047603473701041225
2129,2000-2004,0.04682835855754116
2130,2000-2004,0.04569769375912047
2131,2000-2004,0.0442774335275262
2132,2000-2004,0.042652360271701
2133,2000-2004,0.040909560973390525
2134,2000-2004,0.03912510245957253
2135,2000-2004,0.03735763586419398
2136,2000-2004,0.035647995594701755
2137,2000-2004,0.03402191157168111
2138,2000-2004,0.03245258143928049
2139,2000-2004,0.03107100975312703
2140,2000-2004,0.0331393030949886
2141,2000-2004,0.03634554343345391
2171,2000-2004,0.04142470480691579
2181,2000-2004,0.04752300809504605
2182,2000-2004,0.04279761849176823
2183,2000-2004,0.03831727865147497
2184,2000-2004,0.03665786852690684
2186,2000-2004,0.03993844094998043
2187,2000-2004,0.04030555171464868
2188,2000-2004,0.04094186264453589
2189,2000-2004,0.0429572828076812
2191,2000-2004,0.048330138385244234
2193,2000-2004,0.04865662719804346
2194,2000-2004,0.049108032985256136
2195,2000-2004,0.048962933890694026
2196,2000-2004,0.04988910578734057
2197,2000-2004,0.05042267030916577
2198,2000-2004,0.05053752511442381
2199,2000-2004,0.05022065533095889
2200,2000-2004,0.04947954753122891
2201,2000-2004,0.04835236742149166
2202,2000-2004,0.04690943321206366
2203,2000-2004,0.04524182176506199
2204,2000-2004,0.043443259517216816
2205,2000-2004,0.04159472503172571
2206,2000-2004,0.039757056904461914
2207,2000-2004,0.03797088812926721
2208,2000-2004,0.03626056722634442
2209,2000-2004,0.0346389381384154
2210,2000-2004,0.03307695674029995
2211,2000-2004,0.03131380803104965
2212,2000-2004,0.03185528232312569
2213,2000-2004,0.03581303857691415
2214,2000-2004,0.03692766049233467
2240,2000-2004,0.0404048221316207
2241,2000-2004,0.03925914299838775
2250,2000-2004,0.0594308186509502
2254,2000-2004,0.04258293531924991
2255,2000-2004,0.039296962661601834
2257,2000-2004,0.04005380360983394
2258,2000-2004,0.040618159373045123
2259,2000-2004,0.040950892444324274
2260,2000-2004,0.04320321325777764
2261,2000-2004,0.04399068661110576
2262,2000-2004,0.048770702061779
2263,2000-2004,0.05114156305941477
2264,2000-2004,0.05239079560547005
2265,2000-2004,0.051397770375189375
2266,2000-2004,0.05188904788864352
2267,2000-2004,0.05209387346096454
2268,2000-2004,0.0527646650293053
2269,2000-2004,0.052970198964680075
2270,2000-2004,0.052703028267514766
2271,2000-2004,0.05197940777868074
2272,2000-2004,0.050845172333726554
2273,2000-2004,0.04937674361047387
2274,2000-2004,0.047670363997834135
2275,2000-2004,0.04582374782975788
2276,2000-2004,0.043919963474787625
2277,2000-2004,0.042019823866344466
2278,2000-2004,0.04016261074821225
2279,2000-2004,0.038371201331900376
2280,2000-2004,0.036657898834163316
2281,2000-2004,0.03502893124544885
2282,2000-2004,0.03348715599098845
2283,2000-2004,0.03216078686954748
2284,2000-2004,0.0297019701627067
2285,2000-2004,0.03292445904921263
2286,2000-2004,0.034898747101565465
2312,2000-2004,0.03886306680462973
2313,2000-2004,0.03663047577167497
2320,2000-2004,0.05783565266582616
2323,2000-2004,0.047959835705670854
2326,2000-2004,0.04420380755054208
2327,2000-2004,0.04004923978531125
2328,2000-2004,0.04021152058398365
2329,2000-2004,0.04164023755666583
2330,2000-2004,0.042605345999101145
2331,2000-2004,0.04130317020696313
2332,2000-2004,0.043201428587488724
2333,2000-2004,0.04643147077907716
2334,2000-2004,0.04844666153272526
2335,2000-2004,0.052655528395202086
2336,2000-2004,0.052481323236715255
2337,2000-2004,0.05360940306539036
2338,2000-2004,0.05411029281844227
2339,2000-2004,0.05491976493953964
2340,2000-2004,0.05521393324109258
2341,2000-2004,0.05498696378773052
2342,2000-2004,0.05426706907927133
2343,2000-2004,0.05311332966551889
2344,2000-2004,0.05161191298969752
2345,2000-2004,0.0498647841643305
2346,2000-2004,0.047972187078787185
2347,2000-2004,0.04601739494635287
2348,2000-2004,0.04405978580425285
2349,2000-2004,0.04213665066295252
2350,2000-2004,0.040269470316325245
2351,2000-2004,0.03847048338256375
2352,2000-2004,0.03674735979410034
2353,2000-2004,0.03510552213703877
2354,2000-2004,0.033548700201503086
2355,2000-2004,0.03207734115141928
2356,2000-2004,0.03071120533276251
2357,2000-2004,0.03039491730893543
2358,2000-2004,0.034526592389818186
2359,2000-2004,0.03482325506108988
2384,2000-2004,0.03822082598060566
2385,2000-2004,0.03334343763505004
2386,2000-2004,0.030616229280872556
2387,2000-2004,0.029701368319799866
2390,2000-2004,0.04588218692339734
2392,2000-2004,0.044846364029503545
2393,2000-2004,0.04574143352434877
2394,2000-2004,0.04848139702376765
2395,2000-2004,0.04386690822782531
2397,2000-2004,0.044494528345630086
2398,2000-2004,0.04287023361044992
2399,2000-2004,0.04107102578427012
2400,2000-2004,0.04029906607145527
2401,2000-2004,0.0428900059453225
2402,2000-2004,0.042711611540465155
2403,2000-2004,0.04458985916022286
2404,2000-2004,0.0465635982839471
2405,2000-2004,0.048610336102675025
2406,2000-2004,0.050673670201841936
2407,2000-2004,0.052656609455143395
2408,2000-2004,0.05442783693697632
2409,2000-2004,0.055844203847723796
2410,2000-2004,0.05678308486597451
2411,2000-2004,0.05716953328123868
2412,2000-2004,0.05698617772584775
2413,2000-2004,0.0562671966836696
2414,2000-2004,0.05508611137473554
2415,2000-2004,0.05354268447748954
2416,2000-2004,0.0517474355658575
2417,2000-2004,0.049804445998623735
2418,2000-2004,0.04779741707654942
2419,2000-2004,0.04578436018450657
2420,2000-2004,0.04380067409698178
2421,2000-2004,0.041866451237591355
2422,2000-2004,0.039993706745355864
2423,2000-2004,0.03819106279486029
2424,2000-2004,0.03646575412926982
2425,2000-2004,0.03482359152163151
2426,2000-2004,0.03326798375261333
2427,2000-2004,0.0317974986296538
2428,2000-2004,0.030320112331936374
2429,2000-2004,0.02843496069799041
2430,2000-2004,0.032592452807014054
2431,2000-2004,0.03485907479625511
2456,2000-2004,0.03770869140675316
2457,2000-2004,0.033735020470437735
2458,2000-2004,0.029434746608072833
2459,2000-2004,0.02970382549573905
2460,2000-2004,0.032948098176091005
2461,2000-2004,0.03609752560607684
2462,2000-2004,0.03793027130110886
2463,2000-2004,0.04193778236743568
2464,2000-2004,0.0418758052747036
2466,2000-2004,0.048152149606187925
2468,2000-2004,0.04543707954621827
2469,2000-2004,0.04223979625177324
2470,2000-2004,0.042484349138955164
2471,2000-2004,0.04069900508185718
2472,2000-2004,0.042381456221555217
2473,2000-2004,0.044141764075275
2474,2000-2004,0.04598850029322997
2475,2000-2004,0.047922757642868616
2476,2000-2004,0.049927788412266125
2477,2000-2004,0.05195819237969548
2478,2000-2004,0.05393221002053759
2479,2000-2004,0.055731678549183206
2480,2000-2004,0.05721465157793733
2481,2000-2004,0.05824211375666455
2482,2000-2004,0.05871120934745544
2483,2000-2004,0.058580112061874606
2484,2000-2004,0.05787355664557828
2485,2000-2004,0.05667053662649326
2486,2000-2004,0.05508312801897302
2487,2000-2004,0.05323350813235386
2488,2000-2004,0.05123337154082541
2489,2000-2004,0.04917002656683458
2490,2000-2004,0.047102214356084984
2491,2000-2004,0.04506451216692976
2492,2000-2004,0.043075774135216356
2493,2000-2004,0.04114705120933777
2494,2000-2004,0.03928657494703163
2495,2000-2004,0.037501662127893395
2496,2000-2004,0.035798442199443455
2497,2000-2004,0.034180630334111776
2498,2000-2004,0.03264840231354114
2499,2000-2004,0.031194862882510485
2500,2000-2004,0.02980337795076493
2501,2000-2004,0.02830640071975148
2502,2000-2004,0.029597062686003678
2503,2000-2004,0.033036636532814224
2530,2000-2004,0.03765762270960509
2531,2000-2004,0.03627488641150944
2532,2000-2004,0.03660672855073969
2535,2000-2004,0.04507903738051291
2539,2000-2004,0.04781045700391345
2540,2000-2004,0.04556184550682796
2541,2000-2004,0.04375065626914489
2542,2000-2004,0.042112977995039505
2543,2000-2004,0.043778467718524526
2544,2000-2004,0.045511089216870464
2545,2000-2004,0.04744175131163537
2546,2000-2004,0.05007451633887909
2547,2000-2004,0.05251809318607084
2548,2000-2004,0.05304360920243244
2549,2000-2004,0.05493930028326487
2550,2000-2004,0.05670694656586134
2551,2000-2004,0.05816199073408788
2552,2000-2004,0.05920280923499382
2553,2000-2004,0.05971433905844171
2554,2000-2004,0.05963041599756728
2555,2000-2004,0.05895278718963621
2556,2000-2004,0.05774917794211592
2557,2000-2004,0.0561331682075049
2558,2000-2004,0.05423590142687354
2559,2000-2004,0.052179565295776775
2560,2000-2004,0.05005982284282698
2561,2000-2004,0.047940352117855384
2562,2000-2004,0.0458575257603525
2563,2000-2004,0.043829818334449516
2564,2000-2004,0.04186672675543162
2565,2000-2004,0.0399745164668783
2566,2000-2004,0.03815855358084143
2567,2000-2004,0.036423256748832566
2568,2000-2004,0.03477098549381277
2569,2000-2004,0.03320099341225868
2570,2000-2004,0.03170919614935863
2571,2000-2004,0.030286864911329262
2572,2000-2004,0.02890299471479687
2573,2000-2004,0.027551822046617155
2574,2000-2004,0.02726797513268021
2575,2000-2004,0.029763523479460766
2576,2000-2004,0.03345229764419214
2605,2000-2004,0.04344779705870963
2606,2000-2004,0.04050636952697212
2607,2000-2004,0.04090143324712584
2608,2000-2004,0.04084343076678362
2609,2000-2004,0.042195557050358413
2610,2000-2004,0.04587889107126125
2611,2000-2004,0.04453820455916483
2612,2000-2004,0.04107400963569135
2613,2000-2004,0.042424289110389785
2614,2000-2004,0.044624289632030856
2615,2000-2004,0.045059984689606473
2616,2000-2004,0.048693086359596585
2617,2000-2004,0.05132912439343454
2618,2000-2004,0.0563191573838889
2619,2000-2004,0.05913061681588242
2620,2000-2004,0.05970548582063078
2621,2000-2004,0.059953767347212555
2622,2000-2004,0.05857815862533093
2623,2000-2004,0.05960575703804332
2624,2000-2004,0.060093811063124676
2625,2000-2004,0.060026614644754894
2626,2000-2004,0.05938216143178855
2627,2000-2004,0.05820433449341587
2628,2000-2004,0.05659248814039959
2629,2000-2004,0.054675636417315654
2630,2000-2004,0.05258277460121409
2631,2000-2004,0.050419981712879994
2632,2000-2004,0.04826028853229878
2633,2000-2004,0.0461458486201836
2634,2000-2004,0.044097022776336245
2635,2000-2004,0.04212222026416091
2636,2000-2004,0.04022491481056647
2637,2000-2004,0.03840702891484995
2638,2000-2004,0.03666960213118798
2639,2000-2004,0.03501217881740194
2640,2000-2004,0.033432101065327194
2641,2000-2004,0.031924455993559836
2642,2000-2004,0.03048283818760897
2643,2000-2004,0.029100395786848688
2644,2000-2004,0.027757424389538477
2645,2000-2004,0.026430584578592223
2646,2000-2004,0.025135438701767914
2647,2000-2004,0.029072727250513998
2648,2000-2004,0.03256471771022475
2678,2000-2004,0.04557373523211207
2679,2000-2004,0.04063484627424795
2680,2000-2004,0.03876135643528462
2681,2000-2004,0.03850065230394213
2682,2000-2004,0.038035668332167163
2683,2000-2004,0.04013674083653529
2684,2000-2004,0.04168748141617949
2685,2000-2004,0.045631953880055046
2686,2000-2004,0.049343645893201116
2687,2000-2004,0.0536039445604652
2688,2000-2004,0.05774068627373723
2689,2000-2004,0.06362981418463859
2691,2000-2004,0.0722793484545159
2692,2000-2004,0.0735503688667343
2693,2000-2004,0.0661981658084661
2694,2000-2004,0.06298763789729257
2695,2000-2004,0.05969847383988209
2696,2000-2004,0.05972850472933886
2697,2000-2004,0.0591018082233124
2698,2000-2004,0.0579639965875695
2699,2000-2004,0.05639106884720068
2700,2000-2004,0.05449756114074503
2701,2000-2004,0.052409035563214974
2702,2000-2004,0.0502369648176721
2703,2000-2004,0.04806383239751816
2704,2000-2004,0.04594046294627935
2705,2000-2004,0.0438922311962732
2706,2000-2004,0.04192844975917323
2707,2000-2004,0.040050410731704386
2708,2000-2004,0.038256242892374934
2709,2000-2004,0.03654286919940156
2710,2000-2004,0.034906277827450885
2711,2000-2004,0.033341353977368156
2712,2000-2004,0.031842074156190774
2713,2000-2004,0.0304022590913258
2714,2000-2004,0.029016615166033162
2715,2000-2004,0.02768160177435942
2716,2000-2004,0.026277524363946536
2717,2000-2004,0.02438656450042115
2718,2000-2004,0.02629465904356866
2719,2000-2004,0.028025713877686455
2750,2000-2004,0.048219630193325466
2751,2000-2004,0.047594932613120054
2752,2000-2004,0.043340123912133335
2753,2000-2004,0.039756990690831454
2754,2000-2004,0.04140093619241697
2755,2000-2004,0.04475953404871246
2756,2000-2004,0.04630757920651728
2757,2000-2004,0.04989065071044235
2758,2000-2004,0.06219089880680631
2759,2000-2004,0.06990829978508757
2765,2000-2004,0.07458371552112424
2766,2000-2004,0.0665910071463972
2767,2000-2004,0.058309932786007324
2768,2000-2004,0.058138551120499135
2769,2000-2004,0.05703844906627533
2770,2000-2004,0.05552459210304228
2771,2000-2004,0.053692995690882435
2772,2000-2004,0.05165792085498722
2773,2000-2004,0.049527145074794394
2774,2000-2004,0.04738577442942883
2775,2000-2004,0.04529062935499491
2776,2000-2004,0.0432728626715298
2777,2000-2004,0.04134485440765274
2778,2000-2004,0.03950769773731093
2779,2000-2004,0.037756973843071084
2780,2000-2004,0.0360861408927877
2781,2000-2004,0.034488040423969205
2782,2000-2004,0.03295548465403256
2783,2000-2004,0.03148172253275173
2784,2000-2004,0.03006109342485644
2785,2000-2004,0.028689721678271832
2786,2000-2004,0.0273659209832776
2787,2000-2004,0.026065941242932177
2788,2000-2004,0.024457186520455913
2789,2000-2004,0.024487146243891436
2790,2000-2004,0.02848826673699716
2791,2000-2004,0.02900828115119444
2826,2000-2004,0.05937820388702574
2827,2000-2004,0.0598464306544034
2837,2000-2004,0.07047093045999284
2838,2000-2004,0.06432052572432628
2839,2000-2004,0.056095750248179824
2840,2000-2004,0.05550936304472219
2841,2000-2004,0.054061072081812496
2842,2000-2004,0.052313388935385306
2843,2000-2004,0.05036994491574911
2844,2000-2004,0.04833110830640348
2845,2000-2004,0.04627666517880017
2846,2000-2004,0.04426083643164978
2847,2000-2004,0.042315024250383484
2848,2000-2004,0.04045326298066485
2849,2000-2004,0.038677846854132045
2850,2000-2004,0.03698424797248735
2851,2000-2004,0.035364885382590895
2852,2000-2004,0.03381156849799882
2853,2000-2004,0.03231684551963141
2854,2000-2004,0.030874726042086548
2855,2000-2004,0.029481132286179983
2856,2000-2004,0.028134147441326786
2857,2000-2004,0.026833952961354997
2858,2000-2004,0.025582406120440434
2859,2000-2004,0.024215957584983256
2860,2000-2004,0.023808884235921157
2861,2000-2004,0.02612044943386517
2862,2000-2004,0.02792345096335549
2909,2000-2004,0.06118500758845085
2910,2000-2004,0.058272717185429035
2911,2000-2004,0.052450796242586285
2912,2000-2004,0.05210498114441633
2913,2000-2004,0.050454182589329384
2914,2000-2004,0.04862333404690557
2915,2000-2004,0.046709415596003855
2916,2000-2004,0.04478693553241376
2917,2000-2004,0.04290134758994196
2918,2000-2004,0.0410750735506261
2919,2000-2004,0.039316392039226766
2920,2000-2004,0.037625907125222346
2921,2000-2004,0.03600017244649076
2922,2000-2004,0.034433934536203206
2923,2000-2004,0.03292184367669975
2924,2000-2004,0.03145966720582552
2925,2000-2004,0.030044920181949642
2926,2000-2004,0.028676990504530795
2927,2000-2004,0.027356863499199153
2928,2000-2004,0.026086742604731948
2929,2000-2004,0.024869439206365355
2930,2000-2004,0.023646260497366425
2931,2000-2004,0.022156370386406193
2932,2000-2004,0.024483876581488394
2933,2000-2004,0.02577947238134152
2981,2000-2004,0.059411924467314615
2982,2000-2004,0.04970402833138285
2983,2000-2004,0.048574672205001654
2984,2000-2004,0.0482188585929755
2985,2000-2004,0.04651491135080671
2986,2000-2004,0.044739013109863814
2987,2000-2004,0.04296714299501382
2988,2000-2004,0.04124015044519255
2989,2000-2004,0.03956871063161364
2990,2000-2004,0.03794750142607798
2991,2000-2004,0.03636774073466542
2992,2000-2004,0.034823359287728214
2993,2000-2004,0.03331238226997583
2994,2000-2004,0.03183602288308519
2995,2000-2004,0.030397617622006094
2996,2000-2004,0.02900180319266004
2997,2000-2004,0.02765380749129369
2998,2000-2004,0.026358773776316284
2999,2000-2004,0.02512115626485021
3000,2000-2004,0.023944295147354657
3001,2000-2004,0.022765059949479798
3002,2000-2004,0.021354428600047076
3003,2000-2004,0.022220290126286547
3004,2000-2004,0.023490956362659656
3005,2000-2004,0.023729551160697134
3007,2000-2004,0.029626088405532897
3052,2000-2004,0.06174449428896898
3053,2000-2004,0.05415051245590555
3054,2000-2004,0.04560538780348509
3055,2000-2004,0.045107933107902974
3056,2000-2004,0.04413809998830114
3057,2000-2004,0.04251172313185881
3058,2000-2004,0.040869526610510964
3059,2000-2004,0.03917860564382633
3060,2000-2004,0.037531876072383286
3061,2000-2004,0.03600352179118469
3062,2000-2004,0.03460186466087521
3063,2000-2004,0.03335817917025347
3064,2000-2004,0.031995334819805925
3065,2000-2004,0.030559443722701213
3066,2000-2004,0.029144224208254025
3067,2000-2004,0.027764499381954008
3068,2000-2004,0.026433852685564294
3069,2000-2004,0.02515571901458551
3070,2000-2004,0.02394717174634626
3071,2000-2004,0.022791850103508416
3072,2000-2004,0.021631026890353598
3073,2000-2004,0.020246409589163423
3074,2000-2004,0.020526738444757987
3075,2000-2004,0.02199758758765461
3076,2000-2004,0.02198767869511098
3078,2000-2004,0.022945348826999418
3079,2000-2004,0.026766442726706592
3124,2000-2004,0.0596611204285436
3125,2000-2004,0.05277241394545214
3126,2000-2004,0.04885228854353382
3127,2000-2004,0.04355068118286064
3128,2000-2004,0.03971541920563483
3129,2000-2004,0.03871117149935886
3130,2000-2004,0.03869531304290168
3131,2000-2004,0.03689042922380321
3132,2000-2004,0.03574680868558759
3133,2000-2004,0.033343224685531095
3134,2000-2004,0.03249552157630231
3135,2000-2004,0.03024643051440092
3136,2000-2004,0.029074853717119778
3137,2000-2004,0.027746079703777612
3138,2000-2004,0.026394189653792633
3139,2000-2004,0.025087753981896117
3140,2000-2004,0.0238242690279321
3141,2000-2004,0.022567670194968737
3142,2000-2004,0.021323658610969427
3143,2000-2004,0.020817436679095396
3144,2000-2004,0.02053144940514558
3145,2000-2004,0.02104499192851441
3146,2000-2004,0.022906374433771897
3147,2000-2004,0.022129715007536545
3149,2000-2004,0.02086753916282217
3150,2000-2004,0.02327244533166371
3151,2000-2004,0.024478890408755765
3198,2000-2004,0.05201868953551902
3199,2000-2004,0.0419822310691247
3200,2000-2004,0.03509050271156688
3201,2000-2004,0.033969981863387254
3202,2000-2004,0.03734701736822379
3203,2000-2004,0.040652072361742606
3204,2000-2004,0.039824716199851694
3205,2000-2004,0.035972061028203745
3206,2000-2004,0.033635765194936634
3207,2000-2004,0.028314973426047798
3208,2000-2004,0.025544544074119428
3209,2000-2004,0.024660998266116743
3210,2000-2004,0.023461985016414555
3211,2000-2004,0.022214408779734306
3212,2000-2004,0.02086494143827182
3213,2000-2004,0.02003188423269717
3214,2000-2004,0.02064748363894104
3215,2000-2004,0.021354930578557453
3216,2000-2004,0.022978966516658327
3217,2000-2004,0.02297541439111538
3218,2000-2004,0.024394333292607193
3221,2000-2004,0.022423446211099495
3222,2000-2004,0.023614816253501283
3270,2000-2004,0.0518361521158722
3271,2000-2004,0.04566607272585332
3272,2000-2004,0.04057802560086403
3273,2000-2004,0.037444747255643916
3275,2000-2004,0.04258080520774965
3278,2000-2004,0.03500472090360854
3279,2000-2004,0.03149260047235862
3280,2000-2004,0.026505022394939785
3281,2000-2004,0.022675553113150018
3282,2000-2004,0.021816774488115125
3283,2000-2004,0.020557771253026984
3284,2000-2004,0.02040818374407445
3285,2000-2004,0.022654850422621144
3286,2000-2004,0.022806442340516014
3287,2000-2004,0.022664765674539327
3293,2000-2004,0.025999365804167788
3294,2000-2004,0.027199821086162874
3295,2000-2004,0.030361631834084534
3343,2000-2004,0.0511947236299824
3344,2000-2004,0.047512256259493485
3345,2000-2004,0.05055688896324044
3351,2000-2004,0.031939323101650055
3352,2000-2004,0.02718776815462185
3353,2000-2004,0.023791094165076673
3354,2000-2004,0.021107029847868823
3355,2000-2004,0.020446179034790173
3356,2000-2004,0.02147780739712325
3357,2000-2004,0.023008186361900294
3426,2000-2004,0.019554641329274647
3427,2000-2004,0.020384027682702505
3497,2000-2004,0.022215895413323385
3498,2000-2004,0.02107076774965029
3499,2000-2004,0.021730940362858484
3568,2000-2004,0.02785983267538299
3569,2000-2004,0.02529200772122861
3570,2000-2004,0.02410442615271915
3571,2000-2004,0.023663876791610864
3641,2000-2004,0.02846130141028362
3642,2000-2004,0.028081096148376245
56,2005-2009,0.08364268323633227
57,2005-2009,0.08181928928624961
128,2005-2009,0.10179077706114832
129,2005-2009,0.09460896757359698
130,2005-2009,0.1486623868936677
198,2005-2009,0.08308658810889424
199,2005-2009,0.084400498747204
203,2005-2009,0.07032484628509487
270,2005-2009,0.0849403424865536
271,2005-2009,0.07962973888683261
272,2005-2009,0.07074490475189363
274,2005-2009,0.06892835154919207
276,2005-2009,0.06747297465204145
341,2005-2009,0.17467214089552474
342,2005-2009,0.09494441660481948
343,2005-2009,0.08391789792065946
344,2005-2009,0.06994823921539173
345,2005-2009,0.08364293578428872
347,2005-2009,0.0710327012551241
412,2005-2009,0.1087356657626775
413,2005-2009,0.10425206613970524
414,2005-2009,0.09684201443393343
415,2005-2009,0.09724186117777679
416,2005-2009,0.1002994456426992
417,2005-2009,0.0829936325038328
418,2005-2009,0.07626898361906616
483,2005-2009,0.10599758053566988
484,2005-2009,0.12574221824180534
485,2005-2009,0.12398240002025347
486,2005-2009,0.12435836937079979
487,2005-2009,0.13607802557432763
488,2005-2009,0.11236713993798585
554,2005-2009,0.11024244389341399
555,2005-2009,0.1043858963944396
556,2005-2009,0.09158214446205513
557,2005-2009,0.08819524288164694
558,2005-2009,0.0905585689229232
559,2005-2009,0.09138593117762547
560,2005-2009,0.09213631849118943
561,2005-2009,0.07938298727813206
563,2005-2009,0.0717851851506341
564,2005-2009,0.07376112261563623
592,2005-2009,0.1327881668057226
593,2005-2009,0.11611633709416566
625,2005-2009,0.09941800268241721
626,2005-2009,0.0882495297495418
627,2005-2009,0.09084114726317946
628,2005-2009,0.08751541798917217
629,2005-2009,0.09244498430779068
630,2005-2009,0.10298608843277392
631,2005-2009,0.10586137921995263
632,2005-2009,0.10631075182936374
634,2005-2009,0.09451135591649928
635,2005-2009,0.07834336423793971
636,2005-2009,0.07890077255460644
637,2005-2009,0.09007963544098364
640,2005-2009,0.08826049966727141
663,2005-2009,0.16749509742027158
664,2005-2009,0.1296208947493827
665,2005-2009,0.1208294709362767
666,2005-2009,0.09611615981349741
696,2005-2009,0.12027239853148737
698,2005-2009,0.10808776245738896
699,2005-2009,0.10416662795502114
700,2005-2009,0.16973206492121248
701,2005-2009,0.11520285038526262
702,2005-2009,0.09293219335306539
704,2005-2009,0.1113310843540763
705,2005-2009,0.12830322483816173
706,2005-2009,0.11084851271778695
708,2005-2009,0.12427052741548604
710,2005-2009,0.1159304815042214
711,2005-2009,0.10603645386670993
712,2005-2009,0.11135743694888908
716,2005-2009,0.11458704441391869
717,2005-2009,0.10569146359860418
735,2005-2009,0.12891934147586612
736,2005-2009,0.10399740562802269
737,2005-2009,0.09773452402327339
738,2005-2009,0.12079844824664285
772,2005-2009,0.10453057863411308
773,2005-2009,0.09140089969327203
774,2005-2009,0.10399758835781846
775,2005-2009,0.08957605241203352
776,2005-2009,0.09079050143750336
777,2005-2009,0.09592737059933705
778,2005-2009,0.07992821257290177
783,2005-2009,0.07340592171577646
784,2005-2009,0.0712481012475436
785,2005-2009,0.06995813167150615
787,2005-2009,0.07390727131885558
788,2005-2009,0.10025173472462176
804,2005-2009,0.14342598415043425
805,2005-2009,0.140139996530619
806,2005-2009,0.1465560536991619
807,2005-2009,0.14811524619280605
808,2005-2009,0.13858791560205377
809,2005-2009,0.11391931344085857
810,2005-2009,0.11346679145830463
811,2005-2009,0.11105461174000843
812,2005-2009,0.16697626419472475
813,2005-2009,0.1657084948476894
845,2005-2009,0.09109897272307724
846,2005-2009,0.19038483687451863
847,2005-2009,0.08584873782329058
848,2005-2009,0.0826727778975696
849,2005-2009,0.07234674066696965
850,2005-2009,0.0773892300246565
851,2005-2009,0.07319766688695856
854,2005-2009,0.08346063865515095
855,2005-2009,0.07212367262075582
856,2005-2009,0.07086283076063464
857,2005-2009,0.06722542604753347
858,2005-2009,0.07203477632340133
859,2005-2009,0.0713405435350878
860,2005-2009,0.06633662182063345
876,2005-2009,0.10879975259837824
877,2005-2009,0.09900547508744689
878,2005-2009,0.10620548116104926
879,2005-2009,0.11593219884260936
881,2005-2009,0.10221477018530328
882,2005-2009,0.10529318824176048
883,2005-2009,0.13115988285683552
884,2005-2009,0.16258640830954788
885,2005-2009,0.14665198957955772
916,2005-2009,0.11489016962984828
917,2005-2009,0.12864096975609624
918,2005-2009,0.11900221344908074
919,2005-2009,0.11554172727736434
920,2005-2009,0.11520039462385114
921,2005-2009,0.07642787231993418
922,2005-2009,0.0706700027245413
923,2005-2009,0.0747589894917006
926,2005-2009,0.0752878962893084
927,2005-2009,0.0724659488642393
929,2005-2009,0.06208744099637193
930,2005-2009,0.07988108168156945
931,2005-2009,0.08134001975214629
947,2005-2009,0.09944729425834276
948,2005-2009,0.10558513758875056
949,2005-2009,0.10033612218233888
950,2005-2009,0.10321914577286094
951,2005-2009,0.10025745971542892
952,2005-2009,0.10413819767763709
953,2005-2009,0.10995913839175638
955,2005-2009,0.1073187361501378
956,2005-2009,0.11502974182686401
985,2005-2009,0.12185444586596837
986,2005-2009,0.12917459184882346
987,2005-2009,0.12763372971140174
988,2005-2009,0.09604296754682444
989,2005-2009,0.10022690670734376
991,2005-2009,0.07678472774557363
992,2005-2009,0.06634670287763256
993,2005-2009,0.058075030897771586
994,2005-2009,0.05772609554576696
995,2005-2009,0.06269811061992564
996,2005-2009,0.06221375122349339
997,2005-2009,0.06014020123842266
999,2005-2009,0.058394371963287305
1001,2005-2009,0.05460748894885064
1002,2005-2009,0.05911375449689235
1003,2005-2009,0.06358713951261519
1018,2005-2009,0.11481029182092926
1019,2005-2009,0.12694521878264908
1020,2005-2009,0.13443994167905052
1021,2005-2009,0.16410729154211495
1022,2005-2009,0.09731874362200299
1023,2005-2009,0.10337758856729842
1025,2005-2009,0.11054307100043062
1026,2005-2009,0.11141856451022564
1027,2005-2009,0.10796657851086625
1028,2005-2009,0.1204359319919158
1029,2005-2009,0.1185514713380288
1055,2005-2009,0.11987496713311797
1057,2005-2009,0.12256616012326679
1058,2005-2009,0.10945276510102622
1061,2005-2009,0.11853077054992808
1063,2005-2009,0.0931733683657345
1064,2005-2009,0.07369982171568681
1065,2005-2009,0.07337518780210742
1066,2005-2009,0.07246760121480236
1068,2005-2009,0.11194177554291092
1069,2005-2009,0.11795505726255644
1070,2005-2009,0.0909932183310073
1073,2005-2009,0.06350352598719398
1075,2005-2009,0.06713166714754089
1076,2005-2009,0.07514613219763419
1089,2005-2009,0.11103117632359644
1090,2005-2009,0.11453669777391157
1091,2005-2009,0.10757887517776524
1092,2005-2009,0.10770903574515503
1093,2005-2009,0.11360933443770697
1094,2005-2009,0.12305706936641016
1095,2005-2009,0.08944286806670823
1096,2005-2009,0.08602289021017571
1097,2005-2009,0.09590405003474028
1098,2005-2009,0.08928489847222876
1099,2005-2009,0.09464471899218764
1100,2005-2009,0.10108074665632955
1101,2005-2009,0.10554479742937403
1103,2005-2009,0.09652295470002732
1125,2005-2009,0.11603878259261378
1126,2005-2009,0.11384226448358725
1127,2005-2009,0.11270304678546494
1128,2005-2009,0.11519812818222794
1129,2005-2009,0.14438915633584046
1130,2005-2009,0.10671954493485891
1131,2005-2009,0.10391315317542685
1132,2005-2009,0.09433014399649252
1133,2005-2009,0.0975258954328489
1134,2005-2009,0.08915980207056816
1136,2005-2009,0.07334914163537799
1137,2005-2009,0.06930412198290375
1138,2005-2009,0.062336890817627034
1139,2005-2009,0.060551243130943413
1140,2005-2009,0.06340365444917821
1141,2005-2009,0.06368028390165635
1142,2005-2009,0.07182647382213511
1143,2005-2009,0.07242261075850423
1144,2005-2009,0.06224326337322942
1145,2005-2009,0.06414783108125499
1161,2005-2009,0.12045856535626089
1162,2005-2009,0.12453144758252803
1163,2005-2009,0.11792474491646975
1164,2005-2009,0.1386055482127083
1165,2005-2009,0.10164265182439071
1166,2005-2009,0.09317726827718936
1167,2005-2009,0.08161054492021473
1168,2005-2009,0.08170841861783226
1169,2005-2009,0.08552629687422639
1170,2005-2009,0.09049791692334168
1171,2005-2009,0.08255007587118939
1172,2005-2009,0.08733474549046029
1173,2005-2009,0.093960335062935
1175,2005-2009,0.11897650020061225
1196,2005-2009,0.13756515380648643
1197,2005-2009,0.12417259251635479
1198,2005-2009,0.12005870726408105
1199,2005-2009,0.1247923199475455
1200,2005-2009,0.12696045125674812
1201,2005-2009,0.14573451794251843
1202,2005-2009,0.1493604108908238
1203,2005-2009,0.12220621026160891
1204,2005-2009,0.11748964256202127
1205,2005-2009,0.10029402118637189
1206,2005-2009,0.09197121840781339
1207,2005-2009,0.08232491881403921
1208,2005-2009,0.07705436321583703
1209,2005-2009,0.07450826246747971
1210,2005-2009,0.07516374236908285
1211,2005-2009,0.08084401539033344
1212,2005-2009,0.08710693039770862
1213,2005-2009,0.0769068426469433
1214,2005-2009,0.06705224061237149
1215,2005-2009,0.06325170475067948
1216,2005-2009,0.058975791783216915
1234,2005-2009,0.11943641814500694
1235,2005-2009,0.11305759291748572
1236,2005-2009,0.09846260438455211
1237,2005-2009,0.10042548426865532
1238,2005-2009,0.08486521885963186
1239,2005-2009,0.08392416203887884
1240,2005-2009,0.0787857560769524
1241,2005-2009,0.08970998822266739
1242,2005-2009,0.09481841184858626
1243,2005-2009,0.1076579301411973
1244,2005-2009,0.10119966157332494
1245,2005-2009,0.10657922688032156
1246,2005-2009,0.09765028848592276
1247,2005-2009,0.11243039965372831
1248,2005-2009,0.11186768879565712
1249,2005-2009,0.12124427508313015
1268,2005-2009,0.1442858511263487
1269,2005-2009,0.1475062090767572
1270,2005-2009,0.13721408799015422
1271,2005-2009,0.13017296100012732
1272,2005-2009,0.12152552000146205
1273,2005-2009,0.12282604610482459
1274,2005-2009,0.11673826117462117
1275,2005-2009,0.13390245720218527
1276,2005-2009,0.128459920961546
1277,2005-2009,0.0924850019985863
1279,2005-2009,0.096067110125171
1280,2005-2009,0.1153980126172978
1281,2005-2009,0.09167034713516832
1282,2005-2009,0.08474070897625731
1283,2005-2009,0.08301400445832625
1284,2005-2009,0.07132314257440525
1285,2005-2009,0.06892843585574265
1286,2005-2009,0.06410887751314444
1287,2005-2009,0.062095347890904484
1288,2005-2009,0.05970244665547694
1289,2005-2009,0.05816705115258879
1305,2005-2009,0.11381004868972314
1306,2005-2009,0.11424195998430436
1307,2005-2009,0.11592634225440376
1308,2005-2009,0.16146298656500857
1309,2005-2009,0.1460096472030429
1312,2005-2009,0.10014386302479196
1313,2005-2009,0.10345275107429673
1314,2005-2009,0.1065633929906734
1315,2005-2009,0.13403424923067753
1316,2005-2009,0.12383818150783621
1319,2005-2009,0.1254561573608303
1320,2005-2009,0.13876767864402756
1321,2005-2009,0.15432388686665915
1322,2005-2009,0.16927008676669858
1328,2005-2009,0.19171733685947642
1339,2005-2009,0.16092238606790082
1340,2005-2009,0.16930512970646328
1341,2005-2009,0.17610737729564935
1342,2005-2009,0.16851049906269872
1344,2005-2009,0.1329648282422453
1345,2005-2009,0.14105021143263752
1346,2005-2009,0.13321224288256006
1348,2005-2009,0.11913991290391882
1349,2005-2009,0.1035618688416938
1350,2005-2009,0.11813315166174215
1351,2005-2009,0.0983309676044357
1352,2005-2009,0.09259107200548418
1353,2005-2009,0.08976219738698961
1354,2005-2009,0.08445474262840787
1355,2005-2009,0.08171427518261978
1356,2005-2009,0.08271006054796645
1357,2005-2009,0.09606327982537081
1358,2005-2009,0.09398080735103638
1359,2005-2009,0.10468160154414229
1360,2005-2009,0.07045355136336236
1361,2005-2009,0.07605801885154322
1377,2005-2009,0.13719463528659787
1379,2005-2009,0.10355551853282295
1380,2005-2009,0.10642777412527311
1381,2005-2009,0.09912363664784472
1382,2005-2009,0.11239412933531473
1383,2005-2009,0.10070403675348319
1384,2005-2009,0.11949347278831307
1385,2005-2009,0.1360388909940235
1386,2005-2009,0.14328298961024172
1393,2005-2009,0.16462644138728882
1400,2005-2009,0.13896304709962756
1401,2005-2009,0.13577156004709906
1410,2005-2009,0.1678336650450156
1412,2005-2009,0.16176336101407
1413,2005-2009,0.15819499692261055
1414,2005-2009,0.15033636137316822
1415,2005-2009,0.15055101274399854
1416,2005-2009,0.17245055929259073
1417,2005-2009,0.127281720023584
1418,2005-2009,0.13634126737702187
1419,2005-2009,0.1171589318661718
1420,2005-2009,0.10342679794750573
1421,2005-2009,0.1010366428500324
1422,2005-2009,0.09144341929914288
1423,2005-2009,0.09668867185239609
1424,2005-2009,0.10899323394644796
1425,2005-2009,0.0921477860891299
1426,2005-2009,0.07913464727369761
1427,2005-2009,0.0859823315715227
1428,2005-2009,0.09457749744559867
1429,2005-2009,0.10218488187611599
1430,2005-2009,0.10183433567385339
1447,2005-2009,0.09912707445407137
1448,2005-2009,0.11039307697919835
1449,2005-2009,0.13800474873325766
1450,2005-2009,0.12330088192613624
1452,2005-2009,0.11297305293899955
1453,2005-2009,0.1161005624212745
1454,2005-2009,0.11866529248748875
1455,2005-2009,0.12586983706088675
1456,2005-2009,0.11227231275881326
1462,2005-2009,0.13300981548183974
1465,2005-2009,0.1306039130437189
1466,2005-2009,0.1270425445815614
1468,2005-2009,0.1398131602210273
1471,2005-2009,0.17031484518497184
1476,2005-2009,0.14503996766790941
1477,2005-2009,0.1203948776377716
1479,2005-2009,0.10482309425849233
1480,2005-2009,0.11057194039515761
1481,2005-2009,0.09510462886467673
1482,2005-2009,0.10662167725367488
1483,2005-2009,0.12141140978602223
1484,2005-2009,0.12847178164163767
1485,2005-2009,0.1390952343525611
1486,2005-2009,0.1434437373407329
1487,2005-2009,0.13866588275265845
1488,2005-2009,0.13786313733805822
1489,2005-2009,0.1552379050498379
1490,2005-2009,0.21005544593119244
1491,2005-2009,0.19574425625747563
1492,2005-2009,0.10333065055806993
1493,2005-2009,0.0999530461817069
1494,2005-2009,0.08836549333102252
1495,2005-2009,0.08940409675130974
1496,2005-2009,0.08483510191830271
1497,2005-2009,0.09657521274476698
1498,2005-2009,0.07715118589531665
1499,2005-2009,0.0776455176756144
1500,2005-2009,0.08824290039834257
1502,2005-2009,0.10932503720896784
1518,2005-2009,0.09876576018578674
1520,2005-2009,0.09919023821261073
1521,2005-2009,0.09625912723073424
1522,2005-2009,0.10683306637158047
1523,2005-2009,0.11522619120222714
1528,2005-2009,0.14095719578009164
1529,2005-2009,0.14621951165745478
1533,2005-2009,0.1264651562363545
1535,2005-2009,0.14308752471764583
1536,2005-2009,0.13095720655803397
1537,2005-2009,0.12377637103015157
1538,2005-2009,0.13080304129839637
1539,2005-2009,0.191617496220186
1540,2005-2009,0.19344263466619677
1542,2005-2009,0.16628814644039774
1549,2005-2009,0.10671752606169356
1550,2005-2009,0.0971356151342723
1551,2005-2009,0.08280455421707544
1552,2005-2009,0.09386921102622645
1553,2005-2009,0.09634660534912776
1554,2005-2009,0.10131217976746286
1555,2005-2009,0.15045533884711268
1556,2005-2009,0.15915453763061835
1557,2005-2009,0.14552147533283402
1558,2005-2009,0.20309917765466765
1559,2005-2009,0.2030652193476346
1560,2005-2009,0.12744998532379226
1561,2005-2009,0.11703306368088198
1562,2005-2009,0.09849329503098825
1563,2005-2009,0.09422953432207018
1564,2005-2009,0.09399854008066123
1565,2005-2009,0.08794146618774823
1566,2005-2009,0.1013219956058161
1567,2005-2009,0.08470464436160537
1568,2005-2009,0.0752019417047244
1569,2005-2009,0.0829165206290389
1570,2005-2009,0.08777016404294953
1571,2005-2009,0.10404523359302612
1586,2005-2009,0.0957703834651393
1587,2005-2009,0.09180015268269827
1588,2005-2009,0.09157351798392607
1589,2005-2009,0.09057552905324784
1590,2005-2009,0.1011568317624156
1591,2005-2009,0.1342813624298061
1592,2005-2009,0.20192632464325547
1593,2005-2009,0.18272297099047968
1594,2005-2009,0.1648588809154611
1597,2005-2009,0.12765523716637012
1599,2005-2009,0.12428533920361694
1602,2005-2009,0.15250271902727236
1608,2005-2009,0.13475270211227483
1609,2005-2009,0.10543779907623409
1610,2005-2009,0.10850327889306373
1611,2005-2009,0.1113457524506635
1612,2005-2009,0.12537027593907282
1613,2005-2009,0.14034784690134125
1614,2005-2009,0.1489754037138692
1616,2005-2009,0.15106634741128716
1617,2005-2009,0.1360490203770588
1618,2005-2009,0.13375080495807454
1619,2005-2009,0.11140565407247986
1620,2005-2009,0.10451528841589844
1621,2005-2009,0.09654805380720881
1622,2005-2009,0.08756439120680226
1623,2005-2009,0.09261212546725037
1624,2005-2009,0.10183245963391184
1625,2005-2009,0.1487197671932787
1626,2005-2009,0.18180708254357694
1627,2005-2009,0.13519159948151308
1628,2005-2009,0.15811097835601814
1629,2005-2009,0.1270079695948056
1630,2005-2009,0.11279017692308771
1631,2005-2009,0.1056240873326339
1632,2005-2009,0.12275489172500322
1633,2005-2009,0.11177659177971039
1634,2005-2009,0.09702505954209815
1635,2005-2009,0.08824337659286806
1636,2005-2009,0.09803967094330714
1637,2005-2009,0.08669724353998005
1639,2005-2009,0.07356533967130653
1640,2005-2009,0.0641252172813239
1641,2005-2009,0.0616801812645197
1642,2005-2009,0.06413053239333287
1658,2005-2009,0.14867766639143232
1659,2005-2009,0.08914410054109137
1660,2005-2009,0.11568059992397586
1661,2005-2009,0.11147102549644816
1662,2005-2009,0.12430062668459632
1666,2005-2009,0.1065594527107926
1669,2005-2009,0.11006511763120069
1672,2005-2009,0.10870647455072933
1674,2005-2009,0.11075369426299257
1675,2005-2009,0.10540156043763436
1676,2005-2009,0.1168851928604399
1678,2005-2009,0.12290363748048662
1679,2005-2009,0.11208066689187755
1680,2005-2009,0.15381104687251576
1681,2005-2009,0.19203056807110308
1684,2005-2009,0.16832723609752878
1685,2005-2009,0.12869062409433654
1686,2005-2009,0.20101676288457332
1687,2005-2009,0.18061439802485132
1688,2005-2009,0.19307069489387496
1689,2005-2009,0.16851907649736322
1691,2005-2009,0.1496602212745916
1692,2005-2009,0.12619231959919908
1693,2005-2009,0.09623889856474982
1694,2005-2009,0.08959097684196189
1695,2005-2009,0.11034761793492438
1696,2005-2009,0.11701297656053221
1697,2005-2009,0.10672601103608244
1698,2005-2009,0.10947286423466149
1699,2005-2009,0.12349189556421156
1700,2005-2009,0.13488222310435785
1701,2005-2009,0.15358144139547497
1702,2005-2009,0.16070962087325702
1703,2005-2009,0.15112399684402147
1704,2005-2009,0.15218686589326785
1705,2005-2009,0.10765320079166964
1706,2005-2009,0.13636863581293612
1707,2005-2009,0.07948231927061236
1708,2005-2009,0.09104610754184089
1710,2005-2009,0.09603285853582416
1711,2005-2009,0.09790700999441027
1712,2005-2009,0.09795137160200044
1731,2005-2009,0.08590501336970698
1732,2005-2009,0.10784518038192434
1733,2005-2009,0.09002892725124917
1734,2005-2009,0.10413507013718439
1737,2005-2009,0.13570162857093027
1738,2005-2009,0.14604114297657528
1739,2005-2009,0.09530995677271191
1743,2005-2009,0.10381695713774257
1748,2005-2009,0.07945257255250776
1749,2005-2009,0.08066831825269426
1753,2005-2009,0.08474759880295121
1755,2005-2009,0.07851868389168076
1756,2005-2009,0.08311030223260543
1757,2005-2009,0.07143577401490583
1758,2005-2009,0.08115368979432133
1759,2005-2009,0.07631671414921089
1760,2005-2009,0.08179501150705917
1761,2005-2009,0.08710523382161517
1762,2005-2009,0.08666141334373514
1764,2005-2009,0.07791279934732347
1765,2005-2009,0.08013429919536293
1766,2005-2009,0.08037956413453179
1767,2005-2009,0.08244580608602883
1769,2005-2009,0.08895647643512392
1770,2005-2009,0.08935745655229033
1771,2005-2009,0.08253799357637734
1772,2005-2009,0.0758990795357123
1773,2005-2009,0.07180549504090998
1774,2005-2009,0.06727813130671707
1775,2005-2009,0.06658390302335923
1776,2005-2009,0.06634445177157769
1777,2005-2009,0.06057186652358571
1778,2005-2009,0.057073075961708596
1779,2005-2009,0.054228474215990356
1782,2005-2009,0.05598958577542055
1783,2005-2009,0.056640229843877586
1803,2005-2009,0.07662703884963827
1804,2005-2009,0.07083944922905606
1805,2005-2009,0.056418567510685406
1806,2005-2009,0.06158105494937351
1807,2005-2009,0.06523518481887146
1808,2005-2009,0.0730282136504729
1809,2005-2009,0.0646312291724574
1815,2005-2009,0.09018769057129963
1816,2005-2009,0.08483440225736935
1819,2005-2009,0.06946856940706983
1820,2005-2009,0.06381953797678103
1821,2005-2009,0.06284744728879936
1822,2005-2009,0.05399280284335107
1823,2005-2009,0.05821179988114895
1824,2005-2009,0.06203076946574468
1825,2005-2009,0.05666447911044761
1826,2005-2009,0.05910161751603266
1827,2005-2009,0.049194640422808425
1828,2005-2009,0.042315570400281596
1829,2005-2009,0.04381448380809986
1830,2005-2009,0.04486876588187781
1831,2005-2009,0.05269028793678954
1832,2005-2009,0.05381009336255496
1833,2005-2009,0.05543632128726929
1834,2005-2009,0.05538905323667774
1835,2005-2009,0.053176872268247515
1836,2005-2009,0.05490016798333241
1837,2005-2009,0.052863232066408944
1838,2005-2009,0.05543926744430483
1839,2005-2009,0.05931982318565769
1840,2005-2009,0.061965392411871954
1841,2005-2009,0.061361283605119256
1842,2005-2009,0.05859248025666851
1843,2005-2009,0.05085912311734134
1844,2005-2009,0.0525544500135862
1845,2005-2009,0.05367966171413363
1846,2005-2009,0.05291145726901934
1847,2005-2009,0.05115201636110729
1848,2005-2009,0.0458342735920646
1849,2005-2009,0.04308093038385466
1850,2005-2009,0.04073572683332392
1851,2005-2009,0.04188408414371033
1852,2005-2009,0.04214527656185374
1853,2005-2009,0.03176060196338618
1854,2005-2009,0.039834544425257336
1855,2005-2009,0.039306673920186275
1856,2005-2009,0.04658345222838789
1875,2005-2009,0.0741585286611809
1876,2005-2009,0.05915448417568246
1877,2005-2009,0.04839872739445138
1878,2005-2009,0.040339852870320055
1879,2005-2009,0.03611088948563189
1880,2005-2009,0.03667429478027618
1881,2005-2009,0.03350891990903007
1882,2005-2009,0.04082383735020447
1884,2005-2009,0.0532652089646794
1892,2005-2009,0.06530516849333264
1895,2005-2009,0.04582718340420788
1896,2005-2009,0.04662882159107702
1897,2005-2009,0.034817812420698056
1898,2005-2009,0.03588951848890366
1899,2005-2009,0.03567887765637228
1900,2005-2009,0.03588328987155711
1901,2005-2009,0.029520017430152666
1902,2005-2009,0.030789040238324194
1903,2005-2009,0.03208552833378519
1904,2005-2009,0.033396161653646485
1905,2005-2009,0.034703990073019206
1906,2005-2009,0.037532896874602546
1907,2005-2009,0.04299224461438019
1908,2005-2009,0.04229250813553779
1909,2005-2009,0.039134137685608535
1910,2005-2009,0.03979337569585052
1911,2005-2009,0.04671765021199296
1912,2005-2009,0.046852764873663987
1913,2005-2009,0.04553077043700736
1914,2005-2009,0.03958246526501814
1915,2005-2009,0.038771105687195336
1916,2005-2009,0.03770082158966325
1917,2005-2009,0.03642626257398632
1918,2005-2009,0.03500892555342994
1919,2005-2009,0.0335070434038287
1920,2005-2009,0.03196993127484199
1921,2005-2009,0.03030360528740723
1922,2005-2009,0.028561818566849605
1923,2005-2009,0.03003218192785045
1924,2005-2009,0.026738443527744328
1925,2005-2009,0.0265215831327664
1926,2005-2009,0.03117507973805234
1927,2005-2009,0.04117845642952552
1928,2005-2009,0.04676771204389094
1950,2005-2009,0.03246904707573348
1951,2005-2009,0.02849398165504683
1952,2005-2009,0.0339696298847638
1953,2005-2009,0.02995377974834652
1954,2005-2009,0.03636837920641206
1967,2005-2009,0.03244335286755655
1968,2005-2009,0.028906360863222437
1969,2005-2009,0.027840577376291753
1970,2005-2009,0.03069424724172814
1971,2005-2009,0.03221651655963932
1972,2005-2009,0.03313408910883635
1973,2005-2009,0.03228802373641029
1974,2005-2009,0.033044931437177294
1975,2005-2009,0.034496352853489225
1976,2005-2009,0.0359540782060096
1977,2005-2009,0.03739065320542657
1978,2005-2009,0.038766422153320684
1979,2005-2009,0.040027971486698094
1980,2005-2009,0.0411155725660688
1981,2005-2009,0.04197400434590683
1982,2005-2009,0.04255852306947776
1983,2005-2009,0.042834840064169544
1984,2005-2009,0.042778637276380885
1985,2005-2009,0.042378819874841975
1986,2005-2009,0.04164331034132644
1987,2005-2009,0.0406030455708313
1988,2005-2009,0.0393103117254056
1989,2005-2009,0.03783078053172458
1990,2005-2009,0.03623276720732464
1991,2005-2009,0.03457880158528889
1992,2005-2009,0.03292193402025012
1993,2005-2009,0.031305775511136565
1994,2005-2009,0.030590340748926
1995,2005-2009,0.029400670389939227
1996,2005-2009,0.026108014409693972
1997,2005-2009,0.027451207665666076
1998,2005-2009,0.028258617613063204
2024,2005-2009,0.032653983604972396
2025,2005-2009,0.02966663183316138
2027,2005-2009,0.04012048462968594
2028,2005-2009,0.04745997800316655
2039,2005-2009,0.03543278810116108
2040,2005-2009,0.03136661218721632
2041,2005-2009,0.032250798164555
2044,2005-2009,0.037476274908610246
2045,2005-2009,0.03671122856060705
2046,2005-2009,0.03602425918238682
2047,2005-2009,0.03863253368347552
2048,2005-2009,0.03925192309718225
2049,2005-2009,0.040925912883047595
2050,2005-2009,0.041809590036998655
2051,2005-2009,0.04310814916376806
2052,2005-2009,0.04417751828853268
2053,2005-2009,0.04496172108677096
2054,2005-2009,0.04541808213846552
2055,2005-2009,0.045516003689794575
2056,2005-2009,0.045237538298976566
2057,2005-2009,0.044582705521869534
2058,2005-2009,0.04357594377780788
2059,2005-2009,0.04226779155829294
2060,2005-2009,0.04072880873715078
2061,2005-2009,0.03903799961856618
2062,2005-2009,0.03727118033747913
2063,2005-2009,0.03549365055951448
2064,2005-2009,0.033757679676791295
2065,2005-2009,0.032102643675621205
2066,2005-2009,0.03052493525329014
2067,2005-2009,0.028988923620359625
2068,2005-2009,0.030864014228396987
2069,2005-2009,0.03225502162685716
2100,2005-2009,0.046318822404173454
2111,2005-2009,0.038075922647450654
2112,2005-2009,0.0348641916535263
2113,2005-2009,0.03587507620478242
2114,2005-2009,0.038666006940480294
2116,2005-2009,0.04027579398622548
2117,2005-2009,0.040791662035124625
2118,2005-2009,0.04161913302282623
2119,2005-2009,0.044301620169833175
2120,2005-2009,0.04611126764323386
2121,2005-2009,0.04551498523421744
2122,2005-2009,0.04629835376949055
2123,2005-2009,0.04638375032029471
2124,2005-2009,0.047376328928228024
2125,2005-2009,0.04801744700393558
2126,2005-2009,0.04826970245942044
2127,2005-2009,0.04810968697750383
2128,2005-2009,0.04753152514416743
2129,2005-2009,0.04655481232593293
2130,2005-2009,0.045229422095744536
2131,2005-2009,0.0436312981581234
2132,2005-2009,0.041850000115236194
2133,2005-2009,0.039973951847959356
2134,2005-2009,0.038079545730780366
2135,2005-2009,0.036226213420756874
2136,2005-2009,0.03445611867778371
2137,2005-2009,0.03279608277094162
2138,2005-2009,0.031223193018850688
2139,2005-2009,0.029901636824415663
2140,2005-2009,0.03207089179771988
2141,2005-2009,0.035255082154143906
2171,2005-2009,0.04336474146629663
2181,2005-2009,0.049083123706684294
2182,2005-2009,0.0441864413270035
2183,2005-2009,0.03959665036662621
2184,2005-2009,0.03774082028189299
2186,2005-2009,0.041029452032526476
2187,2005-2009,0.04139838043659047
2188,2005-2009,0.04207227100631813
2189,2005-2009,0.04403395504875851
2191,2005-2009,0.0494098003328524
2193,2005-2009,0.04959093434846663
2194,2005-2009,0.04997658964067735
2195,2005-2009,0.04975101103253566
2196,2005-2009,0.05057940945325548
2197,2005-2009,0.05098084329492541
2198,2005-2009,0.05092842076228269
2199,2005-2009,0.05041464962652807
2200,2005-2009,0.04945815470195269
2201,2005-2009,0.048110173416378486
2202,2005-2009,0.04645224431064769
2203,2005-2009,0.044583364077894344
2204,2005-2009,0.04260270699178517
2205,2005-2009,0.04059567135130028
2206,2005-2009,0.038627171629423515
2207,2005-2009,0.03674123896082444
2208,2005-2009,0.03496408213098609
2209,2005-2009,0.03330813073543345
2210,2005-2009,0.03174518524151785
2211,2005-2009,0.0300213227853978
2212,2005-2009,0.0306720972850146
2213,2005-2009,0.03453946781095988
2214,2005-2009,0.03542028524971421
2240,2005-2009,0.04234994346369472
2241,2005-2009,0.04119706879756229
2250,2005-2009,0.06144518045344907
2254,2005-2009,0.04399950513826619
2255,2005-2009,0.04057457048902853
2257,2005-2009,0.04121125453656184
2258,2005-2009,0.04174336826031002
2259,2005-2009,0.042019186955130516
2260,2005-2009,0.04432715998083903
2261,2005-2009,0.0450551784634791
2262,2005-2009,0.04994381941226775
2263,2005-2009,0.05235089681478462
2264,2005-2009,0.053605558082032566
2265,2005-2009,0.052501358643342794
2266,2005-2009,0.05292063448771434
2267,2005-2009,0.05301773247740577
2268,2005-2009,0.05356442514639288
2269,2005-2009,0.05360716838392884
2270,2005-2009,0.053141465747679306
2271,2005-2009,0.05219103888044832
2272,2005-2009,0.05081254044522264
2273,2005-2009,0.049093927773398764
2274,2005-2009,0.047141983453112254
2275,2005-2009,0.04506367507276979
2276,2005-2009,0.04295062022187767
2277,2005-2009,0.040871291540890586
2278,2005-2009,0.038870937549912755
2279,2005-2009,0.03697572028218766
2280,2005-2009,0.035197916587143004
2281,2005-2009,0.03354039900331799
2282,2005-2009,0.03199988725268801
2283,2005-2009,0.03072811331640091
2284,2005-2009,0.028337956194413233
2285,2005-2009,0.031515539959230565
2286,2005-2009,0.0332733878118544
2312,2005-2009,0.040664481842800665
2313,2005-2009,0.03835603817692125
2320,2005-2009,0.060151341695080254
2323,2005-2009,0.04953938216626868
2326,2005-2009,0.04574770699572425
2327,2005-2009,0.041277875696437656
2328,2005-2009,0.04134178963799387
2329,2005-2009,0.04280596063441605
2330,2005-2009,0.04380122894295461
2331,2005-2009,0.042356614979338944
2332,2005-2009,0.0442861864331276
2333,2005-2009,0.04756116956966532
2334,2005-2009,0.04964040544863582
2335,2005-2009,0.05393096054436251
2336,2005-2009,0.05370986869325045
2337,2005-2009,0.05481773386564547
2338,2005-2009,0.055211518103309966
2339,2005-2009,0.05590300745169516
2340,2005-2009,0.05603480035610426
2341,2005-2009,0.05560449425291781
2342,2005-2009,0.05464642786987774
2343,2005-2009,0.05322868785839253
2344,2005-2009,0.05144843220101459
2345,2005-2009,0.04941925869732221
2346,2005-2009,0.04725328046944342
2347,2005-2009,0.04504529074609909
2348,2005-2009,0.04286523997435908
2349,2005-2009,0.0407587246451538
2350,2005-2009,0.038752232971440405
2351,2005-2009,0.03685905127054342
2352,2005-2009,0.03508395333135015
2353,2005-2009,0.03342617392998176
2354,2005-2009,0.031881057678651216
2355,2005-2009,0.03043994042440175
2356,2005-2009,0.02915930263701405
2357,2005-2009,0.028917075342207742
2358,2005-2009,0.03288618721860062
2359,2005-2009,0.03290068798243052
2384,2005-2009,0.04000474194381687
2385,2005-2009,0.03486622809389486
2386,2005-2009,0.03193236307872846
2387,2005-2009,0.030931763289049976
2390,2005-2009,0.04777960718796399
2392,2005-2009,0.04653995015234082
2393,2005-2009,0.047395985630821626
2394,2005-2009,0.050077683528395665
2395,2005-2009,0.045105949872863094
2397,2005-2009,0.045952888157108636
2398,2005-2009,0.04420854594387914
2399,2005-2009,0.04223813948832239
2400,2005-2009,0.0413714318944955
2401,2005-2009,0.04398412082187665
2402,2005-2009,0.04376027903978556
2403,2005-2009,0.04566593012222754
2404,2005-2009,0.047680863505288724
2405,2005-2009,0.04977732524865119
2406,2005-2009,0.05188768032586553
2407,2005-2009,0.05389887695694662
2408,2005-2009,0.05566241046277921
2409,2005-2009,0.057021885745035555
2410,2005-2009,0.05784892711142575
2411,2005-2009,0.058070201805858764
2412,2005-2009,0.05767462462411141
2413,2005-2009,0.05670490755590706
2414,2005-2009,0.055244407098979625
2415,2005-2009,0.05340374038774567
2416,2005-2009,0.05130513340200367
2417,2005-2009,0.0490648008772023
2418,2005-2009,0.04677866752127383
2419,2005-2009,0.044516097610912304
2420,2005-2009,0.042321858910760214
2421,2005-2009,0.040222302725034326
2422,2005-2009,0.03823178414031733
2423,2005-2009,0.03635727874601558
2424,2005-2009,0.03460077175664461
2425,2005-2009,0.03296015896109689
2426,2005-2009,0.03142955272582981
2427,2005-2009,0.029998395574993435
2428,2005-2009,0.02857368375133994
2429,2005-2009,0.026785690171498015
2430,2005-2009,0.030814582915815396
2431,2005-2009,0.03283002859276572
2456,2005-2009,0.03946937884822807
2457,2005-2009,0.0352303797459115
2458,2005-2009,0.030652485292786035
2459,2005-2009,0.030866423251661668
2460,2005-2009,0.03416423267674825
2461,2005-2009,0.03741552561998372
2462,2005-2009,0.039392680823024225
2463,2005-2009,0.04357221049483884
2464,2005-2009,0.043387472101235815
2466,2005-2009,0.04974968507910883
2468,2005-2009,0.04678167076663537
2469,2005-2009,0.04347971029508609
2470,2005-2009,0.04365405769969474
2471,2005-2009,0.04170008516601638
2472,2005-2009,0.04336513873862189
2473,2005-2009,0.04512017552221243
2474,2005-2009,0.046978116546535977
2475,2005-2009,0.048941473852853475
2476,2005-2009,0.05099000306015196
2477,2005-2009,0.053068588013137075
2478,2005-2009,0.05507961933192237
2479,2005-2009,0.056885308204302105
2480,2005-2009,0.05832520880470672
2481,2005-2009,0.059248707154360467
2482,2005-2009,0.059551693262839635
2483,2005-2009,0.05920039242357761
2484,2005-2009,0.05823268380352675
2485,2005-2009,0.05674170903408979
2486,2005-2009,0.05485252089121534
2487,2005-2009,0.052698740616279785
2488,2005-2009,0.05040246809375621
2489,2005-2009,0.04806085975667343
2490,2005-2009,0.045741916443454836
2491,2005-2009,0.04348830444545268
2492,2005-2009,0.041324952703189234
2493,2005-2009,0.03926619070110863
2494,2005-2009,0.037320229670279335
2495,2005-2009,0.0354910089187573
2496,2005-2009,0.03377834847228635
2497,2005-2009,0.03217774434078836
2498,2005-2009,0.030680596902422655
2499,2005-2009,0.029272385835189523
2500,2005-2009,0.027932694178517386
2501,2005-2009,0.026534451080187458
2502,2005-2009,0.027790808103335826
2503,2005-2009,0.031002848863369455
2530,2005-2009,0.039326999120963275
2531,2005-2009,0.03773181622106388
2532,2005-2009,0.03792088781438642
2535,2005-2009,0.04681514791907358
2539,2005-2009,0.049203917965513405
2540,2005-2009,0.04669040475780829
2541,2005-2009,0.044791750219529865
2542,2005-2009,0.04302510028472191
2543,2005-2009,0.04464451503755618
2544,2005-2009,0.04634312609320406
2545,2005-2009,0.048362200677995376
2546,2005-2009,0.050978736757610464
2547,2005-2009,0.05343024266352077
2548,2005-2009,0.053920519570898585
2549,2005-2009,0.05584695532918453
2550,2005-2009,0.057622467897148796
2551,2005-2009,0.05904193553666817
2552,2005-2009,0.059987501868374406
2553,2005-2009,0.06033858079872546
2554,2005-2009,0.06003610088986666
2555,2005-2009,0.059098103637959656
2556,2005-2009,0.05761151660681993
2557,2005-2009,0.05570666887161962
2558,2005-2009,0.05352675898398507
2559,2005-2009,0.05120183411413009
2560,2005-2009,0.048832960816643595
2561,2005-2009,0.04648831065829318
2562,2005-2009,0.044208579325493144
2563,2005-2009,0.04201632358844464
2564,2005-2009,0.039924264310050375
2565,2005-2009,0.037940173496185114
2566,2005-2009,0.036068459519186274
2567,2005-2009,0.03430986541827108
2568,2005-2009,0.032660847577100804
2569,2005-2009,0.031113681773481307
2570,2005-2009,0.029657594277036237
2571,2005-2009,0.02827880410308572
2572,2005-2009,0.02694531103634042
2573,2005-2009,0.02565320649030969
2574,2005-2009,0.02542534333565309
2575,2005-2009,0.027725880890208526
2576,2005-2009,0.031146621086521463
2605,2005-2009,0.04495819843380667
2606,2005-2009,0.04186972750401299
2607,2005-2009,0.04226826158496718
2608,2005-2009,0.042113883047468464
2609,2005-2009,0.04336995784937922
2610,2005-2009,0.046950601403831914
2611,2005-2009,0.04547000596141686
2612,2005-2009,0.04193237146626262
2613,2005-2009,0.043173430139179285
2614,2005-2009,0.04529947765599921
2615,2005-2009,0.045713786096653525
2616,2005-2009,0.049514696609393914
2617,2005-2009,0.052123635845784166
2618,2005-2009,0.057156629242445245
2619,2005-2009,0.059855461504688276
2620,2005-2009,0.06046035254780198
2621,2005-2009,0.06043162749277626
2622,2005-2009,0.05908174729562543
2623,2005-2009,0.06002472701546582
2624,2005-2009,0.0603666774205489
2625,2005-2009,0.060098250903453776
2626,2005-2009,0.0592139031824781
2627,2005-2009,0.057778920225878654
2628,2005-2009,0.0559117390343246
2629,2005-2009,0.053753972486962086
2630,2005-2009,0.051440374468537546
2631,2005-2009,0.049078047623347776
2632,2005-2009,0.04673912193722565
2633,2005-2009,0.04446514106493774
2634,2005-2009,0.04227722805022798
2635,2005-2009,0.040185824215065113
2636,2005-2009,0.03819670566505753
2637,2005-2009,0.03631308687974909
2638,2005-2009,0.034535384442735524
2639,2005-2009,0.032860491109356814
2640,2005-2009,0.031281779662300224
2641,2005-2009,0.029790163474538233
2642,2005-2009,0.028375824079258944
2643,2005-2009,0.0270297448579496
2644,2005-2009,0.025732581499363107
2645,2005-2009,0.024444808269671357
2646,2005-2009,0.02328959583158612
2647,2005-2009,0.02701380784897383
2648,2005-2009,0.030237021902548
2678,2005-2009,0.047150047167722565
2679,2005-2009,0.041841841481922874
2680,2005-2009,0.039631330742783806
2681,2005-2009,0.039269915413067284
2682,2005-2009,0.038780873693134266
2683,2005-2009,0.0409060363911253
2684,2005-2009,0.04236852887757285
2685,2005-2009,0.046279819677118125
2686,2005-2009,0.05002865155277954
2687,2005-2009,0.05435456827748401
2688,2005-2009,0.05840596760861711
2689,2005-2009,0.0642307518505984
2691,2005-2009,0.07278868485938035
2692,2005-2009,0.07396973953711031
2693,2005-2009,0.06641926004321515
2694,2005-2009,0.06301160112563556
2695,2005-2009,0.05954511249868997
2696,2005-2009,0.05940822269534985
2697,2005-2009,0.058582523604673184
2698,2005-2009,0.05723477458305772
2699,2005-2009,0.05545895051687632
2700,2005-2009,0.05338063691858348
2701,2005-2009,0.051129044216330785
2702,2005-2009,0.04881391950301565
2703,2005-2009,0.04651343262101208
2704,2005-2009,0.044274102555142913
2705,2005-2009,0.042118839504794316
2706,2005-2009,0.04005698396697023
2707,2005-2009,0.03809178285532773
2708,2005-2009,0.03622394720534866
2709,2005-2009,0.03445234980023884
2710,2005-2009,0.032773694182997436
2711,2005-2009,0.03118252813765229
2712,2005-2009,0.02967205259337017
2713,2005-2009,0.02823541549165988
2714,2005-2009,0.02686688777077564
2715,2005-2009,0.02556244565975242
2716,2005-2009,0.024214137131721377
2717,2005-2009,0.02244990632351617
2718,2005-2009,0.024318246800094284
2719,2005-2009,0.02588054795521098
2750,2005-2009,0.049764121245749554
2751,2005-2009,0.04895026749916426
2752,2005-2009,0.04425580463498817
2753,2005-2009,0.04035966419210768
2754,2005-2009,0.04203377535779555
2755,2005-2009,0.04547664666772664
2756,2005-2009,0.046882841788179495
2757,2005-2009,0.05035881356079558
2758,2005-2009,0.06268730595769022
2759,2005-2009,0.07039403410096606
2765,2005-2009,0.07409002279449337
2766,2005-2009,0.06598388216751304
2767,2005-2009,0.05760820826414999
2768,2005-2009,0.057298733350071844
2769,2005-2009,0.0560477230722115
2770,2005-2009,0.05439243611459754
2771,2005-2009,0.052436720701781715
2772,2005-2009,0.05029555844301788
2773,2005-2009,0.048073170548089704
2774,2005-2009,0.045849452037028185
2775,2005-2009,0.043676018134648706
2776,2005-2009,0.04158006471408761
2777,2005-2009,0.03957221512740959
2778,2005-2009,0.03765426181493571
2779,2005-2009,0.035824349337965744
2780,2005-2009,0.03407934873005661
2781,2005-2009,0.03241553648690462
2782,2005-2009,0.03082883113126038
2783,2005-2009,0.029315230897500266
2784,2005-2009,0.027871423724971953
2785,2005-2009,0.02649522938497017
2786,2005-2009,0.025185616901835642
2787,2005-2009,0.023920848345630137
2788,2005-2009,0.022410576769178094
2789,2005-2009,0.02250087814886324
2790,2005-2009,0.026297848061283106
2791,2005-2009,0.026686201282314564
2826,2005-2009,0.06020082632706971
2827,2005-2009,0.06063464758876939
2837,2005-2009,0.06937850810007509
2838,2005-2009,0.06319046767960762
2839,2005-2009,0.054972790635021404
2840,2005-2009,0.05432933542229519
2841,2005-2009,0.052795747789257406
2842,2005-2009,0.05097706651250972
2843,2005-2009,0.048975321498542425
2844,2005-2009,0.046885412708414204
2845,2005-2009,0.044781360961468696
2846,2005-2009,0.042712748223625266
2847,2005-2009,0.040707533778877654
2848,2005-2009,0.03877767783086433
2849,2005-2009,0.036925313135154715
2850,2005-2009,0.03514797801904955
2851,2005-2009,0.03344209124579466
2852,2005-2009,0.03180468170916126
2853,2005-2009,0.030233971111961824
2854,2005-2009,0.028729449113727178
2855,2005-2009,0.02729170790289759
2856,2005-2009,0.025922118401743747
2857,2005-2009,0.02462237218498996
2858,2005-2009,0.02339386416854798
2859,2005-2009,0.022092324302928564
2860,2005-2009,0.021741104088997917
2861,2005-2009,0.02394985628344964
2862,2005-2009,0.025569522854185733
2909,2005-2009,0.05948990114246563
2910,2005-2009,0.05673961082706126
2911,2005-2009,0.05114246002688842
2912,2005-2009,0.050758805093878694
2913,2005-2009,0.04907351494482744
2914,2005-2009,0.04721689784033359
2915,2005-2009,0.045279498282144726
2916,2005-2009,0.043328504591629284
2917,2005-2009,0.04140409117351239
2918,2005-2009,0.0395257524847119
2919,2005-2009,0.03770084216932852
2920,2005-2009,0.0359308348030309
2921,2005-2009,0.034215192709246896
2922,2005-2009,0.032553586572379015
2923,2005-2009,0.030947084502814578
2924,2005-2009,0.02939842658840843
2925,2005-2009,0.027911633398854656
2926,2005-2009,0.026491292181063816
2927,2005-2009,0.025141779253261026
2928,2005-2009,0.023866579838380312
2929,2005-2009,0.022667778136010005
2930,2005-2009,0.02149198173708227
2931,2005-2009,0.02011268973065748
2932,2005-2009,0.02231506186100601
2933,2005-2009,0.02342861235576053
2981,2005-2009,0.057709509034963254
2982,2005-2009,0.04818249014405386
2983,2005-2009,0.047211716685956334
2984,2005-2009,0.04681228498382288
2985,2005-2009,0.045097674088958775
2986,2005-2009,0.04331147737566383
2987,2005-2009,0.041521404887225964
2988,2005-2009,0.03976093411064851
2989,2005-2009,0.03803671431235336
2990,2005-2009,0.03634335199362207
2991,2005-2009,0.03467546570185041
2992,2005-2009,0.03303289449818163
2993,2005-2009,0.031421085156928305
2994,2005-2009,0.02984908254585064
2995,2005-2009,0.02832736771938007
2996,2005-2009,0.02686614152215134
2997,2005-2009,0.025474126393798285
2998,2005-2009,0.024157814183552156
2999,2005-2009,0.022921218163348467
3000,2005-2009,0.021765844535472235
3001,2005-2009,0.02063489620578479
3002,2005-2009,0.01932846515233511
3003,2005-2009,0.02021059731360781
3004,2005-2009,0.021263345949361273
3005,2005-2009,0.021380370296116495
3007,2005-2009,0.02674284043665111
3052,2005-2009,0.06022696260428231
3053,2005-2009,0.05263127741897105
3054,2005-2009,0.044214414530049644
3055,2005-2009,0.043746164680004945
3056,2005-2009,0.042729048937925056
3057,2005-2009,0.04109094760002649
3058,2005-2009,0.039429986597689606
3059,2005-2009,0.037711602365513644
3060,2005-2009,0.03602379774001886
3061,2005-2009,0.034420276700096016
3062,2005-2009,0.03291211995652479
3063,2005-2009,0.03155000661041114
3064,2005-2009,0.03007939783178308
3065,2005-2009,0.028554935406733217
3066,2005-2009,0.027070988964476475
3067,2005-2009,0.02564579397918114
3068,2005-2009,0.024293087602211584
3069,2005-2009,0.023014777458103295
3070,2005-2009,0.021823886021532072
3071,2005-2009,0.020702231019488582
3072,2005-2009,0.019597549512497234
3073,2005-2009,0.01832172183432377
3074,2005-2009,0.01860854789355734
3075,2005-2009,0.019926531061405822
3076,2005-2009,0.019785481799015885
3078,2005-2009,0.02056901733968807
3079,2005-2009,0.024027029668178077
3124,2005-2009,0.058156544426765405
3125,2005-2009,0.05127583183836268
3126,2005-2009,0.047247779202885455
3127,2005-2009,0.042067158826051165
3128,2005-2009,0.03836685040878716
3129,2005-2009,0.03733858260594552
3130,2005-2009,0.03727242189900493
3131,2005-2009,0.03548745784446909
3132,2005-2009,0.0342959099129772
3133,2005-2009,0.031808537165881154
3134,2005-2009,0.030581238753820836
3135,2005-2009,0.02835848797844526
3136,2005-2009,0.02711320591930989
3137,2005-2009,0.025731647600305458
3138,2005-2009,0.024358278173656888
3139,2005-2009,0.023055588400101575
3140,2005-2009,0.0218186687810655
3141,2005-2009,0.020609996296264206
3142,2005-2009,0.019430681662024926
3143,2005-2009,0.019001416715599604
3144,2005-2009,0.018648065560397373
3145,2005-2009,0.019127779515148574
3146,2005-2009,0.020765195461425082
3147,2005-2009,0.01998993998364822
3149,2005-2009,0.01856828602390853
3150,2005-2009,0.020773281030360843
3151,2005-2009,0.02181305002132154
3198,2005-2009,0.050115331260336266
3199,2005-2009,0.04045249901192268
3200,2005-2009,0.03382923642675013
3201,2005-2009,0.03279217969957962
3202,2005-2009,0.03595706517845561
3203,2005-2009,0.03894573475001829
3204,2005-2009,0.038048735699920726
3205,2005-2009,0.03405538166025295
3206,2005-2009,0.031464832609913763
3207,2005-2009,0.02631512412957501
3208,2005-2009,0.023718307082461604
3209,2005-2009,0.022822197645258013
3210,2005-2009,0.021636451363557876
3211,2005-2009,0.020439091459928685
3212,2005-2009,0.01917138181579255
3213,2005-2009,0.018486423240773896
3214,2005-2009,0.019004820528603666
3215,2005-2009,0.019613463725096984
3216,2005-2009,0.020959450812692765
3217,2005-2009,0.02094639586265878
3218,2005-2009,0.0220721989612035
3221,2005-2009,0.019965803608702946
3222,2005-2009,0.02097798618401333
3270,2005-2009,0.05002956190972356
3271,2005-2009,0.044005485510272335
3272,2005-2009,0.03900784368699509
3273,2005-2009,0.03607894085263277
3275,2005-2009,0.040877247356395224
3278,2005-2009,0.03261799164857099
3279,2005-2009,0.029225225365728608
3280,2005-2009,0.024532760565336827
3281,2005-2009,0.021062601948166945
3282,2005-2009,0.020146697249809366
3283,2005-2009,0.01902561679465293
3284,2005-2009,0.018995033126468604
3285,2005-2009,0.02083728219497983
3286,2005-2009,0.021004896041996523
3287,2005-2009,0.02096692052958332
3293,2005-2009,0.023167584418810526
3294,2005-2009,0.024146317741012585
3295,2005-2009,0.026799130569664955
3343,2005-2009,0.049045908921172686
3344,2005-2009,0.04542109676281439
3345,2005-2009,0.04817115758570308
3351,2005-2009,0.029655633510754276
3352,2005-2009,0.025175397661576362
3353,2005-2009,0.021989585211607675
3354,2005-2009,0.019578952334129086
3355,2005-2009,0.01907476596356431
3356,2005-2009,0.020054124930494726
3357,2005-2009,0.021391123348880627
3426,2005-2009,0.01834564449620872
3427,2005-2009,0.019093768751565026
3497,2005-2009,0.02087904846260441
3498,2005-2009,0.019741185870384752
3499,2005-2009,0.020428191627714403
3568,2005-2009,0.026232990350461245
3569,2005-2009,0.0239068644512047
3570,2005-2009,0.022588898419023642
3571,2005-2009,0.022164827626352492
3641,2005-2009,0.026880867031500957
3642,2005-2009,0.026220211568447817
56,2010-2014,0.08182792942619793
57,2010-2014,0.07942007558107753
128,2010-2014,0.09839703164606947
129,2010-2014,0.09101886027906868
130,2010-2014,0.1440983565683731
198,2010-2014,0.08059684680932085
199,2010-2014,0.08196996988900342
203,2010-2014,0.06829307190960987
270,2010-2014,0.08214135887838077
271,2010-2014,0.07732621232657616
272,2010-2014,0.06874518301948576
274,2010-2014,0.06698878916930762
276,2010-2014,0.06549519160089684
341,2010-2014,0.169201478802542
342,2010-2014,0.09162261437258239
343,2010-2014,0.08143026997695894
344,2010-2014,0.06791621856559103
345,2010-2014,0.08193415967542615
347,2010-2014,0.06888919807517183
412,2010-2014,0.1064981898219749
413,2010-2014,0.10196236991341756
414,2010-2014,0.09480036564693922
415,2010-2014,0.09479038455791002
416,2010-2014,0.09807577900063226
417,2010-2014,0.08049000819787115
418,2010-2014,0.07370930732052773
483,2010-2014,0.10309138790696575
484,2010-2014,0.12298601795728963
485,2010-2014,0.12179611629961885
486,2010-2014,0.12240991646441308
487,2010-2014,0.13406108603061775
488,2010-2014,0.11092420380393431
554,2010-2014,0.10663860171990394
555,2010-2014,0.10097762007596289
556,2010-2014,0.08874192858095784
557,2010-2014,0.0856006315633961
558,2010-2014,0.08835936178524183
559,2010-2014,0.08858567018953932
560,2010-2014,0.08905893936595376
561,2010-2014,0.07691595771452128
563,2010-2014,0.06923088461551673
564,2010-2014,0.07167003848157663
592,2010-2014,0.1345803911763006
593,2010-2014,0.11690853316797553
625,2010-2014,0.09529897367140243
626,2010-2014,0.08529626280792096
627,2010-2014,0.0876536283020546
628,2010-2014,0.084504388892038
629,2010-2014,0.08908329600501645
630,2010-2014,0.09962603341053396
631,2010-2014,0.10315579003191469
632,2010-2014,0.10371489135210389
634,2010-2014,0.09234702961175342
635,2010-2014,0.07627453343108977
636,2010-2014,0.07651835243552023
637,2010-2014,0.08732224278057074
640,2010-2014,0.08696117817884129
663,2010-2014,0.168708334753573
664,2010-2014,0.1293627670810344
665,2010-2014,0.12039174420181917
666,2010-2014,0.09613012186517161
696,2010-2014,0.11653700344160346
698,2010-2014,0.10484502797812166
699,2010-2014,0.10137400891980748
700,2010-2014,0.16164338097075998
701,2010-2014,0.11010628149026176
702,2010-2014,0.08857811967005051
704,2010-2014,0.10674595541177087
705,2010-2014,0.12260649331158235
706,2010-2014,0.10653875344128909
708,2010-2014,0.12184065108330332
710,2010-2014,0.11444055152220675
711,2010-2014,0.10450321987650897
712,2010-2014,0.10996904932509137
716,2010-2014,0.11183365005522425
717,2010-2014,0.1034157186714628
735,2010-2014,0.12938576069704233
736,2010-2014,0.10399817542802538
737,2010-2014,0.09792687280119451
738,2010-2014,0.1199666548038784
772,2010-2014,0.10093736111698146
773,2010-2014,0.08722409984427536
774,2010-2014,0.09870864087457124
775,2010-2014,0.08567471288121152
776,2010-2014,0.08719999556403633
777,2010-2014,0.09100853822061906
778,2010-2014,0.07672248058860408
783,2010-2014,0.07240743028889915
784,2010-2014,0.07074768381945577
785,2010-2014,0.06886486281770929
787,2010-2014,0.07205988665346638
788,2010-2014,0.09840873173922877
804,2010-2014,0.14343188797530973
805,2010-2014,0.14152166740781968
806,2010-2014,0.1488862542181647
807,2010-2014,0.14734790005436485
808,2010-2014,0.13781047406317826
809,2010-2014,0.11367191477437291
810,2010-2014,0.11269166235556916
811,2010-2014,0.11060380048187884
812,2010-2014,0.1665418230389713
813,2010-2014,0.16615849925349044
845,2010-2014,0.08676469308985124
846,2010-2014,0.18486227759630586
847,2010-2014,0.08168106577850642
848,2010-2014,0.07854803576821731
849,2010-2014,0.06849613492432947
850,2010-2014,0.07422370948587617
851,2010-2014,0.07010593823666453
854,2010-2014,0.08148379768927362
855,2010-2014,0.07055443679276235
856,2010-2014,0.06966404827909621
857,2010-2014,0.06614267512576466
858,2010-2014,0.07060375514696765
859,2010-2014,0.06917792033656925
860,2010-2014,0.06458635362845772
876,2010-2014,0.1080245912597406
877,2010-2014,0.0985433234440894
878,2010-2014,0.10595037250876249
879,2010-2014,0.11565772505606815
881,2010-2014,0.10133521981999039
882,2010-2014,0.10479346355066423
883,2010-2014,0.1309044660263037
884,2010-2014,0.16316931357880918
885,2010-2014,0.14641445027859012
916,2010-2014,0.10942343463027313
917,2010-2014,0.12282615041069647
918,2010-2014,0.11217840229638197
919,2010-2014,0.10912287414011987
920,2010-2014,0.10906026484060795
921,2010-2014,0.07321171356303185
922,2010-2014,0.06816299940549664
923,2010-2014,0.07232301603707723
926,2010-2014,0.07339577817147654
927,2010-2014,0.07010909574323253
929,2010-2014,0.060112759671765076
930,2010-2014,0.07755976048153856
931,2010-2014,0.07949443320655158
947,2010-2014,0.0985937781182177
948,2010-2014,0.10527580392444182
949,2010-2014,0.10005499946440528
950,2010-2014,0.10279455870685744
951,2010-2014,0.09945970656521305
952,2010-2014,0.1031292270036287
953,2010-2014,0.10886629279490842
955,2010-2014,0.10675364414675956
956,2010-2014,0.1139727617485897
985,2010-2014,0.11554935209873578
986,2010-2014,0.12220481093578209
987,2010-2014,0.12041832318544933
988,2010-2014,0.09097793011467833
989,2010-2014,0.09510825832400398
991,2010-2014,0.07283000547075444
992,2010-2014,0.06297342374836372
993,2010-2014,0.05520090922613339
994,2010-2014,0.05531188917209048
995,2010-2014,0.060559985958667635
996,2010-2014,0.06034731106178335
997,2010-2014,0.05776462307941088
999,2010-2014,0.056326590089998164
1001,2010-2014,0.052935809119201635
1002,2010-2014,0.05765292041043825
1003,2010-2014,0.06190698967962795
1018,2010-2014,0.11415713778690609
1019,2010-2014,0.12574441681485132
1020,2010-2014,0.13281422912723562
1021,2010-2014,0.16144981248230508
1022,2010-2014,0.09646814652237147
1023,2010-2014,0.1024291389433848
1025,2010-2014,0.10883157877471022
1026,2010-2014,0.11002695443776572
1027,2010-2014,0.10689520522895997
1028,2010-2014,0.11936145276615018
1029,2010-2014,0.11730379248376348
1055,2010-2014,0.1135415184753591
1057,2010-2014,0.11612943328617914
1058,2010-2014,0.10347457921172373
1061,2010-2014,0.11302334695789214
1063,2010-2014,0.08886585364549458
1064,2010-2014,0.06984785789687577
1065,2010-2014,0.07019042041294246
1066,2010-2014,0.06954804716567613
1068,2010-2014,0.10583667652574578
1069,2010-2014,0.11213299742462139
1070,2010-2014,0.08657764898298312
1073,2010-2014,0.06046670986804553
1075,2010-2014,0.06461317201972688
1076,2010-2014,0.0726228350705711
1089,2010-2014,0.10922621507564349
1090,2010-2014,0.11282940311447791
1091,2010-2014,0.10597800518224562
1092,2010-2014,0.10604145637335577
1093,2010-2014,0.11188880516405064
1094,2010-2014,0.12155052932447746
1095,2010-2014,0.08838838028127739
1096,2010-2014,0.08518410758373429
1097,2010-2014,0.09488871405848809
1098,2010-2014,0.0888358827571975
1099,2010-2014,0.09428342911629653
1100,2010-2014,0.1002907145742643
1101,2010-2014,0.10491824102487846
1103,2010-2014,0.0963779253906944
1125,2010-2014,0.11054050007741816
1126,2010-2014,0.10837948411045341
1127,2010-2014,0.1072941851802651
1128,2010-2014,0.10940263444523715
1129,2010-2014,0.13716758771720178
1130,2010-2014,0.10073160362578219
1131,2010-2014,0.09759330303641967
1132,2010-2014,0.0888907956459953
1133,2010-2014,0.09246518923825574
1134,2010-2014,0.08494840572649166
1136,2010-2014,0.06966723426723037
1137,2010-2014,0.06576691635624576
1138,2010-2014,0.05947776926851741
1139,2010-2014,0.058030239051334274
1140,2010-2014,0.06058994715345305
1141,2010-2014,0.0609133419502116
1142,2010-2014,0.06811454892990676
1143,2010-2014,0.0686895589382387
1144,2010-2014,0.06042619803120636
1145,2010-2014,0.06278491303042563
1161,2010-2014,0.11955004798956037
1162,2010-2014,0.12381745113761863
1163,2010-2014,0.1173332440319475
1164,2010-2014,0.13718351276536597
1165,2010-2014,0.10073907841432898
1166,2010-2014,0.09203911860137938
1167,2010-2014,0.08066985512646699
1168,2010-2014,0.08065478586502328
1169,2010-2014,0.08457619025231765
1170,2010-2014,0.08978656492104037
1171,2010-2014,0.08205417773427372
1172,2010-2014,0.08667122094150251
1173,2010-2014,0.09342035814162972
1175,2010-2014,0.11745825303344566
1196,2010-2014,0.13166976329162874
1197,2010-2014,0.11804398489426264
1198,2010-2014,0.11410743641214993
1199,2010-2014,0.11825248069261142
1200,2010-2014,0.12028273516005528
1201,2010-2014,0.13880215542485955
1202,2010-2014,0.14219118886290288
1203,2010-2014,0.11555712159696281
1204,2010-2014,0.11237291683908347
1205,2010-2014,0.09574151096441641
1206,2010-2014,0.088026514483709975
1207,2010-2014,0.07855590209399337
1208,2010-2014,0.07296341094517166
1209,2010-2014,0.07084648954233123
1210,2010-2014,0.07208695682890291
1211,2010-2014,0.07750646687453379
1212,2010-2014,0.08433207486751161
1213,2010-2014,0.07316779497237287
1214,2010-2014,0.06442011142475282
1215,2010-2014,0.06082066415876356
1216,2010-2014,0.05688187377753201
1234,2010-2014,0.11805151004578875
1235,2010-2014,0.11163731737535164
1236,2010-2014,0.09732822944054977
1237,2010-2014,0.09970111063111627
1238,2010-2014,0.08412083996013013
1239,2010-2014,0.08277589727754162
1240,2010-2014,0.07752568429177908
1241,2010-2014,0.08846346781834291
1242,2010-2014,0.09415206581637203
1243,2010-2014,0.10687952329892417
1244,2010-2014,0.10062757802328529
1245,2010-2014,0.10638097193307641
1246,2010-2014,0.09749095078797397
1247,2010-2014,0.11210374455030465
1248,2010-2014,0.11161894052236991
1249,2010-2014,0.12107874564465289
1268,2010-2014,0.13786220093221555
1269,2010-2014,0.14078433425857007
1270,2010-2014,0.13057309551621332
1271,2010-2014,0.12321332210101947
1272,2010-2014,0.11447858281678647
1273,2010-2014,0.11556471722559972
1274,2010-2014,0.11001648966071363
1275,2010-2014,0.12717419198069713
1276,2010-2014,0.12224782789848054
1277,2010-2014,0.087930671196524
1279,2010-2014,0.09186580642249263
1280,2010-2014,0.10991497655808005
1281,2010-2014,0.0870777064390185
1282,2010-2014,0.08032625959262862
1283,2010-2014,0.07816878077908997
1284,2010-2014,0.06749183926651509
1285,2010-2014,0.06565020848375981
1286,2010-2014,0.061430567607029384
1287,2010-2014,0.05950342352758851
1288,2010-2014,0.05717155091573794
1289,2010-2014,0.0556965256832991
1305,2010-2014,0.11337335023308925
1306,2010-2014,0.11358137987455764
1307,2010-2014,0.11542492330311103
1308,2010-2014,0.16129388916485246
1309,2010-2014,0.14505574642091523
1312,2010-2014,0.09890756985427679
1313,2010-2014,0.10220561912614122
1314,2010-2014,0.10626082454386476
1315,2010-2014,0.1343377118025556
1316,2010-2014,0.12478395354469722
1319,2010-2014,0.1255444714560497
1320,2010-2014,0.13815789389150923
1321,2010-2014,0.15197861573297577
1322,2010-2014,0.1651834872530925
1328,2010-2014,0.18685319957972027
1339,2010-2014,0.15437596673281417
1340,2010-2014,0.16232131061220456
1341,2010-2014,0.16864497142568555
1342,2010-2014,0.16047659505758263
1344,2010-2014,0.1256402319787927
1345,2010-2014,0.13331931805090097
1346,2010-2014,0.12605902037716807
1348,2010-2014,0.11311494300566216
1349,2010-2014,0.09860560418512332
1350,2010-2014,0.11068225402653174
1351,2010-2014,0.09192718153758399
1352,2010-2014,0.08659536345291291
1353,2010-2014,0.08363380588781939
1354,2010-2014,0.07862716430433123
1355,2010-2014,0.07644186606341236
1356,2010-2014,0.07841545570875567
1357,2010-2014,0.09265715406872506
1358,2010-2014,0.08951714215418728
1359,2010-2014,0.0996781504920875
1360,2010-2014,0.06747900129561527
1361,2010-2014,0.07211376976480004
1377,2010-2014,0.1366288119311054
1379,2010-2014,0.10311510867654823
1380,2010-2014,0.10598901553733386
1381,2010-2014,0.09838631316808485
1382,2010-2014,0.11042122018415892
1383,2010-2014,0.10009275378084638
1384,2010-2014,0.11860019888016093
1385,2010-2014,0.13513704483989608
1386,2010-2014,0.143042222342646
1393,2010-2014,0.1634836698142518
1400,2010-2014,0.1363144717609463
1401,2010-2014,0.1340209855774914
1410,2010-2014,0.159418800458668
1412,2010-2014,0.151737811653397
1413,2010-2014,0.14985835551038762
1414,2010-2014,0.1412626643679368
1415,2010-2014,0.14109873013249496
1416,2010-2014,0.1639596426618781
1417,2010-2014,0.12072139121050508
1418,2010-2014,0.12953368237210267
1419,2010-2014,0.1114391450345159
1420,2010-2014,0.0986910039472062
1421,2010-2014,0.09627256891685668
1422,2010-2014,0.08635652867511233
1423,2010-2014,0.09118474733484085
1424,2010-2014,0.1028850500439766
1425,2010-2014,0.08682977652901228
1426,2010-2014,0.0746503267200744
1427,2010-2014,0.08127888484234018
1428,2010-2014,0.0896527931336661
1429,2010-2014,0.09695892074847225
1430,2010-2014,0.09654143613368028
1447,2010-2014,0.10061327433575629
1448,2010-2014,0.11151267909649316
1449,2010-2014,0.13842216083255468
1450,2010-2014,0.12499646442369076
1452,2010-2014,0.11375083090386465
1453,2010-2014,0.1161132171360057
1454,2010-2014,0.11802962651790927
1455,2010-2014,0.12428370255535633
1456,2010-2014,0.11192171228331128
1462,2010-2014,0.13202799349001798
1465,2010-2014,0.13048563994356216
1466,2010-2014,0.1261146317261889
1468,2010-2014,0.13759166311936463
1471,2010-2014,0.16863411244524618
1476,2010-2014,0.1433414476112753
1477,2010-2014,0.11823630663072289
1479,2010-2014,0.10295623470695936
1480,2010-2014,0.10761439146824177
1481,2010-2014,0.09188430795481124
1482,2010-2014,0.10238712007353618
1483,2010-2014,0.11619051307731956
1484,2010-2014,0.12233642482213465
1485,2010-2014,0.1322819282959667
1486,2010-2014,0.13614689149479062
1487,2010-2014,0.13165578852411422
1488,2010-2014,0.13084395068428317
1489,2010-2014,0.1473076558464489
1490,2010-2014,0.20023510893811874
1491,2010-2014,0.18723889151887643
1492,2010-2014,0.098228642243426
1493,2010-2014,0.09464322585468944
1494,2010-2014,0.0839806615806864
1495,2010-2014,0.08413877342289625
1496,2010-2014,0.0799502883514996
1497,2010-2014,0.09117545470037197
1498,2010-2014,0.07281112389994716
1499,2010-2014,0.07305631794746831
1500,2010-2014,0.0836005267391076
1502,2010-2014,0.10516489244931079
1518,2010-2014,0.10008231434277735
1520,2010-2014,0.10059149621902455
1521,2010-2014,0.09738071578819751
1522,2010-2014,0.10817670419441246
1523,2010-2014,0.11661148793579698
1528,2010-2014,0.14129780049863533
1529,2010-2014,0.14663360921571758
1533,2010-2014,0.12773012114381993
1535,2010-2014,0.14369020839267427
1536,2010-2014,0.13082673137996378
1537,2010-2014,0.12363309899580673
1538,2010-2014,0.1296029344436975
1539,2010-2014,0.1888820622474469
1540,2010-2014,0.19094070839885344
1542,2010-2014,0.16505053935011071
1549,2010-2014,0.1044662259953511
1550,2010-2014,0.09463654583175032
1551,2010-2014,0.07985295942184086
1552,2010-2014,0.0902152529154067
1553,2010-2014,0.09270556421625896
1554,2010-2014,0.09718039565991984
1555,2010-2014,0.14415524336546726
1556,2010-2014,0.15219157902381822
1557,2010-2014,0.13870862254938837
1558,2010-2014,0.19563936029708742
1559,2010-2014,0.19546153934145372
1560,2010-2014,0.1210113703096017
1561,2010-2014,0.11079721575677418
1562,2010-2014,0.09303889107391483
1563,2010-2014,0.08904480559567525
1564,2010-2014,0.08937584863871398
1565,2010-2014,0.083490298419737
1566,2010-2014,0.09595502205793932
1567,2010-2014,0.0801865910778939
1568,2010-2014,0.07138173456721875
1569,2010-2014,0.07904852531889399
1570,2010-2014,0.08378294617866106
1571,2010-2014,0.100078173479819
1586,2010-2014,0.09835703966498363
1587,2010-2014,0.09447610509311
1588,2010-2014,0.09413504500876589
1589,2010-2014,0.09280790040204642
1590,2010-2014,0.10289184615090342
1591,2010-2014,0.13579876794134518
1592,2010-2014,0.19842647390326276
1593,2010-2014,0.18316632823476625
1594,2010-2014,0.16908627028017031
1597,2010-2014,0.12877647312267967
1599,2010-2014,0.12522585641940182
1602,2010-2014,0.15491434162317855
1608,2010-2014,0.13586026229783538
1609,2010-2014,0.10469997868309215
1610,2010-2014,0.10753270898619878
1611,2010-2014,0.10994877145962262
1612,2010-2014,0.1237788407202313
1613,2010-2014,0.13819858199479423
1614,2010-2014,0.1463263897547352
1616,2010-2014,0.14831272854911445
1617,2010-2014,0.13335730441241037
1618,2010-2014,0.13093134569915338
1619,2010-2014,0.10867130492428573
1620,2010-2014,0.10152256005602299
1621,2010-2014,0.09341433682043444
1622,2010-2014,0.08465015112829934
1623,2010-2014,0.08941808359714959
1624,2010-2014,0.09825484667983582
1625,2010-2014,0.14306637755090423
1626,2010-2014,0.17727943779364888
1627,2010-2014,0.12706607351790303
1628,2010-2014,0.14811210041846506
1629,2010-2014,0.12118372396092357
1630,2010-2014,0.10714600006288268
1631,2010-2014,0.10003362445403982
1632,2010-2014,0.11511528316148985
1633,2010-2014,0.10461997852420757
1634,2010-2014,0.09055784580184237
1635,2010-2014,0.08247252559497399
1636,2010-2014,0.09225283153054666
1637,2010-2014,0.08209656631153978
1639,2010-2014,0.07002956051517613
1640,2010-2014,0.060727141259015543
1641,2010-2014,0.058409628826492636
1642,2010-2014,0.060610369153848535
1658,2010-2014,0.14872454844052424
1659,2010-2014,0.09242958537115703
1660,2010-2014,0.11994468679206084
1661,2010-2014,0.11564172025068205
1662,2010-2014,0.128596096796041
1666,2010-2014,0.10858863264526997
1669,2010-2014,0.11121462386156854
1672,2010-2014,0.10977237079732617
1674,2010-2014,0.11270709718356642
1675,2010-2014,0.1067711232103959
1676,2010-2014,0.11762246725411779
1678,2010-2014,0.12350816432295106
1679,2010-2014,0.1124354897761612
1680,2010-2014,0.1532881941774086
1681,2010-2014,0.19270847717920492
1684,2010-2014,0.16448070503552284
1685,2010-2014,0.1270839566583934
1686,2010-2014,0.19602464449043588
1687,2010-2014,0.17512475693277904
1688,2010-2014,0.18586165644143288
1689,2010-2014,0.16015845560268926
1691,2010-2014,0.14268740048936912
1692,2010-2014,0.12222182622634871
1693,2010-2014,0.09279502953164495
1694,2010-2014,0.08632182187274672
1695,2010-2014,0.10702342049558572
1696,2010-2014,0.11337932416330405
1697,2010-2014,0.10276493595110867
1698,2010-2014,0.10452296509276354
1699,2010-2014,0.11776052937541816
1700,2010-2014,0.12971136189896984
1701,2010-2014,0.14658812351922104
1702,2010-2014,0.15440062545863584
1703,2010-2014,0.143776217264767
1704,2010-2014,0.14405247252113468
1705,2010-2014,0.10082703999836196
1706,2010-2014,0.12577354627813866
1707,2010-2014,0.07490604516252629
1708,2010-2014,0.08459429226995688
1710,2010-2014,0.0915356307050055
1711,2010-2014,0.0929963427233569
1712,2010-2014,0.09219406514425528
1731,2010-2014,0.08915995006832078
1732,2010-2014,0.11136630646280987
1733,2010-2014,0.09357778363362376
1734,2010-2014,0.10741122548696061
1737,2010-2014,0.13981367267081002
1738,2010-2014,0.1503562161698622
1739,2010-2014,0.09794966333780344
1743,2010-2014,0.10462319030991464
1748,2010-2014,0.08038603463770344
1749,2010-2014,0.08117649404850068
1753,2010-2014,0.084248583923664
1755,2010-2014,0.0781029765207786
1756,2010-2014,0.08220987887499545
1757,2010-2014,0.07042743170025854
1758,2010-2014,0.07962278349373349
1759,2010-2014,0.07432940129633149
1760,2010-2014,0.07921205251578274
1761,2010-2014,0.08418902251013431
1762,2010-2014,0.08376398181155324
1764,2010-2014,0.07495511293190503
1765,2010-2014,0.07692563096705346
1766,2010-2014,0.077336132186121
1767,2010-2014,0.07937851918468117
1769,2010-2014,0.08565320746127443
1770,2010-2014,0.08576230283397993
1771,2010-2014,0.07858752767586714
1772,2010-2014,0.07213166077731163
1773,2010-2014,0.0682602645362011
1774,2010-2014,0.06385121404807084
1775,2010-2014,0.06285994262077922
1776,2010-2014,0.06223626879134783
1777,2010-2014,0.05657593452172866
1778,2010-2014,0.0530893316456293
1779,2010-2014,0.05060454043177968
1782,2010-2014,0.053507322315353316
1783,2010-2014,0.05424780653149446
1803,2010-2014,0.07934886068451708
1804,2010-2014,0.07333009148563834
1805,2010-2014,0.058678030777522885
1806,2010-2014,0.06376035935826686
1807,2010-2014,0.0669394632521706
1808,2010-2014,0.07464841432708891
1809,2010-2014,0.06598060545474789
1815,2010-2014,0.09176560733723998
1816,2010-2014,0.08648712095970762
1819,2010-2014,0.07127976249048375
1820,2010-2014,0.06537317309630006
1821,2010-2014,0.06383977124983264
1822,2010-2014,0.05505992941231199
1823,2010-2014,0.059105431595948284
1824,2010-2014,0.06261019473393434
1825,2010-2014,0.057320201106689304
1826,2010-2014,0.05936375448254529
1827,2010-2014,0.04966212678766754
1828,2010-2014,0.042577577439414864
1829,2010-2014,0.04366473492013435
1830,2010-2014,0.044392075340287405
1831,2010-2014,0.05149627120242361
1832,2010-2014,0.052245812556099315
1833,2010-2014,0.05394246624412187
1834,2010-2014,0.05375019806576725
1835,2010-2014,0.05152253415595017
1836,2010-2014,0.052858736228401725
1837,2010-2014,0.05100643112603665
1838,2010-2014,0.053705104146461756
1839,2010-2014,0.057455610538730786
1840,2010-2014,0.06003713594309652
1841,2010-2014,0.05911858662171787
1842,2010-2014,0.05617416820603045
1843,2010-2014,0.048654705608444794
1844,2010-2014,0.05029086539680084
1845,2010-2014,0.05138369628809471
1846,2010-2014,0.0504787536596153
1847,2010-2014,0.04851641198387142
1848,2010-2014,0.04324221607684683
1849,2010-2014,0.040323981363013295
1850,2010-2014,0.03811692887839508
1851,2010-2014,0.039220612876224886
1852,2010-2014,0.03959452200199651
1853,2010-2014,0.030005617229071604
1854,2010-2014,0.03791817714854857
1855,2010-2014,0.03749892180733992
1856,2010-2014,0.04483900087074043
1875,2010-2014,0.07666169291056253
1876,2010-2014,0.061299435394905795
1877,2010-2014,0.050379582236258505
1878,2010-2014,0.04195301242150175
1879,2010-2014,0.03758397220089166
1880,2010-2014,0.03807924760706255
1881,2010-2014,0.0348467557003017
1882,2010-2014,0.042409978697036804
1884,2010-2014,0.055343307735179356
1892,2010-2014,0.06704124692289291
1895,2010-2014,0.04680521221993149
1896,2010-2014,0.04747606216127068
1897,2010-2014,0.03592844172495887
1898,2010-2014,0.03697311525902858
1899,2010-2014,0.03629789807968383
1900,2010-2014,0.036340801416168654
1901,2010-2014,0.03012516286384764
1902,2010-2014,0.03118128685393995
1903,2010-2014,0.0322450410557694
1904,2010-2014,0.03332045092532271
1905,2010-2014,0.03440614430472077
1906,2010-2014,0.03708718171432025
1907,2010-2014,0.0418374327138943
1908,2010-2014,0.04112311383632557
1909,2010-2014,0.03815408937690506
1910,2010-2014,0.03866320603659941
1911,2010-2014,0.04542440038430111
1912,2010-2014,0.0453574882885648
1913,2010-2014,0.043838580854600455
1914,2010-2014,0.03792692912726562
1915,2010-2014,0.03703515865357584
1916,2010-2014,0.03590602686845038
1917,2010-2014,0.034590229119839035
1918,2010-2014,0.03314778645925758
1919,2010-2014,0.031639693990565564
1920,2010-2014,0.030121193163993133
1921,2010-2014,0.02854636362066251
1922,2010-2014,0.02689022605375709
1923,2010-2014,0.028463520007875574
1924,2010-2014,0.025213508409452315
1925,2010-2014,0.024820680278949434
1926,2010-2014,0.02944999101884982
1927,2010-2014,0.03941053300954662
1928,2010-2014,0.044969113418410395
1950,2010-2014,0.03370064745667829
1951,2010-2014,0.029669194584145735
1952,2010-2014,0.03535160902675769
1953,2010-2014,0.031283240543074214
1954,2010-2014,0.03779121002875715
1967,2010-2014,0.03392435668578408
1968,2010-2014,0.030139650932047037
1969,2010-2014,0.02903417111403451
1970,2010-2014,0.03191912934362014
1971,2010-2014,0.03333649813232898
1972,2010-2014,0.03401803248266484
1973,2010-2014,0.03297048916906198
1974,2010-2014,0.033536509348983876
1975,2010-2014,0.03474393153003654
1976,2010-2014,0.035951956987825114
1977,2010-2014,0.037152722452653233
1978,2010-2014,0.03831942277108018
1979,2010-2014,0.03940026450345166
1980,2010-2014,0.04032617333736024
1981,2010-2014,0.04102776145793756
1982,2010-2014,0.041450149596365934
1983,2010-2014,0.04155820204886986
1984,2010-2014,0.041334936537584376
1985,2010-2014,0.04077955262208069
1986,2010-2014,0.039908163613117005
1987,2010-2014,0.03875588629291272
1988,2010-2014,0.03737683162763734
1989,2010-2014,0.03583917507788266
1990,2010-2014,0.03421580005199687
1991,2010-2014,0.03257444903771718
1992,2010-2014,0.030971348952969064
1993,2010-2014,0.029448964481022896
1994,2010-2014,0.02890467324007952
1995,2010-2014,0.027853926832133436
1996,2010-2014,0.02467071774761233
1997,2010-2014,0.026065028107071356
1998,2010-2014,0.02685987848231692
2024,2010-2014,0.03392872999703564
2025,2010-2014,0.030899141868980882
2027,2010-2014,0.04183262315789547
2028,2010-2014,0.04944554609541515
2039,2010-2014,0.03698307147062924
2040,2010-2014,0.0327069858170406
2041,2010-2014,0.03360219513297202
2044,2010-2014,0.03850389725072152
2045,2010-2014,0.03748232887203876
2046,2010-2014,0.03659592741653512
2047,2010-2014,0.03897979072963412
2048,2010-2014,0.03930369985703777
2049,2010-2014,0.040745899376373414
2050,2010-2014,0.04142152327360325
2051,2010-2014,0.042537417251090365
2052,2010-2014,0.04343719781785625
2053,2010-2014,0.0440453337473117
2054,2010-2014,0.04430823527346073
2055,2010-2014,0.044198295460846554
2056,2010-2014,0.04371097554165547
2057,2010-2014,0.042862206881567444
2058,2010-2014,0.0416889305392366
2059,2010-2014,0.04024972358586438
2060,2010-2014,0.03862079836371007
2061,2010-2014,0.03688593160235149
2062,2010-2014,0.03512399684164087
2063,2010-2014,0.03339938446242912
2064,2010-2014,0.0317584110460648
2065,2010-2014,0.030230114922132997
2066,2010-2014,0.028801923885490112
2067,2010-2014,0.027440781451496365
2068,2010-2014,0.029411882429284254
2069,2010-2014,0.0308820821972444
2100,2010-2014,0.048547132113013695
2111,2010-2014,0.039778294541286514
2112,2010-2014,0.03641225461107652
2113,2010-2014,0.03742195953251929
2114,2010-2014,0.040194095308599936
2116,2010-2014,0.041431518768316376
2117,2010-2014,0.04168154254564635
2118,2010-2014,0.04234868347701627
2119,2010-2014,0.04476739348297214
2120,2010-2014,0.0462900851310966
2121,2010-2014,0.04541619812105203
2122,2010-2014,0.045995730950766485
2123,2010-2014,0.04586603696023588
2124,2010-2014,0.04665982776317466
2125,2010-2014,0.047078088552810725
2126,2010-2014,0.047079771732829505
2127,2010-2014,0.046656090127496476
2128,2010-2014,0.04582480344420524
2129,2010-2014,0.0446271601440724
2130,2010-2014,0.04312743583878612
2131,2010-2014,0.04140933530837031
2132,2010-2014,0.03956576931172016
2133,2010-2014,0.03768465309797921
2134,2010-2014,0.03583713032244758
2135,2010-2014,0.03407253743788638
2136,2010-2014,0.03241966731448519
2137,2010-2014,0.030891161045444256
2138,2010-2014,0.029455657896387148
2139,2010-2014,0.02830140905147676
2140,2010-2014,0.03057546070285259
2141,2010-2014,0.03365177541392084
2171,2010-2014,0.0453634609201906
2181,2010-2014,0.05161340647673331
2182,2010-2014,0.04632387395243307
2183,2010-2014,0.04138809113862785
2184,2010-2014,0.039438628133586326
2186,2010-2014,0.042640138060046434
2187,2010-2014,0.042826083510446776
2188,2010-2014,0.04330169245434598
2189,2010-2014,0.045062075088620285
2191,2010-2014,0.04997314142284698
2193,2010-2014,0.04956133777621189
2194,2010-2014,0.049712133139559384
2195,2010-2014,0.04923188090446054
2196,2010-2014,0.049796188936399574
2197,2010-2014,0.04989878517547217
2198,2010-2014,0.04952666177216391
2199,2010-2014,0.04870169814787741
2200,2010-2014,0.04747241422907935
2201,2010-2014,0.045910120461852257
2202,2010-2014,0.044104889923091264
2203,2010-2014,0.042156193696785964
2204,2010-2014,0.040158428007535704
2205,2010-2014,0.038187883452938054
2206,2010-2014,0.03629669267605101
2207,2010-2014,0.034514254893834986
2208,2010-2014,0.03285275624416782
2209,2010-2014,0.031313115906827005
2210,2010-2014,0.029863199492416857
2211,2010-2014,0.028258850489020253
2212,2010-2014,0.029031052653559045
2213,2010-2014,0.03272448828384127
2214,2010-2014,0.0333421731168686
2240,2010-2014,0.044344390328148624
2241,2010-2014,0.043138066244693345
2250,2010-2014,0.06474158853436403
2254,2010-2014,0.04609754762119702
2255,2010-2014,0.04242618881769628
2257,2010-2014,0.042938928138682025
2258,2010-2014,0.04334100641133748
2259,2010-2014,0.043453415066738985
2260,2010-2014,0.04562404053543952
2261,2010-2014,0.04611797402701059
2262,2010-2014,0.05084510593529998
2263,2010-2014,0.05295837497275301
2264,2010-2014,0.05388214547242047
2265,2010-2014,0.05247651109643526
2266,2010-2014,0.05259843083133044
2267,2010-2014,0.05236045795562664
2268,2010-2014,0.05254855277710209
2269,2010-2014,0.05221235044012762
2270,2010-2014,0.0513802227873737
2271,2010-2014,0.05011126688032463
2272,2010-2014,0.04848535050901571
2273,2010-2014,0.04659781141159574
2274,2010-2014,0.04455154266323389
2275,2010-2014,0.042444183486407897
2276,2010-2014,0.040355306752982364
2277,2010-2014,0.03833982397606303
2278,2010-2014,0.03642906091802515
2279,2010-2014,0.0346366044905345
2280,2010-2014,0.03296482172152755
2281,2010-2014,0.03140965828284962
2282,2010-2014,0.02996343893038201
2283,2010-2014,0.028796664305109118
2284,2010-2014,0.026528805047870894
2285,2010-2014,0.029580535418734732
2286,2010-2014,0.03109695848637345
2312,2010-2014,0.04271155824680375
2313,2010-2014,0.04029878156258662
2320,2010-2014,0.06312752124176951
2323,2010-2014,0.05217883946647627
2326,2010-2014,0.04780808627957759
2327,2010-2014,0.04315567611447099
2328,2010-2014,0.043173875190548924
2329,2010-2014,0.04454985753491044
2330,2010-2014,0.04538965686740426
2331,2010-2014,0.043757514754104034
2332,2010-2014,0.045520524412477344
2333,2010-2014,0.04862759299278887
2334,2010-2014,0.0504443784214943
2335,2010-2014,0.054458766611887185
2336,2010-2014,0.05389995461897827
2337,2010-2014,0.054645356624292554
2338,2010-2014,0.054635233946006
2339,2010-2014,0.05489531952028206
2340,2010-2014,0.054583477893631945
2341,2010-2014,0.05373464467748557
2342,2010-2014,0.05242104050900836
2343,2010-2014,0.050733689113769236
2344,2010-2014,0.04877306536317713
2345,2010-2014,0.04664274851927378
2346,2010-2014,0.04444017311246157
2347,2010-2014,0.04224594925276668
2348,2010-2014,0.04011729960309346
2349,2010-2014,0.038088425013431175
2350,2010-2014,0.036175817800549424
2351,2010-2014,0.03438458654284617
2352,2010-2014,0.03271309813934898
2353,2010-2014,0.031155510326545944
2354,2010-2014,0.02970298483506252
2355,2010-2014,0.02834363896903419
2356,2010-2014,0.027157999770945043
2357,2010-2014,0.026974635361630424
2358,2010-2014,0.03068992540369804
2359,2010-2014,0.030454865009899138
2384,2010-2014,0.042102776630085104
2385,2010-2014,0.03671876167095815
2386,2010-2014,0.03368907961687233
2387,2010-2014,0.03269571830887553
2390,2010-2014,0.05018522160634211
2392,2010-2014,0.04891748883023796
2393,2010-2014,0.04979166943041023
2394,2010-2014,0.05261725031925501
2395,2010-2014,0.04754399448609554
2397,2010-2014,0.04812885634975587
2398,2010-2014,0.04619703429616961
2399,2010-2014,0.04410845635092949
2400,2010-2014,0.043147618333238755
2401,2010-2014,0.045679439159962566
2402,2010-2014,0.04530569786549946
2403,2010-2014,0.04705953738661339
2404,2010-2014,0.048880191461666826
2405,2010-2014,0.050736161065043923
2406,2010-2014,0.05255447592999924
2407,2010-2014,0.05421613402489822
2408,2010-2014,0.05556918030179465
2409,2010-2014,0.05646149347796798
2410,2010-2014,0.05678282407460051
2411,2010-2014,0.05649480275154327
2412,2010-2014,0.055632067724359614
2413,2010-2014,0.0542782946407239
2414,2010-2014,0.05253766708444005
2415,2010-2014,0.05051764021808645
2416,2010-2014,0.04832206743716378
2417,2010-2014,0.046045982196502
2418,2010-2014,0.0437686763910637
2419,2010-2014,0.041548378060203346
2420,2010-2014,0.03942204107158237
2421,2010-2014,0.037409575657512864
2422,2010-2014,0.035519295831471814
2423,2010-2014,0.03375208720124406
2424,2010-2014,0.03210369210763737
2425,2010-2014,0.030565867498434433
2426,2010-2014,0.02912742069379556
2427,2010-2014,0.02777443571826939
2428,2010-2014,0.026420357237101483
2429,2010-2014,0.02473405587236923
2430,2010-2014,0.02850430940172352
2431,2010-2014,0.03024932053757439
2456,2010-2014,0.04168018877085239
2457,2010-2014,0.037189698480457146
2458,2010-2014,0.03239703875074552
2459,2010-2014,0.03264928899534425
2460,2010-2014,0.036129041403345705
2461,2010-2014,0.03946372442397243
2462,2010-2014,0.041426065684026105
2463,2010-2014,0.04569546328194229
2464,2010-2014,0.045569053528638555
2466,2010-2014,0.052173586528443554
2468,2010-2014,0.048979990718308296
2469,2010-2014,0.045476982029531474
2470,2010-2014,0.045564554156898404
2471,2010-2014,0.04350772639449327
2472,2010-2014,0.04510218930171844
2473,2010-2014,0.04674667940393039
2474,2010-2014,0.048450635812983436
2475,2010-2014,0.050213288946588254
2476,2010-2014,0.0520097405672183
2477,2010-2014,0.05377766524874823
2478,2010-2014,0.055410757130294724
2479,2010-2014,0.05676581155801368
2480,2010-2014,0.05768802713239845
2481,2010-2014,0.05805074204545201
2482,2010-2014,0.05779344416873824
2483,2010-2014,0.056936335280260576
2484,2010-2014,0.0555634285943867
2485,2010-2014,0.05378889705249056
2486,2010-2014,0.05172944189712613
2487,2010-2014,0.049491842764377826
2488,2010-2014,0.04716927858485204
2489,2010-2014,0.0448385595853893
2490,2010-2014,0.042557400474548826
2491,2010-2014,0.04036434170351895
2492,2010-2014,0.03828190634017871
2493,2010-2014,0.03632101142336549
2494,2010-2014,0.03448453673148856
2495,2010-2014,0.03276942405040805
2496,2010-2014,0.03116795963858856
2497,2010-2014,0.02966907989743554
2498,2010-2014,0.02826010248340592
2499,2010-2014,0.026926131613124404
2500,2010-2014,0.025651299858288193
2501,2010-2014,0.0243679882531136
2502,2010-2014,0.02550768001941908
2503,2010-2014,0.028441794214079007
2530,2010-2014,0.04143835872981862
2531,2010-2014,0.03982398751881289
2532,2010-2014,0.04006173004875928
2535,2010-2014,0.048979717169258336
2539,2010-2014,0.05143939970607592
2540,2010-2014,0.04878856238283646
2541,2010-2014,0.04667500495456775
2542,2010-2014,0.04485783370891851
2543,2010-2014,0.04639825212515525
2544,2010-2014,0.04797292996414508
2545,2010-2014,0.049900745863090845
2546,2010-2014,0.052307735811056515
2547,2010-2014,0.054485429867497055
2548,2010-2014,0.05453046513830349
2549,2010-2014,0.05604717419059205
2550,2010-2014,0.05734142731524544
2551,2010-2014,0.05821639030833366
2552,2010-2014,0.05857799880112568
2553,2010-2014,0.05834899050535148
2554,2010-2014,0.05752452505146769
2555,2010-2014,0.056170872959402
2556,2010-2014,0.054398987481857466
2557,2010-2014,0.05233154333915254
2558,2010-2014,0.05008132500348603
2559,2010-2014,0.04774340736188735
2560,2010-2014,0.04539372421591857
2561,2010-2014,0.043088969006692464
2562,2010-2014,0.040867717676677344
2563,2010-2014,0.03875334927585456
2564,2010-2014,0.03675781000369043
2565,2010-2014,0.034884772373271145
2566,2010-2014,0.03313171428161269
2567,2010-2014,0.031491399074147795
2568,2010-2014,0.029953420369978327
2569,2010-2014,0.028506037480656776
2570,2010-2014,0.027138010236129072
2571,2010-2014,0.02583837706081522
2572,2010-2014,0.024581788427966652
2573,2010-2014,0.023369919904997576
2574,2010-2014,0.02318327353370528
2575,2010-2014,0.02527471974293316
2576,2010-2014,0.02840525802771851
2605,2010-2014,0.047363938402319256
2606,2010-2014,0.04406453700296798
2607,2010-2014,0.044360670982018284
2608,2010-2014,0.04415100972031955
2609,2010-2014,0.04546321159800741
2610,2010-2014,0.04903707954289804
2611,2010-2014,0.047419889461216266
2612,2010-2014,0.04373946177678569
2613,2010-2014,0.04495155609916783
2614,2010-2014,0.04698962132061051
2615,2010-2014,0.0472433566606792
2616,2010-2014,0.05110462845668167
2617,2010-2014,0.053528239834657605
2618,2010-2014,0.05843148247806764
2619,2010-2014,0.06053990580887962
2620,2010-2014,0.060727628611171015
2621,2010-2014,0.05971166969987362
2622,2010-2014,0.05796603033103959
2623,2010-2014,0.05832833475840362
2624,2010-2014,0.05810262644675864
2625,2010-2014,0.057324818281198855
2626,2010-2014,0.05603185883781478
2627,2010-2014,0.054313268387866695
2628,2010-2014,0.05228498908870964
2629,2010-2014,0.0500629962726669
2630,2010-2014,0.047747544499907195
2631,2010-2014,0.045417563380429384
2632,2010-2014,0.043130354575968616
2633,2010-2014,0.04092383303357003
2634,2010-2014,0.03882028802599404
2635,2010-2014,0.036830536909008095
2636,2010-2014,0.034957354625147555
2637,2010-2014,0.03319783028639042
2638,2010-2014,0.031545091355694554
2639,2010-2014,0.029989906011833847
2640,2010-2014,0.02852232877255997
2641,2010-2014,0.027133143760362483
2642,2010-2014,0.025814756369966822
2643,2010-2014,0.024561297381821903
2644,2010-2014,0.02335750166558241
2645,2010-2014,0.022133551955713596
2646,2010-2014,0.0211710518375449
2647,2010-2014,0.024611941538780102
2648,2010-2014,0.027539797047110626
2678,2010-2014,0.049477715929001236
2679,2010-2014,0.04396428414125301
2680,2010-2014,0.04170515752250903
2681,2010-2014,0.04121486141306316
2682,2010-2014,0.04055385424122067
2683,2010-2014,0.04266334573033641
2684,2010-2014,0.04408816006508869
2685,2010-2014,0.04808827717846103
2686,2010-2014,0.05182060805536355
2687,2010-2014,0.056067351542498624
2688,2010-2014,0.05999563351198028
2689,2010-2014,0.06566569030221384
2691,2010-2014,0.0729351287941131
2692,2010-2014,0.07325229023954642
2693,2010-2014,0.0650750204419403
2694,2010-2014,0.06096127140425712
2695,2010-2014,0.05697349001634076
2696,2010-2014,0.05635649590162369
2697,2010-2014,0.05514745933285668
2698,2010-2014,0.05352949576918572
2699,2010-2014,0.05159681828022432
2700,2010-2014,0.04945756598211321
2701,2010-2014,0.047213788790102906
2702,2010-2014,0.044949016710099175
2703,2010-2014,0.042723532916220726
2704,2010-2014,0.040575355608364824
2705,2010-2014,0.038524689583561075
2706,2010-2014,0.03657944879996146
2707,2010-2014,0.034739963489944355
2708,2010-2014,0.03300219412282763
2709,2010-2014,0.03135976412823342
2710,2010-2014,0.029805376281553535
2711,2010-2014,0.028331914115004762
2712,2010-2014,0.026933210303668277
2713,2010-2014,0.025604368184272877
2714,2010-2014,0.02434164355181553
2715,2010-2014,0.023142060590692033
2716,2010-2014,0.021910640473269558
2717,2010-2014,0.02032253155065553
2718,2010-2014,0.022104580124178725
2719,2010-2014,0.0234917830655212
2750,2010-2014,0.052163492014111273
2751,2010-2014,0.05127996819747399
2752,2010-2014,0.046473536474028215
2753,2010-2014,0.04242745798943705
2754,2010-2014,0.04404250388593003
2755,2010-2014,0.047431757819296344
2756,2010-2014,0.048729989353043277
2757,2010-2014,0.05219169591741547
2758,2010-2014,0.06456579209081452
2759,2010-2014,0.07214216444762749
2765,2010-2014,0.07117897803465512
2766,2010-2014,0.06283597915066004
2767,2010-2014,0.054273761920105495
2768,2010-2014,0.05360526635609821
2769,2010-2014,0.05211386458483989
2770,2010-2014,0.0503242604990222
2771,2010-2014,0.04832585060373671
2772,2010-2014,0.04621239219471932
2773,2010-2014,0.04406635742444007
2774,2010-2014,0.0419494755130002
2775,2010-2014,0.03990026940539726
2776,2010-2014,0.037937367395258756
2777,2010-2014,0.03606583774974664
2778,2010-2014,0.03428351603722073
2779,2010-2014,0.03258554167045323
2780,2010-2014,0.030966871945529474
2781,2010-2014,0.029423354861849098
2782,2010-2014,0.02795199816234817
2783,2010-2014,0.026550830794971912
2784,2010-2014,0.02521856656649361
2785,2010-2014,0.02395415440137797
2786,2010-2014,0.022756437975276114
2787,2010-2014,0.021605292213283868
2788,2010-2014,0.020252056886339204
2789,2010-2014,0.020444464290876006
2790,2010-2014,0.02394423468139563
2791,2010-2014,0.024177183153300027
2826,2010-2014,0.06259007615384544
2827,2010-2014,0.06287312315114268
2837,2010-2014,0.06517922963012542
2838,2010-2014,0.059164568490378454
2839,2010-2014,0.05101033242727761
2840,2010-2014,0.050189706456752414
2841,2010-2014,0.048567735382313224
2842,2010-2014,0.04675204641189927
2843,2010-2014,0.04482066690309769
2844,2010-2014,0.04284566662159777
2845,2010-2014,0.04088269059641809
2846,2010-2014,0.03896712974754005
2847,2010-2014,0.03711600210784586
2848,2010-2014,0.03533347342228735
2849,2010-2014,0.033617347967223925
2850,2010-2014,0.03196422922415034
2851,2010-2014,0.03037236605269408
2852,2010-2014,0.02884227113486469
2853,2010-2014,0.027376241984144664
2854,2010-2014,0.025977294184202807
2855,2010-2014,0.024648171279361804
2856,2010-2014,0.023390665277785473
2857,2010-2014,0.022205298809474673
2858,2010-2014,0.021091312601532266
2859,2010-2014,0.01992246104429665
2860,2010-2014,0.019684809045015336
2861,2010-2014,0.021775771624082993
2862,2010-2014,0.023191631038895148
2909,2010-2014,0.05440278347242587
2910,2010-2014,0.05210592419675591
2911,2010-2014,0.046907237896745765
2912,2010-2014,0.04645106187210231
2913,2010-2014,0.044832171802615166
2914,2010-2014,0.04310645974855756
2915,2010-2014,0.04133269076715186
2916,2010-2014,0.0395542267932336
2917,2010-2014,0.037796692640652454
2918,2010-2014,0.0360719073529827
2919,2010-2014,0.03438372946277969
2920,2010-2014,0.032733195709537664
2921,2010-2014,0.031122205291180708
2922,2010-2014,0.029555198999736666
2923,2010-2014,0.028039093680941332
2924,2010-2014,0.026582072405599268
2925,2010-2014,0.025192019778632616
2926,2010-2014,0.023875229607321836
2927,2010-2014,0.022635679145383263
2928,2010-2014,0.02147487004810626
2929,2010-2014,0.020392083725361543
2930,2010-2014,0.01933816887132626
2931,2010-2014,0.018119641972751212
2932,2010-2014,0.020205548366606353
2933,2010-2014,0.02115183815044146
2981,2010-2014,0.05272069466179688
2982,2010-2014,0.04383126775845298
2983,2010-2014,0.0430484120156086
2984,2010-2014,0.04267728675222159
2985,2010-2014,0.04114722383349447
2986,2010-2014,0.039567358973964885
2987,2010-2014,0.037972619504863546
2988,2010-2014,0.03637820192567642
2989,2010-2014,0.03478662447485151
2990,2010-2014,0.03319762586352436
2991,2010-2014,0.03161482517990773
2992,2010-2014,0.03004728335346543
2993,2010-2014,0.0285080826718187
2994,2010-2014,0.02701197255610316
2995,2010-2014,0.02557316392338689
2996,2010-2014,0.024203647779608217
2997,2010-2014,0.022912085958585647
2998,2010-2014,0.02170353122770954
2999,2010-2014,0.0205796340486446
3000,2010-2014,0.019539168125132105
3001,2010-2014,0.01853095012640335
3002,2010-2014,0.01738236293626902
3003,2010-2014,0.01831673642240752
3004,2010-2014,0.01918945975120507
3005,2010-2014,0.01918196535953013
3007,2010-2014,0.0241842345384818
3052,2010-2014,0.055326084918117295
3053,2010-2014,0.04811301775217491
3054,2010-2014,0.0402956285185237
3055,2010-2014,0.03991653263025717
3056,2010-2014,0.03904457201037755
3057,2010-2014,0.03762877960561909
3058,2010-2014,0.03617006590219886
3059,2010-2014,0.03461917869231625
3060,2010-2014,0.03305173495521807
3061,2010-2014,0.03151731330125758
3062,2010-2014,0.030045575942253648
3063,2010-2014,0.02870878502592226
3064,2010-2014,0.027281758192614528
3065,2010-2014,0.025821839865822635
3066,2010-2014,0.024417130880063774
3067,2010-2014,0.02308331506831981
3068,2010-2014,0.021830810240652962
3069,2010-2014,0.020658926170039015
3070,2010-2014,0.01957782573319485
3071,2010-2014,0.018568572552062703
3072,2010-2014,0.017586493857974023
3073,2010-2014,0.016471740701693324
3074,2010-2014,0.016801945960046832
3075,2010-2014,0.018022168458853186
3076,2010-2014,0.017758356757812573
3078,2010-2014,0.018461734272883806
3079,2010-2014,0.021593343576027307
3124,2010-2014,0.05351080570020029
3125,2010-2014,0.04694672228594863
3126,2010-2014,0.04306662149730103
3127,2010-2014,0.03849449191647468
3128,2010-2014,0.035264852466559415
3129,2010-2014,0.034403007225569396
3130,2010-2014,0.03431704722463259
3131,2010-2014,0.03271554744844774
3132,2010-2014,0.03157792479420554
3133,2010-2014,0.02920131404447072
3134,2010-2014,0.027789448715911862
3135,2010-2014,0.025732309145824993
3136,2010-2014,0.024536681813193625
3137,2010-2014,0.02322751394681189
3138,2010-2014,0.02194509101845275
3139,2010-2014,0.020742594918627972
3140,2010-2014,0.019612385181424406
3141,2010-2014,0.018518317015800857
3142,2010-2014,0.017459943519941075
3143,2010-2014,0.017143943867276905
3144,2010-2014,0.01677194149871952
3145,2010-2014,0.017287228616855683
3146,2010-2014,0.018774264559974534
3147,2010-2014,0.018010316331115595
3149,2010-2014,0.01653493469339081
3150,2010-2014,0.018556590349425382
3151,2010-2014,0.01943081735627797
3198,2010-2014,0.045663234706728104
3199,2010-2014,0.03715057294329381
3200,2010-2014,0.03127855576380115
3201,2010-2014,0.030479213915332454
3202,2010-2014,0.033317269918420274
3203,2010-2014,0.035916828472465356
3204,2010-2014,0.03501048728866846
3205,2010-2014,0.031110167601376956
3206,2010-2014,0.02847845128381945
3207,2010-2014,0.023767718125633094
3208,2010-2014,0.021455409220441157
3209,2010-2014,0.020618165834807956
3210,2010-2014,0.01952267664689482
3211,2010-2014,0.018434333438722535
3212,2010-2014,0.017292354117643297
3213,2010-2014,0.016757080345607626
3214,2010-2014,0.017221855854189144
3215,2010-2014,0.017779621433201435
3216,2010-2014,0.018975951860422984
3217,2010-2014,0.018937603839377273
3218,2010-2014,0.019876358416310403
3221,2010-2014,0.017810759475730464
3222,2010-2014,0.01864807492505286
3270,2010-2014,0.04597928168130844
3271,2010-2014,0.04050567421678826
3272,2010-2014,0.03599106750799916
3273,2010-2014,0.03347479372447413
3275,2010-2014,0.03786101069080169
3278,2010-2014,0.029514683646208847
3279,2010-2014,0.026421056034840674
3280,2010-2014,0.02212634463064512
3281,2010-2014,0.019032631165615325
3282,2010-2014,0.018162904553262346
3283,2010-2014,0.017213703080031197
3284,2010-2014,0.017307305299833944
3285,2010-2014,0.01887717861571544
3286,2010-2014,0.019026086207153445
3287,2010-2014,0.019071943243120906
3293,2010-2014,0.02072185028963559
3294,2010-2014,0.02148528061188815
3295,2010-2014,0.02366022808390349
3343,2010-2014,0.04509247770237291
3344,2010-2014,0.041858694168278
3345,2010-2014,0.04431677657428056
3351,2010-2014,0.02680928765482638
3352,2010-2014,0.022715486090905988
3353,2010-2014,0.019848416546093997
3354,2010-2014,0.017779757755357936
3355,2010-2014,0.017416544643531803
3356,2010-2014,0.018335040271184596
3357,2010-2014,0.019456930291131096
3426,2010-2014,0.01680943138206121
3427,2010-2014,0.017502856428949252
3497,2010-2014,0.019152140776585405
3498,2010-2014,0.018080045549537436
3499,2010-2014,0.01870545512837737
3568,2010-2014,0.024067374803310424
3569,2010-2014,0.02206869080024352
3570,2010-2014,0.020674966053935158
3571,2010-2014,0.020235552407090934
3641,2010-2014,0.024809955268204967
3642,2010-2014,0.02389918931317705
56,2015-2019,0.07849599828532343
57,2015-2019,0.07628167541895707
128,2015-2019,0.09390238374699378
129,2015-2019,0.0865173564758762
130,2015-2019,0.13852209404457674
198,2015-2019,0.07710404573066265
199,2015-2019,0.0785133229245972
203,2015-2019,0.06549311427063582
270,2015-2019,0.07820990348181728
271,2015-2019,0.07403678871100829
272,2015-2019,0.0659798969282768
274,2015-2019,0.06428282441499163
276,2015-2019,0.0625933818135351
341,2015-2019,0.16155488435834733
342,2015-2019,0.08741726906407675
343,2015-2019,0.07772377094214901
344,2015-2019,0.0648106570038017
345,2015-2019,0.07950542167016889
347,2015-2019,0.06609000309806151
412,2015-2019,0.10252533273911044
413,2015-2019,0.09841919462683647
414,2015-2019,0.09158315617840618
415,2015-2019,0.09081168278013232
416,2015-2019,0.09387395178876995
417,2015-2019,0.07646640994319139
418,2015-2019,0.0697409657644009
483,2015-2019,0.09858614562465476
484,2015-2019,0.11810736647737008
485,2015-2019,0.11749086364059437
486,2015-2019,0.11843454618995923
487,2015-2019,0.12957522565357177
488,2015-2019,0.10745059977967261
554,2015-2019,0.10142420168661138
555,2015-2019,0.09576359016917693
556,2015-2019,0.08445646837535224
557,2015-2019,0.08173845023124467
558,2015-2019,0.08475519297645376
559,2015-2019,0.0841387823200021
560,2015-2019,0.08442707401121036
561,2015-2019,0.0733348867647451
563,2015-2019,0.06574188159259524
564,2015-2019,0.06804346605227063
592,2015-2019,0.12918820832978142
593,2015-2019,0.1124890479932936
625,2015-2019,0.08941358876720248
626,2015-2019,0.08064188778589884
627,2015-2019,0.0829414521020857
628,2015-2019,0.08014477405368359
629,2015-2019,0.08457137342197502
630,2015-2019,0.0950045390515243
631,2015-2019,0.09944118500613794
632,2015-2019,0.09988127833362861
634,2015-2019,0.08874854830487687
635,2015-2019,0.07306622508151772
636,2015-2019,0.07263831160251476
637,2015-2019,0.08303252953435146
640,2015-2019,0.08360533420119452
663,2015-2019,0.1621269572556121
664,2015-2019,0.12340690055047802
665,2015-2019,0.11495831158897035
666,2015-2019,0.09172158613103129
696,2015-2019,0.10883478497216895
698,2015-2019,0.09902715694430597
699,2015-2019,0.09632025335024386
700,2015-2019,0.14925684585604942
701,2015-2019,0.1030533693841107
702,2015-2019,0.08344569003474318
704,2015-2019,0.10056593375465495
705,2015-2019,0.11611830199735922
706,2015-2019,0.0994812664299489
708,2015-2019,0.11533164449420016
710,2015-2019,0.1087879812336969
711,2015-2019,0.0989374806741696
712,2015-2019,0.1045364914163879
716,2015-2019,0.10563511339550305
717,2015-2019,0.09841918069411415
735,2015-2019,0.12414055215997295
736,2015-2019,0.09908455615774728
737,2015-2019,0.0932071370309017
738,2015-2019,0.11256626603720352
772,2015-2019,0.0953896311139286
773,2015-2019,0.08182295205320021
774,2015-2019,0.09173108716547583
775,2015-2019,0.08115576040446898
776,2015-2019,0.08289069211161978
777,2015-2019,0.0844957644157133
778,2015-2019,0.07243840055442476
783,2015-2019,0.06952104073340404
784,2015-2019,0.06798830132524153
785,2015-2019,0.0655050448073874
787,2015-2019,0.0679440040713787
788,2015-2019,0.09301040301374226
804,2015-2019,0.1355025805024263
805,2015-2019,0.13457847925760322
806,2015-2019,0.1427583432144848
807,2015-2019,0.14022160962194669
808,2015-2019,0.13042654054851416
809,2015-2019,0.10737195989860214
810,2015-2019,0.10587591364957052
811,2015-2019,0.10488279101737892
812,2015-2019,0.15877124425552364
813,2015-2019,0.15897107796176255
845,2015-2019,0.08172026494064642
846,2015-2019,0.17835220687959782
847,2015-2019,0.07678169082873078
848,2015-2019,0.07373477460871287
849,2015-2019,0.0640118744737873
850,2015-2019,0.06988156617549986
851,2015-2019,0.06616753107400924
854,2015-2019,0.07807293518654601
855,2015-2019,0.06770126648122614
856,2015-2019,0.06682165197162984
857,2015-2019,0.06340253009265089
858,2015-2019,0.06734799689736087
859,2015-2019,0.06549879259374085
860,2015-2019,0.06119456213755404
876,2015-2019,0.1003824576026615
877,2015-2019,0.09168205734948758
878,2015-2019,0.09929854210501182
879,2015-2019,0.10834724286696644
881,2015-2019,0.09531851026780983
882,2015-2019,0.09879211703632385
883,2015-2019,0.12382770879600599
884,2015-2019,0.1563697088495447
885,2015-2019,0.13931334570347453
916,2015-2019,0.10230108793028778
917,2015-2019,0.11494410189414209
918,2015-2019,0.10336588722041413
919,2015-2019,0.10083537936820589
920,2015-2019,0.10136726675640657
921,2015-2019,0.06902911617933083
922,2015-2019,0.06406747018799006
923,2015-2019,0.06809152998146141
926,2015-2019,0.0695045842166134
927,2015-2019,0.06601971909040094
929,2015-2019,0.056944486158715564
930,2015-2019,0.0737151874318089
931,2015-2019,0.07614732128023756
947,2015-2019,0.09154814619180432
948,2015-2019,0.09824639908158472
949,2015-2019,0.09324449298168118
950,2015-2019,0.09570627972826296
951,2015-2019,0.09266567431991868
952,2015-2019,0.09582132148838796
953,2015-2019,0.10118172786201439
955,2015-2019,0.10058040185800694
956,2015-2019,0.10674347767573286
985,2015-2019,0.10712686912165259
986,2015-2019,0.11309728733328715
987,2015-2019,0.1113298042087478
988,2015-2019,0.08457035056900064
989,2015-2019,0.08872717702465838
991,2015-2019,0.06823735229221746
992,2015-2019,0.05904908661471498
993,2015-2019,0.05190641420704514
994,2015-2019,0.052336197094889236
995,2015-2019,0.05745212587832662
996,2015-2019,0.05744439366092698
997,2015-2019,0.05437056010081857
999,2015-2019,0.05299351784698829
1001,2015-2019,0.049785835749551664
1002,2015-2019,0.0544964746837334
1003,2015-2019,0.05828188042322633
1018,2015-2019,0.10758698001427244
1019,2015-2019,0.11771000169525038
1020,2015-2019,0.12323287480824638
1021,2015-2019,0.1516534906560323
1022,2015-2019,0.08915247306698006
1023,2015-2019,0.0947605852772539
1025,2015-2019,0.10101045542676158
1026,2015-2019,0.10236689653768391
1027,2015-2019,0.09991039183573247
1028,2015-2019,0.11214524254125903
1029,2015-2019,0.11026257918318634
1055,2015-2019,0.10521405445617696
1057,2015-2019,0.10794475925659605
1058,2015-2019,0.09577107207423541
1061,2015-2019,0.10705033374729592
1063,2015-2019,0.08430037462314532
1064,2015-2019,0.06606054049353034
1065,2015-2019,0.0670266721253566
1066,2015-2019,0.06671342145700536
1068,2015-2019,0.09849978358791518
1069,2015-2019,0.1046660247404055
1070,2015-2019,0.08072566571759787
1073,2015-2019,0.05634293100261159
1075,2015-2019,0.06090295053177926
1076,2015-2019,0.0689430197752814
1089,2015-2019,0.10114893257286242
1090,2015-2019,0.10477300685219344
1091,2015-2019,0.09801666834157753
1092,2015-2019,0.09800876658066011
1093,2015-2019,0.10316031702028468
1094,2015-2019,0.11211993144903644
1095,2015-2019,0.08125075995685604
1096,2015-2019,0.07928875721376545
1097,2015-2019,0.08786078409416843
1098,2015-2019,0.08437162971922132
1099,2015-2019,0.08973348538752127
1100,2015-2019,0.0944256960612403
1101,2015-2019,0.09867014103314518
1103,2015-2019,0.09144573854290357
1125,2015-2019,0.10198795436460983
1126,2015-2019,0.09993649321079566
1127,2015-2019,0.09908297411583722
1128,2015-2019,0.10095736386411447
1129,2015-2019,0.1270395371759729
1130,2015-2019,0.0929860558216099
1131,2015-2019,0.0900082482133818
1132,2015-2019,0.08233233137123695
1133,2015-2019,0.08608477192020071
1134,2015-2019,0.07956125941394528
1136,2015-2019,0.06504253149463436
1137,2015-2019,0.06134607192195698
1138,2015-2019,0.055862463068964745
1139,2015-2019,0.0546573232085355
1140,2015-2019,0.05672934805596843
1141,2015-2019,0.056742892876393634
1142,2015-2019,0.06306725921157133
1143,2015-2019,0.0634719086882926
1144,2015-2019,0.05691993409609398
1145,2015-2019,0.05958194211240444
1161,2015-2019,0.11200890579831946
1162,2015-2019,0.11582460874077248
1163,2015-2019,0.10971071754365976
1164,2015-2019,0.1274077574349254
1165,2015-2019,0.092935234291617555
1166,2015-2019,0.08468221339927179
1167,2015-2019,0.07405807095433849
1168,2015-2019,0.07458348689779813
1169,2015-2019,0.07881419948168046
1170,2015-2019,0.08421240888745102
1171,2015-2019,0.07749457952800988
1172,2015-2019,0.08214844156450357
1173,2015-2019,0.08842753690941277
1175,2015-2019,0.11007584177721028
1196,2015-2019,0.12293617292461889
1197,2015-2019,0.10945305014411551
1198,2015-2019,0.10535618909879303
1199,2015-2019,0.10928118802157667
1200,2015-2019,0.11104110092481975
1201,2015-2019,0.12944488513338043
1202,2015-2019,0.13330505125438283
1203,2015-2019,0.10656144814303398
1204,2015-2019,0.10601176357245766
1205,2015-2019,0.08994536005045646
1206,2015-2019,0.08293179970256034
1207,2015-2019,0.07377590846119236
1208,2015-2019,0.06755031453270932
1209,2015-2019,0.06628281098560078
1210,2015-2019,0.06825990052750734
1211,2015-2019,0.072622038011339
1212,2015-2019,0.07960054447399195
1213,2015-2019,0.06838614578575383
1214,2015-2019,0.06062578020929486
1215,2015-2019,0.05670814566833797
1216,2015-2019,0.05324786525792483
1234,2015-2019,0.11037611519879174
1235,2015-2019,0.10431829956635523
1236,2015-2019,0.09050111864707207
1237,2015-2019,0.09288159015514402
1238,2015-2019,0.07797611931189448
1239,2015-2019,0.0765030833284279
1240,2015-2019,0.07191794631070175
1241,2015-2019,0.08279797217531223
1242,2015-2019,0.08892507929270504
1243,2015-2019,0.10125626022223078
1244,2015-2019,0.09571573290247333
1245,2015-2019,0.10151879478715083
1246,2015-2019,0.09314592344079231
1247,2015-2019,0.10679888504713404
1248,2015-2019,0.10571943606076747
1249,2015-2019,0.11455893761575343
1268,2015-2019,0.1275886700949084
1269,2015-2019,0.13082901898175214
1270,2015-2019,0.12044770758530243
1271,2015-2019,0.1131238134816852
1272,2015-2019,0.1050830644250396
1273,2015-2019,0.10615989147264873
1274,2015-2019,0.10152721990404619
1275,2015-2019,0.1185419535594285
1276,2015-2019,0.11429988993861248
1277,2015-2019,0.08196204161559574
1279,2015-2019,0.08601700147727637
1280,2015-2019,0.1025722184871469
1281,2015-2019,0.08077404910018372
1282,2015-2019,0.07438512947489255
1283,2015-2019,0.07220940897456268
1284,2015-2019,0.06214533587032824
1285,2015-2019,0.06105595934472905
1286,2015-2019,0.05760350814805282
1287,2015-2019,0.05578747852264059
1288,2015-2019,0.05328515158679246
1289,2015-2019,0.0515803569669059
1305,2015-2019,0.10776066727440349
1306,2015-2019,0.10776284239474819
1307,2015-2019,0.10983924186851274
1308,2015-2019,0.15398014519696268
1309,2015-2019,0.13883801729727008
1312,2015-2019,0.09223711532906204
1313,2015-2019,0.09598884552748015
1314,2015-2019,0.10063895134536074
1315,2015-2019,0.12673684596424814
1316,2015-2019,0.11920796640414852
1319,2015-2019,0.11906549291017213
1320,2015-2019,0.12990978462804512
1321,2015-2019,0.14170324999442924
1322,2015-2019,0.15257427304842763
1328,2015-2019,0.17436111867987691
1339,2015-2019,0.14414340148810867
1340,2015-2019,0.15104979442200236
1341,2015-2019,0.15655857526018996
1342,2015-2019,0.1481401682730283
1344,2015-2019,0.11555001538030842
1345,2015-2019,0.12287565835156393
1346,2015-2019,0.11693700988065794
1348,2015-2019,0.10507575819967345
1349,2015-2019,0.09229074141191256
1350,2015-2019,0.1024045140942398
1351,2015-2019,0.08463872310389517
1352,2015-2019,0.07986894033860142
1353,2015-2019,0.07683471471838622
1354,2015-2019,0.07239467388535806
1355,2015-2019,0.07070797654797986
1356,2015-2019,0.07309193977809914
1357,2015-2019,0.08767451574539926
1358,2015-2019,0.08310935350462345
1359,2015-2019,0.09323113907266813
1360,2015-2019,0.06355923066762505
1361,2015-2019,0.06691192520902702
1377,2015-2019,0.13009152437853633
1379,2015-2019,0.097293519556859
1380,2015-2019,0.09968979261821352
1381,2015-2019,0.09237454710516249
1382,2015-2019,0.1021416701076614
1383,2015-2019,0.09399280707990121
1384,2015-2019,0.11183973577031743
1385,2015-2019,0.12837339069353318
1386,2015-2019,0.13685511225764438
1393,2015-2019,0.15479714054625515
1400,2015-2019,0.12726496030033296
1401,2015-2019,0.12563329312850266
1410,2015-2019,0.1486006493824029
1412,2015-2019,0.13995592987264552
1413,2015-2019,0.13876165213902494
1414,2015-2019,0.13035198008894713
1415,2015-2019,0.13028943071941046
1416,2015-2019,0.15362326525885464
1417,2015-2019,0.11242524086711488
1418,2015-2019,0.12085065475858643
1419,2015-2019,0.10422349269666148
1420,2015-2019,0.09218205310377714
1421,2015-2019,0.09039344168178039
1422,2015-2019,0.08045580261039965
1423,2015-2019,0.084964915073355185
1424,2015-2019,0.09562512463989589
1425,2015-2019,0.08071909403684649
1426,2015-2019,0.06934857848048406
1427,2015-2019,0.07561558890060459
1428,2015-2019,0.08353353729593822
1429,2015-2019,0.0894587119980566
1430,2015-2019,0.08845675992031919
1447,2015-2019,0.09790979403749753
1448,2015-2019,0.10811305594022097
1449,2015-2019,0.13283599828252715
1450,2015-2019,0.12112765719726387
1452,2015-2019,0.10909574843779789
1453,2015-2019,0.10950120587143276
1454,2015-2019,0.11031368251649884
1455,2015-2019,0.115705170019735
1456,2015-2019,0.10504834397481835
1462,2015-2019,0.12413511236480912
1465,2015-2019,0.12362287138621128
1466,2015-2019,0.11947339294635041
1468,2015-2019,0.12921101405846547
1471,2015-2019,0.1597564908873705
1476,2015-2019,0.13312652033826966
1477,2015-2019,0.10995650401395046
1479,2015-2019,0.09584092712664372
1480,2015-2019,0.10084994074967948
1481,2015-2019,0.086035004352289
1482,2015-2019,0.09586031840953403
1483,2015-2019,0.10845179341339121
1484,2015-2019,0.1140834642557189
1485,2015-2019,0.12354111392662029
1486,2015-2019,0.12753266343604358
1487,2015-2019,0.1235438654857934
1488,2015-2019,0.12269133012046074
1489,2015-2019,0.13835316900102707
1490,2015-2019,0.18887378137289731
1491,2015-2019,0.1773332435786304
1492,2015-2019,0.09252472640076156
1493,2015-2019,0.08890365270209762
1494,2015-2019,0.07900406938734089
1495,2015-2019,0.07861917294499401
1496,2015-2019,0.0748755480878018
1497,2015-2019,0.08583325035459538
1498,2015-2019,0.06844154174506743
1499,2015-2019,0.06848316473866399
1500,2015-2019,0.07850821325096932
1502,2015-2019,0.10027687132772904
1518,2015-2019,0.09686523877300922
1520,2015-2019,0.09687615388905241
1521,2015-2019,0.09387700552155195
1522,2015-2019,0.10419664820308056
1523,2015-2019,0.1129098551950868
1528,2015-2019,0.1333598794757109
1529,2015-2019,0.13848195531809504
1533,2015-2019,0.12145953120816474
1535,2015-2019,0.13708138810214726
1536,2015-2019,0.12434362931968786
1537,2015-2019,0.11764751490410624
1538,2015-2019,0.12341650695323145
1539,2015-2019,0.18337760344567278
1540,2015-2019,0.18545043387202712
1542,2015-2019,0.15660813925786318
1549,2015-2019,0.0974151630918443
1550,2015-2019,0.08813072494124138
1551,2015-2019,0.07406356167054765
1552,2015-2019,0.08402169855829765
1553,2015-2019,0.08665415568560855
1554,2015-2019,0.09129583056552858
1555,2015-2019,0.13454648432822414
1556,2015-2019,0.14352929761976033
1557,2015-2019,0.1306546015887605
1558,2015-2019,0.18617333877788586
1559,2015-2019,0.18612336277712785
1560,2015-2019,0.11408349984276706
1561,2015-2019,0.10429431937265499
1562,2015-2019,0.08729657419583174
1563,2015-2019,0.08343525031492621
1564,2015-2019,0.08394410748287312
1565,2015-2019,0.07834048771810413
1566,2015-2019,0.09100019243308083
1567,2015-2019,0.07572270380719662
1568,2015-2019,0.06755837741187457
1569,2015-2019,0.07486557507738924
1570,2015-2019,0.07938074782245025
1571,2015-2019,0.0955181732135769
1586,2015-2019,0.09554583542090272
1587,2015-2019,0.09126168692653772
1588,2015-2019,0.09056481898488858
1589,2015-2019,0.0896156716948314
1590,2015-2019,0.09919486865052113
1591,2015-2019,0.13096300906966
1592,2015-2019,0.18681278000628673
1593,2015-2019,0.17605046934609467
1594,2015-2019,0.16582231831165262
1597,2015-2019,0.12238865217060724
1599,2015-2019,0.11841336666957225
1602,2015-2019,0.1472620873759452
1608,2015-2019,0.12993432377248407
1609,2015-2019,0.09938718049081591
1610,2015-2019,0.1023532821824222
1611,2015-2019,0.10437996206919138
1612,2015-2019,0.11725948251548823
1613,2015-2019,0.130931083351951
1614,2015-2019,0.1380929823793383
1616,2015-2019,0.1395398981185952
1617,2015-2019,0.12502956374493496
1618,2015-2019,0.12241046103430604
1619,2015-2019,0.1013992494098528
1620,2015-2019,0.09442336633146813
1621,2015-2019,0.08650213796964343
1622,2015-2019,0.0785525413190946
1623,2015-2019,0.08312122990971098
1624,2015-2019,0.0920844374757772
1625,2015-2019,0.13460004504931564
1626,2015-2019,0.16794803561105576
1627,2015-2019,0.116516120055417
1628,2015-2019,0.13569994894569415
1629,2015-2019,0.11442764627251238
1630,2015-2019,0.101025204834002
1631,2015-2019,0.09423930046420743
1632,2015-2019,0.10756893411557074
1633,2015-2019,0.09757167940300611
1634,2015-2019,0.08441890249013159
1635,2015-2019,0.07702645166965509
1636,2015-2019,0.08685250016714377
1637,2015-2019,0.07764853761690857
1639,2015-2019,0.06647067461058614
1640,2015-2019,0.05704473167225151
1641,2015-2019,0.05500635655102058
1642,2015-2019,0.05707773467516976
1658,2015-2019,0.14002908740628878
1659,2015-2019,0.08959355719525873
1660,2015-2019,0.11616204352779892
1661,2015-2019,0.11198482954197739
1662,2015-2019,0.12449929709849242
1666,2015-2019,0.10446590632734429
1669,2015-2019,0.10584325842942313
1672,2015-2019,0.10487048678822891
1674,2015-2019,0.1073558768521158
1675,2015-2019,0.10241109985399707
1676,2015-2019,0.11213259364418478
1678,2015-2019,0.11685793418109418
1679,2015-2019,0.1069846767615371
1680,2015-2019,0.14726949656974717
1681,2015-2019,0.1888113919789371
1684,2015-2019,0.1529370572039936
1685,2015-2019,0.12074041970427449
1686,2015-2019,0.18470255257507887
1687,2015-2019,0.1635820825644403
1688,2015-2019,0.17313651167711028
1689,2015-2019,0.14815935812442513
1691,2015-2019,0.1320959382250688
1692,2015-2019,0.1137891259990721
1693,2015-2019,0.08666476105293795
1694,2015-2019,0.08067621899435107
1695,2015-2019,0.1010487887214103
1696,2015-2019,0.1073508355247158
1697,2015-2019,0.0969409017027189
1698,2015-2019,0.09793409542216337
1699,2015-2019,0.11078151937720644
1700,2015-2019,0.12232928955007051
1701,2015-2019,0.1373752531705549
1702,2015-2019,0.14623652400253367
1703,2015-2019,0.1350279869991274
1704,2015-2019,0.13601775478550168
1705,2015-2019,0.09389642507284461
1706,2015-2019,0.11619481195537969
1707,2015-2019,0.06990787251554316
1708,2015-2019,0.07871473747779667
1710,2015-2019,0.08625343838281323
1711,2015-2019,0.08886292453614508
1712,2015-2019,0.0872275520342613
1731,2015-2019,0.08645860412316965
1732,2015-2019,0.10826836411513621
1733,2015-2019,0.09023486935610509
1734,2015-2019,0.10319544653904965
1737,2015-2019,0.1345920697850662
1738,2015-2019,0.14527317956275365
1739,2015-2019,0.0938996174452768
1743,2015-2019,0.09853751649104342
1748,2015-2019,0.07580983250880396
1749,2015-2019,0.07653165956641617
1753,2015-2019,0.07949840001823075
1755,2015-2019,0.07439196975651542
1756,2015-2019,0.07818965178091518
1757,2015-2019,0.06635441971944075
1758,2015-2019,0.07481061816690592
1759,2015-2019,0.06969504226434908
1760,2015-2019,0.07413286509258081
1761,2015-2019,0.07858713829938285
1762,2015-2019,0.07823852289019065
1764,2015-2019,0.07015956235195324
1765,2015-2019,0.07208095192983269
1766,2015-2019,0.07275024594800707
1767,2015-2019,0.07483064213004163
1769,2015-2019,0.08069658479096366
1770,2015-2019,0.0805612189328076
1771,2015-2019,0.07328337118539345
1772,2015-2019,0.06716407670578306
1773,2015-2019,0.06376855127944794
1774,2015-2019,0.05985812819317108
1775,2015-2019,0.058623569271939756
1776,2015-2019,0.05772472445076483
1777,2015-2019,0.052260062982736145
1778,2015-2019,0.048945411219541386
1779,2015-2019,0.04669240887673759
1782,2015-2019,0.050455335381923434
1783,2015-2019,0.051157487090344074
1803,2015-2019,0.07627508453676529
1804,2015-2019,0.07031661536827469
1805,2015-2019,0.05646039224925948
1806,2015-2019,0.06130855689574093
1807,2015-2019,0.06410846709698359
1808,2015-2019,0.07142341269527265
1809,2015-2019,0.06317444279524702
1815,2015-2019,0.08685953109017208
1816,2015-2019,0.08183898535134332
1819,2015-2019,0.06789506105468587
1820,2015-2019,0.06209421596918067
1821,2015-2019,0.06048076934936515
1822,2015-2019,0.05239231380471673
1823,2015-2019,0.056416122504180974
1824,2015-2019,0.05961997917674311
1825,2015-2019,0.0547892975494091
1826,2015-2019,0.05654139418154071
1827,2015-2019,0.047579313255748074
1828,2015-2019,0.04053509647099248
1829,2015-2019,0.04141115920904253
1830,2015-2019,0.042096018715231075
1831,2015-2019,0.04856174451164031
1832,2015-2019,0.04915434606761266
1833,2015-2019,0.05088759290180989
1834,2015-2019,0.050733179982242485
1835,2015-2019,0.04871289373759441
1836,2015-2019,0.04984624480066171
1837,2015-2019,0.04826602558090617
1838,2015-2019,0.05107383461195599
1839,2015-2019,0.05464166947532649
1840,2015-2019,0.056998635633944625
1841,2015-2019,0.05583802335764201
1842,2015-2019,0.05281094450664646
1843,2015-2019,0.045669369932027054
1844,2015-2019,0.047209961395204295
1845,2015-2019,0.048294523288899945
1846,2015-2019,0.04739675558143352
1847,2015-2019,0.04554076483465032
1848,2015-2019,0.040394101015073694
1849,2015-2019,0.03747579232673611
1850,2015-2019,0.03546418830798959
1851,2015-2019,0.03669007412926733
1852,2015-2019,0.03719576408706942
1853,2015-2019,0.028305210513715512
1854,2015-2019,0.03566779661783651
1855,2015-2019,0.03540920618811733
1856,2015-2019,0.042565508347004816
1875,2015-2019,0.07361801491621012
1876,2015-2019,0.058889196604872816
1877,2015-2019,0.04848003501282812
1878,2015-2019,0.0403041187626348
1879,2015-2019,0.036046712021458496
1880,2015-2019,0.03651684262755709
1881,2015-2019,0.03342750747298493
1882,2015-2019,0.040760369234545166
1884,2015-2019,0.053203840745375805
1892,2015-2019,0.06357514087375986
1895,2015-2019,0.04442782890428147
1896,2015-2019,0.0455525205656067
1897,2015-2019,0.03487415845226367
1898,2015-2019,0.03587346575206198
1899,2015-2019,0.03465357618433184
1900,2015-2019,0.0346694351404983
1901,2015-2019,0.029093778060506264
1902,2015-2019,0.03010443969394529
1903,2015-2019,0.03112221956419579
1904,2015-2019,0.03215499957704055
1905,2015-2019,0.033202264688660825
1906,2015-2019,0.03585195118541636
1907,2015-2019,0.04000346631636294
1908,2015-2019,0.03936523491763332
1909,2015-2019,0.03671220062886109
1910,2015-2019,0.0370890938499107
1911,2015-2019,0.04343515003484074
1912,2015-2019,0.04317431067302462
1913,2015-2019,0.04145834271310159
1914,2015-2019,0.035723793647790804
1915,2015-2019,0.034778441377883856
1916,2015-2019,0.033665253940377816
1917,2015-2019,0.03242634338420583
1918,2015-2019,0.031105061784854036
1919,2015-2019,0.029743464631861317
1920,2015-2019,0.028380199324320267
1921,2015-2019,0.026977836069561365
1922,2015-2019,0.02548856267831249
1923,2015-2019,0.02722848543014262
1924,2015-2019,0.0239406215108069
1925,2015-2019,0.02310215156217368
1926,2015-2019,0.027748930050051034
1927,2015-2019,0.03739347362287789
1928,2015-2019,0.04286371390593132
1950,2015-2019,0.03240622214385938
1951,2015-2019,0.028552879021036648
1952,2015-2019,0.033852047003210504
1953,2015-2019,0.02999114503961112
1954,2015-2019,0.03599519814681375
1967,2015-2019,0.032671515729172894
1968,2015-2019,0.02903321811162323
1969,2015-2019,0.028033166701715087
1970,2015-2019,0.03096271209984617
1971,2015-2019,0.03225539980667156
1972,2015-2019,0.032935510424979275
1973,2015-2019,0.03194623432514205
1974,2015-2019,0.03258714716094442
1975,2015-2019,0.03376052428818
1976,2015-2019,0.0349329690603472
1977,2015-2019,0.036094966387665676
1978,2015-2019,0.03721254452641926
1979,2015-2019,0.038221948253320606
1980,2015-2019,0.03904114753854988
1981,2015-2019,0.03959333877366589
1982,2015-2019,0.03982885852945786
1983,2015-2019,0.03973352589412507
1984,2015-2019,0.03932236808050137
1985,2015-2019,0.03862666377014014
1986,2015-2019,0.03768368626878031
1987,2015-2019,0.03653354861596188
1988,2015-2019,0.035220679726288395
1989,2015-2019,0.03379448372898018
1990,2015-2019,0.032306574774405
1991,2015-2019,0.03080625956361881
1992,2015-2019,0.02933689758903331
1993,2015-2019,0.02793369978832729
1994,2015-2019,0.027510087581646876
1995,2015-2019,0.026558100422221034
1996,2015-2019,0.02331352813915395
1997,2015-2019,0.024592835756747814
1998,2015-2019,0.025295295343032584
2024,2015-2019,0.03260086609988406
2025,2015-2019,0.029556980500035326
2027,2015-2019,0.03999856822339951
2028,2015-2019,0.047236585714766084
2039,2015-2019,0.0358780372972954
2040,2015-2019,0.03165160008503306
2041,2015-2019,0.03258633889224295
2044,2015-2019,0.03754637302793026
2045,2015-2019,0.03656750446029259
2046,2015-2019,0.035740445060062985
2047,2015-2019,0.03809635965466252
2048,2015-2019,0.03838210550648024
2049,2015-2019,0.03977380081998746
2050,2015-2019,0.04043934763073304
2051,2015-2019,0.04143578789308252
2052,2015-2019,0.04217011279269993
2053,2015-2019,0.04257277654435178
2054,2015-2019,0.042612268035490425
2055,2015-2019,0.04229450275281378
2056,2015-2019,0.04164874195818778
2057,2015-2019,0.04071326110577029
2058,2015-2019,0.039529834117518495
2059,2015-2019,0.038145675932084996
2060,2015-2019,0.03661562186335703
2061,2015-2019,0.03499957176892718
2062,2015-2019,0.033356183954784804
2063,2015-2019,0.031736605678335514
2064,2015-2019,0.03018070102946832
2065,2015-2019,0.028715796147770926
2066,2015-2019,0.027332413800110887
2067,2015-2019,0.02599897101923912
2068,2015-2019,0.02782790292684302
2069,2015-2019,0.029264406346503034
2100,2015-2019,0.04732066616797691
2111,2015-2019,0.03894748976044997
2112,2015-2019,0.035602282512885754
2113,2015-2019,0.03653026400771034
2114,2015-2019,0.039339589469852214
2116,2015-2019,0.04069829767083682
2117,2015-2019,0.041006100622902636
2118,2015-2019,0.04168523923297445
2119,2015-2019,0.04407180912192669
2120,2015-2019,0.04552275646900199
2121,2015-2019,0.04458510156076545
2122,2015-2019,0.04503920293295957
2123,2015-2019,0.044787963133848224
2124,2015-2019,0.04535715622596126
2125,2015-2019,0.04553313403233267
2126,2015-2019,0.04530943309443103
2127,2015-2019,0.04471182729129665
2128,2015-2019,0.043780636784367236
2129,2015-2019,0.042561192024514985
2130,2015-2019,0.0411045025508401
2131,2015-2019,0.0394702548875378
2132,2015-2019,0.03772490125947673
2133,2015-2019,0.03593446200558671
2134,2015-2019,0.034156568266198
2135,2015-2019,0.03243558386032654
2136,2015-2019,0.03080145674287425
2137,2015-2019,0.029271012555314176
2138,2015-2019,0.027821595083072626
2139,2015-2019,0.026666825706139055
2140,2015-2019,0.028846876983090533
2141,2015-2019,0.03159613168876116
2171,2015-2019,0.044414146839739904
2181,2015-2019,0.05088928488618971
2182,2015-2019,0.045666969813642246
2183,2015-2019,0.040756105648468245
2184,2015-2019,0.03883530591956631
2186,2015-2019,0.042090877813546645
2187,2015-2019,0.042384249994343
2188,2015-2019,0.042941352790394474
2189,2015-2019,0.04467261782059058
2191,2015-2019,0.04947361437492463
2193,2015-2019,0.04882299438488418
2194,2015-2019,0.048777667626775115
2195,2015-2019,0.04811568238442531
2196,2015-2019,0.0484179905597668
2197,2015-2019,0.04827804307224867
2198,2015-2019,0.04771685120485242
2199,2015-2019,0.04677775711621052
2200,2015-2019,0.04551207367997151
2201,2015-2019,0.04397635129978527
2202,2015-2019,0.04223501192802219
2203,2015-2019,0.040359491371060076
2204,2015-2019,0.03842123689413676
2205,2015-2019,0.03648309051875305
2206,2015-2019,0.03459379232509953
2207,2015-2019,0.03278689031945719
2208,2015-2019,0.03108254853878172
2209,2015-2019,0.02949031063717093
2210,2015-2019,0.027989112954059394
2211,2015-2019,0.02636757336578511
2212,2015-2019,0.027096190191084515
2213,2015-2019,0.030446584215604998
2214,2015-2019,0.03076113236228203
2240,2015-2019,0.04345217720036147
2241,2015-2019,0.04248046418523072
2250,2015-2019,0.06438797583227811
2254,2015-2019,0.04580730943688054
2255,2015-2019,0.04206228855418492
2257,2015-2019,0.04267614141930516
2258,2015-2019,0.043145310293855516
2259,2015-2019,0.04333799105127588
2260,2015-2019,0.04554824924300237
2261,2015-2019,0.0459604423731866
2262,2015-2019,0.050674052700938665
2263,2015-2019,0.052678323540980065
2264,2015-2019,0.05340209047969294
2265,2015-2019,0.05179010724141443
2266,2015-2019,0.05164301577832613
2267,2015-2019,0.05116047709037064
2268,2015-2019,0.05108759674309305
2269,2015-2019,0.05054519078018297
2270,2015-2019,0.04958054977839923
2271,2015-2019,0.048253587365847735
2272,2015-2019,0.04662878434774064
2273,2015-2019,0.04477617952729286
2274,2015-2019,0.04277132272471943
2275,2015-2019,0.04068948577752774
2276,2015-2019,0.038597584283873485
2277,2015-2019,0.03654850863171017
2278,2015-2019,0.034579853537228714
2279,2015-2019,0.0327156354074233
2280,2015-2019,0.030968853861092445
2281,2015-2019,0.029343738117917788
2282,2015-2019,0.02783758166753323
2283,2015-2019,0.026616007836266133
2284,2015-2019,0.024411263925775764
2285,2015-2019,0.027205670889529427
2286,2015-2019,0.02838555827390516
2312,2015-2019,0.041967749128060776
2313,2015-2019,0.039810897722380625
2320,2015-2019,0.0633966206468962
2323,2015-2019,0.05222913531034643
2326,2015-2019,0.04781440884941907
2327,2015-2019,0.04304289547245098
2328,2015-2019,0.043172670430868906
2329,2015-2019,0.04464289513547257
2330,2015-2019,0.04556312310549802
2331,2015-2019,0.04387754716004678
2332,2015-2019,0.04564797212136146
2333,2015-2019,0.04869188556127391
2334,2015-2019,0.05041481307926929
2335,2015-2019,0.054271230272915194
2336,2015-2019,0.05345662692079623
2337,2015-2019,0.05392194333361345
2338,2015-2019,0.0536173775078195
2339,2015-2019,0.053596476037198346
2340,2015-2019,0.0530575851529691
2341,2015-2019,0.05205145730083826
2342,2015-2019,0.05064890499992334
2343,2015-2019,0.048925846113314596
2344,2015-2019,0.046960099627381686
2345,2015-2019,0.04483141384124655
2346,2015-2019,0.04261790746311853
2347,2015-2019,0.04038933448686609
2348,2015-2019,0.03820184457448768
2349,2015-2019,0.03609637970429079
2350,2015-2019,0.03410002669238132
2351,2015-2019,0.03222805457418314
2352,2015-2019,0.03048581200111389
2353,2015-2019,0.028870531833681698
2354,2015-2019,0.027373391077561097
2355,2015-2019,0.025981289948870067
2356,2015-2019,0.024775671879532835
2357,2015-2019,0.024582154216968088
2358,2015-2019,0.02793154643794819
2359,2015-2019,0.027506934043909838
2384,2015-2019,0.04158940765923199
2385,2015-2019,0.036312018360574724
2386,2015-2019,0.03344082615250805
2387,2015-2019,0.032519915397718646
2390,2015-2019,0.050518780283440534
2392,2015-2019,0.04934697990848223
2393,2015-2019,0.050205033204613836
2394,2015-2019,0.05297789183670957
2395,2015-2019,0.04771429673971293
2397,2015-2019,0.04837995141813467
2398,2015-2019,0.04654580019638903
2399,2015-2019,0.0443834812242808
2400,2015-2019,0.043385033196936436
2401,2015-2019,0.046084435693932564
2402,2015-2019,0.04563843232633033
2403,2015-2019,0.04739630619196597
2404,2015-2019,0.04917604562040965
2405,2015-2019,0.050929150675581104
2406,2015-2019,0.05257152758411495
2407,2015-2019,0.05398600058671416
2408,2015-2019,0.055039469039317654
2409,2015-2019,0.05561297886245199
2410,2015-2019,0.05563396546926934
2411,2015-2019,0.055094008815080184
2412,2015-2019,0.054041820821512876
2413,2015-2019,0.052558761708211034
2414,2015-2019,0.05073555720457479
2415,2015-2019,0.048661557297968755
2416,2015-2019,0.04642273972003478
2417,2015-2019,0.044099806401605546
2418,2015-2019,0.04176380393905169
2419,2015-2019,0.039471988421950786
2420,2015-2019,0.03726660426324902
2421,2015-2019,0.03517579309833559
2422,2015-2019,0.03321529930539998
2423,2015-2019,0.03139018125448664
2424,2015-2019,0.029696743706521835
2425,2015-2019,0.028125034676874154
2426,2015-2019,0.026661849039919826
2427,2015-2019,0.025292718992290516
2428,2015-2019,0.02394052906561941
2429,2015-2019,0.022319042572988567
2430,2015-2019,0.025750619978123467
2431,2015-2019,0.027217383224039573
2456,2015-2019,0.041605796549356026
2457,2015-2019,0.03705880708881956
2458,2015-2019,0.03223330233772173
2459,2015-2019,0.03245830740914915
2460,2015-2019,0.03608376777491311
2461,2015-2019,0.039776730340358814
2462,2015-2019,0.041923013139103946
2463,2015-2019,0.04634185572584606
2464,2015-2019,0.04610997570145199
2466,2015-2019,0.052650813511693845
2468,2015-2019,0.04955549471116683
2469,2015-2019,0.04601111562535606
2470,2015-2019,0.046111124792759785
2471,2015-2019,0.043966757971266215
2472,2015-2019,0.04559465026501081
2473,2015-2019,0.04725636391529201
2474,2015-2019,0.04894915849907792
2475,2015-2019,0.050657270716795245
2476,2015-2019,0.05234086945683449
2477,2015-2019,0.05392784260780159
2478,2015-2019,0.055312960131560326
2479,2015-2019,0.056368313460954104
2480,2015-2019,0.05696699197687692
2481,2015-2019,0.05701531783678145
2482,2015-2019,0.056480325179240724
2483,2015-2019,0.05539648198061661
2484,2015-2019,0.05384776786411267
2485,2015-2019,0.05193913176082783
2486,2015-2019,0.049775298378337114
2487,2015-2019,0.04745210415291309
2488,2015-2019,0.04505398477642732
2489,2015-2019,0.04265189224327678
2490,2015-2019,0.04030147621629311
2491,2015-2019,0.0380429940219784
2492,2015-2019,0.03590275407273383
2493,2015-2019,0.03389496209224207
2494,2015-2019,0.03202348203454274
2495,2015-2019,0.03028384059069047
2496,2015-2019,0.028665826780449835
2497,2015-2019,0.027156502040408387
2498,2015-2019,0.02574302297951985
2499,2015-2019,0.024412360343893085
2500,2015-2019,0.023152434272719374
2501,2015-2019,0.021918184336947765
2502,2015-2019,0.022921874893189642
2503,2015-2019,0.02556557065824531
2530,2015-2019,0.04146727912432165
2531,2015-2019,0.03976900729740923
2532,2015-2019,0.04023111565044217
2535,2015-2019,0.049738238051177844
2539,2015-2019,0.052168448903572605
2540,2015-2019,0.04948810838572061
2541,2015-2019,0.047458177706125884
2542,2015-2019,0.04548124714058799
2543,2015-2019,0.047033443927650666
2544,2015-2019,0.04860155095312961
2545,2015-2019,0.05052470645728414
2546,2015-2019,0.05284125330366073
2547,2015-2019,0.054885532808719814
2548,2015-2019,0.054725467917448437
2549,2015-2019,0.055992974469779105
2550,2015-2019,0.056991640667591194
2551,2015-2019,0.05754633575245318
2552,2015-2019,0.05758760699935132
2553,2015-2019,0.057060481100019496
2554,2015-2019,0.055974442170487596
2555,2015-2019,0.05440056541993743
2556,2015-2019,0.05244785854338505
2557,2015-2019,0.050234699373026194
2558,2015-2019,0.04786965533159154
2559,2015-2019,0.04544346673661033
2560,2015-2019,0.043027066544943426
2561,2015-2019,0.040672232709363446
2562,2015-2019,0.038413976276352006
2563,2015-2019,0.03627373815723888
2564,2015-2019,0.03426222156467568
2565,2015-2019,0.032381507996622594
2566,2015-2019,0.03062695912303145
2567,2015-2019,0.028989420879960846
2568,2015-2019,0.027457675869321446
2569,2015-2019,0.02602064040714891
2570,2015-2019,0.024668779584387807
2571,2015-2019,0.023393171868938217
2572,2015-2019,0.02217197775943935
2573,2015-2019,0.02101082086369219
2574,2015-2019,0.02079837398351415
2575,2015-2019,0.022705239064435685
2576,2015-2019,0.02550887623054289
2605,2015-2019,0.047834460876601564
2606,2015-2019,0.04460193720453856
2607,2015-2019,0.04500915936282964
2608,2015-2019,0.044879146170430165
2609,2015-2019,0.04620311732501679
2610,2015-2019,0.049948561087830474
2611,2015-2019,0.048283346510588056
2612,2015-2019,0.04447694226867348
2613,2015-2019,0.045655336861752896
2614,2015-2019,0.047688908970342676
2615,2015-2019,0.04792726638113575
2616,2015-2019,0.05180929006192611
2617,2015-2019,0.05415464611591795
2618,2015-2019,0.058953282047504545
2619,2015-2019,0.0607363390055239
2620,2015-2019,0.06071073546321657
2621,2015-2019,0.059186893838320445
2622,2015-2019,0.05724246809843204
2623,2015-2019,0.057287065115385734
2624,2015-2019,0.05675320162192821
2625,2015-2019,0.055692464265144584
2626,2015-2019,0.054150769093425276
2627,2015-2019,0.05222320976414022
2628,2015-2019,0.050029217170766103
2629,2015-2019,0.04768623208806856
2630,2015-2019,0.0452925259270446
2631,2015-2019,0.042920658406572554
2632,2015-2019,0.040618441517404444
2633,2015-2019,0.03841398342847654
2634,2015-2019,0.036321779549184065
2635,2015-2019,0.034347588045446596
2636,2015-2019,0.03249139206448429
2637,2015-2019,0.030749107257141136
2638,2015-2019,0.029113952068936303
2639,2015-2019,0.027577853578383417
2640,2015-2019,0.026132705013180293
2641,2015-2019,0.024771158074762753
2642,2015-2019,0.023486850009948344
2643,2015-2019,0.022274195383155636
2644,2015-2019,0.021118750739771222
2645,2015-2019,0.019934414358862732
2646,2015-2019,0.01909720049202934
2647,2015-2019,0.022179472866245414
2648,2015-2019,0.024791058642567358
2678,2015-2019,0.050292165632337696
2679,2015-2019,0.04469027418697746
2680,2015-2019,0.04234009656485653
2681,2015-2019,0.04187428770295947
2682,2015-2019,0.04129847517406064
2683,2015-2019,0.043428370556411806
2684,2015-2019,0.044832258809497344
2685,2015-2019,0.04882211489773802
2686,2015-2019,0.05259956283458716
2687,2015-2019,0.056897104578292175
2688,2015-2019,0.06075021777954582
2689,2015-2019,0.06629920149536321
2691,2015-2019,0.07284919377526383
2692,2015-2019,0.0726934967117626
2693,2015-2019,0.06419177908314279
2694,2015-2019,0.05973280848276335
2695,2015-2019,0.055472177129101366
2696,2015-2019,0.05457191658120382
2697,2015-2019,0.05311522109866422
2698,2015-2019,0.051292995582298793
2699,2015-2019,0.04920685040537172
2700,2015-2019,0.0469691009243951
2701,2015-2019,0.044680095973115445
2702,2015-2019,0.04241435926058683
2703,2015-2019,0.04021769417468467
2704,2015-2019,0.0381125388173194
2705,2015-2019,0.036106678719263124
2706,2015-2019,0.03420087044811578
2707,2015-2019,0.032393315955056894
2708,2015-2019,0.030681373336660187
2709,2015-2019,0.02906190344861895
2710,2015-2019,0.027531327800620356
2711,2015-2019,0.026085761219573272
2712,2015-2019,0.02472116296437212
2713,2015-2019,0.023433409150293783
2714,2015-2019,0.022218303253371274
2715,2015-2019,0.021071608324870695
2716,2015-2019,0.019906275217961126
2717,2015-2019,0.018430756048711253
2718,2015-2019,0.020013845955956452
2719,2015-2019,0.0212290133890485
2750,2015-2019,0.05320254343564013
2751,2015-2019,0.05228401186193406
2752,2015-2019,0.047271197090664845
2753,2015-2019,0.04309816283594845
2754,2015-2019,0.044771498421856876
2755,2015-2019,0.04827434696849264
2756,2015-2019,0.04950488508972881
2757,2015-2019,0.052977297045838596
2758,2015-2019,0.06544270314000193
2759,2015-2019,0.07299105715583476
2765,2015-2019,0.06939548187106429
2766,2015-2019,0.06093147793804439
2767,2015-2019,0.05229062343938907
2768,2015-2019,0.05140606139001829
2769,2015-2019,0.049753351807738704
2770,2015-2019,0.04785787335461997
2771,2015-2019,0.04581031206040807
2772,2015-2019,0.043700327378111324
2773,2015-2019,0.04159907183600451
2774,2015-2019,0.03955098640171291
2775,2015-2019,0.03757604007038339
2776,2015-2019,0.035678482323420566
2777,2015-2019,0.03385633590623344
2778,2015-2019,0.03210759843203213
2779,2015-2019,0.030432382698540865
2780,2015-2019,0.028832447383306432
2781,2015-2019,0.027309894969322873
2782,2015-2019,0.02586611971079257
2783,2015-2019,0.024501315607456612
2784,2015-2019,0.023214386053465954
2785,2015-2019,0.022003111985442178
2786,2015-2019,0.020864432744620503
2787,2015-2019,0.01977801210963384
2788,2015-2019,0.018521876550201655
2789,2015-2019,0.01874257119147204
2790,2015-2019,0.021853868118873698
2791,2015-2019,0.021943198633798938
2826,2015-2019,0.06365671672693697
2827,2015-2019,0.06397619776553087
2837,2015-2019,0.06265202047394453
2838,2015-2019,0.05678890987206587
2839,2015-2019,0.04865263287446204
2840,2015-2019,0.04774811603458941
2841,2015-2019,0.04609200250830638
2842,2015-2019,0.044291944692187904
2843,2015-2019,0.04241646041138355
2844,2015-2019,0.04052441251436534
2845,2015-2019,0.03865490080369682
2846,2015-2019,0.036826515707919186
2847,2015-2019,0.035043886658250686
2848,2015-2019,0.03330647878372454
2849,2015-2019,0.031615201129613066
2850,2015-2019,0.029974877293551767
2851,2015-2019,0.028393304702124603
2852,2015-2019,0.02687896512388982
2853,2015-2019,0.02543899148342824
2854,2015-2019,0.02407806378888776
2855,2015-2019,0.022798182193489884
2856,2015-2019,0.02159898235592634
2857,2015-2019,0.020478269889438416
2858,2015-2019,0.01943256722525237
2859,2015-2019,0.01834673729732602
2860,2015-2019,0.018183793156376474
2861,2015-2019,0.02009795484342527
2862,2015-2019,0.02132258470804089
2909,2015-2019,0.05156436206350389
2910,2015-2019,0.04950920341280919
2911,2015-2019,0.04449346876392727
2912,2015-2019,0.044030269254754166
2913,2015-2019,0.042488195252642774
2914,2015-2019,0.040861628305711446
2915,2015-2019,0.03919446055995608
2916,2015-2019,0.03751621277157549
2917,2015-2019,0.03584109870283013
2918,2015-2019,0.03417414537760363
2919,2015-2019,0.03251880802081819
2920,2015-2019,0.030882041131695473
2921,2015-2019,0.029275580145919473
2922,2015-2019,0.02771421539769058
2923,2015-2019,0.026212838700115898
2924,2015-2019,0.024783874601852936
2925,2015-2019,0.0234358911420153
2926,2015-2019,0.022173357079802197
2927,2015-2019,0.020997141882045087
2928,2015-2019,0.019905338337074873
2929,2015-2019,0.018894066694079475
2930,2015-2019,0.01791520860984255
2931,2015-2019,0.016795212707460556
2932,2015-2019,0.018737610638782494
2933,2015-2019,0.01959430283175755
2981,2015-2019,0.05004117363995704
2982,2015-2019,0.04155837255961622
2983,2015-2019,0.04082289785327003
2984,2015-2019,0.04049729136933577
2985,2015-2019,0.03908975402999434
2986,2015-2019,0.037624141588583813
2987,2015-2019,0.03612455269556228
2988,2015-2019,0.03460003874319505
2989,2015-2019,0.033052305687285344
2990,2015-2019,0.03148549047223197
2991,2015-2019,0.029911270061521392
2992,2015-2019,0.028348373520906744
2993,2015-2019,0.026818756191148208
2994,2015-2019,0.02534337262981716
2995,2015-2019,0.023939174674236983
2996,2015-2019,0.022617732969720635
2997,2015-2019,0.021385223620172367
2998,2015-2019,0.020243235524187518
2999,2015-2019,0.01918986201683196
3000,2015-2019,0.018220743051746636
3001,2015-2019,0.01728560041223323
3002,2015-2019,0.016224838744341132
3003,2015-2019,0.017136912103296223
3004,2015-2019,0.017926309059964285
3005,2015-2019,0.017843071683337212
3007,2015-2019,0.022745175971948205
3052,2015-2019,0.0527371098754076
3053,2015-2019,0.04578758750185355
3054,2015-2019,0.038337997354761996
3055,2015-2019,0.037974261002106206
3056,2015-2019,0.037194117266414174
3057,2015-2019,0.035885854763129665
3058,2015-2019,0.03451359770273712
3059,2015-2019,0.033030483402638554
3060,2015-2019,0.03150631739887581
3061,2015-2019,0.02999362272590364
3062,2015-2019,0.028530025553961856
3063,2015-2019,0.02720177673269802
3064,2015-2019,0.025792863588898988
3065,2015-2019,0.024363965676960177
3066,2015-2019,0.023001884459358992
3067,2015-2019,0.021721137722513956
3068,2015-2019,0.020529621845857736
3069,2015-2019,0.019423778791389023
3070,2015-2019,0.01841050898958919
3071,2015-2019,0.017468891759490488
3072,2015-2019,0.016555250533919402
3073,2015-2019,0.01552169724586422
3074,2015-2019,0.015870386045805884
3075,2015-2019,0.016996502287984282
3076,2015-2019,0.01665504967965152
3078,2015-2019,0.017382569093130698
3079,2015-2019,0.02028538836527859
3124,2015-2019,0.05121152023288218
3125,2015-2019,0.04473903559140768
3126,2015-2019,0.04090939298465429
3127,2015-2019,0.036668654174603514
3128,2015-2019,0.033735319780919405
3129,2015-2019,0.032932251869311736
3130,2015-2019,0.03279856646242795
3131,2015-2019,0.03132373063846576
3132,2015-2019,0.03022062563108923
3133,2015-2019,0.027957842792464722
3134,2015-2019,0.02641922863440952
3135,2015-2019,0.024482212022588136
3136,2015-2019,0.023336811977720254
3137,2015-2019,0.022076874761271154
3138,2015-2019,0.020848703195380115
3139,2015-2019,0.019704781777704697
3140,2015-2019,0.018636228812610872
3141,2015-2019,0.017606433874260124
3142,2015-2019,0.01661291010002201
3143,2015-2019,0.016351750708705027
3144,2015-2019,0.015931646799637312
3145,2015-2019,0.01645160105386771
3146,2015-2019,0.017799766549403483
3147,2015-2019,0.017015821465234927
3149,2015-2019,0.015602690179250969
3150,2015-2019,0.01747777675046778
3151,2015-2019,0.01824478420617112
3198,2015-2019,0.043386194058192495
3199,2015-2019,0.035465531223463985
3200,2015-2019,0.030089817037362496
3201,2015-2019,0.029461580611422896
3202,2015-2019,0.03210799328757385
3203,2015-2019,0.0344801166961633
3204,2015-2019,0.03352671343246064
3205,2015-2019,0.029689337814055236
3206,2015-2019,0.027049316046188748
3207,2015-2019,0.022684714106927736
3208,2015-2019,0.020575710328182742
3209,2015-2019,0.01979321663653635
3210,2015-2019,0.018749273918171452
3211,2015-2019,0.017718973621483718
3212,2015-2019,0.01663840818887868
3213,2015-2019,0.016209816135314054
3214,2015-2019,0.016632275468572537
3215,2015-2019,0.017126432287773972
3216,2015-2019,0.0181966478893716
3217,2015-2019,0.018135879983273998
3218,2015-2019,0.018915968457136813
3221,2015-2019,0.01688882983177424
3222,2015-2019,0.01765157445387135
3270,2015-2019,0.0439870587532423
3271,2015-2019,0.038801008397128384
3272,2015-2019,0.03455052301037059
3273,2015-2019,0.03229592765969303
3275,2015-2019,0.03646848449798976
3278,2015-2019,0.028193046709821475
3279,2015-2019,0.025308720980572644
3280,2015-2019,0.021254857575526257
3281,2015-2019,0.018377961073687533
3282,2015-2019,0.017530004238772167
3283,2015-2019,0.01669462969259134
3284,2015-2019,0.016918032367072004
3285,2015-2019,0.018281391097243648
3286,2015-2019,0.018412068285472746
3287,2015-2019,0.018509143046255748
3293,2015-2019,0.01977128421590078
3294,2015-2019,0.020489998968372388
3295,2015-2019,0.022518784051929412
3343,2015-2019,0.04331452778551541
3344,2015-2019,0.04023751407704699
3345,2015-2019,0.04250880400904847
3351,2015-2019,0.0258543264152638
3352,2015-2019,0.021941398630956233
3353,2015-2019,0.01925468029767798
3354,2015-2019,0.01744801348003476
3355,2015-2019,0.017169087467835117
3356,2015-2019,0.018031552861998916
3357,2015-2019,0.01902136923784254
3426,2015-2019,0.016801971016400328
3427,2015-2019,0.01745703744755307
3497,2015-2019,0.019160537554629205
3498,2015-2019,0.018079561302347252
3499,2015-2019,0.018682828103045907
3568,2015-2019,0.024051331251534015
3569,2015-2019,0.02223790248775823
3570,2015-2019,0.02071192265508562
3571,2015-2019,0.02019899257032295
3641,2015-2019,0.025077516607300645
3642,2015-2019,0.023915116411176933
56,2020-2024,0.07172344232640723
57,2020-2024,0.06836767077035937
128,2020-2024,0.08335541427927226
129,2020-2024,0.07686017266175604
130,2020-2024,0.12516926428644534
198,2020-2024,0.06945987460924925
199,2020-2024,0.07113867610505158
203,2020-2024,0.05892127195040346
270,2020-2024,0.07003817642500279
271,2020-2024,0.06686746957176724
272,2020-2024,0.05982454160399313
274,2020-2024,0.05832794572647972
276,2020-2024,0.05602973575194221
341,2020-2024,0.14559735663119683
342,2020-2024,0.07893207338212002
343,2020-2024,0.07034233369331772
344,2020-2024,0.05874448662490647
345,2020-2024,0.07301898821935074
347,2020-2024,0.05949900199968432
412,2020-2024,0.09423631854989178
413,2020-2024,0.09046354621982639
414,2020-2024,0.08413522079217499
415,2020-2024,0.08260448074515775
416,2020-2024,0.08537801648757093
417,2020-2024,0.06880697841180018
418,2020-2024,0.06211273228246978
483,2020-2024,0.0887357537078083
484,2020-2024,0.1073934463961567
485,2020-2024,0.10787119625331475
486,2020-2024,0.10966125478889467
487,2020-2024,0.12007663378917482
488,2020-2024,0.09960919837173864
554,2020-2024,0.09050376824532429
555,2020-2024,0.08524468958613413
556,2020-2024,0.07537976420372419
557,2020-2024,0.07367227477836936
558,2020-2024,0.07706043131310962
559,2020-2024,0.07494599791542246
560,2020-2024,0.07430595588625391
561,2020-2024,0.06540448795412007
563,2020-2024,0.05773241817909715
564,2020-2024,0.06048913439841852
592,2020-2024,0.12094021914393864
593,2020-2024,0.10399533311221827
625,2020-2024,0.07748647480219321
626,2020-2024,0.07094870463954561
627,2020-2024,0.07328539955031023
628,2020-2024,0.07062804532370277
629,2020-2024,0.07439657229205265
630,2020-2024,0.08408667015720918
631,2020-2024,0.08957892484399438
632,2020-2024,0.0895925634510603
634,2020-2024,0.08002178014221364
635,2020-2024,0.06508210105485622
636,2020-2024,0.06436467555182757
637,2020-2024,0.07446576487797872
640,2020-2024,0.07787448713513101
663,2020-2024,0.15107920585262374
664,2020-2024,0.11419357612006281
665,2020-2024,0.1055508372004164
666,2020-2024,0.08403374133613971
696,2020-2024,0.0967275675026466
698,2020-2024,0.08788110983920468
699,2020-2024,0.08564963786343326
700,2020-2024,0.12701888459069322
701,2020-2024,0.0889878475825201
702,2020-2024,0.07230285424801705
704,2020-2024,0.08826523994141022
705,2020-2024,0.10128334754380229
706,2020-2024,0.08597348805945187
708,2020-2024,0.10495762996896213
710,2020-2024,0.09993276990910091
711,2020-2024,0.09017631985385137
712,2020-2024,0.09617560083714859
716,2020-2024,0.09537170304329945
717,2020-2024,0.0892996862140714
735,2020-2024,0.11463446182197404
736,2020-2024,0.09029634101825454
737,2020-2024,0.08524759302378128
738,2020-2024,0.09974123359508202
772,2020-2024,0.08423634164072281
773,2020-2024,0.07064696025690352
774,2020-2024,0.07761399452390552
775,2020-2024,0.07082057672767035
776,2020-2024,0.07256571024183997
777,2020-2024,0.07139175492032684
778,2020-2024,0.06333744540599594
783,2020-2024,0.06443175052171024
784,2020-2024,0.06336974588463602
785,2020-2024,0.06003569033951546
787,2020-2024,0.06176884253165869
788,2020-2024,0.08474653843725984
804,2020-2024,0.12432956425689173
805,2020-2024,0.1248747196229459
806,2020-2024,0.13435113239293178
807,2020-2024,0.12834344959472152
808,2020-2024,0.11895443197882846
809,2020-2024,0.0982773826885097
810,2020-2024,0.09504472975114002
811,2020-2024,0.09575961131435137
812,2020-2024,0.1459418620924226
813,2020-2024,0.1467930937165319
845,2020-2024,0.0705789420920881
846,2020-2024,0.16111364289674174
847,2020-2024,0.06574359299548567
848,2020-2024,0.06326897744124693
849,2020-2024,0.05454999958138366
850,2020-2024,0.06096041394971287
851,2020-2024,0.05780842516891251
854,2020-2024,0.07213619747015375
855,2020-2024,0.06276352872700368
856,2020-2024,0.06229549380060551
857,2020-2024,0.059249732588895564
858,2020-2024,0.06246851331383863
859,2020-2024,0.059974245385612336
860,2020-2024,0.05612708628161967
876,2020-2024,0.08987047565823914
877,2020-2024,0.0824124810194509
878,2020-2024,0.0905263177162216
879,2020-2024,0.09935338583402054
881,2020-2024,0.08711164876138472
882,2020-2024,0.09049306124307192
883,2020-2024,0.11279705290620307
884,2020-2024,0.14729823362738892
885,2020-2024,0.12683465295789717
916,2020-2024,0.08725962384603259
917,2020-2024,0.09838112542430812
918,2020-2024,0.08642815536738938
919,2020-2024,0.08549791100050386
920,2020-2024,0.08663086879408369
921,2020-2024,0.060338262885759074
922,2020-2024,0.05634641949264911
923,2020-2024,0.060196946206655576
926,2020-2024,0.06274372196168217
927,2020-2024,0.0588522848101426
929,2020-2024,0.05160988077595657
930,2020-2024,0.06690870967665564
931,2020-2024,0.06988449126329628
947,2020-2024,0.08191991917684299
948,2020-2024,0.08838030000672556
949,2020-2024,0.08412171199427826
950,2020-2024,0.08691496646878394
951,2020-2024,0.08418890338828496
952,2020-2024,0.08663762767921203
953,2020-2024,0.09117011104523853
955,2020-2024,0.09216305785809989
956,2020-2024,0.09665306109728218
985,2020-2024,0.09131848770442967
986,2020-2024,0.09616711826941739
987,2020-2024,0.09463109835216217
988,2020-2024,0.07295697271037861
989,2020-2024,0.07720136534271271
991,2020-2024,0.05912014845165449
992,2020-2024,0.05147923642312538
993,2020-2024,0.0455249447025436
994,2020-2024,0.04659839944137317
995,2020-2024,0.05176940055053231
996,2020-2024,0.052166315645210626
997,2020-2024,0.04815703035991865
999,2020-2024,0.04720770873640878
1001,2020-2024,0.04478873871926483
1002,2020-2024,0.04959177013358306
1003,2020-2024,0.05257498019212764
1018,2020-2024,0.09835055374694061
1019,2020-2024,0.10564129839400636
1020,2020-2024,0.11100880665800024
1021,2020-2024,0.13726141084879026
1022,2020-2024,0.08017269488324852
1023,2020-2024,0.08534743606948003
1025,2020-2024,0.09120556244228611
1026,2020-2024,0.09236575938231568
1027,2020-2024,0.09061580979140708
1028,2020-2024,0.10284277891999506
1029,2020-2024,0.10096058381804975
1055,2020-2024,0.0900399177369281
1057,2020-2024,0.09302714631312563
1058,2020-2024,0.08133280305907095
1061,2020-2024,0.09569818151745124
1063,2020-2024,0.07556254491150317
1064,2020-2024,0.05853841141218055
1065,2020-2024,0.06065794630107141
1066,2020-2024,0.06092201387713963
1068,2020-2024,0.08558859653853221
1069,2020-2024,0.0920787885393385
1070,2020-2024,0.0710481719007884
1073,2020-2024,0.049719098655456206
1075,2020-2024,0.054613185795744465
1076,2020-2024,0.062323201306279205
1089,2020-2024,0.0908225044724882
1090,2020-2024,0.09408116144321048
1091,2020-2024,0.08698479596201994
1092,2020-2024,0.08644809756225724
1093,2020-2024,0.09011116896553825
1094,2020-2024,0.09810108679908995
1095,2020-2024,0.0716595634119927
1096,2020-2024,0.07168912290390525
1097,2020-2024,0.07853626290874065
1098,2020-2024,0.07838788100660438
1099,2020-2024,0.083631145305962315
1100,2020-2024,0.08657973832552897
1101,2020-2024,0.0907179349290303
1103,2020-2024,0.0838194810394653
1125,2020-2024,0.08611205395554752
1126,2020-2024,0.0842917933728608
1127,2020-2024,0.08405820413813206
1128,2020-2024,0.0855206571675467
1129,2020-2024,0.10846499735426675
1130,2020-2024,0.07853589520658444
1131,2020-2024,0.07636701857365956
1132,2020-2024,0.07126919191641563
1133,2020-2024,0.07566947749358204
1134,2020-2024,0.07031901029446222
1136,2020-2024,0.05767203231150095
1137,2020-2024,0.05420033821348811
1138,2020-2024,0.049765820610156795
1139,2020-2024,0.04876507264647885
1140,2020-2024,0.050151521645366605
1141,2020-2024,0.049875898582094895
1142,2020-2024,0.05462027026873416
1143,2020-2024,0.054923999132298874
1144,2020-2024,0.05142553229851049
1145,2020-2024,0.05387441629197114
1161,2020-2024,0.10147508700499702
1162,2020-2024,0.10580233286296675
1163,2020-2024,0.09995787867212354
1164,2020-2024,0.11436100295106365
1165,2020-2024,0.08291165251632676
1166,2020-2024,0.07546222479567839
1167,2020-2024,0.06614826791534915
1168,2020-2024,0.06649083240067136
1169,2020-2024,0.07135508725068604
1170,2020-2024,0.07644944993504237
1171,2020-2024,0.07095702310378084
1172,2020-2024,0.0754324386921938
1173,2020-2024,0.0809359401231657
1175,2020-2024,0.09914745980565608
1196,2020-2024,0.10428002286505503
1197,2020-2024,0.09198193084692213
1198,2020-2024,0.08855389840753754
1199,2020-2024,0.09199826139151222
1200,2020-2024,0.09382064128959787
1201,2020-2024,0.11316977179734108
1202,2020-2024,0.11746918066442849
1203,2020-2024,0.09108278799668985
1204,2020-2024,0.09498458072435664
1205,2020-2024,0.08028451653294438
1206,2020-2024,0.07435966799625465
1207,2020-2024,0.06556195530279409
1208,2020-2024,0.05869731423771256
1209,2020-2024,0.05834090109977873
1210,2020-2024,0.061718148825404565
1211,2020-2024,0.0643884188931346
1212,2020-2024,0.07215827754218523
1213,2020-2024,0.059632196810438784
1214,2020-2024,0.05405726901010526
1215,2020-2024,0.05105471419818861
1216,2020-2024,0.048462491826088756
1234,2020-2024,0.10085648252146014
1235,2020-2024,0.09436951352726983
1236,2020-2024,0.08136172674343317
1237,2020-2024,0.0831438940198731
1238,2020-2024,0.06948021260833372
1239,2020-2024,0.06785617217374604
1240,2020-2024,0.0643915069215039
1241,2020-2024,0.0749813815489513
1242,2020-2024,0.08197231274909328
1243,2020-2024,0.09343628825537796
1244,2020-2024,0.08833559769373826
1245,2020-2024,0.09396856263954541
1246,2020-2024,0.08571134698071241
1247,2020-2024,0.09748391992550766
1248,2020-2024,0.09581966111740231
1249,2020-2024,0.1034770258699032
1268,2020-2024,0.10875644426945874
1269,2020-2024,0.11117400560237908
1270,2020-2024,0.10187107946459484
1271,2020-2024,0.0952158143779352
1272,2020-2024,0.08755988702714163
1273,2020-2024,0.08900137336887161
1274,2020-2024,0.08607885842551466
1275,2020-2024,0.10309911365046182
1276,2020-2024,0.1008123320850129
1277,2020-2024,0.07221899697758125
1279,2020-2024,0.07664731928301802
1280,2020-2024,0.09113931172865096
1281,2020-2024,0.07119052997446994
1282,2020-2024,0.0653881539976429
1283,2020-2024,0.0628868033093647
1284,2020-2024,0.05395537948524248
1285,2020-2024,0.05409630783258731
1286,2020-2024,0.0516837910279282
1287,2020-2024,0.0499623814501469
1288,2020-2024,0.0473515140756211
1289,2020-2024,0.045769877379157733
1305,2020-2024,0.0990792909198714
1306,2020-2024,0.09914531985840626
1307,2020-2024,0.1013486504896949
1308,2020-2024,0.14223233032710633
1309,2020-2024,0.12871649506778385
1312,2020-2024,0.08358415287017922
1313,2020-2024,0.08762132980893732
1314,2020-2024,0.09226274213884969
1315,2020-2024,0.11483186969638028
1316,2020-2024,0.11024993368278754
1319,2020-2024,0.10870936182792287
1320,2020-2024,0.1171820092884617
1321,2020-2024,0.12603409340007762
1322,2020-2024,0.1335444273061651
1328,2020-2024,0.15284894819285536
1339,2020-2024,0.12281639731691499
1340,2020-2024,0.12845091775374096
1341,2020-2024,0.13307306633717478
1342,2020-2024,0.12403728992424616
1344,2020-2024,0.0955405727815881
1345,2020-2024,0.10221378469149192
1346,2020-2024,0.09834246925917245
1348,2020-2024,0.09157230515064196
1349,2020-2024,0.08160491712996304
1350,2020-2024,0.08599760982803056
1351,2020-2024,0.07089867452272688
1352,2020-2024,0.06750710886593195
1353,2020-2024,0.06480334124719153
1354,2020-2024,0.06092819704148161
1355,2020-2024,0.05987687174952771
1356,2020-2024,0.06381799307127746
1357,2020-2024,0.07934984099620901
1358,2020-2024,0.07286121143843194
1359,2020-2024,0.08327964803988028
1360,2020-2024,0.05671001466276351
1361,2020-2024,0.0589661411362956
1377,2020-2024,0.12183177613302547
1379,2020-2024,0.08961000709554999
1380,2020-2024,0.09140918381694459
1381,2020-2024,0.08307024184004927
1382,2020-2024,0.09039562731389339
1383,2020-2024,0.085301620087506
1384,2020-2024,0.10252801972064274
1385,2020-2024,0.11821738587854372
1386,2020-2024,0.12762766559422462
1393,2020-2024,0.139666260211192
1400,2020-2024,0.11284244940680221
1401,2020-2024,0.11320179961680851
1410,2020-2024,0.12538392868271775
1412,2020-2024,0.11479164953046712
1413,2020-2024,0.11598512087407599
1414,2020-2024,0.1073524272319217
1415,2020-2024,0.10743135896463642
1416,2020-2024,0.13021397417878994
1417,2020-2024,0.09526662450716161
1418,2020-2024,0.10324016829292898
1419,2020-2024,0.08934661434630167
1420,2020-2024,0.07963733086095866
1421,2020-2024,0.0785826979114373
1422,2020-2024,0.06932115332894091
1423,2020-2024,0.07339001492531452
1424,2020-2024,0.08299861809155416
1425,2020-2024,0.0693370813373152
1426,2020-2024,0.060044650095584115
1427,2020-2024,0.06573277243717218
1428,2020-2024,0.0723968641343905
1429,2020-2024,0.07708215593472796
1430,2020-2024,0.07545234780267958
1447,2020-2024,0.09430420113044197
1448,2020-2024,0.10276377635751435
1449,2020-2024,0.12423216661823545
1450,2020-2024,0.11558692461564779
1452,2020-2024,0.10241484523515512
1453,2020-2024,0.09933457950689356
1454,2020-2024,0.09859287135700467
1455,2020-2024,0.10460329183711621
1456,2020-2024,0.09493259920409951
1462,2020-2024,0.11143181716267282
1465,2020-2024,0.11243552807455101
1466,2020-2024,0.10849282087424737
1468,2020-2024,0.11536394745898175
1471,2020-2024,0.14293441505387697
1476,2020-2024,0.11760623213839395
1477,2020-2024,0.09692021999272599
1479,2020-2024,0.08500351320351028
1480,2020-2024,0.0882439266511456
1481,2020-2024,0.07398487392857937
1482,2020-2024,0.08170049863405365
1483,2020-2024,0.09268182874366314
1484,2020-2024,0.09656984544346048
1485,2020-2024,0.10432645909026596
1486,2020-2024,0.10794404128322327
1487,2020-2024,0.10482635931261491
1488,2020-2024,0.10423081758583869
1489,2020-2024,0.11694020211124612
1490,2020-2024,0.1613728990568923
1491,2020-2024,0.15308479802428834
1492,2020-2024,0.08067338271774722
1493,2020-2024,0.07715361986698305
1494,2020-2024,0.06842885589639162
1495,2020-2024,0.06710474468139388
1496,2020-2024,0.06427298139108868
1497,2020-2024,0.07469540259111646
1498,2020-2024,0.059524079655831584
1499,2020-2024,0.05932139293738711
1500,2020-2024,0.06803210070802279
1502,2020-2024,0.08994495617842554
1518,2020-2024,0.09312338384895054
1520,2020-2024,0.0920179089102506
1521,2020-2024,0.08888758805241632
1522,2020-2024,0.0986760209326469
1523,2020-2024,0.10720471439176812
1528,2020-2024,0.12239852218223514
1529,2020-2024,0.1274732296349305
1533,2020-2024,0.11229891803255898
1535,2020-2024,0.1263810294374294
1536,2020-2024,0.11416422782778467
1537,2020-2024,0.10778946256303347
1538,2020-2024,0.11180810754459919
1539,2020-2024,0.16893302892839432
1540,2020-2024,0.17009275010888653
1542,2020-2024,0.1410078505101848
1549,2020-2024,0.08607062921847129
1550,2020-2024,0.07710250954613755
1551,2020-2024,0.0634252253261779
1552,2020-2024,0.07145378465174039
1553,2020-2024,0.07407451528312482
1554,2020-2024,0.07842718250400657
1555,2020-2024,0.11332472756120371
1556,2020-2024,0.12358497812905919
1557,2020-2024,0.11210575014458417
1558,2020-2024,0.1613002059609453
1559,2020-2024,0.16150014698230056
1560,2020-2024,0.09829151341153299
1561,2020-2024,0.0899369513150607
1562,2020-2024,0.07522379127900511
1563,2020-2024,0.07221560439331266
1564,2020-2024,0.07339473777441403
1565,2020-2024,0.06899867258816662
1566,2020-2024,0.0795733769240774
1567,2020-2024,0.06598787379144579
1568,2020-2024,0.05913251872156566
1569,2020-2024,0.06535419116696485
1570,2020-2024,0.06953612145188832
1571,2020-2024,0.08536188369262222
1586,2020-2024,0.09424972530483035
1587,2020-2024,0.08929165066036483
1588,2020-2024,0.08782285102322528
1589,2020-2024,0.08705033005239729
1590,2020-2024,0.09521510656331991
1591,2020-2024,0.12449657331835434
1592,2020-2024,0.16891384953467564
1593,2020-2024,0.16475626959822007
1594,2020-2024,0.1617818567425128
1597,2020-2024,0.11396385144263646
1599,2020-2024,0.10904198295540668
1602,2020-2024,0.13666795573988266
1608,2020-2024,0.119615562775749
1609,2020-2024,0.09011396830695219
1610,2020-2024,0.09278348670689367
1611,2020-2024,0.09414385826472853
1612,2020-2024,0.10550271153310381
1613,2020-2024,0.11795427093734139
1614,2020-2024,0.1241829455208536
1616,2020-2024,0.12543117612350013
1617,2020-2024,0.111782996725529
1618,2020-2024,0.10941008497637585
1619,2020-2024,0.08950997104980105
1620,2020-2024,0.08240983997520179
1621,2020-2024,0.07470810622283496
1622,2020-2024,0.06754578795050428
1623,2020-2024,0.07106688938016745
1624,2020-2024,0.0793093101410347
1625,2020-2024,0.11438453661994444
1626,2020-2024,0.14652303262989502
1627,2020-2024,0.09723683918809048
1628,2020-2024,0.1126993604681808
1629,2020-2024,0.09792021856494275
1630,2020-2024,0.0861587096206617
1631,2020-2024,0.08038575780715662
1632,2020-2024,0.0913796705537891
1633,2020-2024,0.0824783385858115
1634,2020-2024,0.07180171168972088
1635,2020-2024,0.06605432798560812
1636,2020-2024,0.07521754986220458
1637,2020-2024,0.0686384793349086
1639,2020-2024,0.05905311458215913
1640,2020-2024,0.0500419618674077
1641,2020-2024,0.04844413365268287
1642,2020-2024,0.05025196636221574
1658,2020-2024,0.1278225466809295
1659,2020-2024,0.08794259921563059
1660,2020-2024,0.11229397351888605
1661,2020-2024,0.10788031312525567
1662,2020-2024,0.12041012707479874
1666,2020-2024,0.09921277568400673
1669,2020-2024,0.0991100371236355
1672,2020-2024,0.09819022154966947
1674,2020-2024,0.1006920535486123
1675,2020-2024,0.09569172561928062
1676,2020-2024,0.10353012013183806
1678,2020-2024,0.107727697926557
1679,2020-2024,0.09822381108417708
1680,2020-2024,0.1340246823852283
1681,2020-2024,0.17657152775456159
1684,2020-2024,0.1319387414581516
1685,2020-2024,0.10910439848068021
1686,2020-2024,0.16336508222116267
1687,2020-2024,0.14238578712609573
1688,2020-2024,0.14934449258421081
1689,2020-2024,0.12443626916014477
1691,2020-2024,0.11108966788764803
1692,2020-2024,0.0979807748809447
1693,2020-2024,0.07453016734369369
1694,2020-2024,0.06916635453372769
1695,2020-2024,0.08814001016419944
1696,2020-2024,0.09344946339609314
1697,2020-2024,0.08329715447573742
1698,2020-2024,0.08313949725254363
1699,2020-2024,0.09452263750347166
1700,2020-2024,0.10403388008847696
1701,2020-2024,0.1153495826833594
1702,2020-2024,0.12579957515805967
1703,2020-2024,0.11476525270248046
1704,2020-2024,0.11730071186829985
1705,2020-2024,0.07984828821780562
1706,2020-2024,0.09692414152092098
1707,2020-2024,0.06057606367192119
1708,2020-2024,0.06823648136737784
1710,2020-2024,0.07807962688848874
1711,2020-2024,0.07963669696178675
1712,2020-2024,0.07653192445956528
1731,2020-2024,0.08503686095630418
1732,2020-2024,0.10578553263624366
1733,2020-2024,0.08729968330408608
1734,2020-2024,0.099046466298457
1737,2020-2024,0.12891814401960888
1738,2020-2024,0.14042175012204122
1739,2020-2024,0.08996216481643868
1743,2020-2024,0.09011700088842065
1748,2020-2024,0.06984585012564243
1749,2020-2024,0.06984725945502684
1753,2020-2024,0.07165806082308988
1755,2020-2024,0.06809820453588701
1756,2020-2024,0.07104642468178347
1757,2020-2024,0.05918963669320916
1758,2020-2024,0.06628503685603232
1759,2020-2024,0.06082907845476406
1760,2020-2024,0.06426617223798309
1761,2020-2024,0.06779596660811141
1762,2020-2024,0.06739534797791813
1764,2020-2024,0.05980663582009678
1765,2020-2024,0.06141842108924022
1766,2020-2024,0.06244004383720619
1767,2020-2024,0.06412770710918475
1769,2020-2024,0.06896895494785518
1770,2020-2024,0.06859699175703828
1771,2020-2024,0.06161328106930528
1772,2020-2024,0.056232556464867973
1773,2020-2024,0.053517521512690215
1774,2020-2024,0.050375156174560745
1775,2020-2024,0.04958855289053352
1776,2020-2024,0.04903657896587788
1777,2020-2024,0.04461876299306974
1778,2020-2024,0.041954939523171614
1779,2020-2024,0.0404027476565726
1782,2020-2024,0.04586290662994009
1783,2020-2024,0.04659462470578804
1803,2020-2024,0.07393574867767715
1804,2020-2024,0.06784241752570878
1805,2020-2024,0.05493604344499083
1806,2020-2024,0.05938306093050723
1807,2020-2024,0.06121139028586221
1808,2020-2024,0.06764994028134375
1809,2020-2024,0.060096254386410794
1815,2020-2024,0.08073755903824029
1816,2020-2024,0.07636234955655614
1819,2020-2024,0.06408779622056862
1820,2020-2024,0.05844481625536516
1821,2020-2024,0.05635918247850729
1822,2020-2024,0.049116240580142995
1823,2020-2024,0.05267587818133053
1824,2020-2024,0.05515518159241002
1825,2020-2024,0.050744597528864094
1826,2020-2024,0.05181996775676673
1827,2020-2024,0.04389300162339391
1828,2020-2024,0.03697007000939247
1829,2020-2024,0.03708905183464287
1830,2020-2024,0.03723209733085518
1831,2020-2024,0.042147765699244666
1832,2020-2024,0.04214772170513876
1833,2020-2024,0.04397868619183402
1834,2020-2024,0.04347038397670073
1835,2020-2024,0.04143332630965635
1836,2020-2024,0.04199963241871959
1837,2020-2024,0.040800705440978254
1838,2020-2024,0.04359983963445631
1839,2020-2024,0.046512092539146295
1840,2020-2024,0.04844769739063751
1841,2020-2024,0.04693392312142277
1842,2020-2024,0.044253880326440266
1843,2020-2024,0.037990214797347634
1844,2020-2024,0.03948006805448953
1845,2020-2024,0.040695837751649075
1846,2020-2024,0.04017605146971787
1847,2020-2024,0.03887651687202906
1848,2020-2024,0.03459488774446704
1849,2020-2024,0.03219108119280996
1850,2020-2024,0.030683241287082386
1851,2020-2024,0.03212815555710059
1852,2020-2024,0.03285106144463025
1853,2020-2024,0.025250143371055623
1854,2020-2024,0.032120988302813146
1855,2020-2024,0.03207688936103185
1856,2020-2024,0.039110739667139675
1875,2020-2024,0.07142059599926867
1876,2020-2024,0.05681366500158625
1877,2020-2024,0.0470674067720752
1878,2020-2024,0.03915968566526639
1879,2020-2024,0.035023618106173826
1880,2020-2024,0.03555378067351032
1881,2020-2024,0.03284291069534723
1882,2020-2024,0.040028868935471765
1884,2020-2024,0.052338016105387145
1892,2020-2024,0.05996669509955602
1895,2020-2024,0.04168968093578579
1896,2020-2024,0.04271987305495456
1897,2020-2024,0.03326608380514439
1898,2020-2024,0.034061627909246515
1899,2020-2024,0.031945796668500726
1900,2020-2024,0.03178851140731198
1901,2020-2024,0.026886584363821
1902,2020-2024,0.027483227970524014
1903,2020-2024,0.028064081825286816
1904,2020-2024,0.028643059293636156
1905,2020-2024,0.029221603274948764
1906,2020-2024,0.03127931208826455
1907,2020-2024,0.03390580039281605
1908,2020-2024,0.03322436760785536
1909,2020-2024,0.030809086857022053
1910,2020-2024,0.030781553247042223
1911,2020-2024,0.03641689770272969
1912,2020-2024,0.035890291294923854
1913,2020-2024,0.034172130839565606
1914,2020-2024,0.029095508965909508
1915,2020-2024,0.028456455602528342
1916,2020-2024,0.027756314151750942
1917,2020-2024,0.026990293757222363
1918,2020-2024,0.026161046963820617
1919,2020-2024,0.025284132016172026
1920,2020-2024,0.024384460444291364
1921,2020-2024,0.0234712830077383
1922,2020-2024,0.022397626463934343
1923,2020-2024,0.02440352690338131
1924,2020-2024,0.021295839030893444
1925,2020-2024,0.020200788741861226
1926,2020-2024,0.02474339646630768
1927,2020-2024,0.03408261738297406
1928,2020-2024,0.03936949199678077
1950,2020-2024,0.03192239535476557
1951,2020-2024,0.028198960774528
1952,2020-2024,0.03306295199346111
1953,2020-2024,0.029673878116640916
1954,2020-2024,0.03513604447368681
1967,2020-2024,0.03165758574616068
1968,2020-2024,0.027923240779563326
1969,2020-2024,0.02695902240911001
1970,2020-2024,0.029560352492104952
1971,2020-2024,0.030600821944429417
1972,2020-2024,0.030751140890750612
1973,2020-2024,0.029557756398370463
1974,2020-2024,0.029805277077054503
1975,2020-2024,0.03047583771126863
1976,2020-2024,0.031126081869096392
1977,2020-2024,0.0317526380748106
1978,2020-2024,0.03232694737007101
1979,2020-2024,0.03279528288041864
1980,2020-2024,0.03309447669606326
1981,2020-2024,0.03317723203931766
1982,2020-2024,0.03303191845168036
1983,2020-2024,0.032683917457611344
1984,2020-2024,0.03217951735413583
1985,2020-2024,0.03156399126229654
1986,2020-2024,0.03086624884927632
1987,2020-2024,0.030096329564603112
1988,2020-2024,0.02925446253994335
1989,2020-2024,0.028343935523675916
1990,2020-2024,0.027378664587584704
1991,2020-2024,0.02638190542847552
1992,2020-2024,0.02537976211414871
1993,2020-2024,0.02439512932730956
1994,2020-2024,0.024345226387070994
1995,2020-2024,0.023685194836518625
1996,2020-2024,0.02062474879751256
1997,2020-2024,0.021792271985429774
1998,2020-2024,0.02242933064732899
2024,2020-2024,0.03205903512907126
2025,2020-2024,0.029137574243668505
2027,2020-2024,0.03927538656242735
2028,2020-2024,0.04647497795726528
2039,2020-2024,0.034637181877986645
2040,2020-2024,0.030459105863940242
2041,2020-2024,0.03129389112258127
2044,2020-2024,0.03501571330691727
2045,2020-2024,0.033688548501034414
2046,2020-2024,0.03268384676072024
2047,2020-2024,0.03440030136617727
2048,2020-2024,0.034171495033933165
2049,2020-2024,0.03497811586735484
2050,2020-2024,0.03508770351447576
2051,2020-2024,0.035508883061900885
2052,2020-2024,0.0357117446986822
2053,2020-2024,0.03566217268989987
2054,2020-2024,0.035368339489158435
2055,2020-2024,0.03487205017307842
2056,2020-2024,0.03422547752283536
2057,2020-2024,0.03346926371580024
2058,2020-2024,0.03262373763225113
2059,2020-2024,0.031694646884125356
2060,2020-2024,0.030686077833658416
2061,2020-2024,0.029610443833650472
2062,2020-2024,0.028489985539734985
2063,2020-2024,0.027351657409787462
2064,2020-2024,0.02622123816295195
2065,2020-2024,0.02511977251791958
2066,2020-2024,0.024042871324898147
2067,2020-2024,0.022973252596484722
2068,2020-2024,0.024718457268875064
2069,2020-2024,0.026137202067951233
2100,2020-2024,0.04729977565367329
2111,2020-2024,0.037716849168335655
2112,2020-2024,0.03441771012437519
2113,2020-2024,0.03522937271421446
2114,2020-2024,0.03762208130376274
2116,2020-2024,0.037965433544780706
2117,2020-2024,0.03771665978025444
2118,2020-2024,0.03808677174477511
2119,2020-2024,0.03974183782184016
2120,2020-2024,0.04049870877419378
2121,2020-2024,0.03915521608565794
2122,2020-2024,0.03906188874096421
2123,2020-2024,0.038331030371554387
2124,2020-2024,0.038381595670658915
2125,2020-2024,0.03815185995585489
2126,2020-2024,0.03767408468092674
2127,2020-2024,0.03700308273268058
2128,2020-2024,0.036189201057038475
2129,2020-2024,0.03526248831436409
2130,2020-2024,0.0342341801818037
2131,2020-2024,0.03310946979583635
2132,2020-2024,0.03190010495978834
2133,2020-2024,0.030628822669068162
2134,2020-2024,0.029325706878252013
2135,2020-2024,0.028021708775330816
2136,2020-2024,0.02674370111785267
2137,2020-2024,0.025512043312672126
2138,2020-2024,0.024317597018597564
2139,2020-2024,0.023405356572306125
2140,2020-2024,0.02559617784691203
2141,2020-2024,0.027955889368543457
2171,2020-2024,0.044319634932727295
2181,2020-2024,0.050152455505625373
2182,2020-2024,0.04459062759592735
2183,2020-2024,0.03951953483242709
2184,2020-2024,0.03760608229441997
2186,2020-2024,0.04017510990028683
2187,2020-2024,0.039973522594345015
2188,2020-2024,0.04001162198200141
2189,2020-2024,0.04116053622036893
2191,2020-2024,0.04449868876153265
2193,2020-2024,0.042772995452882635
2194,2020-2024,0.04219539031170782
2195,2020-2024,0.04110117935732779
2196,2020-2024,0.04093110448372407
2197,2020-2024,0.040472243746046965
2198,2020-2024,0.03977743627364493
2199,2020-2024,0.03890341569217327
2200,2020-2024,0.0378886044314334
2201,2020-2024,0.03674962316479865
2202,2020-2024,0.03549338427232994
2203,2020-2024,0.03413222830037252
2204,2020-2024,0.03269118328034198
2205,2020-2024,0.031205392738845896
2206,2020-2024,0.02971265054564023
2207,2020-2024,0.028246617016074192
2208,2020-2024,0.026832962990802015
2209,2020-2024,0.025488088427088922
2210,2020-2024,0.024202416280997886
2211,2020-2024,0.022810552060926644
2212,2020-2024,0.023640544535720953
2213,2020-2024,0.02653813079962648
2214,2020-2024,0.026425180014727354
2240,2020-2024,0.04333311299556347
2241,2020-2024,0.042423793550750113
2250,2020-2024,0.06418783453876324
2254,2020-2024,0.044733180726249794
2255,2020-2024,0.04081122852516955
2257,2020-2024,0.04094688269076079
2258,2020-2024,0.04098933103312497
2259,2020-2024,0.04078151837994703
2260,2020-2024,0.04239032540564605
2261,2020-2024,0.042307657683208766
2262,2020-2024,0.04605192921228853
2263,2020-2024,0.047216026415740416
2264,2020-2024,0.04718126851636391
2265,2020-2024,0.045198540867861396
2266,2020-2024,0.044502688672984035
2267,2020-2024,0.0435809642809448
2268,2020-2024,0.04312721881094632
2269,2020-2024,0.04239861252704789
2270,2020-2024,0.04145520526859869
2271,2020-2024,0.04034250016407267
2272,2020-2024,0.03908298908551812
2273,2020-2024,0.03768661584485306
2274,2020-2024,0.03616759171670339
2275,2020-2024,0.03455411904342561
2276,2020-2024,0.03288687124494826
2277,2020-2024,0.03121040405112716
2278,2020-2024,0.029564524504986534
2279,2020-2024,0.027979198442467268
2280,2020-2024,0.026473104419251096
2281,2020-2024,0.025054675182632078
2282,2020-2024,0.023724586839920885
2283,2020-2024,0.02267326310625716
2284,2020-2024,0.020722942313720905
2285,2020-2024,0.02319882416084419
2286,2020-2024,0.02384284027554407
2312,2020-2024,0.04201778987976984
2313,2020-2024,0.03988911210277898
2320,2020-2024,0.0632363671105165
2323,2020-2024,0.0519975429090606
2326,2020-2024,0.04641490348367084
2327,2020-2024,0.04171753826745606
2328,2020-2024,0.0416274159936252
2329,2020-2024,0.042631874792456406
2330,2020-2024,0.04303552652132034
2331,2020-2024,0.041129706131463634
2332,2020-2024,0.04230478319869999
2333,2020-2024,0.04461146988912704
2334,2020-2024,0.04557114505870248
2335,2020-2024,0.04836328110998087
2336,2020-2024,0.04701777796235859
2337,2020-2024,0.04679605694782007
2338,2020-2024,0.04595734178737021
2339,2020-2024,0.04548517884009074
2340,2020-2024,0.04470424257676384
2341,2020-2024,0.0436765867280667
2342,2020-2024,0.04245456566851031
2343,2020-2024,0.0410682627157811
2344,2020-2024,0.03953280271328271
2345,2020-2024,0.037865308086141206
2346,2020-2024,0.036096864231028494
2347,2020-2024,0.034272071075849
2348,2020-2024,0.03243996749106005
2349,2020-2024,0.03064408920473647
2350,2020-2024,0.02891662853888577
2351,2020-2024,0.027277109504004346
2352,2020-2024,0.025734125258478395
2353,2020-2024,0.024288510809113307
2354,2020-2024,0.02293679190762019
2355,2020-2024,0.021673480470592414
2356,2020-2024,0.020625005127808915
2357,2020-2024,0.02052632968245153
2358,2020-2024,0.02327336056277284
2359,2020-2024,0.02251489663816785
2384,2020-2024,0.04203349030330552
2385,2020-2024,0.03665151323887599
2386,2020-2024,0.03389293228621983
2387,2020-2024,0.033162902669635334
2390,2020-2024,0.05083563860849777
2392,2020-2024,0.04951957197516384
2393,2020-2024,0.050138366781669295
2394,2020-2024,0.05257450408636638
2395,2020-2024,0.04751469384279337
2397,2020-2024,0.047247252211178245
2398,2020-2024,0.045087797306193424
2399,2020-2024,0.0428115777077218
2400,2020-2024,0.04162455014347097
2401,2020-2024,0.0437176858994941
2402,2020-2024,0.042957324705798695
2403,2020-2024,0.04414911723992115
2404,2020-2024,0.04529314639755872
2405,2020-2024,0.04633310668469867
2406,2020-2024,0.04719132068167464
2407,2020-2024,0.04778200722694617
2408,2020-2024,0.04803164921105556
2409,2020-2024,0.04789908371867943
2410,2020-2024,0.04738685234278691
2411,2020-2024,0.046537521661657665
2412,2020-2024,0.045414665225592656
2413,2020-2024,0.044077836723893905
2414,2020-2024,0.04256697663950702
2415,2020-2024,0.04090521476548638
2416,2020-2024,0.039114039838429
2417,2020-2024,0.03722626011265619
2418,2020-2024,0.03528731219814524
2419,2020-2024,0.03334686619113579
2420,2020-2024,0.03144868705832502
2421,2020-2024,0.029624528076708654
2422,2020-2024,0.027893148215377733
2423,2020-2024,0.026262616578336825
2424,2020-2024,0.024733850502294628
2425,2020-2024,0.02330401984679693
2426,2020-2024,0.021969062162889633
2427,2020-2024,0.020724304029583224
2428,2020-2024,0.01951495790171324
2429,2020-2024,0.018131006114989728
2430,2020-2024,0.0210788947048275
2431,2020-2024,0.02201862910782371
2456,2020-2024,0.04264459215832477
2457,2020-2024,0.03783025819856484
2458,2020-2024,0.03287819085004821
2459,2020-2024,0.03306307573950616
2460,2020-2024,0.036718728683396415
2461,2020-2024,0.04039702588675247
2462,2020-2024,0.04237709603178527
2463,2020-2024,0.046472535514648756
2464,2020-2024,0.046134734826745
2466,2020-2024,0.051929100056229555
2468,2020-2024,0.0483612840935613
2469,2020-2024,0.04476252822126543
2470,2020-2024,0.04450225768814106
2471,2020-2024,0.04222659216237393
2472,2020-2024,0.04341488547003108
2473,2020-2024,0.04459135835188954
2474,2020-2024,0.04574425049569823
2475,2020-2024,0.0468441090183087
2476,2020-2024,0.04783824202412675
2477,2020-2024,0.048652569135392905
2478,2020-2024,0.049203021125089924
2479,2020-2024,0.049414579504011645
2480,2020-2024,0.049241255355270665
2481,2020-2024,0.04867844617647933
2482,2020-2024,0.04776179687887182
2483,2020-2024,0.0465523573549033
2484,2020-2024,0.0451145729431808
2485,2020-2024,0.043498915031325976
2486,2020-2024,0.04173909423948772
2487,2020-2024,0.03986267523285144
2488,2020-2024,0.03790341883574993
2489,2020-2024,0.03590462167469534
2490,2020-2024,0.033912752310434925
2491,2020-2024,0.031968283198242436
2492,2020-2024,0.03010005788479245
2493,2020-2024,0.02832468485414274
2494,2020-2024,0.02664913079420709
2495,2020-2024,0.025074245933603127
2496,2020-2024,0.023597838586062046
2497,2020-2024,0.022216707806060276
2498,2020-2024,0.020927587321869317
2499,2020-2024,0.019725582915973996
2500,2020-2024,0.018605491113006592
2501,2020-2024,0.017528427880816537
2502,2020-2024,0.018440009109352267
2503,2020-2024,0.020514645396660657
2530,2020-2024,0.042059785571763694
2531,2020-2024,0.040213064291365064
2532,2020-2024,0.040712701588191694
2535,2020-2024,0.04923424971737268
2539,2020-2024,0.05084743768372656
2540,2020-2024,0.047964967699271985
2541,2020-2024,0.04576112546139135
2542,2020-2024,0.043692913662072244
2543,2020-2024,0.044822793552525594
2544,2020-2024,0.04592504686469994
2545,2020-2024,0.047436044680766454
2546,2020-2024,0.049056376942395355
2547,2020-2024,0.05033632543182435
2548,2020-2024,0.049516418356281386
2549,2020-2024,0.04995629695397275
2550,2020-2024,0.05009942779336889
2551,2020-2024,0.04985473952384542
2552,2020-2024,0.049239823035345895
2553,2020-2024,0.048279144762123645
2554,2020-2024,0.04702227057823069
2555,2020-2024,0.04552934553030659
2556,2020-2024,0.04385606184788855
2557,2020-2024,0.042046092102562285
2558,2020-2024,0.04013459957659799
2559,2020-2024,0.03815697719717962
2560,2020-2024,0.03615317360890566
2561,2020-2024,0.03416414074732782
2562,2020-2024,0.032224893420747615
2563,2020-2024,0.030360014239416193
2564,2020-2024,0.02858344258736414
2565,2020-2024,0.026901046497080926
2566,2020-2024,0.02531377538233103
2567,2020-2024,0.02382017927917953
2568,2020-2024,0.022417939764074444
2569,2020-2024,0.021104544290353345
2570,2020-2024,0.019877404863183915
2571,2020-2024,0.018732681627093073
2572,2020-2024,0.017655636894688152
2573,2020-2024,0.01666475249750597
2574,2020-2024,0.016484257147429123
2575,2020-2024,0.018028379519589154
2576,2020-2024,0.020266641927852384
2605,2020-2024,0.04793673799023228
2606,2020-2024,0.04453571418081471
2607,2020-2024,0.04467448215272738
2608,2020-2024,0.04435573745118624
2609,2020-2024,0.04551207796454983
2610,2020-2024,0.04868916225927609
2611,2020-2024,0.04680453951257108
2612,2020-2024,0.04309276658062213
2613,2020-2024,0.043873463989413754
2614,2020-2024,0.045467294643945784
2615,2020-2024,0.04548548234320928
2616,2020-2024,0.04888260103146708
2617,2020-2024,0.0506671079832565
2618,2020-2024,0.05449829853413131
2619,2020-2024,0.055128077989306544
2620,2020-2024,0.05440844021166215
2621,2020-2024,0.05188428839218479
2622,2020-2024,0.04962680104946564
2623,2020-2024,0.04902534909679288
2624,2020-2024,0.048055495368206746
2625,2020-2024,0.04681370560187389
2626,2020-2024,0.04534222993012022
2627,2020-2024,0.043688087040593356
2628,2020-2024,0.04189684960598114
2629,2020-2024,0.040009776123333146
2630,2020-2024,0.03806561648321512
2631,2020-2024,0.03610270900816688
2632,2020-2024,0.0341572553307025
2633,2020-2024,0.03225910280721523
2634,2020-2024,0.030428992708326434
2635,2020-2024,0.02867896784662445
2636,2020-2024,0.027014742184117084
2637,2020-2024,0.025438225332408672
2638,2020-2024,0.023949301926398398
2639,2020-2024,0.022546844860317564
2640,2020-2024,0.02122920141111073
2641,2020-2024,0.019994407723108565
2642,2020-2024,0.018840284519843844
2643,2020-2024,0.01776451114886978
2644,2020-2024,0.016757830473540562
2645,2020-2024,0.015769266219467476
2646,2020-2024,0.015079995791236292
2647,2020-2024,0.01755537916288123
2648,2020-2024,0.019634904485773454
2678,2020-2024,0.05012832258476622
2679,2020-2024,0.04444241583446744
2680,2020-2024,0.041880734393312524
2681,2020-2024,0.04121913637796064
2682,2020-2024,0.040477129565704546
2683,2020-2024,0.04221524078817741
2684,2020-2024,0.04331419918074519
2685,2020-2024,0.046805012626596226
2686,2020-2024,0.050090392769812524
2687,2020-2024,0.05379867113389559
2688,2020-2024,0.05706258625995955
2689,2020-2024,0.06167422321064675
2691,2020-2024,0.0654564119944935
2692,2020-2024,0.0640345617015964
2693,2020-2024,0.05571959911911274
2694,2020-2024,0.05111992706861356
2695,2020-2024,0.04702725325865126
2696,2020-2024,0.04597241440268858
2697,2020-2024,0.04460626986957821
2698,2020-2024,0.04306212948334419
2699,2020-2024,0.04137161907072316
2700,2020-2024,0.03957346812568131
2701,2020-2024,0.03770922105303197
2702,2020-2024,0.03581933658218062
2703,2020-2024,0.03393964339969088
2704,2020-2024,0.03209832847310683
2705,2020-2024,0.030314894476863252
2706,2020-2024,0.028601496448140362
2707,2020-2024,0.02696532061074969
2708,2020-2024,0.025410515640953913
2709,2020-2024,0.02393921920993261
2710,2020-2024,0.02255200531120933
2711,2020-2024,0.021248170891292106
2712,2020-2024,0.020026053782096792
2713,2020-2024,0.018883377673366498
2714,2020-2024,0.017817545439532234
2715,2020-2024,0.0168258158655796
2716,2020-2024,0.015838147945174227
2717,2020-2024,0.01462002040733774
2718,2020-2024,0.015857294729981722
2719,2020-2024,0.016788086479375842
2750,2020-2024,0.052995167346797996
2751,2020-2024,0.0517341525772089
2752,2020-2024,0.04663243187881311
2753,2020-2024,0.04248478456068771
2754,2020-2024,0.04380041448876874
2755,2020-2024,0.046886288409980284
2756,2020-2024,0.04770615987796572
2757,2020-2024,0.05081408327571905
2758,2020-2024,0.06197620777506538
2759,2020-2024,0.06850976031144515
2765,2020-2024,0.059237118010625055
2766,2020-2024,0.05162917590129237
2767,2020-2024,0.044182469150449384
2768,2020-2024,0.04339074748318912
2769,2020-2024,0.04202959124404394
2770,2020-2024,0.04051397329116521
2771,2020-2024,0.03886566733837745
2772,2020-2024,0.03712183651210391
2773,2020-2024,0.03532622197326342
2774,2020-2024,0.03351999190195292
2775,2020-2024,0.03173594374528488
2776,2020-2024,0.02999716986563186
2777,2020-2024,0.028319012842945718
2778,2020-2024,0.026711882209504094
2779,2020-2024,0.025183108656982856
2780,2020-2024,0.023737557746385307
2781,2020-2024,0.022377638994414757
2782,2020-2024,0.021103424514756986
2783,2020-2024,0.019913033426859777
2784,2020-2024,0.018803220973397858
2785,2020-2024,0.017769977923522855
2786,2020-2024,0.016808999104248525
2787,2020-2024,0.015902373049011275
2788,2020-2024,0.014869495110167387
2789,2020-2024,0.015046375583071444
2790,2020-2024,0.017465798126390562
2791,2020-2024,0.01746342418597481
2826,2020-2024,0.061403583354024335
2827,2020-2024,0.061633702297235554
2837,2020-2024,0.05309416330284547
2838,2020-2024,0.0481415525111263
2839,2020-2024,0.04128892076738736
2840,2020-2024,0.040638067066098904
2841,2020-2024,0.03933669419929798
2842,2020-2024,0.0378800377916266
2843,2020-2024,0.036289638829963625
2844,2020-2024,0.034606869270033015
2845,2020-2024,0.032879703045659424
2846,2020-2024,0.031151051753026814
2847,2020-2024,0.029453254864594536
2848,2020-2024,0.027808643751738815
2849,2020-2024,0.026232507467884542
2850,2020-2024,0.02473554946646686
2851,2020-2024,0.023324866794933476
2852,2020-2024,0.022004075378063162
2853,2020-2024,0.020773431569267906
2854,2020-2024,0.01963032006931665
2855,2020-2024,0.018570038947211688
2856,2020-2024,0.017586659745447306
2857,2020-2024,0.01667377451346312
2858,2020-2024,0.015825047052172164
2859,2020-2024,0.014944883663815151
2860,2020-2024,0.014879080330401489
2861,2020-2024,0.016334602991050707
2862,2020-2024,0.017281434973773133
2909,2020-2024,0.04436994594206596
2910,2020-2024,0.0424810929372858
2911,2020-2024,0.03816623168228304
2912,2020-2024,0.037876764965152084
2913,2020-2024,0.0366185992546034
2914,2020-2024,0.035198649522927304
2915,2020-2024,0.03364754521748799
2916,2020-2024,0.03201428158123395
2917,2020-2024,0.03035091328963618
2918,2020-2024,0.028701476547520005
2919,2020-2024,0.027098153286578164
2920,2020-2024,0.025562630667093186
2921,2020-2024,0.0241089420032753
2922,2020-2024,0.022745503099666515
2923,2020-2024,0.021476094780046504
2924,2020-2024,0.020300449237377866
2925,2020-2024,0.01921495682148083
2926,2020-2024,0.018213557292401646
2927,2020-2024,0.017288740805094682
2928,2020-2024,0.016432434504337692
2929,2020-2024,0.015636704525150216
2930,2020-2024,0.014856806070657147
2931,2020-2024,0.013948555433017675
2932,2020-2024,0.01547150514237123
2933,2020-2024,0.01624313919746478
2981,2020-2024,0.04331635506161167
2982,2020-2024,0.03613402487203836
2983,2020-2024,0.03540555918122821
2984,2020-2024,0.03513895997751319
2985,2020-2024,0.033881713094629846
2986,2020-2024,0.03247289320259399
2987,2020-2024,0.030955511724404666
2988,2020-2024,0.029383178386310004
2989,2020-2024,0.027806610446680664
2990,2020-2024,0.026266093359649814
2991,2020-2024,0.024789804259836953
2992,2020-2024,0.023395378664031193
2993,2020-2024,0.02209241710842913
2994,2020-2024,0.020884530852984726
2995,2020-2024,0.019770764822531584
2996,2020-2024,0.018746726311441635
2997,2020-2024,0.017805621735448078
2998,2020-2024,0.016939237875166605
2999,2020-2024,0.016138815685508772
3000,2020-2024,0.015395757811963512
3001,2020-2024,0.014662125174467725
3002,2020-2024,0.013796437583162192
3003,2020-2024,0.014504274085559451
3004,2020-2024,0.015205633097682341
3005,2020-2024,0.01514074682432266
3007,2020-2024,0.01975727886854576
3052,2020-2024,0.04614935686507314
3053,2020-2024,0.0399939317895558
3054,2020-2024,0.0335198411732035
3055,2020-2024,0.03313220615197117
3056,2020-2024,0.03241215208428927
3057,2020-2024,0.031146974496567215
3058,2020-2024,0.02974981764152428
3059,2020-2024,0.028224318663877427
3060,2020-2024,0.02666507058910942
3061,2020-2024,0.02516822605531073
3062,2020-2024,0.02379594593739604
3063,2020-2024,0.022627182606102494
3064,2020-2024,0.021455062252495785
3065,2020-2024,0.020314597797072752
3066,2020-2024,0.019264061473344175
3067,2020-2024,0.018299215109833206
3068,2020-2024,0.017413476366717626
3069,2020-2024,0.01659320510803008
3070,2020-2024,0.01583822299288153
3071,2020-2024,0.015124143182769374
3072,2020-2024,0.01440926975980581
3073,2020-2024,0.013559281474230316
3074,2020-2024,0.013870382195875091
3075,2020-2024,0.014758322886768285
3076,2020-2024,0.014443384100464456
3078,2020-2024,0.015325548726616785
3079,2020-2024,0.017720856074142654
3124,2020-2024,0.045235540073874966
3125,2020-2024,0.039178309592827754
3126,2020-2024,0.03548637549930738
3127,2020-2024,0.031849940971220986
3128,2020-2024,0.029445389574651447
3129,2020-2024,0.028566636271802795
3130,2020-2024,0.028201609488950636
3131,2020-2024,0.02682652146831112
3132,2020-2024,0.02565979873948867
3133,2020-2024,0.02365029519696477
3134,2020-2024,0.02214564263765496
3135,2020-2024,0.02063105356484143
3136,2020-2024,0.019768574394350893
3137,2020-2024,0.0188203092461536
3138,2020-2024,0.017908970516791377
3139,2020-2024,0.01707050838064318
3140,2020-2024,0.01628608171731734
3141,2020-2024,0.015513430071020809
3142,2020-2024,0.014743846038295445
3143,2020-2024,0.01457175874084063
3144,2020-2024,0.014137359322259853
3145,2020-2024,0.014632549061688345
3146,2020-2024,0.01572852437002541
3147,2020-2024,0.014962705016411582
3149,2020-2024,0.013970648836246876
3150,2020-2024,0.0155141493657351
3151,2020-2024,0.01611298951299284
3198,2020-2024,0.037558987871393605
3199,2020-2024,0.030780086664418185
3200,2020-2024,0.026456034196612417
3201,2020-2024,0.02600232489928481
3202,2020-2024,0.028028717851567547
3203,2020-2024,0.02974875749103544
3204,2020-2024,0.028563499283453357
3205,2020-2024,0.025014477455171786
3206,2020-2024,0.022672401782670683
3207,2020-2024,0.019347022664422196
3208,2020-2024,0.01781701815084898
3209,2020-2024,0.01731199186157977
3210,2020-2024,0.01656268339824105
3211,2020-2024,0.015809162641526254
3212,2020-2024,0.014978095364769708
3213,2020-2024,0.01476036399480688
3214,2020-2024,0.01512918862664705
3215,2020-2024,0.0155637547348013
3216,2020-2024,0.01646587840067359
3217,2020-2024,0.016403286545708166
3218,2020-2024,0.01695756757898682
3221,2020-2024,0.015261895973095413
3222,2020-2024,0.01596780144086439
3270,2020-2024,0.038456609709119675
3271,2020-2024,0.03390914083052874
3272,2020-2024,0.030238749350804887
3273,2020-2024,0.028457760788532127
3275,2020-2024,0.03156578053176026
3278,2020-2024,0.02402216712511916
3279,2020-2024,0.021837690152633676
3280,2020-2024,0.018545196813831235
3281,2020-2024,0.016303293896319918
3282,2020-2024,0.01570967892003788
3283,2020-2024,0.01518213897670344
3284,2020-2024,0.01561954632024344
3285,2020-2024,0.01676878253228485
3286,2020-2024,0.016889162751945706
3287,2020-2024,0.01705410009059877
3293,2020-2024,0.01810746206482625
3294,2020-2024,0.01886118578379869
3295,2020-2024,0.020797950707385077
3343,2020-2024,0.03814115674398411
3344,2020-2024,0.035359187186179857
3345,2020-2024,0.03715037723939537
3351,2020-2024,0.022733130168836404
3352,2020-2024,0.019505377143762916
3353,2020-2024,0.017446872832367635
3354,2020-2024,0.01637094366250973
3355,2020-2024,0.016195930268304015
3356,2020-2024,0.016898050831241178
3357,2020-2024,0.0177111104943135
3426,2020-2024,0.016365228094977088
3427,2020-2024,0.0169290272938374
3497,2020-2024,0.01868489767291403
3498,2020-2024,0.017706508842808284
3499,2020-2024,0.018233334276205097
3568,2020-2024,0.0233193386146099
3569,2020-2024,0.021968232655695447
3570,2020-2024,0.0204546691606268
3571,2020-2024,0.019848276896050863
3641,2020-2024,0.025076075790980864
3642,2020-2024,0.023722788175043127
