grid_cell,year,source_short,n_events,n_observers,n_dates,mean_duration_min
56,2023,eBird_GBIF,1,1,1,NA
56,2023,Combined,1,1,1,NA
56,2024,China_Birdwatch,1,1,1,60
56,2024,Combined,1,1,1,60
57,2023,China_Birdwatch,2,2,2,60
57,2023,eBird_GBIF,1,1,1,NA
57,2023,Combined,3,3,2,60
57,2024,China_Birdwatch,1,1,1,240
57,2024,Combined,1,1,1,240
128,2013,eBird_GBIF,1,1,1,NA
128,2013,Combined,1,1,1,NA
128,2015,eBird_GBIF,1,1,1,NA
128,2015,Combined,1,1,1,NA
128,2017,eBird_GBIF,1,1,1,NA
128,2017,Combined,1,1,1,NA
128,2023,China_Birdwatch,2,2,2,53.888888888888886
128,2023,eBird_GBIF,3,2,3,NA
128,2023,Combined,5,4,4,53.888888888888886
128,2024,China_Birdwatch,5,5,5,110
128,2024,Combined,5,5,5,110
129,2024,China_Birdwatch,2,2,2,60
129,2024,Combined,2,2,2,60
130,2024,China_Birdwatch,1,1,1,60
130,2024,Combined,1,1,1,60
198,2023,eBird_GBIF,1,1,1,NA
198,2023,Combined,1,1,1,NA
199,2015,eBird_GBIF,8,2,4,NA
199,2015,Combined,8,2,4,NA
199,2023,eBird_GBIF,3,1,3,NA
199,2023,Combined,3,1,3,NA
199,2024,China_Birdwatch,5,4,5,56.666666666666664
199,2024,Combined,5,4,5,56.666666666666664
203,2024,China_Birdwatch,2,2,2,3326.297872340426
203,2024,Combined,2,2,2,3326.297872340426
270,2013,China_Birdwatch,1,1,1,2820
270,2013,Combined,1,1,1,2820
270,2015,eBird_GBIF,1,1,1,NA
270,2015,Combined,1,1,1,NA
270,2018,China_Birdwatch,1,1,1,660
270,2018,Combined,1,1,1,660
270,2019,China_Birdwatch,1,1,1,600
270,2019,Combined,1,1,1,600
270,2023,China_Birdwatch,6,6,4,287.97872340425533
270,2023,eBird_GBIF,1,1,1,NA
270,2023,Combined,7,7,4,287.97872340425533
270,2024,China_Birdwatch,5,5,5,5764.2
270,2024,Combined,5,5,5,5764.2
271,2013,eBird_GBIF,1,1,1,NA
271,2013,Combined,1,1,1,NA
271,2015,eBird_GBIF,2,2,1,NA
271,2015,Combined,2,2,1,NA
271,2023,China_Birdwatch,2,2,1,1385.5272727272727
271,2023,eBird_GBIF,2,1,2,NA
271,2023,Combined,4,3,3,1385.5272727272727
271,2024,China_Birdwatch,4,4,4,788.2592592592592
271,2024,Combined,4,4,4,788.2592592592592
272,2012,eBird_GBIF,1,1,1,NA
272,2012,Combined,1,1,1,NA
272,2015,eBird_GBIF,1,1,1,NA
272,2015,Combined,1,1,1,NA
272,2024,China_Birdwatch,2,2,2,333.75
272,2024,Combined,2,2,2,333.75
274,2023,China_Birdwatch,1,1,1,5
274,2023,eBird_GBIF,1,1,1,NA
274,2023,Combined,2,2,1,5
276,2024,China_Birdwatch,1,1,1,60
276,2024,Combined,1,1,1,60
341,2023,China_Birdwatch,6,6,5,595.8620689655172
341,2023,eBird_GBIF,1,1,1,NA
341,2023,Combined,7,7,6,595.8620689655172
341,2024,China_Birdwatch,3,3,3,140.47058823529412
341,2024,Combined,3,3,3,140.47058823529412
342,2023,China_Birdwatch,2,2,2,285
342,2023,Combined,2,2,2,285
342,2024,China_Birdwatch,4,4,4,78
342,2024,Combined,4,4,4,78
343,2014,China_Birdwatch,1,1,1,120
343,2014,Combined,1,1,1,120
343,2018,China_Birdwatch,1,1,1,300
343,2018,Combined,1,1,1,300
343,2023,China_Birdwatch,1,1,1,180
343,2023,Combined,1,1,1,180
343,2024,China_Birdwatch,16,11,16,187.39814814814815
343,2024,Combined,16,11,16,187.39814814814815
344,2023,eBird_GBIF,1,1,1,NA
344,2023,Combined,1,1,1,NA
345,2024,China_Birdwatch,1,1,1,300
345,2024,Combined,1,1,1,300
347,2022,China_Birdwatch,4,3,3,259.85915492957747
347,2022,Combined,4,3,3,259.85915492957747
347,2023,China_Birdwatch,1,1,1,360
347,2023,Combined,1,1,1,360
412,2023,China_Birdwatch,2,2,1,133.33333333333334
412,2023,Combined,2,2,1,133.33333333333334
412,2024,China_Birdwatch,1,1,1,120
412,2024,Combined,1,1,1,120
413,2023,China_Birdwatch,2,2,2,54
413,2023,Combined,2,2,2,54
413,2024,China_Birdwatch,7,7,7,150.11363636363635
413,2024,Combined,7,7,7,150.11363636363635
414,2013,eBird_GBIF,1,1,1,NA
414,2013,Combined,1,1,1,NA
414,2020,eBird_GBIF,3,3,1,NA
414,2020,Combined,3,3,1,NA
414,2022,eBird_GBIF,1,1,1,NA
414,2022,Combined,1,1,1,NA
414,2023,China_Birdwatch,1,1,1,120
414,2023,eBird_GBIF,3,3,3,NA
414,2023,Combined,4,4,4,120
414,2024,China_Birdwatch,13,10,11,24596.82692307692
414,2024,Combined,13,10,11,24596.82692307692
415,2013,eBird_GBIF,1,1,1,NA
415,2013,Combined,1,1,1,NA
415,2015,eBird_GBIF,2,2,1,NA
415,2015,Combined,2,2,1,NA
415,2016,China_Birdwatch,1,1,1,30
415,2016,Combined,1,1,1,30
415,2017,China_Birdwatch,1,1,1,30
415,2017,Combined,1,1,1,30
415,2018,China_Birdwatch,1,1,1,30
415,2018,eBird_GBIF,2,2,2,NA
415,2018,Combined,3,3,3,30
415,2019,China_Birdwatch,5,1,5,30
415,2019,Combined,5,1,5,30
415,2021,China_Birdwatch,1,1,1,480
415,2021,eBird_GBIF,1,1,1,NA
415,2021,Combined,2,2,2,480
415,2022,China_Birdwatch,1,1,1,120
415,2022,eBird_GBIF,1,1,1,NA
415,2022,Combined,2,2,2,120
415,2023,China_Birdwatch,1,1,1,483
415,2023,Combined,1,1,1,483
415,2024,China_Birdwatch,58,8,53,131.23404255319147
415,2024,Combined,58,8,53,131.23404255319147
416,2004,eBird_GBIF,2,1,2,NA
416,2004,Combined,2,1,2,NA
416,2023,eBird_GBIF,1,1,1,NA
416,2023,Combined,1,1,1,NA
417,2024,China_Birdwatch,1,1,1,60
417,2024,Combined,1,1,1,60
418,2016,eBird_GBIF,1,1,1,NA
418,2016,Combined,1,1,1,NA
418,2023,China_Birdwatch,1,1,1,660
418,2023,Combined,1,1,1,660
418,2024,China_Birdwatch,5,4,5,142.08333333333331
418,2024,Combined,5,4,5,142.08333333333331
483,2009,eBird_GBIF,2,1,2,NA
483,2009,Combined,2,1,2,NA
483,2018,eBird_GBIF,1,1,1,NA
483,2018,Combined,1,1,1,NA
484,2019,eBird_GBIF,3,2,3,NA
484,2019,Combined,3,2,3,NA
484,2021,eBird_GBIF,1,1,1,NA
484,2021,Combined,1,1,1,NA
484,2023,China_Birdwatch,7,7,6,78.54166666666666
484,2023,eBird_GBIF,5,4,5,NA
484,2023,Combined,12,11,11,78.54166666666666
484,2024,China_Birdwatch,19,18,18,223.9609375
484,2024,Combined,19,18,18,223.9609375
485,2004,eBird_GBIF,3,1,3,NA
485,2004,Combined,3,1,3,NA
485,2005,eBird_GBIF,1,1,1,NA
485,2005,Combined,1,1,1,NA
485,2015,China_Birdwatch,1,1,1,0
485,2015,Combined,1,1,1,0
485,2019,China_Birdwatch,1,1,1,1260
485,2019,Combined,1,1,1,1260
485,2020,eBird_GBIF,1,1,1,NA
485,2020,Combined,1,1,1,NA
485,2021,China_Birdwatch,1,1,1,333
485,2021,Combined,1,1,1,333
485,2022,China_Birdwatch,1,1,1,65
485,2022,Combined,1,1,1,65
485,2023,China_Birdwatch,11,9,10,136.26829268292684
485,2023,eBird_GBIF,4,4,2,NA
485,2023,Combined,15,13,12,136.26829268292684
485,2024,China_Birdwatch,30,27,26,184.29184549356228
485,2024,Combined,30,27,26,184.29184549356228
486,2022,eBird_GBIF,1,1,1,NA
486,2022,Combined,1,1,1,NA
487,2017,eBird_GBIF,2,1,2,NA
487,2017,Combined,2,1,2,NA
487,2021,China_Birdwatch,1,1,1,60
487,2021,Combined,1,1,1,60
487,2022,eBird_GBIF,1,1,1,NA
487,2022,Combined,1,1,1,NA
487,2023,eBird_GBIF,1,1,1,NA
487,2023,Combined,1,1,1,NA
487,2024,China_Birdwatch,3,3,3,132.83582089552237
487,2024,Combined,3,3,3,132.83582089552237
488,2018,eBird_GBIF,1,1,1,NA
488,2018,Combined,1,1,1,NA
554,2012,eBird_GBIF,1,1,1,NA
554,2012,Combined,1,1,1,NA
554,2014,China_Birdwatch,1,1,1,360
554,2014,eBird_GBIF,1,1,1,NA
554,2014,Combined,2,2,1,360
554,2015,China_Birdwatch,1,1,1,0
554,2015,eBird_GBIF,2,2,1,NA
554,2015,Combined,3,3,2,0
554,2017,eBird_GBIF,1,1,1,NA
554,2017,Combined,1,1,1,NA
554,2019,eBird_GBIF,1,1,1,NA
554,2019,Combined,1,1,1,NA
554,2021,China_Birdwatch,1,1,1,60
554,2021,Combined,1,1,1,60
554,2022,eBird_GBIF,6,3,2,NA
554,2022,Combined,6,3,2,NA
554,2023,China_Birdwatch,5,4,5,375.8125
554,2023,eBird_GBIF,9,6,7,NA
554,2023,Combined,14,10,11,375.8125
554,2024,China_Birdwatch,8,7,8,754.7755102040816
554,2024,Combined,8,7,8,754.7755102040816
555,2015,China_Birdwatch,1,1,1,0
555,2015,eBird_GBIF,1,1,1,NA
555,2015,Combined,2,2,1,0
555,2017,eBird_GBIF,1,1,1,NA
555,2017,Combined,1,1,1,NA
555,2018,China_Birdwatch,1,1,1,1740
555,2018,Combined,1,1,1,1740
555,2020,China_Birdwatch,2,2,1,60
555,2020,Combined,2,2,1,60
555,2022,China_Birdwatch,1,1,1,60
555,2022,eBird_GBIF,3,3,1,NA
555,2022,Combined,4,4,2,60
555,2023,China_Birdwatch,2,2,2,100
555,2023,eBird_GBIF,5,4,3,NA
555,2023,Combined,7,6,4,100
555,2024,China_Birdwatch,6,5,6,144
555,2024,Combined,6,5,6,144
556,2013,eBird_GBIF,1,1,1,NA
556,2013,Combined,1,1,1,NA
556,2020,eBird_GBIF,1,1,1,NA
556,2020,Combined,1,1,1,NA
556,2022,China_Birdwatch,3,2,3,346.85714285714283
556,2022,eBird_GBIF,3,3,1,NA
556,2022,Combined,6,5,4,346.85714285714283
556,2023,China_Birdwatch,4,4,3,144
556,2023,eBird_GBIF,4,4,2,NA
556,2023,Combined,8,8,5,144
556,2024,China_Birdwatch,15,13,12,560.2990353697749
556,2024,Combined,15,13,12,560.2990353697749
557,2004,eBird_GBIF,1,1,1,NA
557,2004,Combined,1,1,1,NA
557,2008,eBird_GBIF,1,1,1,NA
557,2008,Combined,1,1,1,NA
557,2009,eBird_GBIF,1,1,1,NA
557,2009,Combined,1,1,1,NA
557,2013,eBird_GBIF,2,1,2,NA
557,2013,Combined,2,1,2,NA
557,2015,eBird_GBIF,3,1,3,NA
557,2015,Combined,3,1,3,NA
557,2016,eBird_GBIF,2,2,1,NA
557,2016,Combined,2,2,1,NA
557,2017,eBird_GBIF,4,2,4,NA
557,2017,Combined,4,2,4,NA
557,2018,China_Birdwatch,1,1,1,30
557,2018,eBird_GBIF,5,4,5,NA
557,2018,Combined,6,5,5,30
557,2019,China_Birdwatch,1,1,1,600
557,2019,eBird_GBIF,11,9,7,NA
557,2019,Combined,12,10,8,600
557,2020,China_Birdwatch,1,1,1,1680
557,2020,eBird_GBIF,5,4,5,NA
557,2020,Combined,6,5,6,1680
557,2021,China_Birdwatch,2,2,2,926.6666666666667
557,2021,eBird_GBIF,7,6,4,NA
557,2021,Combined,9,8,6,926.6666666666667
557,2022,China_Birdwatch,2,2,2,150.53846153846155
557,2022,eBird_GBIF,2,2,2,NA
557,2022,Combined,4,4,4,150.53846153846155
557,2023,China_Birdwatch,22,20,16,1723.7999999999997
557,2023,eBird_GBIF,22,15,15,NA
557,2023,Combined,44,35,26,1723.7999999999997
557,2024,China_Birdwatch,108,86,63,847.6077419354835
557,2024,Combined,108,86,63,847.6077419354835
558,2017,eBird_GBIF,2,1,2,NA
558,2017,Combined,2,1,2,NA
558,2019,eBird_GBIF,2,2,2,NA
558,2019,Combined,2,2,2,NA
558,2021,eBird_GBIF,8,7,3,NA
558,2021,Combined,8,7,3,NA
558,2023,eBird_GBIF,4,4,3,NA
558,2023,Combined,4,4,3,NA
558,2024,China_Birdwatch,4,3,4,279.24285714285713
558,2024,Combined,4,3,4,279.24285714285713
559,2013,eBird_GBIF,12,6,9,NA
559,2013,Combined,12,6,9,NA
559,2014,eBird_GBIF,14,5,10,NA
559,2014,Combined,14,5,10,NA
559,2015,China_Birdwatch,1,1,1,5760
559,2015,eBird_GBIF,12,3,8,NA
559,2015,Combined,13,4,9,5760
559,2016,China_Birdwatch,1,1,1,5940
559,2016,eBird_GBIF,28,11,16,NA
559,2016,Combined,29,12,16,5940
559,2017,China_Birdwatch,1,1,1,3540
559,2017,eBird_GBIF,26,9,20,NA
559,2017,Combined,27,10,20,3540
559,2018,China_Birdwatch,6,2,6,1269.375
559,2018,eBird_GBIF,28,7,14,NA
559,2018,Combined,34,9,19,1269.375
559,2019,China_Birdwatch,7,2,7,3423.4
559,2019,eBird_GBIF,28,8,24,NA
559,2019,Combined,35,10,25,3423.4
559,2020,China_Birdwatch,13,5,11,2538.611320754717
559,2020,eBird_GBIF,39,12,30,NA
559,2020,Combined,52,17,34,2538.611320754717
559,2021,China_Birdwatch,25,9,17,1049.4258064516127
559,2021,eBird_GBIF,41,11,13,NA
559,2021,Combined,66,20,30,1049.4258064516127
559,2022,China_Birdwatch,24,9,19,1317.9378531073446
559,2022,eBird_GBIF,8,4,5,NA
559,2022,Combined,32,13,20,1317.9378531073446
559,2023,China_Birdwatch,85,29,56,2326.3601997146943
559,2023,eBird_GBIF,43,13,36,NA
559,2023,Combined,128,42,69,2326.3601997146943
559,2024,China_Birdwatch,383,151,134,1564.2502038819077
559,2024,Combined,383,151,134,1564.2502038819077
560,2017,eBird_GBIF,2,2,2,NA
560,2017,Combined,2,2,2,NA
560,2018,eBird_GBIF,2,1,2,NA
560,2018,Combined,2,1,2,NA
560,2021,eBird_GBIF,1,1,1,NA
560,2021,Combined,1,1,1,NA
560,2023,China_Birdwatch,1,1,1,1949
560,2023,eBird_GBIF,2,2,1,NA
560,2023,Combined,3,3,2,1949
560,2024,China_Birdwatch,4,4,3,327.27272727272725
560,2024,Combined,4,4,3,327.27272727272725
561,2022,eBird_GBIF,2,2,1,NA
561,2022,Combined,2,2,1,NA
561,2024,China_Birdwatch,2,1,2,2027.3333333333335
561,2024,Combined,2,1,2,2027.3333333333335
563,2019,eBird_GBIF,1,1,1,NA
563,2019,Combined,1,1,1,NA
563,2020,eBird_GBIF,1,1,1,NA
563,2020,Combined,1,1,1,NA
563,2023,China_Birdwatch,2,2,2,62.4
563,2023,Combined,2,2,2,62.4
563,2024,China_Birdwatch,6,2,6,84.08823529411765
563,2024,Combined,6,2,6,84.08823529411765
564,2019,eBird_GBIF,1,1,1,NA
564,2019,Combined,1,1,1,NA
592,2007,China_Birdwatch,1,1,1,118
592,2007,eBird_GBIF,1,1,1,NA
592,2007,Combined,2,2,2,118
592,2011,eBird_GBIF,5,3,3,NA
592,2011,Combined,5,3,3,NA
592,2014,eBird_GBIF,2,2,2,NA
592,2014,Combined,2,2,2,NA
592,2015,China_Birdwatch,1,1,1,360
592,2015,eBird_GBIF,2,2,2,NA
592,2015,Combined,3,3,3,360
592,2016,China_Birdwatch,1,1,1,1680
592,2016,eBird_GBIF,5,5,3,NA
592,2016,Combined,6,6,4,1680
592,2017,China_Birdwatch,2,2,2,503.25
592,2017,eBird_GBIF,2,2,2,NA
592,2017,Combined,4,4,4,503.25
592,2018,eBird_GBIF,5,5,4,NA
592,2018,Combined,5,5,4,NA
592,2019,China_Birdwatch,2,2,1,1985.4545454545455
592,2019,eBird_GBIF,3,3,3,NA
592,2019,Combined,5,5,4,1985.4545454545455
592,2021,China_Birdwatch,5,3,5,501.5405405405406
592,2021,eBird_GBIF,5,4,4,NA
592,2021,Combined,10,7,9,501.5405405405406
592,2022,China_Birdwatch,8,8,7,559.8931297709923
592,2022,eBird_GBIF,4,3,4,NA
592,2022,Combined,12,11,10,559.8931297709923
592,2023,China_Birdwatch,34,24,23,619.6262458471764
592,2023,eBird_GBIF,13,8,13,NA
592,2023,Combined,47,32,35,619.6262458471764
592,2024,China_Birdwatch,62,54,43,1076.7736220472445
592,2024,Combined,62,54,43,1076.7736220472445
593,2012,China_Birdwatch,1,1,1,300
593,2012,Combined,1,1,1,300
593,2016,China_Birdwatch,1,1,1,1200
593,2016,Combined,1,1,1,1200
593,2017,China_Birdwatch,1,1,1,300
593,2017,Combined,1,1,1,300
593,2018,China_Birdwatch,1,1,1,14700
593,2018,eBird_GBIF,3,3,2,NA
593,2018,Combined,4,4,3,14700
593,2019,China_Birdwatch,1,1,1,120
593,2019,eBird_GBIF,2,1,2,NA
593,2019,Combined,3,2,3,120
593,2021,China_Birdwatch,1,1,1,10
593,2021,eBird_GBIF,1,1,1,NA
593,2021,Combined,2,2,2,10
593,2022,China_Birdwatch,1,1,1,210
593,2022,eBird_GBIF,3,1,3,NA
593,2022,Combined,4,2,4,210
593,2023,China_Birdwatch,13,11,12,300.375
593,2023,eBird_GBIF,4,3,4,NA
593,2023,Combined,17,14,16,300.375
593,2024,China_Birdwatch,28,25,24,366.0407407407406
593,2024,Combined,28,25,24,366.0407407407406
625,2020,China_Birdwatch,2,2,1,60
625,2020,Combined,2,2,1,60
626,2005,eBird_GBIF,1,1,1,NA
626,2005,Combined,1,1,1,NA
626,2009,eBird_GBIF,1,1,1,NA
626,2009,Combined,1,1,1,NA
626,2013,eBird_GBIF,1,1,1,NA
626,2013,Combined,1,1,1,NA
626,2014,eBird_GBIF,4,3,4,NA
626,2014,Combined,4,3,4,NA
626,2015,China_Birdwatch,1,1,1,1440
626,2015,eBird_GBIF,10,8,8,NA
626,2015,Combined,11,9,8,1440
626,2016,eBird_GBIF,2,1,2,NA
626,2016,Combined,2,1,2,NA
626,2017,China_Birdwatch,1,1,1,1440
626,2017,eBird_GBIF,7,5,5,NA
626,2017,Combined,8,6,5,1440
626,2018,eBird_GBIF,4,3,3,NA
626,2018,Combined,4,3,3,NA
626,2019,eBird_GBIF,2,2,2,NA
626,2019,Combined,2,2,2,NA
626,2020,China_Birdwatch,1,1,1,60
626,2020,eBird_GBIF,2,1,2,NA
626,2020,Combined,3,2,3,60
626,2021,China_Birdwatch,4,2,2,349.375
626,2021,eBird_GBIF,3,1,3,NA
626,2021,Combined,7,3,5,349.375
626,2023,eBird_GBIF,3,3,3,NA
626,2023,Combined,3,3,3,NA
626,2024,China_Birdwatch,14,13,13,111.91489361702128
626,2024,Combined,14,13,13,111.91489361702128
627,2013,China_Birdwatch,1,1,1,80
627,2013,Combined,1,1,1,80
627,2015,eBird_GBIF,1,1,1,NA
627,2015,Combined,1,1,1,NA
627,2017,eBird_GBIF,1,1,1,NA
627,2017,Combined,1,1,1,NA
627,2018,eBird_GBIF,1,1,1,NA
627,2018,Combined,1,1,1,NA
627,2023,China_Birdwatch,1,1,1,60
627,2023,Combined,1,1,1,60
628,2015,eBird_GBIF,2,2,1,NA
628,2015,Combined,2,2,1,NA
628,2017,eBird_GBIF,1,1,1,NA
628,2017,Combined,1,1,1,NA
628,2020,China_Birdwatch,3,3,2,154.15384615384616
628,2020,eBird_GBIF,5,5,3,NA
628,2020,Combined,8,8,5,154.15384615384616
628,2021,China_Birdwatch,1,1,1,60
628,2021,Combined,1,1,1,60
628,2022,eBird_GBIF,1,1,1,NA
628,2022,Combined,1,1,1,NA
628,2023,China_Birdwatch,1,1,1,60
628,2023,eBird_GBIF,4,4,3,NA
628,2023,Combined,5,5,4,60
628,2024,China_Birdwatch,3,3,3,76.28571428571429
628,2024,Combined,3,3,3,76.28571428571429
629,2018,China_Birdwatch,1,1,1,9180
629,2018,Combined,1,1,1,9180
629,2019,eBird_GBIF,2,2,2,NA
629,2019,Combined,2,2,2,NA
629,2020,China_Birdwatch,2,2,1,220
629,2020,eBird_GBIF,3,3,3,NA
629,2020,Combined,5,5,4,220
629,2021,China_Birdwatch,1,1,1,360
629,2021,Combined,1,1,1,360
629,2022,China_Birdwatch,4,3,4,511.2
629,2022,eBird_GBIF,1,1,1,NA
629,2022,Combined,5,4,5,511.2
629,2023,China_Birdwatch,3,3,2,182.67441860465115
629,2023,eBird_GBIF,7,6,5,NA
629,2023,Combined,10,9,7,182.67441860465115
629,2024,China_Birdwatch,11,11,7,549.7906976744184
629,2024,Combined,11,11,7,549.7906976744184
630,2021,China_Birdwatch,1,1,1,1920
630,2021,Combined,1,1,1,1920
630,2022,China_Birdwatch,2,1,2,1385
630,2022,Combined,2,1,2,1385
630,2023,China_Birdwatch,5,5,5,762.3333333333333
630,2023,eBird_GBIF,5,4,4,NA
630,2023,Combined,10,9,9,762.3333333333333
630,2024,China_Birdwatch,10,8,9,221.27906976744188
630,2024,Combined,10,8,9,221.27906976744188
631,2024,China_Birdwatch,2,2,1,210
631,2024,Combined,2,2,1,210
632,2016,eBird_GBIF,2,2,1,NA
632,2016,Combined,2,2,1,NA
632,2022,eBird_GBIF,1,1,1,NA
632,2022,Combined,1,1,1,NA
634,2024,China_Birdwatch,1,1,1,60
634,2024,Combined,1,1,1,60
635,2015,eBird_GBIF,1,1,1,NA
635,2015,Combined,1,1,1,NA
635,2019,eBird_GBIF,1,1,1,NA
635,2019,Combined,1,1,1,NA
635,2023,China_Birdwatch,5,5,4,97.24137931034483
635,2023,Combined,5,5,4,97.24137931034483
635,2024,China_Birdwatch,1,1,1,60
635,2024,Combined,1,1,1,60
636,2011,eBird_GBIF,1,1,1,NA
636,2011,Combined,1,1,1,NA
636,2019,eBird_GBIF,2,1,2,NA
636,2019,Combined,2,1,2,NA
636,2024,China_Birdwatch,3,3,3,208.63636363636363
636,2024,Combined,3,3,3,208.63636363636363
637,2019,eBird_GBIF,2,1,2,NA
637,2019,Combined,2,1,2,NA
640,2023,China_Birdwatch,3,2,3,88.63636363636364
640,2023,Combined,3,2,3,88.63636363636364
640,2024,China_Birdwatch,6,6,6,264.3877551020407
640,2024,Combined,6,6,6,264.3877551020407
663,2007,eBird_GBIF,1,1,1,NA
663,2007,Combined,1,1,1,NA
663,2016,China_Birdwatch,1,1,1,300
663,2016,Combined,1,1,1,300
663,2019,eBird_GBIF,1,1,1,NA
663,2019,Combined,1,1,1,NA
663,2021,China_Birdwatch,5,1,5,97.34328358208955
663,2021,Combined,5,1,5,97.34328358208955
663,2022,China_Birdwatch,3,2,3,60
663,2022,Combined,3,2,3,60
663,2023,China_Birdwatch,5,3,5,121.31147540983608
663,2023,eBird_GBIF,3,3,1,NA
663,2023,Combined,8,6,5,121.31147540983608
663,2024,China_Birdwatch,16,13,9,116.26361031518623
663,2024,Combined,16,13,9,116.26361031518623
664,2007,eBird_GBIF,1,1,1,NA
664,2007,Combined,1,1,1,NA
664,2010,eBird_GBIF,1,1,1,NA
664,2010,Combined,1,1,1,NA
664,2011,China_Birdwatch,2,1,2,789.2307692307693
664,2011,eBird_GBIF,4,2,2,NA
664,2011,Combined,6,3,4,789.2307692307693
664,2012,eBird_GBIF,5,1,5,NA
664,2012,Combined,5,1,5,NA
664,2013,eBird_GBIF,1,1,1,NA
664,2013,Combined,1,1,1,NA
664,2014,eBird_GBIF,2,2,2,NA
664,2014,Combined,2,2,2,NA
664,2015,eBird_GBIF,2,2,2,NA
664,2015,Combined,2,2,2,NA
664,2016,eBird_GBIF,4,4,1,NA
664,2016,Combined,4,4,1,NA
664,2017,eBird_GBIF,4,3,3,NA
664,2017,Combined,4,3,3,NA
664,2018,eBird_GBIF,11,9,6,NA
664,2018,Combined,11,9,6,NA
664,2019,China_Birdwatch,1,1,1,3120
664,2019,eBird_GBIF,5,4,5,NA
664,2019,Combined,6,5,6,3120
664,2021,China_Birdwatch,28,8,26,189.61194029850748
664,2021,eBird_GBIF,18,14,12,NA
664,2021,Combined,46,22,33,189.61194029850748
664,2022,China_Birdwatch,41,17,34,377.02197802197816
664,2022,eBird_GBIF,21,8,17,NA
664,2022,Combined,62,25,45,377.02197802197816
664,2023,China_Birdwatch,132,59,60,316.0624518118734
664,2023,eBird_GBIF,35,17,24,NA
664,2023,Combined,167,76,70,316.0624518118734
664,2024,China_Birdwatch,268,138,72,292.83475331880373
664,2024,Combined,268,138,72,292.83475331880373
665,2007,eBird_GBIF,1,1,1,NA
665,2007,Combined,1,1,1,NA
665,2008,eBird_GBIF,4,2,2,NA
665,2008,Combined,4,2,2,NA
665,2014,eBird_GBIF,1,1,1,NA
665,2014,Combined,1,1,1,NA
665,2015,eBird_GBIF,1,1,1,NA
665,2015,Combined,1,1,1,NA
665,2017,eBird_GBIF,4,2,4,NA
665,2017,Combined,4,2,4,NA
665,2018,eBird_GBIF,4,4,3,NA
665,2018,Combined,4,4,3,NA
665,2019,China_Birdwatch,1,1,1,420
665,2019,eBird_GBIF,4,3,4,NA
665,2019,Combined,5,4,5,420
665,2021,China_Birdwatch,4,3,4,372.6619718309859
665,2021,eBird_GBIF,4,4,4,NA
665,2021,Combined,8,7,8,372.6619718309859
665,2022,China_Birdwatch,7,5,7,580.9513888888889
665,2022,eBird_GBIF,6,5,4,NA
665,2022,Combined,13,10,10,580.9513888888889
665,2023,China_Birdwatch,19,19,15,425.65886287625426
665,2023,eBird_GBIF,10,8,7,NA
665,2023,Combined,29,27,19,425.65886287625426
665,2024,China_Birdwatch,44,41,24,215.77711738484396
665,2024,Combined,44,41,24,215.77711738484396
666,2012,eBird_GBIF,1,1,1,NA
666,2012,Combined,1,1,1,NA
666,2015,eBird_GBIF,1,1,1,NA
666,2015,Combined,1,1,1,NA
666,2017,eBird_GBIF,1,1,1,NA
666,2017,Combined,1,1,1,NA
666,2018,eBird_GBIF,2,2,1,NA
666,2018,Combined,2,2,1,NA
666,2021,eBird_GBIF,5,5,4,NA
666,2021,Combined,5,5,4,NA
666,2022,China_Birdwatch,1,1,1,270
666,2022,eBird_GBIF,8,6,6,NA
666,2022,Combined,9,7,7,270
666,2023,China_Birdwatch,1,1,1,90
666,2023,eBird_GBIF,3,3,3,NA
666,2023,Combined,4,4,4,90
666,2024,China_Birdwatch,14,14,12,240.53191489361703
666,2024,Combined,14,14,12,240.53191489361703
696,2024,China_Birdwatch,1,1,1,240
696,2024,Combined,1,1,1,240
698,2013,eBird_GBIF,1,1,1,NA
698,2013,Combined,1,1,1,NA
698,2015,eBird_GBIF,3,3,2,NA
698,2015,Combined,3,3,2,NA
698,2017,eBird_GBIF,2,2,1,NA
698,2017,Combined,2,2,1,NA
698,2018,China_Birdwatch,2,1,2,641.25
698,2018,eBird_GBIF,5,3,2,NA
698,2018,Combined,7,4,4,641.25
698,2020,China_Birdwatch,2,2,1,76.11940298507463
698,2020,Combined,2,2,1,76.11940298507463
698,2021,China_Birdwatch,1,1,1,60
698,2021,Combined,1,1,1,60
698,2023,China_Birdwatch,2,2,1,134.41176470588235
698,2023,eBird_GBIF,2,2,2,NA
698,2023,Combined,4,4,3,134.41176470588235
698,2024,China_Birdwatch,5,4,4,184.03225806451613
698,2024,Combined,5,4,4,184.03225806451613
699,2004,eBird_GBIF,1,1,1,NA
699,2004,Combined,1,1,1,NA
699,2015,eBird_GBIF,2,2,1,NA
699,2015,Combined,2,2,1,NA
699,2017,eBird_GBIF,1,1,1,NA
699,2017,Combined,1,1,1,NA
699,2018,eBird_GBIF,9,3,7,NA
699,2018,Combined,9,3,7,NA
699,2020,China_Birdwatch,3,2,2,190
699,2020,eBird_GBIF,1,1,1,NA
699,2020,Combined,4,3,3,190
699,2022,eBird_GBIF,1,1,1,NA
699,2022,Combined,1,1,1,NA
699,2024,China_Birdwatch,3,3,3,60
699,2024,Combined,3,3,3,60
700,2017,eBird_GBIF,1,1,1,NA
700,2017,Combined,1,1,1,NA
700,2018,eBird_GBIF,1,1,1,NA
700,2018,Combined,1,1,1,NA
700,2024,China_Birdwatch,1,1,1,60
700,2024,Combined,1,1,1,60
701,2020,eBird_GBIF,1,1,1,NA
701,2020,Combined,1,1,1,NA
701,2024,China_Birdwatch,1,1,1,60
701,2024,Combined,1,1,1,60
702,2014,China_Birdwatch,1,1,1,480
702,2014,eBird_GBIF,1,1,1,NA
702,2014,Combined,2,2,1,480
702,2023,eBird_GBIF,1,1,1,NA
702,2023,Combined,1,1,1,NA
704,2023,China_Birdwatch,1,1,1,18780
704,2023,Combined,1,1,1,18780
704,2024,China_Birdwatch,4,2,4,95.03999999999999
704,2024,Combined,4,2,4,95.03999999999999
705,2016,eBird_GBIF,2,2,1,NA
705,2016,Combined,2,2,1,NA
705,2023,China_Birdwatch,2,1,2,60
705,2023,Combined,2,1,2,60
705,2024,China_Birdwatch,3,2,3,70.78947368421052
705,2024,Combined,3,2,3,70.78947368421052
706,2022,China_Birdwatch,2,1,2,60
706,2022,Combined,2,1,2,60
706,2023,China_Birdwatch,2,1,2,60
706,2023,Combined,2,1,2,60
706,2024,China_Birdwatch,2,1,2,44.285714285714285
706,2024,Combined,2,1,2,44.285714285714285
708,2019,eBird_GBIF,1,1,1,NA
708,2019,Combined,1,1,1,NA
708,2024,China_Birdwatch,1,1,1,60
708,2024,Combined,1,1,1,60
710,2024,China_Birdwatch,5,2,3,603.2638888888889
710,2024,Combined,5,2,3,603.2638888888889
711,2023,China_Birdwatch,5,5,4,5299.569230769231
711,2023,Combined,5,5,4,5299.569230769231
711,2024,China_Birdwatch,16,12,15,1703.4228187919464
711,2024,Combined,16,12,15,1703.4228187919464
712,2011,China_Birdwatch,1,1,1,180
712,2011,Combined,1,1,1,180
712,2018,China_Birdwatch,1,1,1,88380
712,2018,eBird_GBIF,1,1,1,NA
712,2018,Combined,2,2,2,88380
712,2023,China_Birdwatch,4,3,3,110.58000000000001
712,2023,Combined,4,3,3,110.58000000000001
712,2024,China_Birdwatch,4,4,4,64.61538461538461
712,2024,Combined,4,4,4,64.61538461538461
716,2023,China_Birdwatch,1,1,1,1680
716,2023,Combined,1,1,1,1680
716,2024,China_Birdwatch,1,1,1,25.4
716,2024,Combined,1,1,1,25.4
717,2019,eBird_GBIF,1,1,1,NA
717,2019,Combined,1,1,1,NA
717,2022,China_Birdwatch,1,1,1,60
717,2022,Combined,1,1,1,60
717,2023,China_Birdwatch,2,1,2,116.08695652173913
717,2023,Combined,2,1,2,116.08695652173913
717,2024,China_Birdwatch,3,3,3,78.2608695652174
717,2024,Combined,3,3,3,78.2608695652174
735,2017,China_Birdwatch,1,1,1,1980
735,2017,Combined,1,1,1,1980
735,2021,China_Birdwatch,3,2,3,96
735,2021,eBird_GBIF,3,3,2,NA
735,2021,Combined,6,5,4,96
735,2022,China_Birdwatch,6,6,6,616.2264150943396
735,2022,Combined,6,6,6,616.2264150943396
735,2023,China_Birdwatch,10,10,8,247.7088607594937
735,2023,eBird_GBIF,6,6,4,NA
735,2023,Combined,16,16,10,247.7088607594937
735,2024,China_Birdwatch,15,14,11,191.6528925619835
735,2024,Combined,15,14,11,191.6528925619835
736,2007,eBird_GBIF,1,1,1,NA
736,2007,Combined,1,1,1,NA
736,2008,eBird_GBIF,2,2,1,NA
736,2008,Combined,2,2,1,NA
736,2010,eBird_GBIF,1,1,1,NA
736,2010,Combined,1,1,1,NA
736,2011,eBird_GBIF,5,3,3,NA
736,2011,Combined,5,3,3,NA
736,2012,eBird_GBIF,4,1,4,NA
736,2012,Combined,4,1,4,NA
736,2014,eBird_GBIF,3,2,3,NA
736,2014,Combined,3,2,3,NA
736,2015,China_Birdwatch,1,1,1,235
736,2015,eBird_GBIF,1,1,1,NA
736,2015,Combined,2,2,2,235
736,2016,eBird_GBIF,10,5,4,NA
736,2016,Combined,10,5,4,NA
736,2017,China_Birdwatch,2,1,2,678.4615384615385
736,2017,eBird_GBIF,13,8,7,NA
736,2017,Combined,15,9,9,678.4615384615385
736,2018,China_Birdwatch,4,2,4,7757.333333333333
736,2018,eBird_GBIF,30,12,10,NA
736,2018,Combined,34,14,14,7757.333333333333
736,2019,China_Birdwatch,5,3,5,437.14285714285717
736,2019,eBird_GBIF,8,6,8,NA
736,2019,Combined,13,9,12,437.14285714285717
736,2021,China_Birdwatch,19,8,19,120.65490196078431
736,2021,eBird_GBIF,23,14,12,NA
736,2021,Combined,42,22,25,120.65490196078431
736,2022,China_Birdwatch,13,8,11,102.59895833333334
736,2022,eBird_GBIF,9,6,7,NA
736,2022,Combined,22,14,18,102.59895833333334
736,2023,China_Birdwatch,77,55,45,16183.065777777836
736,2023,eBird_GBIF,32,22,24,NA
736,2023,Combined,109,77,57,16183.065777777836
736,2024,China_Birdwatch,164,121,54,531.7344510546238
736,2024,Combined,164,121,54,531.7344510546238
737,2011,China_Birdwatch,1,1,1,675
737,2011,eBird_GBIF,4,3,2,NA
737,2011,Combined,5,4,3,675
737,2012,eBird_GBIF,1,1,1,NA
737,2012,Combined,1,1,1,NA
737,2015,China_Birdwatch,1,1,1,0
737,2015,eBird_GBIF,5,2,5,NA
737,2015,Combined,6,3,6,0
737,2016,eBird_GBIF,8,6,3,NA
737,2016,Combined,8,6,3,NA
737,2017,eBird_GBIF,7,7,2,NA
737,2017,Combined,7,7,2,NA
737,2018,eBird_GBIF,18,9,5,NA
737,2018,Combined,18,9,5,NA
737,2019,China_Birdwatch,2,2,2,427.82608695652175
737,2019,eBird_GBIF,10,5,10,NA
737,2019,Combined,12,7,11,427.82608695652175
737,2021,China_Birdwatch,11,7,11,179.2774193548387
737,2021,eBird_GBIF,21,11,12,NA
737,2021,Combined,32,18,21,179.2774193548387
737,2022,China_Birdwatch,17,14,12,239.85026737967914
737,2022,eBird_GBIF,8,4,8,NA
737,2022,Combined,25,18,19,239.85026737967914
737,2023,China_Birdwatch,42,32,27,261.3066666666667
737,2023,eBird_GBIF,18,10,13,NA
737,2023,Combined,60,42,35,261.3066666666667
737,2024,China_Birdwatch,104,87,40,208.6091881686599
737,2024,Combined,104,87,40,208.6091881686599
738,2001,eBird_GBIF,1,1,1,NA
738,2001,Combined,1,1,1,NA
738,2008,eBird_GBIF,2,2,1,NA
738,2008,Combined,2,2,1,NA
738,2011,eBird_GBIF,2,2,1,NA
738,2011,Combined,2,2,1,NA
738,2012,eBird_GBIF,3,1,3,NA
738,2012,Combined,3,1,3,NA
738,2014,eBird_GBIF,1,1,1,NA
738,2014,Combined,1,1,1,NA
738,2015,China_Birdwatch,4,1,4,469.5652173913043
738,2015,eBird_GBIF,2,1,2,NA
738,2015,Combined,6,2,6,469.5652173913043
738,2016,China_Birdwatch,5,3,5,1463.2
738,2016,eBird_GBIF,5,4,3,NA
738,2016,Combined,10,7,8,1463.2
738,2017,eBird_GBIF,8,5,3,NA
738,2017,Combined,8,5,3,NA
738,2018,China_Birdwatch,2,1,2,753.6610169491526
738,2018,eBird_GBIF,10,9,5,NA
738,2018,Combined,12,10,7,753.6610169491526
738,2019,China_Birdwatch,2,2,2,2057.777777777778
738,2019,eBird_GBIF,6,1,6,NA
738,2019,Combined,8,3,8,2057.777777777778
738,2021,China_Birdwatch,12,8,12,198.8828125
738,2021,eBird_GBIF,22,13,13,NA
738,2021,Combined,34,21,22,198.8828125
738,2022,China_Birdwatch,30,16,24,2588.7550200803203
738,2022,eBird_GBIF,18,9,13,NA
738,2022,Combined,48,25,33,2588.7550200803203
738,2023,China_Birdwatch,89,57,47,424.6885125184098
738,2023,eBird_GBIF,20,13,14,NA
738,2023,Combined,109,70,55,424.6885125184098
738,2024,China_Birdwatch,242,139,77,659.6395472232047
738,2024,Combined,242,139,77,659.6395472232047
772,2004,eBird_GBIF,1,1,1,NA
772,2004,Combined,1,1,1,NA
772,2009,eBird_GBIF,1,1,1,NA
772,2009,Combined,1,1,1,NA
772,2020,China_Birdwatch,1,1,1,60
772,2020,Combined,1,1,1,60
772,2022,eBird_GBIF,1,1,1,NA
772,2022,Combined,1,1,1,NA
772,2024,China_Birdwatch,8,7,7,91.19318181818181
772,2024,Combined,8,7,7,91.19318181818181
773,2024,China_Birdwatch,5,5,4,135.4
773,2024,Combined,5,5,4,135.4
774,2022,eBird_GBIF,2,1,2,NA
774,2022,Combined,2,1,2,NA
774,2023,eBird_GBIF,1,1,1,NA
774,2023,Combined,1,1,1,NA
774,2024,China_Birdwatch,1,1,1,840
774,2024,Combined,1,1,1,840
775,2021,China_Birdwatch,1,1,1,5
775,2021,Combined,1,1,1,5
775,2024,China_Birdwatch,2,2,1,20
775,2024,Combined,2,2,1,20
776,2021,eBird_GBIF,3,2,3,NA
776,2021,Combined,3,2,3,NA
776,2024,China_Birdwatch,2,2,2,60
776,2024,Combined,2,2,2,60
777,2009,eBird_GBIF,1,1,1,NA
777,2009,Combined,1,1,1,NA
777,2016,eBird_GBIF,2,2,1,NA
777,2016,Combined,2,2,1,NA
777,2019,eBird_GBIF,4,3,4,NA
777,2019,Combined,4,3,4,NA
777,2021,eBird_GBIF,4,1,4,NA
777,2021,Combined,4,1,4,NA
777,2022,eBird_GBIF,5,1,5,NA
777,2022,Combined,5,1,5,NA
777,2023,eBird_GBIF,6,1,6,NA
777,2023,Combined,6,1,6,NA
777,2024,China_Birdwatch,63,11,60,93.79803921568627
777,2024,Combined,63,11,60,93.79803921568627
778,2016,eBird_GBIF,4,2,2,NA
778,2016,Combined,4,2,2,NA
778,2018,China_Birdwatch,1,1,1,0
778,2018,Combined,1,1,1,0
778,2022,eBird_GBIF,1,1,1,NA
778,2022,Combined,1,1,1,NA
778,2023,China_Birdwatch,1,1,1,60
778,2023,Combined,1,1,1,60
778,2024,China_Birdwatch,3,2,3,60
778,2024,Combined,3,2,3,60
783,2019,China_Birdwatch,1,1,1,27360
783,2019,Combined,1,1,1,27360
783,2023,China_Birdwatch,3,3,2,891.4375
783,2023,eBird_GBIF,1,1,1,NA
783,2023,Combined,4,4,3,891.4375
783,2024,China_Birdwatch,3,2,3,182.1818181818182
783,2024,Combined,3,2,3,182.1818181818182
784,2022,China_Birdwatch,1,1,1,60
784,2022,Combined,1,1,1,60
784,2024,China_Birdwatch,1,1,1,60
784,2024,Combined,1,1,1,60
785,2018,eBird_GBIF,1,1,1,NA
785,2018,Combined,1,1,1,NA
787,2022,China_Birdwatch,1,1,1,60
787,2022,Combined,1,1,1,60
787,2023,China_Birdwatch,1,1,1,60
787,2023,Combined,1,1,1,60
788,2015,eBird_GBIF,3,3,2,NA
788,2015,Combined,3,3,2,NA
804,2013,eBird_GBIF,1,1,1,NA
804,2013,Combined,1,1,1,NA
804,2018,eBird_GBIF,3,2,3,NA
804,2018,Combined,3,2,3,NA
804,2019,China_Birdwatch,2,2,2,784.2647058823529
804,2019,eBird_GBIF,6,2,5,NA
804,2019,Combined,8,4,7,784.2647058823529
804,2021,China_Birdwatch,2,2,2,355.84615384615387
804,2021,eBird_GBIF,2,2,2,NA
804,2021,Combined,4,4,3,355.84615384615387
804,2022,China_Birdwatch,9,7,7,103.3116883116883
804,2022,eBird_GBIF,4,4,3,NA
804,2022,Combined,13,11,8,103.3116883116883
804,2023,China_Birdwatch,13,13,8,236.81560283687946
804,2023,eBird_GBIF,5,3,5,NA
804,2023,Combined,18,16,12,236.81560283687946
804,2024,China_Birdwatch,42,40,20,765.877734877734
804,2024,Combined,42,40,20,765.877734877734
805,2016,China_Birdwatch,1,1,1,360
805,2016,Combined,1,1,1,360
805,2017,eBird_GBIF,4,2,2,NA
805,2017,Combined,4,2,2,NA
805,2019,eBird_GBIF,3,3,3,NA
805,2019,Combined,3,3,3,NA
805,2021,China_Birdwatch,3,3,3,336.18918918918916
805,2021,eBird_GBIF,3,2,3,NA
805,2021,Combined,6,5,6,336.18918918918916
805,2022,China_Birdwatch,10,7,7,250.61267605633802
805,2022,Combined,10,7,7,250.61267605633802
805,2023,China_Birdwatch,21,18,15,212.09056603773587
805,2023,eBird_GBIF,9,5,9,NA
805,2023,Combined,30,23,23,212.09056603773587
805,2024,China_Birdwatch,72,60,38,442.08369659982617
805,2024,Combined,72,60,38,442.08369659982617
806,2019,eBird_GBIF,1,1,1,NA
806,2019,Combined,1,1,1,NA
806,2022,eBird_GBIF,1,1,1,NA
806,2022,Combined,1,1,1,NA
806,2023,China_Birdwatch,1,1,1,60
806,2023,eBird_GBIF,2,1,2,NA
806,2023,Combined,3,2,3,60
806,2024,China_Birdwatch,11,10,7,597.042735042735
806,2024,Combined,11,10,7,597.042735042735
807,2017,eBird_GBIF,3,2,2,NA
807,2017,Combined,3,2,2,NA
807,2018,eBird_GBIF,3,3,1,NA
807,2018,Combined,3,3,1,NA
807,2021,China_Birdwatch,4,3,4,93.96923076923076
807,2021,eBird_GBIF,5,5,3,NA
807,2021,Combined,9,8,6,93.96923076923076
807,2022,China_Birdwatch,4,4,4,187.9411764705882
807,2022,eBird_GBIF,1,1,1,NA
807,2022,Combined,5,5,5,187.9411764705882
807,2023,China_Birdwatch,37,33,25,89.51051625239006
807,2023,eBird_GBIF,13,11,9,NA
807,2023,Combined,50,44,28,89.51051625239006
807,2024,China_Birdwatch,89,85,33,477.5504087193455
807,2024,Combined,89,85,33,477.5504087193455
808,2008,eBird_GBIF,2,2,1,NA
808,2008,Combined,2,2,1,NA
808,2011,China_Birdwatch,3,1,3,697.5
808,2011,Combined,3,1,3,697.5
808,2015,eBird_GBIF,1,1,1,NA
808,2015,Combined,1,1,1,NA
808,2016,eBird_GBIF,5,5,2,NA
808,2016,Combined,5,5,2,NA
808,2017,eBird_GBIF,5,4,3,NA
808,2017,Combined,5,4,3,NA
808,2018,eBird_GBIF,12,7,4,NA
808,2018,Combined,12,7,4,NA
808,2019,China_Birdwatch,3,3,3,1038
808,2019,eBird_GBIF,2,2,2,NA
808,2019,Combined,5,5,4,1038
808,2021,China_Birdwatch,3,2,3,102
808,2021,eBird_GBIF,10,6,7,NA
808,2021,Combined,13,8,7,102
808,2022,China_Birdwatch,7,6,6,148.83529411764704
808,2022,eBird_GBIF,6,4,5,NA
808,2022,Combined,13,10,10,148.83529411764704
808,2023,China_Birdwatch,15,13,7,350.1176470588236
808,2023,eBird_GBIF,6,5,6,NA
808,2023,Combined,21,18,13,350.1176470588236
808,2024,China_Birdwatch,54,45,15,135
808,2024,Combined,54,45,15,135
809,2005,eBird_GBIF,1,1,1,NA
809,2005,Combined,1,1,1,NA
809,2006,eBird_GBIF,1,1,1,NA
809,2006,Combined,1,1,1,NA
809,2007,eBird_GBIF,1,1,1,NA
809,2007,Combined,1,1,1,NA
809,2008,eBird_GBIF,4,2,2,NA
809,2008,Combined,4,2,2,NA
809,2011,China_Birdwatch,1,1,1,780
809,2011,Combined,1,1,1,780
809,2012,eBird_GBIF,1,1,1,NA
809,2012,Combined,1,1,1,NA
809,2014,eBird_GBIF,2,2,2,NA
809,2014,Combined,2,2,2,NA
809,2015,eBird_GBIF,1,1,1,NA
809,2015,Combined,1,1,1,NA
809,2016,China_Birdwatch,2,1,2,210
809,2016,eBird_GBIF,7,4,4,NA
809,2016,Combined,9,5,6,210
809,2017,China_Birdwatch,2,1,2,654
809,2017,eBird_GBIF,4,4,2,NA
809,2017,Combined,6,5,4,654
809,2018,China_Birdwatch,2,2,2,778.0392156862745
809,2018,eBird_GBIF,21,13,9,NA
809,2018,Combined,23,15,11,778.0392156862745
809,2019,China_Birdwatch,6,4,6,253.84615384615384
809,2019,eBird_GBIF,14,7,13,NA
809,2019,Combined,20,11,16,253.84615384615384
809,2020,eBird_GBIF,6,2,6,NA
809,2020,Combined,6,2,6,NA
809,2021,China_Birdwatch,17,11,15,428.1962457337884
809,2021,eBird_GBIF,25,15,14,NA
809,2021,Combined,42,26,24,428.1962457337884
809,2022,China_Birdwatch,26,21,21,285.9305724725944
809,2022,eBird_GBIF,9,7,8,NA
809,2022,Combined,35,28,26,285.9305724725944
809,2023,China_Birdwatch,98,72,52,607.2137978142077
809,2023,eBird_GBIF,29,14,17,NA
809,2023,Combined,127,86,58,607.2137978142077
809,2024,China_Birdwatch,270,168,96,320.3915404871617
809,2024,Combined,270,168,96,320.3915404871617
810,2007,eBird_GBIF,1,1,1,NA
810,2007,Combined,1,1,1,NA
810,2015,eBird_GBIF,1,1,1,NA
810,2015,Combined,1,1,1,NA
810,2018,eBird_GBIF,4,4,2,NA
810,2018,Combined,4,4,2,NA
810,2019,eBird_GBIF,3,3,3,NA
810,2019,Combined,3,3,3,NA
810,2021,China_Birdwatch,4,3,4,160.2985074626866
810,2021,eBird_GBIF,7,6,5,NA
810,2021,Combined,11,9,9,160.2985074626866
810,2022,China_Birdwatch,3,3,3,128.5
810,2022,eBird_GBIF,10,5,6,NA
810,2022,Combined,13,8,9,128.5
810,2023,China_Birdwatch,14,13,12,60.869565217391305
810,2023,eBird_GBIF,7,4,6,NA
810,2023,Combined,21,17,17,60.869565217391305
810,2024,China_Birdwatch,54,52,24,114.46984126984128
810,2024,Combined,54,52,24,114.46984126984128
811,2014,eBird_GBIF,1,1,1,NA
811,2014,Combined,1,1,1,NA
811,2016,China_Birdwatch,1,1,1,315.6521739130435
811,2016,Combined,1,1,1,315.6521739130435
811,2019,eBird_GBIF,1,1,1,NA
811,2019,Combined,1,1,1,NA
811,2021,China_Birdwatch,2,1,2,48.07692307692308
811,2021,eBird_GBIF,3,2,3,NA
811,2021,Combined,5,3,5,48.07692307692308
811,2022,China_Birdwatch,1,1,1,300
811,2022,Combined,1,1,1,300
811,2023,China_Birdwatch,9,8,8,320.1621621621622
811,2023,Combined,9,8,8,320.1621621621622
811,2024,China_Birdwatch,16,15,13,397.3725490196078
811,2024,Combined,16,15,13,397.3725490196078
812,2014,eBird_GBIF,1,1,1,NA
812,2014,Combined,1,1,1,NA
812,2016,China_Birdwatch,1,1,1,300
812,2016,Combined,1,1,1,300
812,2019,eBird_GBIF,1,1,1,NA
812,2019,Combined,1,1,1,NA
812,2021,China_Birdwatch,2,2,2,60
812,2021,Combined,2,2,2,60
812,2022,China_Birdwatch,1,1,1,60
812,2022,Combined,1,1,1,60
812,2023,China_Birdwatch,1,1,1,60
812,2023,Combined,1,1,1,60
812,2024,China_Birdwatch,8,7,6,66.17647058823529
812,2024,Combined,8,7,6,66.17647058823529
813,2022,China_Birdwatch,1,1,1,120
813,2022,Combined,1,1,1,120
813,2023,China_Birdwatch,1,1,1,262
813,2023,Combined,1,1,1,262
813,2024,China_Birdwatch,4,4,3,111.73170731707317
813,2024,Combined,4,4,3,111.73170731707317
845,2019,eBird_GBIF,1,1,1,NA
845,2019,Combined,1,1,1,NA
845,2022,eBird_GBIF,2,2,2,NA
845,2022,Combined,2,2,2,NA
845,2023,China_Birdwatch,2,2,2,348.8
845,2023,eBird_GBIF,2,1,2,NA
845,2023,Combined,4,3,4,348.8
845,2024,China_Birdwatch,15,11,15,1417.105882352941
845,2024,Combined,15,11,15,1417.105882352941
846,2009,eBird_GBIF,3,1,3,NA
846,2009,Combined,3,1,3,NA
846,2023,eBird_GBIF,1,1,1,NA
846,2023,Combined,1,1,1,NA
846,2024,China_Birdwatch,1,1,1,49
846,2024,Combined,1,1,1,49
847,2024,China_Birdwatch,1,1,1,300
847,2024,Combined,1,1,1,300
848,2009,eBird_GBIF,1,1,1,NA
848,2009,Combined,1,1,1,NA
848,2020,eBird_GBIF,1,1,1,NA
848,2020,Combined,1,1,1,NA
849,2019,eBird_GBIF,2,1,2,NA
849,2019,Combined,2,1,2,NA
849,2021,eBird_GBIF,2,1,2,NA
849,2021,Combined,2,1,2,NA
849,2022,eBird_GBIF,4,1,4,NA
849,2022,Combined,4,1,4,NA
849,2023,China_Birdwatch,1,1,1,60
849,2023,eBird_GBIF,2,1,2,NA
849,2023,Combined,3,2,3,60
849,2024,China_Birdwatch,27,9,27,134.73033707865167
849,2024,Combined,27,9,27,134.73033707865167
850,2000,eBird_GBIF,1,1,1,NA
850,2000,Combined,1,1,1,NA
850,2008,China_Birdwatch,1,1,1,480
850,2008,Combined,1,1,1,480
850,2009,eBird_GBIF,4,1,4,NA
850,2009,Combined,4,1,4,NA
850,2011,eBird_GBIF,2,2,2,NA
850,2011,Combined,2,2,2,NA
850,2012,eBird_GBIF,4,4,4,NA
850,2012,Combined,4,4,4,NA
850,2013,eBird_GBIF,5,3,3,NA
850,2013,Combined,5,3,3,NA
850,2016,China_Birdwatch,1,1,1,120
850,2016,eBird_GBIF,4,2,2,NA
850,2016,Combined,5,3,3,120
850,2017,China_Birdwatch,3,2,3,512318.0256410256
850,2017,eBird_GBIF,2,2,2,NA
850,2017,Combined,5,4,5,512318.0256410256
850,2018,eBird_GBIF,2,2,2,NA
850,2018,Combined,2,2,2,NA
850,2019,China_Birdwatch,2,2,2,154.57142857142858
850,2019,eBird_GBIF,6,5,6,NA
850,2019,Combined,8,7,8,154.57142857142858
850,2020,eBird_GBIF,1,1,1,NA
850,2020,Combined,1,1,1,NA
850,2021,China_Birdwatch,4,4,3,208.14814814814815
850,2021,eBird_GBIF,3,1,3,NA
850,2021,Combined,7,5,6,208.14814814814815
850,2022,China_Birdwatch,1,1,1,1817
850,2022,eBird_GBIF,4,2,4,NA
850,2022,Combined,5,3,5,1817
850,2023,China_Birdwatch,21,14,18,134.24916943521598
850,2023,eBird_GBIF,6,4,6,NA
850,2023,Combined,27,18,24,134.24916943521598
850,2024,China_Birdwatch,99,53,72,311.1241331484048
850,2024,Combined,99,53,72,311.1241331484048
851,2023,China_Birdwatch,1,1,1,60
851,2023,Combined,1,1,1,60
851,2024,China_Birdwatch,2,1,2,35
851,2024,Combined,2,1,2,35
854,2024,China_Birdwatch,1,1,1,60
854,2024,Combined,1,1,1,60
855,2005,China_Birdwatch,3,1,3,157.6056338028169
855,2005,Combined,3,1,3,157.6056338028169
855,2017,China_Birdwatch,1,1,1,381600
855,2017,Combined,1,1,1,381600
855,2018,eBird_GBIF,3,2,3,NA
855,2018,Combined,3,2,3,NA
855,2022,China_Birdwatch,4,1,4,60
855,2022,Combined,4,1,4,60
855,2023,China_Birdwatch,7,3,7,767.0735294117646
855,2023,Combined,7,3,7,767.0735294117646
855,2024,China_Birdwatch,40,8,30,452.8915187376726
855,2024,Combined,40,8,30,452.8915187376726
856,2024,China_Birdwatch,3,3,3,276.5625
856,2024,Combined,3,3,3,276.5625
857,2017,eBird_GBIF,2,1,2,NA
857,2017,Combined,2,1,2,NA
857,2018,eBird_GBIF,2,2,2,NA
857,2018,Combined,2,2,2,NA
857,2019,eBird_GBIF,4,2,4,NA
857,2019,Combined,4,2,4,NA
857,2022,China_Birdwatch,2,1,2,108
857,2022,Combined,2,1,2,108
857,2023,China_Birdwatch,1,1,1,180
857,2023,Combined,1,1,1,180
857,2024,China_Birdwatch,3,3,3,361.0857142857143
857,2024,Combined,3,3,3,361.0857142857143
858,2010,eBird_GBIF,1,1,1,NA
858,2010,Combined,1,1,1,NA
858,2012,eBird_GBIF,3,1,3,NA
858,2012,Combined,3,1,3,NA
858,2013,eBird_GBIF,2,1,2,NA
858,2013,Combined,2,1,2,NA
858,2015,eBird_GBIF,2,1,2,NA
858,2015,Combined,2,1,2,NA
858,2016,eBird_GBIF,2,1,2,NA
858,2016,Combined,2,1,2,NA
858,2017,eBird_GBIF,1,1,1,NA
858,2017,Combined,1,1,1,NA
858,2018,eBird_GBIF,5,1,5,NA
858,2018,Combined,5,1,5,NA
858,2020,eBird_GBIF,1,1,1,NA
858,2020,Combined,1,1,1,NA
858,2022,China_Birdwatch,1,1,1,180
858,2022,Combined,1,1,1,180
858,2023,China_Birdwatch,1,1,1,482
858,2023,Combined,1,1,1,482
859,2010,eBird_GBIF,1,1,1,NA
859,2010,Combined,1,1,1,NA
859,2013,eBird_GBIF,1,1,1,NA
859,2013,Combined,1,1,1,NA
860,2015,eBird_GBIF,2,2,1,NA
860,2015,Combined,2,2,1,NA
860,2019,eBird_GBIF,1,1,1,NA
860,2019,Combined,1,1,1,NA
860,2023,eBird_GBIF,1,1,1,NA
860,2023,Combined,1,1,1,NA
860,2024,China_Birdwatch,1,1,1,60
860,2024,Combined,1,1,1,60
876,2016,China_Birdwatch,2,1,2,161.47058823529412
876,2016,Combined,2,1,2,161.47058823529412
876,2017,eBird_GBIF,4,2,2,NA
876,2017,Combined,4,2,2,NA
876,2018,China_Birdwatch,1,1,1,720
876,2018,Combined,1,1,1,720
876,2019,China_Birdwatch,1,1,1,650
876,2019,eBird_GBIF,9,7,6,NA
876,2019,Combined,10,8,7,650
876,2021,eBird_GBIF,4,3,3,NA
876,2021,Combined,4,3,3,NA
876,2022,China_Birdwatch,1,1,1,60
876,2022,eBird_GBIF,1,1,1,NA
876,2022,Combined,2,2,2,60
876,2023,China_Birdwatch,22,14,16,132.55787037037035
876,2023,eBird_GBIF,12,6,10,NA
876,2023,Combined,34,20,19,132.55787037037035
876,2024,China_Birdwatch,80,58,38,272.30575777630696
876,2024,Combined,80,58,38,272.30575777630696
877,2017,eBird_GBIF,2,2,1,NA
877,2017,Combined,2,2,1,NA
877,2018,China_Birdwatch,1,1,1,600
877,2018,eBird_GBIF,6,6,3,NA
877,2018,Combined,7,7,4,600
877,2019,China_Birdwatch,1,1,1,30
877,2019,eBird_GBIF,9,7,6,NA
877,2019,Combined,10,8,7,30
877,2021,China_Birdwatch,3,3,3,188.33333333333334
877,2021,eBird_GBIF,8,6,7,NA
877,2021,Combined,11,9,9,188.33333333333334
877,2022,China_Birdwatch,12,12,8,129.05479452054794
877,2022,eBird_GBIF,8,7,5,NA
877,2022,Combined,20,19,12,129.05479452054794
877,2023,China_Birdwatch,32,30,19,243.32285115303984
877,2023,eBird_GBIF,22,14,16,NA
877,2023,Combined,54,44,31,243.32285115303984
877,2024,China_Birdwatch,123,105,44,166.9332939787484
877,2024,Combined,123,105,44,166.9332939787484
878,2024,China_Birdwatch,6,6,3,1635.849056603774
878,2024,Combined,6,6,3,1635.849056603774
879,2011,eBird_GBIF,2,2,1,NA
879,2011,Combined,2,2,1,NA
879,2016,eBird_GBIF,3,3,2,NA
879,2016,Combined,3,3,2,NA
879,2017,eBird_GBIF,13,7,5,NA
879,2017,Combined,13,7,5,NA
879,2018,eBird_GBIF,22,10,6,NA
879,2018,Combined,22,10,6,NA
879,2019,China_Birdwatch,4,3,4,427.2
879,2019,eBird_GBIF,7,4,7,NA
879,2019,Combined,11,7,10,427.2
879,2020,eBird_GBIF,1,1,1,NA
879,2020,Combined,1,1,1,NA
879,2021,China_Birdwatch,9,7,8,920.2912621359224
879,2021,eBird_GBIF,17,12,13,NA
879,2021,Combined,26,19,17,920.2912621359224
879,2022,China_Birdwatch,9,9,4,225.39285714285717
879,2022,eBird_GBIF,9,6,6,NA
879,2022,Combined,18,15,9,225.39285714285717
879,2023,China_Birdwatch,48,40,26,361.4087237479808
879,2023,eBird_GBIF,21,13,15,NA
879,2023,Combined,69,53,31,361.4087237479808
879,2024,China_Birdwatch,82,75,23,95.56304985337248
879,2024,Combined,82,75,23,95.56304985337248
881,2023,China_Birdwatch,1,1,1,770
881,2023,eBird_GBIF,2,2,2,NA
881,2023,Combined,3,3,3,770
881,2024,China_Birdwatch,2,2,2,230
881,2024,Combined,2,2,2,230
882,2016,China_Birdwatch,1,1,1,300
882,2016,Combined,1,1,1,300
882,2024,China_Birdwatch,2,2,2,1376.25
882,2024,Combined,2,2,2,1376.25
883,2007,eBird_GBIF,1,1,1,NA
883,2007,Combined,1,1,1,NA
883,2010,eBird_GBIF,2,2,2,NA
883,2010,Combined,2,2,2,NA
883,2019,eBird_GBIF,1,1,1,NA
883,2019,Combined,1,1,1,NA
883,2023,China_Birdwatch,5,4,5,2373.7037037037035
883,2023,eBird_GBIF,5,3,3,NA
883,2023,Combined,10,7,6,2373.7037037037035
883,2024,China_Birdwatch,3,3,3,60
883,2024,Combined,3,3,3,60
884,2008,eBird_GBIF,4,2,2,NA
884,2008,Combined,4,2,2,NA
884,2019,eBird_GBIF,2,1,2,NA
884,2019,Combined,2,1,2,NA
884,2021,China_Birdwatch,1,1,1,60
884,2021,eBird_GBIF,2,2,1,NA
884,2021,Combined,3,3,2,60
884,2022,China_Birdwatch,2,1,2,60
884,2022,eBird_GBIF,3,2,3,NA
884,2022,Combined,5,3,5,60
884,2024,China_Birdwatch,20,12,12,232.7124183006536
884,2024,Combined,20,12,12,232.7124183006536
885,2019,eBird_GBIF,1,1,1,NA
885,2019,Combined,1,1,1,NA
885,2021,China_Birdwatch,1,1,1,360
885,2021,eBird_GBIF,1,1,1,NA
885,2021,Combined,2,2,2,360
885,2022,China_Birdwatch,2,2,2,85.16129032258064
885,2022,eBird_GBIF,1,1,1,NA
885,2022,Combined,3,3,3,85.16129032258064
885,2023,China_Birdwatch,3,2,3,151.7826086956522
885,2023,eBird_GBIF,17,2,17,NA
885,2023,Combined,20,4,20,151.7826086956522
885,2024,China_Birdwatch,39,10,32,11680.111675126907
885,2024,Combined,39,10,32,11680.111675126907
916,2023,China_Birdwatch,3,1,3,60
916,2023,Combined,3,1,3,60
916,2024,China_Birdwatch,3,3,3,241.2957746478874
916,2024,Combined,3,3,3,241.2957746478874
917,2019,eBird_GBIF,2,2,1,NA
917,2019,Combined,2,2,1,NA
917,2024,China_Birdwatch,3,3,2,60
917,2024,Combined,3,3,2,60
918,2022,eBird_GBIF,1,1,1,NA
918,2022,Combined,1,1,1,NA
918,2024,China_Birdwatch,2,1,2,60
918,2024,Combined,2,1,2,60
919,2011,eBird_GBIF,1,1,1,NA
919,2011,Combined,1,1,1,NA
919,2019,eBird_GBIF,1,1,1,NA
919,2019,Combined,1,1,1,NA
920,2004,eBird_GBIF,1,1,1,NA
920,2004,Combined,1,1,1,NA
920,2005,eBird_GBIF,1,1,1,NA
920,2005,Combined,1,1,1,NA
920,2007,eBird_GBIF,1,1,1,NA
920,2007,Combined,1,1,1,NA
920,2010,eBird_GBIF,3,2,2,NA
920,2010,Combined,3,2,2,NA
920,2011,eBird_GBIF,3,3,3,NA
920,2011,Combined,3,3,3,NA
920,2013,eBird_GBIF,11,6,8,NA
920,2013,Combined,11,6,8,NA
920,2014,eBird_GBIF,5,3,4,NA
920,2014,Combined,5,3,4,NA
920,2016,eBird_GBIF,1,1,1,NA
920,2016,Combined,1,1,1,NA
920,2017,eBird_GBIF,2,2,2,NA
920,2017,Combined,2,2,2,NA
920,2019,eBird_GBIF,1,1,1,NA
920,2019,Combined,1,1,1,NA
920,2020,China_Birdwatch,2,2,1,206.9387755102041
920,2020,Combined,2,2,1,206.9387755102041
920,2024,China_Birdwatch,6,4,5,177.96078431372547
920,2024,Combined,6,4,5,177.96078431372547
921,2011,eBird_GBIF,1,1,1,NA
921,2011,Combined,1,1,1,NA
921,2019,China_Birdwatch,1,1,1,2234
921,2019,eBird_GBIF,1,1,1,NA
921,2019,Combined,2,2,2,2234
921,2024,China_Birdwatch,9,6,6,220.67543859649126
921,2024,Combined,9,6,6,220.67543859649126
922,2020,eBird_GBIF,1,1,1,NA
922,2020,Combined,1,1,1,NA
922,2021,China_Birdwatch,1,1,1,181
922,2021,Combined,1,1,1,181
922,2023,China_Birdwatch,1,1,1,126
922,2023,Combined,1,1,1,126
922,2024,China_Birdwatch,20,2,19,12974.413461538461
922,2024,Combined,20,2,19,12974.413461538461
923,2009,eBird_GBIF,1,1,1,NA
923,2009,Combined,1,1,1,NA
923,2015,eBird_GBIF,1,1,1,NA
923,2015,Combined,1,1,1,NA
923,2016,eBird_GBIF,2,2,1,NA
923,2016,Combined,2,2,1,NA
923,2017,China_Birdwatch,1,1,1,1020
923,2017,eBird_GBIF,1,1,1,NA
923,2017,Combined,2,2,2,1020
923,2019,China_Birdwatch,1,1,1,300
923,2019,eBird_GBIF,7,7,5,NA
923,2019,Combined,8,8,5,300
923,2020,eBird_GBIF,1,1,1,NA
923,2020,Combined,1,1,1,NA
923,2021,China_Birdwatch,3,2,3,91.11111111111111
923,2021,Combined,3,2,3,91.11111111111111
923,2023,China_Birdwatch,8,4,8,307.86764705882354
923,2023,eBird_GBIF,2,2,1,NA
923,2023,Combined,10,6,9,307.86764705882354
923,2024,China_Birdwatch,36,18,29,3100.8799999999983
923,2024,Combined,36,18,29,3100.8799999999983
926,2017,eBird_GBIF,1,1,1,NA
926,2017,Combined,1,1,1,NA
927,2024,China_Birdwatch,4,1,4,10495.046511627907
927,2024,Combined,4,1,4,10495.046511627907
929,2023,eBird_GBIF,1,1,1,NA
929,2023,Combined,1,1,1,NA
929,2024,China_Birdwatch,1,1,1,60
929,2024,Combined,1,1,1,60
930,2024,China_Birdwatch,3,2,3,73.11111111111111
930,2024,Combined,3,2,3,73.11111111111111
931,2015,eBird_GBIF,2,2,1,NA
931,2015,Combined,2,2,1,NA
931,2016,eBird_GBIF,4,1,4,NA
931,2016,Combined,4,1,4,NA
931,2017,eBird_GBIF,1,1,1,NA
931,2017,Combined,1,1,1,NA
931,2019,China_Birdwatch,1,1,1,9490
931,2019,Combined,1,1,1,9490
931,2023,China_Birdwatch,2,1,2,60
931,2023,Combined,2,1,2,60
931,2024,China_Birdwatch,2,2,2,99.1304347826087
931,2024,Combined,2,2,2,99.1304347826087
947,2024,China_Birdwatch,5,4,4,100.5
947,2024,Combined,5,4,4,100.5
948,2016,China_Birdwatch,1,1,1,390
948,2016,Combined,1,1,1,390
948,2019,China_Birdwatch,1,1,1,780
948,2019,Combined,1,1,1,780
948,2022,eBird_GBIF,1,1,1,NA
948,2022,Combined,1,1,1,NA
948,2023,China_Birdwatch,1,1,1,60
948,2023,Combined,1,1,1,60
948,2024,China_Birdwatch,7,5,6,202.56880733944953
948,2024,Combined,7,5,6,202.56880733944953
949,2017,eBird_GBIF,1,1,1,NA
949,2017,Combined,1,1,1,NA
949,2018,eBird_GBIF,3,3,2,NA
949,2018,Combined,3,3,2,NA
949,2019,eBird_GBIF,2,2,2,NA
949,2019,Combined,2,2,2,NA
949,2021,China_Birdwatch,1,1,1,60
949,2021,Combined,1,1,1,60
949,2022,China_Birdwatch,4,4,3,223.90243902439028
949,2022,Combined,4,4,3,223.90243902439028
949,2024,China_Birdwatch,1,1,1,455
949,2024,Combined,1,1,1,455
950,2001,eBird_GBIF,1,1,1,NA
950,2001,Combined,1,1,1,NA
950,2006,eBird_GBIF,2,2,2,NA
950,2006,Combined,2,2,2,NA
950,2007,eBird_GBIF,1,1,1,NA
950,2007,Combined,1,1,1,NA
950,2011,China_Birdwatch,1,1,1,780
950,2011,eBird_GBIF,2,2,1,NA
950,2011,Combined,3,3,2,780
950,2016,eBird_GBIF,1,1,1,NA
950,2016,Combined,1,1,1,NA
950,2017,eBird_GBIF,2,2,1,NA
950,2017,Combined,2,2,1,NA
950,2018,China_Birdwatch,1,1,1,2229030
950,2018,Combined,1,1,1,2229030
950,2019,eBird_GBIF,56,5,54,NA
950,2019,Combined,56,5,54,NA
950,2020,eBird_GBIF,38,1,38,NA
950,2020,Combined,38,1,38,NA
950,2021,China_Birdwatch,2,2,2,792
950,2021,eBird_GBIF,14,4,14,NA
950,2021,Combined,16,6,16,792
950,2022,China_Birdwatch,3,3,3,60
950,2022,eBird_GBIF,3,2,3,NA
950,2022,Combined,6,5,6,60
950,2023,China_Birdwatch,8,8,8,119.52380952380952
950,2023,eBird_GBIF,17,4,17,NA
950,2023,Combined,25,12,24,119.52380952380952
950,2024,China_Birdwatch,88,29,72,124.45170454545443
950,2024,Combined,88,29,72,124.45170454545443
951,2008,eBird_GBIF,2,2,1,NA
951,2008,Combined,2,2,1,NA
951,2014,eBird_GBIF,2,2,2,NA
951,2014,Combined,2,2,2,NA
951,2015,eBird_GBIF,1,1,1,NA
951,2015,Combined,1,1,1,NA
951,2016,China_Birdwatch,1,1,1,60
951,2016,eBird_GBIF,4,4,1,NA
951,2016,Combined,5,5,2,60
951,2017,eBird_GBIF,10,7,3,NA
951,2017,Combined,10,7,3,NA
951,2018,eBird_GBIF,11,10,4,NA
951,2018,Combined,11,10,4,NA
951,2019,China_Birdwatch,2,2,2,144.82758620689654
951,2019,eBird_GBIF,5,3,5,NA
951,2019,Combined,7,5,7,144.82758620689654
951,2021,China_Birdwatch,4,4,4,131.47058823529412
951,2021,eBird_GBIF,8,7,5,NA
951,2021,Combined,12,11,6,131.47058823529412
951,2022,China_Birdwatch,3,3,3,451.30434782608694
951,2022,eBird_GBIF,1,1,1,NA
951,2022,Combined,4,4,4,451.30434782608694
951,2023,China_Birdwatch,30,24,15,91.26923076923079
951,2023,eBird_GBIF,9,9,6,NA
951,2023,Combined,39,33,19,91.26923076923079
951,2024,China_Birdwatch,53,44,17,118.09750566893426
951,2024,Combined,53,44,17,118.09750566893426
952,2019,China_Birdwatch,1,1,1,9360
952,2019,Combined,1,1,1,9360
953,2023,China_Birdwatch,2,2,2,152.57142857142858
953,2023,eBird_GBIF,1,1,1,NA
953,2023,Combined,3,3,3,152.57142857142858
953,2024,China_Birdwatch,2,2,1,60
953,2024,Combined,2,2,1,60
955,2001,eBird_GBIF,1,1,1,NA
955,2001,Combined,1,1,1,NA
955,2007,eBird_GBIF,1,1,1,NA
955,2007,Combined,1,1,1,NA
955,2014,eBird_GBIF,1,1,1,NA
955,2014,Combined,1,1,1,NA
955,2022,eBird_GBIF,1,1,1,NA
955,2022,Combined,1,1,1,NA
955,2023,eBird_GBIF,1,1,1,NA
955,2023,Combined,1,1,1,NA
955,2024,China_Birdwatch,2,1,2,60
955,2024,Combined,2,1,2,60
956,2023,China_Birdwatch,2,2,2,60
956,2023,Combined,2,2,2,60
956,2024,China_Birdwatch,1,1,1,3205
956,2024,Combined,1,1,1,3205
985,2019,eBird_GBIF,1,1,1,NA
985,2019,Combined,1,1,1,NA
986,2019,eBird_GBIF,1,1,1,NA
986,2019,Combined,1,1,1,NA
986,2023,China_Birdwatch,3,2,3,60
986,2023,Combined,3,2,3,60
986,2024,China_Birdwatch,2,2,1,60
986,2024,Combined,2,2,1,60
987,2022,China_Birdwatch,1,1,1,60
987,2022,Combined,1,1,1,60
987,2023,China_Birdwatch,2,1,2,60
987,2023,Combined,2,1,2,60
988,2017,eBird_GBIF,1,1,1,NA
988,2017,Combined,1,1,1,NA
988,2019,eBird_GBIF,2,2,2,NA
988,2019,Combined,2,2,2,NA
988,2023,China_Birdwatch,1,1,1,60
988,2023,Combined,1,1,1,60
988,2024,China_Birdwatch,2,2,2,17.571428571428573
988,2024,Combined,2,2,2,17.571428571428573
989,2019,eBird_GBIF,1,1,1,NA
989,2019,Combined,1,1,1,NA
989,2021,China_Birdwatch,1,1,1,60
989,2021,Combined,1,1,1,60
989,2023,China_Birdwatch,3,3,2,532.6829268292684
989,2023,Combined,3,3,2,532.6829268292684
989,2024,China_Birdwatch,2,2,2,94.28571428571429
989,2024,Combined,2,2,2,94.28571428571429
991,2003,eBird_GBIF,1,1,1,NA
991,2003,Combined,1,1,1,NA
991,2010,eBird_GBIF,1,1,1,NA
991,2010,Combined,1,1,1,NA
991,2014,eBird_GBIF,1,1,1,NA
991,2014,Combined,1,1,1,NA
991,2018,eBird_GBIF,2,1,2,NA
991,2018,Combined,2,1,2,NA
991,2019,eBird_GBIF,5,2,3,NA
991,2019,Combined,5,2,3,NA
991,2023,eBird_GBIF,3,2,3,NA
991,2023,Combined,3,2,3,NA
991,2024,China_Birdwatch,5,4,5,1285
991,2024,Combined,5,4,5,1285
992,2007,eBird_GBIF,2,1,2,NA
992,2007,Combined,2,1,2,NA
992,2011,eBird_GBIF,2,2,2,NA
992,2011,Combined,2,2,2,NA
992,2014,eBird_GBIF,5,4,4,NA
992,2014,Combined,5,4,4,NA
992,2018,eBird_GBIF,2,1,2,NA
992,2018,Combined,2,1,2,NA
992,2019,eBird_GBIF,6,2,4,NA
992,2019,Combined,6,2,4,NA
992,2024,China_Birdwatch,8,5,7,1281.25
992,2024,Combined,8,5,7,1281.25
993,2005,eBird_GBIF,1,1,1,NA
993,2005,Combined,1,1,1,NA
993,2009,eBird_GBIF,1,1,1,NA
993,2009,Combined,1,1,1,NA
993,2011,eBird_GBIF,3,3,3,NA
993,2011,Combined,3,3,3,NA
993,2012,eBird_GBIF,2,1,2,NA
993,2012,Combined,2,1,2,NA
993,2013,eBird_GBIF,3,3,2,NA
993,2013,Combined,3,3,2,NA
993,2014,eBird_GBIF,1,1,1,NA
993,2014,Combined,1,1,1,NA
993,2016,eBird_GBIF,1,1,1,NA
993,2016,Combined,1,1,1,NA
993,2017,eBird_GBIF,1,1,1,NA
993,2017,Combined,1,1,1,NA
993,2019,eBird_GBIF,9,3,9,NA
993,2019,Combined,9,3,9,NA
993,2023,China_Birdwatch,1,1,1,60
993,2023,Combined,1,1,1,60
993,2024,China_Birdwatch,5,5,5,78.1304347826087
993,2024,Combined,5,5,5,78.1304347826087
994,2017,eBird_GBIF,1,1,1,NA
994,2017,Combined,1,1,1,NA
994,2018,eBird_GBIF,1,1,1,NA
994,2018,Combined,1,1,1,NA
994,2024,China_Birdwatch,3,2,3,60
994,2024,Combined,3,2,3,60
995,2024,China_Birdwatch,3,2,3,60
995,2024,Combined,3,2,3,60
996,2002,eBird_GBIF,1,1,1,NA
996,2002,Combined,1,1,1,NA
996,2004,eBird_GBIF,1,1,1,NA
996,2004,Combined,1,1,1,NA
996,2005,eBird_GBIF,1,1,1,NA
996,2005,Combined,1,1,1,NA
996,2006,eBird_GBIF,1,1,1,NA
996,2006,Combined,1,1,1,NA
996,2007,eBird_GBIF,1,1,1,NA
996,2007,Combined,1,1,1,NA
996,2009,eBird_GBIF,3,2,3,NA
996,2009,Combined,3,2,3,NA
996,2010,eBird_GBIF,2,2,2,NA
996,2010,Combined,2,2,2,NA
996,2012,eBird_GBIF,2,1,2,NA
996,2012,Combined,2,1,2,NA
996,2013,China_Birdwatch,1,1,1,309600
996,2013,eBird_GBIF,1,1,1,NA
996,2013,Combined,2,2,2,309600
996,2014,eBird_GBIF,1,1,1,NA
996,2014,Combined,1,1,1,NA
996,2015,eBird_GBIF,2,2,2,NA
996,2015,Combined,2,2,2,NA
996,2016,China_Birdwatch,1,1,1,390240
996,2016,eBird_GBIF,2,2,1,NA
996,2016,Combined,3,3,2,390240
996,2017,China_Birdwatch,2,2,2,150
996,2017,eBird_GBIF,3,2,3,NA
996,2017,Combined,5,4,5,150
996,2018,China_Birdwatch,2,2,2,52.5
996,2018,eBird_GBIF,12,7,11,NA
996,2018,Combined,14,9,13,52.5
996,2019,China_Birdwatch,3,2,3,313.84615384615387
996,2019,eBird_GBIF,21,11,19,NA
996,2019,Combined,24,13,20,313.84615384615387
996,2020,China_Birdwatch,2,1,2,450
996,2020,eBird_GBIF,3,3,3,NA
996,2020,Combined,5,4,5,450
996,2021,China_Birdwatch,5,3,5,188
996,2021,eBird_GBIF,13,4,13,NA
996,2021,Combined,18,7,17,188
996,2022,China_Birdwatch,11,7,11,75.55045871559633
996,2022,eBird_GBIF,3,2,3,NA
996,2022,Combined,14,9,14,75.55045871559633
996,2023,China_Birdwatch,51,29,48,1655.2100656455136
996,2023,eBird_GBIF,30,17,26,NA
996,2023,Combined,81,46,68,1655.2100656455136
996,2024,China_Birdwatch,541,117,267,572.1635907951717
996,2024,Combined,541,117,267,572.1635907951717
997,2017,eBird_GBIF,6,1,6,NA
997,2017,Combined,6,1,6,NA
997,2018,eBird_GBIF,1,1,1,NA
997,2018,Combined,1,1,1,NA
997,2019,China_Birdwatch,1,1,1,157
997,2019,Combined,1,1,1,157
997,2021,China_Birdwatch,6,2,6,1518.8059701492537
997,2021,Combined,6,2,6,1518.8059701492537
997,2022,China_Birdwatch,1,1,1,150
997,2022,eBird_GBIF,2,1,2,NA
997,2022,Combined,3,2,3,150
997,2023,China_Birdwatch,32,8,31,81.26027397260276
997,2023,Combined,32,8,31,81.26027397260276
997,2024,China_Birdwatch,105,39,90,158.24561403508767
997,2024,Combined,105,39,90,158.24561403508767
999,2018,eBird_GBIF,1,1,1,NA
999,2018,Combined,1,1,1,NA
999,2019,eBird_GBIF,2,1,2,NA
999,2019,Combined,2,1,2,NA
999,2024,China_Birdwatch,1,1,1,60
999,2024,Combined,1,1,1,60
1001,2015,eBird_GBIF,62,2,31,NA
1001,2015,Combined,62,2,31,NA
1001,2016,eBird_GBIF,30,2,15,NA
1001,2016,Combined,30,2,15,NA
1001,2022,China_Birdwatch,1,1,1,80
1001,2022,Combined,1,1,1,80
1001,2023,China_Birdwatch,1,1,1,60
1001,2023,Combined,1,1,1,60
1001,2024,China_Birdwatch,18,1,18,72.21649484536081
1001,2024,Combined,18,1,18,72.21649484536081
1002,2024,China_Birdwatch,1,1,1,60
1002,2024,Combined,1,1,1,60
1003,2023,eBird_GBIF,1,1,1,NA
1003,2023,Combined,1,1,1,NA
1018,2018,eBird_GBIF,1,1,1,NA
1018,2018,Combined,1,1,1,NA
1018,2022,China_Birdwatch,1,1,1,120
1018,2022,Combined,1,1,1,120
1018,2023,China_Birdwatch,1,1,1,76
1018,2023,Combined,1,1,1,76
1018,2024,China_Birdwatch,5,4,5,223.93617021276594
1018,2024,Combined,5,4,5,223.93617021276594
1019,2016,China_Birdwatch,2,2,2,103.14285714285714
1019,2016,Combined,2,2,2,103.14285714285714
1019,2019,eBird_GBIF,1,1,1,NA
1019,2019,Combined,1,1,1,NA
1019,2022,China_Birdwatch,1,1,1,60
1019,2022,Combined,1,1,1,60
1019,2023,China_Birdwatch,4,4,4,171.11111111111111
1019,2023,Combined,4,4,4,171.11111111111111
1019,2024,China_Birdwatch,16,14,16,201.57499999999996
1019,2024,Combined,16,14,16,201.57499999999996
1020,2016,China_Birdwatch,1,1,1,390
1020,2016,Combined,1,1,1,390
1021,2024,China_Birdwatch,11,5,6,345.8379888268157
1021,2024,Combined,11,5,6,345.8379888268157
1022,2007,eBird_GBIF,1,1,1,NA
1022,2007,Combined,1,1,1,NA
1022,2011,eBird_GBIF,2,2,1,NA
1022,2011,Combined,2,2,1,NA
1022,2015,eBird_GBIF,1,1,1,NA
1022,2015,Combined,1,1,1,NA
1022,2017,eBird_GBIF,4,4,2,NA
1022,2017,Combined,4,4,2,NA
1022,2018,eBird_GBIF,4,4,2,NA
1022,2018,Combined,4,4,2,NA
1022,2019,eBird_GBIF,9,6,6,NA
1022,2019,Combined,9,6,6,NA
1022,2020,eBird_GBIF,3,1,3,NA
1022,2020,Combined,3,1,3,NA
1022,2021,China_Birdwatch,3,3,3,233.1578947368421
1022,2021,eBird_GBIF,6,6,5,NA
1022,2021,Combined,9,9,7,233.1578947368421
1022,2022,China_Birdwatch,11,9,11,164.94495412844043
1022,2022,eBird_GBIF,5,3,4,NA
1022,2022,Combined,16,12,14,164.94495412844043
1022,2023,China_Birdwatch,30,29,14,95.24252491694355
1022,2023,eBird_GBIF,16,12,13,NA
1022,2023,Combined,46,41,22,95.24252491694355
1022,2024,China_Birdwatch,96,85,36,135.04896626768223
1022,2024,Combined,96,85,36,135.04896626768223
1023,2018,eBird_GBIF,3,3,2,NA
1023,2018,Combined,3,3,2,NA
1023,2019,eBird_GBIF,1,1,1,NA
1023,2019,Combined,1,1,1,NA
1023,2024,China_Birdwatch,1,1,1,150
1023,2024,Combined,1,1,1,150
1025,2019,China_Birdwatch,1,1,1,180
1025,2019,Combined,1,1,1,180
1025,2023,China_Birdwatch,1,1,1,30
1025,2023,eBird_GBIF,3,3,3,NA
1025,2023,Combined,4,4,3,30
1025,2024,China_Birdwatch,9,9,8,89.5
1025,2024,Combined,9,9,8,89.5
1026,2016,China_Birdwatch,1,1,1,180
1026,2016,Combined,1,1,1,180
1027,2007,eBird_GBIF,1,1,1,NA
1027,2007,Combined,1,1,1,NA
1027,2012,eBird_GBIF,1,1,1,NA
1027,2012,Combined,1,1,1,NA
1027,2014,eBird_GBIF,1,1,1,NA
1027,2014,Combined,1,1,1,NA
1027,2019,eBird_GBIF,2,2,2,NA
1027,2019,Combined,2,2,2,NA
1027,2021,China_Birdwatch,2,2,2,33.93333333333333
1027,2021,Combined,2,2,2,33.93333333333333
1027,2022,China_Birdwatch,1,1,1,60
1027,2022,eBird_GBIF,1,1,1,NA
1027,2022,Combined,2,2,2,60
1027,2023,China_Birdwatch,1,1,1,60
1027,2023,Combined,1,1,1,60
1027,2024,China_Birdwatch,16,13,15,741.25
1027,2024,Combined,16,13,15,741.25
1028,2006,eBird_GBIF,10,1,10,NA
1028,2006,Combined,10,1,10,NA
1028,2017,eBird_GBIF,1,1,1,NA
1028,2017,Combined,1,1,1,NA
1028,2021,China_Birdwatch,2,2,2,60
1028,2021,Combined,2,2,2,60
1028,2023,China_Birdwatch,1,1,1,600
1028,2023,Combined,1,1,1,600
1028,2024,China_Birdwatch,1,1,1,60
1028,2024,Combined,1,1,1,60
1029,2021,China_Birdwatch,1,1,1,60
1029,2021,Combined,1,1,1,60
1029,2024,China_Birdwatch,3,3,3,816
1029,2024,Combined,3,3,3,816
1055,2020,eBird_GBIF,1,1,1,NA
1055,2020,Combined,1,1,1,NA
1055,2021,eBird_GBIF,1,1,1,NA
1055,2021,Combined,1,1,1,NA
1055,2024,China_Birdwatch,1,1,1,92
1055,2024,Combined,1,1,1,92
1057,2003,eBird_GBIF,1,1,1,NA
1057,2003,Combined,1,1,1,NA
1057,2024,China_Birdwatch,8,2,7,406.7735849056604
1057,2024,Combined,8,2,7,406.7735849056604
1058,2003,eBird_GBIF,1,1,1,NA
1058,2003,Combined,1,1,1,NA
1058,2020,China_Birdwatch,2,2,1,342.60869565217394
1058,2020,Combined,2,2,1,342.60869565217394
1058,2023,China_Birdwatch,1,1,1,60
1058,2023,eBird_GBIF,1,1,1,NA
1058,2023,Combined,2,2,2,60
1061,2018,China_Birdwatch,2,1,2,724.1379310344828
1061,2018,eBird_GBIF,1,1,1,NA
1061,2018,Combined,3,2,3,724.1379310344828
1063,2010,eBird_GBIF,1,1,1,NA
1063,2010,Combined,1,1,1,NA
1063,2011,eBird_GBIF,2,1,2,NA
1063,2011,Combined,2,1,2,NA
1063,2014,eBird_GBIF,8,6,5,NA
1063,2014,Combined,8,6,5,NA
1063,2016,eBird_GBIF,2,1,2,NA
1063,2016,Combined,2,1,2,NA
1063,2017,eBird_GBIF,1,1,1,NA
1063,2017,Combined,1,1,1,NA
1063,2018,eBird_GBIF,1,1,1,NA
1063,2018,Combined,1,1,1,NA
1063,2021,eBird_GBIF,2,2,2,NA
1063,2021,Combined,2,2,2,NA
1063,2023,China_Birdwatch,1,1,1,210
1063,2023,Combined,1,1,1,210
1064,2002,eBird_GBIF,2,1,2,NA
1064,2002,Combined,2,1,2,NA
1064,2003,eBird_GBIF,2,2,2,NA
1064,2003,Combined,2,2,2,NA
1064,2004,eBird_GBIF,3,2,2,NA
1064,2004,Combined,3,2,2,NA
1064,2005,eBird_GBIF,3,1,3,NA
1064,2005,Combined,3,1,3,NA
1064,2007,eBird_GBIF,6,3,3,NA
1064,2007,Combined,6,3,3,NA
1064,2010,eBird_GBIF,5,2,3,NA
1064,2010,Combined,5,2,3,NA
1064,2011,eBird_GBIF,5,3,5,NA
1064,2011,Combined,5,3,5,NA
1064,2013,eBird_GBIF,2,2,2,NA
1064,2013,Combined,2,2,2,NA
1064,2014,eBird_GBIF,6,4,5,NA
1064,2014,Combined,6,4,5,NA
1064,2016,eBird_GBIF,1,1,1,NA
1064,2016,Combined,1,1,1,NA
1064,2017,eBird_GBIF,2,1,2,NA
1064,2017,Combined,2,1,2,NA
1064,2018,eBird_GBIF,4,2,4,NA
1064,2018,Combined,4,2,4,NA
1064,2019,China_Birdwatch,2,2,2,473.55555555555554
1064,2019,eBird_GBIF,1,1,1,NA
1064,2019,Combined,3,3,2,473.55555555555554
1064,2020,eBird_GBIF,1,1,1,NA
1064,2020,Combined,1,1,1,NA
1064,2021,eBird_GBIF,39,4,38,NA
1064,2021,Combined,39,4,38,NA
1064,2023,eBird_GBIF,1,1,1,NA
1064,2023,Combined,1,1,1,NA
1064,2024,China_Birdwatch,8,6,7,240.66285714285715
1064,2024,Combined,8,6,7,240.66285714285715
1065,2019,eBird_GBIF,1,1,1,NA
1065,2019,Combined,1,1,1,NA
1065,2023,China_Birdwatch,3,1,3,870
1065,2023,Combined,3,1,3,870
1065,2024,China_Birdwatch,4,2,4,133.1818181818182
1065,2024,Combined,4,2,4,133.1818181818182
1066,2018,eBird_GBIF,1,1,1,NA
1066,2018,Combined,1,1,1,NA
1066,2019,eBird_GBIF,2,1,2,NA
1066,2019,Combined,2,1,2,NA
1066,2021,China_Birdwatch,3,1,3,724.7575757575758
1066,2021,Combined,3,1,3,724.7575757575758
1066,2022,China_Birdwatch,1,1,1,60
1066,2022,Combined,1,1,1,60
1066,2023,eBird_GBIF,1,1,1,NA
1066,2023,Combined,1,1,1,NA
1066,2024,China_Birdwatch,42,7,23,59.9587912087912
1066,2024,Combined,42,7,23,59.9587912087912
1068,2024,China_Birdwatch,12,2,12,1178.4747474747476
1068,2024,Combined,12,2,12,1178.4747474747476
1069,2002,eBird_GBIF,1,1,1,NA
1069,2002,Combined,1,1,1,NA
1069,2012,eBird_GBIF,2,1,2,NA
1069,2012,Combined,2,1,2,NA
1069,2013,eBird_GBIF,2,2,2,NA
1069,2013,Combined,2,2,2,NA
1069,2015,China_Birdwatch,1,1,1,1100160
1069,2015,Combined,1,1,1,1100160
1069,2018,China_Birdwatch,1,1,1,420
1069,2018,Combined,1,1,1,420
1069,2019,eBird_GBIF,2,2,1,NA
1069,2019,Combined,2,2,1,NA
1069,2022,eBird_GBIF,1,1,1,NA
1069,2022,Combined,1,1,1,NA
1069,2023,China_Birdwatch,3,1,3,60
1069,2023,Combined,3,1,3,60
1069,2024,China_Birdwatch,7,7,7,1692
1069,2024,Combined,7,7,7,1692
1070,2013,eBird_GBIF,3,1,3,NA
1070,2013,Combined,3,1,3,NA
1070,2015,eBird_GBIF,1,1,1,NA
1070,2015,Combined,1,1,1,NA
1070,2023,China_Birdwatch,8,1,8,161.17021276595744
1070,2023,eBird_GBIF,1,1,1,NA
1070,2023,Combined,9,2,9,161.17021276595744
1070,2024,China_Birdwatch,8,7,7,271.3018867924528
1070,2024,Combined,8,7,7,271.3018867924528
1073,2022,China_Birdwatch,1,1,1,73440
1073,2022,eBird_GBIF,1,1,1,NA
1073,2022,Combined,2,2,2,73440
1073,2024,China_Birdwatch,3,3,3,60
1073,2024,Combined,3,3,3,60
1075,2012,eBird_GBIF,3,1,3,NA
1075,2012,Combined,3,1,3,NA
1075,2016,China_Birdwatch,1,1,1,2880
1075,2016,Combined,1,1,1,2880
1075,2019,eBird_GBIF,2,1,2,NA
1075,2019,Combined,2,1,2,NA
1075,2024,China_Birdwatch,4,4,4,271.0769230769231
1075,2024,Combined,4,4,4,271.0769230769231
1076,2019,eBird_GBIF,1,1,1,NA
1076,2019,Combined,1,1,1,NA
1089,2024,China_Birdwatch,2,2,2,60
1089,2024,Combined,2,2,2,60
1090,2006,eBird_GBIF,1,1,1,NA
1090,2006,Combined,1,1,1,NA
1090,2007,China_Birdwatch,1,1,1,234
1090,2007,Combined,1,1,1,234
1090,2010,eBird_GBIF,1,1,1,NA
1090,2010,Combined,1,1,1,NA
1090,2012,China_Birdwatch,1,1,1,90
1090,2012,eBird_GBIF,2,2,2,NA
1090,2012,Combined,3,3,3,90
1090,2014,China_Birdwatch,2,2,2,675
1090,2014,Combined,2,2,2,675
1090,2015,China_Birdwatch,2,1,2,60
1090,2015,eBird_GBIF,2,2,2,NA
1090,2015,Combined,4,3,4,60
1090,2017,China_Birdwatch,1,1,1,360
1090,2017,eBird_GBIF,1,1,1,NA
1090,2017,Combined,2,2,2,360
1090,2018,China_Birdwatch,1,1,1,180
1090,2018,eBird_GBIF,4,4,3,NA
1090,2018,Combined,5,5,4,180
1090,2019,China_Birdwatch,2,2,2,21635
1090,2019,eBird_GBIF,3,3,3,NA
1090,2019,Combined,5,5,5,21635
1090,2021,China_Birdwatch,5,4,5,4682.64705882353
1090,2021,eBird_GBIF,7,7,5,NA
1090,2021,Combined,12,11,9,4682.64705882353
1090,2022,China_Birdwatch,5,4,5,311.7826086956522
1090,2022,eBird_GBIF,2,1,2,NA
1090,2022,Combined,7,5,5,311.7826086956522
1090,2023,China_Birdwatch,20,19,20,341.26701570680626
1090,2023,eBird_GBIF,6,4,6,NA
1090,2023,Combined,26,23,23,341.26701570680626
1090,2024,China_Birdwatch,74,69,51,332.9907120743033
1090,2024,Combined,74,69,51,332.9907120743033
1091,2013,China_Birdwatch,1,1,1,210
1091,2013,Combined,1,1,1,210
1091,2019,eBird_GBIF,1,1,1,NA
1091,2019,Combined,1,1,1,NA
1091,2020,eBird_GBIF,1,1,1,NA
1091,2020,Combined,1,1,1,NA
1091,2023,eBird_GBIF,1,1,1,NA
1091,2023,Combined,1,1,1,NA
1091,2024,China_Birdwatch,1,1,1,129
1091,2024,Combined,1,1,1,129
1092,2019,eBird_GBIF,6,1,6,NA
1092,2019,Combined,6,1,6,NA
1092,2023,China_Birdwatch,2,2,2,193
1092,2023,eBird_GBIF,1,1,1,NA
1092,2023,Combined,3,3,3,193
1092,2024,China_Birdwatch,12,7,11,60
1092,2024,Combined,12,7,11,60
1093,2010,eBird_GBIF,1,1,1,NA
1093,2010,Combined,1,1,1,NA
1093,2018,China_Birdwatch,1,1,1,360
1093,2018,eBird_GBIF,1,1,1,NA
1093,2018,Combined,2,2,2,360
1093,2021,eBird_GBIF,1,1,1,NA
1093,2021,Combined,1,1,1,NA
1093,2022,China_Birdwatch,1,1,1,751
1093,2022,eBird_GBIF,2,2,2,NA
1093,2022,Combined,3,3,3,751
1093,2023,eBird_GBIF,1,1,1,NA
1093,2023,Combined,1,1,1,NA
1094,2007,eBird_GBIF,1,1,1,NA
1094,2007,Combined,1,1,1,NA
1094,2010,eBird_GBIF,1,1,1,NA
1094,2010,Combined,1,1,1,NA
1094,2013,eBird_GBIF,1,1,1,NA
1094,2013,Combined,1,1,1,NA
1094,2014,eBird_GBIF,1,1,1,NA
1094,2014,Combined,1,1,1,NA
1094,2015,eBird_GBIF,1,1,1,NA
1094,2015,Combined,1,1,1,NA
1094,2016,China_Birdwatch,1,1,1,60
1094,2016,eBird_GBIF,1,1,1,NA
1094,2016,Combined,2,2,2,60
1094,2017,China_Birdwatch,3,1,3,8812.674418604653
1094,2017,eBird_GBIF,2,2,1,NA
1094,2017,Combined,5,3,4,8812.674418604653
1094,2018,China_Birdwatch,2,2,2,2164.4444444444443
1094,2018,eBird_GBIF,16,10,5,NA
1094,2018,Combined,18,12,7,2164.4444444444443
1094,2019,China_Birdwatch,4,2,4,207.39130434782606
1094,2019,eBird_GBIF,10,7,10,NA
1094,2019,Combined,14,9,13,207.39130434782606
1094,2020,eBird_GBIF,2,1,2,NA
1094,2020,Combined,2,1,2,NA
1094,2021,China_Birdwatch,7,6,7,160.54794520547946
1094,2021,eBird_GBIF,15,9,10,NA
1094,2021,Combined,22,15,13,160.54794520547946
1094,2022,China_Birdwatch,12,12,7,154.40701754385964
1094,2022,eBird_GBIF,4,3,3,NA
1094,2022,Combined,16,15,10,154.40701754385964
1094,2023,China_Birdwatch,72,51,34,674.7563312799442
1094,2023,eBird_GBIF,29,17,20,NA
1094,2023,Combined,101,68,42,674.7563312799442
1094,2024,China_Birdwatch,131,108,51,90.92796398199097
1094,2024,Combined,131,108,51,90.92796398199097
1095,2010,eBird_GBIF,1,1,1,NA
1095,2010,Combined,1,1,1,NA
1095,2011,China_Birdwatch,1,1,1,60
1095,2011,eBird_GBIF,5,2,3,NA
1095,2011,Combined,6,3,4,60
1095,2012,eBird_GBIF,2,2,1,NA
1095,2012,Combined,2,2,1,NA
1095,2014,eBird_GBIF,2,2,2,NA
1095,2014,Combined,2,2,2,NA
1095,2015,China_Birdwatch,2,1,2,0
1095,2015,eBird_GBIF,2,2,2,NA
1095,2015,Combined,4,3,4,0
1095,2016,eBird_GBIF,5,5,2,NA
1095,2016,Combined,5,5,2,NA
1095,2017,China_Birdwatch,2,1,2,628.695652173913
1095,2017,eBird_GBIF,13,9,5,NA
1095,2017,Combined,15,10,7,628.695652173913
1095,2018,China_Birdwatch,2,2,2,1595.7692307692307
1095,2018,eBird_GBIF,47,22,23,NA
1095,2018,Combined,49,24,25,1595.7692307692307
1095,2019,China_Birdwatch,5,5,5,437429.48888888897
1095,2019,eBird_GBIF,16,12,13,NA
1095,2019,Combined,21,17,17,437429.48888888897
1095,2020,China_Birdwatch,2,1,2,938351.1666666666
1095,2020,eBird_GBIF,2,2,2,NA
1095,2020,Combined,4,3,4,938351.1666666666
1095,2021,China_Birdwatch,8,6,8,515
1095,2021,eBird_GBIF,23,17,14,NA
1095,2021,Combined,31,23,21,515
1095,2022,China_Birdwatch,48,18,39,385.87408184679964
1095,2022,eBird_GBIF,6,6,4,NA
1095,2022,Combined,54,24,42,385.87408184679964
1095,2023,China_Birdwatch,73,51,43,153.82533054975642
1095,2023,eBird_GBIF,23,17,19,NA
1095,2023,Combined,96,68,52,153.82533054975642
1095,2024,China_Birdwatch,297,140,126,245.69355149181843
1095,2024,Combined,297,140,126,245.69355149181843
1096,2019,China_Birdwatch,1,1,1,180
1096,2019,Combined,1,1,1,180
1096,2021,China_Birdwatch,1,1,1,128
1096,2021,eBird_GBIF,1,1,1,NA
1096,2021,Combined,2,2,2,128
1096,2022,China_Birdwatch,6,5,3,222.2736842105263
1096,2022,eBird_GBIF,2,2,1,NA
1096,2022,Combined,8,7,4,222.2736842105263
1096,2023,China_Birdwatch,3,3,2,128
1096,2023,eBird_GBIF,1,1,1,NA
1096,2023,Combined,4,4,3,128
1096,2024,China_Birdwatch,22,13,18,178.79794520547946
1096,2024,Combined,22,13,18,178.79794520547946
1097,2012,China_Birdwatch,1,1,1,180
1097,2012,eBird_GBIF,1,1,1,NA
1097,2012,Combined,2,2,2,180
1097,2014,eBird_GBIF,1,1,1,NA
1097,2014,Combined,1,1,1,NA
1097,2015,eBird_GBIF,1,1,1,NA
1097,2015,Combined,1,1,1,NA
1097,2017,eBird_GBIF,12,7,4,NA
1097,2017,Combined,12,7,4,NA
1097,2018,eBird_GBIF,13,10,7,NA
1097,2018,Combined,13,10,7,NA
1097,2019,China_Birdwatch,4,2,4,143.2258064516129
1097,2019,eBird_GBIF,10,2,9,NA
1097,2019,Combined,14,4,13,143.2258064516129
1097,2021,China_Birdwatch,3,3,3,75.65217391304348
1097,2021,eBird_GBIF,5,3,5,NA
1097,2021,Combined,8,6,7,75.65217391304348
1097,2022,China_Birdwatch,13,12,9,363.03478260869565
1097,2022,eBird_GBIF,9,4,8,NA
1097,2022,Combined,22,16,17,363.03478260869565
1097,2023,China_Birdwatch,38,32,26,290.1103752759382
1097,2023,eBird_GBIF,16,12,12,NA
1097,2023,Combined,54,44,32,290.1103752759382
1097,2024,China_Birdwatch,137,107,46,407.79443037974596
1097,2024,Combined,137,107,46,407.79443037974596
1098,2012,eBird_GBIF,1,1,1,NA
1098,2012,Combined,1,1,1,NA
1098,2014,eBird_GBIF,2,2,1,NA
1098,2014,Combined,2,2,1,NA
1098,2019,China_Birdwatch,1,1,1,180
1098,2019,eBird_GBIF,1,1,1,NA
1098,2019,Combined,2,2,2,180
1098,2023,eBird_GBIF,2,1,2,NA
1098,2023,Combined,2,1,2,NA
1098,2024,China_Birdwatch,4,4,4,46.30434782608695
1098,2024,Combined,4,4,4,46.30434782608695
1099,2024,China_Birdwatch,2,2,2,60
1099,2024,Combined,2,2,2,60
1100,2011,eBird_GBIF,1,1,1,NA
1100,2011,Combined,1,1,1,NA
1100,2023,eBird_GBIF,1,1,1,NA
1100,2023,Combined,1,1,1,NA
1100,2024,China_Birdwatch,1,1,1,60
1100,2024,Combined,1,1,1,60
1101,2016,China_Birdwatch,1,1,1,120
1101,2016,Combined,1,1,1,120
1101,2018,eBird_GBIF,4,1,4,NA
1101,2018,Combined,4,1,4,NA
1101,2024,China_Birdwatch,1,1,1,1422
1101,2024,Combined,1,1,1,1422
1103,2022,China_Birdwatch,1,1,1,2429
1103,2022,Combined,1,1,1,2429
1103,2024,China_Birdwatch,1,1,1,60
1103,2024,Combined,1,1,1,60
1125,2024,China_Birdwatch,1,1,1,532
1125,2024,Combined,1,1,1,532
1126,2023,China_Birdwatch,1,1,1,60
1126,2023,Combined,1,1,1,60
1127,2020,eBird_GBIF,1,1,1,NA
1127,2020,Combined,1,1,1,NA
1127,2023,China_Birdwatch,1,1,1,60
1127,2023,eBird_GBIF,1,1,1,NA
1127,2023,Combined,2,2,2,60
1127,2024,China_Birdwatch,2,2,1,314.88
1127,2024,Combined,2,2,1,314.88
1128,2019,eBird_GBIF,1,1,1,NA
1128,2019,Combined,1,1,1,NA
1128,2023,China_Birdwatch,2,1,2,60
1128,2023,Combined,2,1,2,60
1128,2024,China_Birdwatch,2,2,1,360
1128,2024,Combined,2,2,1,360
1129,2023,China_Birdwatch,1,1,1,60
1129,2023,Combined,1,1,1,60
1129,2024,China_Birdwatch,1,1,1,240
1129,2024,Combined,1,1,1,240
1130,2020,China_Birdwatch,2,2,1,80.625
1130,2020,Combined,2,2,1,80.625
1130,2023,China_Birdwatch,1,1,1,60
1130,2023,Combined,1,1,1,60
1131,2023,eBird_GBIF,1,1,1,NA
1131,2023,Combined,1,1,1,NA
1131,2024,China_Birdwatch,1,1,1,60
1131,2024,Combined,1,1,1,60
1132,2024,China_Birdwatch,2,2,2,60
1132,2024,Combined,2,2,2,60
1133,2018,China_Birdwatch,4,3,4,1068
1133,2018,Combined,4,3,4,1068
1133,2019,eBird_GBIF,1,1,1,NA
1133,2019,Combined,1,1,1,NA
1133,2024,China_Birdwatch,1,1,1,540
1133,2024,Combined,1,1,1,540
1134,2017,eBird_GBIF,1,1,1,NA
1134,2017,Combined,1,1,1,NA
1136,2024,China_Birdwatch,1,1,1,60
1136,2024,Combined,1,1,1,60
1137,2023,China_Birdwatch,1,1,1,360
1137,2023,Combined,1,1,1,360
1137,2024,China_Birdwatch,1,1,1,55
1137,2024,Combined,1,1,1,55
1138,2020,China_Birdwatch,1,1,1,241
1138,2020,Combined,1,1,1,241
1138,2023,China_Birdwatch,1,1,1,240
1138,2023,Combined,1,1,1,240
1138,2024,China_Birdwatch,16,6,10,225.0037664783428
1138,2024,Combined,16,6,10,225.0037664783428
1139,2021,China_Birdwatch,2,1,2,150
1139,2021,Combined,2,1,2,150
1139,2022,China_Birdwatch,1,1,1,300
1139,2022,Combined,1,1,1,300
1139,2023,China_Birdwatch,2,1,2,138.97619047619048
1139,2023,Combined,2,1,2,138.97619047619048
1139,2024,China_Birdwatch,2,2,2,54.1
1139,2024,Combined,2,2,2,54.1
1140,2023,China_Birdwatch,1,1,1,60
1140,2023,Combined,1,1,1,60
1140,2024,China_Birdwatch,3,3,2,293.0232558139535
1140,2024,Combined,3,3,2,293.0232558139535
1141,2018,China_Birdwatch,1,1,1,2100
1141,2018,Combined,1,1,1,2100
1141,2023,China_Birdwatch,1,1,1,190
1141,2023,Combined,1,1,1,190
1142,2023,China_Birdwatch,1,1,1,60
1142,2023,Combined,1,1,1,60
1142,2024,China_Birdwatch,2,2,2,60
1142,2024,Combined,2,2,2,60
1143,2016,eBird_GBIF,1,1,1,NA
1143,2016,Combined,1,1,1,NA
1143,2022,China_Birdwatch,1,1,1,254
1143,2022,Combined,1,1,1,254
1143,2024,China_Birdwatch,8,8,7,180
1143,2024,Combined,8,8,7,180
1144,2015,eBird_GBIF,1,1,1,NA
1144,2015,Combined,1,1,1,NA
1144,2022,China_Birdwatch,5,1,5,2579.65625
1144,2022,Combined,5,1,5,2579.65625
1144,2023,China_Birdwatch,7,3,7,213.45652173913044
1144,2023,Combined,7,3,7,213.45652173913044
1144,2024,China_Birdwatch,11,5,11,124.02272727272728
1144,2024,Combined,11,5,11,124.02272727272728
1145,2022,eBird_GBIF,2,1,2,NA
1145,2022,Combined,2,1,2,NA
1161,2018,eBird_GBIF,8,8,3,NA
1161,2018,Combined,8,8,3,NA
1161,2019,eBird_GBIF,2,1,2,NA
1161,2019,Combined,2,1,2,NA
1161,2021,China_Birdwatch,1,1,1,60
1161,2021,eBird_GBIF,5,3,3,NA
1161,2021,Combined,6,4,4,60
1161,2022,China_Birdwatch,4,4,4,119.8409090909091
1161,2022,Combined,4,4,4,119.8409090909091
1161,2023,China_Birdwatch,3,3,3,483
1161,2023,eBird_GBIF,14,3,14,NA
1161,2023,Combined,17,6,16,483
1161,2024,China_Birdwatch,24,18,20,518.5776699029127
1161,2024,Combined,24,18,20,518.5776699029127
1162,2001,eBird_GBIF,1,1,1,NA
1162,2001,Combined,1,1,1,NA
1162,2007,eBird_GBIF,1,1,1,NA
1162,2007,Combined,1,1,1,NA
1162,2010,eBird_GBIF,2,1,2,NA
1162,2010,Combined,2,1,2,NA
1162,2012,eBird_GBIF,2,2,2,NA
1162,2012,Combined,2,2,2,NA
1162,2014,eBird_GBIF,1,1,1,NA
1162,2014,Combined,1,1,1,NA
1162,2015,China_Birdwatch,1,1,1,120
1162,2015,Combined,1,1,1,120
1162,2016,eBird_GBIF,1,1,1,NA
1162,2016,Combined,1,1,1,NA
1162,2017,China_Birdwatch,1,1,1,480
1162,2017,eBird_GBIF,1,1,1,NA
1162,2017,Combined,2,2,2,480
1162,2018,eBird_GBIF,9,7,5,NA
1162,2018,Combined,9,7,5,NA
1162,2019,China_Birdwatch,2,2,2,1692.25
1162,2019,eBird_GBIF,14,6,8,NA
1162,2019,Combined,16,8,10,1692.25
1162,2021,China_Birdwatch,4,3,4,1983.16
1162,2021,eBird_GBIF,11,6,9,NA
1162,2021,Combined,15,9,12,1983.16
1162,2022,China_Birdwatch,3,3,3,1709.5058823529412
1162,2022,eBird_GBIF,1,1,1,NA
1162,2022,Combined,4,4,4,1709.5058823529412
1162,2023,China_Birdwatch,20,15,19,159.83285302593657
1162,2023,eBird_GBIF,5,5,5,NA
1162,2023,Combined,25,20,22,159.83285302593657
1162,2024,China_Birdwatch,84,62,63,14153.75418060199
1162,2024,Combined,84,62,63,14153.75418060199
1163,2021,eBird_GBIF,1,1,1,NA
1163,2021,Combined,1,1,1,NA
1163,2023,China_Birdwatch,2,2,2,60
1163,2023,eBird_GBIF,1,1,1,NA
1163,2023,Combined,3,3,3,60
1163,2024,China_Birdwatch,17,16,15,211.45283018867923
1163,2024,Combined,17,16,15,211.45283018867923
1164,2021,China_Birdwatch,1,1,1,60
1164,2021,eBird_GBIF,2,2,1,NA
1164,2021,Combined,3,3,2,60
1164,2022,China_Birdwatch,3,3,2,261.6
1164,2022,eBird_GBIF,3,2,2,NA
1164,2022,Combined,6,5,4,261.6
1164,2023,China_Birdwatch,8,7,6,393.3717948717948
1164,2023,eBird_GBIF,4,1,4,NA
1164,2023,Combined,12,8,7,393.3717948717948
1164,2024,China_Birdwatch,17,16,10,486.02173913043475
1164,2024,Combined,17,16,10,486.02173913043475
1165,2019,China_Birdwatch,2,2,2,1266.6666666666667
1165,2019,Combined,2,2,2,1266.6666666666667
1165,2020,eBird_GBIF,2,1,2,NA
1165,2020,Combined,2,1,2,NA
1165,2021,China_Birdwatch,1,1,1,1740
1165,2021,eBird_GBIF,4,4,3,NA
1165,2021,Combined,5,5,4,1740
1165,2022,China_Birdwatch,4,4,3,128.28571428571433
1165,2022,Combined,4,4,3,128.28571428571433
1165,2023,China_Birdwatch,14,13,14,323.2846153846154
1165,2023,eBird_GBIF,1,1,1,NA
1165,2023,Combined,15,14,15,323.2846153846154
1165,2024,China_Birdwatch,42,39,27,327.81669691470057
1165,2024,Combined,42,39,27,327.81669691470057
1166,2010,eBird_GBIF,1,1,1,NA
1166,2010,Combined,1,1,1,NA
1166,2018,China_Birdwatch,1,1,1,180
1166,2018,Combined,1,1,1,180
1166,2019,eBird_GBIF,2,2,2,NA
1166,2019,Combined,2,2,2,NA
1166,2020,China_Birdwatch,1,1,1,65
1166,2020,Combined,1,1,1,65
1166,2021,China_Birdwatch,1,1,1,300
1166,2021,eBird_GBIF,5,5,3,NA
1166,2021,Combined,6,6,4,300
1166,2022,China_Birdwatch,4,3,4,84.82758620689654
1166,2022,eBird_GBIF,5,2,3,NA
1166,2022,Combined,9,5,7,84.82758620689654
1166,2023,China_Birdwatch,12,11,10,87.51219512195122
1166,2023,eBird_GBIF,6,4,5,NA
1166,2023,Combined,18,15,15,87.51219512195122
1166,2024,China_Birdwatch,29,26,23,133.26406926406924
1166,2024,Combined,29,26,23,133.26406926406924
1167,2010,eBird_GBIF,1,1,1,NA
1167,2010,Combined,1,1,1,NA
1167,2011,eBird_GBIF,6,2,3,NA
1167,2011,Combined,6,2,3,NA
1167,2012,eBird_GBIF,1,1,1,NA
1167,2012,Combined,1,1,1,NA
1167,2017,eBird_GBIF,4,4,1,NA
1167,2017,Combined,4,4,1,NA
1167,2018,China_Birdwatch,2,1,2,2553.818181818182
1167,2018,eBird_GBIF,32,15,19,NA
1167,2018,Combined,34,16,19,2553.818181818182
1167,2019,China_Birdwatch,1,1,1,360
1167,2019,eBird_GBIF,21,11,16,NA
1167,2019,Combined,22,12,17,360
1167,2020,China_Birdwatch,1,1,1,482
1167,2020,eBird_GBIF,2,1,2,NA
1167,2020,Combined,3,2,3,482
1167,2021,China_Birdwatch,6,6,5,1006
1167,2021,eBird_GBIF,10,9,7,NA
1167,2021,Combined,16,15,9,1006
1167,2022,China_Birdwatch,24,9,20,287.2656
1167,2022,eBird_GBIF,11,5,8,NA
1167,2022,Combined,35,14,27,287.2656
1167,2023,China_Birdwatch,62,48,37,229.3903697334479
1167,2023,eBird_GBIF,20,13,16,NA
1167,2023,Combined,82,61,45,229.3903697334479
1167,2024,China_Birdwatch,230,117,87,331.15281501340525
1167,2024,Combined,230,117,87,331.15281501340525
1168,2019,eBird_GBIF,1,1,1,NA
1168,2019,Combined,1,1,1,NA
1168,2021,China_Birdwatch,1,1,1,122
1168,2021,Combined,1,1,1,122
1168,2022,China_Birdwatch,1,1,1,107
1168,2022,eBird_GBIF,1,1,1,NA
1168,2022,Combined,2,2,2,107
1168,2023,China_Birdwatch,6,6,2,93.91304347826087
1168,2023,eBird_GBIF,3,3,3,NA
1168,2023,Combined,9,9,5,93.91304347826087
1168,2024,China_Birdwatch,8,7,8,357.08791208791206
1168,2024,Combined,8,7,8,357.08791208791206
1169,2002,eBird_GBIF,2,1,2,NA
1169,2002,Combined,2,1,2,NA
1169,2003,eBird_GBIF,1,1,1,NA
1169,2003,Combined,1,1,1,NA
1169,2005,eBird_GBIF,1,1,1,NA
1169,2005,Combined,1,1,1,NA
1169,2006,eBird_GBIF,2,2,2,NA
1169,2006,Combined,2,2,2,NA
1169,2007,eBird_GBIF,3,2,3,NA
1169,2007,Combined,3,2,3,NA
1169,2008,eBird_GBIF,7,3,4,NA
1169,2008,Combined,7,3,4,NA
1169,2010,eBird_GBIF,2,1,2,NA
1169,2010,Combined,2,1,2,NA
1169,2011,China_Birdwatch,2,2,2,420
1169,2011,eBird_GBIF,5,4,4,NA
1169,2011,Combined,7,6,6,420
1169,2012,eBird_GBIF,4,3,4,NA
1169,2012,Combined,4,3,4,NA
1169,2013,eBird_GBIF,8,4,7,NA
1169,2013,Combined,8,4,7,NA
1169,2014,eBird_GBIF,5,2,5,NA
1169,2014,Combined,5,2,5,NA
1169,2015,China_Birdwatch,3,2,3,0
1169,2015,eBird_GBIF,2,2,2,NA
1169,2015,Combined,5,4,4,0
1169,2016,China_Birdwatch,1,1,1,240
1169,2016,eBird_GBIF,24,7,18,NA
1169,2016,Combined,25,8,19,240
1169,2017,China_Birdwatch,6,3,6,899.5384615384617
1169,2017,eBird_GBIF,27,12,14,NA
1169,2017,Combined,33,15,20,899.5384615384617
1169,2018,China_Birdwatch,6,4,6,10212.221052631585
1169,2018,eBird_GBIF,43,21,26,NA
1169,2018,Combined,49,25,30,10212.221052631585
1169,2019,China_Birdwatch,2,2,2,189.67741935483872
1169,2019,eBird_GBIF,27,11,27,NA
1169,2019,Combined,29,13,28,189.67741935483872
1169,2020,eBird_GBIF,6,2,5,NA
1169,2020,Combined,6,2,5,NA
1169,2021,China_Birdwatch,15,9,15,6468.5164319248815
1169,2021,eBird_GBIF,41,18,35,NA
1169,2021,Combined,56,27,45,6468.5164319248815
1169,2022,China_Birdwatch,34,13,33,10915.29584352079
1169,2022,eBird_GBIF,7,6,5,NA
1169,2022,Combined,41,19,37,10915.29584352079
1169,2023,China_Birdwatch,178,51,133,1923.2940568475456
1169,2023,eBird_GBIF,30,20,25,NA
1169,2023,Combined,208,71,149,1923.2940568475456
1169,2024,China_Birdwatch,669,154,293,686.1638395792339
1169,2024,Combined,669,154,293,686.1638395792339
1170,2002,eBird_GBIF,1,1,1,NA
1170,2002,Combined,1,1,1,NA
1170,2003,eBird_GBIF,3,2,3,NA
1170,2003,Combined,3,2,3,NA
1170,2004,eBird_GBIF,1,1,1,NA
1170,2004,Combined,1,1,1,NA
1170,2005,eBird_GBIF,1,1,1,NA
1170,2005,Combined,1,1,1,NA
1170,2007,eBird_GBIF,3,2,3,NA
1170,2007,Combined,3,2,3,NA
1170,2010,eBird_GBIF,2,1,2,NA
1170,2010,Combined,2,1,2,NA
1170,2011,eBird_GBIF,2,2,2,NA
1170,2011,Combined,2,2,2,NA
1170,2012,China_Birdwatch,1,1,1,360
1170,2012,eBird_GBIF,2,1,2,NA
1170,2012,Combined,3,2,3,360
1170,2013,eBird_GBIF,10,4,6,NA
1170,2013,Combined,10,4,6,NA
1170,2016,eBird_GBIF,1,1,1,NA
1170,2016,Combined,1,1,1,NA
1170,2017,eBird_GBIF,2,2,2,NA
1170,2017,Combined,2,2,2,NA
1170,2019,eBird_GBIF,2,2,2,NA
1170,2019,Combined,2,2,2,NA
1170,2021,China_Birdwatch,1,1,1,60
1170,2021,eBird_GBIF,1,1,1,NA
1170,2021,Combined,2,2,2,60
1170,2022,China_Birdwatch,1,1,1,300
1170,2022,eBird_GBIF,1,1,1,NA
1170,2022,Combined,2,2,2,300
1170,2023,China_Birdwatch,10,10,10,114
1170,2023,eBird_GBIF,3,3,2,NA
1170,2023,Combined,13,13,12,114
1170,2024,China_Birdwatch,26,25,24,6720.390070921989
1170,2024,Combined,26,25,24,6720.390070921989
1171,2011,eBird_GBIF,2,1,2,NA
1171,2011,Combined,2,1,2,NA
1171,2014,eBird_GBIF,1,1,1,NA
1171,2014,Combined,1,1,1,NA
1171,2023,China_Birdwatch,1,1,1,60
1171,2023,Combined,1,1,1,60
1171,2024,China_Birdwatch,8,7,7,270.19791666666663
1171,2024,Combined,8,7,7,270.19791666666663
1172,2018,eBird_GBIF,4,1,4,NA
1172,2018,Combined,4,1,4,NA
1172,2022,China_Birdwatch,1,1,1,697
1172,2022,Combined,1,1,1,697
1172,2024,China_Birdwatch,3,2,3,368.0188679245283
1172,2024,Combined,3,2,3,368.0188679245283
1173,2018,eBird_GBIF,13,1,13,NA
1173,2018,Combined,13,1,13,NA
1175,2019,eBird_GBIF,1,1,1,NA
1175,2019,Combined,1,1,1,NA
1175,2021,China_Birdwatch,1,1,1,60
1175,2021,Combined,1,1,1,60
1175,2022,China_Birdwatch,2,2,2,60
1175,2022,Combined,2,2,2,60
1175,2023,China_Birdwatch,5,5,5,292.89473684210526
1175,2023,Combined,5,5,5,292.89473684210526
1175,2024,China_Birdwatch,6,5,6,140.0943396226415
1175,2024,Combined,6,5,6,140.0943396226415
1196,2009,eBird_GBIF,4,1,4,NA
1196,2009,Combined,4,1,4,NA
1196,2014,eBird_GBIF,1,1,1,NA
1196,2014,Combined,1,1,1,NA
1196,2015,eBird_GBIF,1,1,1,NA
1196,2015,Combined,1,1,1,NA
1196,2018,eBird_GBIF,2,2,2,NA
1196,2018,Combined,2,2,2,NA
1196,2019,eBird_GBIF,2,1,2,NA
1196,2019,Combined,2,1,2,NA
1196,2023,China_Birdwatch,2,2,2,73.8
1196,2023,Combined,2,2,2,73.8
1196,2024,China_Birdwatch,1,1,1,120
1196,2024,Combined,1,1,1,120
1197,2023,China_Birdwatch,1,1,1,120
1197,2023,Combined,1,1,1,120
1198,2023,China_Birdwatch,1,1,1,60
1198,2023,Combined,1,1,1,60
1199,2019,China_Birdwatch,4,2,4,336979.1830985915
1199,2019,Combined,4,2,4,336979.1830985915
1199,2020,China_Birdwatch,1,1,1,4565
1199,2020,eBird_GBIF,1,1,1,NA
1199,2020,Combined,2,2,2,4565
1199,2022,China_Birdwatch,1,1,1,60
1199,2022,Combined,1,1,1,60
1199,2023,China_Birdwatch,16,6,9,496.6052631578946
1199,2023,eBird_GBIF,1,1,1,NA
1199,2023,Combined,17,7,9,496.6052631578946
1199,2024,China_Birdwatch,16,10,10,2188.3605546995373
1199,2024,Combined,16,10,10,2188.3605546995373
1200,2013,eBird_GBIF,1,1,1,NA
1200,2013,Combined,1,1,1,NA
1200,2016,eBird_GBIF,7,4,3,NA
1200,2016,Combined,7,4,3,NA
1200,2018,eBird_GBIF,3,3,1,NA
1200,2018,Combined,3,3,1,NA
1200,2020,eBird_GBIF,1,1,1,NA
1200,2020,Combined,1,1,1,NA
1200,2021,eBird_GBIF,1,1,1,NA
1200,2021,Combined,1,1,1,NA
1200,2022,eBird_GBIF,2,1,2,NA
1200,2022,Combined,2,1,2,NA
1200,2023,China_Birdwatch,2,1,2,60
1200,2023,eBird_GBIF,1,1,1,NA
1200,2023,Combined,3,2,3,60
1200,2024,China_Birdwatch,2,2,2,41.69230769230769
1200,2024,Combined,2,2,2,41.69230769230769
1201,2003,eBird_GBIF,3,1,3,NA
1201,2003,Combined,3,1,3,NA
1201,2012,eBird_GBIF,2,1,2,NA
1201,2012,Combined,2,1,2,NA
1201,2016,eBird_GBIF,2,2,2,NA
1201,2016,Combined,2,2,2,NA
1201,2018,eBird_GBIF,1,1,1,NA
1201,2018,Combined,1,1,1,NA
1201,2019,China_Birdwatch,1,1,1,2880
1201,2019,eBird_GBIF,2,2,2,NA
1201,2019,Combined,3,3,3,2880
1201,2020,eBird_GBIF,2,2,2,NA
1201,2020,Combined,2,2,2,NA
1201,2021,China_Birdwatch,2,1,2,60
1201,2021,Combined,2,1,2,60
1201,2022,eBird_GBIF,1,1,1,NA
1201,2022,Combined,1,1,1,NA
1201,2023,China_Birdwatch,18,7,14,959.090196078431
1201,2023,eBird_GBIF,10,7,9,NA
1201,2023,Combined,28,14,18,959.090196078431
1201,2024,China_Birdwatch,23,20,21,1248.1942446043174
1201,2024,Combined,23,20,21,1248.1942446043174
1202,2016,eBird_GBIF,12,6,4,NA
1202,2016,Combined,12,6,4,NA
1202,2019,eBird_GBIF,1,1,1,NA
1202,2019,Combined,1,1,1,NA
1202,2020,eBird_GBIF,1,1,1,NA
1202,2020,Combined,1,1,1,NA
1202,2021,China_Birdwatch,1,1,1,450
1202,2021,eBird_GBIF,1,1,1,NA
1202,2021,Combined,2,2,2,450
1202,2022,China_Birdwatch,1,1,1,97
1202,2022,eBird_GBIF,1,1,1,NA
1202,2022,Combined,2,2,2,97
1202,2023,China_Birdwatch,1,1,1,1980
1202,2023,eBird_GBIF,4,2,4,NA
1202,2023,Combined,5,3,5,1980
1202,2024,China_Birdwatch,21,16,21,472.89130434782595
1202,2024,Combined,21,16,21,472.89130434782595
1203,2024,China_Birdwatch,7,7,3,236.89655172413794
1203,2024,Combined,7,7,3,236.89655172413794
1204,2023,eBird_GBIF,1,1,1,NA
1204,2023,Combined,1,1,1,NA
1204,2024,China_Birdwatch,1,1,1,60
1204,2024,Combined,1,1,1,60
1205,2014,eBird_GBIF,1,1,1,NA
1205,2014,Combined,1,1,1,NA
1205,2018,China_Birdwatch,1,1,1,44700
1205,2018,eBird_GBIF,1,1,1,NA
1205,2018,Combined,2,2,2,44700
1205,2019,eBird_GBIF,1,1,1,NA
1205,2019,Combined,1,1,1,NA
1205,2021,eBird_GBIF,1,1,1,NA
1205,2021,Combined,1,1,1,NA
1205,2024,China_Birdwatch,8,6,6,193.9512195121951
1205,2024,Combined,8,6,6,193.9512195121951
1206,2018,China_Birdwatch,2,1,2,336
1206,2018,eBird_GBIF,1,1,1,NA
1206,2018,Combined,3,2,3,336
1206,2019,eBird_GBIF,1,1,1,NA
1206,2019,Combined,1,1,1,NA
1206,2024,China_Birdwatch,2,2,2,60
1206,2024,Combined,2,2,2,60
1207,2017,China_Birdwatch,1,1,1,480
1207,2017,Combined,1,1,1,480
1207,2020,eBird_GBIF,1,1,1,NA
1207,2020,Combined,1,1,1,NA
1207,2024,China_Birdwatch,1,1,1,60
1207,2024,Combined,1,1,1,60
1208,2014,eBird_GBIF,2,2,1,NA
1208,2014,Combined,2,2,1,NA
1208,2018,eBird_GBIF,1,1,1,NA
1208,2018,Combined,1,1,1,NA
1208,2021,eBird_GBIF,1,1,1,NA
1208,2021,Combined,1,1,1,NA
1208,2024,China_Birdwatch,5,4,5,67.82608695652173
1208,2024,Combined,5,4,5,67.82608695652173
1209,2021,eBird_GBIF,2,1,2,NA
1209,2021,Combined,2,1,2,NA
1209,2022,eBird_GBIF,1,1,1,NA
1209,2022,Combined,1,1,1,NA
1209,2023,China_Birdwatch,2,1,2,113.33333333333333
1209,2023,Combined,2,1,2,113.33333333333333
1209,2024,China_Birdwatch,4,2,4,370.51851851851853
1209,2024,Combined,4,2,4,370.51851851851853
1210,2023,China_Birdwatch,1,1,1,181
1210,2023,eBird_GBIF,1,1,1,NA
1210,2023,Combined,2,2,2,181
1210,2024,China_Birdwatch,5,2,5,1125.8870967741937
1210,2024,Combined,5,2,5,1125.8870967741937
1211,2007,eBird_GBIF,1,1,1,NA
1211,2007,Combined,1,1,1,NA
1211,2014,eBird_GBIF,5,3,5,NA
1211,2014,Combined,5,3,5,NA
1211,2015,eBird_GBIF,2,2,2,NA
1211,2015,Combined,2,2,2,NA
1211,2017,China_Birdwatch,2,2,2,102.85714285714286
1211,2017,eBird_GBIF,3,3,3,NA
1211,2017,Combined,5,5,5,102.85714285714286
1211,2018,eBird_GBIF,5,5,4,NA
1211,2018,Combined,5,5,4,NA
1211,2019,China_Birdwatch,1,1,1,480
1211,2019,eBird_GBIF,15,9,12,NA
1211,2019,Combined,16,10,12,480
1211,2020,China_Birdwatch,2,2,1,220
1211,2020,Combined,2,2,1,220
1211,2021,China_Birdwatch,4,3,4,165.2
1211,2021,eBird_GBIF,1,1,1,NA
1211,2021,Combined,5,4,4,165.2
1211,2022,China_Birdwatch,8,2,8,62.93650793650794
1211,2022,eBird_GBIF,8,6,5,NA
1211,2022,Combined,16,8,13,62.93650793650794
1211,2023,China_Birdwatch,216,27,172,421.72569169960536
1211,2023,eBird_GBIF,14,6,14,NA
1211,2023,Combined,230,33,176,421.72569169960536
1211,2024,China_Birdwatch,498,72,253,403.27536489854117
1211,2024,Combined,498,72,253,403.27536489854117
1212,2008,eBird_GBIF,1,1,1,NA
1212,2008,Combined,1,1,1,NA
1212,2012,eBird_GBIF,1,1,1,NA
1212,2012,Combined,1,1,1,NA
1212,2014,eBird_GBIF,1,1,1,NA
1212,2014,Combined,1,1,1,NA
1212,2015,eBird_GBIF,1,1,1,NA
1212,2015,Combined,1,1,1,NA
1212,2017,China_Birdwatch,2,2,2,1303.5
1212,2017,Combined,2,2,2,1303.5
1212,2018,eBird_GBIF,3,2,3,NA
1212,2018,Combined,3,2,3,NA
1212,2019,eBird_GBIF,5,4,5,NA
1212,2019,Combined,5,4,5,NA
1212,2021,China_Birdwatch,2,2,2,3105
1212,2021,Combined,2,2,2,3105
1212,2022,China_Birdwatch,4,4,4,96.42857142857143
1212,2022,eBird_GBIF,2,1,2,NA
1212,2022,Combined,6,5,6,96.42857142857143
1212,2023,China_Birdwatch,25,14,23,307.48302872062635
1212,2023,eBird_GBIF,13,7,10,NA
1212,2023,Combined,38,21,31,307.48302872062635
1212,2024,China_Birdwatch,112,37,81,522.6986933128369
1212,2024,Combined,112,37,81,522.6986933128369
1213,2012,eBird_GBIF,2,1,2,NA
1213,2012,Combined,2,1,2,NA
1213,2017,China_Birdwatch,1,1,1,6
1213,2017,Combined,1,1,1,6
1213,2019,eBird_GBIF,3,2,3,NA
1213,2019,Combined,3,2,3,NA
1213,2023,China_Birdwatch,2,2,2,60
1213,2023,eBird_GBIF,3,2,3,NA
1213,2023,Combined,5,4,5,60
1213,2024,China_Birdwatch,20,10,18,227.81125827814566
1213,2024,Combined,20,10,18,227.81125827814566
1214,2024,China_Birdwatch,3,1,3,60
1214,2024,Combined,3,1,3,60
1215,2019,eBird_GBIF,2,2,2,NA
1215,2019,Combined,2,2,2,NA
1215,2022,China_Birdwatch,1,1,1,120
1215,2022,Combined,1,1,1,120
1215,2023,China_Birdwatch,1,1,1,1
1215,2023,Combined,1,1,1,1
1215,2024,China_Birdwatch,16,6,16,2694.1860465116283
1215,2024,Combined,16,6,16,2694.1860465116283
1216,2023,China_Birdwatch,1,1,1,60
1216,2023,Combined,1,1,1,60
1234,2014,eBird_GBIF,1,1,1,NA
1234,2014,Combined,1,1,1,NA
1234,2017,China_Birdwatch,1,1,1,114
1234,2017,Combined,1,1,1,114
1234,2018,China_Birdwatch,1,1,1,0
1234,2018,eBird_GBIF,3,2,3,NA
1234,2018,Combined,4,3,4,0
1234,2019,eBird_GBIF,5,4,2,NA
1234,2019,Combined,5,4,2,NA
1234,2021,China_Birdwatch,1,1,1,60
1234,2021,eBird_GBIF,7,7,5,NA
1234,2021,Combined,8,8,6,60
1234,2022,China_Birdwatch,10,5,9,318.480198019802
1234,2022,eBird_GBIF,1,1,1,NA
1234,2022,Combined,11,6,10,318.480198019802
1234,2023,China_Birdwatch,7,7,7,100.15384615384615
1234,2023,eBird_GBIF,4,3,4,NA
1234,2023,Combined,11,10,10,100.15384615384615
1234,2024,China_Birdwatch,31,26,24,329.7378048780488
1234,2024,Combined,31,26,24,329.7378048780488
1235,2014,China_Birdwatch,2,2,2,855
1235,2014,Combined,2,2,2,855
1235,2015,China_Birdwatch,1,1,1,180
1235,2015,eBird_GBIF,1,1,1,NA
1235,2015,Combined,2,2,2,180
1235,2018,China_Birdwatch,2,2,2,44
1235,2018,Combined,2,2,2,44
1235,2019,eBird_GBIF,1,1,1,NA
1235,2019,Combined,1,1,1,NA
1235,2021,China_Birdwatch,3,3,3,60
1235,2021,eBird_GBIF,3,3,2,NA
1235,2021,Combined,6,6,5,60
1235,2022,China_Birdwatch,1,1,1,1320
1235,2022,Combined,1,1,1,1320
1235,2023,China_Birdwatch,14,11,14,461.97413793103453
1235,2023,eBird_GBIF,4,1,4,NA
1235,2023,Combined,18,12,18,461.97413793103453
1235,2024,China_Birdwatch,48,38,38,8826.502008032128
1235,2024,Combined,48,38,38,8826.502008032128
1236,2017,China_Birdwatch,1,1,1,0
1236,2017,Combined,1,1,1,0
1236,2021,China_Birdwatch,3,3,3,1112.3076923076924
1236,2021,eBird_GBIF,4,3,3,NA
1236,2021,Combined,7,6,6,1112.3076923076924
1236,2022,China_Birdwatch,5,5,4,146.7762237762238
1236,2022,eBird_GBIF,4,3,3,NA
1236,2022,Combined,9,8,7,146.7762237762238
1236,2023,China_Birdwatch,23,15,20,1586.473321858864
1236,2023,eBird_GBIF,8,3,8,NA
1236,2023,Combined,31,18,24,1586.473321858864
1236,2024,China_Birdwatch,94,73,53,412.18741193048385
1236,2024,Combined,94,73,53,412.18741193048385
1237,2010,eBird_GBIF,1,1,1,NA
1237,2010,Combined,1,1,1,NA
1237,2011,China_Birdwatch,2,1,2,89
1237,2011,Combined,2,1,2,89
1237,2012,eBird_GBIF,3,3,3,NA
1237,2012,Combined,3,3,3,NA
1237,2013,China_Birdwatch,1,1,1,120
1237,2013,Combined,1,1,1,120
1237,2014,China_Birdwatch,2,1,2,0
1237,2014,eBird_GBIF,1,1,1,NA
1237,2014,Combined,3,2,3,0
1237,2015,China_Birdwatch,1,1,1,240
1237,2015,eBird_GBIF,2,2,2,NA
1237,2015,Combined,3,3,3,240
1237,2016,eBird_GBIF,1,1,1,NA
1237,2016,Combined,1,1,1,NA
1237,2017,China_Birdwatch,5,2,5,645.8823529411765
1237,2017,Combined,5,2,5,645.8823529411765
1237,2018,eBird_GBIF,5,3,3,NA
1237,2018,Combined,5,3,3,NA
1237,2019,China_Birdwatch,2,2,2,1891.4285714285713
1237,2019,eBird_GBIF,2,2,2,NA
1237,2019,Combined,4,4,4,1891.4285714285713
1237,2020,eBird_GBIF,2,1,2,NA
1237,2020,Combined,2,1,2,NA
1237,2021,China_Birdwatch,4,4,4,154374.5
1237,2021,eBird_GBIF,13,10,10,NA
1237,2021,Combined,17,14,13,154374.5
1237,2022,China_Birdwatch,10,10,8,388.68224299065423
1237,2022,eBird_GBIF,3,2,2,NA
1237,2022,Combined,13,12,10,388.68224299065423
1237,2023,China_Birdwatch,23,17,17,255.71428571428567
1237,2023,eBird_GBIF,10,6,9,NA
1237,2023,Combined,33,23,21,255.71428571428567
1237,2024,China_Birdwatch,79,69,53,425.8310344827586
1237,2024,Combined,79,69,53,425.8310344827586
1238,2014,China_Birdwatch,1,1,1,0
1238,2014,Combined,1,1,1,0
1238,2015,China_Birdwatch,1,1,1,570
1238,2015,Combined,1,1,1,570
1238,2023,China_Birdwatch,1,1,1,60
1238,2023,eBird_GBIF,1,1,1,NA
1238,2023,Combined,2,2,2,60
1238,2024,China_Birdwatch,21,13,11,450.68595041322305
1238,2024,Combined,21,13,11,450.68595041322305
1239,2021,eBird_GBIF,1,1,1,NA
1239,2021,Combined,1,1,1,NA
1239,2023,China_Birdwatch,1,1,1,60
1239,2023,Combined,1,1,1,60
1239,2024,China_Birdwatch,2,2,2,120
1239,2024,Combined,2,2,2,120
1240,2012,eBird_GBIF,1,1,1,NA
1240,2012,Combined,1,1,1,NA
1240,2018,China_Birdwatch,2,1,2,67.2
1240,2018,eBird_GBIF,2,2,1,NA
1240,2018,Combined,4,3,3,67.2
1240,2019,China_Birdwatch,2,1,2,8640
1240,2019,Combined,2,1,2,8640
1240,2023,China_Birdwatch,5,4,5,76
1240,2023,Combined,5,4,5,76
1240,2024,China_Birdwatch,10,7,10,262.5
1240,2024,Combined,10,7,10,262.5
1241,2000,eBird_GBIF,1,1,1,NA
1241,2000,Combined,1,1,1,NA
1241,2001,eBird_GBIF,1,1,1,NA
1241,2001,Combined,1,1,1,NA
1241,2007,eBird_GBIF,1,1,1,NA
1241,2007,Combined,1,1,1,NA
1241,2008,eBird_GBIF,4,2,2,NA
1241,2008,Combined,4,2,2,NA
1241,2010,eBird_GBIF,1,1,1,NA
1241,2010,Combined,1,1,1,NA
1241,2012,China_Birdwatch,2,2,2,267.05882352941177
1241,2012,eBird_GBIF,2,2,2,NA
1241,2012,Combined,4,4,3,267.05882352941177
1241,2013,eBird_GBIF,1,1,1,NA
1241,2013,Combined,1,1,1,NA
1241,2014,eBird_GBIF,4,4,2,NA
1241,2014,Combined,4,4,2,NA
1241,2015,China_Birdwatch,2,2,2,0
1241,2015,eBird_GBIF,2,1,2,NA
1241,2015,Combined,4,3,4,0
1241,2016,eBird_GBIF,19,7,13,NA
1241,2016,Combined,19,7,13,NA
1241,2017,China_Birdwatch,1,1,1,855
1241,2017,eBird_GBIF,15,9,8,NA
1241,2017,Combined,16,10,9,855
1241,2018,China_Birdwatch,3,3,3,410.3030303030303
1241,2018,eBird_GBIF,26,17,10,NA
1241,2018,Combined,29,20,13,410.3030303030303
1241,2019,China_Birdwatch,5,5,5,175.58333333333334
1241,2019,eBird_GBIF,8,5,8,NA
1241,2019,Combined,13,10,12,175.58333333333334
1241,2020,eBird_GBIF,2,1,2,NA
1241,2020,Combined,2,1,2,NA
1241,2021,China_Birdwatch,13,9,13,1148.0522388059708
1241,2021,eBird_GBIF,14,10,11,NA
1241,2021,Combined,27,19,21,1148.0522388059708
1241,2022,China_Birdwatch,14,10,13,42280.02980132453
1241,2022,eBird_GBIF,5,3,4,NA
1241,2022,Combined,19,13,16,42280.02980132453
1241,2023,China_Birdwatch,76,61,38,242.7641304347826
1241,2023,eBird_GBIF,22,18,16,NA
1241,2023,Combined,98,79,42,242.7641304347826
1241,2024,China_Birdwatch,243,149,103,185.6232104121475
1241,2024,Combined,243,149,103,185.6232104121475
1242,2012,eBird_GBIF,1,1,1,NA
1242,2012,Combined,1,1,1,NA
1242,2014,eBird_GBIF,2,2,1,NA
1242,2014,Combined,2,2,1,NA
1242,2017,China_Birdwatch,1,1,1,795
1242,2017,Combined,1,1,1,795
1242,2018,eBird_GBIF,2,2,1,NA
1242,2018,Combined,2,2,1,NA
1242,2021,eBird_GBIF,1,1,1,NA
1242,2021,Combined,1,1,1,NA
1242,2023,China_Birdwatch,7,2,7,60
1242,2023,eBird_GBIF,1,1,1,NA
1242,2023,Combined,8,3,8,60
1242,2024,China_Birdwatch,14,5,13,128.97435897435898
1242,2024,Combined,14,5,13,128.97435897435898
1243,2000,eBird_GBIF,1,1,1,NA
1243,2000,Combined,1,1,1,NA
1243,2002,eBird_GBIF,1,1,1,NA
1243,2002,Combined,1,1,1,NA
1243,2005,eBird_GBIF,1,1,1,NA
1243,2005,Combined,1,1,1,NA
1243,2007,eBird_GBIF,2,2,2,NA
1243,2007,Combined,2,2,2,NA
1243,2010,eBird_GBIF,1,1,1,NA
1243,2010,Combined,1,1,1,NA
1243,2011,eBird_GBIF,2,2,2,NA
1243,2011,Combined,2,2,2,NA
1243,2012,eBird_GBIF,4,3,4,NA
1243,2012,Combined,4,3,4,NA
1243,2015,eBird_GBIF,2,1,2,NA
1243,2015,Combined,2,1,2,NA
1243,2017,eBird_GBIF,2,1,2,NA
1243,2017,Combined,2,1,2,NA
1243,2018,eBird_GBIF,1,1,1,NA
1243,2018,Combined,1,1,1,NA
1243,2019,eBird_GBIF,2,1,2,NA
1243,2019,Combined,2,1,2,NA
1243,2023,China_Birdwatch,6,6,5,97.46153846153847
1243,2023,eBird_GBIF,2,2,2,NA
1243,2023,Combined,8,8,7,97.46153846153847
1243,2024,China_Birdwatch,7,7,6,125.1063829787234
1243,2024,Combined,7,7,6,125.1063829787234
1244,2023,eBird_GBIF,1,1,1,NA
1244,2023,Combined,1,1,1,NA
1244,2024,China_Birdwatch,2,2,2,150
1244,2024,Combined,2,2,2,150
1245,2018,eBird_GBIF,1,1,1,NA
1245,2018,Combined,1,1,1,NA
1245,2023,eBird_GBIF,1,1,1,NA
1245,2023,Combined,1,1,1,NA
1245,2024,China_Birdwatch,1,1,1,60
1245,2024,Combined,1,1,1,60
1246,2024,China_Birdwatch,3,2,3,144
1246,2024,Combined,3,2,3,144
1247,2022,eBird_GBIF,1,1,1,NA
1247,2022,Combined,1,1,1,NA
1247,2024,China_Birdwatch,1,1,1,176
1247,2024,Combined,1,1,1,176
1248,2019,eBird_GBIF,1,1,1,NA
1248,2019,Combined,1,1,1,NA
1248,2022,China_Birdwatch,2,2,1,60
1248,2022,eBird_GBIF,2,2,2,NA
1248,2022,Combined,4,4,3,60
1248,2023,China_Birdwatch,1,1,1,99.82608695652173
1248,2023,eBird_GBIF,2,2,2,NA
1248,2023,Combined,3,3,2,99.82608695652173
1248,2024,China_Birdwatch,2,2,2,98.15384615384616
1248,2024,Combined,2,2,2,98.15384615384616
1249,2022,eBird_GBIF,1,1,1,NA
1249,2022,Combined,1,1,1,NA
1249,2023,China_Birdwatch,1,1,1,80
1249,2023,eBird_GBIF,1,1,1,NA
1249,2023,Combined,2,2,1,80
1249,2024,China_Birdwatch,1,1,1,480
1249,2024,Combined,1,1,1,480
1268,2018,eBird_GBIF,1,1,1,NA
1268,2018,Combined,1,1,1,NA
1268,2021,China_Birdwatch,1,1,1,60
1268,2021,Combined,1,1,1,60
1268,2023,China_Birdwatch,3,3,3,80
1268,2023,Combined,3,3,3,80
1269,2023,China_Birdwatch,1,1,1,60
1269,2023,Combined,1,1,1,60
1270,2022,China_Birdwatch,1,1,1,60
1270,2022,Combined,1,1,1,60
1271,2014,eBird_GBIF,3,1,3,NA
1271,2014,Combined,3,1,3,NA
1271,2015,eBird_GBIF,1,1,1,NA
1271,2015,Combined,1,1,1,NA
1271,2016,eBird_GBIF,13,6,5,NA
1271,2016,Combined,13,6,5,NA
1271,2017,eBird_GBIF,1,1,1,NA
1271,2017,Combined,1,1,1,NA
1271,2018,eBird_GBIF,8,5,5,NA
1271,2018,Combined,8,5,5,NA
1271,2019,eBird_GBIF,2,2,2,NA
1271,2019,Combined,2,2,2,NA
1271,2020,eBird_GBIF,9,3,9,NA
1271,2020,Combined,9,3,9,NA
1271,2021,eBird_GBIF,3,1,3,NA
1271,2021,Combined,3,1,3,NA
1271,2022,eBird_GBIF,1,1,1,NA
1271,2022,Combined,1,1,1,NA
1271,2023,China_Birdwatch,4,4,3,1027.2173913043478
1271,2023,eBird_GBIF,9,6,9,NA
1271,2023,Combined,13,10,11,1027.2173913043478
1271,2024,China_Birdwatch,4,4,4,198.48360655737707
1271,2024,Combined,4,4,4,198.48360655737707
1272,2013,China_Birdwatch,1,1,1,6360
1272,2013,Combined,1,1,1,6360
1272,2015,eBird_GBIF,1,1,1,NA
1272,2015,Combined,1,1,1,NA
1272,2016,eBird_GBIF,7,5,2,NA
1272,2016,Combined,7,5,2,NA
1272,2017,eBird_GBIF,1,1,1,NA
1272,2017,Combined,1,1,1,NA
1272,2018,eBird_GBIF,10,4,4,NA
1272,2018,Combined,10,4,4,NA
1272,2019,China_Birdwatch,1,1,1,210
1272,2019,eBird_GBIF,2,1,2,NA
1272,2019,Combined,3,2,3,210
1272,2020,China_Birdwatch,1,1,1,420
1272,2020,eBird_GBIF,4,2,4,NA
1272,2020,Combined,5,3,5,420
1272,2021,China_Birdwatch,1,1,1,3180
1272,2021,eBird_GBIF,1,1,1,NA
1272,2021,Combined,2,2,2,3180
1272,2022,eBird_GBIF,1,1,1,NA
1272,2022,Combined,1,1,1,NA
1272,2023,China_Birdwatch,5,5,4,2734.8947368421054
1272,2023,Combined,5,5,4,2734.8947368421054
1272,2024,China_Birdwatch,10,6,7,249.73065902578796
1272,2024,Combined,10,6,7,249.73065902578796
1273,2008,eBird_GBIF,1,1,1,NA
1273,2008,Combined,1,1,1,NA
1273,2009,eBird_GBIF,2,1,2,NA
1273,2009,Combined,2,1,2,NA
1273,2011,eBird_GBIF,1,1,1,NA
1273,2011,Combined,1,1,1,NA
1273,2012,eBird_GBIF,2,2,2,NA
1273,2012,Combined,2,2,2,NA
1273,2013,eBird_GBIF,2,2,2,NA
1273,2013,Combined,2,2,2,NA
1273,2015,eBird_GBIF,1,1,1,NA
1273,2015,Combined,1,1,1,NA
1273,2016,eBird_GBIF,1,1,1,NA
1273,2016,Combined,1,1,1,NA
1273,2017,China_Birdwatch,1,1,1,120
1273,2017,eBird_GBIF,1,1,1,NA
1273,2017,Combined,2,2,2,120
1273,2019,eBird_GBIF,4,2,4,NA
1273,2019,Combined,4,2,4,NA
1273,2020,eBird_GBIF,6,4,6,NA
1273,2020,Combined,6,4,6,NA
1273,2021,China_Birdwatch,3,3,3,57281.111111111124
1273,2021,eBird_GBIF,1,1,1,NA
1273,2021,Combined,4,4,4,57281.111111111124
1273,2023,China_Birdwatch,9,8,9,1608.8393782383416
1273,2023,eBird_GBIF,2,2,2,NA
1273,2023,Combined,11,10,10,1608.8393782383416
1273,2024,China_Birdwatch,28,21,26,986.2176039119804
1273,2024,Combined,28,21,26,986.2176039119804
1274,2013,eBird_GBIF,1,1,1,NA
1274,2013,Combined,1,1,1,NA
1274,2014,eBird_GBIF,3,3,3,NA
1274,2014,Combined,3,3,3,NA
1274,2015,eBird_GBIF,1,1,1,NA
1274,2015,Combined,1,1,1,NA
1274,2016,eBird_GBIF,5,5,1,NA
1274,2016,Combined,5,5,1,NA
1274,2019,eBird_GBIF,1,1,1,NA
1274,2019,Combined,1,1,1,NA
1274,2020,eBird_GBIF,1,1,1,NA
1274,2020,Combined,1,1,1,NA
1274,2021,China_Birdwatch,3,2,3,210.46296296296296
1274,2021,eBird_GBIF,2,2,1,NA
1274,2021,Combined,5,4,4,210.46296296296296
1274,2022,eBird_GBIF,1,1,1,NA
1274,2022,Combined,1,1,1,NA
1274,2023,China_Birdwatch,4,3,3,75.84905660377359
1274,2023,eBird_GBIF,1,1,1,NA
1274,2023,Combined,5,4,4,75.84905660377359
1274,2024,China_Birdwatch,14,12,12,895.2614107883817
1274,2024,Combined,14,12,12,895.2614107883817
1275,2015,China_Birdwatch,1,1,1,542
1275,2015,Combined,1,1,1,542
1275,2019,eBird_GBIF,1,1,1,NA
1275,2019,Combined,1,1,1,NA
1275,2023,China_Birdwatch,1,1,1,4860
1275,2023,Combined,1,1,1,4860
1275,2024,China_Birdwatch,4,3,4,66.47058823529412
1275,2024,Combined,4,3,4,66.47058823529412
1276,2019,eBird_GBIF,1,1,1,NA
1276,2019,Combined,1,1,1,NA
1276,2020,China_Birdwatch,1,1,1,518
1276,2020,Combined,1,1,1,518
1276,2024,China_Birdwatch,13,12,9,215.6709956709957
1276,2024,Combined,13,12,9,215.6709956709957
1277,2024,China_Birdwatch,1,1,1,360
1277,2024,Combined,1,1,1,360
1279,2022,China_Birdwatch,1,1,1,180
1279,2022,Combined,1,1,1,180
1280,2024,China_Birdwatch,1,1,1,420
1280,2024,Combined,1,1,1,420
1281,2017,eBird_GBIF,1,1,1,NA
1281,2017,Combined,1,1,1,NA
1281,2021,eBird_GBIF,42,2,41,NA
1281,2021,Combined,42,2,41,NA
1281,2022,eBird_GBIF,5,2,4,NA
1281,2022,Combined,5,2,4,NA
1281,2023,China_Birdwatch,4,2,3,111.29770992366412
1281,2023,eBird_GBIF,20,1,20,NA
1281,2023,Combined,24,3,21,111.29770992366412
1281,2024,China_Birdwatch,1,1,1,16800
1281,2024,Combined,1,1,1,16800
1282,2023,eBird_GBIF,8,1,8,NA
1282,2023,Combined,8,1,8,NA
1282,2024,China_Birdwatch,4,4,4,81.17647058823529
1282,2024,Combined,4,4,4,81.17647058823529
1283,2023,China_Birdwatch,14,3,13,97.82899628252787
1283,2023,eBird_GBIF,2,2,2,NA
1283,2023,Combined,16,5,15,97.82899628252787
1283,2024,China_Birdwatch,13,6,12,129.46623794212215
1283,2024,Combined,13,6,12,129.46623794212215
1284,2016,eBird_GBIF,2,1,2,NA
1284,2016,Combined,2,1,2,NA
1284,2018,eBird_GBIF,5,1,5,NA
1284,2018,Combined,5,1,5,NA
1284,2021,eBird_GBIF,1,1,1,NA
1284,2021,Combined,1,1,1,NA
1284,2023,China_Birdwatch,2,2,2,92.30769230769229
1284,2023,Combined,2,2,2,92.30769230769229
1284,2024,China_Birdwatch,3,2,3,87.5
1284,2024,Combined,3,2,3,87.5
1285,2024,China_Birdwatch,1,1,1,60
1285,2024,Combined,1,1,1,60
1286,2021,China_Birdwatch,1,1,1,108
1286,2021,Combined,1,1,1,108
1286,2023,China_Birdwatch,1,1,1,60
1286,2023,Combined,1,1,1,60
1286,2024,China_Birdwatch,3,2,3,54.78260869565217
1286,2024,Combined,3,2,3,54.78260869565217
1287,2015,eBird_GBIF,1,1,1,NA
1287,2015,Combined,1,1,1,NA
1287,2019,eBird_GBIF,1,1,1,NA
1287,2019,Combined,1,1,1,NA
1288,2015,eBird_GBIF,1,1,1,NA
1288,2015,Combined,1,1,1,NA
1288,2018,eBird_GBIF,2,1,2,NA
1288,2018,Combined,2,1,2,NA
1288,2021,eBird_GBIF,1,1,1,NA
1288,2021,Combined,1,1,1,NA
1288,2023,eBird_GBIF,2,2,2,NA
1288,2023,Combined,2,2,2,NA
1288,2024,China_Birdwatch,3,3,3,523.2758620689655
1288,2024,Combined,3,3,3,523.2758620689655
1289,2016,China_Birdwatch,1,1,1,1440
1289,2016,Combined,1,1,1,1440
1289,2017,China_Birdwatch,1,1,1,1320
1289,2017,Combined,1,1,1,1320
1289,2019,eBird_GBIF,2,2,1,NA
1289,2019,Combined,2,2,1,NA
1289,2021,eBird_GBIF,2,2,2,NA
1289,2021,Combined,2,2,2,NA
1289,2023,China_Birdwatch,5,5,5,798.5030674846629
1289,2023,eBird_GBIF,3,2,3,NA
1289,2023,Combined,8,7,8,798.5030674846629
1289,2024,China_Birdwatch,33,24,21,859.9628180039138
1289,2024,Combined,33,24,21,859.9628180039138
1305,2014,China_Birdwatch,1,1,1,1440
1305,2014,eBird_GBIF,1,1,1,NA
1305,2014,Combined,2,2,2,1440
1305,2015,China_Birdwatch,1,1,1,540
1305,2015,Combined,1,1,1,540
1305,2019,eBird_GBIF,1,1,1,NA
1305,2019,Combined,1,1,1,NA
1305,2021,China_Birdwatch,2,2,2,305.45454545454544
1305,2021,eBird_GBIF,3,1,3,NA
1305,2021,Combined,5,3,5,305.45454545454544
1305,2022,China_Birdwatch,2,2,2,314.48275862068965
1305,2022,Combined,2,2,2,314.48275862068965
1305,2023,China_Birdwatch,4,4,3,174.28571428571428
1305,2023,eBird_GBIF,1,1,1,NA
1305,2023,Combined,5,5,4,174.28571428571428
1305,2024,China_Birdwatch,17,16,16,239.515625
1305,2024,Combined,17,16,16,239.515625
1306,2021,eBird_GBIF,1,1,1,NA
1306,2021,Combined,1,1,1,NA
1306,2023,China_Birdwatch,2,2,2,88.125
1306,2023,eBird_GBIF,1,1,1,NA
1306,2023,Combined,3,3,3,88.125
1306,2024,China_Birdwatch,2,2,2,407.9642857142857
1306,2024,Combined,2,2,2,407.9642857142857
1307,2016,China_Birdwatch,1,1,1,14400
1307,2016,Combined,1,1,1,14400
1307,2021,China_Birdwatch,1,1,1,3180
1307,2021,Combined,1,1,1,3180
1307,2023,China_Birdwatch,1,1,1,1979
1307,2023,eBird_GBIF,2,1,2,NA
1307,2023,Combined,3,2,3,1979
1308,2015,China_Birdwatch,1,1,1,720
1308,2015,Combined,1,1,1,720
1308,2019,eBird_GBIF,1,1,1,NA
1308,2019,Combined,1,1,1,NA
1308,2020,eBird_GBIF,1,1,1,NA
1308,2020,Combined,1,1,1,NA
1308,2021,eBird_GBIF,2,2,2,NA
1308,2021,Combined,2,2,2,NA
1308,2022,China_Birdwatch,1,1,1,120
1308,2022,Combined,1,1,1,120
1308,2023,eBird_GBIF,3,3,2,NA
1308,2023,Combined,3,3,2,NA
1308,2024,China_Birdwatch,3,3,3,55.38461538461539
1308,2024,Combined,3,3,3,55.38461538461539
1309,2012,eBird_GBIF,1,1,1,NA
1309,2012,Combined,1,1,1,NA
1309,2014,China_Birdwatch,3,2,3,0
1309,2014,Combined,3,2,3,0
1309,2015,China_Birdwatch,1,1,1,1200
1309,2015,Combined,1,1,1,1200
1309,2016,eBird_GBIF,1,1,1,NA
1309,2016,Combined,1,1,1,NA
1309,2019,eBird_GBIF,2,2,2,NA
1309,2019,Combined,2,2,2,NA
1309,2021,China_Birdwatch,1,1,1,120
1309,2021,eBird_GBIF,1,1,1,NA
1309,2021,Combined,2,2,2,120
1309,2022,China_Birdwatch,3,3,3,96.27272727272727
1309,2022,Combined,3,3,3,96.27272727272727
1309,2023,China_Birdwatch,11,9,10,778.0289855072464
1309,2023,eBird_GBIF,1,1,1,NA
1309,2023,Combined,12,10,10,778.0289855072464
1309,2024,China_Birdwatch,24,24,14,308.5339805825243
1309,2024,Combined,24,24,14,308.5339805825243
1312,2011,eBird_GBIF,1,1,1,NA
1312,2011,Combined,1,1,1,NA
1312,2012,China_Birdwatch,1,1,1,420
1312,2012,eBird_GBIF,1,1,1,NA
1312,2012,Combined,2,2,1,420
1312,2013,eBird_GBIF,2,1,2,NA
1312,2013,Combined,2,1,2,NA
1312,2024,China_Birdwatch,2,2,2,63.38461538461539
1312,2024,Combined,2,2,2,63.38461538461539
1313,2023,China_Birdwatch,2,2,2,391.7073170731707
1313,2023,Combined,2,2,2,391.7073170731707
1313,2024,China_Birdwatch,27,14,9,395.34558823529414
1313,2024,Combined,27,14,9,395.34558823529414
1314,2007,eBird_GBIF,2,1,2,NA
1314,2007,Combined,2,1,2,NA
1314,2014,eBird_GBIF,2,2,1,NA
1314,2014,Combined,2,2,1,NA
1314,2019,eBird_GBIF,1,1,1,NA
1314,2019,Combined,1,1,1,NA
1314,2023,China_Birdwatch,4,4,4,51.111111111111114
1314,2023,Combined,4,4,4,51.111111111111114
1314,2024,China_Birdwatch,18,14,11,185.26315789473682
1314,2024,Combined,18,14,11,185.26315789473682
1315,2005,eBird_GBIF,1,1,1,NA
1315,2005,Combined,1,1,1,NA
1315,2012,eBird_GBIF,2,1,2,NA
1315,2012,Combined,2,1,2,NA
1315,2014,eBird_GBIF,2,2,1,NA
1315,2014,Combined,2,2,1,NA
1315,2019,China_Birdwatch,1,1,1,61
1315,2019,eBird_GBIF,4,1,4,NA
1315,2019,Combined,5,2,5,61
1315,2021,eBird_GBIF,1,1,1,NA
1315,2021,Combined,1,1,1,NA
1315,2023,China_Birdwatch,3,3,3,248.63636363636363
1315,2023,eBird_GBIF,2,2,2,NA
1315,2023,Combined,5,5,5,248.63636363636363
1315,2024,China_Birdwatch,5,4,5,138.83720930232556
1315,2024,Combined,5,4,5,138.83720930232556
1316,2012,eBird_GBIF,2,1,2,NA
1316,2012,Combined,2,1,2,NA
1316,2022,eBird_GBIF,1,1,1,NA
1316,2022,Combined,1,1,1,NA
1316,2024,China_Birdwatch,10,5,9,69.52380952380952
1316,2024,Combined,10,5,9,69.52380952380952
1319,2024,China_Birdwatch,4,4,4,240
1319,2024,Combined,4,4,4,240
1320,2023,China_Birdwatch,4,3,4,172.42857142857142
1320,2023,eBird_GBIF,2,1,2,NA
1320,2023,Combined,6,4,4,172.42857142857142
1320,2024,China_Birdwatch,10,9,10,1244.9264705882354
1320,2024,Combined,10,9,10,1244.9264705882354
1321,2017,eBird_GBIF,1,1,1,NA
1321,2017,Combined,1,1,1,NA
1321,2020,eBird_GBIF,1,1,1,NA
1321,2020,Combined,1,1,1,NA
1321,2021,eBird_GBIF,3,1,3,NA
1321,2021,Combined,3,1,3,NA
1321,2023,China_Birdwatch,1,1,1,190
1321,2023,eBird_GBIF,2,2,2,NA
1321,2023,Combined,3,3,2,190
1322,2023,China_Birdwatch,1,1,1,30
1322,2023,eBird_GBIF,2,1,2,NA
1322,2023,Combined,3,2,2,30
1328,2014,eBird_GBIF,1,1,1,NA
1328,2014,Combined,1,1,1,NA
1328,2017,eBird_GBIF,2,2,2,NA
1328,2017,Combined,2,2,2,NA
1328,2018,China_Birdwatch,1,1,1,300
1328,2018,Combined,1,1,1,300
1328,2022,China_Birdwatch,1,1,1,120
1328,2022,eBird_GBIF,1,1,1,NA
1328,2022,Combined,2,2,2,120
1328,2023,China_Birdwatch,1,1,1,660
1328,2023,Combined,1,1,1,660
1328,2024,China_Birdwatch,13,6,11,348.67578125
1328,2024,Combined,13,6,11,348.67578125
1339,2024,China_Birdwatch,1,1,1,716
1339,2024,Combined,1,1,1,716
1340,2021,China_Birdwatch,1,1,1,420
1340,2021,Combined,1,1,1,420
1340,2024,China_Birdwatch,1,1,1,0
1340,2024,Combined,1,1,1,0
1341,2018,eBird_GBIF,1,1,1,NA
1341,2018,Combined,1,1,1,NA
1341,2023,China_Birdwatch,3,2,3,73.77777777777777
1341,2023,Combined,3,2,3,73.77777777777777
1342,2023,China_Birdwatch,1,1,1,240
1342,2023,Combined,1,1,1,240
1342,2024,China_Birdwatch,1,1,1,197
1342,2024,Combined,1,1,1,197
1344,2018,eBird_GBIF,6,2,4,NA
1344,2018,Combined,6,2,4,NA
1344,2024,China_Birdwatch,1,1,1,100
1344,2024,Combined,1,1,1,100
1345,2012,eBird_GBIF,1,1,1,NA
1345,2012,Combined,1,1,1,NA
1345,2015,eBird_GBIF,1,1,1,NA
1345,2015,Combined,1,1,1,NA
1345,2016,eBird_GBIF,5,5,1,NA
1345,2016,Combined,5,5,1,NA
1345,2018,eBird_GBIF,1,1,1,NA
1345,2018,Combined,1,1,1,NA
1345,2020,eBird_GBIF,1,1,1,NA
1345,2020,Combined,1,1,1,NA
1345,2023,China_Birdwatch,4,3,4,196.4516129032258
1345,2023,Combined,4,3,4,196.4516129032258
1345,2024,China_Birdwatch,15,13,15,495.6820083682008
1345,2024,Combined,15,13,15,495.6820083682008
1346,2014,eBird_GBIF,3,2,3,NA
1346,2014,Combined,3,2,3,NA
1346,2015,eBird_GBIF,5,5,2,NA
1346,2015,Combined,5,5,2,NA
1346,2016,China_Birdwatch,1,1,1,100
1346,2016,Combined,1,1,1,100
1346,2018,eBird_GBIF,6,5,5,NA
1346,2018,Combined,6,5,5,NA
1346,2019,China_Birdwatch,4,3,4,310.5882352941176
1346,2019,eBird_GBIF,14,13,6,NA
1346,2019,Combined,18,16,9,310.5882352941176
1346,2020,eBird_GBIF,1,1,1,NA
1346,2020,Combined,1,1,1,NA
1346,2021,China_Birdwatch,3,3,3,1172.4375
1346,2021,eBird_GBIF,3,3,3,NA
1346,2021,Combined,6,6,6,1172.4375
1346,2022,China_Birdwatch,4,3,4,822.5531914893617
1346,2022,eBird_GBIF,2,1,2,NA
1346,2022,Combined,6,4,6,822.5531914893617
1346,2023,China_Birdwatch,5,4,5,178.03278688524586
1346,2023,eBird_GBIF,15,4,10,NA
1346,2023,Combined,20,8,15,178.03278688524586
1346,2024,China_Birdwatch,30,22,28,302.6
1346,2024,Combined,30,22,28,302.6
1348,2023,China_Birdwatch,5,2,5,63.666666666666664
1348,2023,Combined,5,2,5,63.666666666666664
1348,2024,China_Birdwatch,23,8,22,3320.6000000000004
1348,2024,Combined,23,8,22,3320.6000000000004
1349,2017,eBird_GBIF,2,1,2,NA
1349,2017,Combined,2,1,2,NA
1349,2024,China_Birdwatch,1,1,1,60
1349,2024,Combined,1,1,1,60
1350,2024,China_Birdwatch,2,2,2,60
1350,2024,Combined,2,2,2,60
1351,2024,China_Birdwatch,1,1,1,60
1351,2024,Combined,1,1,1,60
1352,2013,eBird_GBIF,1,1,1,NA
1352,2013,Combined,1,1,1,NA
1352,2014,eBird_GBIF,1,1,1,NA
1352,2014,Combined,1,1,1,NA
1352,2015,eBird_GBIF,6,2,6,NA
1352,2015,Combined,6,2,6,NA
1352,2016,eBird_GBIF,1,1,1,NA
1352,2016,Combined,1,1,1,NA
1352,2017,eBird_GBIF,2,1,2,NA
1352,2017,Combined,2,1,2,NA
1352,2020,eBird_GBIF,3,3,1,NA
1352,2020,Combined,3,3,1,NA
1352,2021,eBird_GBIF,4,1,4,NA
1352,2021,Combined,4,1,4,NA
1352,2023,China_Birdwatch,4,4,3,208.5
1352,2023,Combined,4,4,3,208.5
1352,2024,China_Birdwatch,9,6,9,121.47777777777779
1352,2024,Combined,9,6,9,121.47777777777779
1353,2012,eBird_GBIF,1,1,1,NA
1353,2012,Combined,1,1,1,NA
1353,2013,eBird_GBIF,4,1,4,NA
1353,2013,Combined,4,1,4,NA
1353,2014,eBird_GBIF,2,1,2,NA
1353,2014,Combined,2,1,2,NA
1353,2015,eBird_GBIF,5,1,5,NA
1353,2015,Combined,5,1,5,NA
1353,2019,eBird_GBIF,6,1,6,NA
1353,2019,Combined,6,1,6,NA
1353,2020,China_Birdwatch,1,1,1,600
1353,2020,eBird_GBIF,1,1,1,NA
1353,2020,Combined,2,2,2,600
1353,2021,eBird_GBIF,12,2,11,NA
1353,2021,Combined,12,2,11,NA
1353,2022,China_Birdwatch,1,1,1,652
1353,2022,eBird_GBIF,3,2,3,NA
1353,2022,Combined,4,3,3,652
1353,2023,China_Birdwatch,4,3,4,205.1139240506329
1353,2023,eBird_GBIF,1,1,1,NA
1353,2023,Combined,5,4,5,205.1139240506329
1353,2024,China_Birdwatch,17,12,16,10569.448648648646
1353,2024,Combined,17,12,16,10569.448648648646
1354,2019,eBird_GBIF,1,1,1,NA
1354,2019,Combined,1,1,1,NA
1354,2024,China_Birdwatch,8,3,8,60
1354,2024,Combined,8,3,8,60
1355,2024,China_Birdwatch,2,1,2,547.5
1355,2024,Combined,2,1,2,547.5
1356,2018,eBird_GBIF,1,1,1,NA
1356,2018,Combined,1,1,1,NA
1357,2019,eBird_GBIF,2,2,1,NA
1357,2019,Combined,2,2,1,NA
1357,2021,eBird_GBIF,2,1,2,NA
1357,2021,Combined,2,1,2,NA
1357,2024,China_Birdwatch,6,4,5,208.6206896551724
1357,2024,Combined,6,4,5,208.6206896551724
1358,2006,eBird_GBIF,1,1,1,NA
1358,2006,Combined,1,1,1,NA
1358,2015,eBird_GBIF,1,1,1,NA
1358,2015,Combined,1,1,1,NA
1358,2017,China_Birdwatch,1,1,1,60
1358,2017,Combined,1,1,1,60
1358,2018,eBird_GBIF,1,1,1,NA
1358,2018,Combined,1,1,1,NA
1358,2019,China_Birdwatch,1,1,1,110
1358,2019,eBird_GBIF,2,2,1,NA
1358,2019,Combined,3,3,1,110
1358,2023,China_Birdwatch,14,11,14,371.5151515151515
1358,2023,Combined,14,11,14,371.5151515151515
1358,2024,China_Birdwatch,24,18,24,147.26406926406926
1358,2024,Combined,24,18,24,147.26406926406926
1359,2021,China_Birdwatch,1,1,1,180
1359,2021,Combined,1,1,1,180
1359,2022,China_Birdwatch,1,1,1,59
1359,2022,Combined,1,1,1,59
1359,2023,China_Birdwatch,3,3,3,3966.428571428571
1359,2023,Combined,3,3,3,3966.428571428571
1359,2024,China_Birdwatch,17,17,11,580.5102040816325
1359,2024,Combined,17,17,11,580.5102040816325
1360,2018,eBird_GBIF,2,2,1,NA
1360,2018,Combined,2,2,1,NA
1360,2019,eBird_GBIF,2,2,1,NA
1360,2019,Combined,2,2,1,NA
1360,2021,eBird_GBIF,1,1,1,NA
1360,2021,Combined,1,1,1,NA
1360,2023,China_Birdwatch,12,10,10,69.734375
1360,2023,eBird_GBIF,12,11,6,NA
1360,2023,Combined,24,21,12,69.734375
1360,2024,China_Birdwatch,49,37,29,125.00852878464818
1360,2024,Combined,49,37,29,125.00852878464818
1361,2015,eBird_GBIF,3,2,3,NA
1361,2015,Combined,3,2,3,NA
1361,2016,eBird_GBIF,8,4,2,NA
1361,2016,Combined,8,4,2,NA
1361,2017,China_Birdwatch,1,1,1,626400
1361,2017,eBird_GBIF,8,7,6,NA
1361,2017,Combined,9,8,7,626400
1361,2018,eBird_GBIF,23,13,5,NA
1361,2018,Combined,23,13,5,NA
1361,2019,eBird_GBIF,4,2,2,NA
1361,2019,Combined,4,2,2,NA
1361,2021,China_Birdwatch,1,1,1,660
1361,2021,eBird_GBIF,8,5,7,NA
1361,2021,Combined,9,6,7,660
1361,2022,China_Birdwatch,1,1,1,120
1361,2022,Combined,1,1,1,120
1361,2023,China_Birdwatch,30,21,9,155.07317073170736
1361,2023,eBird_GBIF,54,29,19,NA
1361,2023,Combined,84,50,21,155.07317073170736
1361,2024,China_Birdwatch,159,103,30,465.4366734486269
1361,2024,Combined,159,103,30,465.4366734486269
1377,2014,eBird_GBIF,4,2,2,NA
1377,2014,Combined,4,2,2,NA
1377,2021,China_Birdwatch,1,1,1,0
1377,2021,eBird_GBIF,1,1,1,NA
1377,2021,Combined,2,2,2,0
1377,2023,eBird_GBIF,1,1,1,NA
1377,2023,Combined,1,1,1,NA
1377,2024,China_Birdwatch,6,5,6,129.375
1377,2024,Combined,6,5,6,129.375
1379,2011,eBird_GBIF,2,2,1,NA
1379,2011,Combined,2,2,1,NA
1379,2023,China_Birdwatch,4,3,3,262.57894736842104
1379,2023,Combined,4,3,3,262.57894736842104
1379,2024,China_Birdwatch,10,8,9,132.85714285714286
1379,2024,Combined,10,8,9,132.85714285714286
1380,2001,eBird_GBIF,1,1,1,NA
1380,2001,Combined,1,1,1,NA
1380,2012,eBird_GBIF,3,2,3,NA
1380,2012,Combined,3,2,3,NA
1380,2013,eBird_GBIF,2,2,1,NA
1380,2013,Combined,2,2,1,NA
1380,2021,eBird_GBIF,2,2,2,NA
1380,2021,Combined,2,2,2,NA
1380,2022,China_Birdwatch,1,1,1,120
1380,2022,eBird_GBIF,2,2,1,NA
1380,2022,Combined,3,3,2,120
1380,2023,China_Birdwatch,3,3,3,132
1380,2023,eBird_GBIF,2,1,2,NA
1380,2023,Combined,5,4,5,132
1380,2024,China_Birdwatch,15,15,12,295.81325301204816
1380,2024,Combined,15,15,12,295.81325301204816
1381,2018,eBird_GBIF,2,1,2,NA
1381,2018,Combined,2,1,2,NA
1381,2023,eBird_GBIF,2,2,1,NA
1381,2023,Combined,2,2,1,NA
1382,2014,eBird_GBIF,2,2,1,NA
1382,2014,Combined,2,2,1,NA
1382,2016,eBird_GBIF,1,1,1,NA
1382,2016,Combined,1,1,1,NA
1382,2017,eBird_GBIF,4,4,1,NA
1382,2017,Combined,4,4,1,NA
1382,2018,eBird_GBIF,4,4,2,NA
1382,2018,Combined,4,4,2,NA
1382,2023,China_Birdwatch,1,1,1,60
1382,2023,Combined,1,1,1,60
1382,2024,China_Birdwatch,3,3,3,1666.6666666666665
1382,2024,Combined,3,3,3,1666.6666666666665
1383,2005,eBird_GBIF,1,1,1,NA
1383,2005,Combined,1,1,1,NA
1383,2008,eBird_GBIF,2,2,1,NA
1383,2008,Combined,2,2,1,NA
1383,2012,eBird_GBIF,1,1,1,NA
1383,2012,Combined,1,1,1,NA
1383,2014,eBird_GBIF,1,1,1,NA
1383,2014,Combined,1,1,1,NA
1383,2015,eBird_GBIF,1,1,1,NA
1383,2015,Combined,1,1,1,NA
1383,2017,eBird_GBIF,1,1,1,NA
1383,2017,Combined,1,1,1,NA
1383,2018,eBird_GBIF,6,6,3,NA
1383,2018,Combined,6,6,3,NA
1383,2019,China_Birdwatch,2,1,2,298.85714285714283
1383,2019,eBird_GBIF,6,3,6,NA
1383,2019,Combined,8,4,8,298.85714285714283
1383,2021,China_Birdwatch,2,2,2,106.04651162790698
1383,2021,eBird_GBIF,2,2,2,NA
1383,2021,Combined,4,4,4,106.04651162790698
1383,2023,China_Birdwatch,6,5,5,415.78125
1383,2023,eBird_GBIF,3,3,3,NA
1383,2023,Combined,9,8,8,415.78125
1383,2024,China_Birdwatch,51,33,29,216.21316165951364
1383,2024,Combined,51,33,29,216.21316165951364
1384,2003,eBird_GBIF,2,1,2,NA
1384,2003,Combined,2,1,2,NA
1384,2007,eBird_GBIF,7,1,7,NA
1384,2007,Combined,7,1,7,NA
1384,2012,China_Birdwatch,1,1,1,240
1384,2012,eBird_GBIF,1,1,1,NA
1384,2012,Combined,2,2,1,240
1384,2013,eBird_GBIF,8,1,8,NA
1384,2013,Combined,8,1,8,NA
1384,2014,eBird_GBIF,1,1,1,NA
1384,2014,Combined,1,1,1,NA
1384,2015,China_Birdwatch,1,1,1,480
1384,2015,Combined,1,1,1,480
1384,2016,eBird_GBIF,1,1,1,NA
1384,2016,Combined,1,1,1,NA
1384,2017,China_Birdwatch,1,1,1,810
1384,2017,eBird_GBIF,2,2,2,NA
1384,2017,Combined,3,3,3,810
1384,2018,eBird_GBIF,6,6,2,NA
1384,2018,Combined,6,6,2,NA
1384,2019,China_Birdwatch,1,1,1,180
1384,2019,Combined,1,1,1,180
1384,2021,China_Birdwatch,1,1,1,60
1384,2021,eBird_GBIF,2,2,2,NA
1384,2021,Combined,3,3,3,60
1384,2022,China_Birdwatch,1,1,1,300
1384,2022,Combined,1,1,1,300
1384,2023,China_Birdwatch,3,3,3,76.8
1384,2023,eBird_GBIF,4,4,3,NA
1384,2023,Combined,7,7,5,76.8
1384,2024,China_Birdwatch,18,11,11,326.8778280542986
1384,2024,Combined,18,11,11,326.8778280542986
1385,2022,eBird_GBIF,1,1,1,NA
1385,2022,Combined,1,1,1,NA
1385,2024,China_Birdwatch,1,1,1,60
1385,2024,Combined,1,1,1,60
1386,2019,eBird_GBIF,2,2,2,NA
1386,2019,Combined,2,2,2,NA
1386,2021,eBird_GBIF,1,1,1,NA
1386,2021,Combined,1,1,1,NA
1393,2023,eBird_GBIF,1,1,1,NA
1393,2023,Combined,1,1,1,NA
1400,2017,eBird_GBIF,2,1,2,NA
1400,2017,Combined,2,1,2,NA
1400,2019,China_Birdwatch,1,1,1,87840
1400,2019,Combined,1,1,1,87840
1400,2021,China_Birdwatch,1,1,1,60
1400,2021,Combined,1,1,1,60
1400,2022,China_Birdwatch,1,1,1,162.35294117647058
1400,2022,eBird_GBIF,1,1,1,NA
1400,2022,Combined,2,2,2,162.35294117647058
1400,2023,China_Birdwatch,1,1,1,60
1400,2023,Combined,1,1,1,60
1400,2024,China_Birdwatch,18,9,15,582.4833948339484
1400,2024,Combined,18,9,15,582.4833948339484
1401,2024,China_Birdwatch,1,1,1,120
1401,2024,Combined,1,1,1,120
1410,2015,China_Birdwatch,1,1,1,0
1410,2015,Combined,1,1,1,0
1412,2023,China_Birdwatch,1,1,1,60
1412,2023,Combined,1,1,1,60
1413,2010,eBird_GBIF,1,1,1,NA
1413,2010,Combined,1,1,1,NA
1413,2018,eBird_GBIF,1,1,1,NA
1413,2018,Combined,1,1,1,NA
1413,2020,eBird_GBIF,2,2,2,NA
1413,2020,Combined,2,2,2,NA
1413,2021,China_Birdwatch,3,3,3,623.0769230769231
1413,2021,Combined,3,3,3,623.0769230769231
1413,2023,China_Birdwatch,7,6,7,438.625
1413,2023,Combined,7,6,7,438.625
1413,2024,China_Birdwatch,11,11,9,306.5217391304348
1413,2024,Combined,11,11,9,306.5217391304348
1414,2012,eBird_GBIF,1,1,1,NA
1414,2012,Combined,1,1,1,NA
1414,2017,eBird_GBIF,2,1,2,NA
1414,2017,Combined,2,1,2,NA
1414,2018,eBird_GBIF,3,1,3,NA
1414,2018,Combined,3,1,3,NA
1414,2019,eBird_GBIF,1,1,1,NA
1414,2019,Combined,1,1,1,NA
1415,2021,China_Birdwatch,1,1,1,120
1415,2021,Combined,1,1,1,120
1415,2022,eBird_GBIF,1,1,1,NA
1415,2022,Combined,1,1,1,NA
1415,2023,China_Birdwatch,5,4,4,913.0909090909091
1415,2023,eBird_GBIF,2,2,2,NA
1415,2023,Combined,7,6,6,913.0909090909091
1415,2024,China_Birdwatch,24,16,15,420.755376344086
1415,2024,Combined,24,16,15,420.755376344086
1416,2015,China_Birdwatch,2,1,2,94
1416,2015,Combined,2,1,2,94
1416,2018,eBird_GBIF,1,1,1,NA
1416,2018,Combined,1,1,1,NA
1416,2019,eBird_GBIF,1,1,1,NA
1416,2019,Combined,1,1,1,NA
1416,2020,China_Birdwatch,3,2,2,115.38461538461539
1416,2020,Combined,3,2,2,115.38461538461539
1416,2021,China_Birdwatch,1,1,1,3226
1416,2021,Combined,1,1,1,3226
1416,2023,China_Birdwatch,7,6,4,116.12328767123286
1416,2023,eBird_GBIF,2,2,1,NA
1416,2023,Combined,9,8,4,116.12328767123286
1416,2024,China_Birdwatch,30,25,19,147.22406639004146
1416,2024,Combined,30,25,19,147.22406639004146
1417,2015,eBird_GBIF,3,1,3,NA
1417,2015,Combined,3,1,3,NA
1417,2018,China_Birdwatch,1,1,1,5160
1417,2018,Combined,1,1,1,5160
1417,2021,China_Birdwatch,2,2,2,5728.235294117647
1417,2021,eBird_GBIF,2,2,1,NA
1417,2021,Combined,4,4,3,5728.235294117647
1417,2022,China_Birdwatch,1,1,1,60
1417,2022,eBird_GBIF,2,2,2,NA
1417,2022,Combined,3,3,3,60
1417,2023,China_Birdwatch,7,3,7,85.27272727272728
1417,2023,eBird_GBIF,2,2,2,NA
1417,2023,Combined,9,5,9,85.27272727272728
1417,2024,China_Birdwatch,16,15,14,266.86163522012583
1417,2024,Combined,16,15,14,266.86163522012583
1418,2017,eBird_GBIF,1,1,1,NA
1418,2017,Combined,1,1,1,NA
1418,2018,eBird_GBIF,1,1,1,NA
1418,2018,Combined,1,1,1,NA
1418,2021,eBird_GBIF,9,1,9,NA
1418,2021,Combined,9,1,9,NA
1418,2023,China_Birdwatch,2,2,2,60
1418,2023,eBird_GBIF,5,4,5,NA
1418,2023,Combined,7,6,7,60
1418,2024,China_Birdwatch,3,2,3,59.666666666666664
1418,2024,Combined,3,2,3,59.666666666666664
1419,2022,China_Birdwatch,1,1,1,60
1419,2022,Combined,1,1,1,60
1419,2024,China_Birdwatch,7,6,7,330.0666666666667
1419,2024,Combined,7,6,7,330.0666666666667
1420,2020,China_Birdwatch,1,1,1,24
1420,2020,Combined,1,1,1,24
1420,2023,China_Birdwatch,3,2,3,240.96774193548387
1420,2023,Combined,3,2,3,240.96774193548387
1420,2024,China_Birdwatch,4,3,4,60
1420,2024,Combined,4,3,4,60
1421,2018,eBird_GBIF,6,2,3,NA
1421,2018,Combined,6,2,3,NA
1421,2022,eBird_GBIF,1,1,1,NA
1421,2022,Combined,1,1,1,NA
1422,2015,eBird_GBIF,1,1,1,NA
1422,2015,Combined,1,1,1,NA
1422,2018,eBird_GBIF,2,2,1,NA
1422,2018,Combined,2,2,1,NA
1422,2021,eBird_GBIF,2,2,2,NA
1422,2021,Combined,2,2,2,NA
1422,2023,eBird_GBIF,1,1,1,NA
1422,2023,Combined,1,1,1,NA
1422,2024,China_Birdwatch,59,13,53,225.78712871287118
1422,2024,Combined,59,13,53,225.78712871287118
1423,2021,eBird_GBIF,2,2,1,NA
1423,2021,Combined,2,2,1,NA
1423,2024,China_Birdwatch,25,6,21,202.069387755102
1423,2024,Combined,25,6,21,202.069387755102
1424,2020,China_Birdwatch,1,1,1,300
1424,2020,Combined,1,1,1,300
1424,2021,China_Birdwatch,1,1,1,180
1424,2021,eBird_GBIF,2,2,2,NA
1424,2021,Combined,3,3,3,180
1424,2022,eBird_GBIF,1,1,1,NA
1424,2022,Combined,1,1,1,NA
1424,2023,China_Birdwatch,7,4,7,211.58041958041957
1424,2023,eBird_GBIF,1,1,1,NA
1424,2023,Combined,8,5,8,211.58041958041957
1424,2024,China_Birdwatch,31,17,25,236.11133200795229
1424,2024,Combined,31,17,25,236.11133200795229
1425,2008,eBird_GBIF,25,1,25,NA
1425,2008,Combined,25,1,25,NA
1425,2009,eBird_GBIF,14,1,14,NA
1425,2009,Combined,14,1,14,NA
1425,2010,eBird_GBIF,1,1,1,NA
1425,2010,Combined,1,1,1,NA
1425,2011,eBird_GBIF,7,2,5,NA
1425,2011,Combined,7,2,5,NA
1425,2012,eBird_GBIF,2,1,2,NA
1425,2012,Combined,2,1,2,NA
1425,2013,eBird_GBIF,39,5,35,NA
1425,2013,Combined,39,5,35,NA
1425,2014,eBird_GBIF,7,2,7,NA
1425,2014,Combined,7,2,7,NA
1425,2015,eBird_GBIF,8,1,8,NA
1425,2015,Combined,8,1,8,NA
1425,2016,eBird_GBIF,17,2,17,NA
1425,2016,Combined,17,2,17,NA
1425,2017,eBird_GBIF,32,3,32,NA
1425,2017,Combined,32,3,32,NA
1425,2018,eBird_GBIF,8,3,8,NA
1425,2018,Combined,8,3,8,NA
1425,2019,China_Birdwatch,1,1,1,240
1425,2019,eBird_GBIF,7,6,7,NA
1425,2019,Combined,8,7,8,240
1425,2020,China_Birdwatch,1,1,1,377
1425,2020,eBird_GBIF,57,8,53,NA
1425,2020,Combined,58,9,54,377
1425,2021,China_Birdwatch,4,4,4,123.21428571428571
1425,2021,eBird_GBIF,203,7,153,NA
1425,2021,Combined,207,11,156,123.21428571428571
1425,2022,China_Birdwatch,17,8,16,845.4112149532714
1425,2022,eBird_GBIF,472,6,297,NA
1425,2022,Combined,489,14,299,845.4112149532714
1425,2023,China_Birdwatch,73,31,67,1454.588599752168
1425,2023,eBird_GBIF,141,17,107,NA
1425,2023,Combined,214,48,149,1454.588599752168
1425,2024,China_Birdwatch,898,134,323,264.1926614987099
1425,2024,Combined,898,134,323,264.1926614987099
1426,2017,eBird_GBIF,3,1,3,NA
1426,2017,Combined,3,1,3,NA
1426,2021,China_Birdwatch,2,2,2,153.75
1426,2021,eBird_GBIF,7,3,4,NA
1426,2021,Combined,9,5,6,153.75
1426,2022,China_Birdwatch,5,3,4,265.8695652173913
1426,2022,eBird_GBIF,7,2,6,NA
1426,2022,Combined,12,5,10,265.8695652173913
1426,2023,China_Birdwatch,18,10,16,258.3236842105264
1426,2023,eBird_GBIF,5,3,3,NA
1426,2023,Combined,23,13,19,258.3236842105264
1426,2024,China_Birdwatch,54,39,37,205.29204693611476
1426,2024,Combined,54,39,37,205.29204693611476
1427,2021,eBird_GBIF,1,1,1,NA
1427,2021,Combined,1,1,1,NA
1427,2022,eBird_GBIF,3,1,3,NA
1427,2022,Combined,3,1,3,NA
1427,2023,China_Birdwatch,1,1,1,60
1427,2023,eBird_GBIF,2,1,2,NA
1427,2023,Combined,3,2,3,60
1427,2024,China_Birdwatch,10,5,10,106.23728813559322
1427,2024,Combined,10,5,10,106.23728813559322
1428,2023,China_Birdwatch,4,3,4,237.5263157894737
1428,2023,Combined,4,3,4,237.5263157894737
1428,2024,China_Birdwatch,11,6,10,78.42857142857143
1428,2024,Combined,11,6,10,78.42857142857143
1429,2015,eBird_GBIF,1,1,1,NA
1429,2015,Combined,1,1,1,NA
1429,2018,eBird_GBIF,6,4,3,NA
1429,2018,Combined,6,4,3,NA
1429,2019,eBird_GBIF,5,3,3,NA
1429,2019,Combined,5,3,3,NA
1429,2021,China_Birdwatch,6,3,6,119.36206896551725
1429,2021,eBird_GBIF,7,2,7,NA
1429,2021,Combined,13,5,10,119.36206896551725
1429,2022,eBird_GBIF,4,2,4,NA
1429,2022,Combined,4,2,4,NA
1429,2023,China_Birdwatch,8,7,7,75.84905660377359
1429,2023,eBird_GBIF,1,1,1,NA
1429,2023,Combined,9,8,8,75.84905660377359
1429,2024,China_Birdwatch,17,13,14,136.49484536082477
1429,2024,Combined,17,13,14,136.49484536082477
1430,2000,eBird_GBIF,2,1,2,NA
1430,2000,Combined,2,1,2,NA
1430,2007,eBird_GBIF,2,2,1,NA
1430,2007,Combined,2,2,1,NA
1430,2009,eBird_GBIF,2,2,2,NA
1430,2009,Combined,2,2,2,NA
1430,2015,eBird_GBIF,2,2,2,NA
1430,2015,Combined,2,2,2,NA
1430,2016,eBird_GBIF,2,2,2,NA
1430,2016,Combined,2,2,2,NA
1430,2018,eBird_GBIF,3,3,3,NA
1430,2018,Combined,3,3,3,NA
1430,2019,eBird_GBIF,5,4,4,NA
1430,2019,Combined,5,4,4,NA
1430,2021,China_Birdwatch,3,3,3,118.89473684210526
1430,2021,eBird_GBIF,1,1,1,NA
1430,2021,Combined,4,4,3,118.89473684210526
1430,2022,China_Birdwatch,2,1,2,60
1430,2022,eBird_GBIF,4,3,4,NA
1430,2022,Combined,6,4,6,60
1430,2023,China_Birdwatch,14,11,12,125.39506172839506
1430,2023,eBird_GBIF,2,2,2,NA
1430,2023,Combined,16,13,14,125.39506172839506
1430,2024,China_Birdwatch,37,31,32,706.688524590164
1430,2024,Combined,37,31,32,706.688524590164
1447,2024,China_Birdwatch,1,1,1,60
1447,2024,Combined,1,1,1,60
1448,2023,China_Birdwatch,1,1,1,155
1448,2023,Combined,1,1,1,155
1448,2024,China_Birdwatch,3,2,3,42.857142857142854
1448,2024,Combined,3,2,3,42.857142857142854
1449,2010,eBird_GBIF,1,1,1,NA
1449,2010,Combined,1,1,1,NA
1449,2014,eBird_GBIF,4,2,2,NA
1449,2014,Combined,4,2,2,NA
1449,2020,eBird_GBIF,10,1,10,NA
1449,2020,Combined,10,1,10,NA
1449,2021,eBird_GBIF,1,1,1,NA
1449,2021,Combined,1,1,1,NA
1449,2022,China_Birdwatch,1,1,1,120
1449,2022,Combined,1,1,1,120
1449,2023,China_Birdwatch,2,2,2,60
1449,2023,eBird_GBIF,1,1,1,NA
1449,2023,Combined,3,3,3,60
1449,2024,China_Birdwatch,20,18,17,142.73544973544975
1449,2024,Combined,20,18,17,142.73544973544975
1450,2023,China_Birdwatch,1,1,1,60
1450,2023,eBird_GBIF,1,1,1,NA
1450,2023,Combined,2,2,2,60
1452,2022,China_Birdwatch,1,1,1,180
1452,2022,Combined,1,1,1,180
1452,2024,China_Birdwatch,4,4,3,124.53968253968254
1452,2024,Combined,4,4,3,124.53968253968254
1453,2005,eBird_GBIF,1,1,1,NA
1453,2005,Combined,1,1,1,NA
1453,2008,eBird_GBIF,2,2,1,NA
1453,2008,Combined,2,2,1,NA
1453,2014,eBird_GBIF,1,1,1,NA
1453,2014,Combined,1,1,1,NA
1453,2015,China_Birdwatch,1,1,1,660
1453,2015,Combined,1,1,1,660
1453,2016,eBird_GBIF,1,1,1,NA
1453,2016,Combined,1,1,1,NA
1453,2018,eBird_GBIF,8,6,4,NA
1453,2018,Combined,8,6,4,NA
1453,2019,eBird_GBIF,3,2,3,NA
1453,2019,Combined,3,2,3,NA
1453,2021,China_Birdwatch,1,1,1,300
1453,2021,eBird_GBIF,1,1,1,NA
1453,2021,Combined,2,2,1,300
1453,2023,China_Birdwatch,3,3,3,46.25
1453,2023,eBird_GBIF,3,3,2,NA
1453,2023,Combined,6,6,4,46.25
1453,2024,China_Birdwatch,20,13,14,538.0625
1453,2024,Combined,20,13,14,538.0625
1454,2016,eBird_GBIF,1,1,1,NA
1454,2016,Combined,1,1,1,NA
1454,2024,China_Birdwatch,1,1,1,60
1454,2024,Combined,1,1,1,60
1455,2005,eBird_GBIF,1,1,1,NA
1455,2005,Combined,1,1,1,NA
1455,2007,eBird_GBIF,2,2,2,NA
1455,2007,Combined,2,2,2,NA
1455,2011,eBird_GBIF,4,2,2,NA
1455,2011,Combined,4,2,2,NA
1455,2012,China_Birdwatch,1,1,1,420
1455,2012,eBird_GBIF,2,2,2,NA
1455,2012,Combined,3,3,2,420
1455,2013,eBird_GBIF,1,1,1,NA
1455,2013,Combined,1,1,1,NA
1455,2017,eBird_GBIF,1,1,1,NA
1455,2017,Combined,1,1,1,NA
1455,2019,eBird_GBIF,1,1,1,NA
1455,2019,Combined,1,1,1,NA
1455,2021,eBird_GBIF,1,1,1,NA
1455,2021,Combined,1,1,1,NA
1455,2023,China_Birdwatch,1,1,1,60
1455,2023,eBird_GBIF,1,1,1,NA
1455,2023,Combined,2,2,2,60
1455,2024,China_Birdwatch,16,14,11,266.1893203883495
1455,2024,Combined,16,14,11,266.1893203883495
1456,2018,eBird_GBIF,6,6,1,NA
1456,2018,Combined,6,6,1,NA
1456,2019,China_Birdwatch,1,1,1,600
1456,2019,eBird_GBIF,5,4,5,NA
1456,2019,Combined,6,5,6,600
1456,2021,China_Birdwatch,1,1,1,60
1456,2021,eBird_GBIF,1,1,1,NA
1456,2021,Combined,2,2,2,60
1456,2023,China_Birdwatch,2,2,2,120.86486486486487
1456,2023,eBird_GBIF,1,1,1,NA
1456,2023,Combined,3,3,3,120.86486486486487
1456,2024,China_Birdwatch,21,19,10,292.3414634146342
1456,2024,Combined,21,19,10,292.3414634146342
1462,2024,China_Birdwatch,1,1,1,60
1462,2024,Combined,1,1,1,60
1465,2013,eBird_GBIF,2,2,1,NA
1465,2013,Combined,2,2,1,NA
1466,2024,China_Birdwatch,1,1,1,760
1466,2024,Combined,1,1,1,760
1468,2024,China_Birdwatch,1,1,1,60
1468,2024,Combined,1,1,1,60
1471,2021,China_Birdwatch,1,1,1,58269
1471,2021,Combined,1,1,1,58269
1471,2023,China_Birdwatch,22,2,22,170.3246753246753
1471,2023,Combined,22,2,22,170.3246753246753
1471,2024,China_Birdwatch,3,2,3,211.9047619047619
1471,2024,Combined,3,2,3,211.9047619047619
1476,2022,China_Birdwatch,2,1,2,60
1476,2022,Combined,2,1,2,60
1476,2023,China_Birdwatch,1,1,1,60
1476,2023,Combined,1,1,1,60
1476,2024,China_Birdwatch,1,1,1,60
1476,2024,Combined,1,1,1,60
1477,2017,eBird_GBIF,1,1,1,NA
1477,2017,Combined,1,1,1,NA
1479,2022,China_Birdwatch,1,1,1,120
1479,2022,Combined,1,1,1,120
1479,2023,China_Birdwatch,1,1,1,60
1479,2023,Combined,1,1,1,60
1480,2024,China_Birdwatch,2,2,2,37.5
1480,2024,Combined,2,2,2,37.5
1481,2010,eBird_GBIF,3,2,3,NA
1481,2010,Combined,3,2,3,NA
1481,2012,eBird_GBIF,1,1,1,NA
1481,2012,Combined,1,1,1,NA
1481,2015,eBird_GBIF,2,1,2,NA
1481,2015,Combined,2,1,2,NA
1481,2017,eBird_GBIF,2,1,2,NA
1481,2017,Combined,2,1,2,NA
1481,2018,eBird_GBIF,2,1,2,NA
1481,2018,Combined,2,1,2,NA
1481,2019,eBird_GBIF,1,1,1,NA
1481,2019,Combined,1,1,1,NA
1481,2021,eBird_GBIF,1,1,1,NA
1481,2021,Combined,1,1,1,NA
1481,2023,China_Birdwatch,1,1,1,180
1481,2023,Combined,1,1,1,180
1481,2024,China_Birdwatch,6,5,5,172.92857142857142
1481,2024,Combined,6,5,5,172.92857142857142
1482,2022,China_Birdwatch,1,1,1,120
1482,2022,Combined,1,1,1,120
1483,2007,eBird_GBIF,1,1,1,NA
1483,2007,Combined,1,1,1,NA
1483,2013,China_Birdwatch,1,1,1,90
1483,2013,Combined,1,1,1,90
1483,2015,eBird_GBIF,2,2,1,NA
1483,2015,Combined,2,2,1,NA
1483,2017,China_Birdwatch,1,1,1,240
1483,2017,Combined,1,1,1,240
1483,2023,China_Birdwatch,1,1,1,60
1483,2023,eBird_GBIF,2,2,2,NA
1483,2023,Combined,3,3,3,60
1483,2024,China_Birdwatch,2,2,2,480
1483,2024,Combined,2,2,2,480
1484,2006,eBird_GBIF,1,1,1,NA
1484,2006,Combined,1,1,1,NA
1484,2007,eBird_GBIF,1,1,1,NA
1484,2007,Combined,1,1,1,NA
1484,2013,China_Birdwatch,1,1,1,30
1484,2013,Combined,1,1,1,30
1484,2016,eBird_GBIF,1,1,1,NA
1484,2016,Combined,1,1,1,NA
1484,2022,eBird_GBIF,2,2,2,NA
1484,2022,Combined,2,2,2,NA
1484,2023,China_Birdwatch,5,3,5,292.8235294117647
1484,2023,eBird_GBIF,1,1,1,NA
1484,2023,Combined,6,4,6,292.8235294117647
1484,2024,China_Birdwatch,58,20,38,328.0809523809524
1484,2024,Combined,58,20,38,328.0809523809524
1485,2017,eBird_GBIF,1,1,1,NA
1485,2017,Combined,1,1,1,NA
1485,2018,eBird_GBIF,1,1,1,NA
1485,2018,Combined,1,1,1,NA
1485,2021,China_Birdwatch,1,1,1,390
1485,2021,Combined,1,1,1,390
1485,2023,China_Birdwatch,4,4,4,89.75
1485,2023,eBird_GBIF,1,1,1,NA
1485,2023,Combined,5,5,5,89.75
1485,2024,China_Birdwatch,17,14,15,87.5
1485,2024,Combined,17,14,15,87.5
1486,2017,eBird_GBIF,1,1,1,NA
1486,2017,Combined,1,1,1,NA
1486,2018,eBird_GBIF,1,1,1,NA
1486,2018,Combined,1,1,1,NA
1486,2019,eBird_GBIF,1,1,1,NA
1486,2019,Combined,1,1,1,NA
1486,2021,eBird_GBIF,1,1,1,NA
1486,2021,Combined,1,1,1,NA
1486,2022,eBird_GBIF,1,1,1,NA
1486,2022,Combined,1,1,1,NA
1486,2023,China_Birdwatch,2,2,2,395.8421052631579
1486,2023,eBird_GBIF,1,1,1,NA
1486,2023,Combined,3,3,3,395.8421052631579
1486,2024,China_Birdwatch,10,10,9,66.54216867469879
1486,2024,Combined,10,10,9,66.54216867469879
1487,2018,eBird_GBIF,2,2,1,NA
1487,2018,Combined,2,2,1,NA
1487,2019,China_Birdwatch,1,1,1,1680
1487,2019,eBird_GBIF,1,1,1,NA
1487,2019,Combined,2,2,2,1680
1487,2020,China_Birdwatch,2,2,1,286.57894736842104
1487,2020,Combined,2,2,1,286.57894736842104
1487,2021,China_Birdwatch,2,2,2,937.5
1487,2021,Combined,2,2,2,937.5
1487,2022,eBird_GBIF,1,1,1,NA
1487,2022,Combined,1,1,1,NA
1487,2023,China_Birdwatch,3,3,3,652.9411764705883
1487,2023,eBird_GBIF,2,2,2,NA
1487,2023,Combined,5,5,5,652.9411764705883
1487,2024,China_Birdwatch,7,7,7,144.5
1487,2024,Combined,7,7,7,144.5
1488,2015,China_Birdwatch,1,1,1,364
1488,2015,Combined,1,1,1,364
1488,2019,eBird_GBIF,2,2,2,NA
1488,2019,Combined,2,2,2,NA
1488,2021,China_Birdwatch,2,1,2,200
1488,2021,eBird_GBIF,2,1,2,NA
1488,2021,Combined,4,2,2,200
1488,2022,eBird_GBIF,3,2,2,NA
1488,2022,Combined,3,2,2,NA
1488,2023,China_Birdwatch,42,31,27,642.2689450222878
1488,2023,eBird_GBIF,29,21,14,NA
1488,2023,Combined,71,52,31,642.2689450222878
1488,2024,China_Birdwatch,201,126,84,361.57916543356043
1488,2024,Combined,201,126,84,361.57916543356043
1489,2010,eBird_GBIF,1,1,1,NA
1489,2010,Combined,1,1,1,NA
1489,2012,China_Birdwatch,1,1,1,240
1489,2012,eBird_GBIF,1,1,1,NA
1489,2012,Combined,2,2,2,240
1489,2017,eBird_GBIF,1,1,1,NA
1489,2017,Combined,1,1,1,NA
1489,2018,eBird_GBIF,3,2,2,NA
1489,2018,Combined,3,2,2,NA
1489,2019,China_Birdwatch,2,2,2,2346327.4
1489,2019,Combined,2,2,2,2346327.4
1489,2020,China_Birdwatch,2,2,2,421.25
1489,2020,eBird_GBIF,3,3,1,NA
1489,2020,Combined,5,5,3,421.25
1489,2021,China_Birdwatch,2,2,2,405
1489,2021,eBird_GBIF,2,2,2,NA
1489,2021,Combined,4,4,3,405
1489,2022,eBird_GBIF,5,4,4,NA
1489,2022,Combined,5,4,4,NA
1489,2023,China_Birdwatch,8,8,8,933
1489,2023,eBird_GBIF,12,9,10,NA
1489,2023,Combined,20,17,15,933
1489,2024,China_Birdwatch,54,48,33,995.249455337689
1489,2024,Combined,54,48,33,995.249455337689
1490,2019,eBird_GBIF,1,1,1,NA
1490,2019,Combined,1,1,1,NA
1490,2024,China_Birdwatch,1,1,1,60
1490,2024,Combined,1,1,1,60
1491,2000,eBird_GBIF,1,1,1,NA
1491,2000,Combined,1,1,1,NA
1491,2011,eBird_GBIF,1,1,1,NA
1491,2011,Combined,1,1,1,NA
1491,2014,eBird_GBIF,1,1,1,NA
1491,2014,Combined,1,1,1,NA
1491,2015,eBird_GBIF,2,2,2,NA
1491,2015,Combined,2,2,2,NA
1491,2019,eBird_GBIF,1,1,1,NA
1491,2019,Combined,1,1,1,NA
1491,2020,eBird_GBIF,1,1,1,NA
1491,2020,Combined,1,1,1,NA
1491,2021,China_Birdwatch,5,3,5,190.18
1491,2021,eBird_GBIF,3,2,3,NA
1491,2021,Combined,8,5,8,190.18
1491,2022,China_Birdwatch,1,1,1,0
1491,2022,eBird_GBIF,1,1,1,NA
1491,2022,Combined,2,2,1,0
1491,2023,China_Birdwatch,2,2,2,386683.8461538461
1491,2023,eBird_GBIF,7,2,7,NA
1491,2023,Combined,9,4,9,386683.8461538461
1491,2024,China_Birdwatch,11,9,11,12344.736842105262
1491,2024,Combined,11,9,11,12344.736842105262
1492,2012,eBird_GBIF,1,1,1,NA
1492,2012,Combined,1,1,1,NA
1492,2020,eBird_GBIF,1,1,1,NA
1492,2020,Combined,1,1,1,NA
1492,2021,China_Birdwatch,1,1,1,131
1492,2021,Combined,1,1,1,131
1492,2024,China_Birdwatch,4,4,4,9932.390243902439
1492,2024,Combined,4,4,4,9932.390243902439
1493,2021,eBird_GBIF,2,2,2,NA
1493,2021,Combined,2,2,2,NA
1493,2022,eBird_GBIF,32,1,32,NA
1493,2022,Combined,32,1,32,NA
1493,2023,eBird_GBIF,6,1,6,NA
1493,2023,Combined,6,1,6,NA
1493,2024,China_Birdwatch,8,5,8,142.1222222222222
1493,2024,Combined,8,5,8,142.1222222222222
1494,2004,eBird_GBIF,1,1,1,NA
1494,2004,Combined,1,1,1,NA
1494,2014,eBird_GBIF,1,1,1,NA
1494,2014,Combined,1,1,1,NA
1494,2016,eBird_GBIF,2,1,2,NA
1494,2016,Combined,2,1,2,NA
1494,2017,eBird_GBIF,1,1,1,NA
1494,2017,Combined,1,1,1,NA
1494,2018,eBird_GBIF,2,1,2,NA
1494,2018,Combined,2,1,2,NA
1494,2019,eBird_GBIF,3,3,3,NA
1494,2019,Combined,3,3,3,NA
1494,2020,eBird_GBIF,2,2,2,NA
1494,2020,Combined,2,2,2,NA
1494,2021,eBird_GBIF,7,4,7,NA
1494,2021,Combined,7,4,7,NA
1494,2022,eBird_GBIF,5,2,5,NA
1494,2022,Combined,5,2,5,NA
1494,2023,China_Birdwatch,6,5,4,73.18461538461538
1494,2023,eBird_GBIF,10,4,9,NA
1494,2023,Combined,16,9,13,73.18461538461538
1494,2024,China_Birdwatch,55,21,51,121.29551451187335
1494,2024,Combined,55,21,51,121.29551451187335
1495,2002,eBird_GBIF,2,2,2,NA
1495,2002,Combined,2,2,2,NA
1495,2011,eBird_GBIF,1,1,1,NA
1495,2011,Combined,1,1,1,NA
1495,2012,eBird_GBIF,1,1,1,NA
1495,2012,Combined,1,1,1,NA
1495,2013,eBird_GBIF,5,1,5,NA
1495,2013,Combined,5,1,5,NA
1495,2014,eBird_GBIF,1,1,1,NA
1495,2014,Combined,1,1,1,NA
1495,2015,eBird_GBIF,76,4,76,NA
1495,2015,Combined,76,4,76,NA
1495,2016,eBird_GBIF,106,1,106,NA
1495,2016,Combined,106,1,106,NA
1495,2017,eBird_GBIF,76,3,74,NA
1495,2017,Combined,76,3,74,NA
1495,2018,China_Birdwatch,3,3,3,1063.3333333333333
1495,2018,eBird_GBIF,89,3,87,NA
1495,2018,Combined,92,6,90,1063.3333333333333
1495,2019,China_Birdwatch,1,1,1,4320
1495,2019,eBird_GBIF,42,2,42,NA
1495,2019,Combined,43,3,43,4320
1495,2020,China_Birdwatch,3,2,3,1078.9024390243903
1495,2020,eBird_GBIF,85,3,85,NA
1495,2020,Combined,88,5,86,1078.9024390243903
1495,2021,China_Birdwatch,1,1,1,540
1495,2021,eBird_GBIF,78,5,74,NA
1495,2021,Combined,79,6,75,540
1495,2022,China_Birdwatch,2,2,2,342.4390243902439
1495,2022,eBird_GBIF,54,4,51,NA
1495,2022,Combined,56,6,53,342.4390243902439
1495,2023,China_Birdwatch,26,19,18,669.0790378006872
1495,2023,eBird_GBIF,19,8,17,NA
1495,2023,Combined,45,27,34,669.0790378006872
1495,2024,China_Birdwatch,58,36,43,350.1676686706749
1495,2024,Combined,58,36,43,350.1676686706749
1496,2015,eBird_GBIF,3,2,3,NA
1496,2015,Combined,3,2,3,NA
1496,2018,eBird_GBIF,3,3,3,NA
1496,2018,Combined,3,3,3,NA
1496,2020,eBird_GBIF,1,1,1,NA
1496,2020,Combined,1,1,1,NA
1496,2021,China_Birdwatch,1,1,1,120
1496,2021,eBird_GBIF,3,1,3,NA
1496,2021,Combined,4,2,4,120
1496,2022,China_Birdwatch,1,1,1,60
1496,2022,eBird_GBIF,5,2,4,NA
1496,2022,Combined,6,3,5,60
1496,2023,China_Birdwatch,5,3,5,169.9029126213592
1496,2023,Combined,5,3,5,169.9029126213592
1496,2024,China_Birdwatch,71,29,58,191.5689045936395
1496,2024,Combined,71,29,58,191.5689045936395
1497,2008,eBird_GBIF,2,1,2,NA
1497,2008,Combined,2,1,2,NA
1497,2009,eBird_GBIF,3,2,3,NA
1497,2009,Combined,3,2,3,NA
1497,2011,eBird_GBIF,4,2,2,NA
1497,2011,Combined,4,2,2,NA
1497,2013,eBird_GBIF,3,2,2,NA
1497,2013,Combined,3,2,2,NA
1497,2014,eBird_GBIF,2,1,2,NA
1497,2014,Combined,2,1,2,NA
1497,2015,eBird_GBIF,17,2,17,NA
1497,2015,Combined,17,2,17,NA
1497,2016,China_Birdwatch,1,1,1,540
1497,2016,Combined,1,1,1,540
1497,2017,eBird_GBIF,1,1,1,NA
1497,2017,Combined,1,1,1,NA
1497,2020,eBird_GBIF,1,1,1,NA
1497,2020,Combined,1,1,1,NA
1497,2021,China_Birdwatch,2,1,2,525758.5
1497,2021,eBird_GBIF,3,2,3,NA
1497,2021,Combined,5,3,3,525758.5
1497,2022,China_Birdwatch,35,1,35,177.9037138927098
1497,2022,eBird_GBIF,89,3,87,NA
1497,2022,Combined,124,4,87,177.9037138927098
1497,2023,China_Birdwatch,9,9,9,976.13698630137
1497,2023,eBird_GBIF,18,3,13,NA
1497,2023,Combined,27,12,21,976.13698630137
1497,2024,China_Birdwatch,79,24,56,178.9103942652331
1497,2024,Combined,79,24,56,178.9103942652331
1498,2008,eBird_GBIF,1,1,1,NA
1498,2008,Combined,1,1,1,NA
1498,2013,eBird_GBIF,3,3,2,NA
1498,2013,Combined,3,3,2,NA
1498,2016,eBird_GBIF,1,1,1,NA
1498,2016,Combined,1,1,1,NA
1498,2020,China_Birdwatch,1,1,1,540
1498,2020,Combined,1,1,1,540
1498,2023,China_Birdwatch,5,5,5,156.20689655172413
1498,2023,eBird_GBIF,6,3,5,NA
1498,2023,Combined,11,8,10,156.20689655172413
1498,2024,China_Birdwatch,23,17,19,2344.515625
1498,2024,Combined,23,17,19,2344.515625
1499,2013,eBird_GBIF,1,1,1,NA
1499,2013,Combined,1,1,1,NA
1499,2023,China_Birdwatch,1,1,1,0
1499,2023,eBird_GBIF,1,1,1,NA
1499,2023,Combined,2,2,2,0
1499,2024,China_Birdwatch,1,1,1,60
1499,2024,Combined,1,1,1,60
1500,2007,China_Birdwatch,2,1,2,2242.258064516129
1500,2007,Combined,2,1,2,2242.258064516129
1500,2014,China_Birdwatch,1,1,1,3180
1500,2014,eBird_GBIF,1,1,1,NA
1500,2014,Combined,2,2,1,3180
1500,2015,eBird_GBIF,1,1,1,NA
1500,2015,Combined,1,1,1,NA
1500,2024,China_Birdwatch,7,6,6,58.113207547169814
1500,2024,Combined,7,6,6,58.113207547169814
1502,2018,eBird_GBIF,2,2,2,NA
1502,2018,Combined,2,2,2,NA
1502,2024,China_Birdwatch,1,1,1,26
1502,2024,Combined,1,1,1,26
1518,2024,China_Birdwatch,2,1,2,282
1518,2024,Combined,2,1,2,282
1520,2021,eBird_GBIF,1,1,1,NA
1520,2021,Combined,1,1,1,NA
1520,2024,China_Birdwatch,3,3,3,60
1520,2024,Combined,3,3,3,60
1521,2014,eBird_GBIF,2,2,1,NA
1521,2014,Combined,2,2,1,NA
1521,2019,eBird_GBIF,2,1,2,NA
1521,2019,Combined,2,1,2,NA
1521,2023,eBird_GBIF,1,1,1,NA
1521,2023,Combined,1,1,1,NA
1521,2024,China_Birdwatch,3,3,2,60
1521,2024,Combined,3,3,2,60
1522,2013,eBird_GBIF,1,1,1,NA
1522,2013,Combined,1,1,1,NA
1522,2014,eBird_GBIF,2,2,1,NA
1522,2014,Combined,2,2,1,NA
1522,2019,eBird_GBIF,2,1,2,NA
1522,2019,Combined,2,1,2,NA
1522,2022,China_Birdwatch,1,1,1,1427
1522,2022,Combined,1,1,1,1427
1522,2023,China_Birdwatch,1,1,1,240
1522,2023,eBird_GBIF,1,1,1,NA
1522,2023,Combined,2,2,2,240
1522,2024,China_Birdwatch,8,7,7,201.6867469879518
1522,2024,Combined,8,7,7,201.6867469879518
1523,2019,eBird_GBIF,1,1,1,NA
1523,2019,Combined,1,1,1,NA
1523,2024,China_Birdwatch,1,1,1,60
1523,2024,Combined,1,1,1,60
1528,2019,China_Birdwatch,1,1,1,8
1528,2019,Combined,1,1,1,8
1528,2024,China_Birdwatch,3,3,1,241.875
1528,2024,Combined,3,3,1,241.875
1529,2019,eBird_GBIF,2,1,2,NA
1529,2019,Combined,2,1,2,NA
1529,2024,China_Birdwatch,1,1,1,60
1529,2024,Combined,1,1,1,60
1533,2024,China_Birdwatch,3,2,2,1545.7142857142858
1533,2024,Combined,3,2,2,1545.7142857142858
1535,2007,eBird_GBIF,1,1,1,NA
1535,2007,Combined,1,1,1,NA
1535,2023,eBird_GBIF,1,1,1,NA
1535,2023,Combined,1,1,1,NA
1536,2007,eBird_GBIF,1,1,1,NA
1536,2007,Combined,1,1,1,NA
1536,2015,China_Birdwatch,1,1,1,0
1536,2015,eBird_GBIF,1,1,1,NA
1536,2015,Combined,2,2,1,0
1536,2019,eBird_GBIF,3,3,3,NA
1536,2019,Combined,3,3,3,NA
1536,2022,eBird_GBIF,2,2,1,NA
1536,2022,Combined,2,2,1,NA
1536,2023,China_Birdwatch,3,3,3,307.1578947368421
1536,2023,eBird_GBIF,1,1,1,NA
1536,2023,Combined,4,4,4,307.1578947368421
1536,2024,China_Birdwatch,1,1,1,7
1536,2024,Combined,1,1,1,7
1537,2012,eBird_GBIF,1,1,1,NA
1537,2012,Combined,1,1,1,NA
1537,2015,eBird_GBIF,1,1,1,NA
1537,2015,Combined,1,1,1,NA
1538,2019,eBird_GBIF,1,1,1,NA
1538,2019,Combined,1,1,1,NA
1538,2022,China_Birdwatch,1,1,1,60
1538,2022,Combined,1,1,1,60
1538,2023,China_Birdwatch,2,2,2,73.33333333333333
1538,2023,eBird_GBIF,4,1,4,NA
1538,2023,Combined,6,3,6,73.33333333333333
1538,2024,China_Birdwatch,4,4,3,96.92307692307692
1538,2024,Combined,4,4,3,96.92307692307692
1539,2017,China_Birdwatch,1,1,1,27
1539,2017,Combined,1,1,1,27
1539,2019,China_Birdwatch,1,1,1,1095840
1539,2019,Combined,1,1,1,1095840
1539,2020,eBird_GBIF,2,2,1,NA
1539,2020,Combined,2,2,1,NA
1539,2024,China_Birdwatch,1,1,1,60
1539,2024,Combined,1,1,1,60
1540,2011,eBird_GBIF,2,1,2,NA
1540,2011,Combined,2,1,2,NA
1540,2021,China_Birdwatch,1,1,1,367
1540,2021,Combined,1,1,1,367
1540,2023,China_Birdwatch,2,1,2,1998.235294117647
1540,2023,Combined,2,1,2,1998.235294117647
1540,2024,China_Birdwatch,3,2,3,60
1540,2024,Combined,3,2,3,60
1542,2023,China_Birdwatch,2,1,2,197.58620689655172
1542,2023,Combined,2,1,2,197.58620689655172
1542,2024,China_Birdwatch,5,2,5,106.43478260869566
1542,2024,Combined,5,2,5,106.43478260869566
1549,2024,China_Birdwatch,1,1,1,320
1549,2024,Combined,1,1,1,320
1550,2017,eBird_GBIF,1,1,1,NA
1550,2017,Combined,1,1,1,NA
1550,2023,China_Birdwatch,1,1,1,60
1550,2023,eBird_GBIF,4,1,4,NA
1550,2023,Combined,5,2,5,60
1550,2024,China_Birdwatch,14,7,13,89.85806451612903
1550,2024,Combined,14,7,13,89.85806451612903
1551,2007,eBird_GBIF,1,1,1,NA
1551,2007,Combined,1,1,1,NA
1551,2013,eBird_GBIF,1,1,1,NA
1551,2013,Combined,1,1,1,NA
1551,2017,eBird_GBIF,2,1,2,NA
1551,2017,Combined,2,1,2,NA
1551,2018,China_Birdwatch,1,1,1,17400
1551,2018,Combined,1,1,1,17400
1551,2020,China_Birdwatch,2,1,2,288.8888888888889
1551,2020,Combined,2,1,2,288.8888888888889
1551,2023,China_Birdwatch,2,2,2,55.125
1551,2023,eBird_GBIF,1,1,1,NA
1551,2023,Combined,3,3,3,55.125
1551,2024,China_Birdwatch,30,6,22,160.7164179104478
1551,2024,Combined,30,6,22,160.7164179104478
1552,2023,China_Birdwatch,1,1,1,60
1552,2023,Combined,1,1,1,60
1552,2024,China_Birdwatch,4,4,3,60
1552,2024,Combined,4,4,3,60
1553,2013,eBird_GBIF,1,1,1,NA
1553,2013,Combined,1,1,1,NA
1553,2014,China_Birdwatch,2,2,2,2231.6447368421054
1553,2014,Combined,2,2,2,2231.6447368421054
1553,2015,China_Birdwatch,1,1,1,540
1553,2015,eBird_GBIF,1,1,1,NA
1553,2015,Combined,2,2,2,540
1553,2017,eBird_GBIF,1,1,1,NA
1553,2017,Combined,1,1,1,NA
1553,2019,eBird_GBIF,1,1,1,NA
1553,2019,Combined,1,1,1,NA
1553,2021,China_Birdwatch,1,1,1,450
1553,2021,eBird_GBIF,2,2,2,NA
1553,2021,Combined,3,3,3,450
1553,2023,China_Birdwatch,3,3,3,264.75
1553,2023,Combined,3,3,3,264.75
1553,2024,China_Birdwatch,25,15,22,926.9100257069412
1553,2024,Combined,25,15,22,926.9100257069412
1554,2013,China_Birdwatch,1,1,1,120
1554,2013,Combined,1,1,1,120
1554,2016,eBird_GBIF,1,1,1,NA
1554,2016,Combined,1,1,1,NA
1554,2017,China_Birdwatch,3,1,3,167.76315789473685
1554,2017,eBird_GBIF,2,1,2,NA
1554,2017,Combined,5,2,5,167.76315789473685
1554,2018,eBird_GBIF,8,3,5,NA
1554,2018,Combined,8,3,5,NA
1554,2019,China_Birdwatch,1,1,1,172
1554,2019,eBird_GBIF,3,1,3,NA
1554,2019,Combined,4,2,4,172
1554,2021,China_Birdwatch,1,1,1,60
1554,2021,eBird_GBIF,6,2,6,NA
1554,2021,Combined,7,3,7,60
1554,2022,China_Birdwatch,1,1,1,180
1554,2022,Combined,1,1,1,180
1554,2023,China_Birdwatch,3,2,3,162.16216216216216
1554,2023,eBird_GBIF,13,7,9,NA
1554,2023,Combined,16,9,12,162.16216216216216
1554,2024,China_Birdwatch,29,19,28,113.18660287081337
1554,2024,Combined,29,19,28,113.18660287081337
1555,2006,eBird_GBIF,1,1,1,NA
1555,2006,Combined,1,1,1,NA
1555,2019,eBird_GBIF,1,1,1,NA
1555,2019,Combined,1,1,1,NA
1555,2022,eBird_GBIF,3,3,3,NA
1555,2022,Combined,3,3,3,NA
1555,2023,China_Birdwatch,7,4,7,89
1555,2023,Combined,7,4,7,89
1555,2024,China_Birdwatch,10,9,9,146.95187165775397
1555,2024,Combined,10,9,9,146.95187165775397
1556,2006,eBird_GBIF,1,1,1,NA
1556,2006,Combined,1,1,1,NA
1556,2007,eBird_GBIF,2,2,2,NA
1556,2007,Combined,2,2,2,NA
1556,2008,eBird_GBIF,1,1,1,NA
1556,2008,Combined,1,1,1,NA
1556,2011,eBird_GBIF,1,1,1,NA
1556,2011,Combined,1,1,1,NA
1556,2014,eBird_GBIF,1,1,1,NA
1556,2014,Combined,1,1,1,NA
1556,2015,eBird_GBIF,7,3,4,NA
1556,2015,Combined,7,3,4,NA
1556,2016,eBird_GBIF,1,1,1,NA
1556,2016,Combined,1,1,1,NA
1556,2017,eBird_GBIF,1,1,1,NA
1556,2017,Combined,1,1,1,NA
1556,2018,eBird_GBIF,5,3,4,NA
1556,2018,Combined,5,3,4,NA
1556,2019,eBird_GBIF,1,1,1,NA
1556,2019,Combined,1,1,1,NA
1556,2020,China_Birdwatch,1,1,1,67
1556,2020,eBird_GBIF,4,2,4,NA
1556,2020,Combined,5,3,5,67
1556,2021,China_Birdwatch,5,1,5,89.65517241379311
1556,2021,eBird_GBIF,2,1,2,NA
1556,2021,Combined,7,2,7,89.65517241379311
1556,2022,China_Birdwatch,3,2,3,56167.055555555555
1556,2022,Combined,3,2,3,56167.055555555555
1556,2023,China_Birdwatch,48,17,45,16455.935211267613
1556,2023,eBird_GBIF,4,4,4,NA
1556,2023,Combined,52,21,49,16455.935211267613
1556,2024,China_Birdwatch,407,55,246,186.00972991108836
1556,2024,Combined,407,55,246,186.00972991108836
1557,2013,China_Birdwatch,1,1,1,60
1557,2013,Combined,1,1,1,60
1557,2015,eBird_GBIF,2,1,2,NA
1557,2015,Combined,2,1,2,NA
1557,2018,eBird_GBIF,1,1,1,NA
1557,2018,Combined,1,1,1,NA
1557,2024,China_Birdwatch,13,10,10,152.86826347305387
1557,2024,Combined,13,10,10,152.86826347305387
1558,2016,eBird_GBIF,1,1,1,NA
1558,2016,Combined,1,1,1,NA
1558,2018,eBird_GBIF,1,1,1,NA
1558,2018,Combined,1,1,1,NA
1558,2021,China_Birdwatch,1,1,1,120
1558,2021,Combined,1,1,1,120
1558,2022,China_Birdwatch,1,1,1,120
1558,2022,eBird_GBIF,1,1,1,NA
1558,2022,Combined,2,2,2,120
1558,2023,China_Birdwatch,9,8,8,179.47916666666669
1558,2023,Combined,9,8,8,179.47916666666669
1558,2024,China_Birdwatch,15,11,14,132.10294117647058
1558,2024,Combined,15,11,14,132.10294117647058
1559,2012,eBird_GBIF,1,1,1,NA
1559,2012,Combined,1,1,1,NA
1559,2018,eBird_GBIF,1,1,1,NA
1559,2018,Combined,1,1,1,NA
1559,2021,China_Birdwatch,3,2,3,338.1818181818182
1559,2021,eBird_GBIF,2,1,2,NA
1559,2021,Combined,5,3,3,338.1818181818182
1559,2023,China_Birdwatch,4,3,4,13494.309090909092
1559,2023,eBird_GBIF,2,2,2,NA
1559,2023,Combined,6,5,6,13494.309090909092
1559,2024,China_Birdwatch,9,9,9,69.76744186046511
1559,2024,Combined,9,9,9,69.76744186046511
1560,2002,eBird_GBIF,7,7,4,NA
1560,2002,Combined,7,7,4,NA
1560,2003,eBird_GBIF,2,1,2,NA
1560,2003,Combined,2,1,2,NA
1560,2005,China_Birdwatch,1,1,1,420
1560,2005,Combined,1,1,1,420
1560,2006,China_Birdwatch,1,1,1,81
1560,2006,eBird_GBIF,2,2,2,NA
1560,2006,Combined,3,3,3,81
1560,2007,China_Birdwatch,1,1,1,120
1560,2007,eBird_GBIF,5,3,5,NA
1560,2007,Combined,6,4,6,120
1560,2008,China_Birdwatch,2,2,2,710.3731343283582
1560,2008,eBird_GBIF,7,7,7,NA
1560,2008,Combined,9,9,8,710.3731343283582
1560,2009,China_Birdwatch,1,1,1,360
1560,2009,eBird_GBIF,24,11,19,NA
1560,2009,Combined,25,12,19,360
1560,2010,eBird_GBIF,22,11,18,NA
1560,2010,Combined,22,11,18,NA
1560,2011,eBird_GBIF,16,13,14,NA
1560,2011,Combined,16,13,14,NA
1560,2012,China_Birdwatch,2,1,2,457.5
1560,2012,eBird_GBIF,17,14,15,NA
1560,2012,Combined,19,15,15,457.5
1560,2013,China_Birdwatch,3,2,3,542.8571428571429
1560,2013,eBird_GBIF,28,17,24,NA
1560,2013,Combined,31,19,26,542.8571428571429
1560,2014,China_Birdwatch,3,2,3,1025.8536585365853
1560,2014,eBird_GBIF,22,13,15,NA
1560,2014,Combined,25,15,18,1025.8536585365853
1560,2015,China_Birdwatch,2,2,2,1157702.275
1560,2015,eBird_GBIF,31,18,17,NA
1560,2015,Combined,33,20,19,1157702.275
1560,2016,China_Birdwatch,6,3,6,655.0485436893204
1560,2016,eBird_GBIF,55,33,31,NA
1560,2016,Combined,61,36,35,655.0485436893204
1560,2017,China_Birdwatch,2,1,2,686.0869565217391
1560,2017,eBird_GBIF,70,49,35,NA
1560,2017,Combined,72,50,36,686.0869565217391
1560,2018,China_Birdwatch,14,7,13,432.6061643835616
1560,2018,eBird_GBIF,216,80,88,NA
1560,2018,Combined,230,87,94,432.6061643835616
1560,2019,China_Birdwatch,20,12,16,1418.126232741617
1560,2019,eBird_GBIF,276,88,105,NA
1560,2019,Combined,296,100,106,1418.126232741617
1560,2020,China_Birdwatch,56,27,39,485.2338779019778
1560,2020,eBird_GBIF,259,83,123,NA
1560,2020,Combined,315,110,134,485.2338779019778
1560,2021,China_Birdwatch,79,37,60,64470.20048661795
1560,2021,eBird_GBIF,206,84,90,NA
1560,2021,Combined,285,121,116,64470.20048661795
1560,2022,China_Birdwatch,197,73,116,561.1276676829265
1560,2022,eBird_GBIF,262,84,109,NA
1560,2022,Combined,459,157,159,561.1276676829265
1560,2023,China_Birdwatch,404,175,147,709.0255732607804
1560,2023,eBird_GBIF,299,116,120,NA
1560,2023,Combined,703,291,183,709.0255732607804
1560,2024,China_Birdwatch,1153,570,215,326.483731840192
1560,2024,Combined,1153,570,215,326.483731840192
1561,2000,eBird_GBIF,5,5,4,NA
1561,2000,Combined,5,5,4,NA
1561,2001,eBird_GBIF,5,5,5,NA
1561,2001,Combined,5,5,5,NA
1561,2002,eBird_GBIF,12,12,10,NA
1561,2002,Combined,12,12,10,NA
1561,2003,eBird_GBIF,1,1,1,NA
1561,2003,Combined,1,1,1,NA
1561,2004,eBird_GBIF,11,11,10,NA
1561,2004,Combined,11,11,10,NA
1561,2005,eBird_GBIF,12,12,12,NA
1561,2005,Combined,12,12,12,NA
1561,2006,China_Birdwatch,2,1,2,269.6666666666667
1561,2006,eBird_GBIF,4,4,4,NA
1561,2006,Combined,6,5,6,269.6666666666667
1561,2007,China_Birdwatch,1,1,1,90
1561,2007,eBird_GBIF,21,20,17,NA
1561,2007,Combined,22,21,18,90
1561,2008,China_Birdwatch,1,1,1,524
1561,2008,eBird_GBIF,16,16,12,NA
1561,2008,Combined,17,17,13,524
1561,2009,China_Birdwatch,1,1,1,144
1561,2009,eBird_GBIF,27,24,25,NA
1561,2009,Combined,28,25,26,144
1561,2010,eBird_GBIF,33,24,29,NA
1561,2010,Combined,33,24,29,NA
1561,2011,eBird_GBIF,25,23,23,NA
1561,2011,Combined,25,23,23,NA
1561,2012,China_Birdwatch,1,1,1,660
1561,2012,eBird_GBIF,30,27,24,NA
1561,2012,Combined,31,28,25,660
1561,2013,eBird_GBIF,16,15,14,NA
1561,2013,Combined,16,15,14,NA
1561,2014,China_Birdwatch,2,2,2,25.3125
1561,2014,eBird_GBIF,38,31,33,NA
1561,2014,Combined,40,33,35,25.3125
1561,2015,China_Birdwatch,1,1,1,0
1561,2015,eBird_GBIF,41,38,31,NA
1561,2015,Combined,42,39,32,0
1561,2016,China_Birdwatch,1,1,1,0
1561,2016,eBird_GBIF,54,42,35,NA
1561,2016,Combined,55,43,35,0
1561,2017,China_Birdwatch,2,1,2,381.8181818181818
1561,2017,eBird_GBIF,109,78,75,NA
1561,2017,Combined,111,79,77,381.8181818181818
1561,2018,China_Birdwatch,2,2,2,511.15384615384613
1561,2018,eBird_GBIF,248,79,127,NA
1561,2018,Combined,250,81,128,511.15384615384613
1561,2019,China_Birdwatch,20,4,20,661.914705882353
1561,2019,eBird_GBIF,170,91,110,NA
1561,2019,Combined,190,95,112,661.914705882353
1561,2020,China_Birdwatch,20,10,20,2709.1970802919727
1561,2020,eBird_GBIF,210,59,103,NA
1561,2020,Combined,230,69,111,2709.1970802919727
1561,2021,China_Birdwatch,124,34,96,310.81283950617205
1561,2021,eBird_GBIF,198,64,123,NA
1561,2021,Combined,322,98,178,310.81283950617205
1561,2022,China_Birdwatch,191,56,122,280.9626779530587
1561,2022,eBird_GBIF,274,73,158,NA
1561,2022,Combined,465,129,222,280.9626779530587
1561,2023,China_Birdwatch,390,137,199,1032.820076877579
1561,2023,eBird_GBIF,272,99,156,NA
1561,2023,Combined,662,236,271,1032.820076877579
1561,2024,China_Birdwatch,1003,353,298,246.6302394268825
1561,2024,Combined,1003,353,298,246.6302394268825
1562,2001,eBird_GBIF,1,1,1,NA
1562,2001,Combined,1,1,1,NA
1562,2002,eBird_GBIF,6,4,6,NA
1562,2002,Combined,6,4,6,NA
1562,2003,eBird_GBIF,4,3,4,NA
1562,2003,Combined,4,3,4,NA
1562,2004,eBird_GBIF,8,5,7,NA
1562,2004,Combined,8,5,7,NA
1562,2005,eBird_GBIF,5,3,5,NA
1562,2005,Combined,5,3,5,NA
1562,2006,eBird_GBIF,2,2,2,NA
1562,2006,Combined,2,2,2,NA
1562,2007,eBird_GBIF,6,5,6,NA
1562,2007,Combined,6,5,6,NA
1562,2008,eBird_GBIF,8,6,7,NA
1562,2008,Combined,8,6,7,NA
1562,2009,eBird_GBIF,7,7,7,NA
1562,2009,Combined,7,7,7,NA
1562,2010,eBird_GBIF,10,9,9,NA
1562,2010,Combined,10,9,9,NA
1562,2011,eBird_GBIF,10,6,9,NA
1562,2011,Combined,10,6,9,NA
1562,2012,eBird_GBIF,7,6,6,NA
1562,2012,Combined,7,6,6,NA
1562,2013,eBird_GBIF,24,15,20,NA
1562,2013,Combined,24,15,20,NA
1562,2014,China_Birdwatch,2,1,2,672
1562,2014,eBird_GBIF,50,22,41,NA
1562,2014,Combined,52,23,43,672
1562,2015,China_Birdwatch,2,2,2,70.81967213114756
1562,2015,eBird_GBIF,67,31,41,NA
1562,2015,Combined,69,33,42,70.81967213114756
1562,2016,China_Birdwatch,1,1,1,0
1562,2016,eBird_GBIF,53,28,36,NA
1562,2016,Combined,54,29,36,0
1562,2017,China_Birdwatch,2,2,2,596.6666666666667
1562,2017,eBird_GBIF,69,28,22,NA
1562,2017,Combined,71,30,23,596.6666666666667
1562,2018,China_Birdwatch,3,2,3,1596.9464285714287
1562,2018,eBird_GBIF,97,30,37,NA
1562,2018,Combined,100,32,38,1596.9464285714287
1562,2019,China_Birdwatch,2,2,2,357.14285714285717
1562,2019,eBird_GBIF,83,36,44,NA
1562,2019,Combined,85,38,45,357.14285714285717
1562,2020,China_Birdwatch,16,9,15,833.1568123393323
1562,2020,eBird_GBIF,122,47,75,NA
1562,2020,Combined,138,56,84,833.1568123393323
1562,2021,China_Birdwatch,26,19,22,520.0637329286795
1562,2021,eBird_GBIF,89,43,53,NA
1562,2021,Combined,115,62,67,520.0637329286795
1562,2022,China_Birdwatch,131,49,83,341.1343564889603
1562,2022,eBird_GBIF,187,67,94,NA
1562,2022,Combined,318,116,134,341.1343564889603
1562,2023,China_Birdwatch,149,97,80,665.7955777151544
1562,2023,eBird_GBIF,124,61,82,NA
1562,2023,Combined,273,158,132,665.7955777151544
1562,2024,China_Birdwatch,583,305,195,304.1284824178204
1562,2024,Combined,583,305,195,304.1284824178204
1563,2014,eBird_GBIF,2,1,2,NA
1563,2014,Combined,2,1,2,NA
1563,2015,eBird_GBIF,1,1,1,NA
1563,2015,Combined,1,1,1,NA
1563,2019,eBird_GBIF,1,1,1,NA
1563,2019,Combined,1,1,1,NA
1563,2024,China_Birdwatch,6,5,6,119.0625
1563,2024,Combined,6,5,6,119.0625
1564,2012,eBird_GBIF,1,1,1,NA
1564,2012,Combined,1,1,1,NA
1564,2013,eBird_GBIF,3,3,1,NA
1564,2013,Combined,3,3,1,NA
1564,2014,eBird_GBIF,1,1,1,NA
1564,2014,Combined,1,1,1,NA
1564,2015,eBird_GBIF,1,1,1,NA
1564,2015,Combined,1,1,1,NA
1564,2017,eBird_GBIF,8,8,4,NA
1564,2017,Combined,8,8,4,NA
1564,2019,eBird_GBIF,2,2,2,NA
1564,2019,Combined,2,2,2,NA
1564,2021,eBird_GBIF,1,1,1,NA
1564,2021,Combined,1,1,1,NA
1564,2022,eBird_GBIF,13,1,13,NA
1564,2022,Combined,13,1,13,NA
1564,2023,eBird_GBIF,3,1,3,NA
1564,2023,Combined,3,1,3,NA
1564,2024,China_Birdwatch,11,11,8,119.4478527607362
1564,2024,Combined,11,11,8,119.4478527607362
1565,2021,eBird_GBIF,3,1,3,NA
1565,2021,Combined,3,1,3,NA
1565,2022,China_Birdwatch,1,1,1,60
1565,2022,eBird_GBIF,30,1,30,NA
1565,2022,Combined,31,2,31,60
1565,2023,China_Birdwatch,1,1,1,60
1565,2023,eBird_GBIF,5,1,5,NA
1565,2023,Combined,6,2,6,60
1565,2024,China_Birdwatch,1,1,1,60
1565,2024,Combined,1,1,1,60
1566,2018,eBird_GBIF,1,1,1,NA
1566,2018,Combined,1,1,1,NA
1566,2021,eBird_GBIF,1,1,1,NA
1566,2021,Combined,1,1,1,NA
1566,2023,eBird_GBIF,1,1,1,NA
1566,2023,Combined,1,1,1,NA
1566,2024,China_Birdwatch,24,8,24,123.12796208530806
1566,2024,Combined,24,8,24,123.12796208530806
1567,2016,eBird_GBIF,2,1,2,NA
1567,2016,Combined,2,1,2,NA
1567,2017,eBird_GBIF,3,2,3,NA
1567,2017,Combined,3,2,3,NA
1567,2018,eBird_GBIF,5,2,5,NA
1567,2018,Combined,5,2,5,NA
1567,2019,eBird_GBIF,3,2,3,NA
1567,2019,Combined,3,2,3,NA
1567,2020,eBird_GBIF,1,1,1,NA
1567,2020,Combined,1,1,1,NA
1567,2021,eBird_GBIF,14,8,10,NA
1567,2021,Combined,14,8,10,NA
1567,2022,eBird_GBIF,1,1,1,NA
1567,2022,Combined,1,1,1,NA
1567,2023,China_Birdwatch,7,7,5,423.67549668874176
1567,2023,eBird_GBIF,2,2,2,NA
1567,2023,Combined,9,9,7,423.67549668874176
1567,2024,China_Birdwatch,53,14,39,371.6799999999999
1567,2024,Combined,53,14,39,371.6799999999999
1568,2017,eBird_GBIF,2,1,2,NA
1568,2017,Combined,2,1,2,NA
1568,2018,eBird_GBIF,4,2,4,NA
1568,2018,Combined,4,2,4,NA
1568,2019,China_Birdwatch,1,1,1,120
1568,2019,eBird_GBIF,1,1,1,NA
1568,2019,Combined,2,2,2,120
1568,2020,eBird_GBIF,3,1,3,NA
1568,2020,Combined,3,1,3,NA
1568,2021,eBird_GBIF,2,2,2,NA
1568,2021,Combined,2,2,2,NA
1568,2023,China_Birdwatch,6,3,6,206.4406779661017
1568,2023,Combined,6,3,6,206.4406779661017
1568,2024,China_Birdwatch,26,13,25,817.4253521126739
1568,2024,Combined,26,13,25,817.4253521126739
1569,2011,eBird_GBIF,2,1,2,NA
1569,2011,Combined,2,1,2,NA
1569,2021,eBird_GBIF,1,1,1,NA
1569,2021,Combined,1,1,1,NA
1569,2024,China_Birdwatch,3,3,3,225
1569,2024,Combined,3,3,3,225
1570,2009,eBird_GBIF,2,2,1,NA
1570,2009,Combined,2,2,1,NA
1570,2012,eBird_GBIF,1,1,1,NA
1570,2012,Combined,1,1,1,NA
1570,2013,eBird_GBIF,1,1,1,NA
1570,2013,Combined,1,1,1,NA
1570,2020,China_Birdwatch,2,1,2,239.375
1570,2020,Combined,2,1,2,239.375
1570,2021,China_Birdwatch,11,1,11,135.3921568627451
1570,2021,eBird_GBIF,1,1,1,NA
1570,2021,Combined,12,2,12,135.3921568627451
1570,2023,China_Birdwatch,15,3,15,203.37974683544303
1570,2023,Combined,15,3,15,203.37974683544303
1570,2024,China_Birdwatch,24,9,20,117.54237288135593
1570,2024,Combined,24,9,20,117.54237288135593
1571,2024,China_Birdwatch,4,2,4,75
1571,2024,Combined,4,2,4,75
1586,2012,China_Birdwatch,1,1,1,300
1586,2012,Combined,1,1,1,300
1586,2022,China_Birdwatch,1,1,1,60
1586,2022,Combined,1,1,1,60
1586,2023,China_Birdwatch,1,1,1,60
1586,2023,Combined,1,1,1,60
1586,2024,China_Birdwatch,5,4,5,440
1586,2024,Combined,5,4,5,440
1587,2012,China_Birdwatch,1,1,1,300
1587,2012,Combined,1,1,1,300
1587,2020,eBird_GBIF,1,1,1,NA
1587,2020,Combined,1,1,1,NA
1587,2022,China_Birdwatch,2,2,2,138
1587,2022,Combined,2,2,2,138
1587,2023,China_Birdwatch,2,1,2,257.6470588235294
1587,2023,Combined,2,1,2,257.6470588235294
1587,2024,China_Birdwatch,3,3,3,399.1304347826087
1587,2024,Combined,3,3,3,399.1304347826087
1588,2007,eBird_GBIF,3,1,3,NA
1588,2007,Combined,3,1,3,NA
1588,2013,eBird_GBIF,2,2,1,NA
1588,2013,Combined,2,2,1,NA
1588,2019,eBird_GBIF,1,1,1,NA
1588,2019,Combined,1,1,1,NA
1588,2021,eBird_GBIF,2,2,2,NA
1588,2021,Combined,2,2,2,NA
1588,2023,China_Birdwatch,1,1,1,164
1588,2023,Combined,1,1,1,164
1588,2024,China_Birdwatch,5,5,5,133.75
1588,2024,Combined,5,5,5,133.75
1589,2005,eBird_GBIF,3,1,3,NA
1589,2005,Combined,3,1,3,NA
1589,2023,eBird_GBIF,1,1,1,NA
1589,2023,Combined,1,1,1,NA
1589,2024,China_Birdwatch,1,1,1,20
1589,2024,Combined,1,1,1,20
1590,2023,China_Birdwatch,1,1,1,15
1590,2023,eBird_GBIF,2,1,2,NA
1590,2023,Combined,3,2,3,15
1590,2024,China_Birdwatch,4,3,3,166.45569620253167
1590,2024,Combined,4,3,3,166.45569620253167
1591,2013,eBird_GBIF,2,2,2,NA
1591,2013,Combined,2,2,2,NA
1591,2022,China_Birdwatch,1,1,1,60
1591,2022,Combined,1,1,1,60
1591,2023,China_Birdwatch,1,1,1,60
1591,2023,eBird_GBIF,2,1,2,NA
1591,2023,Combined,3,2,3,60
1591,2024,China_Birdwatch,7,5,7,147.10309278350513
1591,2024,Combined,7,5,7,147.10309278350513
1592,2021,eBird_GBIF,1,1,1,NA
1592,2021,Combined,1,1,1,NA
1592,2022,China_Birdwatch,2,2,1,82.38461538461539
1592,2022,Combined,2,2,1,82.38461538461539
1592,2023,China_Birdwatch,1,1,1,60
1592,2023,Combined,1,1,1,60
1592,2024,China_Birdwatch,1,1,1,300
1592,2024,Combined,1,1,1,300
1593,2023,China_Birdwatch,2,2,2,583.8095238095239
1593,2023,Combined,2,2,2,583.8095238095239
1594,2019,eBird_GBIF,2,2,2,NA
1594,2019,Combined,2,2,2,NA
1594,2023,eBird_GBIF,1,1,1,NA
1594,2023,Combined,1,1,1,NA
1594,2024,China_Birdwatch,1,1,1,2881
1594,2024,Combined,1,1,1,2881
1597,2020,eBird_GBIF,1,1,1,NA
1597,2020,Combined,1,1,1,NA
1599,2021,eBird_GBIF,1,1,1,NA
1599,2021,Combined,1,1,1,NA
1602,2015,eBird_GBIF,1,1,1,NA
1602,2015,Combined,1,1,1,NA
1602,2019,eBird_GBIF,4,2,4,NA
1602,2019,Combined,4,2,4,NA
1608,2017,China_Birdwatch,1,1,1,240
1608,2017,Combined,1,1,1,240
1608,2019,eBird_GBIF,2,2,2,NA
1608,2019,Combined,2,2,2,NA
1608,2023,China_Birdwatch,3,3,3,76.5
1608,2023,eBird_GBIF,1,1,1,NA
1608,2023,Combined,4,4,4,76.5
1608,2024,China_Birdwatch,5,5,5,127.05882352941177
1608,2024,Combined,5,5,5,127.05882352941177
1609,2000,eBird_GBIF,1,1,1,NA
1609,2000,Combined,1,1,1,NA
1609,2004,eBird_GBIF,1,1,1,NA
1609,2004,Combined,1,1,1,NA
1609,2007,eBird_GBIF,5,3,5,NA
1609,2007,Combined,5,3,5,NA
1609,2011,eBird_GBIF,3,1,3,NA
1609,2011,Combined,3,1,3,NA
1609,2012,eBird_GBIF,4,4,4,NA
1609,2012,Combined,4,4,4,NA
1609,2013,eBird_GBIF,4,2,2,NA
1609,2013,Combined,4,2,2,NA
1609,2018,eBird_GBIF,2,1,2,NA
1609,2018,Combined,2,1,2,NA
1609,2019,eBird_GBIF,7,5,7,NA
1609,2019,Combined,7,5,7,NA
1609,2020,China_Birdwatch,1,1,1,90
1609,2020,eBird_GBIF,4,3,4,NA
1609,2020,Combined,5,4,4,90
1609,2021,China_Birdwatch,2,1,2,150
1609,2021,eBird_GBIF,3,3,2,NA
1609,2021,Combined,5,4,4,150
1609,2022,China_Birdwatch,1,1,1,60
1609,2022,eBird_GBIF,1,1,1,NA
1609,2022,Combined,2,2,2,60
1609,2023,China_Birdwatch,15,12,14,356.2222222222223
1609,2023,eBird_GBIF,10,6,9,NA
1609,2023,Combined,25,18,23,356.2222222222223
1609,2024,China_Birdwatch,26,19,26,117.86301369863017
1609,2024,Combined,26,19,26,117.86301369863017
1610,2000,eBird_GBIF,1,1,1,NA
1610,2000,Combined,1,1,1,NA
1610,2015,China_Birdwatch,1,1,1,0
1610,2015,eBird_GBIF,1,1,1,NA
1610,2015,Combined,2,2,1,0
1610,2020,eBird_GBIF,1,1,1,NA
1610,2020,Combined,1,1,1,NA
1610,2023,China_Birdwatch,2,2,2,161.71428571428572
1610,2023,eBird_GBIF,2,1,2,NA
1610,2023,Combined,4,3,4,161.71428571428572
1610,2024,China_Birdwatch,3,3,3,261.53846153846155
1610,2024,Combined,3,3,3,261.53846153846155
1611,2024,China_Birdwatch,1,1,1,540
1611,2024,Combined,1,1,1,540
1612,2023,China_Birdwatch,1,1,1,5
1612,2023,Combined,1,1,1,5
1612,2024,China_Birdwatch,5,1,5,357.3913043478261
1612,2024,Combined,5,1,5,357.3913043478261
1613,2007,eBird_GBIF,1,1,1,NA
1613,2007,Combined,1,1,1,NA
1613,2012,eBird_GBIF,2,2,2,NA
1613,2012,Combined,2,2,2,NA
1613,2015,China_Birdwatch,1,1,1,0
1613,2015,eBird_GBIF,1,1,1,NA
1613,2015,Combined,2,2,1,0
1613,2018,eBird_GBIF,1,1,1,NA
1613,2018,Combined,1,1,1,NA
1613,2019,eBird_GBIF,3,3,2,NA
1613,2019,Combined,3,3,2,NA
1613,2020,eBird_GBIF,1,1,1,NA
1613,2020,Combined,1,1,1,NA
1613,2023,China_Birdwatch,3,3,3,64.61538461538461
1613,2023,eBird_GBIF,2,2,2,NA
1613,2023,Combined,5,5,5,64.61538461538461
1613,2024,China_Birdwatch,16,13,15,114.20481927710844
1613,2024,Combined,16,13,15,114.20481927710844
1614,2019,eBird_GBIF,1,1,1,NA
1614,2019,Combined,1,1,1,NA
1614,2023,China_Birdwatch,3,3,2,793.875
1614,2023,Combined,3,3,2,793.875
1614,2024,China_Birdwatch,7,7,4,98.81889763779525
1614,2024,Combined,7,7,4,98.81889763779525
1616,2021,eBird_GBIF,1,1,1,NA
1616,2021,Combined,1,1,1,NA
1617,2024,China_Birdwatch,1,1,1,2760
1617,2024,Combined,1,1,1,2760
1618,2007,eBird_GBIF,3,1,3,NA
1618,2007,Combined,3,1,3,NA
1618,2024,China_Birdwatch,1,1,1,60
1618,2024,Combined,1,1,1,60
1619,2024,China_Birdwatch,2,1,2,60
1619,2024,Combined,2,1,2,60
1620,2006,eBird_GBIF,1,1,1,NA
1620,2006,Combined,1,1,1,NA
1620,2022,eBird_GBIF,6,4,3,NA
1620,2022,Combined,6,4,3,NA
1620,2024,China_Birdwatch,4,3,3,574.4765625
1620,2024,Combined,4,3,3,574.4765625
1621,2024,China_Birdwatch,1,1,1,74
1621,2024,Combined,1,1,1,74
1622,2019,eBird_GBIF,1,1,1,NA
1622,2019,Combined,1,1,1,NA
1622,2021,China_Birdwatch,1,1,1,480
1622,2021,eBird_GBIF,1,1,1,NA
1622,2021,Combined,2,2,2,480
1622,2023,China_Birdwatch,2,2,2,60
1622,2023,Combined,2,2,2,60
1622,2024,China_Birdwatch,71,17,57,169.5442114858705
1622,2024,Combined,71,17,57,169.5442114858705
1623,2023,China_Birdwatch,1,1,1,60
1623,2023,Combined,1,1,1,60
1623,2024,China_Birdwatch,1,1,1,60
1623,2024,Combined,1,1,1,60
1624,2013,eBird_GBIF,1,1,1,NA
1624,2013,Combined,1,1,1,NA
1624,2024,China_Birdwatch,2,1,2,60
1624,2024,Combined,2,1,2,60
1625,2014,China_Birdwatch,2,1,2,0
1625,2014,Combined,2,1,2,0
1625,2015,eBird_GBIF,2,1,2,NA
1625,2015,Combined,2,1,2,NA
1625,2019,eBird_GBIF,1,1,1,NA
1625,2019,Combined,1,1,1,NA
1625,2023,China_Birdwatch,3,3,3,89.0909090909091
1625,2023,Combined,3,3,3,89.0909090909091
1625,2024,China_Birdwatch,3,3,2,196.6265060240964
1625,2024,Combined,3,3,2,196.6265060240964
1626,2006,eBird_GBIF,1,1,1,NA
1626,2006,Combined,1,1,1,NA
1626,2016,eBird_GBIF,3,1,3,NA
1626,2016,Combined,3,1,3,NA
1626,2017,eBird_GBIF,6,2,6,NA
1626,2017,Combined,6,2,6,NA
1626,2018,eBird_GBIF,2,1,2,NA
1626,2018,Combined,2,1,2,NA
1626,2019,eBird_GBIF,6,1,6,NA
1626,2019,Combined,6,1,6,NA
1626,2023,China_Birdwatch,4,3,4,173.76190476190476
1626,2023,Combined,4,3,4,173.76190476190476
1626,2024,China_Birdwatch,12,7,10,101.03225806451614
1626,2024,Combined,12,7,10,101.03225806451614
1627,2019,eBird_GBIF,4,1,4,NA
1627,2019,Combined,4,1,4,NA
1627,2021,China_Birdwatch,1,1,1,60
1627,2021,Combined,1,1,1,60
1627,2023,China_Birdwatch,1,1,1,60
1627,2023,Combined,1,1,1,60
1627,2024,China_Birdwatch,5,5,3,225.47368421052633
1627,2024,Combined,5,5,3,225.47368421052633
1628,2024,China_Birdwatch,1,1,1,60
1628,2024,Combined,1,1,1,60
1629,2002,eBird_GBIF,1,1,1,NA
1629,2002,Combined,1,1,1,NA
1629,2007,eBird_GBIF,2,2,2,NA
1629,2007,Combined,2,2,2,NA
1629,2013,China_Birdwatch,1,1,1,90
1629,2013,Combined,1,1,1,90
1629,2014,eBird_GBIF,2,2,2,NA
1629,2014,Combined,2,2,2,NA
1629,2015,eBird_GBIF,1,1,1,NA
1629,2015,Combined,1,1,1,NA
1629,2016,eBird_GBIF,2,2,2,NA
1629,2016,Combined,2,2,2,NA
1629,2017,China_Birdwatch,1,1,1,189
1629,2017,eBird_GBIF,1,1,1,NA
1629,2017,Combined,2,2,1,189
1629,2018,eBird_GBIF,2,2,2,NA
1629,2018,Combined,2,2,2,NA
1629,2019,eBird_GBIF,1,1,1,NA
1629,2019,Combined,1,1,1,NA
1629,2020,China_Birdwatch,3,3,3,1799.5384615384614
1629,2020,eBird_GBIF,3,3,2,NA
1629,2020,Combined,6,6,5,1799.5384615384614
1629,2021,China_Birdwatch,1,1,1,150
1629,2021,eBird_GBIF,1,1,1,NA
1629,2021,Combined,2,2,2,150
1629,2022,eBird_GBIF,3,3,3,NA
1629,2022,Combined,3,3,3,NA
1629,2023,China_Birdwatch,7,7,7,82.32558139534883
1629,2023,eBird_GBIF,8,8,7,NA
1629,2023,Combined,15,15,13,82.32558139534883
1629,2024,China_Birdwatch,37,32,30,116.32075471698113
1629,2024,Combined,37,32,30,116.32075471698113
1630,2007,eBird_GBIF,2,2,2,NA
1630,2007,Combined,2,2,2,NA
1630,2012,eBird_GBIF,1,1,1,NA
1630,2012,Combined,1,1,1,NA
1630,2013,China_Birdwatch,1,1,1,60
1630,2013,Combined,1,1,1,60
1630,2015,eBird_GBIF,3,2,3,NA
1630,2015,Combined,3,2,3,NA
1630,2016,eBird_GBIF,4,3,4,NA
1630,2016,Combined,4,3,4,NA
1630,2017,eBird_GBIF,1,1,1,NA
1630,2017,Combined,1,1,1,NA
1630,2018,eBird_GBIF,3,2,3,NA
1630,2018,Combined,3,2,3,NA
1630,2020,China_Birdwatch,1,1,1,300
1630,2020,eBird_GBIF,2,2,2,NA
1630,2020,Combined,3,3,3,300
1630,2021,China_Birdwatch,2,1,2,96.8
1630,2021,eBird_GBIF,4,2,4,NA
1630,2021,Combined,6,3,6,96.8
1630,2023,China_Birdwatch,23,13,23,126.69945355191257
1630,2023,eBird_GBIF,9,8,9,NA
1630,2023,Combined,32,21,31,126.69945355191257
1630,2024,China_Birdwatch,123,66,101,251.15898141775597
1630,2024,Combined,123,66,101,251.15898141775597
1631,2017,eBird_GBIF,2,1,2,NA
1631,2017,Combined,2,1,2,NA
1631,2020,China_Birdwatch,1,1,1,60
1631,2020,Combined,1,1,1,60
1631,2023,China_Birdwatch,2,2,2,210
1631,2023,eBird_GBIF,3,2,3,NA
1631,2023,Combined,5,4,5,210
1631,2024,China_Birdwatch,20,12,19,143.57723577235768
1631,2024,Combined,20,12,19,143.57723577235768
1632,2001,eBird_GBIF,2,1,2,NA
1632,2001,Combined,2,1,2,NA
1632,2002,eBird_GBIF,1,1,1,NA
1632,2002,Combined,1,1,1,NA
1632,2003,eBird_GBIF,2,2,2,NA
1632,2003,Combined,2,2,2,NA
1632,2005,China_Birdwatch,1,1,1,360
1632,2005,eBird_GBIF,3,2,3,NA
1632,2005,Combined,4,3,4,360
1632,2006,eBird_GBIF,1,1,1,NA
1632,2006,Combined,1,1,1,NA
1632,2007,eBird_GBIF,1,1,1,NA
1632,2007,Combined,1,1,1,NA
1632,2008,eBird_GBIF,2,2,2,NA
1632,2008,Combined,2,2,2,NA
1632,2009,eBird_GBIF,3,2,3,NA
1632,2009,Combined,3,2,3,NA
1632,2010,eBird_GBIF,5,4,5,NA
1632,2010,Combined,5,4,5,NA
1632,2011,China_Birdwatch,1,1,1,1740
1632,2011,Combined,1,1,1,1740
1632,2012,China_Birdwatch,1,1,1,480
1632,2012,eBird_GBIF,14,10,11,NA
1632,2012,Combined,15,11,11,480
1632,2013,China_Birdwatch,3,2,3,169.85714285714283
1632,2013,eBird_GBIF,17,12,16,NA
1632,2013,Combined,20,14,19,169.85714285714283
1632,2014,China_Birdwatch,3,2,3,591.4285714285714
1632,2014,eBird_GBIF,37,15,26,NA
1632,2014,Combined,40,17,27,591.4285714285714
1632,2015,China_Birdwatch,1,1,1,480
1632,2015,eBird_GBIF,33,25,23,NA
1632,2015,Combined,34,26,24,480
1632,2016,China_Birdwatch,4,1,4,166.56976744186048
1632,2016,eBird_GBIF,57,28,25,NA
1632,2016,Combined,61,29,25,166.56976744186048
1632,2017,China_Birdwatch,5,3,4,487.1818181818182
1632,2017,eBird_GBIF,51,30,33,NA
1632,2017,Combined,56,33,35,487.1818181818182
1632,2018,China_Birdwatch,11,7,10,562.6211180124221
1632,2018,eBird_GBIF,146,59,74,NA
1632,2018,Combined,157,66,80,562.6211180124221
1632,2019,China_Birdwatch,15,11,13,529.8779661016948
1632,2019,eBird_GBIF,171,70,90,NA
1632,2019,Combined,186,81,96,529.8779661016948
1632,2020,China_Birdwatch,19,13,17,425.50402144772113
1632,2020,eBird_GBIF,198,63,96,NA
1632,2020,Combined,217,76,101,425.50402144772113
1632,2021,China_Birdwatch,48,30,41,12201.210585585603
1632,2021,eBird_GBIF,180,70,93,NA
1632,2021,Combined,228,100,112,12201.210585585603
1632,2022,China_Birdwatch,86,51,55,24593.210561949927
1632,2022,eBird_GBIF,167,60,85,NA
1632,2022,Combined,253,111,110,24593.210561949927
1632,2023,China_Birdwatch,250,119,105,386.88623103850654
1632,2023,eBird_GBIF,248,94,103,NA
1632,2023,Combined,498,213,150,386.88623103850654
1632,2024,China_Birdwatch,563,332,180,444.4339735297036
1632,2024,Combined,563,332,180,444.4339735297036
1633,2000,eBird_GBIF,19,14,19,NA
1633,2000,Combined,19,14,19,NA
1633,2001,eBird_GBIF,20,10,20,NA
1633,2001,Combined,20,10,20,NA
1633,2002,China_Birdwatch,1,1,1,120
1633,2002,eBird_GBIF,64,36,39,NA
1633,2002,Combined,65,37,39,120
1633,2003,eBird_GBIF,14,8,14,NA
1633,2003,Combined,14,8,14,NA
1633,2004,China_Birdwatch,1,1,1,5
1633,2004,eBird_GBIF,52,32,44,NA
1633,2004,Combined,53,33,45,5
1633,2005,China_Birdwatch,1,1,1,120
1633,2005,eBird_GBIF,30,22,30,NA
1633,2005,Combined,31,23,31,120
1633,2006,China_Birdwatch,3,2,3,253.95348837209303
1633,2006,eBird_GBIF,44,30,40,NA
1633,2006,Combined,47,32,43,253.95348837209303
1633,2007,China_Birdwatch,2,2,2,216.25
1633,2007,eBird_GBIF,72,47,50,NA
1633,2007,Combined,74,49,52,216.25
1633,2008,China_Birdwatch,3,2,3,731.5
1633,2008,eBird_GBIF,62,43,54,NA
1633,2008,Combined,65,45,56,731.5
1633,2009,eBird_GBIF,117,61,94,NA
1633,2009,Combined,117,61,94,NA
1633,2010,China_Birdwatch,2,2,2,527.1428571428571
1633,2010,eBird_GBIF,155,57,127,NA
1633,2010,Combined,157,59,128,527.1428571428571
1633,2011,China_Birdwatch,2,2,2,232.75
1633,2011,eBird_GBIF,144,64,114,NA
1633,2011,Combined,146,66,116,232.75
1633,2012,China_Birdwatch,8,1,8,22172.2037037037
1633,2012,eBird_GBIF,256,87,170,NA
1633,2012,Combined,264,88,173,22172.2037037037
1633,2013,China_Birdwatch,35,4,35,579354.9289099524
1633,2013,eBird_GBIF,271,91,181,NA
1633,2013,Combined,306,95,190,579354.9289099524
1633,2014,China_Birdwatch,47,5,47,981.8538461538463
1633,2014,eBird_GBIF,355,103,215,NA
1633,2014,Combined,402,108,229,981.8538461538463
1633,2015,China_Birdwatch,44,6,43,764749.551724138
1633,2015,eBird_GBIF,376,115,209,NA
1633,2015,Combined,420,121,225,764749.551724138
1633,2016,China_Birdwatch,29,6,28,912.0552763819096
1633,2016,eBird_GBIF,490,147,243,NA
1633,2016,Combined,519,153,251,912.0552763819096
1633,2017,China_Birdwatch,51,16,49,359074.56572769955
1633,2017,eBird_GBIF,987,212,311,NA
1633,2017,Combined,1038,228,317,359074.56572769955
1633,2018,China_Birdwatch,55,17,53,1284.7641921397385
1633,2018,eBird_GBIF,1638,271,334,NA
1633,2018,Combined,1693,288,339,1284.7641921397385
1633,2019,China_Birdwatch,157,36,122,108774.6941580757
1633,2019,eBird_GBIF,1802,324,352,NA
1633,2019,Combined,1959,360,354,108774.6941580757
1633,2020,China_Birdwatch,423,50,232,14351.604012465874
1633,2020,eBird_GBIF,2360,186,357,NA
1633,2020,Combined,2783,236,361,14351.604012465874
1633,2021,China_Birdwatch,1425,121,338,7703.599646692335
1633,2021,eBird_GBIF,3155,222,362,NA
1633,2021,Combined,4580,343,363,7703.599646692335
1633,2022,China_Birdwatch,2955,188,358,5633.147211117613
1633,2022,eBird_GBIF,3526,218,355,NA
1633,2022,Combined,6481,406,364,5633.147211117613
1633,2023,China_Birdwatch,5454,534,362,1395.7065400133993
1633,2023,eBird_GBIF,4205,407,365,NA
1633,2023,Combined,9659,941,365,1395.7065400133993
1633,2024,China_Birdwatch,23049,2212,365,542.5275269177769
1633,2024,Combined,23049,2212,365,542.5275269177769
1634,2005,eBird_GBIF,1,1,1,NA
1634,2005,Combined,1,1,1,NA
1634,2008,eBird_GBIF,1,1,1,NA
1634,2008,Combined,1,1,1,NA
1634,2009,eBird_GBIF,1,1,1,NA
1634,2009,Combined,1,1,1,NA
1634,2010,eBird_GBIF,3,2,3,NA
1634,2010,Combined,3,2,3,NA
1634,2011,eBird_GBIF,1,1,1,NA
1634,2011,Combined,1,1,1,NA
1634,2013,China_Birdwatch,2,2,2,459633.9130434783
1634,2013,eBird_GBIF,4,3,4,NA
1634,2013,Combined,6,5,6,459633.9130434783
1634,2014,eBird_GBIF,8,2,8,NA
1634,2014,Combined,8,2,8,NA
1634,2015,eBird_GBIF,5,3,5,NA
1634,2015,Combined,5,3,5,NA
1634,2016,eBird_GBIF,9,5,8,NA
1634,2016,Combined,9,5,8,NA
1634,2017,China_Birdwatch,1,1,1,0
1634,2017,eBird_GBIF,14,3,14,NA
1634,2017,Combined,15,4,15,0
1634,2018,China_Birdwatch,2,2,2,420
1634,2018,eBird_GBIF,15,6,15,NA
1634,2018,Combined,17,8,17,420
1634,2019,eBird_GBIF,32,14,29,NA
1634,2019,Combined,32,14,29,NA
1634,2020,China_Birdwatch,3,3,3,305
1634,2020,eBird_GBIF,31,12,23,NA
1634,2020,Combined,34,15,26,305
1634,2021,China_Birdwatch,9,8,9,426.2096774193548
1634,2021,eBird_GBIF,38,14,31,NA
1634,2021,Combined,47,22,38,426.2096774193548
1634,2022,China_Birdwatch,72,25,57,210.3391123439666
1634,2022,eBird_GBIF,68,25,43,NA
1634,2022,Combined,140,50,82,210.3391123439666
1634,2023,China_Birdwatch,142,66,91,329.464673020051
1634,2023,eBird_GBIF,81,39,58,NA
1634,2023,Combined,223,105,127,329.464673020051
1634,2024,China_Birdwatch,746,253,263,464.47353576572505
1634,2024,Combined,746,253,263,464.47353576572505
1635,2005,eBird_GBIF,1,1,1,NA
1635,2005,Combined,1,1,1,NA
1635,2007,eBird_GBIF,1,1,1,NA
1635,2007,Combined,1,1,1,NA
1635,2008,eBird_GBIF,1,1,1,NA
1635,2008,Combined,1,1,1,NA
1635,2013,eBird_GBIF,1,1,1,NA
1635,2013,Combined,1,1,1,NA
1635,2017,eBird_GBIF,1,1,1,NA
1635,2017,Combined,1,1,1,NA
1635,2019,eBird_GBIF,1,1,1,NA
1635,2019,Combined,1,1,1,NA
1635,2020,China_Birdwatch,2,1,2,73.8
1635,2020,Combined,2,1,2,73.8
1635,2021,China_Birdwatch,2,1,2,240
1635,2021,eBird_GBIF,1,1,1,NA
1635,2021,Combined,3,2,3,240
1635,2022,China_Birdwatch,1,1,1,10560
1635,2022,Combined,1,1,1,10560
1635,2023,China_Birdwatch,8,7,7,19319.736263736264
1635,2023,eBird_GBIF,3,3,2,NA
1635,2023,Combined,11,10,9,19319.736263736264
1635,2024,China_Birdwatch,45,20,38,115.45827439886843
1635,2024,Combined,45,20,38,115.45827439886843
1636,2000,eBird_GBIF,2,1,2,NA
1636,2000,Combined,2,1,2,NA
1636,2001,eBird_GBIF,2,1,2,NA
1636,2001,Combined,2,1,2,NA
1636,2002,eBird_GBIF,7,4,7,NA
1636,2002,Combined,7,4,7,NA
1636,2004,eBird_GBIF,1,1,1,NA
1636,2004,Combined,1,1,1,NA
1636,2005,eBird_GBIF,10,3,6,NA
1636,2005,Combined,10,3,6,NA
1636,2007,eBird_GBIF,9,5,7,NA
1636,2007,Combined,9,5,7,NA
1636,2008,eBird_GBIF,12,8,6,NA
1636,2008,Combined,12,8,6,NA
1636,2009,eBird_GBIF,14,8,7,NA
1636,2009,Combined,14,8,7,NA
1636,2010,eBird_GBIF,8,5,8,NA
1636,2010,Combined,8,5,8,NA
1636,2011,eBird_GBIF,6,4,6,NA
1636,2011,Combined,6,4,6,NA
1636,2012,eBird_GBIF,9,4,8,NA
1636,2012,Combined,9,4,8,NA
1636,2013,eBird_GBIF,4,4,2,NA
1636,2013,Combined,4,4,2,NA
1636,2014,eBird_GBIF,9,4,9,NA
1636,2014,Combined,9,4,9,NA
1636,2015,eBird_GBIF,2,2,2,NA
1636,2015,Combined,2,2,2,NA
1636,2016,eBird_GBIF,4,2,3,NA
1636,2016,Combined,4,2,3,NA
1636,2017,China_Birdwatch,1,1,1,60
1636,2017,eBird_GBIF,7,5,7,NA
1636,2017,Combined,8,6,8,60
1636,2018,eBird_GBIF,4,1,4,NA
1636,2018,Combined,4,1,4,NA
1636,2019,China_Birdwatch,1,1,1,30
1636,2019,eBird_GBIF,14,7,12,NA
1636,2019,Combined,15,8,13,30
1636,2020,eBird_GBIF,7,2,7,NA
1636,2020,Combined,7,2,7,NA
1636,2021,China_Birdwatch,2,2,2,15946.181818181818
1636,2021,eBird_GBIF,4,4,3,NA
1636,2021,Combined,6,6,5,15946.181818181818
1636,2022,eBird_GBIF,1,1,1,NA
1636,2022,Combined,1,1,1,NA
1636,2023,China_Birdwatch,4,4,4,87.14285714285714
1636,2023,eBird_GBIF,11,7,11,NA
1636,2023,Combined,15,11,15,87.14285714285714
1636,2024,China_Birdwatch,58,34,46,353.47051886792394
1636,2024,Combined,58,34,46,353.47051886792394
1637,2000,eBird_GBIF,3,1,3,NA
1637,2000,Combined,3,1,3,NA
1637,2001,eBird_GBIF,1,1,1,NA
1637,2001,Combined,1,1,1,NA
1637,2002,eBird_GBIF,3,3,3,NA
1637,2002,Combined,3,3,3,NA
1637,2003,eBird_GBIF,1,1,1,NA
1637,2003,Combined,1,1,1,NA
1637,2004,eBird_GBIF,4,3,4,NA
1637,2004,Combined,4,3,4,NA
1637,2005,eBird_GBIF,11,6,9,NA
1637,2005,Combined,11,6,9,NA
1637,2006,eBird_GBIF,8,1,8,NA
1637,2006,Combined,8,1,8,NA
1637,2007,eBird_GBIF,25,6,24,NA
1637,2007,Combined,25,6,24,NA
1637,2008,China_Birdwatch,1,1,1,480
1637,2008,eBird_GBIF,35,9,26,NA
1637,2008,Combined,36,10,27,480
1637,2009,eBird_GBIF,15,4,15,NA
1637,2009,Combined,15,4,15,NA
1637,2010,eBird_GBIF,16,4,14,NA
1637,2010,Combined,16,4,14,NA
1637,2011,eBird_GBIF,17,6,14,NA
1637,2011,Combined,17,6,14,NA
1637,2012,eBird_GBIF,14,6,13,NA
1637,2012,Combined,14,6,13,NA
1637,2013,eBird_GBIF,13,8,10,NA
1637,2013,Combined,13,8,10,NA
1637,2014,eBird_GBIF,6,5,6,NA
1637,2014,Combined,6,5,6,NA
1637,2015,eBird_GBIF,5,4,5,NA
1637,2015,Combined,5,4,5,NA
1637,2016,eBird_GBIF,3,3,3,NA
1637,2016,Combined,3,3,3,NA
1637,2017,China_Birdwatch,1,1,1,60
1637,2017,eBird_GBIF,12,9,8,NA
1637,2017,Combined,13,10,9,60
1637,2018,eBird_GBIF,5,5,5,NA
1637,2018,Combined,5,5,5,NA
1637,2019,China_Birdwatch,4,3,4,90.83333333333333
1637,2019,eBird_GBIF,16,10,9,NA
1637,2019,Combined,20,13,12,90.83333333333333
1637,2020,eBird_GBIF,2,2,2,NA
1637,2020,Combined,2,2,2,NA
1637,2021,China_Birdwatch,2,2,2,174.4
1637,2021,eBird_GBIF,3,3,3,NA
1637,2021,Combined,5,5,5,174.4
1637,2022,China_Birdwatch,66,2,65,95.40476190476188
1637,2022,eBird_GBIF,2,2,2,NA
1637,2022,Combined,68,4,67,95.40476190476188
1637,2023,China_Birdwatch,130,7,116,262.52440191387427
1637,2023,eBird_GBIF,7,5,7,NA
1637,2023,Combined,137,12,122,262.52440191387427
1637,2024,China_Birdwatch,188,70,117,146.6972644376899
1637,2024,Combined,188,70,117,146.6972644376899
1639,2008,eBird_GBIF,2,2,1,NA
1639,2008,Combined,2,2,1,NA
1639,2010,eBird_GBIF,1,1,1,NA
1639,2010,Combined,1,1,1,NA
1639,2012,eBird_GBIF,4,1,4,NA
1639,2012,Combined,4,1,4,NA
1639,2013,eBird_GBIF,1,1,1,NA
1639,2013,Combined,1,1,1,NA
1639,2014,eBird_GBIF,2,1,2,NA
1639,2014,Combined,2,1,2,NA
1639,2015,eBird_GBIF,7,2,6,NA
1639,2015,Combined,7,2,6,NA
1639,2016,eBird_GBIF,1,1,1,NA
1639,2016,Combined,1,1,1,NA
1639,2019,China_Birdwatch,2,2,2,120
1639,2019,Combined,2,2,2,120
1639,2022,China_Birdwatch,1,1,1,480
1639,2022,Combined,1,1,1,480
1639,2023,China_Birdwatch,2,2,2,232.85714285714286
1639,2023,eBird_GBIF,3,3,2,NA
1639,2023,Combined,5,5,4,232.85714285714286
1639,2024,China_Birdwatch,28,12,26,179.7334801762114
1639,2024,Combined,28,12,26,179.7334801762114
1640,2007,eBird_GBIF,1,1,1,NA
1640,2007,Combined,1,1,1,NA
1640,2016,eBird_GBIF,2,2,2,NA
1640,2016,Combined,2,2,2,NA
1640,2021,eBird_GBIF,5,1,5,NA
1640,2021,Combined,5,1,5,NA
1640,2022,eBird_GBIF,7,2,7,NA
1640,2022,Combined,7,2,7,NA
1640,2023,China_Birdwatch,3,3,3,2152.5
1640,2023,eBird_GBIF,6,1,6,NA
1640,2023,Combined,9,4,8,2152.5
1640,2024,China_Birdwatch,7,4,5,79.61538461538461
1640,2024,Combined,7,4,5,79.61538461538461
1641,2004,eBird_GBIF,5,1,5,NA
1641,2004,Combined,5,1,5,NA
1641,2010,eBird_GBIF,10,1,10,NA
1641,2010,Combined,10,1,10,NA
1641,2014,eBird_GBIF,3,1,3,NA
1641,2014,Combined,3,1,3,NA
1641,2016,eBird_GBIF,1,1,1,NA
1641,2016,Combined,1,1,1,NA
1641,2020,China_Birdwatch,2,1,2,30
1641,2020,eBird_GBIF,2,1,2,NA
1641,2020,Combined,4,2,4,30
1641,2022,China_Birdwatch,2,1,2,202.61904761904762
1641,2022,Combined,2,1,2,202.61904761904762
1641,2024,China_Birdwatch,14,11,13,93.60645161290321
1641,2024,Combined,14,11,13,93.60645161290321
1642,2009,eBird_GBIF,1,1,1,NA
1642,2009,Combined,1,1,1,NA
1642,2012,eBird_GBIF,1,1,1,NA
1642,2012,Combined,1,1,1,NA
1642,2018,eBird_GBIF,3,3,2,NA
1642,2018,Combined,3,3,2,NA
1642,2019,China_Birdwatch,1,1,1,120
1642,2019,Combined,1,1,1,120
1642,2023,China_Birdwatch,2,2,1,60
1642,2023,eBird_GBIF,1,1,1,NA
1642,2023,Combined,3,3,2,60
1642,2024,China_Birdwatch,36,24,9,66.72407407407407
1642,2024,Combined,36,24,9,66.72407407407407
1658,2022,China_Birdwatch,1,1,1,60
1658,2022,Combined,1,1,1,60
1658,2024,China_Birdwatch,4,4,4,119.11111111111111
1658,2024,Combined,4,4,4,119.11111111111111
1659,2004,eBird_GBIF,1,1,1,NA
1659,2004,Combined,1,1,1,NA
1659,2011,eBird_GBIF,2,2,1,NA
1659,2011,Combined,2,2,1,NA
1659,2012,China_Birdwatch,1,1,1,60
1659,2012,Combined,1,1,1,60
1659,2019,eBird_GBIF,1,1,1,NA
1659,2019,Combined,1,1,1,NA
1659,2022,China_Birdwatch,2,2,2,97.66666666666667
1659,2022,Combined,2,2,2,97.66666666666667
1659,2023,China_Birdwatch,1,1,1,60
1659,2023,eBird_GBIF,4,4,2,NA
1659,2023,Combined,5,5,3,60
1659,2024,China_Birdwatch,21,20,14,112.83478260869569
1659,2024,Combined,21,20,14,112.83478260869569
1660,2000,eBird_GBIF,1,1,1,NA
1660,2000,Combined,1,1,1,NA
1660,2001,eBird_GBIF,1,1,1,NA
1660,2001,Combined,1,1,1,NA
1660,2004,eBird_GBIF,1,1,1,NA
1660,2004,Combined,1,1,1,NA
1660,2007,eBird_GBIF,2,2,2,NA
1660,2007,Combined,2,2,2,NA
1660,2010,eBird_GBIF,1,1,1,NA
1660,2010,Combined,1,1,1,NA
1660,2011,eBird_GBIF,9,5,6,NA
1660,2011,Combined,9,5,6,NA
1660,2012,China_Birdwatch,2,1,2,596.8831168831169
1660,2012,eBird_GBIF,2,2,2,NA
1660,2012,Combined,4,3,4,596.8831168831169
1660,2013,eBird_GBIF,3,3,2,NA
1660,2013,Combined,3,3,2,NA
1660,2018,China_Birdwatch,1,1,1,4380
1660,2018,eBird_GBIF,1,1,1,NA
1660,2018,Combined,2,2,2,4380
1660,2019,China_Birdwatch,1,1,1,4560
1660,2019,eBird_GBIF,1,1,1,NA
1660,2019,Combined,2,2,2,4560
1660,2021,eBird_GBIF,1,1,1,NA
1660,2021,Combined,1,1,1,NA
1660,2022,China_Birdwatch,6,4,6,64.34782608695653
1660,2022,eBird_GBIF,5,3,3,NA
1660,2022,Combined,11,7,7,64.34782608695653
1660,2023,China_Birdwatch,19,14,18,236.91139240506325
1660,2023,eBird_GBIF,16,5,10,NA
1660,2023,Combined,35,19,27,236.91139240506325
1660,2024,China_Birdwatch,95,51,67,344.2411604714411
1660,2024,Combined,95,51,67,344.2411604714411
1661,2019,eBird_GBIF,1,1,1,NA
1661,2019,Combined,1,1,1,NA
1662,2024,China_Birdwatch,12,9,7,186.86263736263732
1662,2024,Combined,12,9,7,186.86263736263732
1666,2017,China_Birdwatch,1,1,1,645
1666,2017,Combined,1,1,1,645
1666,2019,eBird_GBIF,1,1,1,NA
1666,2019,Combined,1,1,1,NA
1666,2023,China_Birdwatch,2,2,2,60
1666,2023,eBird_GBIF,1,1,1,NA
1666,2023,Combined,3,3,3,60
1666,2024,China_Birdwatch,1,1,1,16
1666,2024,Combined,1,1,1,16
1669,2019,eBird_GBIF,1,1,1,NA
1669,2019,Combined,1,1,1,NA
1669,2023,China_Birdwatch,3,3,3,80
1669,2023,Combined,3,3,3,80
1669,2024,China_Birdwatch,4,3,3,1816.923076923077
1669,2024,Combined,4,3,3,1816.923076923077
1672,2020,eBird_GBIF,5,1,5,NA
1672,2020,Combined,5,1,5,NA
1674,2013,eBird_GBIF,1,1,1,NA
1674,2013,Combined,1,1,1,NA
1674,2014,eBird_GBIF,1,1,1,NA
1674,2014,Combined,1,1,1,NA
1674,2018,China_Birdwatch,1,1,1,2806408
1674,2018,eBird_GBIF,4,2,2,NA
1674,2018,Combined,5,3,3,2806408
1674,2019,eBird_GBIF,5,3,4,NA
1674,2019,Combined,5,3,4,NA
1674,2024,China_Birdwatch,6,5,5,565.9032258064516
1674,2024,Combined,6,5,5,565.9032258064516
1675,2018,eBird_GBIF,2,2,1,NA
1675,2018,Combined,2,2,1,NA
1676,2018,eBird_GBIF,2,2,1,NA
1676,2018,Combined,2,2,1,NA
1676,2023,China_Birdwatch,1,1,1,4
1676,2023,Combined,1,1,1,4
1676,2024,China_Birdwatch,2,2,2,1216.2162162162163
1676,2024,Combined,2,2,2,1216.2162162162163
1678,2024,China_Birdwatch,1,1,1,1560
1678,2024,Combined,1,1,1,1560
1679,2015,China_Birdwatch,1,1,1,0
1679,2015,eBird_GBIF,1,1,1,NA
1679,2015,Combined,2,2,1,0
1680,2014,eBird_GBIF,2,1,2,NA
1680,2014,Combined,2,1,2,NA
1680,2015,China_Birdwatch,1,1,1,0
1680,2015,eBird_GBIF,1,1,1,NA
1680,2015,Combined,2,2,1,0
1680,2019,eBird_GBIF,1,1,1,NA
1680,2019,Combined,1,1,1,NA
1680,2020,China_Birdwatch,1,1,1,90
1680,2020,eBird_GBIF,2,2,2,NA
1680,2020,Combined,3,3,2,90
1680,2023,China_Birdwatch,4,4,4,63.888888888888886
1680,2023,Combined,4,4,4,63.888888888888886
1680,2024,China_Birdwatch,3,2,3,120
1680,2024,Combined,3,2,3,120
1681,2014,eBird_GBIF,2,1,2,NA
1681,2014,Combined,2,1,2,NA
1681,2022,China_Birdwatch,1,1,1,57
1681,2022,Combined,1,1,1,57
1681,2024,China_Birdwatch,2,2,2,31.5
1681,2024,Combined,2,2,2,31.5
1684,2010,eBird_GBIF,1,1,1,NA
1684,2010,Combined,1,1,1,NA
1684,2024,China_Birdwatch,1,1,1,260
1684,2024,Combined,1,1,1,260
1685,2009,eBird_GBIF,1,1,1,NA
1685,2009,Combined,1,1,1,NA
1685,2024,China_Birdwatch,6,6,5,73.2
1685,2024,Combined,6,6,5,73.2
1686,2015,China_Birdwatch,1,1,1,0
1686,2015,eBird_GBIF,1,1,1,NA
1686,2015,Combined,2,2,1,0
1686,2024,China_Birdwatch,11,9,9,61.02272727272727
1686,2024,Combined,11,9,9,61.02272727272727
1687,2007,eBird_GBIF,2,2,2,NA
1687,2007,Combined,2,2,2,NA
1687,2011,eBird_GBIF,11,1,11,NA
1687,2011,Combined,11,1,11,NA
1687,2015,China_Birdwatch,1,1,1,0
1687,2015,eBird_GBIF,1,1,1,NA
1687,2015,Combined,2,2,1,0
1687,2016,eBird_GBIF,1,1,1,NA
1687,2016,Combined,1,1,1,NA
1687,2018,China_Birdwatch,1,1,1,180
1687,2018,eBird_GBIF,2,1,2,NA
1687,2018,Combined,3,2,3,180
1687,2019,China_Birdwatch,1,1,1,210
1687,2019,eBird_GBIF,7,6,6,NA
1687,2019,Combined,8,7,7,210
1687,2020,China_Birdwatch,1,1,1,285
1687,2020,eBird_GBIF,2,2,2,NA
1687,2020,Combined,3,3,2,285
1687,2021,eBird_GBIF,1,1,1,NA
1687,2021,Combined,1,1,1,NA
1687,2022,China_Birdwatch,3,3,3,103.06666666666666
1687,2022,eBird_GBIF,4,3,3,NA
1687,2022,Combined,7,6,5,103.06666666666666
1687,2023,China_Birdwatch,22,14,20,327.1875
1687,2023,eBird_GBIF,7,6,6,NA
1687,2023,Combined,29,20,26,327.1875
1687,2024,China_Birdwatch,59,50,51,1123.2568807339476
1687,2024,Combined,59,50,51,1123.2568807339476
1688,2021,eBird_GBIF,2,2,1,NA
1688,2021,Combined,2,2,1,NA
1688,2023,China_Birdwatch,2,2,2,72
1688,2023,Combined,2,2,2,72
1688,2024,China_Birdwatch,5,5,4,247.25
1688,2024,Combined,5,5,4,247.25
1689,2022,China_Birdwatch,1,1,1,111
1689,2022,Combined,1,1,1,111
1689,2023,China_Birdwatch,1,1,1,1302
1689,2023,Combined,1,1,1,1302
1689,2024,China_Birdwatch,5,3,3,98.34615384615384
1689,2024,Combined,5,3,3,98.34615384615384
1691,2024,China_Birdwatch,1,1,1,325
1691,2024,Combined,1,1,1,325
1692,2023,China_Birdwatch,1,1,1,60
1692,2023,Combined,1,1,1,60
1692,2024,China_Birdwatch,5,3,5,180.43636363636364
1692,2024,Combined,5,3,5,180.43636363636364
1693,2011,China_Birdwatch,1,1,1,87.27272727272727
1693,2011,Combined,1,1,1,87.27272727272727
1693,2013,China_Birdwatch,2,1,2,1915.7142857142858
1693,2013,Combined,2,1,2,1915.7142857142858
1693,2015,eBird_GBIF,4,1,4,NA
1693,2015,Combined,4,1,4,NA
1693,2017,eBird_GBIF,4,4,2,NA
1693,2017,Combined,4,4,2,NA
1693,2018,China_Birdwatch,1,1,1,75
1693,2018,eBird_GBIF,1,1,1,NA
1693,2018,Combined,2,2,2,75
1693,2019,eBird_GBIF,5,5,4,NA
1693,2019,Combined,5,5,4,NA
1693,2020,eBird_GBIF,3,1,3,NA
1693,2020,Combined,3,1,3,NA
1693,2021,China_Birdwatch,3,3,2,118.125
1693,2021,eBird_GBIF,4,4,3,NA
1693,2021,Combined,7,7,4,118.125
1693,2022,China_Birdwatch,3,1,3,60
1693,2022,eBird_GBIF,6,4,3,NA
1693,2022,Combined,9,5,6,60
1693,2023,China_Birdwatch,7,7,7,188.2758620689655
1693,2023,eBird_GBIF,10,10,4,NA
1693,2023,Combined,17,17,10,188.2758620689655
1693,2024,China_Birdwatch,86,25,68,442.125
1693,2024,Combined,86,25,68,442.125
1694,2014,China_Birdwatch,2,1,2,950.4
1694,2014,Combined,2,1,2,950.4
1694,2021,eBird_GBIF,1,1,1,NA
1694,2021,Combined,1,1,1,NA
1694,2022,China_Birdwatch,1,1,1,60
1694,2022,eBird_GBIF,2,2,1,NA
1694,2022,Combined,3,3,2,60
1694,2023,China_Birdwatch,5,4,5,802.8
1694,2023,eBird_GBIF,1,1,1,NA
1694,2023,Combined,6,5,6,802.8
1694,2024,China_Birdwatch,44,23,39,189.393536121673
1694,2024,Combined,44,23,39,189.393536121673
1695,2023,China_Birdwatch,1,1,1,60
1695,2023,Combined,1,1,1,60
1695,2024,China_Birdwatch,12,3,12,60
1695,2024,Combined,12,3,12,60
1696,2004,eBird_GBIF,1,1,1,NA
1696,2004,Combined,1,1,1,NA
1696,2024,China_Birdwatch,3,2,3,60
1696,2024,Combined,3,2,3,60
1697,2015,eBird_GBIF,11,1,11,NA
1697,2015,Combined,11,1,11,NA
1697,2016,eBird_GBIF,8,1,8,NA
1697,2016,Combined,8,1,8,NA
1697,2019,eBird_GBIF,2,2,2,NA
1697,2019,Combined,2,2,2,NA
1698,2006,eBird_GBIF,2,1,2,NA
1698,2006,Combined,2,1,2,NA
1698,2007,eBird_GBIF,2,1,2,NA
1698,2007,Combined,2,1,2,NA
1698,2012,eBird_GBIF,3,1,3,NA
1698,2012,Combined,3,1,3,NA
1698,2013,eBird_GBIF,3,2,3,NA
1698,2013,Combined,3,2,3,NA
1698,2014,China_Birdwatch,1,1,1,0
1698,2014,Combined,1,1,1,0
1698,2015,eBird_GBIF,1,1,1,NA
1698,2015,Combined,1,1,1,NA
1698,2018,eBird_GBIF,3,3,2,NA
1698,2018,Combined,3,3,2,NA
1698,2020,China_Birdwatch,1,1,1,960
1698,2020,eBird_GBIF,1,1,1,NA
1698,2020,Combined,2,2,2,960
1698,2023,China_Birdwatch,7,6,7,2460
1698,2023,eBird_GBIF,1,1,1,NA
1698,2023,Combined,8,7,8,2460
1698,2024,China_Birdwatch,7,6,6,322.6086956521739
1698,2024,Combined,7,6,6,322.6086956521739
1699,2013,eBird_GBIF,1,1,1,NA
1699,2013,Combined,1,1,1,NA
1699,2023,China_Birdwatch,1,1,1,60
1699,2023,eBird_GBIF,2,1,2,NA
1699,2023,Combined,3,2,3,60
1699,2024,China_Birdwatch,4,2,4,60
1699,2024,Combined,4,2,4,60
1700,2013,eBird_GBIF,1,1,1,NA
1700,2013,Combined,1,1,1,NA
1700,2022,China_Birdwatch,1,1,1,1403
1700,2022,Combined,1,1,1,1403
1700,2024,China_Birdwatch,9,9,6,1287.8409090909092
1700,2024,Combined,9,9,6,1287.8409090909092
1701,2015,eBird_GBIF,1,1,1,NA
1701,2015,Combined,1,1,1,NA
1701,2018,eBird_GBIF,1,1,1,NA
1701,2018,Combined,1,1,1,NA
1701,2021,eBird_GBIF,1,1,1,NA
1701,2021,Combined,1,1,1,NA
1701,2022,eBird_GBIF,1,1,1,NA
1701,2022,Combined,1,1,1,NA
1701,2023,eBird_GBIF,2,1,2,NA
1701,2023,Combined,2,1,2,NA
1701,2024,China_Birdwatch,14,10,13,65.28571428571429
1701,2024,Combined,14,10,13,65.28571428571429
1702,2009,eBird_GBIF,1,1,1,NA
1702,2009,Combined,1,1,1,NA
1702,2011,China_Birdwatch,1,1,1,60
1702,2011,Combined,1,1,1,60
1702,2013,China_Birdwatch,1,1,1,60
1702,2013,Combined,1,1,1,60
1702,2015,eBird_GBIF,1,1,1,NA
1702,2015,Combined,1,1,1,NA
1702,2016,eBird_GBIF,2,1,2,NA
1702,2016,Combined,2,1,2,NA
1702,2018,eBird_GBIF,1,1,1,NA
1702,2018,Combined,1,1,1,NA
1702,2019,eBird_GBIF,3,2,3,NA
1702,2019,Combined,3,2,3,NA
1702,2020,China_Birdwatch,1,1,1,180
1702,2020,eBird_GBIF,3,2,3,NA
1702,2020,Combined,4,3,4,180
1702,2022,China_Birdwatch,1,1,1,4320
1702,2022,eBird_GBIF,1,1,1,NA
1702,2022,Combined,2,2,2,4320
1702,2023,China_Birdwatch,10,7,10,274.14000000000004
1702,2023,eBird_GBIF,3,2,3,NA
1702,2023,Combined,13,9,13,274.14000000000004
1702,2024,China_Birdwatch,22,20,18,1224.7625
1702,2024,Combined,22,20,18,1224.7625
1703,2019,eBird_GBIF,1,1,1,NA
1703,2019,Combined,1,1,1,NA
1703,2021,eBird_GBIF,1,1,1,NA
1703,2021,Combined,1,1,1,NA
1703,2023,eBird_GBIF,1,1,1,NA
1703,2023,Combined,1,1,1,NA
1703,2024,China_Birdwatch,21,14,17,313.66793893129784
1703,2024,Combined,21,14,17,313.66793893129784
1704,2016,eBird_GBIF,1,1,1,NA
1704,2016,Combined,1,1,1,NA
1704,2018,eBird_GBIF,2,2,1,NA
1704,2018,Combined,2,2,1,NA
1704,2019,eBird_GBIF,4,4,2,NA
1704,2019,Combined,4,4,2,NA
1704,2020,China_Birdwatch,4,1,4,294.31034482758616
1704,2020,eBird_GBIF,1,1,1,NA
1704,2020,Combined,5,2,5,294.31034482758616
1704,2021,China_Birdwatch,1,1,1,360
1704,2021,Combined,1,1,1,360
1704,2022,China_Birdwatch,2,2,2,1729
1704,2022,Combined,2,2,2,1729
1704,2023,China_Birdwatch,11,7,11,196.33834586466165
1704,2023,eBird_GBIF,1,1,1,NA
1704,2023,Combined,12,8,12,196.33834586466165
1704,2024,China_Birdwatch,35,22,32,88.8235294117647
1704,2024,Combined,35,22,32,88.8235294117647
1705,2007,eBird_GBIF,1,1,1,NA
1705,2007,Combined,1,1,1,NA
1705,2008,eBird_GBIF,1,1,1,NA
1705,2008,Combined,1,1,1,NA
1705,2015,eBird_GBIF,1,1,1,NA
1705,2015,Combined,1,1,1,NA
1705,2016,eBird_GBIF,1,1,1,NA
1705,2016,Combined,1,1,1,NA
1705,2017,eBird_GBIF,2,2,2,NA
1705,2017,Combined,2,2,2,NA
1705,2018,eBird_GBIF,3,3,3,NA
1705,2018,Combined,3,3,3,NA
1705,2019,eBird_GBIF,4,2,4,NA
1705,2019,Combined,4,2,4,NA
1705,2020,eBird_GBIF,2,1,2,NA
1705,2020,Combined,2,1,2,NA
1705,2021,eBird_GBIF,67,2,66,NA
1705,2021,Combined,67,2,66,NA
1705,2022,China_Birdwatch,2,2,2,87.5
1705,2022,Combined,2,2,2,87.5
1705,2023,China_Birdwatch,18,10,16,323.30344827586214
1705,2023,eBird_GBIF,2,2,2,NA
1705,2023,Combined,20,12,17,323.30344827586214
1705,2024,China_Birdwatch,97,40,81,1435.0662080825468
1705,2024,Combined,97,40,81,1435.0662080825468
1706,2003,China_Birdwatch,1,1,1,300
1706,2003,Combined,1,1,1,300
1706,2009,eBird_GBIF,2,2,2,NA
1706,2009,Combined,2,2,2,NA
1706,2010,eBird_GBIF,1,1,1,NA
1706,2010,Combined,1,1,1,NA
1706,2011,eBird_GBIF,1,1,1,NA
1706,2011,Combined,1,1,1,NA
1706,2012,eBird_GBIF,9,2,9,NA
1706,2012,Combined,9,2,9,NA
1706,2013,eBird_GBIF,12,3,12,NA
1706,2013,Combined,12,3,12,NA
1706,2014,China_Birdwatch,1,1,1,660
1706,2014,eBird_GBIF,62,4,58,NA
1706,2014,Combined,63,5,59,660
1706,2015,eBird_GBIF,69,6,65,NA
1706,2015,Combined,69,6,65,NA
1706,2016,China_Birdwatch,1,1,1,150
1706,2016,eBird_GBIF,37,7,35,NA
1706,2016,Combined,38,8,36,150
1706,2017,China_Birdwatch,3,3,3,50.84615384615385
1706,2017,eBird_GBIF,37,9,34,NA
1706,2017,Combined,40,12,35,50.84615384615385
1706,2018,China_Birdwatch,13,2,12,179347.75
1706,2018,eBird_GBIF,29,19,27,NA
1706,2018,Combined,42,21,38,179347.75
1706,2019,China_Birdwatch,15,3,14,120.29166666666666
1706,2019,eBird_GBIF,106,11,89,NA
1706,2019,Combined,121,14,99,120.29166666666666
1706,2020,China_Birdwatch,22,3,20,36956.22916666667
1706,2020,eBird_GBIF,100,8,86,NA
1706,2020,Combined,122,11,96,36956.22916666667
1706,2021,China_Birdwatch,23,10,23,5033.319502074682
1706,2021,eBird_GBIF,285,18,166,NA
1706,2021,Combined,308,28,173,5033.319502074682
1706,2022,China_Birdwatch,167,17,123,957.1916142557623
1706,2022,eBird_GBIF,181,13,140,NA
1706,2022,Combined,348,30,214,957.1916142557623
1706,2023,China_Birdwatch,785,57,313,378.26951941118733
1706,2023,eBird_GBIF,460,45,257,NA
1706,2023,Combined,1245,102,332,378.26951941118733
1706,2024,China_Birdwatch,3007,282,361,188.72115989551935
1706,2024,Combined,3007,282,361,188.72115989551935
1707,2005,China_Birdwatch,1,1,1,360
1707,2005,Combined,1,1,1,360
1707,2010,eBird_GBIF,146,4,58,NA
1707,2010,Combined,146,4,58,NA
1707,2011,eBird_GBIF,85,5,52,NA
1707,2011,Combined,85,5,52,NA
1707,2012,eBird_GBIF,84,4,54,NA
1707,2012,Combined,84,4,54,NA
1707,2013,eBird_GBIF,92,3,58,NA
1707,2013,Combined,92,3,58,NA
1707,2014,eBird_GBIF,94,6,58,NA
1707,2014,Combined,94,6,58,NA
1707,2015,eBird_GBIF,75,7,61,NA
1707,2015,Combined,75,7,61,NA
1707,2016,China_Birdwatch,1,1,1,192.75
1707,2016,eBird_GBIF,82,9,61,NA
1707,2016,Combined,83,10,61,192.75
1707,2017,eBird_GBIF,120,27,70,NA
1707,2017,Combined,120,27,70,NA
1707,2018,China_Birdwatch,2,2,2,305549.5588235294
1707,2018,eBird_GBIF,154,25,79,NA
1707,2018,Combined,156,27,80,305549.5588235294
1707,2019,China_Birdwatch,5,3,5,6757.642857142858
1707,2019,eBird_GBIF,219,34,73,NA
1707,2019,Combined,224,37,74,6757.642857142858
1707,2020,China_Birdwatch,1,1,1,3330
1707,2020,eBird_GBIF,96,21,44,NA
1707,2020,Combined,97,22,45,3330
1707,2021,China_Birdwatch,35,12,28,899.4375788146278
1707,2021,eBird_GBIF,209,29,78,NA
1707,2021,Combined,244,41,84,899.4375788146278
1707,2022,China_Birdwatch,24,10,21,9560.925000000003
1707,2022,eBird_GBIF,14,9,12,NA
1707,2022,Combined,38,19,29,9560.925000000003
1707,2023,China_Birdwatch,238,109,82,603.1899033056009
1707,2023,eBird_GBIF,203,59,90,NA
1707,2023,Combined,441,168,122,603.1899033056009
1707,2024,China_Birdwatch,644,287,153,444.6795740561453
1707,2024,Combined,644,287,153,444.6795740561453
1708,2000,eBird_GBIF,6,2,4,NA
1708,2000,Combined,6,2,4,NA
1708,2001,eBird_GBIF,6,2,6,NA
1708,2001,Combined,6,2,6,NA
1708,2002,eBird_GBIF,26,6,22,NA
1708,2002,Combined,26,6,22,NA
1708,2003,eBird_GBIF,5,1,5,NA
1708,2003,Combined,5,1,5,NA
1708,2004,eBird_GBIF,17,4,16,NA
1708,2004,Combined,17,4,16,NA
1708,2005,eBird_GBIF,58,10,39,NA
1708,2005,Combined,58,10,39,NA
1708,2006,eBird_GBIF,4,2,4,NA
1708,2006,Combined,4,2,4,NA
1708,2007,eBird_GBIF,49,8,30,NA
1708,2007,Combined,49,8,30,NA
1708,2008,eBird_GBIF,46,9,8,NA
1708,2008,Combined,46,9,8,NA
1708,2009,eBird_GBIF,12,6,7,NA
1708,2009,Combined,12,6,7,NA
1708,2010,eBird_GBIF,47,9,20,NA
1708,2010,Combined,47,9,20,NA
1708,2011,eBird_GBIF,23,7,12,NA
1708,2011,Combined,23,7,12,NA
1708,2012,eBird_GBIF,12,5,10,NA
1708,2012,Combined,12,5,10,NA
1708,2013,eBird_GBIF,16,6,8,NA
1708,2013,Combined,16,6,8,NA
1708,2014,eBird_GBIF,10,4,10,NA
1708,2014,Combined,10,4,10,NA
1708,2015,eBird_GBIF,9,4,8,NA
1708,2015,Combined,9,4,8,NA
1708,2016,eBird_GBIF,15,6,10,NA
1708,2016,Combined,15,6,10,NA
1708,2017,eBird_GBIF,35,20,23,NA
1708,2017,Combined,35,20,23,NA
1708,2018,eBird_GBIF,29,9,25,NA
1708,2018,Combined,29,9,25,NA
1708,2019,eBird_GBIF,50,19,25,NA
1708,2019,Combined,50,19,25,NA
1708,2020,eBird_GBIF,1,1,1,NA
1708,2020,Combined,1,1,1,NA
1708,2021,eBird_GBIF,1,1,1,NA
1708,2021,Combined,1,1,1,NA
1708,2023,China_Birdwatch,10,8,9,148.61203319502073
1708,2023,eBird_GBIF,11,5,11,NA
1708,2023,Combined,21,13,17,148.61203319502073
1708,2024,China_Birdwatch,32,26,22,813.0651515151516
1708,2024,Combined,32,26,22,813.0651515151516
1710,2012,eBird_GBIF,1,1,1,NA
1710,2012,Combined,1,1,1,NA
1710,2013,eBird_GBIF,1,1,1,NA
1710,2013,Combined,1,1,1,NA
1710,2015,eBird_GBIF,3,3,2,NA
1710,2015,Combined,3,3,2,NA
1710,2016,eBird_GBIF,1,1,1,NA
1710,2016,Combined,1,1,1,NA
1710,2017,eBird_GBIF,7,7,1,NA
1710,2017,Combined,7,7,1,NA
1710,2018,China_Birdwatch,1,1,1,120
1710,2018,eBird_GBIF,3,1,3,NA
1710,2018,Combined,4,2,4,120
1710,2019,China_Birdwatch,2,2,2,102.85714285714286
1710,2019,eBird_GBIF,4,1,4,NA
1710,2019,Combined,6,3,6,102.85714285714286
1710,2023,China_Birdwatch,7,3,7,24243.58064516129
1710,2023,eBird_GBIF,2,2,1,NA
1710,2023,Combined,9,5,8,24243.58064516129
1710,2024,China_Birdwatch,25,13,21,279.33647798742146
1710,2024,Combined,25,13,21,279.33647798742146
1711,2006,eBird_GBIF,1,1,1,NA
1711,2006,Combined,1,1,1,NA
1711,2007,eBird_GBIF,8,3,8,NA
1711,2007,Combined,8,3,8,NA
1711,2008,eBird_GBIF,12,4,12,NA
1711,2008,Combined,12,4,12,NA
1711,2009,eBird_GBIF,33,5,31,NA
1711,2009,Combined,33,5,31,NA
1711,2010,eBird_GBIF,35,3,34,NA
1711,2010,Combined,35,3,34,NA
1711,2011,eBird_GBIF,49,3,48,NA
1711,2011,Combined,49,3,48,NA
1711,2012,eBird_GBIF,82,1,82,NA
1711,2012,Combined,82,1,82,NA
1711,2013,eBird_GBIF,76,2,76,NA
1711,2013,Combined,76,2,76,NA
1711,2014,eBird_GBIF,103,5,99,NA
1711,2014,Combined,103,5,99,NA
1711,2015,eBird_GBIF,143,5,107,NA
1711,2015,Combined,143,5,107,NA
1711,2016,eBird_GBIF,46,5,37,NA
1711,2016,Combined,46,5,37,NA
1711,2017,China_Birdwatch,1,1,1,27420
1711,2017,eBird_GBIF,16,3,16,NA
1711,2017,Combined,17,4,16,27420
1711,2018,China_Birdwatch,2,2,2,96
1711,2018,eBird_GBIF,15,5,15,NA
1711,2018,Combined,17,7,17,96
1711,2019,China_Birdwatch,7,1,7,148.57142857142858
1711,2019,eBird_GBIF,38,9,35,NA
1711,2019,Combined,45,10,40,148.57142857142858
1711,2020,China_Birdwatch,1,1,1,525600
1711,2020,eBird_GBIF,9,3,9,NA
1711,2020,Combined,10,4,10,525600
1711,2021,China_Birdwatch,23,6,23,147.36683417085428
1711,2021,eBird_GBIF,12,7,9,NA
1711,2021,Combined,35,13,32,147.36683417085428
1711,2022,China_Birdwatch,23,8,22,179.22330097087377
1711,2022,eBird_GBIF,5,5,5,NA
1711,2022,Combined,28,13,27,179.22330097087377
1711,2023,China_Birdwatch,135,35,99,753.4695081967207
1711,2023,eBird_GBIF,36,21,24,NA
1711,2023,Combined,171,56,116,753.4695081967207
1711,2024,China_Birdwatch,535,129,245,175.70876048462256
1711,2024,Combined,535,129,245,175.70876048462256
1712,2012,eBird_GBIF,5,1,5,NA
1712,2012,Combined,5,1,5,NA
1712,2013,eBird_GBIF,1,1,1,NA
1712,2013,Combined,1,1,1,NA
1712,2014,eBird_GBIF,3,1,3,NA
1712,2014,Combined,3,1,3,NA
1712,2015,eBird_GBIF,4,1,4,NA
1712,2015,Combined,4,1,4,NA
1712,2016,eBird_GBIF,2,2,1,NA
1712,2016,Combined,2,2,1,NA
1712,2019,China_Birdwatch,1,1,1,360
1712,2019,eBird_GBIF,4,1,4,NA
1712,2019,Combined,5,2,5,360
1712,2020,eBird_GBIF,1,1,1,NA
1712,2020,Combined,1,1,1,NA
1712,2021,eBird_GBIF,2,2,2,NA
1712,2021,Combined,2,2,2,NA
1712,2023,China_Birdwatch,2,2,2,396
1712,2023,eBird_GBIF,1,1,1,NA
1712,2023,Combined,3,3,3,396
1712,2024,China_Birdwatch,5,3,5,116.14942528735632
1712,2024,Combined,5,3,5,116.14942528735632
1731,2000,eBird_GBIF,3,1,3,NA
1731,2000,Combined,3,1,3,NA
1731,2001,eBird_GBIF,1,1,1,NA
1731,2001,Combined,1,1,1,NA
1731,2004,eBird_GBIF,1,1,1,NA
1731,2004,Combined,1,1,1,NA
1731,2007,eBird_GBIF,1,1,1,NA
1731,2007,Combined,1,1,1,NA
1731,2011,eBird_GBIF,2,1,2,NA
1731,2011,Combined,2,1,2,NA
1731,2012,China_Birdwatch,1,1,1,5
1731,2012,eBird_GBIF,3,2,3,NA
1731,2012,Combined,4,3,4,5
1731,2013,eBird_GBIF,9,3,5,NA
1731,2013,Combined,9,3,5,NA
1731,2017,eBird_GBIF,2,2,2,NA
1731,2017,Combined,2,2,2,NA
1731,2018,eBird_GBIF,1,1,1,NA
1731,2018,Combined,1,1,1,NA
1731,2019,eBird_GBIF,1,1,1,NA
1731,2019,Combined,1,1,1,NA
1731,2021,eBird_GBIF,2,2,2,NA
1731,2021,Combined,2,2,2,NA
1731,2022,China_Birdwatch,3,3,3,153.53846153846155
1731,2022,Combined,3,3,3,153.53846153846155
1731,2023,China_Birdwatch,12,10,11,88.5
1731,2023,eBird_GBIF,4,4,4,NA
1731,2023,Combined,16,14,14,88.5
1731,2024,China_Birdwatch,32,26,23,355.3846153846155
1731,2024,Combined,32,26,23,355.3846153846155
1732,2021,eBird_GBIF,1,1,1,NA
1732,2021,Combined,1,1,1,NA
1732,2023,China_Birdwatch,1,1,1,120
1732,2023,eBird_GBIF,3,3,1,NA
1732,2023,Combined,4,4,2,120
1732,2024,China_Birdwatch,1,1,1,68
1732,2024,Combined,1,1,1,68
1733,2021,China_Birdwatch,1,1,1,150
1733,2021,eBird_GBIF,1,1,1,NA
1733,2021,Combined,2,2,2,150
1733,2022,China_Birdwatch,2,1,2,60
1733,2022,Combined,2,1,2,60
1733,2023,China_Birdwatch,1,1,1,60
1733,2023,eBird_GBIF,3,3,1,NA
1733,2023,Combined,4,4,2,60
1733,2024,China_Birdwatch,5,5,4,60
1733,2024,Combined,5,5,4,60
1734,2004,eBird_GBIF,1,1,1,NA
1734,2004,Combined,1,1,1,NA
1734,2007,eBird_GBIF,1,1,1,NA
1734,2007,Combined,1,1,1,NA
1734,2011,eBird_GBIF,4,2,2,NA
1734,2011,Combined,4,2,2,NA
1734,2022,China_Birdwatch,1,1,1,60
1734,2022,Combined,1,1,1,60
1734,2023,China_Birdwatch,1,1,1,60
1734,2023,eBird_GBIF,1,1,1,NA
1734,2023,Combined,2,2,2,60
1734,2024,China_Birdwatch,8,8,7,754.1044776119404
1734,2024,Combined,8,8,7,754.1044776119404
1737,2024,China_Birdwatch,1,1,1,60
1737,2024,Combined,1,1,1,60
1738,2023,eBird_GBIF,1,1,1,NA
1738,2023,Combined,1,1,1,NA
1739,2023,China_Birdwatch,1,1,1,60
1739,2023,Combined,1,1,1,60
1739,2024,China_Birdwatch,1,1,1,60
1739,2024,Combined,1,1,1,60
1743,2024,China_Birdwatch,9,6,5,47.79329608938548
1743,2024,Combined,9,6,5,47.79329608938548
1748,2015,eBird_GBIF,1,1,1,NA
1748,2015,Combined,1,1,1,NA
1748,2020,eBird_GBIF,1,1,1,NA
1748,2020,Combined,1,1,1,NA
1748,2023,China_Birdwatch,3,2,3,27.272727272727273
1748,2023,Combined,3,2,3,27.272727272727273
1748,2024,China_Birdwatch,2,2,2,260
1748,2024,Combined,2,2,2,260
1749,2007,eBird_GBIF,1,1,1,NA
1749,2007,Combined,1,1,1,NA
1749,2010,eBird_GBIF,1,1,1,NA
1749,2010,Combined,1,1,1,NA
1749,2019,eBird_GBIF,4,2,2,NA
1749,2019,Combined,4,2,2,NA
1749,2023,eBird_GBIF,1,1,1,NA
1749,2023,Combined,1,1,1,NA
1749,2024,China_Birdwatch,4,4,4,289.45454545454544
1749,2024,Combined,4,4,4,289.45454545454544
1753,2021,China_Birdwatch,1,1,1,60
1753,2021,Combined,1,1,1,60
1755,2019,eBird_GBIF,1,1,1,NA
1755,2019,Combined,1,1,1,NA
1756,2016,eBird_GBIF,14,2,7,NA
1756,2016,Combined,14,2,7,NA
1756,2017,eBird_GBIF,1,1,1,NA
1756,2017,Combined,1,1,1,NA
1756,2024,China_Birdwatch,3,3,3,60
1756,2024,Combined,3,3,3,60
1757,2016,eBird_GBIF,4,2,2,NA
1757,2016,Combined,4,2,2,NA
1757,2019,eBird_GBIF,1,1,1,NA
1757,2019,Combined,1,1,1,NA
1757,2022,eBird_GBIF,2,2,1,NA
1757,2022,Combined,2,2,1,NA
1757,2023,China_Birdwatch,1,1,1,60
1757,2023,Combined,1,1,1,60
1757,2024,China_Birdwatch,13,10,9,249.35483870967738
1757,2024,Combined,13,10,9,249.35483870967738
1758,2013,eBird_GBIF,1,1,1,NA
1758,2013,Combined,1,1,1,NA
1758,2018,eBird_GBIF,3,2,2,NA
1758,2018,Combined,3,2,2,NA
1758,2019,eBird_GBIF,1,1,1,NA
1758,2019,Combined,1,1,1,NA
1758,2023,China_Birdwatch,2,2,1,60
1758,2023,Combined,2,2,1,60
1758,2024,China_Birdwatch,34,23,24,855.9298245614028
1758,2024,Combined,34,23,24,855.9298245614028
1759,2005,eBird_GBIF,1,1,1,NA
1759,2005,Combined,1,1,1,NA
1759,2007,eBird_GBIF,1,1,1,NA
1759,2007,Combined,1,1,1,NA
1759,2010,eBird_GBIF,1,1,1,NA
1759,2010,Combined,1,1,1,NA
1759,2011,eBird_GBIF,2,2,2,NA
1759,2011,Combined,2,2,2,NA
1759,2016,eBird_GBIF,6,2,3,NA
1759,2016,Combined,6,2,3,NA
1759,2017,China_Birdwatch,1,1,1,180
1759,2017,eBird_GBIF,1,1,1,NA
1759,2017,Combined,2,2,2,180
1759,2018,China_Birdwatch,5,5,5,11501.785714285716
1759,2018,eBird_GBIF,3,3,2,NA
1759,2018,Combined,8,8,6,11501.785714285716
1759,2019,eBird_GBIF,4,4,3,NA
1759,2019,Combined,4,4,3,NA
1759,2020,China_Birdwatch,1,1,1,387
1759,2020,Combined,1,1,1,387
1759,2021,China_Birdwatch,2,2,2,1102.88
1759,2021,eBird_GBIF,6,3,5,NA
1759,2021,Combined,8,5,7,1102.88
1759,2022,China_Birdwatch,2,2,2,172.5
1759,2022,eBird_GBIF,5,4,5,NA
1759,2022,Combined,7,6,6,172.5
1759,2023,China_Birdwatch,28,16,19,1556.477011494254
1759,2023,eBird_GBIF,1,1,1,NA
1759,2023,Combined,29,17,19,1556.477011494254
1759,2024,China_Birdwatch,83,52,59,373.6798206278026
1759,2024,Combined,83,52,59,373.6798206278026
1760,2017,eBird_GBIF,1,1,1,NA
1760,2017,Combined,1,1,1,NA
1760,2018,eBird_GBIF,1,1,1,NA
1760,2018,Combined,1,1,1,NA
1760,2019,eBird_GBIF,1,1,1,NA
1760,2019,Combined,1,1,1,NA
1760,2022,China_Birdwatch,1,1,1,60
1760,2022,eBird_GBIF,1,1,1,NA
1760,2022,Combined,2,2,2,60
1760,2024,China_Birdwatch,15,6,15,80.39215686274511
1760,2024,Combined,15,6,15,80.39215686274511
1761,2018,eBird_GBIF,1,1,1,NA
1761,2018,Combined,1,1,1,NA
1761,2021,China_Birdwatch,2,2,2,144
1761,2021,Combined,2,2,2,144
1761,2022,China_Birdwatch,1,1,1,60
1761,2022,Combined,1,1,1,60
1761,2023,China_Birdwatch,2,1,2,129.1875
1761,2023,Combined,2,1,2,129.1875
1761,2024,China_Birdwatch,15,6,14,566.672268907563
1761,2024,Combined,15,6,14,566.672268907563
1762,2023,China_Birdwatch,2,1,2,60
1762,2023,Combined,2,1,2,60
1762,2024,China_Birdwatch,12,6,12,708.5157232704402
1762,2024,Combined,12,6,12,708.5157232704402
1764,2022,eBird_GBIF,2,2,1,NA
1764,2022,Combined,2,2,1,NA
1764,2024,China_Birdwatch,6,5,4,192.56190476190477
1764,2024,Combined,6,5,4,192.56190476190477
1765,2002,eBird_GBIF,1,1,1,NA
1765,2002,Combined,1,1,1,NA
1765,2007,eBird_GBIF,1,1,1,NA
1765,2007,Combined,1,1,1,NA
1765,2011,China_Birdwatch,1,1,1,420
1765,2011,Combined,1,1,1,420
1765,2012,eBird_GBIF,4,2,2,NA
1765,2012,Combined,4,2,2,NA
1765,2014,China_Birdwatch,2,1,2,0
1765,2014,Combined,2,1,2,0
1765,2015,eBird_GBIF,3,3,3,NA
1765,2015,Combined,3,3,3,NA
1765,2017,eBird_GBIF,3,2,3,NA
1765,2017,Combined,3,2,3,NA
1765,2018,China_Birdwatch,3,3,3,530.5714285714287
1765,2018,eBird_GBIF,25,13,10,NA
1765,2018,Combined,28,16,11,530.5714285714287
1765,2019,eBird_GBIF,23,20,11,NA
1765,2019,Combined,23,20,11,NA
1765,2020,China_Birdwatch,2,2,2,471.1764705882353
1765,2020,eBird_GBIF,6,3,4,NA
1765,2020,Combined,8,5,5,471.1764705882353
1765,2021,China_Birdwatch,7,7,7,248.54166666666666
1765,2021,eBird_GBIF,6,5,5,NA
1765,2021,Combined,13,12,11,248.54166666666666
1765,2022,China_Birdwatch,1,1,1,458
1765,2022,eBird_GBIF,9,5,4,NA
1765,2022,Combined,10,6,5,458
1765,2023,China_Birdwatch,12,11,10,305.2481751824818
1765,2023,eBird_GBIF,20,14,8,NA
1765,2023,Combined,32,25,16,305.2481751824818
1765,2024,China_Birdwatch,399,82,276,298.0235237638032
1765,2024,Combined,399,82,276,298.0235237638032
1766,2007,eBird_GBIF,1,1,1,NA
1766,2007,Combined,1,1,1,NA
1766,2011,eBird_GBIF,2,2,2,NA
1766,2011,Combined,2,2,2,NA
1766,2012,eBird_GBIF,3,3,2,NA
1766,2012,Combined,3,3,2,NA
1766,2013,China_Birdwatch,1,1,1,360
1766,2013,Combined,1,1,1,360
1766,2014,China_Birdwatch,1,1,1,0
1766,2014,eBird_GBIF,2,1,2,NA
1766,2014,Combined,3,2,3,0
1766,2015,eBird_GBIF,3,3,3,NA
1766,2015,Combined,3,3,3,NA
1766,2016,China_Birdwatch,1,1,1,1560
1766,2016,eBird_GBIF,1,1,1,NA
1766,2016,Combined,2,2,2,1560
1766,2017,eBird_GBIF,5,3,5,NA
1766,2017,Combined,5,3,5,NA
1766,2018,China_Birdwatch,1,1,1,420
1766,2018,eBird_GBIF,7,5,6,NA
1766,2018,Combined,8,6,7,420
1766,2019,China_Birdwatch,2,1,2,5449.24
1766,2019,eBird_GBIF,23,18,12,NA
1766,2019,Combined,25,19,14,5449.24
1766,2020,China_Birdwatch,9,7,8,14826.164383561643
1766,2020,eBird_GBIF,17,7,15,NA
1766,2020,Combined,26,14,21,14826.164383561643
1766,2021,China_Birdwatch,12,8,11,305.3571428571429
1766,2021,eBird_GBIF,29,16,23,NA
1766,2021,Combined,41,24,27,305.3571428571429
1766,2022,China_Birdwatch,12,7,12,79.67283950617282
1766,2022,eBird_GBIF,19,7,10,NA
1766,2022,Combined,31,14,22,79.67283950617282
1766,2023,China_Birdwatch,50,31,40,189.72862957937585
1766,2023,eBird_GBIF,34,19,25,NA
1766,2023,Combined,84,50,54,189.72862957937585
1766,2024,China_Birdwatch,237,103,150,187.6152836995738
1766,2024,Combined,237,103,150,187.6152836995738
1767,2020,eBird_GBIF,3,1,3,NA
1767,2020,Combined,3,1,3,NA
1767,2021,China_Birdwatch,1,1,1,883
1767,2021,Combined,1,1,1,883
1767,2022,China_Birdwatch,2,1,2,63.529411764705884
1767,2022,Combined,2,1,2,63.529411764705884
1767,2023,China_Birdwatch,32,2,32,96.78125
1767,2023,Combined,32,2,32,96.78125
1767,2024,China_Birdwatch,54,1,54,60.61025641025641
1767,2024,Combined,54,1,54,60.61025641025641
1769,2018,eBird_GBIF,1,1,1,NA
1769,2018,Combined,1,1,1,NA
1769,2021,China_Birdwatch,1,1,1,4905
1769,2021,Combined,1,1,1,4905
1769,2023,China_Birdwatch,8,4,6,147.2950819672131
1769,2023,Combined,8,4,6,147.2950819672131
1769,2024,China_Birdwatch,2,2,1,60
1769,2024,Combined,2,2,1,60
1770,2006,eBird_GBIF,1,1,1,NA
1770,2006,Combined,1,1,1,NA
1770,2018,eBird_GBIF,1,1,1,NA
1770,2018,Combined,1,1,1,NA
1770,2021,China_Birdwatch,2,1,2,6429.130434782609
1770,2021,Combined,2,1,2,6429.130434782609
1770,2023,China_Birdwatch,5,3,5,57041.57894736841
1770,2023,Combined,5,3,5,57041.57894736841
1770,2024,China_Birdwatch,14,5,14,166.52777777777777
1770,2024,Combined,14,5,14,166.52777777777777
1771,2024,China_Birdwatch,1,1,1,540
1771,2024,Combined,1,1,1,540
1772,2013,eBird_GBIF,1,1,1,NA
1772,2013,Combined,1,1,1,NA
1772,2021,China_Birdwatch,3,1,3,125.73170731707317
1772,2021,eBird_GBIF,5,2,4,NA
1772,2021,Combined,8,3,7,125.73170731707317
1772,2022,China_Birdwatch,1,1,1,360
1772,2022,eBird_GBIF,2,1,2,NA
1772,2022,Combined,3,2,3,360
1772,2023,eBird_GBIF,1,1,1,NA
1772,2023,Combined,1,1,1,NA
1772,2024,China_Birdwatch,16,12,12,602.8284789644013
1772,2024,Combined,16,12,12,602.8284789644013
1773,2015,eBird_GBIF,2,1,2,NA
1773,2015,Combined,2,1,2,NA
1773,2018,eBird_GBIF,2,2,2,NA
1773,2018,Combined,2,2,2,NA
1773,2020,China_Birdwatch,1,1,1,420
1773,2020,eBird_GBIF,1,1,1,NA
1773,2020,Combined,2,2,2,420
1773,2021,China_Birdwatch,1,1,1,60
1773,2021,eBird_GBIF,1,1,1,NA
1773,2021,Combined,2,2,2,60
1773,2022,China_Birdwatch,1,1,1,445
1773,2022,eBird_GBIF,1,1,1,NA
1773,2022,Combined,2,2,2,445
1773,2023,China_Birdwatch,2,2,2,444.48148148148147
1773,2023,eBird_GBIF,1,1,1,NA
1773,2023,Combined,3,3,3,444.48148148148147
1773,2024,China_Birdwatch,28,16,25,183.62724935732638
1773,2024,Combined,28,16,25,183.62724935732638
1774,2014,eBird_GBIF,1,1,1,NA
1774,2014,Combined,1,1,1,NA
1774,2015,eBird_GBIF,2,1,2,NA
1774,2015,Combined,2,1,2,NA
1774,2017,eBird_GBIF,2,2,1,NA
1774,2017,Combined,2,2,1,NA
1774,2019,China_Birdwatch,1,1,1,5253
1774,2019,Combined,1,1,1,5253
1774,2020,China_Birdwatch,1,1,1,540
1774,2020,eBird_GBIF,2,2,2,NA
1774,2020,Combined,3,3,3,540
1774,2021,eBird_GBIF,1,1,1,NA
1774,2021,Combined,1,1,1,NA
1774,2022,eBird_GBIF,1,1,1,NA
1774,2022,Combined,1,1,1,NA
1774,2023,eBird_GBIF,1,1,1,NA
1774,2023,Combined,1,1,1,NA
1774,2024,China_Birdwatch,10,4,10,75.42727272727272
1774,2024,Combined,10,4,10,75.42727272727272
1775,2014,eBird_GBIF,2,2,2,NA
1775,2014,Combined,2,2,2,NA
1775,2019,China_Birdwatch,1,1,1,540
1775,2019,eBird_GBIF,1,1,1,NA
1775,2019,Combined,2,2,2,540
1775,2020,eBird_GBIF,2,2,2,NA
1775,2020,Combined,2,2,2,NA
1775,2021,eBird_GBIF,3,3,3,NA
1775,2021,Combined,3,3,3,NA
1775,2022,China_Birdwatch,1,1,1,60
1775,2022,eBird_GBIF,3,1,3,NA
1775,2022,Combined,4,2,4,60
1775,2023,China_Birdwatch,3,3,3,152839.375
1775,2023,eBird_GBIF,8,3,8,NA
1775,2023,Combined,11,6,11,152839.375
1775,2024,China_Birdwatch,62,30,55,197.26057298772187
1775,2024,Combined,62,30,55,197.26057298772187
1776,2017,eBird_GBIF,1,1,1,NA
1776,2017,Combined,1,1,1,NA
1776,2019,China_Birdwatch,2,1,2,100
1776,2019,eBird_GBIF,2,2,1,NA
1776,2019,Combined,4,3,3,100
1776,2020,China_Birdwatch,1,1,1,120
1776,2020,Combined,1,1,1,120
1776,2021,eBird_GBIF,2,1,2,NA
1776,2021,Combined,2,1,2,NA
1776,2022,eBird_GBIF,4,2,4,NA
1776,2022,Combined,4,2,4,NA
1776,2023,China_Birdwatch,1,1,1,60
1776,2023,eBird_GBIF,2,1,2,NA
1776,2023,Combined,3,2,3,60
1776,2024,China_Birdwatch,10,7,9,95.32584269662918
1776,2024,Combined,10,7,9,95.32584269662918
1777,2017,eBird_GBIF,1,1,1,NA
1777,2017,Combined,1,1,1,NA
1777,2023,China_Birdwatch,1,1,1,420
1777,2023,Combined,1,1,1,420
1777,2024,China_Birdwatch,13,12,12,682.0989010989011
1777,2024,Combined,13,12,12,682.0989010989011
1778,2009,eBird_GBIF,1,1,1,NA
1778,2009,Combined,1,1,1,NA
1778,2011,eBird_GBIF,2,1,2,NA
1778,2011,Combined,2,1,2,NA
1778,2012,eBird_GBIF,3,3,2,NA
1778,2012,Combined,3,3,2,NA
1778,2013,eBird_GBIF,6,3,4,NA
1778,2013,Combined,6,3,4,NA
1778,2014,China_Birdwatch,3,2,3,2877.8571428571427
1778,2014,eBird_GBIF,3,3,2,NA
1778,2014,Combined,6,5,5,2877.8571428571427
1778,2015,eBird_GBIF,4,3,4,NA
1778,2015,Combined,4,3,4,NA
1778,2016,eBird_GBIF,17,10,14,NA
1778,2016,Combined,17,10,14,NA
1778,2017,China_Birdwatch,2,1,2,480
1778,2017,eBird_GBIF,13,11,12,NA
1778,2017,Combined,15,12,14,480
1778,2018,China_Birdwatch,3,3,3,398.51851851851853
1778,2018,eBird_GBIF,31,23,19,NA
1778,2018,Combined,34,26,20,398.51851851851853
1778,2019,China_Birdwatch,9,7,9,5067.754152823919
1778,2019,eBird_GBIF,38,23,22,NA
1778,2019,Combined,47,30,29,5067.754152823919
1778,2020,China_Birdwatch,1,1,1,360
1778,2020,eBird_GBIF,6,6,5,NA
1778,2020,Combined,7,7,6,360
1778,2021,China_Birdwatch,15,11,13,3484.785850860426
1778,2021,eBird_GBIF,26,15,17,NA
1778,2021,Combined,41,26,27,3484.785850860426
1778,2022,China_Birdwatch,4,4,4,4363.953125
1778,2022,eBird_GBIF,3,2,2,NA
1778,2022,Combined,7,6,6,4363.953125
1778,2023,China_Birdwatch,80,42,54,216.0466386554624
1778,2023,eBird_GBIF,46,28,30,NA
1778,2023,Combined,126,70,68,216.0466386554624
1778,2024,China_Birdwatch,235,115,119,280.2184257850333
1778,2024,Combined,235,115,119,280.2184257850333
1779,2024,China_Birdwatch,1,1,1,60
1779,2024,Combined,1,1,1,60
1782,2008,eBird_GBIF,1,1,1,NA
1782,2008,Combined,1,1,1,NA
1782,2009,eBird_GBIF,1,1,1,NA
1782,2009,Combined,1,1,1,NA
1782,2011,eBird_GBIF,3,1,3,NA
1782,2011,Combined,3,1,3,NA
1782,2012,eBird_GBIF,9,5,9,NA
1782,2012,Combined,9,5,9,NA
1782,2013,eBird_GBIF,11,4,10,NA
1782,2013,Combined,11,4,10,NA
1782,2014,eBird_GBIF,6,1,6,NA
1782,2014,Combined,6,1,6,NA
1782,2015,eBird_GBIF,3,2,3,NA
1782,2015,Combined,3,2,3,NA
1782,2016,eBird_GBIF,1,1,1,NA
1782,2016,Combined,1,1,1,NA
1782,2017,China_Birdwatch,1,1,1,390
1782,2017,eBird_GBIF,19,11,9,NA
1782,2017,Combined,20,12,9,390
1782,2018,China_Birdwatch,1,1,1,2520
1782,2018,eBird_GBIF,113,9,97,NA
1782,2018,Combined,114,10,97,2520
1782,2019,China_Birdwatch,3,1,3,107.5
1782,2019,eBird_GBIF,59,3,58,NA
1782,2019,Combined,62,4,60,107.5
1782,2020,China_Birdwatch,1,1,1,300
1782,2020,eBird_GBIF,12,5,7,NA
1782,2020,Combined,13,6,7,300
1782,2021,China_Birdwatch,5,4,5,364.2857142857143
1782,2021,eBird_GBIF,18,8,12,NA
1782,2021,Combined,23,12,15,364.2857142857143
1782,2022,China_Birdwatch,10,4,8,475.92783505154637
1782,2022,eBird_GBIF,27,3,14,NA
1782,2022,Combined,37,7,22,475.92783505154637
1782,2023,China_Birdwatch,40,17,28,609.274774774775
1782,2023,eBird_GBIF,26,8,19,NA
1782,2023,Combined,66,25,44,609.274774774775
1782,2024,China_Birdwatch,150,63,80,852.3176648976486
1782,2024,Combined,150,63,80,852.3176648976486
1783,2017,eBird_GBIF,2,2,1,NA
1783,2017,Combined,2,2,1,NA
1783,2018,eBird_GBIF,5,1,5,NA
1783,2018,Combined,5,1,5,NA
1783,2019,eBird_GBIF,4,3,4,NA
1783,2019,Combined,4,3,4,NA
1783,2023,China_Birdwatch,1,1,1,390
1783,2023,Combined,1,1,1,390
1783,2024,China_Birdwatch,8,6,8,111.4090909090909
1783,2024,Combined,8,6,8,111.4090909090909
1803,2010,eBird_GBIF,2,1,2,NA
1803,2010,Combined,2,1,2,NA
1803,2011,eBird_GBIF,3,3,2,NA
1803,2011,Combined,3,3,2,NA
1803,2012,China_Birdwatch,1,1,1,2100
1803,2012,eBird_GBIF,1,1,1,NA
1803,2012,Combined,2,2,2,2100
1803,2013,eBird_GBIF,2,2,1,NA
1803,2013,Combined,2,2,1,NA
1803,2019,eBird_GBIF,1,1,1,NA
1803,2019,Combined,1,1,1,NA
1803,2021,China_Birdwatch,3,3,3,2377.0434782608695
1803,2021,eBird_GBIF,1,1,1,NA
1803,2021,Combined,4,4,4,2377.0434782608695
1803,2022,China_Birdwatch,4,4,4,542.9032258064516
1803,2022,eBird_GBIF,1,1,1,NA
1803,2022,Combined,5,5,5,542.9032258064516
1803,2023,China_Birdwatch,10,10,10,8620.74603174603
1803,2023,eBird_GBIF,4,3,4,NA
1803,2023,Combined,14,13,13,8620.74603174603
1803,2024,China_Birdwatch,34,27,25,2110.9808219178103
1803,2024,Combined,34,27,25,2110.9808219178103
1804,2021,China_Birdwatch,1,1,1,210
1804,2021,Combined,1,1,1,210
1804,2022,China_Birdwatch,1,1,1,60
1804,2022,Combined,1,1,1,60
1804,2023,China_Birdwatch,1,1,1,60
1804,2023,eBird_GBIF,1,1,1,NA
1804,2023,Combined,2,2,2,60
1804,2024,China_Birdwatch,7,7,7,266.46153846153845
1804,2024,Combined,7,7,7,266.46153846153845
1805,2020,China_Birdwatch,1,1,1,22380
1805,2020,Combined,1,1,1,22380
1805,2022,China_Birdwatch,4,1,4,60
1805,2022,Combined,4,1,4,60
1805,2023,China_Birdwatch,1,1,1,60
1805,2023,Combined,1,1,1,60
1805,2024,China_Birdwatch,7,6,5,304.0909090909091
1805,2024,Combined,7,6,5,304.0909090909091
1806,2011,eBird_GBIF,1,1,1,NA
1806,2011,Combined,1,1,1,NA
1806,2021,China_Birdwatch,7,2,5,217954.54166666666
1806,2021,Combined,7,2,5,217954.54166666666
1806,2022,China_Birdwatch,11,1,11,1316.4399999999998
1806,2022,Combined,11,1,11,1316.4399999999998
1806,2023,China_Birdwatch,8,2,8,2247.0476190476193
1806,2023,eBird_GBIF,1,1,1,NA
1806,2023,Combined,9,3,9,2247.0476190476193
1806,2024,China_Birdwatch,2,2,2,239.16666666666666
1806,2024,Combined,2,2,2,239.16666666666666
1807,2012,eBird_GBIF,1,1,1,NA
1807,2012,Combined,1,1,1,NA
1807,2023,China_Birdwatch,1,1,1,60
1807,2023,eBird_GBIF,1,1,1,NA
1807,2023,Combined,2,2,2,60
1807,2024,China_Birdwatch,1,1,1,113
1807,2024,Combined,1,1,1,113
1808,2023,China_Birdwatch,1,1,1,60
1808,2023,Combined,1,1,1,60
1808,2024,China_Birdwatch,4,1,4,165.73958333333334
1808,2024,Combined,4,1,4,165.73958333333334
1809,2023,eBird_GBIF,4,4,2,NA
1809,2023,Combined,4,4,2,NA
1809,2024,China_Birdwatch,2,1,2,25.77777777777778
1809,2024,Combined,2,1,2,25.77777777777778
1815,2024,China_Birdwatch,1,1,1,60
1815,2024,Combined,1,1,1,60
1816,2024,China_Birdwatch,2,2,2,2190.186440677966
1816,2024,Combined,2,2,2,2190.186440677966
1819,2024,China_Birdwatch,2,2,2,276
1819,2024,Combined,2,2,2,276
1820,2022,China_Birdwatch,1,1,1,60
1820,2022,Combined,1,1,1,60
1820,2024,China_Birdwatch,5,5,4,143.21311475409837
1820,2024,Combined,5,5,4,143.21311475409837
1821,2023,eBird_GBIF,1,1,1,NA
1821,2023,Combined,1,1,1,NA
1821,2024,China_Birdwatch,1,1,1,60
1821,2024,Combined,1,1,1,60
1822,2015,eBird_GBIF,1,1,1,NA
1822,2015,Combined,1,1,1,NA
1823,2020,China_Birdwatch,1,1,1,45
1823,2020,eBird_GBIF,1,1,1,NA
1823,2020,Combined,2,2,1,45
1823,2021,China_Birdwatch,1,1,1,217
1823,2021,Combined,1,1,1,217
1823,2023,China_Birdwatch,2,2,2,78
1823,2023,Combined,2,2,2,78
1823,2024,China_Birdwatch,3,3,3,48.8235294117647
1823,2024,Combined,3,3,3,48.8235294117647
1824,2019,eBird_GBIF,1,1,1,NA
1824,2019,Combined,1,1,1,NA
1824,2021,China_Birdwatch,1,1,1,300
1824,2021,Combined,1,1,1,300
1824,2022,China_Birdwatch,2,2,2,376.3636363636364
1824,2022,Combined,2,2,2,376.3636363636364
1824,2023,China_Birdwatch,8,8,8,108.21428571428571
1824,2023,eBird_GBIF,1,1,1,NA
1824,2023,Combined,9,9,9,108.21428571428571
1824,2024,China_Birdwatch,9,9,9,176.1290322580645
1824,2024,Combined,9,9,9,176.1290322580645
1825,2023,China_Birdwatch,1,1,1,4
1825,2023,Combined,1,1,1,4
1826,2012,eBird_GBIF,1,1,1,NA
1826,2012,Combined,1,1,1,NA
1826,2019,eBird_GBIF,1,1,1,NA
1826,2019,Combined,1,1,1,NA
1826,2020,eBird_GBIF,4,4,3,NA
1826,2020,Combined,4,4,3,NA
1826,2021,eBird_GBIF,2,2,1,NA
1826,2021,Combined,2,2,1,NA
1826,2022,China_Birdwatch,1,1,1,60
1826,2022,Combined,1,1,1,60
1826,2023,China_Birdwatch,12,11,11,78.94
1826,2023,eBird_GBIF,5,5,3,NA
1826,2023,Combined,17,16,14,78.94
1826,2024,China_Birdwatch,8,8,8,151.7027027027027
1826,2024,Combined,8,8,8,151.7027027027027
1827,2024,China_Birdwatch,2,1,2,60
1827,2024,Combined,2,1,2,60
1828,2014,China_Birdwatch,1,1,1,360
1828,2014,Combined,1,1,1,360
1828,2018,eBird_GBIF,3,3,1,NA
1828,2018,Combined,3,3,1,NA
1828,2020,eBird_GBIF,1,1,1,NA
1828,2020,Combined,1,1,1,NA
1828,2021,eBird_GBIF,1,1,1,NA
1828,2021,Combined,1,1,1,NA
1828,2022,China_Birdwatch,2,1,2,92.72727272727272
1828,2022,Combined,2,1,2,92.72727272727272
1828,2024,China_Birdwatch,7,6,7,60
1828,2024,Combined,7,6,7,60
1829,2019,eBird_GBIF,1,1,1,NA
1829,2019,Combined,1,1,1,NA
1829,2023,eBird_GBIF,2,1,2,NA
1829,2023,Combined,2,1,2,NA
1829,2024,China_Birdwatch,2,2,2,60
1829,2024,Combined,2,2,2,60
1830,2018,eBird_GBIF,1,1,1,NA
1830,2018,Combined,1,1,1,NA
1830,2019,eBird_GBIF,3,1,3,NA
1830,2019,Combined,3,1,3,NA
1831,2016,eBird_GBIF,2,2,1,NA
1831,2016,Combined,2,2,1,NA
1831,2017,eBird_GBIF,2,1,2,NA
1831,2017,Combined,2,1,2,NA
1831,2018,eBird_GBIF,2,1,2,NA
1831,2018,Combined,2,1,2,NA
1831,2019,China_Birdwatch,1,1,1,1555
1831,2019,Combined,1,1,1,1555
1831,2020,eBird_GBIF,2,2,2,NA
1831,2020,Combined,2,2,2,NA
1831,2021,eBird_GBIF,1,1,1,NA
1831,2021,Combined,1,1,1,NA
1831,2023,China_Birdwatch,5,5,4,328.8095238095238
1831,2023,eBird_GBIF,1,1,1,NA
1831,2023,Combined,6,6,5,328.8095238095238
1831,2024,China_Birdwatch,21,20,11,194.82587064676616
1831,2024,Combined,21,20,11,194.82587064676616
1832,2004,eBird_GBIF,1,1,1,NA
1832,2004,Combined,1,1,1,NA
1832,2012,eBird_GBIF,1,1,1,NA
1832,2012,Combined,1,1,1,NA
1832,2015,eBird_GBIF,1,1,1,NA
1832,2015,Combined,1,1,1,NA
1832,2016,eBird_GBIF,2,2,1,NA
1832,2016,Combined,2,2,1,NA
1832,2018,China_Birdwatch,2,2,2,461.05263157894734
1832,2018,eBird_GBIF,3,3,2,NA
1832,2018,Combined,5,5,4,461.05263157894734
1832,2019,China_Birdwatch,1,1,1,480
1832,2019,eBird_GBIF,8,4,8,NA
1832,2019,Combined,9,5,9,480
1832,2020,China_Birdwatch,1,1,1,90
1832,2020,eBird_GBIF,11,6,9,NA
1832,2020,Combined,12,7,9,90
1832,2021,China_Birdwatch,3,2,3,13311.818181818182
1832,2021,eBird_GBIF,18,8,17,NA
1832,2021,Combined,21,10,19,13311.818181818182
1832,2022,China_Birdwatch,6,5,6,273.0841121495327
1832,2022,eBird_GBIF,10,4,10,NA
1832,2022,Combined,16,9,16,273.0841121495327
1832,2023,China_Birdwatch,27,22,24,171.93680297397776
1832,2023,eBird_GBIF,58,13,35,NA
1832,2023,Combined,85,35,51,171.93680297397776
1832,2024,China_Birdwatch,74,56,53,681.1095505617967
1832,2024,Combined,74,56,53,681.1095505617967
1833,2015,China_Birdwatch,1,1,1,0
1833,2015,Combined,1,1,1,0
1833,2020,eBird_GBIF,3,3,3,NA
1833,2020,Combined,3,3,3,NA
1833,2021,eBird_GBIF,7,4,7,NA
1833,2021,Combined,7,4,7,NA
1833,2022,China_Birdwatch,3,2,3,413.3529411764706
1833,2022,Combined,3,2,3,413.3529411764706
1833,2023,China_Birdwatch,5,5,4,352.7397260273973
1833,2023,eBird_GBIF,15,3,9,NA
1833,2023,Combined,20,8,13,352.7397260273973
1833,2024,China_Birdwatch,21,18,18,1000.4715447154473
1833,2024,Combined,21,18,18,1000.4715447154473
1834,2011,eBird_GBIF,1,1,1,NA
1834,2011,Combined,1,1,1,NA
1834,2020,eBird_GBIF,3,1,3,NA
1834,2020,Combined,3,1,3,NA
1834,2022,China_Birdwatch,1,1,1,140.52941176470588
1834,2022,Combined,1,1,1,140.52941176470588
1834,2023,China_Birdwatch,3,3,3,1123.6363636363635
1834,2023,Combined,3,3,3,1123.6363636363635
1834,2024,China_Birdwatch,14,10,14,8324.366666666665
1834,2024,Combined,14,10,14,8324.366666666665
1835,2023,China_Birdwatch,2,1,2,198.2608695652174
1835,2023,Combined,2,1,2,198.2608695652174
1835,2024,China_Birdwatch,1,1,1,60
1835,2024,Combined,1,1,1,60
1836,2007,eBird_GBIF,5,3,2,NA
1836,2007,Combined,5,3,2,NA
1836,2013,eBird_GBIF,1,1,1,NA
1836,2013,Combined,1,1,1,NA
1836,2015,China_Birdwatch,1,1,1,44
1836,2015,Combined,1,1,1,44
1836,2017,eBird_GBIF,1,1,1,NA
1836,2017,Combined,1,1,1,NA
1836,2018,eBird_GBIF,27,5,14,NA
1836,2018,Combined,27,5,14,NA
1836,2019,eBird_GBIF,11,3,7,NA
1836,2019,Combined,11,3,7,NA
1836,2020,China_Birdwatch,2,2,2,844.6153846153845
1836,2020,eBird_GBIF,4,3,3,NA
1836,2020,Combined,6,5,5,844.6153846153845
1836,2021,China_Birdwatch,3,3,2,337.8
1836,2021,Combined,3,3,2,337.8
1836,2022,China_Birdwatch,1,1,1,1500
1836,2022,eBird_GBIF,4,3,4,NA
1836,2022,Combined,5,4,5,1500
1836,2023,China_Birdwatch,4,4,4,103.5
1836,2023,Combined,4,4,4,103.5
1836,2024,China_Birdwatch,25,22,23,264.02790697674425
1836,2024,Combined,25,22,23,264.02790697674425
1837,2007,eBird_GBIF,1,1,1,NA
1837,2007,Combined,1,1,1,NA
1837,2011,eBird_GBIF,1,1,1,NA
1837,2011,Combined,1,1,1,NA
1837,2013,eBird_GBIF,1,1,1,NA
1837,2013,Combined,1,1,1,NA
1837,2014,eBird_GBIF,1,1,1,NA
1837,2014,Combined,1,1,1,NA
1837,2015,eBird_GBIF,4,1,4,NA
1837,2015,Combined,4,1,4,NA
1837,2018,China_Birdwatch,1,1,1,63
1837,2018,eBird_GBIF,2,2,1,NA
1837,2018,Combined,3,3,2,63
1837,2019,eBird_GBIF,2,1,2,NA
1837,2019,Combined,2,1,2,NA
1837,2021,China_Birdwatch,3,3,3,60
1837,2021,eBird_GBIF,7,5,4,NA
1837,2021,Combined,10,8,6,60
1837,2022,eBird_GBIF,1,1,1,NA
1837,2022,Combined,1,1,1,NA
1837,2023,China_Birdwatch,4,3,4,15936
1837,2023,Combined,4,3,4,15936
1837,2024,China_Birdwatch,28,19,28,268.73232323232315
1837,2024,Combined,28,19,28,268.73232323232315
1838,2011,eBird_GBIF,1,1,1,NA
1838,2011,Combined,1,1,1,NA
1838,2013,eBird_GBIF,3,1,3,NA
1838,2013,Combined,3,1,3,NA
1838,2015,eBird_GBIF,1,1,1,NA
1838,2015,Combined,1,1,1,NA
1838,2020,China_Birdwatch,1,1,1,210
1838,2020,eBird_GBIF,1,1,1,NA
1838,2020,Combined,2,2,2,210
1838,2022,China_Birdwatch,2,1,2,60
1838,2022,eBird_GBIF,1,1,1,NA
1838,2022,Combined,3,2,3,60
1838,2023,China_Birdwatch,8,7,7,191.43661971830986
1838,2023,eBird_GBIF,1,1,1,NA
1838,2023,Combined,9,8,8,191.43661971830986
1838,2024,China_Birdwatch,23,14,19,162.5535714285714
1838,2024,Combined,23,14,19,162.5535714285714
1839,2019,eBird_GBIF,1,1,1,NA
1839,2019,Combined,1,1,1,NA
1839,2021,China_Birdwatch,1,1,1,60
1839,2021,Combined,1,1,1,60
1839,2022,China_Birdwatch,1,1,1,60
1839,2022,Combined,1,1,1,60
1839,2023,China_Birdwatch,6,3,6,207.1153846153846
1839,2023,eBird_GBIF,1,1,1,NA
1839,2023,Combined,7,4,7,207.1153846153846
1839,2024,China_Birdwatch,20,9,17,70.42307692307693
1839,2024,Combined,20,9,17,70.42307692307693
1840,2021,China_Birdwatch,3,2,3,439.5652173913043
1840,2021,eBird_GBIF,1,1,1,NA
1840,2021,Combined,4,3,4,439.5652173913043
1840,2022,China_Birdwatch,1,1,1,60
1840,2022,Combined,1,1,1,60
1840,2023,China_Birdwatch,5,3,4,60
1840,2023,Combined,5,3,4,60
1840,2024,China_Birdwatch,2,1,2,60
1840,2024,Combined,2,1,2,60
1841,2006,eBird_GBIF,1,1,1,NA
1841,2006,Combined,1,1,1,NA
1841,2018,eBird_GBIF,1,1,1,NA
1841,2018,Combined,1,1,1,NA
1841,2020,China_Birdwatch,1,1,1,510
1841,2020,Combined,1,1,1,510
1841,2023,China_Birdwatch,3,3,3,83.625
1841,2023,Combined,3,3,3,83.625
1841,2024,China_Birdwatch,5,5,5,540
1841,2024,Combined,5,5,5,540
1842,2024,China_Birdwatch,2,2,2,60
1842,2024,Combined,2,2,2,60
1843,2022,eBird_GBIF,1,1,1,NA
1843,2022,Combined,1,1,1,NA
1843,2023,China_Birdwatch,4,3,4,107791.90243902442
1843,2023,Combined,4,3,4,107791.90243902442
1843,2024,China_Birdwatch,8,5,8,78.94736842105263
1843,2024,Combined,8,5,8,78.94736842105263
1844,2005,eBird_GBIF,1,1,1,NA
1844,2005,Combined,1,1,1,NA
1844,2011,eBird_GBIF,2,2,2,NA
1844,2011,Combined,2,2,2,NA
1844,2012,eBird_GBIF,16,10,12,NA
1844,2012,Combined,16,10,12,NA
1844,2013,eBird_GBIF,15,12,11,NA
1844,2013,Combined,15,12,11,NA
1844,2014,eBird_GBIF,9,8,7,NA
1844,2014,Combined,9,8,7,NA
1844,2015,eBird_GBIF,3,3,3,NA
1844,2015,Combined,3,3,3,NA
1844,2016,China_Birdwatch,1,1,1,510
1844,2016,eBird_GBIF,10,7,7,NA
1844,2016,Combined,11,8,8,510
1844,2017,eBird_GBIF,11,9,6,NA
1844,2017,Combined,11,9,6,NA
1844,2018,eBird_GBIF,8,7,7,NA
1844,2018,Combined,8,7,7,NA
1844,2019,China_Birdwatch,1,1,1,240
1844,2019,eBird_GBIF,9,8,6,NA
1844,2019,Combined,10,9,7,240
1844,2020,eBird_GBIF,3,2,3,NA
1844,2020,Combined,3,2,3,NA
1844,2021,China_Birdwatch,4,3,3,57.15384615384615
1844,2021,eBird_GBIF,11,9,9,NA
1844,2021,Combined,15,12,11,57.15384615384615
1844,2022,China_Birdwatch,2,2,2,112.5
1844,2022,eBird_GBIF,4,1,4,NA
1844,2022,Combined,6,3,6,112.5
1844,2023,China_Birdwatch,4,3,4,158.88888888888889
1844,2023,eBird_GBIF,3,3,3,NA
1844,2023,Combined,7,6,6,158.88888888888889
1844,2024,China_Birdwatch,29,23,24,245.12209302325584
1844,2024,Combined,29,23,24,245.12209302325584
1845,2013,China_Birdwatch,1,1,1,60
1845,2013,Combined,1,1,1,60
1845,2014,eBird_GBIF,1,1,1,NA
1845,2014,Combined,1,1,1,NA
1845,2015,eBird_GBIF,3,1,3,NA
1845,2015,Combined,3,1,3,NA
1845,2016,China_Birdwatch,2,1,2,825.8571428571428
1845,2016,eBird_GBIF,1,1,1,NA
1845,2016,Combined,3,2,3,825.8571428571428
1845,2017,China_Birdwatch,1,1,1,60
1845,2017,eBird_GBIF,1,1,1,NA
1845,2017,Combined,2,2,2,60
1845,2018,eBird_GBIF,14,9,13,NA
1845,2018,Combined,14,9,13,NA
1845,2019,China_Birdwatch,1,1,1,480
1845,2019,eBird_GBIF,5,4,4,NA
1845,2019,Combined,6,5,4,480
1845,2020,China_Birdwatch,4,3,4,160.75471698113208
1845,2020,eBird_GBIF,26,6,22,NA
1845,2020,Combined,30,9,26,160.75471698113208
1845,2021,China_Birdwatch,2,2,1,51.57142857142857
1845,2021,eBird_GBIF,42,6,31,NA
1845,2021,Combined,44,8,32,51.57142857142857
1845,2022,China_Birdwatch,9,3,8,116.7741935483871
1845,2022,eBird_GBIF,21,2,20,NA
1845,2022,Combined,30,5,28,116.7741935483871
1845,2023,China_Birdwatch,51,31,41,115.88292682926824
1845,2023,eBird_GBIF,36,10,33,NA
1845,2023,Combined,87,41,70,115.88292682926824
1845,2024,China_Birdwatch,595,114,267,342.26769230769384
1845,2024,Combined,595,114,267,342.26769230769384
1846,2014,eBird_GBIF,1,1,1,NA
1846,2014,Combined,1,1,1,NA
1846,2015,eBird_GBIF,1,1,1,NA
1846,2015,Combined,1,1,1,NA
1846,2018,eBird_GBIF,3,1,3,NA
1846,2018,Combined,3,1,3,NA
1846,2019,China_Birdwatch,1,1,1,2040
1846,2019,eBird_GBIF,1,1,1,NA
1846,2019,Combined,2,2,2,2040
1846,2021,eBird_GBIF,2,2,2,NA
1846,2021,Combined,2,2,2,NA
1846,2023,China_Birdwatch,7,4,7,109.50381679389314
1846,2023,eBird_GBIF,1,1,1,NA
1846,2023,Combined,8,5,8,109.50381679389314
1846,2024,China_Birdwatch,35,16,34,335.64367816091976
1846,2024,Combined,35,16,34,335.64367816091976
1847,2015,eBird_GBIF,1,1,1,NA
1847,2015,Combined,1,1,1,NA
1847,2017,eBird_GBIF,4,3,4,NA
1847,2017,Combined,4,3,4,NA
1847,2019,eBird_GBIF,3,2,3,NA
1847,2019,Combined,3,2,3,NA
1847,2020,China_Birdwatch,1,1,1,1315
1847,2020,eBird_GBIF,5,3,5,NA
1847,2020,Combined,6,4,6,1315
1847,2021,eBird_GBIF,47,2,47,NA
1847,2021,Combined,47,2,47,NA
1847,2022,China_Birdwatch,1,1,1,94
1847,2022,eBird_GBIF,100,3,99,NA
1847,2022,Combined,101,4,100,94
1847,2023,China_Birdwatch,8,5,8,77.86363636363636
1847,2023,eBird_GBIF,307,8,267,NA
1847,2023,Combined,315,13,269,77.86363636363636
1847,2024,China_Birdwatch,180,49,125,168.32459207459218
1847,2024,Combined,180,49,125,168.32459207459218
1848,2012,eBird_GBIF,1,1,1,NA
1848,2012,Combined,1,1,1,NA
1848,2013,eBird_GBIF,9,7,7,NA
1848,2013,Combined,9,7,7,NA
1848,2014,eBird_GBIF,5,4,4,NA
1848,2014,Combined,5,4,4,NA
1848,2015,eBird_GBIF,2,2,2,NA
1848,2015,Combined,2,2,2,NA
1848,2016,eBird_GBIF,8,4,8,NA
1848,2016,Combined,8,4,8,NA
1848,2017,eBird_GBIF,23,6,23,NA
1848,2017,Combined,23,6,23,NA
1848,2018,eBird_GBIF,15,7,15,NA
1848,2018,Combined,15,7,15,NA
1848,2019,eBird_GBIF,5,4,3,NA
1848,2019,Combined,5,4,3,NA
1848,2020,China_Birdwatch,1,1,1,180
1848,2020,eBird_GBIF,3,3,2,NA
1848,2020,Combined,4,4,3,180
1848,2021,eBird_GBIF,1,1,1,NA
1848,2021,Combined,1,1,1,NA
1848,2023,China_Birdwatch,1,1,1,60
1848,2023,eBird_GBIF,6,3,6,NA
1848,2023,Combined,7,4,6,60
1848,2024,China_Birdwatch,30,20,25,185.00862068965526
1848,2024,Combined,30,20,25,185.00862068965526
1849,2015,eBird_GBIF,1,1,1,NA
1849,2015,Combined,1,1,1,NA
1849,2023,China_Birdwatch,2,2,2,80
1849,2023,Combined,2,2,2,80
1849,2024,China_Birdwatch,22,12,21,82.2111801242236
1849,2024,Combined,22,12,21,82.2111801242236
1850,2022,China_Birdwatch,1,1,1,85
1850,2022,Combined,1,1,1,85
1850,2023,China_Birdwatch,7,3,7,58.85454545454546
1850,2023,Combined,7,3,7,58.85454545454546
1850,2024,China_Birdwatch,45,5,41,835.9650793650791
1850,2024,Combined,45,5,41,835.9650793650791
1851,2023,China_Birdwatch,2,2,2,86.66666666666667
1851,2023,eBird_GBIF,1,1,1,NA
1851,2023,Combined,3,3,3,86.66666666666667
1851,2024,China_Birdwatch,44,18,40,4685.14471780029
1851,2024,Combined,44,18,40,4685.14471780029
1852,2007,China_Birdwatch,1,1,1,30
1852,2007,Combined,1,1,1,30
1852,2009,eBird_GBIF,1,1,1,NA
1852,2009,Combined,1,1,1,NA
1852,2010,eBird_GBIF,2,1,2,NA
1852,2010,Combined,2,1,2,NA
1852,2011,eBird_GBIF,4,2,4,NA
1852,2011,Combined,4,2,4,NA
1852,2012,eBird_GBIF,2,2,2,NA
1852,2012,Combined,2,2,2,NA
1852,2013,eBird_GBIF,8,3,5,NA
1852,2013,Combined,8,3,5,NA
1852,2014,eBird_GBIF,1,1,1,NA
1852,2014,Combined,1,1,1,NA
1852,2016,eBird_GBIF,1,1,1,NA
1852,2016,Combined,1,1,1,NA
1852,2017,China_Birdwatch,1,1,1,2221
1852,2017,eBird_GBIF,1,1,1,NA
1852,2017,Combined,2,2,2,2221
1852,2018,eBird_GBIF,3,3,3,NA
1852,2018,Combined,3,3,3,NA
1852,2019,China_Birdwatch,2,2,2,624.825
1852,2019,eBird_GBIF,4,4,4,NA
1852,2019,Combined,6,6,6,624.825
1852,2020,China_Birdwatch,1,1,1,435
1852,2020,eBird_GBIF,1,1,1,NA
1852,2020,Combined,2,2,2,435
1852,2021,China_Birdwatch,7,5,7,3686.9478260869596
1852,2021,eBird_GBIF,8,7,6,NA
1852,2021,Combined,15,12,12,3686.9478260869596
1852,2022,China_Birdwatch,27,7,26,3395.9082321187575
1852,2022,eBird_GBIF,9,6,9,NA
1852,2022,Combined,36,13,33,3395.9082321187575
1852,2023,China_Birdwatch,124,42,83,2790.0721795964837
1852,2023,eBird_GBIF,35,12,34,NA
1852,2023,Combined,159,54,103,2790.0721795964837
1852,2024,China_Birdwatch,496,225,176,903.0388061712542
1852,2024,Combined,496,225,176,903.0388061712542
1853,2023,eBird_GBIF,1,1,1,NA
1853,2023,Combined,1,1,1,NA
1854,2013,China_Birdwatch,1,1,1,780
1854,2013,Combined,1,1,1,780
1854,2016,eBird_GBIF,6,1,6,NA
1854,2016,Combined,6,1,6,NA
1854,2017,China_Birdwatch,1,1,1,30138
1854,2017,eBird_GBIF,17,1,17,NA
1854,2017,Combined,18,2,18,30138
1854,2018,eBird_GBIF,21,2,21,NA
1854,2018,Combined,21,2,21,NA
1854,2019,eBird_GBIF,11,7,6,NA
1854,2019,Combined,11,7,6,NA
1854,2022,eBird_GBIF,1,1,1,NA
1854,2022,Combined,1,1,1,NA
1854,2023,China_Birdwatch,4,3,4,160
1854,2023,Combined,4,3,4,160
1854,2024,China_Birdwatch,17,15,16,61.114754098360656
1854,2024,Combined,17,15,16,61.114754098360656
1855,2004,eBird_GBIF,1,1,1,NA
1855,2004,Combined,1,1,1,NA
1855,2014,eBird_GBIF,1,1,1,NA
1855,2014,Combined,1,1,1,NA
1855,2016,eBird_GBIF,3,1,3,NA
1855,2016,Combined,3,1,3,NA
1855,2017,eBird_GBIF,26,2,25,NA
1855,2017,Combined,26,2,25,NA
1855,2018,eBird_GBIF,15,1,15,NA
1855,2018,Combined,15,1,15,NA
1855,2019,eBird_GBIF,2,2,1,NA
1855,2019,Combined,2,2,1,NA
1855,2021,China_Birdwatch,1,1,1,60
1855,2021,eBird_GBIF,1,1,1,NA
1855,2021,Combined,2,2,2,60
1855,2022,China_Birdwatch,2,2,2,60
1855,2022,Combined,2,2,2,60
1855,2023,China_Birdwatch,21,1,21,1024.3269230769233
1855,2023,eBird_GBIF,1,1,1,NA
1855,2023,Combined,22,2,22,1024.3269230769233
1855,2024,China_Birdwatch,104,21,94,1392.2360742705528
1855,2024,Combined,104,21,94,1392.2360742705528
1856,2024,China_Birdwatch,1,1,1,100
1856,2024,Combined,1,1,1,100
1875,2012,China_Birdwatch,1,1,1,23
1875,2012,Combined,1,1,1,23
1875,2019,eBird_GBIF,1,1,1,NA
1875,2019,Combined,1,1,1,NA
1875,2022,China_Birdwatch,3,2,3,48
1875,2022,Combined,3,2,3,48
1875,2023,China_Birdwatch,3,2,2,444.2285714285714
1875,2023,Combined,3,2,2,444.2285714285714
1875,2024,China_Birdwatch,6,4,4,234.18571428571428
1875,2024,Combined,6,4,4,234.18571428571428
1876,2012,China_Birdwatch,1,1,1,37
1876,2012,Combined,1,1,1,37
1876,2023,eBird_GBIF,1,1,1,NA
1876,2023,Combined,1,1,1,NA
1876,2024,China_Birdwatch,5,4,4,807.8169014084508
1876,2024,Combined,5,4,4,807.8169014084508
1877,2022,China_Birdwatch,3,2,3,226.1764705882353
1877,2022,Combined,3,2,3,226.1764705882353
1877,2023,China_Birdwatch,3,2,2,112.17391304347827
1877,2023,eBird_GBIF,3,3,1,NA
1877,2023,Combined,6,5,3,112.17391304347827
1877,2024,China_Birdwatch,1,1,1,60
1877,2024,Combined,1,1,1,60
1878,2024,China_Birdwatch,1,1,1,60
1878,2024,Combined,1,1,1,60
1879,2022,China_Birdwatch,1,1,1,60
1879,2022,Combined,1,1,1,60
1879,2023,China_Birdwatch,2,1,2,60
1879,2023,Combined,2,1,2,60
1880,2019,eBird_GBIF,1,1,1,NA
1880,2019,Combined,1,1,1,NA
1880,2022,China_Birdwatch,6,1,6,60
1880,2022,Combined,6,1,6,60
1880,2023,China_Birdwatch,4,3,4,124.4
1880,2023,eBird_GBIF,5,5,3,NA
1880,2023,Combined,9,8,7,124.4
1880,2024,China_Birdwatch,29,11,27,1007.1309771309777
1880,2024,Combined,29,11,27,1007.1309771309777
1881,2022,China_Birdwatch,1,1,1,60
1881,2022,Combined,1,1,1,60
1881,2023,China_Birdwatch,2,1,2,77.3076923076923
1881,2023,eBird_GBIF,4,4,2,NA
1881,2023,Combined,6,5,4,77.3076923076923
1881,2024,China_Birdwatch,20,7,19,107.88429752066115
1881,2024,Combined,20,7,19,107.88429752066115
1882,2023,China_Birdwatch,5,2,5,60
1882,2023,Combined,5,2,5,60
1882,2024,China_Birdwatch,8,6,8,2390.8490566037735
1882,2024,Combined,8,6,8,2390.8490566037735
1884,2017,China_Birdwatch,1,1,1,360
1884,2017,Combined,1,1,1,360
1884,2022,China_Birdwatch,1,1,1,474
1884,2022,Combined,1,1,1,474
1884,2023,China_Birdwatch,1,1,1,660
1884,2023,eBird_GBIF,1,1,1,NA
1884,2023,Combined,2,2,2,660
1884,2024,China_Birdwatch,7,6,6,3595
1884,2024,Combined,7,6,6,3595
1892,2024,China_Birdwatch,6,3,4,539.0106382978723
1892,2024,Combined,6,3,4,539.0106382978723
1895,2018,eBird_GBIF,2,2,1,NA
1895,2018,Combined,2,2,1,NA
1895,2019,eBird_GBIF,1,1,1,NA
1895,2019,Combined,1,1,1,NA
1895,2023,eBird_GBIF,1,1,1,NA
1895,2023,Combined,1,1,1,NA
1896,2018,eBird_GBIF,2,2,1,NA
1896,2018,Combined,2,2,1,NA
1896,2019,eBird_GBIF,1,1,1,NA
1896,2019,Combined,1,1,1,NA
1897,2023,China_Birdwatch,4,4,2,228.42105263157896
1897,2023,Combined,4,4,2,228.42105263157896
1898,2020,eBird_GBIF,1,1,1,NA
1898,2020,Combined,1,1,1,NA
1899,2010,eBird_GBIF,1,1,1,NA
1899,2010,Combined,1,1,1,NA
1899,2017,China_Birdwatch,1,1,1,180
1899,2017,eBird_GBIF,2,2,2,NA
1899,2017,Combined,3,3,3,180
1899,2018,eBird_GBIF,9,5,4,NA
1899,2018,Combined,9,5,4,NA
1899,2019,eBird_GBIF,2,2,2,NA
1899,2019,Combined,2,2,2,NA
1899,2020,China_Birdwatch,1,1,1,1860
1899,2020,eBird_GBIF,5,5,3,NA
1899,2020,Combined,6,6,4,1860
1899,2021,China_Birdwatch,2,2,2,465.7894736842105
1899,2021,eBird_GBIF,8,7,6,NA
1899,2021,Combined,10,9,8,465.7894736842105
1899,2022,China_Birdwatch,8,8,6,160.08403361344537
1899,2022,eBird_GBIF,11,10,6,NA
1899,2022,Combined,19,18,10,160.08403361344537
1899,2023,China_Birdwatch,18,18,12,179.54692556634305
1899,2023,eBird_GBIF,6,6,4,NA
1899,2023,Combined,24,24,13,179.54692556634305
1899,2024,China_Birdwatch,44,41,24,243.95012165450115
1899,2024,Combined,44,41,24,243.95012165450115
1900,2004,eBird_GBIF,1,1,1,NA
1900,2004,Combined,1,1,1,NA
1900,2007,eBird_GBIF,1,1,1,NA
1900,2007,Combined,1,1,1,NA
1900,2015,China_Birdwatch,1,1,1,542
1900,2015,Combined,1,1,1,542
1900,2016,eBird_GBIF,6,2,3,NA
1900,2016,Combined,6,2,3,NA
1900,2018,eBird_GBIF,4,4,1,NA
1900,2018,Combined,4,4,1,NA
1900,2021,China_Birdwatch,1,1,1,120
1900,2021,eBird_GBIF,2,2,2,NA
1900,2021,Combined,3,3,3,120
1900,2022,China_Birdwatch,4,4,3,75.55555555555556
1900,2022,Combined,4,4,3,75.55555555555556
1900,2023,China_Birdwatch,9,9,7,63.50877192982456
1900,2023,eBird_GBIF,8,7,5,NA
1900,2023,Combined,17,16,11,63.50877192982456
1900,2024,China_Birdwatch,7,4,7,105.472972972973
1900,2024,Combined,7,4,7,105.472972972973
1901,2014,eBird_GBIF,1,1,1,NA
1901,2014,Combined,1,1,1,NA
1901,2016,eBird_GBIF,4,2,2,NA
1901,2016,Combined,4,2,2,NA
1901,2018,eBird_GBIF,2,2,2,NA
1901,2018,Combined,2,2,2,NA
1901,2019,eBird_GBIF,1,1,1,NA
1901,2019,Combined,1,1,1,NA
1901,2021,eBird_GBIF,1,1,1,NA
1901,2021,Combined,1,1,1,NA
1901,2022,China_Birdwatch,5,3,5,92.53846153846153
1901,2022,eBird_GBIF,2,1,2,NA
1901,2022,Combined,7,4,7,92.53846153846153
1901,2023,China_Birdwatch,15,15,10,127.22413793103449
1901,2023,eBird_GBIF,5,5,3,NA
1901,2023,Combined,20,20,12,127.22413793103449
1901,2024,China_Birdwatch,120,93,52,316.87852494577015
1901,2024,Combined,120,93,52,316.87852494577015
1902,2001,eBird_GBIF,3,1,3,NA
1902,2001,Combined,3,1,3,NA
1902,2002,eBird_GBIF,7,5,6,NA
1902,2002,Combined,7,5,6,NA
1902,2004,eBird_GBIF,11,6,10,NA
1902,2004,Combined,11,6,10,NA
1902,2005,eBird_GBIF,5,3,5,NA
1902,2005,Combined,5,3,5,NA
1902,2006,eBird_GBIF,1,1,1,NA
1902,2006,Combined,1,1,1,NA
1902,2007,eBird_GBIF,10,5,8,NA
1902,2007,Combined,10,5,8,NA
1902,2008,eBird_GBIF,5,3,5,NA
1902,2008,Combined,5,3,5,NA
1902,2009,eBird_GBIF,3,1,3,NA
1902,2009,Combined,3,1,3,NA
1902,2010,eBird_GBIF,12,7,6,NA
1902,2010,Combined,12,7,6,NA
1902,2011,eBird_GBIF,4,2,4,NA
1902,2011,Combined,4,2,4,NA
1902,2012,eBird_GBIF,10,4,10,NA
1902,2012,Combined,10,4,10,NA
1902,2013,eBird_GBIF,31,11,17,NA
1902,2013,Combined,31,11,17,NA
1902,2014,eBird_GBIF,24,12,19,NA
1902,2014,Combined,24,12,19,NA
1902,2015,China_Birdwatch,3,2,3,0
1902,2015,eBird_GBIF,7,5,7,NA
1902,2015,Combined,10,7,9,0
1902,2016,eBird_GBIF,25,10,15,NA
1902,2016,Combined,25,10,15,NA
1902,2017,China_Birdwatch,2,2,1,240
1902,2017,eBird_GBIF,32,18,17,NA
1902,2017,Combined,34,20,18,240
1902,2018,China_Birdwatch,2,2,2,664.054054054054
1902,2018,eBird_GBIF,35,16,24,NA
1902,2018,Combined,37,18,26,664.054054054054
1902,2019,China_Birdwatch,4,3,4,579.1764705882354
1902,2019,eBird_GBIF,37,20,28,NA
1902,2019,Combined,41,23,31,579.1764705882354
1902,2020,China_Birdwatch,18,10,13,556.4412698412697
1902,2020,eBird_GBIF,33,23,19,NA
1902,2020,Combined,51,33,28,556.4412698412697
1902,2021,China_Birdwatch,17,15,14,583.7113402061856
1902,2021,eBird_GBIF,29,16,15,NA
1902,2021,Combined,46,31,26,583.7113402061856
1902,2022,China_Birdwatch,50,30,21,228.0439393939393
1902,2022,eBird_GBIF,20,14,14,NA
1902,2022,Combined,70,44,29,228.0439393939393
1902,2023,China_Birdwatch,56,42,32,460.156918687589
1902,2023,eBird_GBIF,18,17,13,NA
1902,2023,Combined,74,59,40,460.156918687589
1902,2024,China_Birdwatch,129,114,48,157.02079002079023
1902,2024,Combined,129,114,48,157.02079002079023
1903,2000,China_Birdwatch,1,1,1,12305760
1903,2000,eBird_GBIF,2,2,1,NA
1903,2000,Combined,3,3,2,12305760
1903,2002,eBird_GBIF,11,6,7,NA
1903,2002,Combined,11,6,7,NA
1903,2003,eBird_GBIF,1,1,1,NA
1903,2003,Combined,1,1,1,NA
1903,2004,eBird_GBIF,13,7,11,NA
1903,2004,Combined,13,7,11,NA
1903,2005,eBird_GBIF,6,4,6,NA
1903,2005,Combined,6,4,6,NA
1903,2006,eBird_GBIF,3,2,3,NA
1903,2006,Combined,3,2,3,NA
1903,2007,eBird_GBIF,11,7,10,NA
1903,2007,Combined,11,7,10,NA
1903,2008,eBird_GBIF,2,2,2,NA
1903,2008,Combined,2,2,2,NA
1903,2010,eBird_GBIF,5,5,3,NA
1903,2010,Combined,5,5,3,NA
1903,2011,eBird_GBIF,6,4,6,NA
1903,2011,Combined,6,4,6,NA
1903,2012,China_Birdwatch,1,1,1,480
1903,2012,eBird_GBIF,10,5,10,NA
1903,2012,Combined,11,6,10,480
1903,2013,China_Birdwatch,1,1,1,120
1903,2013,eBird_GBIF,14,7,9,NA
1903,2013,Combined,15,8,10,120
1903,2014,eBird_GBIF,10,9,10,NA
1903,2014,Combined,10,9,10,NA
1903,2015,China_Birdwatch,2,2,2,0
1903,2015,eBird_GBIF,7,5,7,NA
1903,2015,Combined,9,7,9,0
1903,2016,China_Birdwatch,1,1,1,3360
1903,2016,eBird_GBIF,10,8,8,NA
1903,2016,Combined,11,9,9,3360
1903,2017,China_Birdwatch,1,1,1,5760
1903,2017,eBird_GBIF,20,15,13,NA
1903,2017,Combined,21,16,14,5760
1903,2018,China_Birdwatch,5,5,5,1164.406779661017
1903,2018,eBird_GBIF,12,10,10,NA
1903,2018,Combined,17,15,15,1164.406779661017
1903,2019,China_Birdwatch,5,3,5,697.3030303030303
1903,2019,eBird_GBIF,21,18,15,NA
1903,2019,Combined,26,21,19,697.3030303030303
1903,2020,China_Birdwatch,20,12,17,1301.2987012987012
1903,2020,eBird_GBIF,43,26,28,NA
1903,2020,Combined,63,38,36,1301.2987012987012
1903,2021,China_Birdwatch,23,20,18,3102.41935483871
1903,2021,eBird_GBIF,23,16,16,NA
1903,2021,Combined,46,36,29,3102.41935483871
1903,2022,China_Birdwatch,51,37,30,6567.149339933991
1903,2022,eBird_GBIF,22,16,15,NA
1903,2022,Combined,73,53,36,6567.149339933991
1903,2023,China_Birdwatch,82,65,48,1702.6638977635785
1903,2023,eBird_GBIF,21,15,14,NA
1903,2023,Combined,103,80,55,1702.6638977635785
1903,2024,China_Birdwatch,209,155,70,334.624584717608
1903,2024,Combined,209,155,70,334.624584717608
1904,2007,eBird_GBIF,2,2,1,NA
1904,2007,Combined,2,2,1,NA
1904,2008,eBird_GBIF,1,1,1,NA
1904,2008,Combined,1,1,1,NA
1904,2010,eBird_GBIF,2,1,2,NA
1904,2010,Combined,2,1,2,NA
1904,2015,eBird_GBIF,2,2,2,NA
1904,2015,Combined,2,2,2,NA
1904,2016,eBird_GBIF,10,2,10,NA
1904,2016,Combined,10,2,10,NA
1904,2017,eBird_GBIF,8,8,5,NA
1904,2017,Combined,8,8,5,NA
1904,2018,eBird_GBIF,16,4,12,NA
1904,2018,Combined,16,4,12,NA
1904,2019,China_Birdwatch,1,1,1,7200
1904,2019,eBird_GBIF,12,8,10,NA
1904,2019,Combined,13,9,11,7200
1904,2020,China_Birdwatch,2,2,2,411.5217391304348
1904,2020,eBird_GBIF,13,6,11,NA
1904,2020,Combined,15,8,13,411.5217391304348
1904,2021,China_Birdwatch,6,6,4,383.9907407407407
1904,2021,eBird_GBIF,3,3,3,NA
1904,2021,Combined,9,9,7,383.9907407407407
1904,2022,China_Birdwatch,9,6,7,211.0204081632653
1904,2022,eBird_GBIF,9,7,9,NA
1904,2022,Combined,18,13,16,211.0204081632653
1904,2023,China_Birdwatch,16,15,12,247.5427135678392
1904,2023,eBird_GBIF,13,8,10,NA
1904,2023,Combined,29,23,20,247.5427135678392
1904,2024,China_Birdwatch,41,36,34,781.5
1904,2024,Combined,41,36,34,781.5
1905,2001,eBird_GBIF,2,2,2,NA
1905,2001,Combined,2,2,2,NA
1905,2002,eBird_GBIF,6,5,4,NA
1905,2002,Combined,6,5,4,NA
1905,2004,eBird_GBIF,10,8,10,NA
1905,2004,Combined,10,8,10,NA
1905,2005,eBird_GBIF,9,5,8,NA
1905,2005,Combined,9,5,8,NA
1905,2006,eBird_GBIF,2,1,2,NA
1905,2006,Combined,2,1,2,NA
1905,2007,eBird_GBIF,15,7,7,NA
1905,2007,Combined,15,7,7,NA
1905,2008,eBird_GBIF,2,1,2,NA
1905,2008,Combined,2,1,2,NA
1905,2009,eBird_GBIF,1,1,1,NA
1905,2009,Combined,1,1,1,NA
1905,2010,eBird_GBIF,1,1,1,NA
1905,2010,Combined,1,1,1,NA
1905,2011,China_Birdwatch,1,1,1,615
1905,2011,eBird_GBIF,2,1,2,NA
1905,2011,Combined,3,2,3,615
1905,2012,eBird_GBIF,3,2,3,NA
1905,2012,Combined,3,2,3,NA
1905,2013,eBird_GBIF,5,3,5,NA
1905,2013,Combined,5,3,5,NA
1905,2014,eBird_GBIF,12,7,10,NA
1905,2014,Combined,12,7,10,NA
1905,2015,eBird_GBIF,5,2,5,NA
1905,2015,Combined,5,2,5,NA
1905,2016,eBird_GBIF,2,2,2,NA
1905,2016,Combined,2,2,2,NA
1905,2017,eBird_GBIF,19,9,17,NA
1905,2017,Combined,19,9,17,NA
1905,2018,China_Birdwatch,2,2,2,4500.869565217391
1905,2018,eBird_GBIF,77,12,49,NA
1905,2018,Combined,79,14,51,4500.869565217391
1905,2019,China_Birdwatch,2,2,2,605.7446808510638
1905,2019,eBird_GBIF,38,17,30,NA
1905,2019,Combined,40,19,32,605.7446808510638
1905,2020,China_Birdwatch,3,3,3,271520.48780487804
1905,2020,eBird_GBIF,43,17,36,NA
1905,2020,Combined,46,20,37,271520.48780487804
1905,2021,China_Birdwatch,8,6,8,512.4237288135594
1905,2021,eBird_GBIF,55,18,40,NA
1905,2021,Combined,63,24,45,512.4237288135594
1905,2022,China_Birdwatch,58,35,27,8274.745958429574
1905,2022,eBird_GBIF,52,18,40,NA
1905,2022,Combined,110,53,58,8274.745958429574
1905,2023,China_Birdwatch,84,55,41,645.33685518956
1905,2023,eBird_GBIF,79,25,54,NA
1905,2023,Combined,163,80,86,645.33685518956
1905,2024,China_Birdwatch,302,191,104,482.1535269709592
1905,2024,Combined,302,191,104,482.1535269709592
1906,2001,eBird_GBIF,1,1,1,NA
1906,2001,Combined,1,1,1,NA
1906,2002,eBird_GBIF,2,2,2,NA
1906,2002,Combined,2,2,2,NA
1906,2004,eBird_GBIF,9,5,5,NA
1906,2004,Combined,9,5,5,NA
1906,2005,eBird_GBIF,1,1,1,NA
1906,2005,Combined,1,1,1,NA
1906,2007,eBird_GBIF,6,3,4,NA
1906,2007,Combined,6,3,4,NA
1906,2009,eBird_GBIF,1,1,1,NA
1906,2009,Combined,1,1,1,NA
1906,2010,eBird_GBIF,1,1,1,NA
1906,2010,Combined,1,1,1,NA
1906,2011,eBird_GBIF,1,1,1,NA
1906,2011,Combined,1,1,1,NA
1906,2012,eBird_GBIF,7,4,7,NA
1906,2012,Combined,7,4,7,NA
1906,2013,eBird_GBIF,9,7,6,NA
1906,2013,Combined,9,7,6,NA
1906,2014,eBird_GBIF,15,6,10,NA
1906,2014,Combined,15,6,10,NA
1906,2015,China_Birdwatch,2,2,2,0
1906,2015,eBird_GBIF,2,2,2,NA
1906,2015,Combined,4,4,3,0
1906,2016,eBird_GBIF,10,6,8,NA
1906,2016,Combined,10,6,8,NA
1906,2017,China_Birdwatch,2,2,1,240
1906,2017,eBird_GBIF,2,1,2,NA
1906,2017,Combined,4,3,3,240
1906,2018,China_Birdwatch,1,1,1,540
1906,2018,eBird_GBIF,13,9,7,NA
1906,2018,Combined,14,10,8,540
1906,2019,China_Birdwatch,2,2,2,709.5652173913044
1906,2019,eBird_GBIF,21,13,16,NA
1906,2019,Combined,23,15,18,709.5652173913044
1906,2020,China_Birdwatch,11,8,10,1276.3911290322583
1906,2020,eBird_GBIF,22,14,19,NA
1906,2020,Combined,33,22,26,1276.3911290322583
1906,2021,China_Birdwatch,8,8,7,1158.4207317073171
1906,2021,eBird_GBIF,16,10,9,NA
1906,2021,Combined,24,18,15,1158.4207317073171
1906,2022,China_Birdwatch,20,13,14,400.7258064516129
1906,2022,eBird_GBIF,9,6,8,NA
1906,2022,Combined,29,19,18,400.7258064516129
1906,2023,China_Birdwatch,24,16,20,745.3264248704666
1906,2023,eBird_GBIF,11,7,9,NA
1906,2023,Combined,35,23,26,745.3264248704666
1906,2024,China_Birdwatch,71,58,34,1450.5039001560056
1906,2024,Combined,71,58,34,1450.5039001560056
1907,2007,eBird_GBIF,1,1,1,NA
1907,2007,Combined,1,1,1,NA
1907,2020,China_Birdwatch,1,1,1,60
1907,2020,Combined,1,1,1,60
1907,2023,China_Birdwatch,4,3,3,25.166666666666664
1907,2023,Combined,4,3,3,25.166666666666664
1907,2024,China_Birdwatch,1,1,1,60
1907,2024,Combined,1,1,1,60
1908,2019,China_Birdwatch,1,1,1,221760
1908,2019,Combined,1,1,1,221760
1908,2020,China_Birdwatch,1,1,1,120
1908,2020,Combined,1,1,1,120
1908,2021,eBird_GBIF,1,1,1,NA
1908,2021,Combined,1,1,1,NA
1908,2023,China_Birdwatch,2,2,2,342.85714285714283
1908,2023,Combined,2,2,2,342.85714285714283
1908,2024,China_Birdwatch,5,4,5,217.5
1908,2024,Combined,5,4,5,217.5
1909,2014,eBird_GBIF,1,1,1,NA
1909,2014,Combined,1,1,1,NA
1909,2015,eBird_GBIF,1,1,1,NA
1909,2015,Combined,1,1,1,NA
1909,2021,eBird_GBIF,7,3,3,NA
1909,2021,Combined,7,3,3,NA
1909,2024,China_Birdwatch,3,3,2,170.3030303030303
1909,2024,Combined,3,3,2,170.3030303030303
1910,2013,eBird_GBIF,1,1,1,NA
1910,2013,Combined,1,1,1,NA
1910,2014,eBird_GBIF,1,1,1,NA
1910,2014,Combined,1,1,1,NA
1910,2015,eBird_GBIF,1,1,1,NA
1910,2015,Combined,1,1,1,NA
1910,2021,China_Birdwatch,1,1,1,60
1910,2021,Combined,1,1,1,60
1910,2022,China_Birdwatch,2,2,1,60
1910,2022,Combined,2,2,1,60
1910,2023,China_Birdwatch,1,1,1,60
1910,2023,Combined,1,1,1,60
1910,2024,China_Birdwatch,2,1,2,60
1910,2024,Combined,2,1,2,60
1911,2024,China_Birdwatch,1,1,1,15
1911,2024,Combined,1,1,1,15
1912,2021,China_Birdwatch,9,2,8,13629.629629629628
1912,2021,Combined,9,2,8,13629.629629629628
1912,2022,China_Birdwatch,11,2,10,61.2375
1912,2022,Combined,11,2,10,61.2375
1912,2023,China_Birdwatch,11,4,11,60
1912,2023,Combined,11,4,11,60
1912,2024,China_Birdwatch,16,3,14,60
1912,2024,Combined,16,3,14,60
1913,2024,China_Birdwatch,2,2,2,60
1913,2024,Combined,2,2,2,60
1914,2020,China_Birdwatch,4,1,4,222
1914,2020,Combined,4,1,4,222
1914,2023,China_Birdwatch,2,2,2,86.66666666666667
1914,2023,Combined,2,2,2,86.66666666666667
1914,2024,China_Birdwatch,5,4,5,60
1914,2024,Combined,5,4,5,60
1915,2022,eBird_GBIF,1,1,1,NA
1915,2022,Combined,1,1,1,NA
1915,2024,China_Birdwatch,4,2,4,85.22448979591837
1915,2024,Combined,4,2,4,85.22448979591837
1916,2008,eBird_GBIF,1,1,1,NA
1916,2008,Combined,1,1,1,NA
1916,2011,China_Birdwatch,1,1,1,360
1916,2011,Combined,1,1,1,360
1916,2012,eBird_GBIF,1,1,1,NA
1916,2012,Combined,1,1,1,NA
1916,2013,China_Birdwatch,1,1,1,120
1916,2013,eBird_GBIF,1,1,1,NA
1916,2013,Combined,2,2,2,120
1916,2014,eBird_GBIF,1,1,1,NA
1916,2014,Combined,1,1,1,NA
1916,2015,eBird_GBIF,1,1,1,NA
1916,2015,Combined,1,1,1,NA
1916,2016,eBird_GBIF,3,3,3,NA
1916,2016,Combined,3,3,3,NA
1916,2017,eBird_GBIF,1,1,1,NA
1916,2017,Combined,1,1,1,NA
1916,2019,China_Birdwatch,2,2,2,6342.857142857143
1916,2019,eBird_GBIF,19,9,11,NA
1916,2019,Combined,21,11,12,6342.857142857143
1916,2020,China_Birdwatch,5,1,5,185.3846153846154
1916,2020,eBird_GBIF,1,1,1,NA
1916,2020,Combined,6,2,6,185.3846153846154
1916,2021,eBird_GBIF,9,5,8,NA
1916,2021,Combined,9,5,8,NA
1916,2022,eBird_GBIF,1,1,1,NA
1916,2022,Combined,1,1,1,NA
1916,2023,China_Birdwatch,23,16,17,1638.7463054187197
1916,2023,eBird_GBIF,9,7,5,NA
1916,2023,Combined,32,23,18,1638.7463054187197
1916,2024,China_Birdwatch,76,48,37,513.1323155216284
1916,2024,Combined,76,48,37,513.1323155216284
1917,2014,eBird_GBIF,1,1,1,NA
1917,2014,Combined,1,1,1,NA
1917,2015,eBird_GBIF,1,1,1,NA
1917,2015,Combined,1,1,1,NA
1917,2019,eBird_GBIF,3,3,1,NA
1917,2019,Combined,3,3,1,NA
1917,2020,China_Birdwatch,2,1,2,85.54054054054055
1917,2020,Combined,2,1,2,85.54054054054055
1917,2023,China_Birdwatch,45,7,30,207.50551876379694
1917,2023,eBird_GBIF,1,1,1,NA
1917,2023,Combined,46,8,31,207.50551876379694
1917,2024,China_Birdwatch,143,27,75,143.57450738916253
1917,2024,Combined,143,27,75,143.57450738916253
1918,2018,eBird_GBIF,2,2,2,NA
1918,2018,Combined,2,2,2,NA
1918,2019,eBird_GBIF,4,3,3,NA
1918,2019,Combined,4,3,3,NA
1918,2021,eBird_GBIF,3,1,3,NA
1918,2021,Combined,3,1,3,NA
1918,2024,China_Birdwatch,24,7,24,243.26315789473688
1918,2024,Combined,24,7,24,243.26315789473688
1919,2021,China_Birdwatch,1,1,1,120
1919,2021,eBird_GBIF,1,1,1,NA
1919,2021,Combined,2,2,2,120
1919,2023,eBird_GBIF,1,1,1,NA
1919,2023,Combined,1,1,1,NA
1919,2024,China_Birdwatch,93,12,85,101.74300000000002
1919,2024,Combined,93,12,85,101.74300000000002
1920,2021,China_Birdwatch,6,1,6,75.29411764705883
1920,2021,Combined,6,1,6,75.29411764705883
1920,2022,China_Birdwatch,3,1,3,392.7906976744186
1920,2022,Combined,3,1,3,392.7906976744186
1920,2023,China_Birdwatch,3,1,3,87.075
1920,2023,Combined,3,1,3,87.075
1920,2024,China_Birdwatch,8,4,8,83.03030303030303
1920,2024,Combined,8,4,8,83.03030303030303
1921,2017,China_Birdwatch,1,1,1,120
1921,2017,Combined,1,1,1,120
1921,2020,eBird_GBIF,2,1,2,NA
1921,2020,Combined,2,1,2,NA
1921,2023,China_Birdwatch,10,3,10,69.3076923076923
1921,2023,eBird_GBIF,1,1,1,NA
1921,2023,Combined,11,4,11,69.3076923076923
1921,2024,China_Birdwatch,19,8,18,65.42560553633218
1921,2024,Combined,19,8,18,65.42560553633218
1922,2017,eBird_GBIF,2,2,2,NA
1922,2017,Combined,2,2,2,NA
1922,2019,eBird_GBIF,1,1,1,NA
1922,2019,Combined,1,1,1,NA
1922,2021,China_Birdwatch,1,1,1,1483560
1922,2021,eBird_GBIF,6,1,6,NA
1922,2021,Combined,7,2,7,1483560
1922,2022,China_Birdwatch,1,1,1,480
1922,2022,eBird_GBIF,3,1,3,NA
1922,2022,Combined,4,2,4,480
1922,2023,China_Birdwatch,32,14,29,259.48732718894007
1922,2023,eBird_GBIF,25,4,25,NA
1922,2023,Combined,57,18,41,259.48732718894007
1922,2024,China_Birdwatch,156,54,119,166.3156642881414
1922,2024,Combined,156,54,119,166.3156642881414
1923,2019,eBird_GBIF,9,3,9,NA
1923,2019,Combined,9,3,9,NA
1923,2020,eBird_GBIF,2,1,2,NA
1923,2020,Combined,2,1,2,NA
1923,2021,China_Birdwatch,2,1,2,60
1923,2021,Combined,2,1,2,60
1923,2022,China_Birdwatch,20,3,19,59.59745762711865
1923,2022,eBird_GBIF,1,1,1,NA
1923,2022,Combined,21,4,20,59.59745762711865
1923,2023,China_Birdwatch,31,11,29,128.90204081632655
1923,2023,eBird_GBIF,6,3,6,NA
1923,2023,Combined,37,14,34,128.90204081632655
1923,2024,China_Birdwatch,134,43,98,211.03323262839857
1923,2024,Combined,134,43,98,211.03323262839857
1924,2006,eBird_GBIF,1,1,1,NA
1924,2006,Combined,1,1,1,NA
1924,2011,eBird_GBIF,1,1,1,NA
1924,2011,Combined,1,1,1,NA
1924,2017,eBird_GBIF,2,2,2,NA
1924,2017,Combined,2,2,2,NA
1924,2018,eBird_GBIF,1,1,1,NA
1924,2018,Combined,1,1,1,NA
1924,2019,China_Birdwatch,1,1,1,60
1924,2019,eBird_GBIF,1,1,1,NA
1924,2019,Combined,2,2,2,60
1924,2020,China_Birdwatch,8,1,8,180.22556390977442
1924,2020,Combined,8,1,8,180.22556390977442
1924,2021,China_Birdwatch,3,3,2,45
1924,2021,Combined,3,3,2,45
1924,2022,China_Birdwatch,15,4,14,93.45794392523366
1924,2022,eBird_GBIF,2,1,2,NA
1924,2022,Combined,17,5,16,93.45794392523366
1924,2023,China_Birdwatch,26,13,25,1888.6823529411758
1924,2023,eBird_GBIF,5,3,5,NA
1924,2023,Combined,31,16,29,1888.6823529411758
1924,2024,China_Birdwatch,184,63,124,196.86394052044636
1924,2024,Combined,184,63,124,196.86394052044636
1925,2012,eBird_GBIF,10,1,10,NA
1925,2012,Combined,10,1,10,NA
1925,2018,eBird_GBIF,1,1,1,NA
1925,2018,Combined,1,1,1,NA
1925,2019,China_Birdwatch,1,1,1,120
1925,2019,eBird_GBIF,2,2,2,NA
1925,2019,Combined,3,3,3,120
1925,2020,China_Birdwatch,1,1,1,150
1925,2020,eBird_GBIF,6,1,6,NA
1925,2020,Combined,7,2,7,150
1925,2021,China_Birdwatch,1,1,1,60
1925,2021,eBird_GBIF,11,6,6,NA
1925,2021,Combined,12,7,7,60
1925,2022,eBird_GBIF,1,1,1,NA
1925,2022,Combined,1,1,1,NA
1925,2023,China_Birdwatch,1,1,1,138
1925,2023,eBird_GBIF,4,2,4,NA
1925,2023,Combined,5,3,5,138
1925,2024,China_Birdwatch,17,8,15,575.6976744186046
1925,2024,Combined,17,8,15,575.6976744186046
1926,2017,eBird_GBIF,2,1,2,NA
1926,2017,Combined,2,1,2,NA
1926,2018,eBird_GBIF,1,1,1,NA
1926,2018,Combined,1,1,1,NA
1926,2020,eBird_GBIF,13,2,13,NA
1926,2020,Combined,13,2,13,NA
1926,2021,China_Birdwatch,3,2,3,230.04950495049508
1926,2021,eBird_GBIF,10,3,9,NA
1926,2021,Combined,13,5,10,230.04950495049508
1926,2022,eBird_GBIF,3,1,3,NA
1926,2022,Combined,3,1,3,NA
1926,2023,China_Birdwatch,6,3,6,71.26760563380282
1926,2023,eBird_GBIF,4,1,4,NA
1926,2023,Combined,10,4,10,71.26760563380282
1926,2024,China_Birdwatch,39,18,33,82.4250936329588
1926,2024,Combined,39,18,33,82.4250936329588
1927,2008,eBird_GBIF,1,1,1,NA
1927,2008,Combined,1,1,1,NA
1927,2010,eBird_GBIF,1,1,1,NA
1927,2010,Combined,1,1,1,NA
1927,2015,eBird_GBIF,1,1,1,NA
1927,2015,Combined,1,1,1,NA
1927,2017,eBird_GBIF,5,2,5,NA
1927,2017,Combined,5,2,5,NA
1927,2018,eBird_GBIF,6,2,6,NA
1927,2018,Combined,6,2,6,NA
1927,2019,eBird_GBIF,3,2,3,NA
1927,2019,Combined,3,2,3,NA
1927,2020,eBird_GBIF,4,2,4,NA
1927,2020,Combined,4,2,4,NA
1927,2021,eBird_GBIF,7,3,7,NA
1927,2021,Combined,7,3,7,NA
1927,2022,China_Birdwatch,1,1,1,120
1927,2022,Combined,1,1,1,120
1927,2023,China_Birdwatch,8,5,8,101.08000000000001
1927,2023,Combined,8,5,8,101.08000000000001
1927,2024,China_Birdwatch,26,16,25,1659.7247191011209
1927,2024,Combined,26,16,25,1659.7247191011209
1928,2014,eBird_GBIF,1,1,1,NA
1928,2014,Combined,1,1,1,NA
1928,2015,China_Birdwatch,2,1,2,52.5
1928,2015,Combined,2,1,2,52.5
1928,2016,China_Birdwatch,1,1,1,1620
1928,2016,Combined,1,1,1,1620
1928,2017,China_Birdwatch,1,1,1,240
1928,2017,Combined,1,1,1,240
1928,2018,China_Birdwatch,1,1,1,411
1928,2018,Combined,1,1,1,411
1928,2019,eBird_GBIF,2,1,2,NA
1928,2019,Combined,2,1,2,NA
1928,2020,China_Birdwatch,1,1,1,120
1928,2020,Combined,1,1,1,120
1928,2021,China_Birdwatch,3,3,3,369.1304347826087
1928,2021,Combined,3,3,3,369.1304347826087
1928,2022,China_Birdwatch,1,1,1,270
1928,2022,eBird_GBIF,8,4,7,NA
1928,2022,Combined,9,5,8,270
1928,2023,China_Birdwatch,8,7,8,36103.8345323741
1928,2023,eBird_GBIF,4,3,4,NA
1928,2023,Combined,12,10,12,36103.8345323741
1928,2024,China_Birdwatch,82,32,71,86.14348591549297
1928,2024,Combined,82,32,71,86.14348591549297
1950,2017,eBird_GBIF,1,1,1,NA
1950,2017,Combined,1,1,1,NA
1950,2022,China_Birdwatch,1,1,1,60
1950,2022,Combined,1,1,1,60
1950,2024,China_Birdwatch,1,1,1,60
1950,2024,Combined,1,1,1,60
1951,2023,China_Birdwatch,1,1,1,60
1951,2023,Combined,1,1,1,60
1952,2019,eBird_GBIF,1,1,1,NA
1952,2019,Combined,1,1,1,NA
1952,2023,China_Birdwatch,1,1,1,60
1952,2023,Combined,1,1,1,60
1953,2022,eBird_GBIF,1,1,1,NA
1953,2022,Combined,1,1,1,NA
1953,2023,China_Birdwatch,2,2,2,60
1953,2023,Combined,2,2,2,60
1953,2024,China_Birdwatch,1,1,1,183
1953,2024,Combined,1,1,1,183
1954,2022,China_Birdwatch,5,1,5,60
1954,2022,Combined,5,1,5,60
1954,2023,China_Birdwatch,1,1,1,60
1954,2023,Combined,1,1,1,60
1967,2022,eBird_GBIF,1,1,1,NA
1967,2022,Combined,1,1,1,NA
1967,2023,eBird_GBIF,4,3,2,NA
1967,2023,Combined,4,3,2,NA
1968,2021,eBird_GBIF,2,2,1,NA
1968,2021,Combined,2,2,1,NA
1968,2022,China_Birdwatch,1,1,1,60
1968,2022,Combined,1,1,1,60
1969,2012,eBird_GBIF,3,3,3,NA
1969,2012,Combined,3,3,3,NA
1969,2013,eBird_GBIF,2,2,2,NA
1969,2013,Combined,2,2,2,NA
1969,2014,eBird_GBIF,4,2,4,NA
1969,2014,Combined,4,2,4,NA
1969,2018,eBird_GBIF,4,4,3,NA
1969,2018,Combined,4,4,3,NA
1969,2019,eBird_GBIF,3,2,2,NA
1969,2019,Combined,3,2,2,NA
1969,2020,China_Birdwatch,2,2,2,30
1969,2020,Combined,2,2,2,30
1969,2021,China_Birdwatch,5,4,3,648.7027027027027
1969,2021,eBird_GBIF,11,9,5,NA
1969,2021,Combined,16,13,6,648.7027027027027
1969,2022,China_Birdwatch,3,3,3,456.11428571428576
1969,2022,eBird_GBIF,2,2,2,NA
1969,2022,Combined,5,5,3,456.11428571428576
1969,2023,China_Birdwatch,27,22,12,183.5
1969,2023,eBird_GBIF,6,5,4,NA
1969,2023,Combined,33,27,14,183.5
1969,2024,China_Birdwatch,26,26,11,97.8
1969,2024,Combined,26,26,11,97.8
1970,2004,eBird_GBIF,1,1,1,NA
1970,2004,Combined,1,1,1,NA
1970,2018,eBird_GBIF,3,3,1,NA
1970,2018,Combined,3,3,1,NA
1970,2023,China_Birdwatch,2,2,1,60
1970,2023,Combined,2,2,1,60
1971,2014,eBird_GBIF,2,2,2,NA
1971,2014,Combined,2,2,2,NA
1971,2015,eBird_GBIF,1,1,1,NA
1971,2015,Combined,1,1,1,NA
1971,2017,eBird_GBIF,1,1,1,NA
1971,2017,Combined,1,1,1,NA
1971,2018,eBird_GBIF,6,6,3,NA
1971,2018,Combined,6,6,3,NA
1971,2024,China_Birdwatch,2,2,1,240
1971,2024,Combined,2,2,1,240
1972,2004,eBird_GBIF,1,1,1,NA
1972,2004,Combined,1,1,1,NA
1972,2006,eBird_GBIF,1,1,1,NA
1972,2006,Combined,1,1,1,NA
1972,2010,eBird_GBIF,1,1,1,NA
1972,2010,Combined,1,1,1,NA
1972,2018,eBird_GBIF,4,4,2,NA
1972,2018,Combined,4,4,2,NA
1972,2020,China_Birdwatch,3,2,3,849.8947368421053
1972,2020,Combined,3,2,3,849.8947368421053
1972,2023,China_Birdwatch,3,3,3,288.31168831168833
1972,2023,Combined,3,3,3,288.31168831168833
1972,2024,China_Birdwatch,5,5,4,204
1972,2024,Combined,5,5,4,204
1973,2000,eBird_GBIF,1,1,1,NA
1973,2000,Combined,1,1,1,NA
1973,2002,eBird_GBIF,2,2,1,NA
1973,2002,Combined,2,2,1,NA
1973,2004,eBird_GBIF,3,2,2,NA
1973,2004,Combined,3,2,2,NA
1973,2005,eBird_GBIF,1,1,1,NA
1973,2005,Combined,1,1,1,NA
1973,2007,eBird_GBIF,2,2,2,NA
1973,2007,Combined,2,2,2,NA
1973,2012,eBird_GBIF,1,1,1,NA
1973,2012,Combined,1,1,1,NA
1973,2013,eBird_GBIF,5,3,3,NA
1973,2013,Combined,5,3,3,NA
1973,2014,eBird_GBIF,6,3,6,NA
1973,2014,Combined,6,3,6,NA
1973,2016,eBird_GBIF,10,4,5,NA
1973,2016,Combined,10,4,5,NA
1973,2017,eBird_GBIF,7,5,6,NA
1973,2017,Combined,7,5,6,NA
1973,2018,China_Birdwatch,1,1,1,240
1973,2018,eBird_GBIF,10,6,6,NA
1973,2018,Combined,11,7,7,240
1973,2019,eBird_GBIF,4,4,4,NA
1973,2019,Combined,4,4,4,NA
1973,2020,China_Birdwatch,4,3,4,1124.2666666666667
1973,2020,eBird_GBIF,5,5,3,NA
1973,2020,Combined,9,8,6,1124.2666666666667
1973,2021,China_Birdwatch,4,4,3,1069.2093023255813
1973,2021,eBird_GBIF,14,10,7,NA
1973,2021,Combined,18,14,9,1069.2093023255813
1973,2022,China_Birdwatch,8,8,6,274.4466019417476
1973,2022,eBird_GBIF,7,7,5,NA
1973,2022,Combined,15,15,10,274.4466019417476
1973,2023,China_Birdwatch,15,15,8,934.4749999999999
1973,2023,eBird_GBIF,5,5,3,NA
1973,2023,Combined,20,20,10,934.4749999999999
1973,2024,China_Birdwatch,56,55,25,277.29511677282346
1973,2024,Combined,56,55,25,277.29511677282346
1974,2002,eBird_GBIF,1,1,1,NA
1974,2002,Combined,1,1,1,NA
1974,2004,eBird_GBIF,3,2,3,NA
1974,2004,Combined,3,2,3,NA
1974,2005,eBird_GBIF,1,1,1,NA
1974,2005,Combined,1,1,1,NA
1974,2006,eBird_GBIF,1,1,1,NA
1974,2006,Combined,1,1,1,NA
1974,2007,eBird_GBIF,1,1,1,NA
1974,2007,Combined,1,1,1,NA
1974,2010,eBird_GBIF,1,1,1,NA
1974,2010,Combined,1,1,1,NA
1974,2013,eBird_GBIF,9,5,5,NA
1974,2013,Combined,9,5,5,NA
1974,2014,eBird_GBIF,1,1,1,NA
1974,2014,Combined,1,1,1,NA
1974,2015,eBird_GBIF,1,1,1,NA
1974,2015,Combined,1,1,1,NA
1974,2016,eBird_GBIF,8,4,4,NA
1974,2016,Combined,8,4,4,NA
1974,2017,eBird_GBIF,5,5,2,NA
1974,2017,Combined,5,5,2,NA
1974,2018,eBird_GBIF,7,6,5,NA
1974,2018,Combined,7,6,5,NA
1974,2019,eBird_GBIF,5,3,3,NA
1974,2019,Combined,5,3,3,NA
1974,2020,China_Birdwatch,1,1,1,60
1974,2020,eBird_GBIF,5,5,5,NA
1974,2020,Combined,6,6,6,60
1974,2021,China_Birdwatch,3,3,3,258.2608695652174
1974,2021,eBird_GBIF,5,4,3,NA
1974,2021,Combined,8,7,5,258.2608695652174
1974,2022,China_Birdwatch,13,11,10,203.77372262773721
1974,2022,eBird_GBIF,8,6,5,NA
1974,2022,Combined,21,17,15,203.77372262773721
1974,2023,China_Birdwatch,9,8,6,73.5
1974,2023,Combined,9,8,6,73.5
1974,2024,China_Birdwatch,29,28,14,549.9791666666665
1974,2024,Combined,29,28,14,549.9791666666665
1975,2000,eBird_GBIF,1,1,1,NA
1975,2000,Combined,1,1,1,NA
1975,2001,eBird_GBIF,1,1,1,NA
1975,2001,Combined,1,1,1,NA
1975,2002,eBird_GBIF,7,4,5,NA
1975,2002,Combined,7,4,5,NA
1975,2004,eBird_GBIF,5,4,5,NA
1975,2004,Combined,5,4,5,NA
1975,2005,eBird_GBIF,5,3,5,NA
1975,2005,Combined,5,3,5,NA
1975,2007,eBird_GBIF,5,3,4,NA
1975,2007,Combined,5,3,4,NA
1975,2008,eBird_GBIF,1,1,1,NA
1975,2008,Combined,1,1,1,NA
1975,2009,eBird_GBIF,2,2,2,NA
1975,2009,Combined,2,2,2,NA
1975,2010,eBird_GBIF,1,1,1,NA
1975,2010,Combined,1,1,1,NA
1975,2011,eBird_GBIF,1,1,1,NA
1975,2011,Combined,1,1,1,NA
1975,2012,eBird_GBIF,2,2,2,NA
1975,2012,Combined,2,2,2,NA
1975,2013,eBird_GBIF,8,5,8,NA
1975,2013,Combined,8,5,8,NA
1975,2014,eBird_GBIF,9,3,6,NA
1975,2014,Combined,9,3,6,NA
1975,2015,eBird_GBIF,2,2,2,NA
1975,2015,Combined,2,2,2,NA
1975,2016,eBird_GBIF,12,7,9,NA
1975,2016,Combined,12,7,9,NA
1975,2017,eBird_GBIF,13,7,7,NA
1975,2017,Combined,13,7,7,NA
1975,2018,eBird_GBIF,13,11,11,NA
1975,2018,Combined,13,11,11,NA
1975,2019,eBird_GBIF,13,11,10,NA
1975,2019,Combined,13,11,10,NA
1975,2020,China_Birdwatch,3,2,3,1228.03738317757
1975,2020,eBird_GBIF,19,9,17,NA
1975,2020,Combined,22,11,20,1228.03738317757
1975,2021,China_Birdwatch,10,7,6,493.0851063829788
1975,2021,eBird_GBIF,20,13,15,NA
1975,2021,Combined,30,20,20,493.0851063829788
1975,2022,China_Birdwatch,12,10,10,222.71323529411762
1975,2022,eBird_GBIF,8,6,7,NA
1975,2022,Combined,20,16,16,222.71323529411762
1975,2023,China_Birdwatch,14,14,13,7521.514124293775
1975,2023,eBird_GBIF,18,10,15,NA
1975,2023,Combined,32,24,28,7521.514124293775
1975,2024,China_Birdwatch,67,54,35,772.1816261879624
1975,2024,Combined,67,54,35,772.1816261879624
1976,2002,eBird_GBIF,2,1,2,NA
1976,2002,Combined,2,1,2,NA
1976,2004,eBird_GBIF,10,6,10,NA
1976,2004,Combined,10,6,10,NA
1976,2005,eBird_GBIF,4,2,4,NA
1976,2005,Combined,4,2,4,NA
1976,2006,eBird_GBIF,1,1,1,NA
1976,2006,Combined,1,1,1,NA
1976,2007,eBird_GBIF,6,3,5,NA
1976,2007,Combined,6,3,5,NA
1976,2008,eBird_GBIF,1,1,1,NA
1976,2008,Combined,1,1,1,NA
1976,2009,eBird_GBIF,1,1,1,NA
1976,2009,Combined,1,1,1,NA
1976,2010,eBird_GBIF,6,5,3,NA
1976,2010,Combined,6,5,3,NA
1976,2011,eBird_GBIF,2,1,2,NA
1976,2011,Combined,2,1,2,NA
1976,2012,eBird_GBIF,2,2,2,NA
1976,2012,Combined,2,2,2,NA
1976,2013,eBird_GBIF,10,6,4,NA
1976,2013,Combined,10,6,4,NA
1976,2014,eBird_GBIF,17,10,14,NA
1976,2014,Combined,17,10,14,NA
1976,2015,China_Birdwatch,1,1,1,0
1976,2015,eBird_GBIF,11,4,11,NA
1976,2015,Combined,12,5,12,0
1976,2016,eBird_GBIF,15,8,13,NA
1976,2016,Combined,15,8,13,NA
1976,2017,eBird_GBIF,29,12,26,NA
1976,2017,Combined,29,12,26,NA
1976,2018,China_Birdwatch,1,1,1,594
1976,2018,eBird_GBIF,39,16,29,NA
1976,2018,Combined,40,17,30,594
1976,2019,eBird_GBIF,34,20,26,NA
1976,2019,Combined,34,20,26,NA
1976,2020,China_Birdwatch,3,3,3,282.63157894736844
1976,2020,eBird_GBIF,15,11,11,NA
1976,2020,Combined,18,14,14,282.63157894736844
1976,2021,China_Birdwatch,20,14,18,212.20408163265307
1976,2021,eBird_GBIF,33,22,21,NA
1976,2021,Combined,53,36,31,212.20408163265307
1976,2022,China_Birdwatch,43,33,30,164.20792079207922
1976,2022,eBird_GBIF,29,18,18,NA
1976,2022,Combined,72,51,39,164.20792079207922
1976,2023,China_Birdwatch,64,50,35,660.9968520461701
1976,2023,eBird_GBIF,29,18,24,NA
1976,2023,Combined,93,68,56,660.9968520461701
1976,2024,China_Birdwatch,171,135,71,1075.1700866393087
1976,2024,Combined,171,135,71,1075.1700866393087
1977,2000,eBird_GBIF,1,1,1,NA
1977,2000,Combined,1,1,1,NA
1977,2002,eBird_GBIF,3,3,3,NA
1977,2002,Combined,3,3,3,NA
1977,2004,eBird_GBIF,7,5,7,NA
1977,2004,Combined,7,5,7,NA
1977,2005,eBird_GBIF,3,3,3,NA
1977,2005,Combined,3,3,3,NA
1977,2006,eBird_GBIF,3,1,3,NA
1977,2006,Combined,3,1,3,NA
1977,2007,eBird_GBIF,7,4,4,NA
1977,2007,Combined,7,4,4,NA
1977,2008,eBird_GBIF,3,1,3,NA
1977,2008,Combined,3,1,3,NA
1977,2009,eBird_GBIF,1,1,1,NA
1977,2009,Combined,1,1,1,NA
1977,2010,eBird_GBIF,14,6,11,NA
1977,2010,Combined,14,6,11,NA
1977,2011,eBird_GBIF,12,5,10,NA
1977,2011,Combined,12,5,10,NA
1977,2012,eBird_GBIF,3,3,3,NA
1977,2012,Combined,3,3,3,NA
1977,2013,eBird_GBIF,8,7,7,NA
1977,2013,Combined,8,7,7,NA
1977,2014,eBird_GBIF,12,9,10,NA
1977,2014,Combined,12,9,10,NA
1977,2015,eBird_GBIF,5,4,5,NA
1977,2015,Combined,5,4,5,NA
1977,2016,eBird_GBIF,64,6,63,NA
1977,2016,Combined,64,6,63,NA
1977,2017,eBird_GBIF,113,11,103,NA
1977,2017,Combined,113,11,103,NA
1977,2018,China_Birdwatch,4,4,4,4040.909090909091
1977,2018,eBird_GBIF,139,13,106,NA
1977,2018,Combined,143,17,108,4040.909090909091
1977,2019,China_Birdwatch,4,3,4,383.6585365853659
1977,2019,eBird_GBIF,72,20,61,NA
1977,2019,Combined,76,23,65,383.6585365853659
1977,2020,China_Birdwatch,16,11,14,166.0199004975124
1977,2020,eBird_GBIF,52,12,48,NA
1977,2020,Combined,68,23,61,166.0199004975124
1977,2021,China_Birdwatch,12,11,10,134.4705882352941
1977,2021,eBird_GBIF,49,10,47,NA
1977,2021,Combined,61,21,53,134.4705882352941
1977,2022,China_Birdwatch,34,27,24,6112.470304975921
1977,2022,eBird_GBIF,55,15,48,NA
1977,2022,Combined,89,42,68,6112.470304975921
1977,2023,China_Birdwatch,76,62,46,8473.016556291395
1977,2023,eBird_GBIF,57,30,51,NA
1977,2023,Combined,133,92,86,8473.016556291395
1977,2024,China_Birdwatch,235,137,128,568.4586765878283
1977,2024,Combined,235,137,128,568.4586765878283
1978,2009,eBird_GBIF,1,1,1,NA
1978,2009,Combined,1,1,1,NA
1978,2014,eBird_GBIF,1,1,1,NA
1978,2014,Combined,1,1,1,NA
1978,2018,eBird_GBIF,1,1,1,NA
1978,2018,Combined,1,1,1,NA
1978,2019,eBird_GBIF,1,1,1,NA
1978,2019,Combined,1,1,1,NA
1978,2020,eBird_GBIF,1,1,1,NA
1978,2020,Combined,1,1,1,NA
1978,2021,eBird_GBIF,1,1,1,NA
1978,2021,Combined,1,1,1,NA
1978,2023,China_Birdwatch,8,7,6,519.3103448275863
1978,2023,eBird_GBIF,5,2,5,NA
1978,2023,Combined,13,9,11,519.3103448275863
1978,2024,China_Birdwatch,8,5,7,75.11627906976744
1978,2024,Combined,8,5,7,75.11627906976744
1979,2000,eBird_GBIF,1,1,1,NA
1979,2000,Combined,1,1,1,NA
1979,2001,eBird_GBIF,1,1,1,NA
1979,2001,Combined,1,1,1,NA
1979,2002,eBird_GBIF,1,1,1,NA
1979,2002,Combined,1,1,1,NA
1979,2007,eBird_GBIF,1,1,1,NA
1979,2007,Combined,1,1,1,NA
1979,2009,eBird_GBIF,2,1,2,NA
1979,2009,Combined,2,1,2,NA
1979,2010,eBird_GBIF,1,1,1,NA
1979,2010,Combined,1,1,1,NA
1979,2011,eBird_GBIF,9,2,9,NA
1979,2011,Combined,9,2,9,NA
1979,2012,eBird_GBIF,6,3,6,NA
1979,2012,Combined,6,3,6,NA
1979,2013,China_Birdwatch,1,1,1,10
1979,2013,eBird_GBIF,1,1,1,NA
1979,2013,Combined,2,2,2,10
1979,2014,eBird_GBIF,1,1,1,NA
1979,2014,Combined,1,1,1,NA
1979,2015,eBird_GBIF,2,1,2,NA
1979,2015,Combined,2,1,2,NA
1979,2016,eBird_GBIF,8,5,8,NA
1979,2016,Combined,8,5,8,NA
1979,2017,eBird_GBIF,5,4,5,NA
1979,2017,Combined,5,4,5,NA
1979,2018,eBird_GBIF,2,2,2,NA
1979,2018,Combined,2,2,2,NA
1979,2019,China_Birdwatch,6,4,6,461.4772727272727
1979,2019,eBird_GBIF,34,11,27,NA
1979,2019,Combined,40,15,33,461.4772727272727
1979,2020,China_Birdwatch,5,5,5,249.02654867256632
1979,2020,eBird_GBIF,43,9,37,NA
1979,2020,Combined,48,14,41,249.02654867256632
1979,2021,China_Birdwatch,23,9,22,145.48571428571432
1979,2021,eBird_GBIF,8,4,8,NA
1979,2021,Combined,31,13,30,145.48571428571432
1979,2022,China_Birdwatch,36,9,32,200.4605263157894
1979,2022,eBird_GBIF,11,8,9,NA
1979,2022,Combined,47,17,38,200.4605263157894
1979,2023,China_Birdwatch,158,37,118,551.7432992539367
1979,2023,eBird_GBIF,64,21,52,NA
1979,2023,Combined,222,58,145,551.7432992539367
1979,2024,China_Birdwatch,401,129,229,289.04427875836717
1979,2024,Combined,401,129,229,289.04427875836717
1980,2023,China_Birdwatch,1,1,1,420
1980,2023,Combined,1,1,1,420
1980,2024,China_Birdwatch,2,2,2,60
1980,2024,Combined,2,2,2,60
1981,2020,China_Birdwatch,1,1,1,2100
1981,2020,Combined,1,1,1,2100
1981,2024,China_Birdwatch,11,10,10,809.506944444444
1981,2024,Combined,11,10,10,809.506944444444
1982,2019,eBird_GBIF,4,2,2,NA
1982,2019,Combined,4,2,2,NA
1982,2020,China_Birdwatch,1,1,1,30
1982,2020,Combined,1,1,1,30
1982,2021,China_Birdwatch,3,2,3,73.05882352941177
1982,2021,eBird_GBIF,1,1,1,NA
1982,2021,Combined,4,3,3,73.05882352941177
1982,2022,China_Birdwatch,1,1,1,60
1982,2022,Combined,1,1,1,60
1982,2023,China_Birdwatch,1,1,1,21
1982,2023,Combined,1,1,1,21
1982,2024,China_Birdwatch,15,9,14,66
1982,2024,Combined,15,9,14,66
1983,2023,eBird_GBIF,1,1,1,NA
1983,2023,Combined,1,1,1,NA
1983,2024,China_Birdwatch,2,1,2,75.9090909090909
1983,2024,Combined,2,1,2,75.9090909090909
1984,2012,eBird_GBIF,1,1,1,NA
1984,2012,Combined,1,1,1,NA
1984,2021,China_Birdwatch,4,1,4,115.38461538461539
1984,2021,Combined,4,1,4,115.38461538461539
1984,2022,China_Birdwatch,11,1,11,408.7384615384614
1984,2022,Combined,11,1,11,408.7384615384614
1984,2023,China_Birdwatch,10,2,10,202.2675159235669
1984,2023,Combined,10,2,10,202.2675159235669
1984,2024,China_Birdwatch,4,2,4,159.36170212765958
1984,2024,Combined,4,2,4,159.36170212765958
1985,2011,China_Birdwatch,1,1,1,360
1985,2011,Combined,1,1,1,360
1985,2020,China_Birdwatch,31,2,31,369.94023904382476
1985,2020,Combined,31,2,31,369.94023904382476
1985,2022,China_Birdwatch,1,1,1,60
1985,2022,Combined,1,1,1,60
1985,2023,China_Birdwatch,17,6,17,80.91666666666666
1985,2023,eBird_GBIF,3,1,3,NA
1985,2023,Combined,20,7,20,80.91666666666666
1985,2024,China_Birdwatch,37,6,37,73.73540856031128
1985,2024,Combined,37,6,37,73.73540856031128
1986,2017,China_Birdwatch,1,1,1,60
1986,2017,Combined,1,1,1,60
1986,2018,eBird_GBIF,1,1,1,NA
1986,2018,Combined,1,1,1,NA
1986,2020,China_Birdwatch,1,1,1,140
1986,2020,Combined,1,1,1,140
1986,2022,China_Birdwatch,1,1,1,60
1986,2022,Combined,1,1,1,60
1986,2023,China_Birdwatch,8,3,8,116.30434782608694
1986,2023,Combined,8,3,8,116.30434782608694
1986,2024,China_Birdwatch,30,9,29,6725.859649122805
1986,2024,Combined,30,9,29,6725.859649122805
1987,2014,eBird_GBIF,1,1,1,NA
1987,2014,Combined,1,1,1,NA
1987,2021,eBird_GBIF,1,1,1,NA
1987,2021,Combined,1,1,1,NA
1987,2024,China_Birdwatch,4,4,4,197.57575757575756
1987,2024,Combined,4,4,4,197.57575757575756
1988,2017,eBird_GBIF,2,1,2,NA
1988,2017,Combined,2,1,2,NA
1988,2019,China_Birdwatch,2,2,2,3258.3783783783783
1988,2019,eBird_GBIF,16,5,8,NA
1988,2019,Combined,18,7,8,3258.3783783783783
1988,2020,China_Birdwatch,3,1,3,528.75
1988,2020,eBird_GBIF,1,1,1,NA
1988,2020,Combined,4,2,4,528.75
1988,2021,China_Birdwatch,1,1,1,720
1988,2021,eBird_GBIF,7,5,5,NA
1988,2021,Combined,8,6,6,720
1988,2022,China_Birdwatch,1,1,1,6120
1988,2022,eBird_GBIF,2,2,2,NA
1988,2022,Combined,3,3,3,6120
1988,2023,China_Birdwatch,33,25,28,277.6391382405745
1988,2023,eBird_GBIF,18,9,11,NA
1988,2023,Combined,51,34,31,277.6391382405745
1988,2024,China_Birdwatch,139,77,82,474.4641076769713
1988,2024,Combined,139,77,82,474.4641076769713
1989,2019,China_Birdwatch,2,2,1,3838.747572815534
1989,2019,eBird_GBIF,17,7,7,NA
1989,2019,Combined,19,9,7,3838.747572815534
1989,2020,China_Birdwatch,5,3,5,2698.125
1989,2020,eBird_GBIF,1,1,1,NA
1989,2020,Combined,6,4,6,2698.125
1989,2021,China_Birdwatch,1,1,1,4500
1989,2021,eBird_GBIF,4,3,3,NA
1989,2021,Combined,5,4,4,4500
1989,2022,China_Birdwatch,1,1,1,1536
1989,2022,eBird_GBIF,2,2,2,NA
1989,2022,Combined,3,3,3,1536
1989,2023,China_Birdwatch,27,19,22,8764.997179125545
1989,2023,eBird_GBIF,13,9,6,NA
1989,2023,Combined,40,28,25,8764.997179125545
1989,2024,China_Birdwatch,94,52,60,564.7997237569055
1989,2024,Combined,94,52,60,564.7997237569055
1990,2010,China_Birdwatch,1,1,1,120
1990,2010,Combined,1,1,1,120
1990,2017,China_Birdwatch,1,1,1,1650
1990,2017,Combined,1,1,1,1650
1990,2020,China_Birdwatch,2,1,2,97.5
1990,2020,eBird_GBIF,2,1,2,NA
1990,2020,Combined,4,2,2,97.5
1990,2022,China_Birdwatch,1,1,1,60
1990,2022,Combined,1,1,1,60
1990,2023,China_Birdwatch,3,2,3,79.45945945945945
1990,2023,eBird_GBIF,2,2,2,NA
1990,2023,Combined,5,4,5,79.45945945945945
1990,2024,China_Birdwatch,78,37,70,3683.20383275261
1990,2024,Combined,78,37,70,3683.20383275261
1991,2014,eBird_GBIF,4,2,4,NA
1991,2014,Combined,4,2,4,NA
1991,2015,eBird_GBIF,3,1,3,NA
1991,2015,Combined,3,1,3,NA
1991,2016,eBird_GBIF,3,3,3,NA
1991,2016,Combined,3,3,3,NA
1991,2017,China_Birdwatch,5,1,5,113.18181818181819
1991,2017,eBird_GBIF,2,1,2,NA
1991,2017,Combined,7,2,7,113.18181818181819
1991,2018,eBird_GBIF,5,1,5,NA
1991,2018,Combined,5,1,5,NA
1991,2019,eBird_GBIF,1,1,1,NA
1991,2019,Combined,1,1,1,NA
1991,2020,China_Birdwatch,5,2,5,233.4782608695652
1991,2020,eBird_GBIF,3,3,2,NA
1991,2020,Combined,8,5,6,233.4782608695652
1991,2021,eBird_GBIF,8,2,8,NA
1991,2021,Combined,8,2,8,NA
1991,2022,China_Birdwatch,1,1,1,90
1991,2022,eBird_GBIF,5,2,5,NA
1991,2022,Combined,6,3,6,90
1991,2023,China_Birdwatch,6,5,6,60
1991,2023,eBird_GBIF,5,2,5,NA
1991,2023,Combined,11,7,11,60
1991,2024,China_Birdwatch,123,37,102,302.43895747599413
1991,2024,Combined,123,37,102,302.43895747599413
1992,2018,China_Birdwatch,1,1,1,60
1992,2018,eBird_GBIF,1,1,1,NA
1992,2018,Combined,2,2,2,60
1992,2023,China_Birdwatch,2,2,2,97.47368421052632
1992,2023,Combined,2,2,2,97.47368421052632
1992,2024,China_Birdwatch,7,4,7,68
1992,2024,Combined,7,4,7,68
1993,2014,eBird_GBIF,1,1,1,NA
1993,2014,Combined,1,1,1,NA
1993,2018,China_Birdwatch,3,2,3,1025
1993,2018,Combined,3,2,3,1025
1993,2019,China_Birdwatch,2,1,2,6330
1993,2019,Combined,2,1,2,6330
1993,2020,China_Birdwatch,1,1,1,60
1993,2020,Combined,1,1,1,60
1993,2021,China_Birdwatch,5,2,5,223.1341463414634
1993,2021,Combined,5,2,5,223.1341463414634
1993,2022,China_Birdwatch,1,1,1,295
1993,2022,Combined,1,1,1,295
1993,2023,China_Birdwatch,10,6,10,6747.589147286821
1993,2023,eBird_GBIF,1,1,1,NA
1993,2023,Combined,11,7,10,6747.589147286821
1993,2024,China_Birdwatch,60,23,50,98.45000000000002
1993,2024,Combined,60,23,50,98.45000000000002
1994,2003,eBird_GBIF,1,1,1,NA
1994,2003,Combined,1,1,1,NA
1994,2006,eBird_GBIF,1,1,1,NA
1994,2006,Combined,1,1,1,NA
1994,2010,China_Birdwatch,1,1,1,420
1994,2010,eBird_GBIF,1,1,1,NA
1994,2010,Combined,2,2,2,420
1994,2012,eBird_GBIF,2,2,1,NA
1994,2012,Combined,2,2,1,NA
1994,2013,China_Birdwatch,1,1,1,120
1994,2013,eBird_GBIF,3,1,3,NA
1994,2013,Combined,4,2,4,120
1994,2014,eBird_GBIF,5,3,5,NA
1994,2014,Combined,5,3,5,NA
1994,2015,eBird_GBIF,5,5,5,NA
1994,2015,Combined,5,5,5,NA
1994,2016,eBird_GBIF,8,5,7,NA
1994,2016,Combined,8,5,7,NA
1994,2017,eBird_GBIF,11,8,11,NA
1994,2017,Combined,11,8,11,NA
1994,2018,China_Birdwatch,5,4,5,316219
1994,2018,eBird_GBIF,4,4,4,NA
1994,2018,Combined,9,8,9,316219
1994,2019,China_Birdwatch,4,3,4,1030072
1994,2019,eBird_GBIF,5,5,4,NA
1994,2019,Combined,9,8,7,1030072
1994,2020,China_Birdwatch,9,6,8,3735.4794520547944
1994,2020,eBird_GBIF,4,4,3,NA
1994,2020,Combined,13,10,10,3735.4794520547944
1994,2021,China_Birdwatch,17,8,17,532891.4084507043
1994,2021,eBird_GBIF,14,4,14,NA
1994,2021,Combined,31,12,30,532891.4084507043
1994,2022,China_Birdwatch,4,3,4,174671.7
1994,2022,eBird_GBIF,15,2,15,NA
1994,2022,Combined,19,5,19,174671.7
1994,2023,China_Birdwatch,88,26,75,350.0455311973018
1994,2023,eBird_GBIF,32,13,32,NA
1994,2023,Combined,120,39,98,350.0455311973018
1994,2024,China_Birdwatch,525,150,266,1358.094258373211
1994,2024,Combined,525,150,266,1358.094258373211
1995,2016,eBird_GBIF,1,1,1,NA
1995,2016,Combined,1,1,1,NA
1995,2017,eBird_GBIF,1,1,1,NA
1995,2017,Combined,1,1,1,NA
1995,2018,eBird_GBIF,1,1,1,NA
1995,2018,Combined,1,1,1,NA
1995,2020,eBird_GBIF,1,1,1,NA
1995,2020,Combined,1,1,1,NA
1995,2021,China_Birdwatch,1,1,1,60
1995,2021,eBird_GBIF,3,2,3,NA
1995,2021,Combined,4,3,4,60
1995,2022,eBird_GBIF,1,1,1,NA
1995,2022,Combined,1,1,1,NA
1995,2023,China_Birdwatch,8,6,7,153.1728395061728
1995,2023,Combined,8,6,7,153.1728395061728
1995,2024,China_Birdwatch,59,35,43,277.87624466571833
1995,2024,Combined,59,35,43,277.87624466571833
1996,2016,China_Birdwatch,1,1,1,120
1996,2016,Combined,1,1,1,120
1996,2017,eBird_GBIF,7,2,7,NA
1996,2017,Combined,7,2,7,NA
1996,2020,China_Birdwatch,5,2,5,55.44444444444444
1996,2020,eBird_GBIF,1,1,1,NA
1996,2020,Combined,6,3,6,55.44444444444444
1996,2021,China_Birdwatch,2,1,2,60
1996,2021,eBird_GBIF,2,2,2,NA
1996,2021,Combined,4,3,3,60
1996,2022,China_Birdwatch,6,2,6,721.1290322580646
1996,2022,eBird_GBIF,7,2,7,NA
1996,2022,Combined,13,4,9,721.1290322580646
1996,2023,China_Birdwatch,12,7,12,239.39999999999995
1996,2023,eBird_GBIF,2,2,2,NA
1996,2023,Combined,14,9,14,239.39999999999995
1996,2024,China_Birdwatch,185,32,121,174.73494860499272
1996,2024,Combined,185,32,121,174.73494860499272
1997,2009,eBird_GBIF,4,3,4,NA
1997,2009,Combined,4,3,4,NA
1997,2010,eBird_GBIF,1,1,1,NA
1997,2010,Combined,1,1,1,NA
1997,2011,eBird_GBIF,18,1,18,NA
1997,2011,Combined,18,1,18,NA
1997,2013,eBird_GBIF,2,1,2,NA
1997,2013,Combined,2,1,2,NA
1997,2014,eBird_GBIF,3,2,3,NA
1997,2014,Combined,3,2,3,NA
1997,2016,China_Birdwatch,1,1,1,120
1997,2016,eBird_GBIF,3,3,3,NA
1997,2016,Combined,4,4,4,120
1997,2017,eBird_GBIF,16,8,16,NA
1997,2017,Combined,16,8,16,NA
1997,2018,China_Birdwatch,1,1,1,300
1997,2018,eBird_GBIF,15,5,15,NA
1997,2018,Combined,16,6,16,300
1997,2019,eBird_GBIF,16,12,15,NA
1997,2019,Combined,16,12,15,NA
1997,2020,eBird_GBIF,12,10,11,NA
1997,2020,Combined,12,10,11,NA
1997,2021,China_Birdwatch,11,9,11,139.01234567901236
1997,2021,eBird_GBIF,69,22,59,NA
1997,2021,Combined,80,31,66,139.01234567901236
1997,2022,China_Birdwatch,6,6,6,845
1997,2022,eBird_GBIF,86,10,80,NA
1997,2022,Combined,92,16,85,845
1997,2023,China_Birdwatch,127,48,93,2063.249816849808
1997,2023,eBird_GBIF,62,24,48,NA
1997,2023,Combined,189,72,126,2063.249816849808
1997,2024,China_Birdwatch,505,118,235,2163.3381649514554
1997,2024,Combined,505,118,235,2163.3381649514554
1998,2005,eBird_GBIF,1,1,1,NA
1998,2005,Combined,1,1,1,NA
1998,2006,eBird_GBIF,4,1,4,NA
1998,2006,Combined,4,1,4,NA
1998,2007,eBird_GBIF,1,1,1,NA
1998,2007,Combined,1,1,1,NA
1998,2008,eBird_GBIF,2,1,2,NA
1998,2008,Combined,2,1,2,NA
1998,2009,eBird_GBIF,2,1,2,NA
1998,2009,Combined,2,1,2,NA
1998,2010,eBird_GBIF,9,1,9,NA
1998,2010,Combined,9,1,9,NA
1998,2011,eBird_GBIF,1,1,1,NA
1998,2011,Combined,1,1,1,NA
1998,2012,eBird_GBIF,2,2,2,NA
1998,2012,Combined,2,2,2,NA
1998,2013,eBird_GBIF,4,3,3,NA
1998,2013,Combined,4,3,3,NA
1998,2014,eBird_GBIF,6,6,6,NA
1998,2014,Combined,6,6,6,NA
1998,2015,eBird_GBIF,1,1,1,NA
1998,2015,Combined,1,1,1,NA
1998,2016,eBird_GBIF,12,3,12,NA
1998,2016,Combined,12,3,12,NA
1998,2017,eBird_GBIF,14,7,14,NA
1998,2017,Combined,14,7,14,NA
1998,2018,eBird_GBIF,11,6,10,NA
1998,2018,Combined,11,6,10,NA
1998,2019,eBird_GBIF,13,11,11,NA
1998,2019,Combined,13,11,11,NA
1998,2020,China_Birdwatch,1,1,1,0
1998,2020,eBird_GBIF,19,12,17,NA
1998,2020,Combined,20,13,18,0
1998,2021,China_Birdwatch,9,6,9,95.82558139534885
1998,2021,eBird_GBIF,85,30,62,NA
1998,2021,Combined,94,36,67,95.82558139534885
1998,2022,China_Birdwatch,3,3,3,207.83999999999997
1998,2022,eBird_GBIF,111,11,96,NA
1998,2022,Combined,114,14,97,207.83999999999997
1998,2023,China_Birdwatch,70,25,58,204.6124176857949
1998,2023,eBird_GBIF,155,22,132,NA
1998,2023,Combined,225,47,164,204.6124176857949
1998,2024,China_Birdwatch,483,94,249,222.41993355482194
1998,2024,Combined,483,94,249,222.41993355482194
2024,2019,eBird_GBIF,1,1,1,NA
2024,2019,Combined,1,1,1,NA
2025,2024,China_Birdwatch,1,1,1,420
2025,2024,Combined,1,1,1,420
2027,2015,eBird_GBIF,1,1,1,NA
2027,2015,Combined,1,1,1,NA
2028,2002,eBird_GBIF,1,1,1,NA
2028,2002,Combined,1,1,1,NA
2039,2010,eBird_GBIF,3,1,3,NA
2039,2010,Combined,3,1,3,NA
2039,2012,eBird_GBIF,2,1,2,NA
2039,2012,Combined,2,1,2,NA
2039,2013,eBird_GBIF,3,1,3,NA
2039,2013,Combined,3,1,3,NA
2039,2015,China_Birdwatch,1,1,1,8640
2039,2015,Combined,1,1,1,8640
2039,2018,eBird_GBIF,3,3,2,NA
2039,2018,Combined,3,3,2,NA
2039,2019,China_Birdwatch,2,2,2,300
2039,2019,Combined,2,2,2,300
2039,2020,China_Birdwatch,1,1,1,1051440
2039,2020,eBird_GBIF,3,3,2,NA
2039,2020,Combined,4,4,3,1051440
2039,2021,China_Birdwatch,5,4,4,1051.6363636363635
2039,2021,eBird_GBIF,13,9,8,NA
2039,2021,Combined,18,13,9,1051.6363636363635
2039,2022,China_Birdwatch,2,2,1,331
2039,2022,eBird_GBIF,4,2,2,NA
2039,2022,Combined,6,4,3,331
2039,2023,China_Birdwatch,10,10,6,257.6857142857143
2039,2023,eBird_GBIF,4,4,2,NA
2039,2023,Combined,14,14,7,257.6857142857143
2039,2024,China_Birdwatch,7,7,6,444.2641509433962
2039,2024,Combined,7,7,6,444.2641509433962
2040,2004,eBird_GBIF,1,1,1,NA
2040,2004,Combined,1,1,1,NA
2040,2012,eBird_GBIF,1,1,1,NA
2040,2012,Combined,1,1,1,NA
2040,2014,eBird_GBIF,4,4,4,NA
2040,2014,Combined,4,4,4,NA
2040,2015,eBird_GBIF,1,1,1,NA
2040,2015,Combined,1,1,1,NA
2040,2016,eBird_GBIF,1,1,1,NA
2040,2016,Combined,1,1,1,NA
2040,2017,eBird_GBIF,2,2,1,NA
2040,2017,Combined,2,2,1,NA
2040,2018,eBird_GBIF,6,4,4,NA
2040,2018,Combined,6,4,4,NA
2040,2019,eBird_GBIF,1,1,1,NA
2040,2019,Combined,1,1,1,NA
2040,2020,China_Birdwatch,4,3,4,668.360655737705
2040,2020,eBird_GBIF,2,2,2,NA
2040,2020,Combined,6,5,6,668.360655737705
2040,2021,China_Birdwatch,7,6,6,732
2040,2021,eBird_GBIF,3,3,2,NA
2040,2021,Combined,10,9,8,732
2040,2022,China_Birdwatch,8,8,7,887.1506849315068
2040,2022,eBird_GBIF,6,6,4,NA
2040,2022,Combined,14,14,9,887.1506849315068
2040,2023,China_Birdwatch,17,16,9,620.3036649214658
2040,2023,eBird_GBIF,4,4,2,NA
2040,2023,Combined,21,20,11,620.3036649214658
2040,2024,China_Birdwatch,28,24,19,275.2938775510205
2040,2024,Combined,28,24,19,275.2938775510205
2041,2018,eBird_GBIF,2,2,1,NA
2041,2018,Combined,2,2,1,NA
2041,2020,China_Birdwatch,1,1,1,3090
2041,2020,eBird_GBIF,1,1,1,NA
2041,2020,Combined,2,2,2,3090
2041,2021,eBird_GBIF,1,1,1,NA
2041,2021,Combined,1,1,1,NA
2041,2022,China_Birdwatch,2,2,2,64.85714285714286
2041,2022,eBird_GBIF,3,3,2,NA
2041,2022,Combined,5,5,3,64.85714285714286
2041,2023,China_Birdwatch,10,10,7,58.53846153846154
2041,2023,eBird_GBIF,8,8,3,NA
2041,2023,Combined,18,18,8,58.53846153846154
2041,2024,China_Birdwatch,17,17,9,156.7123287671233
2041,2024,Combined,17,17,9,156.7123287671233
2044,2014,eBird_GBIF,1,1,1,NA
2044,2014,Combined,1,1,1,NA
2044,2015,eBird_GBIF,1,1,1,NA
2044,2015,Combined,1,1,1,NA
2044,2016,eBird_GBIF,2,2,1,NA
2044,2016,Combined,2,2,1,NA
2044,2018,eBird_GBIF,3,2,3,NA
2044,2018,Combined,3,2,3,NA
2044,2020,eBird_GBIF,1,1,1,NA
2044,2020,Combined,1,1,1,NA
2044,2022,eBird_GBIF,6,1,6,NA
2044,2022,Combined,6,1,6,NA
2044,2023,China_Birdwatch,2,2,2,347.5
2044,2023,eBird_GBIF,3,2,3,NA
2044,2023,Combined,5,4,5,347.5
2044,2024,China_Birdwatch,6,4,5,242.30303030303034
2044,2024,Combined,6,4,5,242.30303030303034
2045,2014,eBird_GBIF,1,1,1,NA
2045,2014,Combined,1,1,1,NA
2045,2016,eBird_GBIF,2,2,1,NA
2045,2016,Combined,2,2,1,NA
2045,2017,eBird_GBIF,1,1,1,NA
2045,2017,Combined,1,1,1,NA
2045,2018,China_Birdwatch,2,2,2,31483.636363636364
2045,2018,eBird_GBIF,1,1,1,NA
2045,2018,Combined,3,3,3,31483.636363636364
2045,2019,China_Birdwatch,1,1,1,1403
2045,2019,eBird_GBIF,1,1,1,NA
2045,2019,Combined,2,2,2,1403
2045,2020,eBird_GBIF,9,5,5,NA
2045,2020,Combined,9,5,5,NA
2045,2021,China_Birdwatch,3,2,3,1267.4418604651162
2045,2021,eBird_GBIF,8,4,3,NA
2045,2021,Combined,11,6,6,1267.4418604651162
2045,2022,China_Birdwatch,2,2,2,897.1428571428572
2045,2022,eBird_GBIF,3,2,3,NA
2045,2022,Combined,5,4,5,897.1428571428572
2045,2023,China_Birdwatch,19,14,9,503.95438596491243
2045,2023,eBird_GBIF,5,4,4,NA
2045,2023,Combined,24,18,11,503.95438596491243
2045,2024,China_Birdwatch,40,35,26,3311.467057101026
2045,2024,Combined,40,35,26,3311.467057101026
2046,2000,eBird_GBIF,1,1,1,NA
2046,2000,Combined,1,1,1,NA
2046,2001,eBird_GBIF,1,1,1,NA
2046,2001,Combined,1,1,1,NA
2046,2002,eBird_GBIF,4,3,2,NA
2046,2002,Combined,4,3,2,NA
2046,2004,eBird_GBIF,9,4,9,NA
2046,2004,Combined,9,4,9,NA
2046,2005,eBird_GBIF,1,1,1,NA
2046,2005,Combined,1,1,1,NA
2046,2006,eBird_GBIF,2,1,2,NA
2046,2006,Combined,2,1,2,NA
2046,2007,eBird_GBIF,7,5,4,NA
2046,2007,Combined,7,5,4,NA
2046,2008,eBird_GBIF,4,3,4,NA
2046,2008,Combined,4,3,4,NA
2046,2010,eBird_GBIF,6,5,3,NA
2046,2010,Combined,6,5,3,NA
2046,2011,eBird_GBIF,2,1,2,NA
2046,2011,Combined,2,1,2,NA
2046,2012,eBird_GBIF,5,3,4,NA
2046,2012,Combined,5,3,4,NA
2046,2013,eBird_GBIF,7,4,7,NA
2046,2013,Combined,7,4,7,NA
2046,2014,eBird_GBIF,11,10,9,NA
2046,2014,Combined,11,10,9,NA
2046,2015,eBird_GBIF,1,1,1,NA
2046,2015,Combined,1,1,1,NA
2046,2016,eBird_GBIF,11,8,7,NA
2046,2016,Combined,11,8,7,NA
2046,2017,China_Birdwatch,2,2,1,180
2046,2017,eBird_GBIF,11,11,8,NA
2046,2017,Combined,13,13,8,180
2046,2018,China_Birdwatch,1,1,1,269
2046,2018,eBird_GBIF,16,11,10,NA
2046,2018,Combined,17,12,11,269
2046,2019,China_Birdwatch,1,1,1,420
2046,2019,eBird_GBIF,12,8,7,NA
2046,2019,Combined,13,9,8,420
2046,2020,China_Birdwatch,5,5,4,205.3061224489796
2046,2020,eBird_GBIF,18,16,11,NA
2046,2020,Combined,23,21,13,205.3061224489796
2046,2021,China_Birdwatch,6,6,6,287.88461538461536
2046,2021,eBird_GBIF,12,10,7,NA
2046,2021,Combined,18,16,11,287.88461538461536
2046,2022,China_Birdwatch,15,15,12,262.98830409356725
2046,2022,eBird_GBIF,11,11,7,NA
2046,2022,Combined,26,26,16,262.98830409356725
2046,2023,China_Birdwatch,20,20,7,249.17647058823542
2046,2023,eBird_GBIF,6,6,5,NA
2046,2023,Combined,26,26,10,249.17647058823542
2046,2024,China_Birdwatch,60,60,27,171.31343283582083
2046,2024,Combined,60,60,27,171.31343283582083
2047,2004,eBird_GBIF,2,2,2,NA
2047,2004,Combined,2,2,2,NA
2047,2005,eBird_GBIF,1,1,1,NA
2047,2005,Combined,1,1,1,NA
2047,2010,eBird_GBIF,2,1,2,NA
2047,2010,Combined,2,1,2,NA
2047,2014,eBird_GBIF,6,5,6,NA
2047,2014,Combined,6,5,6,NA
2047,2015,China_Birdwatch,1,1,1,0
2047,2015,Combined,1,1,1,0
2047,2020,China_Birdwatch,1,1,1,58
2047,2020,eBird_GBIF,6,5,4,NA
2047,2020,Combined,7,6,5,58
2047,2021,China_Birdwatch,8,8,4,239
2047,2021,eBird_GBIF,2,2,1,NA
2047,2021,Combined,10,10,5,239
2047,2022,China_Birdwatch,14,13,10,139.456
2047,2022,Combined,14,13,10,139.456
2047,2023,China_Birdwatch,7,6,5,108.38709677419355
2047,2023,eBird_GBIF,2,1,2,NA
2047,2023,Combined,9,7,6,108.38709677419355
2047,2024,China_Birdwatch,22,19,17,1206.17891373802
2047,2024,Combined,22,19,17,1206.17891373802
2048,2020,eBird_GBIF,2,1,2,NA
2048,2020,Combined,2,1,2,NA
2048,2022,eBird_GBIF,1,1,1,NA
2048,2022,Combined,1,1,1,NA
2048,2023,China_Birdwatch,3,2,2,1218.9876543209878
2048,2023,eBird_GBIF,3,2,3,NA
2048,2023,Combined,6,4,5,1218.9876543209878
2048,2024,China_Birdwatch,6,6,6,1007.7532467532468
2048,2024,Combined,6,6,6,1007.7532467532468
2049,2008,eBird_GBIF,2,1,2,NA
2049,2008,Combined,2,1,2,NA
2049,2015,China_Birdwatch,1,1,1,0
2049,2015,eBird_GBIF,1,1,1,NA
2049,2015,Combined,2,2,1,0
2049,2017,eBird_GBIF,1,1,1,NA
2049,2017,Combined,1,1,1,NA
2049,2018,eBird_GBIF,3,1,3,NA
2049,2018,Combined,3,1,3,NA
2049,2019,eBird_GBIF,6,1,6,NA
2049,2019,Combined,6,1,6,NA
2049,2020,eBird_GBIF,4,1,4,NA
2049,2020,Combined,4,1,4,NA
2049,2021,China_Birdwatch,3,3,3,244.33333333333334
2049,2021,eBird_GBIF,6,3,5,NA
2049,2021,Combined,9,6,7,244.33333333333334
2049,2022,eBird_GBIF,2,1,2,NA
2049,2022,Combined,2,1,2,NA
2049,2023,China_Birdwatch,2,1,2,78.75
2049,2023,eBird_GBIF,3,1,3,NA
2049,2023,Combined,5,2,5,78.75
2049,2024,China_Birdwatch,10,6,8,142.80165289256198
2049,2024,Combined,10,6,8,142.80165289256198
2050,2000,eBird_GBIF,1,1,1,NA
2050,2000,Combined,1,1,1,NA
2050,2002,eBird_GBIF,2,1,2,NA
2050,2002,Combined,2,1,2,NA
2050,2004,eBird_GBIF,2,1,2,NA
2050,2004,Combined,2,1,2,NA
2050,2007,eBird_GBIF,1,1,1,NA
2050,2007,Combined,1,1,1,NA
2050,2016,China_Birdwatch,1,1,1,180
2050,2016,eBird_GBIF,1,1,1,NA
2050,2016,Combined,2,2,2,180
2050,2017,eBird_GBIF,4,1,4,NA
2050,2017,Combined,4,1,4,NA
2050,2018,eBird_GBIF,10,1,10,NA
2050,2018,Combined,10,1,10,NA
2050,2019,China_Birdwatch,1,1,1,570
2050,2019,eBird_GBIF,21,3,19,NA
2050,2019,Combined,22,4,20,570
2050,2020,China_Birdwatch,1,1,1,180
2050,2020,eBird_GBIF,7,5,5,NA
2050,2020,Combined,8,6,5,180
2050,2021,China_Birdwatch,3,3,3,542
2050,2021,eBird_GBIF,5,1,5,NA
2050,2021,Combined,8,4,8,542
2050,2022,China_Birdwatch,2,2,2,57
2050,2022,eBird_GBIF,2,2,2,NA
2050,2022,Combined,4,4,4,57
2050,2023,China_Birdwatch,7,6,7,62.03389830508475
2050,2023,eBird_GBIF,11,6,11,NA
2050,2023,Combined,18,12,17,62.03389830508475
2050,2024,China_Birdwatch,28,24,24,578.3700564971746
2050,2024,Combined,28,24,24,578.3700564971746
2051,2000,eBird_GBIF,2,1,2,NA
2051,2000,Combined,2,1,2,NA
2051,2001,eBird_GBIF,1,1,1,NA
2051,2001,Combined,1,1,1,NA
2051,2009,China_Birdwatch,1,1,1,390
2051,2009,eBird_GBIF,2,2,2,NA
2051,2009,Combined,3,3,3,390
2051,2010,eBird_GBIF,1,1,1,NA
2051,2010,Combined,1,1,1,NA
2051,2012,eBird_GBIF,3,3,2,NA
2051,2012,Combined,3,3,2,NA
2051,2013,eBird_GBIF,10,7,9,NA
2051,2013,Combined,10,7,9,NA
2051,2014,China_Birdwatch,1,1,1,300
2051,2014,eBird_GBIF,6,5,5,NA
2051,2014,Combined,7,6,6,300
2051,2015,China_Birdwatch,1,1,1,0
2051,2015,eBird_GBIF,5,5,5,NA
2051,2015,Combined,6,6,5,0
2051,2016,China_Birdwatch,4,3,4,104707.16417910453
2051,2016,eBird_GBIF,3,3,3,NA
2051,2016,Combined,7,6,6,104707.16417910453
2051,2017,China_Birdwatch,4,3,3,737.8378378378378
2051,2017,eBird_GBIF,5,5,4,NA
2051,2017,Combined,9,8,6,737.8378378378378
2051,2018,China_Birdwatch,4,4,3,704.1666666666667
2051,2018,eBird_GBIF,5,4,4,NA
2051,2018,Combined,9,8,5,704.1666666666667
2051,2019,China_Birdwatch,4,2,4,372
2051,2019,eBird_GBIF,19,9,19,NA
2051,2019,Combined,23,11,22,372
2051,2020,China_Birdwatch,7,3,7,435.56962025316454
2051,2020,eBird_GBIF,23,11,20,NA
2051,2020,Combined,30,14,25,435.56962025316454
2051,2021,China_Birdwatch,19,4,19,1481.2705167173247
2051,2021,eBird_GBIF,10,7,9,NA
2051,2021,Combined,29,11,28,1481.2705167173247
2051,2022,China_Birdwatch,83,8,63,2980.9302030456834
2051,2022,eBird_GBIF,17,4,17,NA
2051,2022,Combined,100,12,72,2980.9302030456834
2051,2023,China_Birdwatch,174,35,116,312.95594347464584
2051,2023,eBird_GBIF,43,17,37,NA
2051,2023,Combined,217,52,130,312.95594347464584
2051,2024,China_Birdwatch,461,82,218,211.07789661319043
2051,2024,Combined,461,82,218,211.07789661319043
2052,2013,eBird_GBIF,1,1,1,NA
2052,2013,Combined,1,1,1,NA
2052,2023,eBird_GBIF,6,2,6,NA
2052,2023,Combined,6,2,6,NA
2052,2024,China_Birdwatch,58,13,56,93.97844827586205
2052,2024,Combined,58,13,56,93.97844827586205
2053,2015,eBird_GBIF,1,1,1,NA
2053,2015,Combined,1,1,1,NA
2053,2024,China_Birdwatch,2,2,1,60
2053,2024,Combined,2,2,1,60
2054,2018,China_Birdwatch,1,1,1,780
2054,2018,Combined,1,1,1,780
2054,2019,eBird_GBIF,10,2,5,NA
2054,2019,Combined,10,2,5,NA
2054,2020,China_Birdwatch,10,2,10,200.9395973154363
2054,2020,eBird_GBIF,2,1,2,NA
2054,2020,Combined,12,3,12,200.9395973154363
2054,2021,China_Birdwatch,6,3,6,212.1038961038961
2054,2021,eBird_GBIF,7,2,7,NA
2054,2021,Combined,13,5,11,212.1038961038961
2054,2022,China_Birdwatch,2,2,2,139.4318181818182
2054,2022,Combined,2,2,2,139.4318181818182
2054,2023,China_Birdwatch,23,7,23,1849.2137681159418
2054,2023,eBird_GBIF,5,3,5,NA
2054,2023,Combined,28,10,28,1849.2137681159418
2054,2024,China_Birdwatch,167,17,133,511.0983675177896
2054,2024,Combined,167,17,133,511.0983675177896
2055,2016,China_Birdwatch,1,1,1,90
2055,2016,Combined,1,1,1,90
2055,2017,China_Birdwatch,1,1,1,90
2055,2017,Combined,1,1,1,90
2055,2019,China_Birdwatch,2,1,2,124.92307692307692
2055,2019,Combined,2,1,2,124.92307692307692
2055,2020,eBird_GBIF,1,1,1,NA
2055,2020,Combined,1,1,1,NA
2055,2021,China_Birdwatch,3,1,3,137.5
2055,2021,Combined,3,1,3,137.5
2055,2022,China_Birdwatch,15,1,15,212.42647058823525
2055,2022,Combined,15,1,15,212.42647058823525
2055,2023,China_Birdwatch,28,1,28,142.44935543278083
2055,2023,eBird_GBIF,1,1,1,NA
2055,2023,Combined,29,2,29,142.44935543278083
2055,2024,China_Birdwatch,29,3,29,149.42314647377938
2055,2024,Combined,29,3,29,149.42314647377938
2056,2016,China_Birdwatch,9,1,9,241.95652173913044
2056,2016,Combined,9,1,9,241.95652173913044
2056,2017,China_Birdwatch,31,1,31,858.486842105263
2056,2017,Combined,31,1,31,858.486842105263
2056,2018,China_Birdwatch,3,1,3,92469.09090909091
2056,2018,Combined,3,1,3,92469.09090909091
2056,2019,China_Birdwatch,14,1,14,5849.0901639344265
2056,2019,Combined,14,1,14,5849.0901639344265
2056,2020,China_Birdwatch,5,1,5,7373.076923076924
2056,2020,Combined,5,1,5,7373.076923076924
2056,2021,China_Birdwatch,41,1,41,149.575959933222
2056,2021,Combined,41,1,41,149.575959933222
2056,2022,China_Birdwatch,108,1,108,162.8900966183576
2056,2022,Combined,108,1,108,162.8900966183576
2056,2023,China_Birdwatch,88,1,88,116.98129592518367
2056,2023,Combined,88,1,88,116.98129592518367
2056,2024,China_Birdwatch,53,2,52,100.19791666666666
2056,2024,Combined,53,2,52,100.19791666666666
2057,2020,China_Birdwatch,1,1,1,1800
2057,2020,Combined,1,1,1,1800
2057,2023,eBird_GBIF,2,1,2,NA
2057,2023,Combined,2,1,2,NA
2057,2024,China_Birdwatch,2,2,2,75.47619047619048
2057,2024,Combined,2,2,2,75.47619047619048
2058,2012,eBird_GBIF,1,1,1,NA
2058,2012,Combined,1,1,1,NA
2058,2014,China_Birdwatch,1,1,1,0
2058,2014,eBird_GBIF,1,1,1,NA
2058,2014,Combined,2,2,1,0
2058,2018,China_Birdwatch,3,1,3,480.82191780821915
2058,2018,Combined,3,1,3,480.82191780821915
2058,2019,China_Birdwatch,1,1,1,480
2058,2019,eBird_GBIF,1,1,1,NA
2058,2019,Combined,2,2,2,480
2058,2020,eBird_GBIF,1,1,1,NA
2058,2020,Combined,1,1,1,NA
2058,2022,China_Birdwatch,1,1,1,60
2058,2022,Combined,1,1,1,60
2058,2023,eBird_GBIF,1,1,1,NA
2058,2023,Combined,1,1,1,NA
2059,2021,China_Birdwatch,4,1,4,16519.411764705877
2059,2021,eBird_GBIF,1,1,1,NA
2059,2021,Combined,5,2,5,16519.411764705877
2059,2022,China_Birdwatch,11,1,11,227.8125
2059,2022,Combined,11,1,11,227.8125
2059,2023,China_Birdwatch,9,4,9,67.45535714285714
2059,2023,eBird_GBIF,1,1,1,NA
2059,2023,Combined,10,5,10,67.45535714285714
2059,2024,China_Birdwatch,16,9,15,85.53205128205128
2059,2024,Combined,16,9,15,85.53205128205128
2060,2014,China_Birdwatch,1,1,1,1680
2060,2014,Combined,1,1,1,1680
2060,2016,eBird_GBIF,1,1,1,NA
2060,2016,Combined,1,1,1,NA
2060,2017,eBird_GBIF,1,1,1,NA
2060,2017,Combined,1,1,1,NA
2060,2019,eBird_GBIF,1,1,1,NA
2060,2019,Combined,1,1,1,NA
2060,2020,eBird_GBIF,2,2,2,NA
2060,2020,Combined,2,2,2,NA
2060,2021,China_Birdwatch,4,4,3,156.92307692307693
2060,2021,eBird_GBIF,2,2,2,NA
2060,2021,Combined,6,6,5,156.92307692307693
2060,2022,China_Birdwatch,3,2,3,3010.762711864407
2060,2022,Combined,3,2,3,3010.762711864407
2060,2023,China_Birdwatch,6,6,5,661.0322580645161
2060,2023,eBird_GBIF,6,2,3,NA
2060,2023,Combined,12,8,8,661.0322580645161
2060,2024,China_Birdwatch,37,21,33,415.7258687258686
2060,2024,Combined,37,21,33,415.7258687258686
2061,2016,eBird_GBIF,3,1,3,NA
2061,2016,Combined,3,1,3,NA
2061,2017,eBird_GBIF,2,1,2,NA
2061,2017,Combined,2,1,2,NA
2061,2018,eBird_GBIF,4,1,4,NA
2061,2018,Combined,4,1,4,NA
2061,2019,eBird_GBIF,12,1,12,NA
2061,2019,Combined,12,1,12,NA
2061,2020,eBird_GBIF,26,1,26,NA
2061,2020,Combined,26,1,26,NA
2061,2021,eBird_GBIF,12,1,12,NA
2061,2021,Combined,12,1,12,NA
2061,2023,China_Birdwatch,4,3,4,279.2962962962963
2061,2023,eBird_GBIF,3,2,3,NA
2061,2023,Combined,7,5,7,279.2962962962963
2061,2024,China_Birdwatch,276,20,198,77.7393162393162
2061,2024,Combined,276,20,198,77.7393162393162
2062,2008,China_Birdwatch,1,1,1,240
2062,2008,Combined,1,1,1,240
2062,2014,eBird_GBIF,1,1,1,NA
2062,2014,Combined,1,1,1,NA
2062,2018,eBird_GBIF,3,3,3,NA
2062,2018,Combined,3,3,3,NA
2062,2020,China_Birdwatch,1,1,1,270
2062,2020,eBird_GBIF,1,1,1,NA
2062,2020,Combined,2,2,2,270
2062,2021,China_Birdwatch,2,2,2,953.8181818181819
2062,2021,Combined,2,2,2,953.8181818181819
2062,2022,China_Birdwatch,2,2,2,364.61538461538464
2062,2022,eBird_GBIF,1,1,1,NA
2062,2022,Combined,3,3,3,364.61538461538464
2062,2023,China_Birdwatch,4,4,4,232.2285714285714
2062,2023,eBird_GBIF,1,1,1,NA
2062,2023,Combined,5,5,5,232.2285714285714
2062,2024,China_Birdwatch,45,26,42,214.39541547277935
2062,2024,Combined,45,26,42,214.39541547277935
2063,2015,eBird_GBIF,2,1,2,NA
2063,2015,Combined,2,1,2,NA
2063,2021,China_Birdwatch,12,2,12,101.875
2063,2021,Combined,12,2,12,101.875
2063,2022,China_Birdwatch,17,1,17,200.8695652173913
2063,2022,eBird_GBIF,2,1,2,NA
2063,2022,Combined,19,2,18,200.8695652173913
2063,2023,China_Birdwatch,97,1,97,83.9647798742138
2063,2023,eBird_GBIF,2,1,2,NA
2063,2023,Combined,99,2,99,83.9647798742138
2063,2024,China_Birdwatch,117,9,114,116.81142339075237
2063,2024,Combined,117,9,114,116.81142339075237
2064,2016,eBird_GBIF,1,1,1,NA
2064,2016,Combined,1,1,1,NA
2064,2018,eBird_GBIF,2,2,2,NA
2064,2018,Combined,2,2,2,NA
2064,2021,China_Birdwatch,2,2,2,161303
2064,2021,Combined,2,2,2,161303
2064,2022,China_Birdwatch,2,1,2,502.6666666666667
2064,2022,Combined,2,1,2,502.6666666666667
2064,2023,China_Birdwatch,3,2,3,243.0681818181818
2064,2023,Combined,3,2,3,243.0681818181818
2064,2024,China_Birdwatch,4,4,4,51
2064,2024,Combined,4,4,4,51
2065,2013,eBird_GBIF,1,1,1,NA
2065,2013,Combined,1,1,1,NA
2065,2014,eBird_GBIF,2,2,2,NA
2065,2014,Combined,2,2,2,NA
2065,2015,eBird_GBIF,1,1,1,NA
2065,2015,Combined,1,1,1,NA
2065,2018,eBird_GBIF,7,6,4,NA
2065,2018,Combined,7,6,4,NA
2065,2019,eBird_GBIF,2,1,2,NA
2065,2019,Combined,2,1,2,NA
2065,2020,eBird_GBIF,3,2,3,NA
2065,2020,Combined,3,2,3,NA
2065,2021,China_Birdwatch,1,1,1,60
2065,2021,eBird_GBIF,3,1,3,NA
2065,2021,Combined,4,2,4,60
2065,2022,China_Birdwatch,1,1,1,150
2065,2022,Combined,1,1,1,150
2065,2023,China_Birdwatch,9,5,9,222.76190476190484
2065,2023,Combined,9,5,9,222.76190476190484
2065,2024,China_Birdwatch,71,26,55,226.29173838209982
2065,2024,Combined,71,26,55,226.29173838209982
2066,2003,eBird_GBIF,1,1,1,NA
2066,2003,Combined,1,1,1,NA
2066,2008,eBird_GBIF,1,1,1,NA
2066,2008,Combined,1,1,1,NA
2066,2014,eBird_GBIF,1,1,1,NA
2066,2014,Combined,1,1,1,NA
2066,2016,eBird_GBIF,3,2,3,NA
2066,2016,Combined,3,2,3,NA
2066,2017,China_Birdwatch,1,1,1,154
2066,2017,eBird_GBIF,4,4,4,NA
2066,2017,Combined,5,5,5,154
2066,2018,China_Birdwatch,1,1,1,0
2066,2018,eBird_GBIF,1,1,1,NA
2066,2018,Combined,2,2,2,0
2066,2019,China_Birdwatch,2,1,2,816.6666666666667
2066,2019,eBird_GBIF,6,5,5,NA
2066,2019,Combined,8,6,5,816.6666666666667
2066,2020,China_Birdwatch,2,2,2,394.16666666666663
2066,2020,eBird_GBIF,1,1,1,NA
2066,2020,Combined,3,3,3,394.16666666666663
2066,2021,China_Birdwatch,2,2,2,75
2066,2021,eBird_GBIF,2,2,2,NA
2066,2021,Combined,4,4,4,75
2066,2023,China_Birdwatch,25,7,24,837.2862068965519
2066,2023,Combined,25,7,24,837.2862068965519
2066,2024,China_Birdwatch,154,33,131,116.43767648245264
2066,2024,Combined,154,33,131,116.43767648245264
2067,2020,China_Birdwatch,1,1,1,105
2067,2020,Combined,1,1,1,105
2067,2021,China_Birdwatch,3,2,3,136.59574468085106
2067,2021,eBird_GBIF,2,1,2,NA
2067,2021,Combined,5,3,5,136.59574468085106
2067,2022,China_Birdwatch,6,2,5,128.7625
2067,2022,eBird_GBIF,3,1,3,NA
2067,2022,Combined,9,3,8,128.7625
2067,2023,China_Birdwatch,32,5,27,270.24806201550393
2067,2023,eBird_GBIF,4,1,4,NA
2067,2023,Combined,36,6,31,270.24806201550393
2067,2024,China_Birdwatch,147,14,137,112.69565217391283
2067,2024,Combined,147,14,137,112.69565217391283
2068,2012,eBird_GBIF,2,1,2,NA
2068,2012,Combined,2,1,2,NA
2068,2014,eBird_GBIF,1,1,1,NA
2068,2014,Combined,1,1,1,NA
2068,2016,eBird_GBIF,1,1,1,NA
2068,2016,Combined,1,1,1,NA
2068,2020,eBird_GBIF,2,1,2,NA
2068,2020,Combined,2,1,2,NA
2068,2021,China_Birdwatch,5,3,5,87.46551724137932
2068,2021,eBird_GBIF,20,8,16,NA
2068,2021,Combined,25,11,18,87.46551724137932
2068,2022,China_Birdwatch,8,4,8,522.0882352941177
2068,2022,eBird_GBIF,43,6,42,NA
2068,2022,Combined,51,10,46,522.0882352941177
2068,2023,China_Birdwatch,37,20,30,215.64018161180465
2068,2023,eBird_GBIF,73,15,63,NA
2068,2023,Combined,110,35,83,215.64018161180465
2068,2024,China_Birdwatch,127,58,95,365.2886932344788
2068,2024,Combined,127,58,95,365.2886932344788
2069,2011,eBird_GBIF,1,1,1,NA
2069,2011,Combined,1,1,1,NA
2069,2015,China_Birdwatch,1,1,1,13320
2069,2015,Combined,1,1,1,13320
2069,2016,China_Birdwatch,1,1,1,281580
2069,2016,Combined,1,1,1,281580
2069,2017,eBird_GBIF,2,2,2,NA
2069,2017,Combined,2,2,2,NA
2069,2018,eBird_GBIF,3,3,3,NA
2069,2018,Combined,3,3,3,NA
2069,2019,China_Birdwatch,2,1,2,117.2
2069,2019,eBird_GBIF,3,3,2,NA
2069,2019,Combined,5,4,4,117.2
2069,2020,China_Birdwatch,3,3,3,1152.6315789473683
2069,2020,eBird_GBIF,7,5,5,NA
2069,2020,Combined,10,8,7,1152.6315789473683
2069,2021,China_Birdwatch,12,10,11,540.3979057591623
2069,2021,eBird_GBIF,25,15,19,NA
2069,2021,Combined,37,25,28,540.3979057591623
2069,2022,China_Birdwatch,4,3,4,106.59574468085107
2069,2022,eBird_GBIF,77,9,76,NA
2069,2022,Combined,81,12,79,106.59574468085107
2069,2023,China_Birdwatch,82,32,70,729.8010752688166
2069,2023,eBird_GBIF,107,21,93,NA
2069,2023,Combined,189,53,140,729.8010752688166
2069,2024,China_Birdwatch,555,124,296,145.72511144130698
2069,2024,Combined,555,124,296,145.72511144130698
2100,2013,eBird_GBIF,1,1,1,NA
2100,2013,Combined,1,1,1,NA
2111,2010,eBird_GBIF,1,1,1,NA
2111,2010,Combined,1,1,1,NA
2111,2023,China_Birdwatch,1,1,1,13078
2111,2023,Combined,1,1,1,13078
2112,2013,eBird_GBIF,1,1,1,NA
2112,2013,Combined,1,1,1,NA
2112,2014,eBird_GBIF,3,3,3,NA
2112,2014,Combined,3,3,3,NA
2112,2018,eBird_GBIF,6,6,3,NA
2112,2018,Combined,6,6,3,NA
2112,2021,eBird_GBIF,5,5,2,NA
2112,2021,Combined,5,5,2,NA
2112,2022,China_Birdwatch,3,3,2,353.0232558139535
2112,2022,eBird_GBIF,4,4,3,NA
2112,2022,Combined,7,7,4,353.0232558139535
2112,2023,China_Birdwatch,7,7,3,207.27272727272728
2112,2023,eBird_GBIF,1,1,1,NA
2112,2023,Combined,8,8,3,207.27272727272728
2112,2024,China_Birdwatch,12,12,8,273.57758620689657
2112,2024,Combined,12,12,8,273.57758620689657
2113,2018,eBird_GBIF,6,6,3,NA
2113,2018,Combined,6,6,3,NA
2113,2019,eBird_GBIF,1,1,1,NA
2113,2019,Combined,1,1,1,NA
2113,2020,eBird_GBIF,3,3,2,NA
2113,2020,Combined,3,3,2,NA
2113,2021,eBird_GBIF,2,2,1,NA
2113,2021,Combined,2,2,1,NA
2113,2022,China_Birdwatch,2,2,2,404.2
2113,2022,eBird_GBIF,1,1,1,NA
2113,2022,Combined,3,3,3,404.2
2113,2024,China_Birdwatch,2,2,2,60
2113,2024,Combined,2,2,2,60
2114,2018,eBird_GBIF,2,2,1,NA
2114,2018,Combined,2,2,1,NA
2116,2008,eBird_GBIF,1,1,1,NA
2116,2008,Combined,1,1,1,NA
2116,2015,China_Birdwatch,1,1,1,0
2116,2015,Combined,1,1,1,0
2116,2016,eBird_GBIF,3,3,1,NA
2116,2016,Combined,3,3,1,NA
2116,2017,eBird_GBIF,1,1,1,NA
2116,2017,Combined,1,1,1,NA
2116,2023,China_Birdwatch,1,1,1,867
2116,2023,Combined,1,1,1,867
2117,2000,eBird_GBIF,1,1,1,NA
2117,2000,Combined,1,1,1,NA
2117,2002,eBird_GBIF,7,4,5,NA
2117,2002,Combined,7,4,5,NA
2117,2004,eBird_GBIF,5,4,5,NA
2117,2004,Combined,5,4,5,NA
2117,2005,eBird_GBIF,2,1,2,NA
2117,2005,Combined,2,1,2,NA
2117,2006,eBird_GBIF,1,1,1,NA
2117,2006,Combined,1,1,1,NA
2117,2007,eBird_GBIF,1,1,1,NA
2117,2007,Combined,1,1,1,NA
2117,2008,eBird_GBIF,1,1,1,NA
2117,2008,Combined,1,1,1,NA
2117,2010,eBird_GBIF,3,3,1,NA
2117,2010,Combined,3,3,1,NA
2117,2012,eBird_GBIF,2,2,2,NA
2117,2012,Combined,2,2,2,NA
2117,2014,eBird_GBIF,7,5,5,NA
2117,2014,Combined,7,5,5,NA
2117,2015,China_Birdwatch,2,2,2,0
2117,2015,Combined,2,2,2,0
2117,2016,eBird_GBIF,4,4,2,NA
2117,2016,Combined,4,4,2,NA
2117,2017,eBird_GBIF,6,2,6,NA
2117,2017,Combined,6,2,6,NA
2117,2018,China_Birdwatch,2,2,2,329.2307692307692
2117,2018,eBird_GBIF,2,2,2,NA
2117,2018,Combined,4,4,4,329.2307692307692
2117,2019,eBird_GBIF,2,1,2,NA
2117,2019,Combined,2,1,2,NA
2117,2020,China_Birdwatch,1,1,1,902
2117,2020,Combined,1,1,1,902
2117,2021,China_Birdwatch,2,2,2,372.63157894736844
2117,2021,eBird_GBIF,2,2,2,NA
2117,2021,Combined,4,4,4,372.63157894736844
2117,2022,China_Birdwatch,12,11,9,603.3645833333334
2117,2022,eBird_GBIF,3,3,3,NA
2117,2022,Combined,15,14,10,603.3645833333334
2117,2023,China_Birdwatch,9,9,6,2604.90909090909
2117,2023,eBird_GBIF,4,3,3,NA
2117,2023,Combined,13,12,8,2604.90909090909
2117,2024,China_Birdwatch,51,43,21,119.93454545454543
2117,2024,Combined,51,43,21,119.93454545454543
2118,2004,eBird_GBIF,1,1,1,NA
2118,2004,Combined,1,1,1,NA
2118,2007,eBird_GBIF,4,3,3,NA
2118,2007,Combined,4,3,3,NA
2118,2014,eBird_GBIF,1,1,1,NA
2118,2014,Combined,1,1,1,NA
2118,2017,eBird_GBIF,1,1,1,NA
2118,2017,Combined,1,1,1,NA
2118,2018,eBird_GBIF,1,1,1,NA
2118,2018,Combined,1,1,1,NA
2118,2023,China_Birdwatch,4,4,3,140
2118,2023,eBird_GBIF,1,1,1,NA
2118,2023,Combined,5,5,3,140
2118,2024,China_Birdwatch,5,5,3,88.5
2118,2024,Combined,5,5,3,88.5
2119,2021,eBird_GBIF,1,1,1,NA
2119,2021,Combined,1,1,1,NA
2120,2023,China_Birdwatch,1,1,1,34
2120,2023,eBird_GBIF,2,2,2,NA
2120,2023,Combined,3,3,3,34
2120,2024,China_Birdwatch,3,1,3,493.83050847457633
2120,2024,Combined,3,1,3,493.83050847457633
2121,2017,eBird_GBIF,1,1,1,NA
2121,2017,Combined,1,1,1,NA
2121,2018,eBird_GBIF,2,1,2,NA
2121,2018,Combined,2,1,2,NA
2121,2019,eBird_GBIF,5,1,5,NA
2121,2019,Combined,5,1,5,NA
2121,2021,eBird_GBIF,1,1,1,NA
2121,2021,Combined,1,1,1,NA
2121,2023,China_Birdwatch,2,2,1,78.18181818181819
2121,2023,Combined,2,2,1,78.18181818181819
2121,2024,China_Birdwatch,11,6,9,125.69178082191783
2121,2024,Combined,11,6,9,125.69178082191783
2122,2001,eBird_GBIF,5,1,5,NA
2122,2001,Combined,5,1,5,NA
2122,2002,eBird_GBIF,1,1,1,NA
2122,2002,Combined,1,1,1,NA
2122,2006,eBird_GBIF,1,1,1,NA
2122,2006,Combined,1,1,1,NA
2122,2007,eBird_GBIF,4,2,4,NA
2122,2007,Combined,4,2,4,NA
2122,2010,eBird_GBIF,1,1,1,NA
2122,2010,Combined,1,1,1,NA
2122,2011,eBird_GBIF,1,1,1,NA
2122,2011,Combined,1,1,1,NA
2122,2012,eBird_GBIF,2,2,2,NA
2122,2012,Combined,2,2,2,NA
2122,2014,eBird_GBIF,1,1,1,NA
2122,2014,Combined,1,1,1,NA
2122,2015,China_Birdwatch,2,2,2,598420.375
2122,2015,eBird_GBIF,3,2,3,NA
2122,2015,Combined,5,4,4,598420.375
2122,2016,China_Birdwatch,2,1,2,369.72972972972974
2122,2016,eBird_GBIF,4,2,4,NA
2122,2016,Combined,6,3,6,369.72972972972974
2122,2017,eBird_GBIF,8,3,8,NA
2122,2017,Combined,8,3,8,NA
2122,2018,eBird_GBIF,32,4,32,NA
2122,2018,Combined,32,4,32,NA
2122,2019,China_Birdwatch,2,2,2,429.375
2122,2019,eBird_GBIF,74,3,73,NA
2122,2019,Combined,76,5,74,429.375
2122,2020,China_Birdwatch,5,3,5,58.59375
2122,2020,eBird_GBIF,8,7,5,NA
2122,2020,Combined,13,10,8,58.59375
2122,2021,China_Birdwatch,6,6,5,1200.32
2122,2021,eBird_GBIF,3,3,3,NA
2122,2021,Combined,9,9,8,1200.32
2122,2022,China_Birdwatch,1,1,1,1359
2122,2022,eBird_GBIF,4,2,4,NA
2122,2022,Combined,5,3,4,1359
2122,2023,China_Birdwatch,11,10,10,4462.098445595855
2122,2023,eBird_GBIF,8,6,7,NA
2122,2023,Combined,19,16,17,4462.098445595855
2122,2024,China_Birdwatch,65,40,38,581.3303437967115
2122,2024,Combined,65,40,38,581.3303437967115
2123,2008,eBird_GBIF,1,1,1,NA
2123,2008,Combined,1,1,1,NA
2123,2009,China_Birdwatch,2,2,2,5810.1
2123,2009,eBird_GBIF,4,2,4,NA
2123,2009,Combined,6,4,6,5810.1
2123,2012,eBird_GBIF,8,2,4,NA
2123,2012,Combined,8,2,4,NA
2123,2013,China_Birdwatch,1,1,1,1980
2123,2013,eBird_GBIF,8,3,7,NA
2123,2013,Combined,9,4,8,1980
2123,2014,China_Birdwatch,2,2,2,1961.7567567567567
2123,2014,eBird_GBIF,15,8,13,NA
2123,2014,Combined,17,10,15,1961.7567567567567
2123,2015,China_Birdwatch,1,1,1,1440
2123,2015,eBird_GBIF,5,4,5,NA
2123,2015,Combined,6,5,6,1440
2123,2016,China_Birdwatch,5,3,5,1731.8103448275863
2123,2016,eBird_GBIF,6,5,4,NA
2123,2016,Combined,11,8,9,1731.8103448275863
2123,2017,eBird_GBIF,7,5,5,NA
2123,2017,Combined,7,5,5,NA
2123,2018,China_Birdwatch,6,6,4,3143.416370106761
2123,2018,eBird_GBIF,19,4,11,NA
2123,2018,Combined,25,10,13,3143.416370106761
2123,2019,China_Birdwatch,1,1,1,510
2123,2019,eBird_GBIF,7,5,6,NA
2123,2019,Combined,8,6,6,510
2123,2020,China_Birdwatch,4,4,3,1786.938775510204
2123,2020,eBird_GBIF,13,5,13,NA
2123,2020,Combined,17,9,14,1786.938775510204
2123,2021,China_Birdwatch,9,7,9,587.2204301075268
2123,2021,eBird_GBIF,11,6,11,NA
2123,2021,Combined,20,13,19,587.2204301075268
2123,2022,China_Birdwatch,6,5,4,1428.0833333333335
2123,2022,eBird_GBIF,32,6,27,NA
2123,2022,Combined,38,11,30,1428.0833333333335
2123,2023,China_Birdwatch,36,19,18,1256.2276621787028
2123,2023,eBird_GBIF,19,7,19,NA
2123,2023,Combined,55,26,32,1256.2276621787028
2123,2024,China_Birdwatch,67,44,44,640.570592062459
2123,2024,Combined,67,44,44,640.570592062459
2124,2021,China_Birdwatch,1,1,1,240
2124,2021,Combined,1,1,1,240
2124,2022,China_Birdwatch,1,1,1,60
2124,2022,Combined,1,1,1,60
2124,2023,China_Birdwatch,1,1,1,60
2124,2023,Combined,1,1,1,60
2124,2024,China_Birdwatch,3,1,3,3347.7419354838707
2124,2024,Combined,3,1,3,3347.7419354838707
2125,2006,eBird_GBIF,1,1,1,NA
2125,2006,Combined,1,1,1,NA
2125,2021,China_Birdwatch,1,1,1,120
2125,2021,eBird_GBIF,2,2,1,NA
2125,2021,Combined,3,3,2,120
2125,2023,China_Birdwatch,7,6,6,141.50943396226415
2125,2023,eBird_GBIF,2,1,2,NA
2125,2023,Combined,9,7,6,141.50943396226415
2125,2024,China_Birdwatch,28,16,27,217.48699763593385
2125,2024,Combined,28,16,27,217.48699763593385
2126,2018,China_Birdwatch,1,1,1,527040
2126,2018,eBird_GBIF,1,1,1,NA
2126,2018,Combined,2,2,2,527040
2126,2022,China_Birdwatch,2,2,2,20
2126,2022,Combined,2,2,2,20
2126,2023,China_Birdwatch,3,3,3,60
2126,2023,eBird_GBIF,1,1,1,NA
2126,2023,Combined,4,4,4,60
2126,2024,China_Birdwatch,19,14,13,118.97916666666667
2126,2024,Combined,19,14,13,118.97916666666667
2127,2020,eBird_GBIF,1,1,1,NA
2127,2020,Combined,1,1,1,NA
2127,2023,China_Birdwatch,1,1,1,60
2127,2023,eBird_GBIF,1,1,1,NA
2127,2023,Combined,2,2,2,60
2127,2024,China_Birdwatch,3,3,3,244
2127,2024,Combined,3,3,3,244
2128,2006,eBird_GBIF,2,2,1,NA
2128,2006,Combined,2,2,1,NA
2128,2016,China_Birdwatch,1,1,1,30
2128,2016,Combined,1,1,1,30
2128,2018,eBird_GBIF,1,1,1,NA
2128,2018,Combined,1,1,1,NA
2128,2019,eBird_GBIF,1,1,1,NA
2128,2019,Combined,1,1,1,NA
2128,2020,China_Birdwatch,1,1,1,30
2128,2020,Combined,1,1,1,30
2128,2021,China_Birdwatch,1,1,1,360
2128,2021,Combined,1,1,1,360
2128,2024,China_Birdwatch,7,6,7,105.61643835616437
2128,2024,Combined,7,6,7,105.61643835616437
2129,2012,China_Birdwatch,1,1,1,90
2129,2012,eBird_GBIF,2,1,2,NA
2129,2012,Combined,3,2,3,90
2129,2013,eBird_GBIF,1,1,1,NA
2129,2013,Combined,1,1,1,NA
2129,2014,eBird_GBIF,8,3,8,NA
2129,2014,Combined,8,3,8,NA
2129,2016,China_Birdwatch,1,1,1,60
2129,2016,eBird_GBIF,2,1,2,NA
2129,2016,Combined,3,2,3,60
2129,2017,eBird_GBIF,6,2,6,NA
2129,2017,Combined,6,2,6,NA
2129,2018,China_Birdwatch,2,1,2,151.30434782608697
2129,2018,eBird_GBIF,1,1,1,NA
2129,2018,Combined,3,2,3,151.30434782608697
2129,2021,China_Birdwatch,2,2,2,60
2129,2021,eBird_GBIF,1,1,1,NA
2129,2021,Combined,3,3,3,60
2129,2022,China_Birdwatch,1,1,1,40
2129,2022,Combined,1,1,1,40
2129,2023,China_Birdwatch,15,12,12,133.90234375
2129,2023,eBird_GBIF,3,3,3,NA
2129,2023,Combined,18,15,14,133.90234375
2129,2024,China_Birdwatch,45,17,39,200.8261700095512
2129,2024,Combined,45,17,39,200.8261700095512
2130,2007,eBird_GBIF,1,1,1,NA
2130,2007,Combined,1,1,1,NA
2130,2012,eBird_GBIF,1,1,1,NA
2130,2012,Combined,1,1,1,NA
2130,2017,eBird_GBIF,1,1,1,NA
2130,2017,Combined,1,1,1,NA
2130,2018,eBird_GBIF,2,2,2,NA
2130,2018,Combined,2,2,2,NA
2130,2019,China_Birdwatch,1,1,1,600
2130,2019,eBird_GBIF,1,1,1,NA
2130,2019,Combined,2,2,2,600
2130,2020,China_Birdwatch,1,1,1,720
2130,2020,Combined,1,1,1,720
2130,2021,China_Birdwatch,1,1,1,671.25
2130,2021,eBird_GBIF,6,2,6,NA
2130,2021,Combined,7,3,7,671.25
2130,2023,China_Birdwatch,6,6,5,214.69291338582676
2130,2023,eBird_GBIF,11,4,11,NA
2130,2023,Combined,17,10,15,214.69291338582676
2130,2024,China_Birdwatch,54,34,45,289.45238095238113
2130,2024,Combined,54,34,45,289.45238095238113
2131,2008,eBird_GBIF,2,1,2,NA
2131,2008,Combined,2,1,2,NA
2131,2010,eBird_GBIF,1,1,1,NA
2131,2010,Combined,1,1,1,NA
2131,2011,eBird_GBIF,2,2,2,NA
2131,2011,Combined,2,2,2,NA
2131,2012,eBird_GBIF,2,2,2,NA
2131,2012,Combined,2,2,2,NA
2131,2013,China_Birdwatch,1,1,1,240
2131,2013,eBird_GBIF,3,3,3,NA
2131,2013,Combined,4,4,4,240
2131,2014,eBird_GBIF,2,2,1,NA
2131,2014,Combined,2,2,1,NA
2131,2015,China_Birdwatch,1,1,1,0
2131,2015,eBird_GBIF,3,1,3,NA
2131,2015,Combined,4,2,4,0
2131,2016,China_Birdwatch,1,1,1,1500
2131,2016,Combined,1,1,1,1500
2131,2018,eBird_GBIF,2,1,2,NA
2131,2018,Combined,2,1,2,NA
2131,2019,eBird_GBIF,7,4,7,NA
2131,2019,Combined,7,4,7,NA
2131,2020,China_Birdwatch,1,1,1,60
2131,2020,eBird_GBIF,6,6,6,NA
2131,2020,Combined,7,7,6,60
2131,2021,China_Birdwatch,18,9,17,3465
2131,2021,eBird_GBIF,3,2,3,NA
2131,2021,Combined,21,11,20,3465
2131,2022,China_Birdwatch,5,2,5,182.53061224489795
2131,2022,Combined,5,2,5,182.53061224489795
2131,2023,China_Birdwatch,48,16,40,1528.2880143112777
2131,2023,eBird_GBIF,7,3,7,NA
2131,2023,Combined,55,19,46,1528.2880143112777
2131,2024,China_Birdwatch,569,92,268,163.1865443425082
2131,2024,Combined,569,92,268,163.1865443425082
2132,2007,eBird_GBIF,2,1,2,NA
2132,2007,Combined,2,1,2,NA
2132,2008,eBird_GBIF,3,1,3,NA
2132,2008,Combined,3,1,3,NA
2132,2009,eBird_GBIF,1,1,1,NA
2132,2009,Combined,1,1,1,NA
2132,2010,eBird_GBIF,1,1,1,NA
2132,2010,Combined,1,1,1,NA
2132,2011,eBird_GBIF,1,1,1,NA
2132,2011,Combined,1,1,1,NA
2132,2012,eBird_GBIF,2,1,2,NA
2132,2012,Combined,2,1,2,NA
2132,2013,eBird_GBIF,1,1,1,NA
2132,2013,Combined,1,1,1,NA
2132,2014,eBird_GBIF,2,1,2,NA
2132,2014,Combined,2,1,2,NA
2132,2016,eBird_GBIF,1,1,1,NA
2132,2016,Combined,1,1,1,NA
2132,2017,eBird_GBIF,3,1,3,NA
2132,2017,Combined,3,1,3,NA
2132,2018,eBird_GBIF,2,1,2,NA
2132,2018,Combined,2,1,2,NA
2132,2019,eBird_GBIF,1,1,1,NA
2132,2019,Combined,1,1,1,NA
2132,2020,China_Birdwatch,1,1,1,60
2132,2020,Combined,1,1,1,60
2132,2021,China_Birdwatch,1,1,1,60
2132,2021,Combined,1,1,1,60
2132,2023,China_Birdwatch,1,1,1,576
2132,2023,eBird_GBIF,2,2,2,NA
2132,2023,Combined,3,3,3,576
2132,2024,China_Birdwatch,31,20,24,323.9012658227848
2132,2024,Combined,31,20,24,323.9012658227848
2133,2007,eBird_GBIF,1,1,1,NA
2133,2007,Combined,1,1,1,NA
2133,2008,eBird_GBIF,4,2,4,NA
2133,2008,Combined,4,2,4,NA
2133,2009,eBird_GBIF,4,2,4,NA
2133,2009,Combined,4,2,4,NA
2133,2010,eBird_GBIF,5,2,5,NA
2133,2010,Combined,5,2,5,NA
2133,2011,eBird_GBIF,1,1,1,NA
2133,2011,Combined,1,1,1,NA
2133,2012,eBird_GBIF,2,2,1,NA
2133,2012,Combined,2,2,1,NA
2133,2013,eBird_GBIF,1,1,1,NA
2133,2013,Combined,1,1,1,NA
2133,2014,eBird_GBIF,5,3,5,NA
2133,2014,Combined,5,3,5,NA
2133,2015,eBird_GBIF,2,2,2,NA
2133,2015,Combined,2,2,2,NA
2133,2016,eBird_GBIF,4,2,4,NA
2133,2016,Combined,4,2,4,NA
2133,2017,eBird_GBIF,6,5,5,NA
2133,2017,Combined,6,5,5,NA
2133,2018,eBird_GBIF,8,7,6,NA
2133,2018,Combined,8,7,6,NA
2133,2019,China_Birdwatch,2,2,2,199.2
2133,2019,eBird_GBIF,16,9,13,NA
2133,2019,Combined,18,11,14,199.2
2133,2020,China_Birdwatch,10,7,10,3425.833333333332
2133,2020,eBird_GBIF,5,4,5,NA
2133,2020,Combined,15,11,12,3425.833333333332
2133,2021,China_Birdwatch,48,7,47,3298.971673819743
2133,2021,eBird_GBIF,53,5,53,NA
2133,2021,Combined,101,12,83,3298.971673819743
2133,2022,China_Birdwatch,26,6,26,390.20879120879124
2133,2022,eBird_GBIF,25,3,24,NA
2133,2022,Combined,51,9,47,390.20879120879124
2133,2023,China_Birdwatch,43,24,36,841.5921182266037
2133,2023,eBird_GBIF,19,13,18,NA
2133,2023,Combined,62,37,52,841.5921182266037
2133,2024,China_Birdwatch,449,158,219,462.65422378658593
2133,2024,Combined,449,158,219,462.65422378658593
2134,2004,eBird_GBIF,1,1,1,NA
2134,2004,Combined,1,1,1,NA
2134,2006,eBird_GBIF,1,1,1,NA
2134,2006,Combined,1,1,1,NA
2134,2007,eBird_GBIF,1,1,1,NA
2134,2007,Combined,1,1,1,NA
2134,2011,eBird_GBIF,5,4,4,NA
2134,2011,Combined,5,4,4,NA
2134,2012,eBird_GBIF,4,3,4,NA
2134,2012,Combined,4,3,4,NA
2134,2013,eBird_GBIF,3,2,3,NA
2134,2013,Combined,3,2,3,NA
2134,2014,China_Birdwatch,5,1,5,166.14634146341464
2134,2014,eBird_GBIF,5,3,4,NA
2134,2014,Combined,10,4,9,166.14634146341464
2134,2015,China_Birdwatch,21,2,21,220.58441558441555
2134,2015,eBird_GBIF,1,1,1,NA
2134,2015,Combined,22,3,22,220.58441558441555
2134,2016,China_Birdwatch,21,1,21,17153.822463768134
2134,2016,eBird_GBIF,5,4,5,NA
2134,2016,Combined,26,5,26,17153.822463768134
2134,2017,China_Birdwatch,25,1,25,25419.624728850325
2134,2017,eBird_GBIF,2,2,2,NA
2134,2017,Combined,27,3,27,25419.624728850325
2134,2018,China_Birdwatch,16,3,15,3811.7685185185182
2134,2018,eBird_GBIF,3,3,3,NA
2134,2018,Combined,19,6,18,3811.7685185185182
2134,2019,China_Birdwatch,79,5,69,9538.330651060744
2134,2019,eBird_GBIF,19,11,12,NA
2134,2019,Combined,98,16,80,9538.330651060744
2134,2020,China_Birdwatch,73,7,63,10174.481371087906
2134,2020,eBird_GBIF,19,6,15,NA
2134,2020,Combined,92,13,74,10174.481371087906
2134,2021,China_Birdwatch,274,15,200,32179.02644660987
2134,2021,eBird_GBIF,26,11,19,NA
2134,2021,Combined,300,26,207,32179.02644660987
2134,2022,China_Birdwatch,241,18,175,1804.061575179004
2134,2022,eBird_GBIF,71,9,66,NA
2134,2022,Combined,312,27,207,1804.061575179004
2134,2023,China_Birdwatch,342,49,200,499.4276620370364
2134,2023,eBird_GBIF,17,8,17,NA
2134,2023,Combined,359,57,207,499.4276620370364
2134,2024,China_Birdwatch,2492,182,363,297.48002100840034
2134,2024,Combined,2492,182,363,297.48002100840034
2135,2011,eBird_GBIF,3,3,3,NA
2135,2011,Combined,3,3,3,NA
2135,2012,eBird_GBIF,1,1,1,NA
2135,2012,Combined,1,1,1,NA
2135,2013,China_Birdwatch,1,1,1,600
2135,2013,Combined,1,1,1,600
2135,2015,China_Birdwatch,2,2,2,0
2135,2015,eBird_GBIF,1,1,1,NA
2135,2015,Combined,3,3,2,0
2135,2016,China_Birdwatch,1,1,1,422
2135,2016,eBird_GBIF,1,1,1,NA
2135,2016,Combined,2,2,2,422
2135,2017,China_Birdwatch,2,1,2,344
2135,2017,eBird_GBIF,4,3,4,NA
2135,2017,Combined,6,4,6,344
2135,2018,China_Birdwatch,1,1,1,120
2135,2018,eBird_GBIF,2,2,2,NA
2135,2018,Combined,3,3,3,120
2135,2019,China_Birdwatch,4,2,4,101.69491525423729
2135,2019,eBird_GBIF,5,5,2,NA
2135,2019,Combined,9,7,6,101.69491525423729
2135,2020,China_Birdwatch,16,11,14,5496.832807570996
2135,2020,eBird_GBIF,19,14,8,NA
2135,2020,Combined,35,25,18,5496.832807570996
2135,2021,China_Birdwatch,10,7,8,584.8724832214765
2135,2021,eBird_GBIF,6,6,5,NA
2135,2021,Combined,16,13,13,584.8724832214765
2135,2022,China_Birdwatch,41,3,38,159.4959871589085
2135,2022,Combined,41,3,38,159.4959871589085
2135,2023,China_Birdwatch,81,25,66,239.1952410006102
2135,2023,eBird_GBIF,1,1,1,NA
2135,2023,Combined,82,26,67,239.1952410006102
2135,2024,China_Birdwatch,107,39,85,189.9600622406642
2135,2024,Combined,107,39,85,189.9600622406642
2136,2021,China_Birdwatch,1,1,1,9211
2136,2021,Combined,1,1,1,9211
2136,2023,China_Birdwatch,13,11,11,172.46366782006928
2136,2023,eBird_GBIF,4,4,4,NA
2136,2023,Combined,17,15,14,172.46366782006928
2136,2024,China_Birdwatch,16,8,15,158.50374064837908
2136,2024,Combined,16,8,15,158.50374064837908
2137,2019,China_Birdwatch,1,1,1,120
2137,2019,Combined,1,1,1,120
2137,2020,China_Birdwatch,1,1,1,150
2137,2020,Combined,1,1,1,150
2137,2022,China_Birdwatch,2,1,2,77.58620689655173
2137,2022,Combined,2,1,2,77.58620689655173
2137,2023,China_Birdwatch,9,4,9,155.5374149659864
2137,2023,Combined,9,4,9,155.5374149659864
2137,2024,China_Birdwatch,38,8,35,1679.2423900789192
2137,2024,Combined,38,8,35,1679.2423900789192
2138,2020,China_Birdwatch,1,1,1,420
2138,2020,eBird_GBIF,1,1,1,NA
2138,2020,Combined,2,2,2,420
2138,2021,eBird_GBIF,3,2,3,NA
2138,2021,Combined,3,2,3,NA
2138,2023,China_Birdwatch,22,8,20,223.67132867132864
2138,2023,eBird_GBIF,4,2,4,NA
2138,2023,Combined,26,10,24,223.67132867132864
2138,2024,China_Birdwatch,92,35,74,715.5760869565219
2138,2024,Combined,92,35,74,715.5760869565219
2139,2016,China_Birdwatch,1,1,1,776160
2139,2016,eBird_GBIF,1,1,1,NA
2139,2016,Combined,2,2,2,776160
2139,2017,eBird_GBIF,2,1,2,NA
2139,2017,Combined,2,1,2,NA
2139,2018,eBird_GBIF,9,2,5,NA
2139,2018,Combined,9,2,5,NA
2139,2019,China_Birdwatch,5,1,5,96.92307692307693
2139,2019,eBird_GBIF,15,4,15,NA
2139,2019,Combined,20,5,19,96.92307692307693
2139,2020,eBird_GBIF,3,1,3,NA
2139,2020,Combined,3,1,3,NA
2139,2021,eBird_GBIF,4,2,3,NA
2139,2021,Combined,4,2,3,NA
2139,2022,China_Birdwatch,5,1,5,60
2139,2022,Combined,5,1,5,60
2139,2023,China_Birdwatch,24,12,22,85.27118644067795
2139,2023,eBird_GBIF,11,3,11,NA
2139,2023,Combined,35,15,33,85.27118644067795
2139,2024,China_Birdwatch,16,11,16,77.14919354838712
2139,2024,Combined,16,11,16,77.14919354838712
2140,2016,China_Birdwatch,2,1,2,0
2140,2016,eBird_GBIF,10,10,2,NA
2140,2016,Combined,12,11,3,0
2140,2017,eBird_GBIF,2,2,2,NA
2140,2017,Combined,2,2,2,NA
2140,2018,eBird_GBIF,4,1,4,NA
2140,2018,Combined,4,1,4,NA
2140,2019,eBird_GBIF,20,11,11,NA
2140,2019,Combined,20,11,11,NA
2140,2020,China_Birdwatch,2,2,2,454.2857142857143
2140,2020,eBird_GBIF,11,5,10,NA
2140,2020,Combined,13,7,12,454.2857142857143
2140,2021,China_Birdwatch,1,1,1,1313
2140,2021,eBird_GBIF,13,7,11,NA
2140,2021,Combined,14,8,12,1313
2140,2022,China_Birdwatch,5,5,4,229.82758620689648
2140,2022,eBird_GBIF,18,6,10,NA
2140,2022,Combined,23,11,13,229.82758620689648
2140,2023,China_Birdwatch,13,11,12,153.1649484536082
2140,2023,eBird_GBIF,25,14,22,NA
2140,2023,Combined,38,25,30,153.1649484536082
2140,2024,China_Birdwatch,312,45,227,123.29693654267005
2140,2024,Combined,312,45,227,123.29693654267005
2141,2024,China_Birdwatch,1,1,1,60
2141,2024,Combined,1,1,1,60
2171,2002,eBird_GBIF,1,1,1,NA
2171,2002,Combined,1,1,1,NA
2181,2021,eBird_GBIF,2,2,1,NA
2181,2021,Combined,2,2,1,NA
2182,2013,eBird_GBIF,1,1,1,NA
2182,2013,Combined,1,1,1,NA
2182,2018,China_Birdwatch,3,1,3,480
2182,2018,eBird_GBIF,1,1,1,NA
2182,2018,Combined,4,2,4,480
2182,2022,eBird_GBIF,1,1,1,NA
2182,2022,Combined,1,1,1,NA
2182,2023,China_Birdwatch,6,4,6,3190.434782608695
2182,2023,Combined,6,4,6,3190.434782608695
2182,2024,China_Birdwatch,5,3,5,82.97435897435898
2182,2024,Combined,5,3,5,82.97435897435898
2183,2019,eBird_GBIF,1,1,1,NA
2183,2019,Combined,1,1,1,NA
2183,2024,China_Birdwatch,1,1,1,60
2183,2024,Combined,1,1,1,60
2184,2014,eBird_GBIF,1,1,1,NA
2184,2014,Combined,1,1,1,NA
2184,2018,eBird_GBIF,10,1,10,NA
2184,2018,Combined,10,1,10,NA
2184,2023,eBird_GBIF,2,2,1,NA
2184,2023,Combined,2,2,1,NA
2186,2013,eBird_GBIF,2,1,2,NA
2186,2013,Combined,2,1,2,NA
2186,2014,eBird_GBIF,1,1,1,NA
2186,2014,Combined,1,1,1,NA
2186,2018,China_Birdwatch,1,1,1,60
2186,2018,eBird_GBIF,7,5,5,NA
2186,2018,Combined,8,6,6,60
2186,2019,China_Birdwatch,2,1,2,1070.235294117647
2186,2019,eBird_GBIF,2,1,2,NA
2186,2019,Combined,4,2,4,1070.235294117647
2186,2020,China_Birdwatch,3,2,3,549.9090909090909
2186,2020,eBird_GBIF,6,3,2,NA
2186,2020,Combined,9,5,5,549.9090909090909
2186,2021,China_Birdwatch,1,1,1,712
2186,2021,eBird_GBIF,5,3,3,NA
2186,2021,Combined,6,4,4,712
2186,2022,eBird_GBIF,2,2,2,NA
2186,2022,Combined,2,2,2,NA
2186,2023,China_Birdwatch,8,8,4,269.45454545454544
2186,2023,Combined,8,8,4,269.45454545454544
2186,2024,China_Birdwatch,23,20,14,381.03076923076924
2186,2024,Combined,23,20,14,381.03076923076924
2187,2014,eBird_GBIF,1,1,1,NA
2187,2014,Combined,1,1,1,NA
2187,2018,eBird_GBIF,2,1,2,NA
2187,2018,Combined,2,1,2,NA
2187,2020,eBird_GBIF,1,1,1,NA
2187,2020,Combined,1,1,1,NA
2187,2024,China_Birdwatch,1,1,1,60
2187,2024,Combined,1,1,1,60
2188,2002,eBird_GBIF,5,3,4,NA
2188,2002,Combined,5,3,4,NA
2188,2004,eBird_GBIF,4,3,4,NA
2188,2004,Combined,4,3,4,NA
2188,2006,eBird_GBIF,1,1,1,NA
2188,2006,Combined,1,1,1,NA
2188,2007,eBird_GBIF,1,1,1,NA
2188,2007,Combined,1,1,1,NA
2188,2009,eBird_GBIF,1,1,1,NA
2188,2009,Combined,1,1,1,NA
2188,2012,eBird_GBIF,1,1,1,NA
2188,2012,Combined,1,1,1,NA
2188,2014,eBird_GBIF,3,3,3,NA
2188,2014,Combined,3,3,3,NA
2188,2015,eBird_GBIF,1,1,1,NA
2188,2015,Combined,1,1,1,NA
2188,2016,eBird_GBIF,5,5,3,NA
2188,2016,Combined,5,5,3,NA
2188,2017,eBird_GBIF,2,2,2,NA
2188,2017,Combined,2,2,2,NA
2188,2018,eBird_GBIF,2,2,2,NA
2188,2018,Combined,2,2,2,NA
2188,2019,eBird_GBIF,1,1,1,NA
2188,2019,Combined,1,1,1,NA
2188,2020,eBird_GBIF,3,3,2,NA
2188,2020,Combined,3,3,2,NA
2188,2022,eBird_GBIF,1,1,1,NA
2188,2022,Combined,1,1,1,NA
2188,2023,China_Birdwatch,6,6,1,60
2188,2023,eBird_GBIF,1,1,1,NA
2188,2023,Combined,7,7,2,60
2188,2024,China_Birdwatch,3,3,3,60
2188,2024,Combined,3,3,3,60
2189,2021,eBird_GBIF,1,1,1,NA
2189,2021,Combined,1,1,1,NA
2189,2023,eBird_GBIF,1,1,1,NA
2189,2023,Combined,1,1,1,NA
2189,2024,China_Birdwatch,2,2,2,72.25
2189,2024,Combined,2,2,2,72.25
2191,2007,eBird_GBIF,1,1,1,NA
2191,2007,Combined,1,1,1,NA
2191,2020,China_Birdwatch,1,1,1,480
2191,2020,Combined,1,1,1,480
2191,2021,China_Birdwatch,2,2,2,3256.3636363636365
2191,2021,Combined,2,2,2,3256.3636363636365
2191,2023,China_Birdwatch,1,1,1,73
2191,2023,eBird_GBIF,1,1,1,NA
2191,2023,Combined,2,2,2,73
2191,2024,China_Birdwatch,5,5,4,69.86301369863014
2191,2024,Combined,5,5,4,69.86301369863014
2193,2009,eBird_GBIF,2,1,2,NA
2193,2009,Combined,2,1,2,NA
2193,2012,eBird_GBIF,1,1,1,NA
2193,2012,Combined,1,1,1,NA
2193,2013,eBird_GBIF,1,1,1,NA
2193,2013,Combined,1,1,1,NA
2193,2014,eBird_GBIF,4,3,3,NA
2193,2014,Combined,4,3,3,NA
2193,2015,eBird_GBIF,3,3,3,NA
2193,2015,Combined,3,3,3,NA
2193,2016,eBird_GBIF,3,3,3,NA
2193,2016,Combined,3,3,3,NA
2193,2017,eBird_GBIF,9,5,7,NA
2193,2017,Combined,9,5,7,NA
2193,2018,China_Birdwatch,1,1,1,660
2193,2018,eBird_GBIF,3,2,3,NA
2193,2018,Combined,4,3,3,660
2193,2019,China_Birdwatch,4,3,3,1271.0416666666665
2193,2019,eBird_GBIF,5,5,4,NA
2193,2019,Combined,9,8,6,1271.0416666666665
2193,2020,China_Birdwatch,3,3,3,699.1666666666666
2193,2020,eBird_GBIF,10,10,6,NA
2193,2020,Combined,13,13,8,699.1666666666666
2193,2021,China_Birdwatch,5,5,5,59831.16981132078
2193,2021,eBird_GBIF,9,4,9,NA
2193,2021,Combined,14,9,14,59831.16981132078
2193,2022,China_Birdwatch,8,1,8,367.22727272727275
2193,2022,eBird_GBIF,1,1,1,NA
2193,2022,Combined,9,2,9,367.22727272727275
2193,2023,China_Birdwatch,17,14,14,7093.832183908042
2193,2023,eBird_GBIF,6,5,6,NA
2193,2023,Combined,23,19,17,7093.832183908042
2193,2024,China_Birdwatch,57,50,35,403.48654708520166
2193,2024,Combined,57,50,35,403.48654708520166
2194,2002,eBird_GBIF,2,2,2,NA
2194,2002,Combined,2,2,2,NA
2194,2005,eBird_GBIF,2,2,2,NA
2194,2005,Combined,2,2,2,NA
2194,2006,eBird_GBIF,1,1,1,NA
2194,2006,Combined,1,1,1,NA
2194,2007,eBird_GBIF,1,1,1,NA
2194,2007,Combined,1,1,1,NA
2194,2009,China_Birdwatch,2,2,2,2732.5
2194,2009,eBird_GBIF,3,1,3,NA
2194,2009,Combined,5,3,5,2732.5
2194,2010,eBird_GBIF,3,2,3,NA
2194,2010,Combined,3,2,3,NA
2194,2011,eBird_GBIF,3,3,2,NA
2194,2011,Combined,3,3,2,NA
2194,2012,eBird_GBIF,2,2,1,NA
2194,2012,Combined,2,2,1,NA
2194,2013,eBird_GBIF,5,4,4,NA
2194,2013,Combined,5,4,4,NA
2194,2014,China_Birdwatch,1,1,1,5760
2194,2014,eBird_GBIF,9,9,7,NA
2194,2014,Combined,10,10,8,5760
2194,2015,China_Birdwatch,2,2,2,981.3333333333333
2194,2015,eBird_GBIF,10,7,8,NA
2194,2015,Combined,12,9,10,981.3333333333333
2194,2016,China_Birdwatch,5,2,5,393.5135135135135
2194,2016,eBird_GBIF,19,13,16,NA
2194,2016,Combined,24,15,21,393.5135135135135
2194,2017,China_Birdwatch,3,2,2,12631.698113207547
2194,2017,eBird_GBIF,20,12,9,NA
2194,2017,Combined,23,14,11,12631.698113207547
2194,2018,China_Birdwatch,4,4,3,1641.9012345679012
2194,2018,eBird_GBIF,33,21,23,NA
2194,2018,Combined,37,25,25,1641.9012345679012
2194,2019,China_Birdwatch,7,5,6,802.6875
2194,2019,eBird_GBIF,30,23,19,NA
2194,2019,Combined,37,28,23,802.6875
2194,2020,China_Birdwatch,9,6,9,517.0833333333334
2194,2020,eBird_GBIF,39,16,24,NA
2194,2020,Combined,48,22,28,517.0833333333334
2194,2021,China_Birdwatch,18,12,16,9886.649289099545
2194,2021,eBird_GBIF,15,9,13,NA
2194,2021,Combined,33,21,28,9886.649289099545
2194,2022,China_Birdwatch,7,4,7,321.5925925925926
2194,2022,eBird_GBIF,3,1,3,NA
2194,2022,Combined,10,5,10,321.5925925925926
2194,2023,China_Birdwatch,62,38,46,470.75398230088507
2194,2023,eBird_GBIF,15,13,11,NA
2194,2023,Combined,77,51,50,470.75398230088507
2194,2024,China_Birdwatch,167,93,70,581.9505050505057
2194,2024,Combined,167,93,70,581.9505050505057
2195,2021,China_Birdwatch,1,1,1,60
2195,2021,Combined,1,1,1,60
2195,2022,eBird_GBIF,2,1,2,NA
2195,2022,Combined,2,1,2,NA
2195,2023,China_Birdwatch,3,3,3,96
2195,2023,eBird_GBIF,12,7,7,NA
2195,2023,Combined,15,10,9,96
2195,2024,China_Birdwatch,8,4,6,1109.3636363636365
2195,2024,Combined,8,4,6,1109.3636363636365
2196,2013,eBird_GBIF,1,1,1,NA
2196,2013,Combined,1,1,1,NA
2196,2015,China_Birdwatch,1,1,1,600
2196,2015,Combined,1,1,1,600
2196,2020,China_Birdwatch,1,1,1,60
2196,2020,Combined,1,1,1,60
2196,2021,China_Birdwatch,3,2,2,221.53846153846155
2196,2021,Combined,3,2,2,221.53846153846155
2196,2022,China_Birdwatch,1,1,1,1920
2196,2022,eBird_GBIF,1,1,1,NA
2196,2022,Combined,2,2,2,1920
2196,2023,China_Birdwatch,5,2,5,275.49295774647885
2196,2023,eBird_GBIF,1,1,1,NA
2196,2023,Combined,6,3,6,275.49295774647885
2196,2024,China_Birdwatch,17,9,14,666.934131736527
2196,2024,Combined,17,9,14,666.934131736527
2197,2020,China_Birdwatch,2,1,2,279
2197,2020,Combined,2,1,2,279
2197,2021,eBird_GBIF,4,2,2,NA
2197,2021,Combined,4,2,2,NA
2197,2022,China_Birdwatch,1,1,1,0
2197,2022,eBird_GBIF,5,1,5,NA
2197,2022,Combined,6,2,6,0
2197,2023,China_Birdwatch,30,5,30,174.11937377690796
2197,2023,eBird_GBIF,31,1,31,NA
2197,2023,Combined,61,6,36,174.11937377690796
2197,2024,China_Birdwatch,26,10,24,565.72
2197,2024,Combined,26,10,24,565.72
2198,2000,eBird_GBIF,1,1,1,NA
2198,2000,Combined,1,1,1,NA
2198,2006,eBird_GBIF,1,1,1,NA
2198,2006,Combined,1,1,1,NA
2198,2016,China_Birdwatch,1,1,1,540
2198,2016,Combined,1,1,1,540
2198,2020,eBird_GBIF,2,1,2,NA
2198,2020,Combined,2,1,2,NA
2198,2021,China_Birdwatch,3,3,3,280
2198,2021,Combined,3,3,3,280
2198,2022,China_Birdwatch,1,1,1,60
2198,2022,Combined,1,1,1,60
2198,2023,China_Birdwatch,11,6,11,66
2198,2023,eBird_GBIF,7,5,6,NA
2198,2023,Combined,18,11,13,66
2198,2024,China_Birdwatch,23,18,22,2643.2698412698405
2198,2024,Combined,23,18,22,2643.2698412698405
2199,2007,eBird_GBIF,4,2,4,NA
2199,2007,Combined,4,2,4,NA
2199,2011,eBird_GBIF,1,1,1,NA
2199,2011,Combined,1,1,1,NA
2199,2015,eBird_GBIF,1,1,1,NA
2199,2015,Combined,1,1,1,NA
2199,2016,eBird_GBIF,1,1,1,NA
2199,2016,Combined,1,1,1,NA
2199,2017,eBird_GBIF,3,3,2,NA
2199,2017,Combined,3,3,2,NA
2199,2018,eBird_GBIF,5,3,5,NA
2199,2018,Combined,5,3,5,NA
2199,2019,China_Birdwatch,1,1,1,300
2199,2019,eBird_GBIF,4,2,4,NA
2199,2019,Combined,5,3,5,300
2199,2020,eBird_GBIF,2,2,2,NA
2199,2020,Combined,2,2,2,NA
2199,2021,eBird_GBIF,1,1,1,NA
2199,2021,Combined,1,1,1,NA
2199,2022,eBird_GBIF,1,1,1,NA
2199,2022,Combined,1,1,1,NA
2199,2023,China_Birdwatch,7,4,7,60
2199,2023,eBird_GBIF,2,2,1,NA
2199,2023,Combined,9,6,8,60
2199,2024,China_Birdwatch,41,28,36,573.886274509804
2199,2024,Combined,41,28,36,573.886274509804
2200,2002,eBird_GBIF,2,2,1,NA
2200,2002,Combined,2,2,1,NA
2200,2004,eBird_GBIF,1,1,1,NA
2200,2004,Combined,1,1,1,NA
2200,2005,eBird_GBIF,3,1,3,NA
2200,2005,Combined,3,1,3,NA
2200,2006,eBird_GBIF,3,1,3,NA
2200,2006,Combined,3,1,3,NA
2200,2007,eBird_GBIF,9,4,8,NA
2200,2007,Combined,9,4,8,NA
2200,2008,eBird_GBIF,7,3,6,NA
2200,2008,Combined,7,3,6,NA
2200,2010,eBird_GBIF,4,4,3,NA
2200,2010,Combined,4,4,3,NA
2200,2011,eBird_GBIF,6,4,6,NA
2200,2011,Combined,6,4,6,NA
2200,2012,China_Birdwatch,1,1,1,5696831
2200,2012,eBird_GBIF,2,2,2,NA
2200,2012,Combined,3,3,3,5696831
2200,2013,eBird_GBIF,2,2,2,NA
2200,2013,Combined,2,2,2,NA
2200,2014,China_Birdwatch,1,1,1,3420
2200,2014,eBird_GBIF,3,2,3,NA
2200,2014,Combined,4,3,4,3420
2200,2015,eBird_GBIF,1,1,1,NA
2200,2015,Combined,1,1,1,NA
2200,2017,eBird_GBIF,4,4,4,NA
2200,2017,Combined,4,4,4,NA
2200,2018,China_Birdwatch,6,1,6,453.97058823529414
2200,2018,eBird_GBIF,8,5,7,NA
2200,2018,Combined,14,6,13,453.97058823529414
2200,2019,China_Birdwatch,2,1,2,567.5409836065573
2200,2019,eBird_GBIF,8,5,6,NA
2200,2019,Combined,10,6,8,567.5409836065573
2200,2020,China_Birdwatch,4,2,4,443.2835820895522
2200,2020,eBird_GBIF,1,1,1,NA
2200,2020,Combined,5,3,5,443.2835820895522
2200,2021,China_Birdwatch,5,4,5,605.3684210526314
2200,2021,eBird_GBIF,2,2,2,NA
2200,2021,Combined,7,6,6,605.3684210526314
2200,2022,China_Birdwatch,8,4,8,737.8378378378378
2200,2022,eBird_GBIF,1,1,1,NA
2200,2022,Combined,9,5,9,737.8378378378378
2200,2023,China_Birdwatch,76,23,63,8562.351752021554
2200,2023,eBird_GBIF,10,5,10,NA
2200,2023,Combined,86,28,71,8562.351752021554
2200,2024,China_Birdwatch,560,105,244,213.4489662879491
2200,2024,Combined,560,105,244,213.4489662879491
2201,2000,eBird_GBIF,3,3,2,NA
2201,2000,Combined,3,3,2,NA
2201,2001,eBird_GBIF,4,4,4,NA
2201,2001,Combined,4,4,4,NA
2201,2002,eBird_GBIF,4,4,3,NA
2201,2002,Combined,4,4,3,NA
2201,2003,eBird_GBIF,3,2,3,NA
2201,2003,Combined,3,2,3,NA
2201,2004,eBird_GBIF,7,4,5,NA
2201,2004,Combined,7,4,5,NA
2201,2006,eBird_GBIF,10,8,7,NA
2201,2006,Combined,10,8,7,NA
2201,2007,eBird_GBIF,22,14,18,NA
2201,2007,Combined,22,14,18,NA
2201,2008,eBird_GBIF,14,10,14,NA
2201,2008,Combined,14,10,14,NA
2201,2009,eBird_GBIF,15,10,13,NA
2201,2009,Combined,15,10,13,NA
2201,2010,eBird_GBIF,12,10,9,NA
2201,2010,Combined,12,10,9,NA
2201,2011,eBird_GBIF,20,14,17,NA
2201,2011,Combined,20,14,17,NA
2201,2012,eBird_GBIF,20,15,20,NA
2201,2012,Combined,20,15,20,NA
2201,2013,eBird_GBIF,39,16,35,NA
2201,2013,Combined,39,16,35,NA
2201,2014,China_Birdwatch,2,2,2,9487.058823529413
2201,2014,eBird_GBIF,26,18,26,NA
2201,2014,Combined,28,20,27,9487.058823529413
2201,2015,China_Birdwatch,1,1,1,1440
2201,2015,eBird_GBIF,26,15,26,NA
2201,2015,Combined,27,16,27,1440
2201,2016,China_Birdwatch,3,1,3,196.5
2201,2016,eBird_GBIF,23,18,20,NA
2201,2016,Combined,26,19,23,196.5
2201,2017,China_Birdwatch,12,5,12,293.7016574585635
2201,2017,eBird_GBIF,191,34,164,NA
2201,2017,Combined,203,39,168,293.7016574585635
2201,2018,China_Birdwatch,15,3,15,8613.568773234198
2201,2018,eBird_GBIF,199,38,163,NA
2201,2018,Combined,214,41,169,8613.568773234198
2201,2019,China_Birdwatch,75,7,67,39521.489026063166
2201,2019,eBird_GBIF,174,35,145,NA
2201,2019,Combined,249,42,184,39521.489026063166
2201,2020,China_Birdwatch,16,7,15,314.4847161572053
2201,2020,eBird_GBIF,29,13,25,NA
2201,2020,Combined,45,20,37,314.4847161572053
2201,2021,China_Birdwatch,21,14,20,2220.9196141479106
2201,2021,eBird_GBIF,14,12,13,NA
2201,2021,Combined,35,26,30,2220.9196141479106
2201,2022,China_Birdwatch,92,20,84,30148.549382715973
2201,2022,eBird_GBIF,8,6,8,NA
2201,2022,Combined,100,26,91,30148.549382715973
2201,2023,China_Birdwatch,296,83,169,7217.922362467236
2201,2023,eBird_GBIF,68,34,60,NA
2201,2023,Combined,364,117,201,7217.922362467236
2201,2024,China_Birdwatch,1062,334,319,1000.8635672020247
2201,2024,Combined,1062,334,319,1000.8635672020247
2202,2002,eBird_GBIF,1,1,1,NA
2202,2002,Combined,1,1,1,NA
2202,2004,eBird_GBIF,3,2,3,NA
2202,2004,Combined,3,2,3,NA
2202,2009,eBird_GBIF,1,1,1,NA
2202,2009,Combined,1,1,1,NA
2202,2011,eBird_GBIF,1,1,1,NA
2202,2011,Combined,1,1,1,NA
2202,2012,eBird_GBIF,5,5,5,NA
2202,2012,Combined,5,5,5,NA
2202,2014,eBird_GBIF,2,2,2,NA
2202,2014,Combined,2,2,2,NA
2202,2015,eBird_GBIF,2,2,2,NA
2202,2015,Combined,2,2,2,NA
2202,2017,eBird_GBIF,1,1,1,NA
2202,2017,Combined,1,1,1,NA
2202,2018,eBird_GBIF,1,1,1,NA
2202,2018,Combined,1,1,1,NA
2202,2019,eBird_GBIF,5,5,5,NA
2202,2019,Combined,5,5,5,NA
2202,2020,eBird_GBIF,2,2,2,NA
2202,2020,Combined,2,2,2,NA
2202,2021,China_Birdwatch,1,1,1,60
2202,2021,Combined,1,1,1,60
2202,2023,China_Birdwatch,7,5,7,591.7741935483871
2202,2023,eBird_GBIF,1,1,1,NA
2202,2023,Combined,8,6,8,591.7741935483871
2202,2024,China_Birdwatch,33,24,30,228.07438016528937
2202,2024,Combined,33,24,30,228.07438016528937
2203,2020,China_Birdwatch,2,1,2,253.2
2203,2020,Combined,2,1,2,253.2
2203,2021,China_Birdwatch,2,1,2,163.54545454545456
2203,2021,Combined,2,1,2,163.54545454545456
2203,2022,China_Birdwatch,3,2,3,60
2203,2022,Combined,3,2,3,60
2203,2023,China_Birdwatch,6,3,6,249.35542168674704
2203,2023,eBird_GBIF,1,1,1,NA
2203,2023,Combined,7,4,7,249.35542168674704
2203,2024,China_Birdwatch,155,26,95,288.27376191940994
2203,2024,Combined,155,26,95,288.27376191940994
2204,2011,eBird_GBIF,2,2,2,NA
2204,2011,Combined,2,2,2,NA
2204,2016,eBird_GBIF,1,1,1,NA
2204,2016,Combined,1,1,1,NA
2204,2017,eBird_GBIF,1,1,1,NA
2204,2017,Combined,1,1,1,NA
2204,2020,China_Birdwatch,1,1,1,60
2204,2020,Combined,1,1,1,60
2204,2021,China_Birdwatch,4,3,4,18166.41379310345
2204,2021,eBird_GBIF,1,1,1,NA
2204,2021,Combined,5,4,5,18166.41379310345
2204,2022,China_Birdwatch,2,1,2,1427.25
2204,2022,eBird_GBIF,1,1,1,NA
2204,2022,Combined,3,2,2,1427.25
2204,2023,China_Birdwatch,6,5,4,145.7319587628866
2204,2023,eBird_GBIF,1,1,1,NA
2204,2023,Combined,7,6,5,145.7319587628866
2204,2024,China_Birdwatch,276,44,182,198.14792633627778
2204,2024,Combined,276,44,182,198.14792633627778
2205,2002,eBird_GBIF,1,1,1,NA
2205,2002,Combined,1,1,1,NA
2205,2003,eBird_GBIF,1,1,1,NA
2205,2003,Combined,1,1,1,NA
2205,2004,eBird_GBIF,1,1,1,NA
2205,2004,Combined,1,1,1,NA
2205,2009,eBird_GBIF,2,2,2,NA
2205,2009,Combined,2,2,2,NA
2205,2010,China_Birdwatch,1,1,1,120
2205,2010,eBird_GBIF,1,1,1,NA
2205,2010,Combined,2,2,2,120
2205,2011,eBird_GBIF,2,2,1,NA
2205,2011,Combined,2,2,1,NA
2205,2015,China_Birdwatch,1,1,1,1620
2205,2015,eBird_GBIF,2,2,2,NA
2205,2015,Combined,3,3,3,1620
2205,2016,eBird_GBIF,5,3,5,NA
2205,2016,Combined,5,3,5,NA
2205,2017,eBird_GBIF,5,3,5,NA
2205,2017,Combined,5,3,5,NA
2205,2018,eBird_GBIF,6,5,6,NA
2205,2018,Combined,6,5,6,NA
2205,2019,China_Birdwatch,1,1,1,480
2205,2019,eBird_GBIF,8,6,8,NA
2205,2019,Combined,9,7,8,480
2205,2020,China_Birdwatch,5,4,5,488.87272727272716
2205,2020,eBird_GBIF,4,1,4,NA
2205,2020,Combined,9,5,9,488.87272727272716
2205,2021,China_Birdwatch,2,2,2,113.96153846153847
2205,2021,eBird_GBIF,2,1,2,NA
2205,2021,Combined,4,3,4,113.96153846153847
2205,2022,China_Birdwatch,6,6,5,677.1899441340781
2205,2022,eBird_GBIF,2,2,2,NA
2205,2022,Combined,8,8,5,677.1899441340781
2205,2023,China_Birdwatch,19,12,16,4528.355871886121
2205,2023,eBird_GBIF,4,3,4,NA
2205,2023,Combined,23,15,20,4528.355871886121
2205,2024,China_Birdwatch,238,50,181,180.28414563667894
2205,2024,Combined,238,50,181,180.28414563667894
2206,2010,eBird_GBIF,1,1,1,NA
2206,2010,Combined,1,1,1,NA
2206,2016,eBird_GBIF,1,1,1,NA
2206,2016,Combined,1,1,1,NA
2206,2017,eBird_GBIF,1,1,1,NA
2206,2017,Combined,1,1,1,NA
2206,2019,China_Birdwatch,1,1,1,244
2206,2019,eBird_GBIF,13,4,8,NA
2206,2019,Combined,14,5,9,244
2206,2020,China_Birdwatch,1,1,1,60
2206,2020,eBird_GBIF,9,2,9,NA
2206,2020,Combined,10,3,10,60
2206,2021,China_Birdwatch,3,2,3,265.5
2206,2021,Combined,3,2,3,265.5
2206,2022,China_Birdwatch,2,2,2,60
2206,2022,eBird_GBIF,1,1,1,NA
2206,2022,Combined,3,3,3,60
2206,2023,China_Birdwatch,18,8,15,23948
2206,2023,eBird_GBIF,7,3,6,NA
2206,2023,Combined,25,11,21,23948
2206,2024,China_Birdwatch,61,30,50,151.36842105263153
2206,2024,Combined,61,30,50,151.36842105263153
2207,2023,China_Birdwatch,1,1,1,60
2207,2023,Combined,1,1,1,60
2207,2024,China_Birdwatch,12,4,12,101.57462686567165
2207,2024,Combined,12,4,12,101.57462686567165
2208,2017,eBird_GBIF,1,1,1,NA
2208,2017,Combined,1,1,1,NA
2208,2022,China_Birdwatch,1,1,1,110
2208,2022,Combined,1,1,1,110
2208,2023,China_Birdwatch,17,5,14,479.1060606060606
2208,2023,Combined,17,5,14,479.1060606060606
2208,2024,China_Birdwatch,27,14,23,199.7944664031621
2208,2024,Combined,27,14,23,199.7944664031621
2209,2019,eBird_GBIF,1,1,1,NA
2209,2019,Combined,1,1,1,NA
2209,2020,eBird_GBIF,2,1,2,NA
2209,2020,Combined,2,1,2,NA
2209,2022,China_Birdwatch,1,1,1,90
2209,2022,eBird_GBIF,1,1,1,NA
2209,2022,Combined,2,2,2,90
2209,2023,China_Birdwatch,8,5,8,151.66923076923075
2209,2023,eBird_GBIF,1,1,1,NA
2209,2023,Combined,9,6,9,151.66923076923075
2209,2024,China_Birdwatch,56,19,42,257.5525147928995
2209,2024,Combined,56,19,42,257.5525147928995
2210,2013,eBird_GBIF,3,1,3,NA
2210,2013,Combined,3,1,3,NA
2210,2014,eBird_GBIF,1,1,1,NA
2210,2014,Combined,1,1,1,NA
2210,2018,eBird_GBIF,6,2,5,NA
2210,2018,Combined,6,2,5,NA
2210,2019,China_Birdwatch,4,1,4,207.42857142857142
2210,2019,eBird_GBIF,1,1,1,NA
2210,2019,Combined,5,2,5,207.42857142857142
2210,2020,eBird_GBIF,46,1,46,NA
2210,2020,Combined,46,1,46,NA
2210,2021,China_Birdwatch,2,1,2,104.71428571428571
2210,2021,eBird_GBIF,8,4,7,NA
2210,2021,Combined,10,5,8,104.71428571428571
2210,2022,China_Birdwatch,34,6,31,127.59562841530054
2210,2022,eBird_GBIF,5,1,5,NA
2210,2022,Combined,39,7,35,127.59562841530054
2210,2023,China_Birdwatch,151,21,109,4394.709345794444
2210,2023,eBird_GBIF,8,5,8,NA
2210,2023,Combined,159,26,115,4394.709345794444
2210,2024,China_Birdwatch,774,68,282,218.53497164461442
2210,2024,Combined,774,68,282,218.53497164461442
2211,2000,eBird_GBIF,3,1,3,NA
2211,2000,Combined,3,1,3,NA
2211,2019,eBird_GBIF,1,1,1,NA
2211,2019,Combined,1,1,1,NA
2211,2020,eBird_GBIF,1,1,1,NA
2211,2020,Combined,1,1,1,NA
2211,2022,China_Birdwatch,1,1,1,60
2211,2022,eBird_GBIF,1,1,1,NA
2211,2022,Combined,2,2,1,60
2211,2023,China_Birdwatch,3,3,2,60
2211,2023,eBird_GBIF,1,1,1,NA
2211,2023,Combined,4,4,3,60
2211,2024,China_Birdwatch,44,14,42,531.9442379182155
2211,2024,Combined,44,14,42,531.9442379182155
2212,2023,China_Birdwatch,4,3,4,421.5612244897959
2212,2023,Combined,4,3,4,421.5612244897959
2212,2024,China_Birdwatch,50,12,48,99.00367197062423
2212,2024,Combined,50,12,48,99.00367197062423
2213,2011,eBird_GBIF,1,1,1,NA
2213,2011,Combined,1,1,1,NA
2213,2013,China_Birdwatch,1,1,1,1052675
2213,2013,Combined,1,1,1,1052675
2213,2019,eBird_GBIF,10,3,6,NA
2213,2019,Combined,10,3,6,NA
2213,2023,China_Birdwatch,2,2,2,56.093023255813954
2213,2023,eBird_GBIF,1,1,1,NA
2213,2023,Combined,3,3,3,56.093023255813954
2213,2024,China_Birdwatch,20,14,12,92.66331658291456
2213,2024,Combined,20,14,12,92.66331658291456
2214,2019,eBird_GBIF,1,1,1,NA
2214,2019,Combined,1,1,1,NA
2214,2024,China_Birdwatch,1,1,1,60
2214,2024,Combined,1,1,1,60
2240,2018,eBird_GBIF,1,1,1,NA
2240,2018,Combined,1,1,1,NA
2240,2019,China_Birdwatch,1,1,1,597
2240,2019,eBird_GBIF,1,1,1,NA
2240,2019,Combined,2,2,2,597
2240,2020,eBird_GBIF,1,1,1,NA
2240,2020,Combined,1,1,1,NA
2240,2021,eBird_GBIF,2,2,2,NA
2240,2021,Combined,2,2,2,NA
2240,2023,China_Birdwatch,2,2,2,606.6666666666667
2240,2023,Combined,2,2,2,606.6666666666667
2240,2024,China_Birdwatch,5,4,5,451.0992907801418
2240,2024,Combined,5,4,5,451.0992907801418
2241,2022,China_Birdwatch,1,1,1,120
2241,2022,Combined,1,1,1,120
2241,2024,China_Birdwatch,2,2,2,60
2241,2024,Combined,2,2,2,60
2250,2023,eBird_GBIF,2,1,2,NA
2250,2023,Combined,2,1,2,NA
2254,2005,eBird_GBIF,1,1,1,NA
2254,2005,Combined,1,1,1,NA
2254,2006,eBird_GBIF,1,1,1,NA
2254,2006,Combined,1,1,1,NA
2254,2008,eBird_GBIF,1,1,1,NA
2254,2008,Combined,1,1,1,NA
2254,2011,eBird_GBIF,1,1,1,NA
2254,2011,Combined,1,1,1,NA
2254,2012,eBird_GBIF,4,2,4,NA
2254,2012,Combined,4,2,4,NA
2254,2018,eBird_GBIF,2,2,1,NA
2254,2018,Combined,2,2,1,NA
2254,2023,China_Birdwatch,1,1,1,60
2254,2023,Combined,1,1,1,60
2255,2018,China_Birdwatch,2,1,2,152
2255,2018,Combined,2,1,2,152
2255,2023,China_Birdwatch,2,1,2,60
2255,2023,Combined,2,1,2,60
2257,2014,eBird_GBIF,1,1,1,NA
2257,2014,Combined,1,1,1,NA
2257,2017,eBird_GBIF,4,4,1,NA
2257,2017,Combined,4,4,1,NA
2257,2023,eBird_GBIF,3,1,3,NA
2257,2023,Combined,3,1,3,NA
2258,2018,eBird_GBIF,1,1,1,NA
2258,2018,Combined,1,1,1,NA
2258,2020,China_Birdwatch,2,1,2,631.4285714285714
2258,2020,eBird_GBIF,1,1,1,NA
2258,2020,Combined,3,2,3,631.4285714285714
2258,2023,China_Birdwatch,1,1,1,60
2258,2023,Combined,1,1,1,60
2258,2024,China_Birdwatch,3,3,2,251.6129032258065
2258,2024,Combined,3,3,2,251.6129032258065
2259,2007,eBird_GBIF,1,1,1,NA
2259,2007,Combined,1,1,1,NA
2259,2010,eBird_GBIF,2,1,2,NA
2259,2010,Combined,2,1,2,NA
2259,2016,eBird_GBIF,2,2,2,NA
2259,2016,Combined,2,2,2,NA
2259,2017,eBird_GBIF,11,7,8,NA
2259,2017,Combined,11,7,8,NA
2259,2018,China_Birdwatch,1,1,1,378
2259,2018,eBird_GBIF,7,7,4,NA
2259,2018,Combined,8,8,5,378
2259,2019,eBird_GBIF,5,5,4,NA
2259,2019,Combined,5,5,4,NA
2259,2020,China_Birdwatch,1,1,1,120
2259,2020,eBird_GBIF,3,3,2,NA
2259,2020,Combined,4,4,2,120
2259,2021,China_Birdwatch,3,3,2,718
2259,2021,eBird_GBIF,3,3,3,NA
2259,2021,Combined,6,6,4,718
2259,2022,China_Birdwatch,1,1,1,60
2259,2022,eBird_GBIF,7,7,4,NA
2259,2022,Combined,8,8,5,60
2259,2023,China_Birdwatch,11,11,6,786.1894273127754
2259,2023,eBird_GBIF,10,5,4,NA
2259,2023,Combined,21,16,8,786.1894273127754
2259,2024,China_Birdwatch,25,24,15,20841.169064748192
2259,2024,Combined,25,24,15,20841.169064748192
2260,2004,eBird_GBIF,1,1,1,NA
2260,2004,Combined,1,1,1,NA
2260,2014,eBird_GBIF,3,3,2,NA
2260,2014,Combined,3,3,2,NA
2260,2016,eBird_GBIF,3,3,1,NA
2260,2016,Combined,3,3,1,NA
2260,2017,eBird_GBIF,1,1,1,NA
2260,2017,Combined,1,1,1,NA
2260,2018,eBird_GBIF,4,3,4,NA
2260,2018,Combined,4,3,4,NA
2260,2019,eBird_GBIF,2,1,2,NA
2260,2019,Combined,2,1,2,NA
2260,2020,eBird_GBIF,2,2,1,NA
2260,2020,Combined,2,2,1,NA
2260,2021,eBird_GBIF,1,1,1,NA
2260,2021,Combined,1,1,1,NA
2260,2022,China_Birdwatch,3,3,2,199167.08823529413
2260,2022,eBird_GBIF,3,3,2,NA
2260,2022,Combined,6,6,4,199167.08823529413
2260,2023,China_Birdwatch,7,7,4,410.7692307692308
2260,2023,eBird_GBIF,29,9,9,NA
2260,2023,Combined,36,16,12,410.7692307692308
2260,2024,China_Birdwatch,22,16,15,68.6268656716418
2260,2024,Combined,22,16,15,68.6268656716418
2261,2016,eBird_GBIF,1,1,1,NA
2261,2016,Combined,1,1,1,NA
2261,2017,eBird_GBIF,1,1,1,NA
2261,2017,Combined,1,1,1,NA
2261,2022,China_Birdwatch,4,2,4,638.0227272727273
2261,2022,Combined,4,2,4,638.0227272727273
2261,2023,China_Birdwatch,1,1,1,60
2261,2023,eBird_GBIF,4,4,1,NA
2261,2023,Combined,5,5,2,60
2261,2024,China_Birdwatch,5,3,5,316.35593220338984
2261,2024,Combined,5,3,5,316.35593220338984
2262,2007,eBird_GBIF,2,2,1,NA
2262,2007,Combined,2,2,1,NA
2262,2023,China_Birdwatch,1,1,1,68
2262,2023,Combined,1,1,1,68
2262,2024,China_Birdwatch,1,1,1,480
2262,2024,Combined,1,1,1,480
2263,2013,eBird_GBIF,2,2,1,NA
2263,2013,Combined,2,2,1,NA
2263,2023,China_Birdwatch,1,1,1,103.71428571428571
2263,2023,Combined,1,1,1,103.71428571428571
2264,2007,eBird_GBIF,2,2,1,NA
2264,2007,Combined,2,2,1,NA
2264,2011,China_Birdwatch,1,1,1,2880
2264,2011,Combined,1,1,1,2880
2264,2013,eBird_GBIF,4,2,2,NA
2264,2013,Combined,4,2,2,NA
2264,2017,China_Birdwatch,1,1,1,180
2264,2017,eBird_GBIF,7,3,6,NA
2264,2017,Combined,8,4,6,180
2264,2018,eBird_GBIF,1,1,1,NA
2264,2018,Combined,1,1,1,NA
2264,2019,eBird_GBIF,3,1,3,NA
2264,2019,Combined,3,1,3,NA
2264,2020,China_Birdwatch,2,1,2,401.05263157894734
2264,2020,Combined,2,1,2,401.05263157894734
2264,2021,China_Birdwatch,2,2,2,1838.4
2264,2021,eBird_GBIF,3,1,3,NA
2264,2021,Combined,5,3,5,1838.4
2264,2023,China_Birdwatch,6,4,6,262.47727272727275
2264,2023,eBird_GBIF,1,1,1,NA
2264,2023,Combined,7,5,7,262.47727272727275
2264,2024,China_Birdwatch,12,7,11,307.3255813953488
2264,2024,Combined,12,7,11,307.3255813953488
2265,2017,eBird_GBIF,1,1,1,NA
2265,2017,Combined,1,1,1,NA
2265,2023,China_Birdwatch,11,8,9,226.26060606060605
2265,2023,eBird_GBIF,3,2,3,NA
2265,2023,Combined,14,10,9,226.26060606060605
2265,2024,China_Birdwatch,19,16,17,1166.6244343891399
2265,2024,Combined,19,16,17,1166.6244343891399
2266,2002,eBird_GBIF,12,5,10,NA
2266,2002,Combined,12,5,10,NA
2266,2005,eBird_GBIF,1,1,1,NA
2266,2005,Combined,1,1,1,NA
2266,2006,eBird_GBIF,10,5,10,NA
2266,2006,Combined,10,5,10,NA
2266,2007,eBird_GBIF,4,2,3,NA
2266,2007,Combined,4,2,3,NA
2266,2008,eBird_GBIF,1,1,1,NA
2266,2008,Combined,1,1,1,NA
2266,2010,eBird_GBIF,4,1,4,NA
2266,2010,Combined,4,1,4,NA
2266,2011,eBird_GBIF,11,5,8,NA
2266,2011,Combined,11,5,8,NA
2266,2012,eBird_GBIF,1,1,1,NA
2266,2012,Combined,1,1,1,NA
2266,2013,eBird_GBIF,14,8,12,NA
2266,2013,Combined,14,8,12,NA
2266,2014,eBird_GBIF,26,12,21,NA
2266,2014,Combined,26,12,21,NA
2266,2015,eBird_GBIF,32,15,24,NA
2266,2015,Combined,32,15,24,NA
2266,2016,eBird_GBIF,42,18,24,NA
2266,2016,Combined,42,18,24,NA
2266,2017,eBird_GBIF,50,18,20,NA
2266,2017,Combined,50,18,20,NA
2266,2018,China_Birdwatch,1,1,1,5220
2266,2018,eBird_GBIF,65,24,35,NA
2266,2018,Combined,66,25,36,5220
2266,2019,China_Birdwatch,6,3,4,3866.647619047619
2266,2019,eBird_GBIF,64,28,40,NA
2266,2019,Combined,70,31,42,3866.647619047619
2266,2020,China_Birdwatch,2,2,2,5056.615384615385
2266,2020,eBird_GBIF,21,9,16,NA
2266,2020,Combined,23,11,17,5056.615384615385
2266,2021,China_Birdwatch,9,8,9,2385.38961038961
2266,2021,eBird_GBIF,11,8,11,NA
2266,2021,Combined,20,16,18,2385.38961038961
2266,2022,China_Birdwatch,12,8,12,51872.98475609755
2266,2022,eBird_GBIF,2,2,2,NA
2266,2022,Combined,14,10,14,51872.98475609755
2266,2023,China_Birdwatch,64,37,44,1767.256296296298
2266,2023,eBird_GBIF,36,14,22,NA
2266,2023,Combined,100,51,56,1767.256296296298
2266,2024,China_Birdwatch,169,98,88,1165.1429410038181
2266,2024,Combined,169,98,88,1165.1429410038181
2267,2000,eBird_GBIF,2,1,2,NA
2267,2000,Combined,2,1,2,NA
2267,2001,eBird_GBIF,2,2,2,NA
2267,2001,Combined,2,2,2,NA
2267,2002,eBird_GBIF,30,10,24,NA
2267,2002,Combined,30,10,24,NA
2267,2004,eBird_GBIF,10,3,6,NA
2267,2004,Combined,10,3,6,NA
2267,2005,eBird_GBIF,4,2,4,NA
2267,2005,Combined,4,2,4,NA
2267,2006,eBird_GBIF,17,8,17,NA
2267,2006,Combined,17,8,17,NA
2267,2007,China_Birdwatch,2,1,2,126
2267,2007,eBird_GBIF,10,4,8,NA
2267,2007,Combined,12,5,10,126
2267,2008,eBird_GBIF,5,4,5,NA
2267,2008,Combined,5,4,5,NA
2267,2009,eBird_GBIF,4,2,4,NA
2267,2009,Combined,4,2,4,NA
2267,2010,China_Birdwatch,1,1,1,0
2267,2010,eBird_GBIF,8,4,6,NA
2267,2010,Combined,9,5,7,0
2267,2011,eBird_GBIF,14,7,10,NA
2267,2011,Combined,14,7,10,NA
2267,2012,eBird_GBIF,19,13,15,NA
2267,2012,Combined,19,13,15,NA
2267,2013,eBird_GBIF,41,17,29,NA
2267,2013,Combined,41,17,29,NA
2267,2014,eBird_GBIF,39,19,24,NA
2267,2014,Combined,39,19,24,NA
2267,2015,China_Birdwatch,2,2,2,660
2267,2015,eBird_GBIF,40,20,27,NA
2267,2015,Combined,42,22,29,660
2267,2016,China_Birdwatch,1,1,1,3180
2267,2016,eBird_GBIF,39,19,25,NA
2267,2016,Combined,40,20,26,3180
2267,2017,China_Birdwatch,1,1,1,1860
2267,2017,eBird_GBIF,49,22,26,NA
2267,2017,Combined,50,23,27,1860
2267,2018,eBird_GBIF,28,13,17,NA
2267,2018,Combined,28,13,17,NA
2267,2019,eBird_GBIF,29,20,14,NA
2267,2019,Combined,29,20,14,NA
2267,2020,China_Birdwatch,2,2,2,305
2267,2020,eBird_GBIF,2,2,2,NA
2267,2020,Combined,4,4,4,305
2267,2021,China_Birdwatch,4,4,4,2598.646341463415
2267,2021,eBird_GBIF,10,6,9,NA
2267,2021,Combined,14,10,13,2598.646341463415
2267,2022,China_Birdwatch,4,3,4,178.07692307692307
2267,2022,eBird_GBIF,4,3,4,NA
2267,2022,Combined,8,6,8,178.07692307692307
2267,2023,China_Birdwatch,32,26,27,426.879345603272
2267,2023,eBird_GBIF,16,12,14,NA
2267,2023,Combined,48,38,38,426.879345603272
2267,2024,China_Birdwatch,145,111,103,906.827354260089
2267,2024,Combined,145,111,103,906.827354260089
2268,2002,eBird_GBIF,2,2,2,NA
2268,2002,Combined,2,2,2,NA
2268,2005,eBird_GBIF,2,1,2,NA
2268,2005,Combined,2,1,2,NA
2268,2012,eBird_GBIF,1,1,1,NA
2268,2012,Combined,1,1,1,NA
2268,2013,eBird_GBIF,1,1,1,NA
2268,2013,Combined,1,1,1,NA
2268,2014,eBird_GBIF,6,4,4,NA
2268,2014,Combined,6,4,4,NA
2268,2015,eBird_GBIF,1,1,1,NA
2268,2015,Combined,1,1,1,NA
2268,2017,eBird_GBIF,3,1,3,NA
2268,2017,Combined,3,1,3,NA
2268,2023,China_Birdwatch,4,3,4,118.8
2268,2023,eBird_GBIF,2,2,1,NA
2268,2023,Combined,6,5,5,118.8
2268,2024,China_Birdwatch,13,9,12,612.8684210526314
2268,2024,Combined,13,9,12,612.8684210526314
2269,2021,China_Birdwatch,1,1,1,60
2269,2021,Combined,1,1,1,60
2269,2023,China_Birdwatch,3,1,3,60
2269,2023,eBird_GBIF,3,1,3,NA
2269,2023,Combined,6,2,3,60
2269,2024,China_Birdwatch,10,8,10,327.6989247311828
2269,2024,Combined,10,8,10,327.6989247311828
2270,2007,eBird_GBIF,1,1,1,NA
2270,2007,Combined,1,1,1,NA
2270,2017,eBird_GBIF,1,1,1,NA
2270,2017,Combined,1,1,1,NA
2270,2018,eBird_GBIF,1,1,1,NA
2270,2018,Combined,1,1,1,NA
2270,2021,China_Birdwatch,1,1,1,510
2270,2021,Combined,1,1,1,510
2270,2022,China_Birdwatch,1,1,1,60
2270,2022,Combined,1,1,1,60
2270,2023,China_Birdwatch,7,7,6,701.7391304347826
2270,2023,Combined,7,7,6,701.7391304347826
2270,2024,China_Birdwatch,52,36,24,1038.980372914622
2270,2024,Combined,52,36,24,1038.980372914622
2271,2002,eBird_GBIF,7,3,5,NA
2271,2002,Combined,7,3,5,NA
2271,2006,eBird_GBIF,4,2,4,NA
2271,2006,Combined,4,2,4,NA
2271,2007,eBird_GBIF,11,7,9,NA
2271,2007,Combined,11,7,9,NA
2271,2008,eBird_GBIF,2,1,2,NA
2271,2008,Combined,2,1,2,NA
2271,2009,eBird_GBIF,4,4,4,NA
2271,2009,Combined,4,4,4,NA
2271,2010,eBird_GBIF,12,6,8,NA
2271,2010,Combined,12,6,8,NA
2271,2011,eBird_GBIF,17,9,15,NA
2271,2011,Combined,17,9,15,NA
2271,2012,eBird_GBIF,6,6,6,NA
2271,2012,Combined,6,6,6,NA
2271,2013,eBird_GBIF,22,12,20,NA
2271,2013,Combined,22,12,20,NA
2271,2014,eBird_GBIF,16,11,11,NA
2271,2014,Combined,16,11,11,NA
2271,2015,eBird_GBIF,8,5,7,NA
2271,2015,Combined,8,5,7,NA
2271,2016,China_Birdwatch,3,2,3,2072.7272727272725
2271,2016,eBird_GBIF,17,9,16,NA
2271,2016,Combined,20,11,19,2072.7272727272725
2271,2017,China_Birdwatch,3,2,3,3595.5555555555557
2271,2017,eBird_GBIF,10,9,7,NA
2271,2017,Combined,13,11,10,3595.5555555555557
2271,2018,China_Birdwatch,16,6,13,1257.3002257336345
2271,2018,eBird_GBIF,39,18,22,NA
2271,2018,Combined,55,24,30,1257.3002257336345
2271,2019,China_Birdwatch,10,5,7,2091
2271,2019,eBird_GBIF,27,11,23,NA
2271,2019,Combined,37,16,26,2091
2271,2020,China_Birdwatch,11,7,11,41171.68370607028
2271,2020,eBird_GBIF,20,9,15,NA
2271,2020,Combined,31,16,25,41171.68370607028
2271,2021,China_Birdwatch,30,19,28,2358.687777777778
2271,2021,eBird_GBIF,46,15,29,NA
2271,2021,Combined,76,34,44,2358.687777777778
2271,2022,China_Birdwatch,4,4,4,979.3709677419355
2271,2022,eBird_GBIF,8,2,4,NA
2271,2022,Combined,12,6,8,979.3709677419355
2271,2023,China_Birdwatch,147,71,93,4381.9933230611005
2271,2023,eBird_GBIF,57,28,46,NA
2271,2023,Combined,204,99,119,4381.9933230611005
2271,2024,China_Birdwatch,583,208,225,930.2992898411271
2271,2024,Combined,583,208,225,930.2992898411271
2272,2002,eBird_GBIF,4,2,2,NA
2272,2002,Combined,4,2,2,NA
2272,2006,eBird_GBIF,8,2,8,NA
2272,2006,Combined,8,2,8,NA
2272,2007,eBird_GBIF,20,4,14,NA
2272,2007,Combined,20,4,14,NA
2272,2009,eBird_GBIF,13,2,13,NA
2272,2009,Combined,13,2,13,NA
2272,2010,eBird_GBIF,15,5,9,NA
2272,2010,Combined,15,5,9,NA
2272,2011,China_Birdwatch,1,1,1,600
2272,2011,eBird_GBIF,13,3,13,NA
2272,2011,Combined,14,4,14,600
2272,2012,eBird_GBIF,5,3,5,NA
2272,2012,Combined,5,3,5,NA
2272,2013,China_Birdwatch,1,1,1,720
2272,2013,eBird_GBIF,13,4,8,NA
2272,2013,Combined,14,5,9,720
2272,2014,eBird_GBIF,9,5,5,NA
2272,2014,Combined,9,5,5,NA
2272,2015,eBird_GBIF,4,2,4,NA
2272,2015,Combined,4,2,4,NA
2272,2016,eBird_GBIF,5,4,4,NA
2272,2016,Combined,5,4,4,NA
2272,2017,eBird_GBIF,14,8,7,NA
2272,2017,Combined,14,8,7,NA
2272,2018,China_Birdwatch,5,2,5,42336.030150753766
2272,2018,eBird_GBIF,4,4,3,NA
2272,2018,Combined,9,6,8,42336.030150753766
2272,2019,China_Birdwatch,1,1,1,2520
2272,2019,Combined,1,1,1,2520
2272,2020,China_Birdwatch,3,2,3,1978.3125
2272,2020,eBird_GBIF,1,1,1,NA
2272,2020,Combined,4,3,4,1978.3125
2272,2021,China_Birdwatch,6,4,6,887.3571428571427
2272,2021,eBird_GBIF,8,2,8,NA
2272,2021,Combined,14,6,11,887.3571428571427
2272,2022,China_Birdwatch,1,1,1,300
2272,2022,eBird_GBIF,2,1,2,NA
2272,2022,Combined,3,2,3,300
2272,2023,China_Birdwatch,12,9,8,200
2272,2023,eBird_GBIF,5,4,4,NA
2272,2023,Combined,17,13,9,200
2272,2024,China_Birdwatch,128,73,72,526.421660649817
2272,2024,Combined,128,73,72,526.421660649817
2273,2014,eBird_GBIF,2,1,2,NA
2273,2014,Combined,2,1,2,NA
2273,2015,eBird_GBIF,1,1,1,NA
2273,2015,Combined,1,1,1,NA
2273,2016,eBird_GBIF,1,1,1,NA
2273,2016,Combined,1,1,1,NA
2273,2020,eBird_GBIF,6,1,6,NA
2273,2020,Combined,6,1,6,NA
2273,2021,eBird_GBIF,1,1,1,NA
2273,2021,Combined,1,1,1,NA
2273,2022,eBird_GBIF,3,1,3,NA
2273,2022,Combined,3,1,3,NA
2273,2023,China_Birdwatch,1,1,1,540
2273,2023,Combined,1,1,1,540
2273,2024,China_Birdwatch,13,4,13,335.69642857142867
2273,2024,Combined,13,4,13,335.69642857142867
2274,2021,China_Birdwatch,1,1,1,60
2274,2021,Combined,1,1,1,60
2274,2024,China_Birdwatch,3,3,3,60
2274,2024,Combined,3,3,3,60
2275,2013,eBird_GBIF,2,2,1,NA
2275,2013,Combined,2,2,1,NA
2275,2024,China_Birdwatch,13,11,10,581.8975409836065
2275,2024,Combined,13,11,10,581.8975409836065
2276,2019,China_Birdwatch,1,1,1,3360
2276,2019,eBird_GBIF,1,1,1,NA
2276,2019,Combined,2,2,1,3360
2276,2021,China_Birdwatch,1,1,1,810
2276,2021,eBird_GBIF,1,1,1,NA
2276,2021,Combined,2,2,2,810
2276,2022,China_Birdwatch,6,4,6,113.71428571428571
2276,2022,eBird_GBIF,3,2,3,NA
2276,2022,Combined,9,6,9,113.71428571428571
2276,2023,China_Birdwatch,7,6,7,607.7777777777778
2276,2023,eBird_GBIF,1,1,1,NA
2276,2023,Combined,8,7,7,607.7777777777778
2276,2024,China_Birdwatch,112,73,68,471.0804597701148
2276,2024,Combined,112,73,68,471.0804597701148
2277,2018,eBird_GBIF,4,2,4,NA
2277,2018,Combined,4,2,4,NA
2277,2019,eBird_GBIF,5,3,5,NA
2277,2019,Combined,5,3,5,NA
2277,2021,China_Birdwatch,4,3,4,1114.444444444444
2277,2021,Combined,4,3,4,1114.444444444444
2277,2022,China_Birdwatch,2,1,2,108.26086956521739
2277,2022,eBird_GBIF,3,1,3,NA
2277,2022,Combined,5,2,3,108.26086956521739
2277,2023,China_Birdwatch,7,5,7,119.88785046728974
2277,2023,eBird_GBIF,3,1,3,NA
2277,2023,Combined,10,6,9,119.88785046728974
2277,2024,China_Birdwatch,36,19,33,97.81684210526316
2277,2024,Combined,36,19,33,97.81684210526316
2278,2018,eBird_GBIF,2,2,2,NA
2278,2018,Combined,2,2,2,NA
2278,2019,China_Birdwatch,1,1,1,2103840
2278,2019,eBird_GBIF,1,1,1,NA
2278,2019,Combined,2,2,2,2103840
2278,2021,China_Birdwatch,4,1,4,46917.5
2278,2021,eBird_GBIF,2,1,2,NA
2278,2021,Combined,6,2,4,46917.5
2278,2022,China_Birdwatch,6,1,6,65.94059405940594
2278,2022,eBird_GBIF,5,2,5,NA
2278,2022,Combined,11,3,7,65.94059405940594
2278,2023,China_Birdwatch,9,4,9,105.39333333333335
2278,2023,eBird_GBIF,3,3,3,NA
2278,2023,Combined,12,7,11,105.39333333333335
2278,2024,China_Birdwatch,83,16,76,94.642545227698065
2278,2024,Combined,83,16,76,94.642545227698065
2279,2010,China_Birdwatch,1,1,1,120
2279,2010,Combined,1,1,1,120
2279,2016,eBird_GBIF,1,1,1,NA
2279,2016,Combined,1,1,1,NA
2279,2018,eBird_GBIF,3,2,2,NA
2279,2018,Combined,3,2,2,NA
2279,2019,eBird_GBIF,1,1,1,NA
2279,2019,Combined,1,1,1,NA
2279,2021,China_Birdwatch,1,1,1,180
2279,2021,Combined,1,1,1,180
2279,2022,China_Birdwatch,6,3,6,145.71428571428572
2279,2022,eBird_GBIF,1,1,1,NA
2279,2022,Combined,7,4,6,145.71428571428572
2279,2023,China_Birdwatch,3,2,3,286.95652173913044
2279,2023,Combined,3,2,3,286.95652173913044
2279,2024,China_Birdwatch,22,9,20,421.2723735408558
2279,2024,Combined,22,9,20,421.2723735408558
2280,2012,eBird_GBIF,1,1,1,NA
2280,2012,Combined,1,1,1,NA
2280,2021,China_Birdwatch,2,1,2,78.26086956521739
2280,2021,Combined,2,1,2,78.26086956521739
2280,2023,China_Birdwatch,5,3,5,82.19444444444444
2280,2023,Combined,5,3,5,82.19444444444444
2280,2024,China_Birdwatch,7,6,7,66.0625
2280,2024,Combined,7,6,7,66.0625
2281,2022,China_Birdwatch,3,2,3,522.1052631578948
2281,2022,Combined,3,2,3,522.1052631578948
2281,2023,China_Birdwatch,15,2,15,336.7643312101911
2281,2023,eBird_GBIF,1,1,1,NA
2281,2023,Combined,16,3,16,336.7643312101911
2281,2024,China_Birdwatch,4,4,4,128.66666666666669
2281,2024,Combined,4,4,4,128.66666666666669
2282,2004,eBird_GBIF,1,1,1,NA
2282,2004,Combined,1,1,1,NA
2282,2011,eBird_GBIF,1,1,1,NA
2282,2011,Combined,1,1,1,NA
2282,2023,China_Birdwatch,6,3,6,401.2037037037037
2282,2023,eBird_GBIF,3,3,3,NA
2282,2023,Combined,9,6,9,401.2037037037037
2282,2024,China_Birdwatch,15,14,13,142.62025316455697
2282,2024,Combined,15,14,13,142.62025316455697
2283,2020,China_Birdwatch,1,1,1,4230
2283,2020,Combined,1,1,1,4230
2283,2021,China_Birdwatch,1,1,1,60
2283,2021,Combined,1,1,1,60
2283,2022,China_Birdwatch,1,1,1,390
2283,2022,eBird_GBIF,1,1,1,NA
2283,2022,Combined,2,2,2,390
2283,2023,China_Birdwatch,3,3,3,895.6363636363635
2283,2023,eBird_GBIF,1,1,1,NA
2283,2023,Combined,4,4,4,895.6363636363635
2283,2024,China_Birdwatch,24,22,19,200.1985981308411
2283,2024,Combined,24,22,19,200.1985981308411
2284,2000,eBird_GBIF,1,1,1,NA
2284,2000,Combined,1,1,1,NA
2284,2013,eBird_GBIF,1,1,1,NA
2284,2013,Combined,1,1,1,NA
2284,2016,eBird_GBIF,2,2,2,NA
2284,2016,Combined,2,2,2,NA
2284,2019,eBird_GBIF,4,1,4,NA
2284,2019,Combined,4,1,4,NA
2284,2020,eBird_GBIF,1,1,1,NA
2284,2020,Combined,1,1,1,NA
2284,2021,China_Birdwatch,2,2,2,945.7731958762886
2284,2021,eBird_GBIF,2,1,2,NA
2284,2021,Combined,4,3,4,945.7731958762886
2284,2022,China_Birdwatch,2,2,2,358.59375
2284,2022,eBird_GBIF,2,1,2,NA
2284,2022,Combined,4,3,4,358.59375
2284,2023,China_Birdwatch,103,12,94,96.15380786460919
2284,2023,eBird_GBIF,3,2,3,NA
2284,2023,Combined,106,14,96,96.15380786460919
2284,2024,China_Birdwatch,443,71,230,181.8287714831321
2284,2024,Combined,443,71,230,181.8287714831321
2285,2008,eBird_GBIF,4,1,4,NA
2285,2008,Combined,4,1,4,NA
2285,2010,China_Birdwatch,1,1,1,420
2285,2010,Combined,1,1,1,420
2285,2013,China_Birdwatch,1,1,1,15
2285,2013,eBird_GBIF,1,1,1,NA
2285,2013,Combined,2,2,2,15
2285,2016,China_Birdwatch,1,1,1,135
2285,2016,Combined,1,1,1,135
2285,2017,eBird_GBIF,14,7,11,NA
2285,2017,Combined,14,7,11,NA
2285,2018,eBird_GBIF,4,2,4,NA
2285,2018,Combined,4,2,4,NA
2285,2019,China_Birdwatch,1,1,1,1911
2285,2019,eBird_GBIF,11,7,7,NA
2285,2019,Combined,12,8,8,1911
2285,2020,China_Birdwatch,3,3,3,2024.6511627906978
2285,2020,Combined,3,3,3,2024.6511627906978
2285,2021,China_Birdwatch,2,2,2,95.55555555555556
2285,2021,eBird_GBIF,1,1,1,NA
2285,2021,Combined,3,3,3,95.55555555555556
2285,2022,China_Birdwatch,1,1,1,2880
2285,2022,eBird_GBIF,16,6,15,NA
2285,2022,Combined,17,7,15,2880
2285,2023,China_Birdwatch,33,13,31,148.2704280155643
2285,2023,eBird_GBIF,12,6,11,NA
2285,2023,Combined,45,19,38,148.2704280155643
2285,2024,China_Birdwatch,168,53,102,151.23618090452257
2285,2024,Combined,168,53,102,151.23618090452257
2286,2000,eBird_GBIF,2,2,2,NA
2286,2000,Combined,2,2,2,NA
2286,2001,eBird_GBIF,2,1,2,NA
2286,2001,Combined,2,1,2,NA
2286,2007,eBird_GBIF,1,1,1,NA
2286,2007,Combined,1,1,1,NA
2286,2010,eBird_GBIF,2,1,2,NA
2286,2010,Combined,2,1,2,NA
2286,2011,China_Birdwatch,1,1,1,645
2286,2011,eBird_GBIF,2,2,2,NA
2286,2011,Combined,3,3,3,645
2286,2012,China_Birdwatch,1,1,1,600
2286,2012,eBird_GBIF,3,2,3,NA
2286,2012,Combined,4,3,4,600
2286,2013,eBird_GBIF,4,3,4,NA
2286,2013,Combined,4,3,4,NA
2286,2014,eBird_GBIF,8,4,8,NA
2286,2014,Combined,8,4,8,NA
2286,2015,China_Birdwatch,2,1,2,0
2286,2015,eBird_GBIF,19,8,11,NA
2286,2015,Combined,21,9,13,0
2286,2016,China_Birdwatch,1,1,1,1380
2286,2016,eBird_GBIF,14,10,10,NA
2286,2016,Combined,15,11,10,1380
2286,2017,eBird_GBIF,28,15,15,NA
2286,2017,Combined,28,15,15,NA
2286,2018,eBird_GBIF,12,7,10,NA
2286,2018,Combined,12,7,10,NA
2286,2019,China_Birdwatch,3,2,3,655.047619047619
2286,2019,eBird_GBIF,44,27,21,NA
2286,2019,Combined,47,29,23,655.047619047619
2286,2020,China_Birdwatch,2,2,2,1651.5416666666667
2286,2020,eBird_GBIF,9,5,7,NA
2286,2020,Combined,11,7,9,1651.5416666666667
2286,2021,China_Birdwatch,2,2,2,812.1875
2286,2021,eBird_GBIF,11,7,9,NA
2286,2021,Combined,13,9,11,812.1875
2286,2022,China_Birdwatch,5,5,5,1224.425
2286,2022,eBird_GBIF,7,6,7,NA
2286,2022,Combined,12,11,11,1224.425
2286,2023,China_Birdwatch,26,20,17,630.4401451027816
2286,2023,eBird_GBIF,35,24,29,NA
2286,2023,Combined,61,44,40,630.4401451027816
2286,2024,China_Birdwatch,181,104,78,281.6261908886174
2286,2024,Combined,181,104,78,281.6261908886174
2312,2021,eBird_GBIF,1,1,1,NA
2312,2021,Combined,1,1,1,NA
2312,2024,China_Birdwatch,1,1,1,119.08163265306122
2312,2024,Combined,1,1,1,119.08163265306122
2313,2016,China_Birdwatch,1,1,1,60
2313,2016,Combined,1,1,1,60
2313,2019,China_Birdwatch,1,1,1,50475
2313,2019,Combined,1,1,1,50475
2313,2020,China_Birdwatch,1,1,1,60
2313,2020,Combined,1,1,1,60
2313,2021,eBird_GBIF,1,1,1,NA
2313,2021,Combined,1,1,1,NA
2313,2023,China_Birdwatch,2,2,2,59.44444444444444
2313,2023,eBird_GBIF,2,1,2,NA
2313,2023,Combined,4,3,4,59.44444444444444
2313,2024,China_Birdwatch,3,3,3,150
2313,2024,Combined,3,3,3,150
2320,2024,China_Birdwatch,1,1,1,60
2320,2024,Combined,1,1,1,60
2323,2022,China_Birdwatch,1,1,1,60
2323,2022,Combined,1,1,1,60
2326,2004,eBird_GBIF,1,1,1,NA
2326,2004,Combined,1,1,1,NA
2326,2010,eBird_GBIF,1,1,1,NA
2326,2010,Combined,1,1,1,NA
2326,2016,eBird_GBIF,3,3,1,NA
2326,2016,Combined,3,3,1,NA
2326,2023,China_Birdwatch,4,4,2,60
2326,2023,Combined,4,4,2,60
2327,2022,eBird_GBIF,3,3,1,NA
2327,2022,Combined,3,3,1,NA
2327,2023,China_Birdwatch,4,1,4,60
2327,2023,Combined,4,1,4,60
2328,2015,eBird_GBIF,1,1,1,NA
2328,2015,Combined,1,1,1,NA
2328,2018,China_Birdwatch,1,1,1,294
2328,2018,Combined,1,1,1,294
2329,2017,eBird_GBIF,5,5,2,NA
2329,2017,Combined,5,5,2,NA
2329,2022,eBird_GBIF,4,4,2,NA
2329,2022,Combined,4,4,2,NA
2330,2000,eBird_GBIF,1,1,1,NA
2330,2000,Combined,1,1,1,NA
2330,2014,eBird_GBIF,1,1,1,NA
2330,2014,Combined,1,1,1,NA
2330,2015,eBird_GBIF,1,1,1,NA
2330,2015,Combined,1,1,1,NA
2330,2016,eBird_GBIF,1,1,1,NA
2330,2016,Combined,1,1,1,NA
2330,2017,eBird_GBIF,32,8,14,NA
2330,2017,Combined,32,8,14,NA
2330,2018,China_Birdwatch,1,1,1,115
2330,2018,eBird_GBIF,18,8,13,NA
2330,2018,Combined,19,9,14,115
2330,2019,China_Birdwatch,1,1,1,22440
2330,2019,eBird_GBIF,16,7,16,NA
2330,2019,Combined,17,8,16,22440
2330,2020,China_Birdwatch,1,1,1,3420
2330,2020,eBird_GBIF,7,6,6,NA
2330,2020,Combined,8,7,6,3420
2330,2021,eBird_GBIF,3,2,2,NA
2330,2021,Combined,3,2,2,NA
2330,2022,China_Birdwatch,5,4,5,1840.2352941176473
2330,2022,eBird_GBIF,11,5,5,NA
2330,2022,Combined,16,9,10,1840.2352941176473
2330,2023,China_Birdwatch,7,2,6,723.943661971831
2330,2023,eBird_GBIF,9,4,4,NA
2330,2023,Combined,16,6,10,723.943661971831
2330,2024,China_Birdwatch,1,1,1,218
2330,2024,Combined,1,1,1,218
2331,2000,eBird_GBIF,2,1,2,NA
2331,2000,Combined,2,1,2,NA
2331,2001,eBird_GBIF,1,1,1,NA
2331,2001,Combined,1,1,1,NA
2331,2002,eBird_GBIF,6,3,4,NA
2331,2002,Combined,6,3,4,NA
2331,2004,eBird_GBIF,10,4,10,NA
2331,2004,Combined,10,4,10,NA
2331,2005,eBird_GBIF,4,1,4,NA
2331,2005,Combined,4,1,4,NA
2331,2006,eBird_GBIF,7,2,7,NA
2331,2006,Combined,7,2,7,NA
2331,2007,eBird_GBIF,14,5,12,NA
2331,2007,Combined,14,5,12,NA
2331,2008,eBird_GBIF,3,2,3,NA
2331,2008,Combined,3,2,3,NA
2331,2009,eBird_GBIF,9,3,9,NA
2331,2009,Combined,9,3,9,NA
2331,2010,eBird_GBIF,12,5,6,NA
2331,2010,Combined,12,5,6,NA
2331,2012,eBird_GBIF,7,4,7,NA
2331,2012,Combined,7,4,7,NA
2331,2013,eBird_GBIF,5,4,5,NA
2331,2013,Combined,5,4,5,NA
2331,2014,eBird_GBIF,13,8,12,NA
2331,2014,Combined,13,8,12,NA
2331,2016,eBird_GBIF,26,8,13,NA
2331,2016,Combined,26,8,13,NA
2331,2017,China_Birdwatch,1,1,1,270
2331,2017,eBird_GBIF,23,16,14,NA
2331,2017,Combined,24,17,14,270
2331,2018,China_Birdwatch,2,2,2,3389.0526315789475
2331,2018,eBird_GBIF,32,18,21,NA
2331,2018,Combined,34,20,23,3389.0526315789475
2331,2019,China_Birdwatch,1,1,1,480
2331,2019,eBird_GBIF,15,9,15,NA
2331,2019,Combined,16,10,16,480
2331,2020,China_Birdwatch,6,3,6,440.7529411764706
2331,2020,eBird_GBIF,25,12,14,NA
2331,2020,Combined,31,15,17,440.7529411764706
2331,2021,China_Birdwatch,9,7,6,633.983870967742
2331,2021,eBird_GBIF,58,15,36,NA
2331,2021,Combined,67,22,38,633.983870967742
2331,2022,China_Birdwatch,25,15,19,483.45012787723795
2331,2022,eBird_GBIF,121,15,49,NA
2331,2022,Combined,146,30,63,483.45012787723795
2331,2023,China_Birdwatch,28,25,17,3531.4410540915387
2331,2023,eBird_GBIF,60,10,30,NA
2331,2023,Combined,88,35,42,3531.4410540915387
2331,2024,China_Birdwatch,89,72,47,218.8762458471761
2331,2024,Combined,89,72,47,218.8762458471761
2332,2000,eBird_GBIF,1,1,1,NA
2332,2000,Combined,1,1,1,NA
2332,2002,eBird_GBIF,3,2,2,NA
2332,2002,Combined,3,2,2,NA
2332,2004,eBird_GBIF,1,1,1,NA
2332,2004,Combined,1,1,1,NA
2332,2006,eBird_GBIF,4,2,4,NA
2332,2006,Combined,4,2,4,NA
2332,2010,eBird_GBIF,3,1,3,NA
2332,2010,Combined,3,1,3,NA
2332,2012,eBird_GBIF,1,1,1,NA
2332,2012,Combined,1,1,1,NA
2332,2014,eBird_GBIF,7,5,6,NA
2332,2014,Combined,7,5,6,NA
2332,2015,China_Birdwatch,3,1,3,0
2332,2015,eBird_GBIF,3,2,3,NA
2332,2015,Combined,6,3,5,0
2332,2016,China_Birdwatch,1,1,1,60
2332,2016,eBird_GBIF,6,4,4,NA
2332,2016,Combined,7,5,5,60
2332,2017,eBird_GBIF,12,10,6,NA
2332,2017,Combined,12,10,6,NA
2332,2018,China_Birdwatch,1,1,1,46440
2332,2018,eBird_GBIF,6,6,6,NA
2332,2018,Combined,7,7,7,46440
2332,2019,eBird_GBIF,2,2,2,NA
2332,2019,Combined,2,2,2,NA
2332,2020,China_Birdwatch,4,2,2,198.70967741935485
2332,2020,eBird_GBIF,3,3,2,NA
2332,2020,Combined,7,5,3,198.70967741935485
2332,2021,China_Birdwatch,6,5,4,213.48360655737704
2332,2021,eBird_GBIF,10,7,5,NA
2332,2021,Combined,16,12,6,213.48360655737704
2332,2022,China_Birdwatch,23,17,20,589.8851174934729
2332,2022,eBird_GBIF,9,7,6,NA
2332,2022,Combined,32,24,26,589.8851174934729
2332,2023,China_Birdwatch,40,31,20,236.0209790209789
2332,2023,eBird_GBIF,26,13,13,NA
2332,2023,Combined,66,44,27,236.0209790209789
2332,2024,China_Birdwatch,113,77,44,232.5208970438331
2332,2024,Combined,113,77,44,232.5208970438331
2333,2010,eBird_GBIF,1,1,1,NA
2333,2010,Combined,1,1,1,NA
2333,2016,eBird_GBIF,2,1,2,NA
2333,2016,Combined,2,1,2,NA
2333,2017,China_Birdwatch,1,1,1,645
2333,2017,eBird_GBIF,2,2,2,NA
2333,2017,Combined,3,3,2,645
2333,2018,eBird_GBIF,1,1,1,NA
2333,2018,Combined,1,1,1,NA
2333,2022,China_Birdwatch,4,1,4,807.24
2333,2022,eBird_GBIF,3,3,2,NA
2333,2022,Combined,7,4,6,807.24
2333,2023,China_Birdwatch,1,1,1,60
2333,2023,eBird_GBIF,3,3,1,NA
2333,2023,Combined,4,4,2,60
2333,2024,China_Birdwatch,12,8,11,270.9246031746032
2333,2024,Combined,12,8,11,270.9246031746032
2334,2024,China_Birdwatch,2,2,1,90.6590909090909
2334,2024,Combined,2,2,1,90.6590909090909
2335,2019,eBird_GBIF,1,1,1,NA
2335,2019,Combined,1,1,1,NA
2335,2023,eBird_GBIF,1,1,1,NA
2335,2023,Combined,1,1,1,NA
2335,2024,China_Birdwatch,10,5,9,116.87037037037037
2335,2024,Combined,10,5,9,116.87037037037037
2336,2000,eBird_GBIF,1,1,1,NA
2336,2000,Combined,1,1,1,NA
2336,2004,eBird_GBIF,5,1,5,NA
2336,2004,Combined,5,1,5,NA
2336,2007,eBird_GBIF,7,3,4,NA
2336,2007,Combined,7,3,4,NA
2336,2013,eBird_GBIF,2,2,1,NA
2336,2013,Combined,2,2,1,NA
2336,2020,China_Birdwatch,1,1,1,60
2336,2020,Combined,1,1,1,60
2336,2021,China_Birdwatch,2,2,2,765.4736842105264
2336,2021,Combined,2,2,2,765.4736842105264
2336,2022,China_Birdwatch,2,2,1,599
2336,2022,Combined,2,2,1,599
2336,2023,China_Birdwatch,5,4,5,129.13513513513513
2336,2023,Combined,5,4,5,129.13513513513513
2336,2024,China_Birdwatch,18,14,18,126.23744292237444
2336,2024,Combined,18,14,18,126.23744292237444
2337,2002,eBird_GBIF,1,1,1,NA
2337,2002,Combined,1,1,1,NA
2337,2011,eBird_GBIF,2,2,1,NA
2337,2011,Combined,2,2,1,NA
2337,2013,eBird_GBIF,6,2,6,NA
2337,2013,Combined,6,2,6,NA
2337,2014,eBird_GBIF,4,4,4,NA
2337,2014,Combined,4,4,4,NA
2337,2015,eBird_GBIF,4,4,3,NA
2337,2015,Combined,4,4,3,NA
2337,2016,eBird_GBIF,5,5,3,NA
2337,2016,Combined,5,5,3,NA
2337,2017,China_Birdwatch,1,1,1,90
2337,2017,eBird_GBIF,11,11,4,NA
2337,2017,Combined,12,12,4,90
2337,2018,eBird_GBIF,8,8,6,NA
2337,2018,Combined,8,8,6,NA
2337,2019,eBird_GBIF,7,7,4,NA
2337,2019,Combined,7,7,4,NA
2337,2020,China_Birdwatch,1,1,1,479
2337,2020,Combined,1,1,1,479
2337,2021,China_Birdwatch,1,1,1,1680
2337,2021,eBird_GBIF,1,1,1,NA
2337,2021,Combined,2,2,2,1680
2337,2022,China_Birdwatch,1,1,1,180
2337,2022,Combined,1,1,1,180
2337,2023,China_Birdwatch,12,9,11,198.26666666666668
2337,2023,eBird_GBIF,1,1,1,NA
2337,2023,Combined,13,10,11,198.26666666666668
2337,2024,China_Birdwatch,25,17,22,436.69111969111975
2337,2024,Combined,25,17,22,436.69111969111975
2338,2004,eBird_GBIF,4,2,2,NA
2338,2004,Combined,4,2,2,NA
2338,2005,eBird_GBIF,2,1,2,NA
2338,2005,Combined,2,1,2,NA
2338,2006,eBird_GBIF,2,1,2,NA
2338,2006,Combined,2,1,2,NA
2338,2007,eBird_GBIF,2,2,2,NA
2338,2007,Combined,2,2,2,NA
2338,2008,eBird_GBIF,2,1,2,NA
2338,2008,Combined,2,1,2,NA
2338,2010,eBird_GBIF,1,1,1,NA
2338,2010,Combined,1,1,1,NA
2338,2011,eBird_GBIF,1,1,1,NA
2338,2011,Combined,1,1,1,NA
2338,2013,eBird_GBIF,3,2,3,NA
2338,2013,Combined,3,2,3,NA
2338,2014,eBird_GBIF,5,4,4,NA
2338,2014,Combined,5,4,4,NA
2338,2015,eBird_GBIF,6,5,5,NA
2338,2015,Combined,6,5,5,NA
2338,2016,eBird_GBIF,7,7,4,NA
2338,2016,Combined,7,7,4,NA
2338,2017,eBird_GBIF,8,8,3,NA
2338,2017,Combined,8,8,3,NA
2338,2018,eBird_GBIF,13,12,8,NA
2338,2018,Combined,13,12,8,NA
2338,2019,eBird_GBIF,14,14,10,NA
2338,2019,Combined,14,14,10,NA
2338,2020,China_Birdwatch,1,1,1,597
2338,2020,eBird_GBIF,1,1,1,NA
2338,2020,Combined,2,2,2,597
2338,2021,China_Birdwatch,2,2,2,60
2338,2021,eBird_GBIF,2,2,1,NA
2338,2021,Combined,4,4,3,60
2338,2022,China_Birdwatch,3,3,3,303
2338,2022,Combined,3,3,3,303
2338,2023,China_Birdwatch,19,16,16,222.1686274509804
2338,2023,Combined,19,16,16,222.1686274509804
2338,2024,China_Birdwatch,18,16,16,397.18285714285713
2338,2024,Combined,18,16,16,397.18285714285713
2339,2002,eBird_GBIF,4,3,3,NA
2339,2002,Combined,4,3,3,NA
2339,2004,eBird_GBIF,1,1,1,NA
2339,2004,Combined,1,1,1,NA
2339,2005,eBird_GBIF,1,1,1,NA
2339,2005,Combined,1,1,1,NA
2339,2006,eBird_GBIF,4,2,4,NA
2339,2006,Combined,4,2,4,NA
2339,2007,eBird_GBIF,7,2,7,NA
2339,2007,Combined,7,2,7,NA
2339,2008,eBird_GBIF,1,1,1,NA
2339,2008,Combined,1,1,1,NA
2339,2010,eBird_GBIF,1,1,1,NA
2339,2010,Combined,1,1,1,NA
2339,2011,eBird_GBIF,4,4,3,NA
2339,2011,Combined,4,4,3,NA
2339,2012,eBird_GBIF,7,5,4,NA
2339,2012,Combined,7,5,4,NA
2339,2013,eBird_GBIF,6,6,5,NA
2339,2013,Combined,6,6,5,NA
2339,2014,eBird_GBIF,6,6,5,NA
2339,2014,Combined,6,6,5,NA
2339,2015,eBird_GBIF,11,9,10,NA
2339,2015,Combined,11,9,10,NA
2339,2016,eBird_GBIF,17,11,12,NA
2339,2016,Combined,17,11,12,NA
2339,2017,eBird_GBIF,26,14,20,NA
2339,2017,Combined,26,14,20,NA
2339,2018,eBird_GBIF,51,17,43,NA
2339,2018,Combined,51,17,43,NA
2339,2019,China_Birdwatch,2,2,2,372.5
2339,2019,eBird_GBIF,35,20,22,NA
2339,2019,Combined,37,22,23,372.5
2339,2020,China_Birdwatch,1,1,1,191
2339,2020,eBird_GBIF,21,10,11,NA
2339,2020,Combined,22,11,12,191
2339,2021,China_Birdwatch,5,4,5,29518
2339,2021,eBird_GBIF,73,19,41,NA
2339,2021,Combined,78,23,44,29518
2339,2022,China_Birdwatch,7,6,7,890.9692307692306
2339,2022,eBird_GBIF,1,1,1,NA
2339,2022,Combined,8,7,8,890.9692307692306
2339,2023,China_Birdwatch,37,30,27,301.0275423728812
2339,2023,eBird_GBIF,25,13,24,NA
2339,2023,Combined,62,43,48,301.0275423728812
2339,2024,China_Birdwatch,113,80,81,1236.9272399278411
2339,2024,Combined,113,80,81,1236.9272399278411
2340,2002,eBird_GBIF,5,3,3,NA
2340,2002,Combined,5,3,3,NA
2340,2007,eBird_GBIF,4,2,4,NA
2340,2007,Combined,4,2,4,NA
2340,2011,eBird_GBIF,3,3,3,NA
2340,2011,Combined,3,3,3,NA
2340,2012,eBird_GBIF,5,2,5,NA
2340,2012,Combined,5,2,5,NA
2340,2013,eBird_GBIF,16,7,15,NA
2340,2013,Combined,16,7,15,NA
2340,2014,eBird_GBIF,15,7,10,NA
2340,2014,Combined,15,7,10,NA
2340,2015,eBird_GBIF,32,14,24,NA
2340,2015,Combined,32,14,24,NA
2340,2016,eBird_GBIF,32,11,29,NA
2340,2016,Combined,32,11,29,NA
2340,2017,eBird_GBIF,29,15,21,NA
2340,2017,Combined,29,15,21,NA
2340,2018,eBird_GBIF,84,24,52,NA
2340,2018,Combined,84,24,52,NA
2340,2019,China_Birdwatch,3,3,3,4935.307692307692
2340,2019,eBird_GBIF,79,32,42,NA
2340,2019,Combined,82,35,45,4935.307692307692
2340,2020,China_Birdwatch,3,3,3,13743.333333333334
2340,2020,eBird_GBIF,50,17,21,NA
2340,2020,Combined,53,20,24,13743.333333333334
2340,2021,China_Birdwatch,28,10,28,2629.325153374236
2340,2021,eBird_GBIF,85,27,50,NA
2340,2021,Combined,113,37,70,2629.325153374236
2340,2022,China_Birdwatch,24,11,20,39287.14487632512
2340,2022,eBird_GBIF,23,8,14,NA
2340,2022,Combined,47,19,33,39287.14487632512
2340,2023,China_Birdwatch,97,46,69,2020.9488188976368
2340,2023,eBird_GBIF,60,24,45,NA
2340,2023,Combined,157,70,97,2020.9488188976368
2340,2024,China_Birdwatch,524,194,217,943.5253585825412
2340,2024,Combined,524,194,217,943.5253585825412
2341,2002,eBird_GBIF,2,2,1,NA
2341,2002,Combined,2,2,1,NA
2341,2014,eBird_GBIF,3,3,2,NA
2341,2014,Combined,3,3,2,NA
2341,2017,eBird_GBIF,2,2,2,NA
2341,2017,Combined,2,2,2,NA
2341,2018,eBird_GBIF,1,1,1,NA
2341,2018,Combined,1,1,1,NA
2341,2019,China_Birdwatch,1,1,1,1740
2341,2019,Combined,1,1,1,1740
2341,2020,China_Birdwatch,1,1,1,240
2341,2020,eBird_GBIF,21,2,20,NA
2341,2020,Combined,22,3,21,240
2341,2021,eBird_GBIF,2,2,2,NA
2341,2021,Combined,2,2,2,NA
2341,2022,eBird_GBIF,4,1,4,NA
2341,2022,Combined,4,1,4,NA
2341,2023,China_Birdwatch,7,7,7,183.28571428571428
2341,2023,eBird_GBIF,6,5,5,NA
2341,2023,Combined,13,12,11,183.28571428571428
2341,2024,China_Birdwatch,47,34,39,287.32934926958825
2341,2024,Combined,47,34,39,287.32934926958825
2342,2018,eBird_GBIF,4,2,4,NA
2342,2018,Combined,4,2,4,NA
2342,2020,eBird_GBIF,1,1,1,NA
2342,2020,Combined,1,1,1,NA
2342,2023,China_Birdwatch,4,4,4,669.09375
2342,2023,eBird_GBIF,2,2,2,NA
2342,2023,Combined,6,6,6,669.09375
2342,2024,China_Birdwatch,8,6,7,177.8102189781022
2342,2024,Combined,8,6,7,177.8102189781022
2343,2009,eBird_GBIF,1,1,1,NA
2343,2009,Combined,1,1,1,NA
2343,2014,eBird_GBIF,1,1,1,NA
2343,2014,Combined,1,1,1,NA
2343,2017,eBird_GBIF,3,2,3,NA
2343,2017,Combined,3,2,3,NA
2343,2018,eBird_GBIF,1,1,1,NA
2343,2018,Combined,1,1,1,NA
2343,2019,eBird_GBIF,1,1,1,NA
2343,2019,Combined,1,1,1,NA
2343,2020,eBird_GBIF,1,1,1,NA
2343,2020,Combined,1,1,1,NA
2343,2022,eBird_GBIF,2,2,1,NA
2343,2022,Combined,2,2,1,NA
2343,2023,China_Birdwatch,7,7,6,162.3404255319149
2343,2023,eBird_GBIF,2,2,2,NA
2343,2023,Combined,9,9,8,162.3404255319149
2343,2024,China_Birdwatch,41,33,28,95.81843575418992
2343,2024,Combined,41,33,28,95.81843575418992
2344,2018,eBird_GBIF,1,1,1,NA
2344,2018,Combined,1,1,1,NA
2344,2020,eBird_GBIF,2,1,2,NA
2344,2020,Combined,2,1,2,NA
2344,2021,eBird_GBIF,2,1,2,NA
2344,2021,Combined,2,1,2,NA
2344,2023,China_Birdwatch,1,1,1,60
2344,2023,eBird_GBIF,2,2,2,NA
2344,2023,Combined,3,3,3,60
2344,2024,China_Birdwatch,10,4,9,118.2685185185185
2344,2024,Combined,10,4,9,118.2685185185185
2345,2014,China_Birdwatch,1,1,1,11520
2345,2014,Combined,1,1,1,11520
2345,2021,China_Birdwatch,1,1,1,1
2345,2021,Combined,1,1,1,1
2345,2023,China_Birdwatch,1,1,1,60
2345,2023,Combined,1,1,1,60
2345,2024,China_Birdwatch,10,7,7,89.55555555555556
2345,2024,Combined,10,7,7,89.55555555555556
2346,2022,China_Birdwatch,1,1,1,11760
2346,2022,Combined,1,1,1,11760
2346,2023,China_Birdwatch,1,1,1,60
2346,2023,eBird_GBIF,1,1,1,NA
2346,2023,Combined,2,2,2,60
2346,2024,China_Birdwatch,3,3,3,78.66666666666667
2346,2024,Combined,3,3,3,78.66666666666667
2347,2016,China_Birdwatch,1,1,1,0
2347,2016,Combined,1,1,1,0
2347,2020,eBird_GBIF,1,1,1,NA
2347,2020,Combined,1,1,1,NA
2347,2021,China_Birdwatch,4,3,4,5970.6
2347,2021,eBird_GBIF,3,2,3,NA
2347,2021,Combined,7,5,4,5970.6
2347,2022,China_Birdwatch,5,2,5,274.3142857142857
2347,2022,eBird_GBIF,6,4,5,NA
2347,2022,Combined,11,6,10,274.3142857142857
2347,2023,China_Birdwatch,14,11,14,795.9230769230769
2347,2023,eBird_GBIF,3,3,3,NA
2347,2023,Combined,17,14,16,795.9230769230769
2347,2024,China_Birdwatch,52,27,47,535.9356164383555
2347,2024,Combined,52,27,47,535.9356164383555
2348,2010,China_Birdwatch,1,1,1,240
2348,2010,Combined,1,1,1,240
2348,2019,China_Birdwatch,1,1,1,60
2348,2019,eBird_GBIF,1,1,1,NA
2348,2019,Combined,2,2,2,60
2348,2021,China_Birdwatch,1,1,1,710
2348,2021,Combined,1,1,1,710
2348,2022,China_Birdwatch,3,3,3,3605.6692913385828
2348,2022,eBird_GBIF,1,1,1,NA
2348,2022,Combined,4,4,3,3605.6692913385828
2348,2023,China_Birdwatch,6,4,6,139.9090909090909
2348,2023,eBird_GBIF,4,2,4,NA
2348,2023,Combined,10,6,7,139.9090909090909
2348,2024,China_Birdwatch,37,23,33,82.21698113207546
2348,2024,Combined,37,23,33,82.21698113207546
2349,2019,eBird_GBIF,4,3,4,NA
2349,2019,Combined,4,3,4,NA
2349,2020,eBird_GBIF,1,1,1,NA
2349,2020,Combined,1,1,1,NA
2349,2021,China_Birdwatch,1,1,1,570
2349,2021,Combined,1,1,1,570
2349,2022,eBird_GBIF,4,2,4,NA
2349,2022,Combined,4,2,4,NA
2349,2023,China_Birdwatch,1,1,1,60
2349,2023,Combined,1,1,1,60
2349,2024,China_Birdwatch,59,15,56,5820.573609596509
2349,2024,Combined,59,15,56,5820.573609596509
2350,2018,eBird_GBIF,1,1,1,NA
2350,2018,Combined,1,1,1,NA
2350,2019,eBird_GBIF,6,4,6,NA
2350,2019,Combined,6,4,6,NA
2350,2020,China_Birdwatch,1,1,1,60
2350,2020,Combined,1,1,1,60
2350,2021,China_Birdwatch,1,1,1,60
2350,2021,Combined,1,1,1,60
2350,2022,China_Birdwatch,2,1,2,120
2350,2022,Combined,2,1,2,120
2350,2023,China_Birdwatch,5,2,5,146.90217391304347
2350,2023,Combined,5,2,5,146.90217391304347
2350,2024,China_Birdwatch,24,13,23,234.2543554006968
2350,2024,Combined,24,13,23,234.2543554006968
2351,2019,eBird_GBIF,1,1,1,NA
2351,2019,Combined,1,1,1,NA
2351,2021,China_Birdwatch,3,3,2,1108.3561643835615
2351,2021,eBird_GBIF,1,1,1,NA
2351,2021,Combined,4,4,3,1108.3561643835615
2351,2022,China_Birdwatch,1,1,1,120
2351,2022,Combined,1,1,1,120
2351,2023,China_Birdwatch,1,1,1,120
2351,2023,Combined,1,1,1,120
2351,2024,China_Birdwatch,2,2,2,128.78048780487805
2351,2024,Combined,2,2,2,128.78048780487805
2352,2022,China_Birdwatch,2,2,2,88.69565217391305
2352,2022,Combined,2,2,2,88.69565217391305
2352,2023,China_Birdwatch,6,3,6,4902.570175438597
2352,2023,Combined,6,3,6,4902.570175438597
2352,2024,China_Birdwatch,28,21,22,164.03282828282832
2352,2024,Combined,28,21,22,164.03282828282832
2353,2021,eBird_GBIF,2,1,2,NA
2353,2021,Combined,2,1,2,NA
2353,2022,eBird_GBIF,5,2,5,NA
2353,2022,Combined,5,2,5,NA
2353,2023,China_Birdwatch,5,1,5,60
2353,2023,Combined,5,1,5,60
2353,2024,China_Birdwatch,52,9,46,255.23643410852728
2353,2024,Combined,52,9,46,255.23643410852728
2354,2013,eBird_GBIF,3,1,3,NA
2354,2013,Combined,3,1,3,NA
2354,2014,eBird_GBIF,1,1,1,NA
2354,2014,Combined,1,1,1,NA
2354,2018,eBird_GBIF,2,2,2,NA
2354,2018,Combined,2,2,2,NA
2354,2020,eBird_GBIF,2,1,2,NA
2354,2020,Combined,2,1,2,NA
2354,2021,eBird_GBIF,4,3,4,NA
2354,2021,Combined,4,3,4,NA
2354,2022,eBird_GBIF,6,2,6,NA
2354,2022,Combined,6,2,6,NA
2354,2023,China_Birdwatch,8,7,8,117.47413793103448
2354,2023,eBird_GBIF,9,5,9,NA
2354,2023,Combined,17,12,16,117.47413793103448
2354,2024,China_Birdwatch,101,46,80,307.23983169705485
2354,2024,Combined,101,46,80,307.23983169705485
2355,2016,eBird_GBIF,1,1,1,NA
2355,2016,Combined,1,1,1,NA
2355,2018,eBird_GBIF,1,1,1,NA
2355,2018,Combined,1,1,1,NA
2355,2019,eBird_GBIF,1,1,1,NA
2355,2019,Combined,1,1,1,NA
2355,2020,eBird_GBIF,1,1,1,NA
2355,2020,Combined,1,1,1,NA
2355,2021,China_Birdwatch,2,1,2,1666811.5
2355,2021,eBird_GBIF,3,3,3,NA
2355,2021,Combined,5,4,5,1666811.5
2355,2022,eBird_GBIF,2,2,2,NA
2355,2022,Combined,2,2,2,NA
2355,2023,China_Birdwatch,12,9,11,4310.550218340619
2355,2023,eBird_GBIF,1,1,1,NA
2355,2023,Combined,13,10,12,4310.550218340619
2355,2024,China_Birdwatch,110,35,84,330.35247208931384
2355,2024,Combined,110,35,84,330.35247208931384
2356,2005,eBird_GBIF,1,1,1,NA
2356,2005,Combined,1,1,1,NA
2356,2007,eBird_GBIF,1,1,1,NA
2356,2007,Combined,1,1,1,NA
2356,2012,eBird_GBIF,2,2,2,NA
2356,2012,Combined,2,2,2,NA
2356,2013,eBird_GBIF,1,1,1,NA
2356,2013,Combined,1,1,1,NA
2356,2014,eBird_GBIF,4,2,4,NA
2356,2014,Combined,4,2,4,NA
2356,2015,China_Birdwatch,5,3,5,26.341463414634156
2356,2015,eBird_GBIF,3,1,3,NA
2356,2015,Combined,8,4,7,26.341463414634156
2356,2016,eBird_GBIF,7,1,7,NA
2356,2016,Combined,7,1,7,NA
2356,2017,China_Birdwatch,1,1,1,480
2356,2017,eBird_GBIF,2,2,2,NA
2356,2017,Combined,3,3,3,480
2356,2018,China_Birdwatch,2,1,2,240
2356,2018,eBird_GBIF,2,2,2,NA
2356,2018,Combined,4,3,4,240
2356,2019,China_Birdwatch,3,2,3,216.9047619047619
2356,2019,eBird_GBIF,3,3,3,NA
2356,2019,Combined,6,5,6,216.9047619047619
2356,2020,China_Birdwatch,4,3,4,359.59183673469386
2356,2020,eBird_GBIF,2,2,2,NA
2356,2020,Combined,6,5,6,359.59183673469386
2356,2021,China_Birdwatch,9,7,8,714579.8478260874
2356,2021,eBird_GBIF,10,9,9,NA
2356,2021,Combined,19,16,17,714579.8478260874
2356,2022,China_Birdwatch,9,7,9,459.38207547169816
2356,2022,eBird_GBIF,9,7,8,NA
2356,2022,Combined,18,14,17,459.38207547169816
2356,2023,China_Birdwatch,37,27,29,219.82116788321147
2356,2023,eBird_GBIF,25,10,24,NA
2356,2023,Combined,62,37,50,219.82116788321147
2356,2024,China_Birdwatch,283,129,173,211.4196531791911
2356,2024,Combined,283,129,173,211.4196531791911
2357,2011,China_Birdwatch,1,1,1,60
2357,2011,Combined,1,1,1,60
2357,2014,eBird_GBIF,3,3,3,NA
2357,2014,Combined,3,3,3,NA
2357,2015,eBird_GBIF,2,1,2,NA
2357,2015,Combined,2,1,2,NA
2357,2017,eBird_GBIF,1,1,1,NA
2357,2017,Combined,1,1,1,NA
2357,2019,eBird_GBIF,3,3,3,NA
2357,2019,Combined,3,3,3,NA
2357,2020,China_Birdwatch,1,1,1,3420
2357,2020,eBird_GBIF,5,4,5,NA
2357,2020,Combined,6,5,6,3420
2357,2021,China_Birdwatch,7,2,7,255.58441558441555
2357,2021,eBird_GBIF,12,5,12,NA
2357,2021,Combined,19,7,19,255.58441558441555
2357,2022,China_Birdwatch,1,1,1,225
2357,2022,eBird_GBIF,6,4,6,NA
2357,2022,Combined,7,5,7,225
2357,2023,China_Birdwatch,11,11,9,108.14285714285715
2357,2023,eBird_GBIF,11,5,11,NA
2357,2023,Combined,22,16,20,108.14285714285715
2357,2024,China_Birdwatch,76,37,60,926.3654205607488
2357,2024,Combined,76,37,60,926.3654205607488
2358,2009,eBird_GBIF,1,1,1,NA
2358,2009,Combined,1,1,1,NA
2358,2012,eBird_GBIF,1,1,1,NA
2358,2012,Combined,1,1,1,NA
2358,2014,eBird_GBIF,19,6,13,NA
2358,2014,Combined,19,6,13,NA
2358,2015,eBird_GBIF,5,4,5,NA
2358,2015,Combined,5,4,5,NA
2358,2016,eBird_GBIF,3,3,2,NA
2358,2016,Combined,3,3,2,NA
2358,2017,China_Birdwatch,1,1,1,3414
2358,2017,eBird_GBIF,6,5,5,NA
2358,2017,Combined,7,6,6,3414
2358,2018,China_Birdwatch,1,1,1,240
2358,2018,eBird_GBIF,3,3,3,NA
2358,2018,Combined,4,4,4,240
2358,2019,China_Birdwatch,2,2,2,336.2777777777777
2358,2019,eBird_GBIF,9,6,7,NA
2358,2019,Combined,11,8,9,336.2777777777777
2358,2020,China_Birdwatch,2,1,2,1825.2475247524753
2358,2020,eBird_GBIF,6,3,5,NA
2358,2020,Combined,8,4,6,1825.2475247524753
2358,2021,China_Birdwatch,2,2,2,56.44444444444444
2358,2021,eBird_GBIF,7,7,6,NA
2358,2021,Combined,9,9,8,56.44444444444444
2358,2022,China_Birdwatch,11,3,11,228.8659793814433
2358,2022,eBird_GBIF,8,4,7,NA
2358,2022,Combined,19,7,18,228.8659793814433
2358,2023,China_Birdwatch,25,15,21,167.48172757475075
2358,2023,eBird_GBIF,14,10,12,NA
2358,2023,Combined,39,25,29,167.48172757475075
2358,2024,China_Birdwatch,103,71,73,550.6172474896623
2358,2024,Combined,103,71,73,550.6172474896623
2359,2012,eBird_GBIF,2,1,2,NA
2359,2012,Combined,2,1,2,NA
2359,2021,eBird_GBIF,2,1,2,NA
2359,2021,Combined,2,1,2,NA
2384,2023,China_Birdwatch,4,3,3,396.4864864864865
2384,2023,Combined,4,3,3,396.4864864864865
2384,2024,China_Birdwatch,2,1,2,60
2384,2024,Combined,2,1,2,60
2385,2020,China_Birdwatch,1,1,1,600
2385,2020,Combined,1,1,1,600
2385,2022,China_Birdwatch,1,1,1,28
2385,2022,Combined,1,1,1,28
2385,2024,China_Birdwatch,1,1,1,60
2385,2024,Combined,1,1,1,60
2386,2021,eBird_GBIF,1,1,1,NA
2386,2021,Combined,1,1,1,NA
2387,2023,eBird_GBIF,1,1,1,NA
2387,2023,Combined,1,1,1,NA
2390,2002,eBird_GBIF,1,1,1,NA
2390,2002,Combined,1,1,1,NA
2390,2024,China_Birdwatch,1,1,1,60
2390,2024,Combined,1,1,1,60
2392,2020,eBird_GBIF,1,1,1,NA
2392,2020,Combined,1,1,1,NA
2392,2023,China_Birdwatch,2,2,1,60
2392,2023,Combined,2,2,1,60
2392,2024,China_Birdwatch,1,1,1,60
2392,2024,Combined,1,1,1,60
2393,2015,eBird_GBIF,1,1,1,NA
2393,2015,Combined,1,1,1,NA
2393,2023,eBird_GBIF,2,1,2,NA
2393,2023,Combined,2,1,2,NA
2393,2024,China_Birdwatch,2,2,2,56.529411764705884
2393,2024,Combined,2,2,2,56.529411764705884
2394,2018,eBird_GBIF,1,1,1,NA
2394,2018,Combined,1,1,1,NA
2394,2020,eBird_GBIF,1,1,1,NA
2394,2020,Combined,1,1,1,NA
2394,2023,China_Birdwatch,1,1,1,411
2394,2023,Combined,1,1,1,411
2394,2024,China_Birdwatch,1,1,1,6
2394,2024,Combined,1,1,1,6
2395,2011,China_Birdwatch,1,1,1,360
2395,2011,Combined,1,1,1,360
2395,2021,China_Birdwatch,1,1,1,168479
2395,2021,Combined,1,1,1,168479
2395,2023,China_Birdwatch,2,2,1,155
2395,2023,Combined,2,2,1,155
2397,2010,eBird_GBIF,1,1,1,NA
2397,2010,Combined,1,1,1,NA
2397,2011,eBird_GBIF,1,1,1,NA
2397,2011,Combined,1,1,1,NA
2397,2018,eBird_GBIF,2,2,1,NA
2397,2018,Combined,2,2,1,NA
2397,2019,eBird_GBIF,1,1,1,NA
2397,2019,Combined,1,1,1,NA
2397,2024,China_Birdwatch,2,2,2,60
2397,2024,Combined,2,2,2,60
2398,2011,eBird_GBIF,1,1,1,NA
2398,2011,Combined,1,1,1,NA
2398,2021,eBird_GBIF,2,2,1,NA
2398,2021,Combined,2,2,1,NA
2398,2023,China_Birdwatch,1,1,1,60
2398,2023,Combined,1,1,1,60
2399,2004,eBird_GBIF,1,1,1,NA
2399,2004,Combined,1,1,1,NA
2399,2023,China_Birdwatch,1,1,1,60
2399,2023,eBird_GBIF,1,1,1,NA
2399,2023,Combined,2,2,2,60
2400,2019,China_Birdwatch,1,1,1,718
2400,2019,eBird_GBIF,1,1,1,NA
2400,2019,Combined,2,2,2,718
2400,2021,China_Birdwatch,1,1,1,300
2400,2021,eBird_GBIF,2,2,1,NA
2400,2021,Combined,3,3,2,300
2400,2022,eBird_GBIF,3,3,1,NA
2400,2022,Combined,3,3,1,NA
2400,2023,China_Birdwatch,1,1,1,60
2400,2023,Combined,1,1,1,60
2400,2024,China_Birdwatch,1,1,1,60
2400,2024,Combined,1,1,1,60
2401,2004,eBird_GBIF,1,1,1,NA
2401,2004,Combined,1,1,1,NA
2401,2019,eBird_GBIF,1,1,1,NA
2401,2019,Combined,1,1,1,NA
2401,2021,China_Birdwatch,1,1,1,1860
2401,2021,eBird_GBIF,10,2,5,NA
2401,2021,Combined,11,3,6,1860
2402,2004,eBird_GBIF,1,1,1,NA
2402,2004,Combined,1,1,1,NA
2402,2006,eBird_GBIF,1,1,1,NA
2402,2006,Combined,1,1,1,NA
2402,2013,eBird_GBIF,3,1,3,NA
2402,2013,Combined,3,1,3,NA
2402,2019,China_Birdwatch,1,1,1,136912
2402,2019,Combined,1,1,1,136912
2402,2020,China_Birdwatch,1,1,1,951
2402,2020,Combined,1,1,1,951
2402,2021,China_Birdwatch,3,3,2,630.9473684210526
2402,2021,Combined,3,3,2,630.9473684210526
2402,2022,China_Birdwatch,5,5,4,1191.4188034188035
2402,2022,eBird_GBIF,6,3,2,NA
2402,2022,Combined,11,8,6,1191.4188034188035
2402,2023,China_Birdwatch,3,3,3,452.7272727272727
2402,2023,Combined,3,3,3,452.7272727272727
2402,2024,China_Birdwatch,9,9,7,543.0452674897119
2402,2024,Combined,9,9,7,543.0452674897119
2403,2000,eBird_GBIF,3,2,3,NA
2403,2000,Combined,3,2,3,NA
2403,2002,eBird_GBIF,14,4,7,NA
2403,2002,Combined,14,4,7,NA
2403,2004,eBird_GBIF,16,4,15,NA
2403,2004,Combined,16,4,15,NA
2403,2005,eBird_GBIF,3,1,3,NA
2403,2005,Combined,3,1,3,NA
2403,2006,eBird_GBIF,3,1,3,NA
2403,2006,Combined,3,1,3,NA
2403,2007,eBird_GBIF,6,3,4,NA
2403,2007,Combined,6,3,4,NA
2403,2008,eBird_GBIF,2,1,2,NA
2403,2008,Combined,2,1,2,NA
2403,2009,eBird_GBIF,6,2,6,NA
2403,2009,Combined,6,2,6,NA
2403,2010,eBird_GBIF,4,2,3,NA
2403,2010,Combined,4,2,3,NA
2403,2012,eBird_GBIF,8,4,8,NA
2403,2012,Combined,8,4,8,NA
2403,2013,eBird_GBIF,3,3,3,NA
2403,2013,Combined,3,3,3,NA
2403,2014,eBird_GBIF,11,8,10,NA
2403,2014,Combined,11,8,10,NA
2403,2015,China_Birdwatch,3,1,3,0
2403,2015,eBird_GBIF,2,1,2,NA
2403,2015,Combined,5,2,5,0
2403,2016,eBird_GBIF,12,7,8,NA
2403,2016,Combined,12,7,8,NA
2403,2017,China_Birdwatch,3,3,2,3598.651685393258
2403,2017,eBird_GBIF,17,11,10,NA
2403,2017,Combined,20,14,11,3598.651685393258
2403,2018,China_Birdwatch,4,2,4,1953.808
2403,2018,eBird_GBIF,19,13,14,NA
2403,2018,Combined,23,15,17,1953.808
2403,2019,China_Birdwatch,1,1,1,2925
2403,2019,eBird_GBIF,7,6,6,NA
2403,2019,Combined,8,7,7,2925
2403,2020,China_Birdwatch,6,4,5,543.4375
2403,2020,eBird_GBIF,13,9,7,NA
2403,2020,Combined,19,13,10,543.4375
2403,2021,China_Birdwatch,16,12,13,2397.7529069767443
2403,2021,eBird_GBIF,18,13,11,NA
2403,2021,Combined,34,25,21,2397.7529069767443
2403,2022,China_Birdwatch,25,18,19,475.41856392294227
2403,2022,eBird_GBIF,13,12,5,NA
2403,2022,Combined,38,30,21,475.41856392294227
2403,2023,China_Birdwatch,42,25,19,292.84971751412434
2403,2023,eBird_GBIF,31,10,19,NA
2403,2023,Combined,73,35,32,292.84971751412434
2403,2024,China_Birdwatch,139,87,45,1411.5813136635018
2403,2024,Combined,139,87,45,1411.5813136635018
2404,2023,eBird_GBIF,1,1,1,NA
2404,2023,Combined,1,1,1,NA
2405,2016,eBird_GBIF,2,2,2,NA
2405,2016,Combined,2,2,2,NA
2405,2023,China_Birdwatch,2,2,2,60
2405,2023,Combined,2,2,2,60
2405,2024,China_Birdwatch,1,1,1,305
2405,2024,Combined,1,1,1,305
2406,2010,eBird_GBIF,9,6,6,NA
2406,2010,Combined,9,6,6,NA
2406,2016,eBird_GBIF,1,1,1,NA
2406,2016,Combined,1,1,1,NA
2406,2017,China_Birdwatch,1,1,1,180
2406,2017,eBird_GBIF,1,1,1,NA
2406,2017,Combined,2,2,1,180
2406,2019,eBird_GBIF,1,1,1,NA
2406,2019,Combined,1,1,1,NA
2406,2022,China_Birdwatch,2,2,2,175.3846153846154
2406,2022,Combined,2,2,2,175.3846153846154
2406,2023,China_Birdwatch,1,1,1,60
2406,2023,Combined,1,1,1,60
2406,2024,China_Birdwatch,4,4,4,105.125
2406,2024,Combined,4,4,4,105.125
2407,2010,eBird_GBIF,1,1,1,NA
2407,2010,Combined,1,1,1,NA
2407,2012,China_Birdwatch,1,1,1,60
2407,2012,Combined,1,1,1,60
2407,2015,eBird_GBIF,2,1,2,NA
2407,2015,Combined,2,1,2,NA
2407,2016,eBird_GBIF,1,1,1,NA
2407,2016,Combined,1,1,1,NA
2407,2017,China_Birdwatch,1,1,1,165
2407,2017,eBird_GBIF,2,2,2,NA
2407,2017,Combined,3,3,2,165
2407,2019,China_Birdwatch,1,1,1,60
2407,2019,Combined,1,1,1,60
2407,2020,eBird_GBIF,1,1,1,NA
2407,2020,Combined,1,1,1,NA
2407,2022,China_Birdwatch,2,2,2,2160
2407,2022,Combined,2,2,2,2160
2407,2023,eBird_GBIF,3,2,3,NA
2407,2023,Combined,3,2,3,NA
2407,2024,China_Birdwatch,15,11,15,228.59016393442622
2407,2024,Combined,15,11,15,228.59016393442622
2408,2010,eBird_GBIF,4,4,1,NA
2408,2010,Combined,4,4,1,NA
2408,2023,eBird_GBIF,3,3,3,NA
2408,2023,Combined,3,3,3,NA
2408,2024,China_Birdwatch,5,5,5,451.0344827586207
2408,2024,Combined,5,5,5,451.0344827586207
2409,2002,eBird_GBIF,4,3,4,NA
2409,2002,Combined,4,3,4,NA
2409,2004,eBird_GBIF,6,2,3,NA
2409,2004,Combined,6,2,3,NA
2409,2006,eBird_GBIF,7,3,7,NA
2409,2006,Combined,7,3,7,NA
2409,2007,eBird_GBIF,13,8,9,NA
2409,2007,Combined,13,8,9,NA
2409,2010,eBird_GBIF,15,9,9,NA
2409,2010,Combined,15,9,9,NA
2409,2011,eBird_GBIF,10,6,8,NA
2409,2011,Combined,10,6,8,NA
2409,2012,eBird_GBIF,3,3,2,NA
2409,2012,Combined,3,3,2,NA
2409,2013,eBird_GBIF,18,11,14,NA
2409,2013,Combined,18,11,14,NA
2409,2014,eBird_GBIF,21,14,17,NA
2409,2014,Combined,21,14,17,NA
2409,2015,eBird_GBIF,14,10,11,NA
2409,2015,Combined,14,10,11,NA
2409,2016,eBird_GBIF,17,13,13,NA
2409,2016,Combined,17,13,13,NA
2409,2017,eBird_GBIF,17,10,7,NA
2409,2017,Combined,17,10,7,NA
2409,2018,China_Birdwatch,1,1,1,690
2409,2018,eBird_GBIF,35,18,21,NA
2409,2018,Combined,36,19,22,690
2409,2019,eBird_GBIF,32,19,17,NA
2409,2019,Combined,32,19,17,NA
2409,2020,China_Birdwatch,1,1,1,570
2409,2020,eBird_GBIF,1,1,1,NA
2409,2020,Combined,2,2,2,570
2409,2021,China_Birdwatch,3,3,3,228.82352941176472
2409,2021,eBird_GBIF,4,2,4,NA
2409,2021,Combined,7,5,7,228.82352941176472
2409,2022,China_Birdwatch,6,2,6,225.63636363636363
2409,2022,eBird_GBIF,6,2,4,NA
2409,2022,Combined,12,4,10,225.63636363636363
2409,2023,China_Birdwatch,18,14,14,459.17628205128204
2409,2023,eBird_GBIF,4,3,4,NA
2409,2023,Combined,22,17,15,459.17628205128204
2409,2024,China_Birdwatch,42,33,25,260.0723830734966
2409,2024,Combined,42,33,25,260.0723830734966
2410,2002,eBird_GBIF,1,1,1,NA
2410,2002,Combined,1,1,1,NA
2410,2006,eBird_GBIF,1,1,1,NA
2410,2006,Combined,1,1,1,NA
2410,2007,eBird_GBIF,6,5,4,NA
2410,2007,Combined,6,5,4,NA
2410,2008,eBird_GBIF,2,1,2,NA
2410,2008,Combined,2,1,2,NA
2410,2012,eBird_GBIF,2,2,2,NA
2410,2012,Combined,2,2,2,NA
2410,2013,eBird_GBIF,3,3,3,NA
2410,2013,Combined,3,3,3,NA
2410,2014,eBird_GBIF,4,4,3,NA
2410,2014,Combined,4,4,3,NA
2410,2015,eBird_GBIF,7,5,4,NA
2410,2015,Combined,7,5,4,NA
2410,2016,China_Birdwatch,1,1,1,1920
2410,2016,eBird_GBIF,11,11,9,NA
2410,2016,Combined,12,12,10,1920
2410,2017,eBird_GBIF,14,8,5,NA
2410,2017,Combined,14,8,5,NA
2410,2018,eBird_GBIF,12,11,10,NA
2410,2018,Combined,12,11,10,NA
2410,2019,eBird_GBIF,1,1,1,NA
2410,2019,Combined,1,1,1,NA
2410,2021,China_Birdwatch,4,4,4,3496.5087719298244
2410,2021,eBird_GBIF,1,1,1,NA
2410,2021,Combined,5,5,5,3496.5087719298244
2410,2022,China_Birdwatch,2,1,2,1593.3333333333333
2410,2022,Combined,2,1,2,1593.3333333333333
2410,2023,China_Birdwatch,14,13,10,133.84375
2410,2023,eBird_GBIF,2,2,2,NA
2410,2023,Combined,16,15,11,133.84375
2410,2024,China_Birdwatch,40,27,32,1032.111876075732
2410,2024,Combined,40,27,32,1032.111876075732
2411,2012,eBird_GBIF,3,1,3,NA
2411,2012,Combined,3,1,3,NA
2411,2013,eBird_GBIF,8,5,6,NA
2411,2013,Combined,8,5,6,NA
2411,2015,China_Birdwatch,1,1,1,2010
2411,2015,eBird_GBIF,2,2,2,NA
2411,2015,Combined,3,3,3,2010
2411,2016,eBird_GBIF,6,6,4,NA
2411,2016,Combined,6,6,4,NA
2411,2017,China_Birdwatch,1,1,1,240
2411,2017,eBird_GBIF,10,3,7,NA
2411,2017,Combined,11,4,7,240
2411,2018,eBird_GBIF,3,1,3,NA
2411,2018,Combined,3,1,3,NA
2411,2019,eBird_GBIF,1,1,1,NA
2411,2019,Combined,1,1,1,NA
2411,2020,eBird_GBIF,2,2,2,NA
2411,2020,Combined,2,2,2,NA
2411,2021,China_Birdwatch,1,1,1,60
2411,2021,eBird_GBIF,7,4,7,NA
2411,2021,Combined,8,5,8,60
2411,2022,China_Birdwatch,5,4,4,594.9473684210527
2411,2022,eBird_GBIF,1,1,1,NA
2411,2022,Combined,6,5,5,594.9473684210527
2411,2023,China_Birdwatch,17,9,16,900.31884057971
2411,2023,eBird_GBIF,6,6,6,NA
2411,2023,Combined,23,15,21,900.31884057971
2411,2024,China_Birdwatch,40,24,36,317.5155482815057
2411,2024,Combined,40,24,36,317.5155482815057
2412,2002,eBird_GBIF,3,1,3,NA
2412,2002,Combined,3,1,3,NA
2412,2010,eBird_GBIF,1,1,1,NA
2412,2010,Combined,1,1,1,NA
2412,2013,eBird_GBIF,2,1,2,NA
2412,2013,Combined,2,1,2,NA
2412,2014,eBird_GBIF,1,1,1,NA
2412,2014,Combined,1,1,1,NA
2412,2015,eBird_GBIF,3,3,3,NA
2412,2015,Combined,3,3,3,NA
2412,2016,eBird_GBIF,1,1,1,NA
2412,2016,Combined,1,1,1,NA
2412,2017,eBird_GBIF,4,3,4,NA
2412,2017,Combined,4,3,4,NA
2412,2018,eBird_GBIF,14,10,12,NA
2412,2018,Combined,14,10,12,NA
2412,2019,China_Birdwatch,2,2,2,4169.302325581395
2412,2019,eBird_GBIF,8,8,4,NA
2412,2019,Combined,10,10,6,4169.302325581395
2412,2020,China_Birdwatch,4,4,4,112.10526315789474
2412,2020,eBird_GBIF,27,10,17,NA
2412,2020,Combined,31,14,20,112.10526315789474
2412,2021,China_Birdwatch,2,2,2,465
2412,2021,eBird_GBIF,18,6,9,NA
2412,2021,Combined,20,8,11,465
2412,2022,China_Birdwatch,7,2,7,621.9464285714286
2412,2022,Combined,7,2,7,621.9464285714286
2412,2023,China_Birdwatch,14,14,11,76037.10000000002
2412,2023,eBird_GBIF,3,2,3,NA
2412,2023,Combined,17,16,13,76037.10000000002
2412,2024,China_Birdwatch,104,58,65,298.5178211163415
2412,2024,Combined,104,58,65,298.5178211163415
2413,2015,China_Birdwatch,1,1,1,0
2413,2015,eBird_GBIF,1,1,1,NA
2413,2015,Combined,2,2,1,0
2413,2017,eBird_GBIF,3,2,3,NA
2413,2017,Combined,3,2,3,NA
2413,2018,eBird_GBIF,2,2,2,NA
2413,2018,Combined,2,2,2,NA
2413,2019,eBird_GBIF,2,1,2,NA
2413,2019,Combined,2,1,2,NA
2413,2020,eBird_GBIF,2,2,1,NA
2413,2020,Combined,2,2,1,NA
2413,2021,China_Birdwatch,1,1,1,2607
2413,2021,eBird_GBIF,5,5,2,NA
2413,2021,Combined,6,6,3,2607
2413,2023,China_Birdwatch,16,14,15,197.7888198757764
2413,2023,eBird_GBIF,3,3,3,NA
2413,2023,Combined,19,17,17,197.7888198757764
2413,2024,China_Birdwatch,29,19,27,142.09689213893975
2413,2024,Combined,29,19,27,142.09689213893975
2414,2023,China_Birdwatch,3,3,3,247.11111111111111
2414,2023,Combined,3,3,3,247.11111111111111
2414,2024,China_Birdwatch,8,7,8,1162.4175824175825
2414,2024,Combined,8,7,8,1162.4175824175825
2415,2006,eBird_GBIF,1,1,1,NA
2415,2006,Combined,1,1,1,NA
2415,2014,eBird_GBIF,1,1,1,NA
2415,2014,Combined,1,1,1,NA
2415,2016,eBird_GBIF,3,1,3,NA
2415,2016,Combined,3,1,3,NA
2415,2017,eBird_GBIF,3,1,3,NA
2415,2017,Combined,3,1,3,NA
2415,2018,eBird_GBIF,3,2,3,NA
2415,2018,Combined,3,2,3,NA
2415,2019,eBird_GBIF,3,2,3,NA
2415,2019,Combined,3,2,3,NA
2415,2020,eBird_GBIF,10,1,10,NA
2415,2020,Combined,10,1,10,NA
2415,2021,eBird_GBIF,5,2,5,NA
2415,2021,Combined,5,2,5,NA
2415,2022,eBird_GBIF,4,1,4,NA
2415,2022,Combined,4,1,4,NA
2415,2023,eBird_GBIF,5,2,5,NA
2415,2023,Combined,5,2,5,NA
2415,2024,China_Birdwatch,3,1,3,60
2415,2024,Combined,3,1,3,60
2416,2018,eBird_GBIF,6,1,6,NA
2416,2018,Combined,6,1,6,NA
2416,2019,eBird_GBIF,3,1,3,NA
2416,2019,Combined,3,1,3,NA
2416,2022,China_Birdwatch,1,1,1,390
2416,2022,Combined,1,1,1,390
2416,2023,China_Birdwatch,10,2,10,486.18224299065423
2416,2023,Combined,10,2,10,486.18224299065423
2416,2024,China_Birdwatch,7,5,6,1080
2416,2024,Combined,7,5,6,1080
2417,2015,China_Birdwatch,2,1,2,4740
2417,2015,Combined,2,1,2,4740
2417,2017,eBird_GBIF,2,1,2,NA
2417,2017,Combined,2,1,2,NA
2417,2018,eBird_GBIF,6,1,6,NA
2417,2018,Combined,6,1,6,NA
2417,2019,eBird_GBIF,1,1,1,NA
2417,2019,Combined,1,1,1,NA
2417,2020,eBird_GBIF,2,1,2,NA
2417,2020,Combined,2,1,2,NA
2417,2021,eBird_GBIF,2,1,2,NA
2417,2021,Combined,2,1,2,NA
2417,2022,China_Birdwatch,1,1,1,960
2417,2022,eBird_GBIF,1,1,1,NA
2417,2022,Combined,2,2,2,960
2417,2023,China_Birdwatch,3,3,3,164.29032258064515
2417,2023,Combined,3,3,3,164.29032258064515
2417,2024,China_Birdwatch,4,3,4,203
2417,2024,Combined,4,3,4,203
2418,2012,China_Birdwatch,1,1,1,390
2418,2012,Combined,1,1,1,390
2418,2017,eBird_GBIF,1,1,1,NA
2418,2017,Combined,1,1,1,NA
2418,2018,eBird_GBIF,1,1,1,NA
2418,2018,Combined,1,1,1,NA
2418,2019,eBird_GBIF,1,1,1,NA
2418,2019,Combined,1,1,1,NA
2418,2020,China_Birdwatch,1,1,1,3300
2418,2020,Combined,1,1,1,3300
2418,2021,China_Birdwatch,2,2,2,5373.333333333334
2418,2021,Combined,2,2,2,5373.333333333334
2418,2022,China_Birdwatch,14,9,14,177.2391304347825
2418,2022,Combined,14,9,14,177.2391304347825
2418,2023,China_Birdwatch,62,24,46,172.05642633228828
2418,2023,eBird_GBIF,20,5,18,NA
2418,2023,Combined,82,29,59,172.05642633228828
2418,2024,China_Birdwatch,263,94,152,202.4424639580598
2418,2024,Combined,263,94,152,202.4424639580598
2419,2016,China_Birdwatch,2,1,2,0
2419,2016,Combined,2,1,2,0
2419,2019,eBird_GBIF,1,1,1,NA
2419,2019,Combined,1,1,1,NA
2419,2021,China_Birdwatch,21,1,21,849.065934065934
2419,2021,Combined,21,1,21,849.065934065934
2419,2022,China_Birdwatch,32,5,31,240.97356828193833
2419,2022,eBird_GBIF,6,1,6,NA
2419,2022,Combined,38,6,36,240.97356828193833
2419,2023,China_Birdwatch,152,16,129,82.44971842316974
2419,2023,eBird_GBIF,10,3,10,NA
2419,2023,Combined,162,19,138,82.44971842316974
2419,2024,China_Birdwatch,1072,58,345,97.40821190618074
2419,2024,Combined,1072,58,345,97.40821190618074
2420,2019,China_Birdwatch,1,1,1,300
2420,2019,eBird_GBIF,1,1,1,NA
2420,2019,Combined,2,2,1,300
2420,2020,eBird_GBIF,1,1,1,NA
2420,2020,Combined,1,1,1,NA
2420,2021,China_Birdwatch,6,1,6,299.5
2420,2021,eBird_GBIF,1,1,1,NA
2420,2021,Combined,7,2,7,299.5
2420,2022,China_Birdwatch,12,5,12,188.58525345622124
2420,2022,eBird_GBIF,1,1,1,NA
2420,2022,Combined,13,6,13,188.58525345622124
2420,2023,China_Birdwatch,19,7,18,334.21390374331554
2420,2023,Combined,19,7,18,334.21390374331554
2420,2024,China_Birdwatch,124,56,89,190.67985074626867
2420,2024,Combined,124,56,89,190.67985074626867
2421,2022,China_Birdwatch,4,3,3,828.7191011235955
2421,2022,Combined,4,3,3,828.7191011235955
2421,2023,China_Birdwatch,2,1,2,60
2421,2023,Combined,2,1,2,60
2421,2024,China_Birdwatch,10,7,10,62.11827956989247
2421,2024,Combined,10,7,10,62.11827956989247
2422,2012,eBird_GBIF,8,1,8,NA
2422,2012,Combined,8,1,8,NA
2422,2015,China_Birdwatch,3,2,3,345
2422,2015,Combined,3,2,3,345
2422,2016,China_Birdwatch,1,1,1,360
2422,2016,Combined,1,1,1,360
2422,2017,China_Birdwatch,1,1,1,165
2422,2017,eBird_GBIF,1,1,1,NA
2422,2017,Combined,2,2,2,165
2422,2018,eBird_GBIF,4,3,3,NA
2422,2018,Combined,4,3,3,NA
2422,2019,China_Birdwatch,1,1,1,240
2422,2019,Combined,1,1,1,240
2422,2020,China_Birdwatch,30,1,30,173.2017543859649
2422,2020,eBird_GBIF,1,1,1,NA
2422,2020,Combined,31,2,31,173.2017543859649
2422,2021,China_Birdwatch,4,2,4,154.44444444444446
2422,2021,eBird_GBIF,2,2,2,NA
2422,2021,Combined,6,4,6,154.44444444444446
2422,2022,China_Birdwatch,7,5,7,1288.0851063829784
2422,2022,eBird_GBIF,5,2,5,NA
2422,2022,Combined,12,7,12,1288.0851063829784
2422,2023,China_Birdwatch,11,11,10,332.3606557377049
2422,2023,eBird_GBIF,1,1,1,NA
2422,2023,Combined,12,12,10,332.3606557377049
2422,2024,China_Birdwatch,96,46,79,4164.929720071468
2422,2024,Combined,96,46,79,4164.929720071468
2423,2005,eBird_GBIF,1,1,1,NA
2423,2005,Combined,1,1,1,NA
2423,2008,eBird_GBIF,4,1,4,NA
2423,2008,Combined,4,1,4,NA
2423,2009,eBird_GBIF,2,1,2,NA
2423,2009,Combined,2,1,2,NA
2423,2010,China_Birdwatch,1,1,1,619
2423,2010,eBird_GBIF,8,4,6,NA
2423,2010,Combined,9,5,7,619
2423,2011,eBird_GBIF,12,4,11,NA
2423,2011,Combined,12,4,11,NA
2423,2012,eBird_GBIF,18,9,16,NA
2423,2012,Combined,18,9,16,NA
2423,2013,China_Birdwatch,2,1,2,1920
2423,2013,eBird_GBIF,6,3,6,NA
2423,2013,Combined,8,4,7,1920
2423,2014,eBird_GBIF,23,14,14,NA
2423,2014,Combined,23,14,14,NA
2423,2015,China_Birdwatch,3,3,3,2648
2423,2015,eBird_GBIF,15,11,11,NA
2423,2015,Combined,18,14,13,2648
2423,2016,China_Birdwatch,2,2,2,1837.4117647058824
2423,2016,eBird_GBIF,67,18,50,NA
2423,2016,Combined,69,20,50,1837.4117647058824
2423,2017,China_Birdwatch,5,5,3,2825.4545454545455
2423,2017,eBird_GBIF,77,22,55,NA
2423,2017,Combined,82,27,58,2825.4545454545455
2423,2018,China_Birdwatch,2,2,2,3379.3548387096776
2423,2018,eBird_GBIF,150,36,85,NA
2423,2018,Combined,152,38,86,3379.3548387096776
2423,2019,China_Birdwatch,4,4,4,2849.064516129032
2423,2019,eBird_GBIF,106,36,78,NA
2423,2019,Combined,110,40,80,2849.064516129032
2423,2020,China_Birdwatch,11,6,10,1576.1672131147543
2423,2020,eBird_GBIF,10,6,10,NA
2423,2020,Combined,21,12,20,1576.1672131147543
2423,2021,China_Birdwatch,33,19,24,5271.347487001748
2423,2021,eBird_GBIF,61,20,41,NA
2423,2021,Combined,94,39,53,5271.347487001748
2423,2022,China_Birdwatch,20,13,17,5292.333739342266
2423,2022,eBird_GBIF,7,4,6,NA
2423,2022,Combined,27,17,20,5292.333739342266
2423,2023,China_Birdwatch,173,85,89,4906.8028763482635
2423,2023,eBird_GBIF,125,19,101,NA
2423,2023,Combined,298,104,149,4906.8028763482635
2423,2024,China_Birdwatch,455,231,163,956.8335959277651
2423,2024,Combined,455,231,163,956.8335959277651
2424,2012,eBird_GBIF,3,1,3,NA
2424,2012,Combined,3,1,3,NA
2424,2019,China_Birdwatch,1,1,1,179
2424,2019,eBird_GBIF,1,1,1,NA
2424,2019,Combined,2,2,2,179
2424,2020,China_Birdwatch,2,1,2,77.5
2424,2020,eBird_GBIF,2,2,2,NA
2424,2020,Combined,4,3,4,77.5
2424,2021,China_Birdwatch,1,1,1,180
2424,2021,Combined,1,1,1,180
2424,2023,China_Birdwatch,3,3,3,2411.25
2424,2023,Combined,3,3,3,2411.25
2424,2024,China_Birdwatch,33,22,27,108.24645390070924
2424,2024,Combined,33,22,27,108.24645390070924
2425,2015,China_Birdwatch,1,1,1,0
2425,2015,Combined,1,1,1,0
2425,2017,eBird_GBIF,1,1,1,NA
2425,2017,Combined,1,1,1,NA
2425,2019,China_Birdwatch,4,2,4,795.267605633803
2425,2019,eBird_GBIF,2,2,2,NA
2425,2019,Combined,6,4,6,795.267605633803
2425,2020,eBird_GBIF,1,1,1,NA
2425,2020,Combined,1,1,1,NA
2425,2021,eBird_GBIF,2,2,2,NA
2425,2021,Combined,2,2,2,NA
2425,2022,eBird_GBIF,8,4,8,NA
2425,2022,Combined,8,4,8,NA
2425,2023,China_Birdwatch,8,7,7,130.525
2425,2023,eBird_GBIF,5,2,5,NA
2425,2023,Combined,13,9,11,130.525
2425,2024,China_Birdwatch,82,36,66,246.04908946951664
2425,2024,Combined,82,36,66,246.04908946951664
2426,2011,eBird_GBIF,1,1,1,NA
2426,2011,Combined,1,1,1,NA
2426,2012,eBird_GBIF,6,2,6,NA
2426,2012,Combined,6,2,6,NA
2426,2013,eBird_GBIF,23,2,23,NA
2426,2013,Combined,23,2,23,NA
2426,2014,eBird_GBIF,16,3,15,NA
2426,2014,Combined,16,3,15,NA
2426,2015,eBird_GBIF,6,5,4,NA
2426,2015,Combined,6,5,4,NA
2426,2016,eBird_GBIF,3,1,3,NA
2426,2016,Combined,3,1,3,NA
2426,2017,eBird_GBIF,5,3,5,NA
2426,2017,Combined,5,3,5,NA
2426,2018,eBird_GBIF,9,5,9,NA
2426,2018,Combined,9,5,9,NA
2426,2019,China_Birdwatch,5,3,5,1641968.0594059406
2426,2019,eBird_GBIF,10,7,10,NA
2426,2019,Combined,15,10,15,1641968.0594059406
2426,2020,eBird_GBIF,73,7,56,NA
2426,2020,Combined,73,7,56,NA
2426,2021,China_Birdwatch,47,8,46,78422.7149059334
2426,2021,eBird_GBIF,70,11,66,NA
2426,2021,Combined,117,19,104,78422.7149059334
2426,2022,China_Birdwatch,62,9,60,26712.478873239474
2426,2022,eBird_GBIF,198,9,149,NA
2426,2022,Combined,260,18,176,26712.478873239474
2426,2023,China_Birdwatch,146,47,115,5419.777176586348
2426,2023,eBird_GBIF,199,19,150,NA
2426,2023,Combined,345,66,215,5419.777176586348
2426,2024,China_Birdwatch,1172,226,318,255.6384844057041
2426,2024,Combined,1172,226,318,255.6384844057041
2427,2004,eBird_GBIF,1,1,1,NA
2427,2004,Combined,1,1,1,NA
2427,2008,eBird_GBIF,1,1,1,NA
2427,2008,Combined,1,1,1,NA
2427,2009,eBird_GBIF,1,1,1,NA
2427,2009,Combined,1,1,1,NA
2427,2012,eBird_GBIF,1,1,1,NA
2427,2012,Combined,1,1,1,NA
2427,2014,eBird_GBIF,4,3,4,NA
2427,2014,Combined,4,3,4,NA
2427,2015,China_Birdwatch,2,2,2,0
2427,2015,eBird_GBIF,16,3,16,NA
2427,2015,Combined,18,5,18,0
2427,2016,China_Birdwatch,1,1,1,1500
2427,2016,eBird_GBIF,25,6,25,NA
2427,2016,Combined,26,7,26,1500
2427,2017,China_Birdwatch,1,1,1,180
2427,2017,eBird_GBIF,3,2,3,NA
2427,2017,Combined,4,3,4,180
2427,2018,China_Birdwatch,1,1,1,480
2427,2018,eBird_GBIF,15,14,12,NA
2427,2018,Combined,16,15,13,480
2427,2019,China_Birdwatch,4,2,4,777.1052631578948
2427,2019,eBird_GBIF,25,18,18,NA
2427,2019,Combined,29,20,19,777.1052631578948
2427,2020,China_Birdwatch,3,2,3,230.46153846153845
2427,2020,eBird_GBIF,6,4,6,NA
2427,2020,Combined,9,6,9,230.46153846153845
2427,2021,China_Birdwatch,11,7,11,9060.891472868207
2427,2021,eBird_GBIF,39,19,28,NA
2427,2021,Combined,50,26,35,9060.891472868207
2427,2022,China_Birdwatch,5,4,5,138.80434782608694
2427,2022,eBird_GBIF,14,9,10,NA
2427,2022,Combined,19,13,15,138.80434782608694
2427,2023,China_Birdwatch,91,53,64,5823.313534566708
2427,2023,eBird_GBIF,37,27,30,NA
2427,2023,Combined,128,80,79,5823.313534566708
2427,2024,China_Birdwatch,578,232,189,272.0940755467203
2427,2024,Combined,578,232,189,272.0940755467203
2428,2001,eBird_GBIF,1,1,1,NA
2428,2001,Combined,1,1,1,NA
2428,2002,eBird_GBIF,1,1,1,NA
2428,2002,Combined,1,1,1,NA
2428,2004,eBird_GBIF,4,3,4,NA
2428,2004,Combined,4,3,4,NA
2428,2005,eBird_GBIF,1,1,1,NA
2428,2005,Combined,1,1,1,NA
2428,2006,eBird_GBIF,1,1,1,NA
2428,2006,Combined,1,1,1,NA
2428,2007,eBird_GBIF,2,2,2,NA
2428,2007,Combined,2,2,2,NA
2428,2008,China_Birdwatch,1,1,1,150
2428,2008,eBird_GBIF,4,2,4,NA
2428,2008,Combined,5,3,5,150
2428,2009,eBird_GBIF,4,4,4,NA
2428,2009,Combined,4,4,4,NA
2428,2010,China_Birdwatch,1,1,1,60
2428,2010,eBird_GBIF,2,2,2,NA
2428,2010,Combined,3,3,3,60
2428,2011,China_Birdwatch,1,1,1,120
2428,2011,eBird_GBIF,4,3,4,NA
2428,2011,Combined,5,4,5,120
2428,2012,China_Birdwatch,32,1,32,5421.717032967033
2428,2012,eBird_GBIF,26,10,19,NA
2428,2012,Combined,58,11,49,5421.717032967033
2428,2013,China_Birdwatch,10,2,10,14976.816326530612
2428,2013,eBird_GBIF,36,9,35,NA
2428,2013,Combined,46,11,43,14976.816326530612
2428,2014,China_Birdwatch,6,3,6,321.8181818181818
2428,2014,eBird_GBIF,40,12,38,NA
2428,2014,Combined,46,15,42,321.8181818181818
2428,2015,China_Birdwatch,3,2,3,68.57142857142858
2428,2015,eBird_GBIF,19,7,17,NA
2428,2015,Combined,22,9,19,68.57142857142858
2428,2016,China_Birdwatch,8,3,8,107.97029702970295
2428,2016,eBird_GBIF,36,11,35,NA
2428,2016,Combined,44,14,43,107.97029702970295
2428,2017,China_Birdwatch,7,5,7,129.8780487804878
2428,2017,eBird_GBIF,67,21,57,NA
2428,2017,Combined,74,26,63,129.8780487804878
2428,2018,China_Birdwatch,9,4,9,934.5098039215686
2428,2018,eBird_GBIF,57,29,49,NA
2428,2018,Combined,66,33,57,934.5098039215686
2428,2019,China_Birdwatch,28,9,27,1057.5381165919284
2428,2019,eBird_GBIF,123,55,88,NA
2428,2019,Combined,151,64,106,1057.5381165919284
2428,2020,China_Birdwatch,36,10,34,325399.2820512821
2428,2020,eBird_GBIF,46,16,44,NA
2428,2020,Combined,82,26,72,325399.2820512821
2428,2021,China_Birdwatch,142,29,98,2699.4828314844235
2428,2021,eBird_GBIF,176,38,135,NA
2428,2021,Combined,318,67,186,2699.4828314844235
2428,2022,China_Birdwatch,293,44,185,12677.483920704846
2428,2022,eBird_GBIF,254,33,151,NA
2428,2022,Combined,547,77,246,12677.483920704846
2428,2023,China_Birdwatch,1267,197,322,573.5483722641055
2428,2023,eBird_GBIF,351,115,201,NA
2428,2023,Combined,1618,312,338,573.5483722641055
2428,2024,China_Birdwatch,6029,830,365,373.71186834810476
2428,2024,Combined,6029,830,365,373.71186834810476
2429,2000,eBird_GBIF,2,2,2,NA
2429,2000,Combined,2,2,2,NA
2429,2010,China_Birdwatch,21,1,21,256.8911917098445
2429,2010,Combined,21,1,21,256.8911917098445
2429,2011,China_Birdwatch,53,1,53,328147.2215568861
2429,2011,Combined,53,1,53,328147.2215568861
2429,2012,China_Birdwatch,2,1,2,19560
2429,2012,eBird_GBIF,1,1,1,NA
2429,2012,Combined,3,2,3,19560
2429,2013,China_Birdwatch,3,3,3,364.6875
2429,2013,Combined,3,3,3,364.6875
2429,2014,eBird_GBIF,4,2,4,NA
2429,2014,Combined,4,2,4,NA
2429,2016,eBird_GBIF,3,3,3,NA
2429,2016,Combined,3,3,3,NA
2429,2017,eBird_GBIF,11,7,11,NA
2429,2017,Combined,11,7,11,NA
2429,2018,China_Birdwatch,2,2,2,210
2429,2018,eBird_GBIF,17,13,15,NA
2429,2018,Combined,19,15,16,210
2429,2019,China_Birdwatch,8,4,8,393.35526315789474
2429,2019,eBird_GBIF,181,8,163,NA
2429,2019,Combined,189,12,167,393.35526315789474
2429,2020,China_Birdwatch,16,3,16,154.36363636363637
2429,2020,eBird_GBIF,149,7,135,NA
2429,2020,Combined,165,10,143,154.36363636363637
2429,2021,China_Birdwatch,28,9,26,124.84482758620688
2429,2021,eBird_GBIF,50,9,48,NA
2429,2021,Combined,78,18,69,124.84482758620688
2429,2022,China_Birdwatch,257,21,175,2891.949423664982
2429,2022,eBird_GBIF,42,9,40,NA
2429,2022,Combined,299,30,190,2891.949423664982
2429,2023,China_Birdwatch,526,64,263,235.22798408488057
2429,2023,eBird_GBIF,87,26,78,NA
2429,2023,Combined,613,90,277,235.22798408488057
2429,2024,China_Birdwatch,1802,268,339,339.27247211758885
2429,2024,Combined,1802,268,339,339.27247211758885
2430,2005,eBird_GBIF,2,2,2,NA
2430,2005,Combined,2,2,2,NA
2430,2007,eBird_GBIF,4,2,4,NA
2430,2007,Combined,4,2,4,NA
2430,2008,eBird_GBIF,2,2,2,NA
2430,2008,Combined,2,2,2,NA
2430,2010,eBird_GBIF,2,1,2,NA
2430,2010,Combined,2,1,2,NA
2430,2011,China_Birdwatch,1,1,1,210
2430,2011,Combined,1,1,1,210
2430,2012,eBird_GBIF,6,1,6,NA
2430,2012,Combined,6,1,6,NA
2430,2013,eBird_GBIF,6,1,6,NA
2430,2013,Combined,6,1,6,NA
2430,2014,eBird_GBIF,6,2,6,NA
2430,2014,Combined,6,2,6,NA
2430,2015,eBird_GBIF,7,3,7,NA
2430,2015,Combined,7,3,7,NA
2430,2016,eBird_GBIF,21,6,21,NA
2430,2016,Combined,21,6,21,NA
2430,2017,China_Birdwatch,1,1,1,360
2430,2017,eBird_GBIF,13,9,12,NA
2430,2017,Combined,14,10,12,360
2430,2018,eBird_GBIF,13,7,13,NA
2430,2018,Combined,13,7,13,NA
2430,2019,China_Birdwatch,1,1,1,180
2430,2019,eBird_GBIF,19,9,18,NA
2430,2019,Combined,20,10,19,180
2430,2020,China_Birdwatch,1,1,1,60
2430,2020,eBird_GBIF,10,6,10,NA
2430,2020,Combined,11,7,11,60
2430,2021,China_Birdwatch,6,6,5,256.96078431372547
2430,2021,eBird_GBIF,93,18,61,NA
2430,2021,Combined,99,24,65,256.96078431372547
2430,2022,China_Birdwatch,38,18,30,246.93233082706763
2430,2022,eBird_GBIF,261,17,134,NA
2430,2022,Combined,299,35,147,246.93233082706763
2430,2023,China_Birdwatch,74,25,65,123.61888111888115
2430,2023,eBird_GBIF,278,28,183,NA
2430,2023,Combined,352,53,215,123.61888111888115
2430,2024,China_Birdwatch,345,196,148,179.47708211429688
2430,2024,Combined,345,196,148,179.47708211429688
2431,2005,eBird_GBIF,2,1,2,NA
2431,2005,Combined,2,1,2,NA
2431,2006,eBird_GBIF,6,2,6,NA
2431,2006,Combined,6,2,6,NA
2431,2007,eBird_GBIF,1,1,1,NA
2431,2007,Combined,1,1,1,NA
2431,2008,eBird_GBIF,1,1,1,NA
2431,2008,Combined,1,1,1,NA
2431,2009,China_Birdwatch,1,1,1,480
2431,2009,eBird_GBIF,1,1,1,NA
2431,2009,Combined,2,2,2,480
2431,2010,eBird_GBIF,1,1,1,NA
2431,2010,Combined,1,1,1,NA
2431,2014,eBird_GBIF,5,3,5,NA
2431,2014,Combined,5,3,5,NA
2431,2015,eBird_GBIF,7,3,7,NA
2431,2015,Combined,7,3,7,NA
2431,2016,eBird_GBIF,4,4,4,NA
2431,2016,Combined,4,4,4,NA
2431,2017,eBird_GBIF,4,4,4,NA
2431,2017,Combined,4,4,4,NA
2431,2018,eBird_GBIF,4,4,4,NA
2431,2018,Combined,4,4,4,NA
2431,2019,eBird_GBIF,8,7,8,NA
2431,2019,Combined,8,7,8,NA
2431,2020,China_Birdwatch,1,1,1,30
2431,2020,eBird_GBIF,10,5,10,NA
2431,2020,Combined,11,6,11,30
2431,2021,China_Birdwatch,5,4,5,72.27272727272727
2431,2021,eBird_GBIF,12,8,11,NA
2431,2021,Combined,17,12,15,72.27272727272727
2431,2022,China_Birdwatch,8,7,8,160.1910828025478
2431,2022,eBird_GBIF,15,6,14,NA
2431,2022,Combined,23,13,20,160.1910828025478
2431,2023,China_Birdwatch,8,8,8,868.8175182481751
2431,2023,eBird_GBIF,16,7,15,NA
2431,2023,Combined,24,15,21,868.8175182481751
2431,2024,China_Birdwatch,30,18,24,310.35974304068554
2431,2024,Combined,30,18,24,310.35974304068554
2456,2004,eBird_GBIF,2,1,2,NA
2456,2004,Combined,2,1,2,NA
2456,2017,eBird_GBIF,2,1,2,NA
2456,2017,Combined,2,1,2,NA
2456,2018,eBird_GBIF,2,1,2,NA
2456,2018,Combined,2,1,2,NA
2456,2019,eBird_GBIF,1,1,1,NA
2456,2019,Combined,1,1,1,NA
2456,2020,eBird_GBIF,1,1,1,NA
2456,2020,Combined,1,1,1,NA
2456,2023,China_Birdwatch,3,3,3,836.1489361702128
2456,2023,eBird_GBIF,1,1,1,NA
2456,2023,Combined,4,4,3,836.1489361702128
2456,2024,China_Birdwatch,5,3,5,199.5609756097561
2456,2024,Combined,5,3,5,199.5609756097561
2457,2017,eBird_GBIF,1,1,1,NA
2457,2017,Combined,1,1,1,NA
2457,2023,China_Birdwatch,3,1,3,312.41999999999996
2457,2023,Combined,3,1,3,312.41999999999996
2458,2004,eBird_GBIF,4,2,4,NA
2458,2004,Combined,4,2,4,NA
2458,2005,eBird_GBIF,2,1,2,NA
2458,2005,Combined,2,1,2,NA
2458,2007,eBird_GBIF,3,1,3,NA
2458,2007,Combined,3,1,3,NA
2458,2009,eBird_GBIF,1,1,1,NA
2458,2009,Combined,1,1,1,NA
2458,2010,eBird_GBIF,1,1,1,NA
2458,2010,Combined,1,1,1,NA
2458,2012,eBird_GBIF,2,1,2,NA
2458,2012,Combined,2,1,2,NA
2458,2016,eBird_GBIF,2,2,2,NA
2458,2016,Combined,2,2,2,NA
2458,2017,eBird_GBIF,3,2,3,NA
2458,2017,Combined,3,2,3,NA
2458,2019,eBird_GBIF,3,2,3,NA
2458,2019,Combined,3,2,3,NA
2458,2021,China_Birdwatch,2,1,2,120
2458,2021,eBird_GBIF,1,1,1,NA
2458,2021,Combined,3,2,3,120
2458,2022,eBird_GBIF,1,1,1,NA
2458,2022,Combined,1,1,1,NA
2458,2023,China_Birdwatch,2,1,2,50.75
2458,2023,eBird_GBIF,1,1,1,NA
2458,2023,Combined,3,2,3,50.75
2458,2024,China_Birdwatch,5,4,5,528.9454545454546
2458,2024,Combined,5,4,5,528.9454545454546
2459,2023,eBird_GBIF,2,1,2,NA
2459,2023,Combined,2,1,2,NA
2460,2023,China_Birdwatch,4,2,2,60
2460,2023,eBird_GBIF,1,1,1,NA
2460,2023,Combined,5,3,2,60
2461,2023,China_Birdwatch,1,1,1,60
2461,2023,eBird_GBIF,2,1,2,NA
2461,2023,Combined,3,2,2,60
2462,2022,China_Birdwatch,1,1,1,120
2462,2022,Combined,1,1,1,120
2462,2023,China_Birdwatch,1,1,1,60
2462,2023,Combined,1,1,1,60
2462,2024,China_Birdwatch,1,1,1,60
2462,2024,Combined,1,1,1,60
2463,2024,China_Birdwatch,1,1,1,60
2463,2024,Combined,1,1,1,60
2464,2022,eBird_GBIF,1,1,1,NA
2464,2022,Combined,1,1,1,NA
2464,2023,China_Birdwatch,3,2,3,340
2464,2023,eBird_GBIF,2,1,2,NA
2464,2023,Combined,5,3,4,340
2464,2024,China_Birdwatch,1,1,1,60
2464,2024,Combined,1,1,1,60
2466,2024,China_Birdwatch,1,1,1,240
2466,2024,Combined,1,1,1,240
2468,2020,China_Birdwatch,1,1,1,790560
2468,2020,Combined,1,1,1,790560
2468,2021,China_Birdwatch,1,1,1,120
2468,2021,Combined,1,1,1,120
2468,2023,China_Birdwatch,1,1,1,60
2468,2023,Combined,1,1,1,60
2468,2024,China_Birdwatch,2,2,2,131
2468,2024,Combined,2,2,2,131
2469,2001,eBird_GBIF,1,1,1,NA
2469,2001,Combined,1,1,1,NA
2469,2004,eBird_GBIF,1,1,1,NA
2469,2004,Combined,1,1,1,NA
2469,2006,eBird_GBIF,1,1,1,NA
2469,2006,Combined,1,1,1,NA
2469,2007,eBird_GBIF,4,4,2,NA
2469,2007,Combined,4,4,2,NA
2469,2009,eBird_GBIF,1,1,1,NA
2469,2009,Combined,1,1,1,NA
2469,2010,eBird_GBIF,2,2,2,NA
2469,2010,Combined,2,2,2,NA
2469,2011,eBird_GBIF,1,1,1,NA
2469,2011,Combined,1,1,1,NA
2469,2013,China_Birdwatch,1,1,1,30
2469,2013,Combined,1,1,1,30
2469,2014,eBird_GBIF,1,1,1,NA
2469,2014,Combined,1,1,1,NA
2469,2015,eBird_GBIF,2,2,2,NA
2469,2015,Combined,2,2,2,NA
2469,2016,eBird_GBIF,4,4,2,NA
2469,2016,Combined,4,4,2,NA
2469,2017,eBird_GBIF,2,2,1,NA
2469,2017,Combined,2,2,1,NA
2469,2018,China_Birdwatch,1,1,1,360
2469,2018,eBird_GBIF,3,2,2,NA
2469,2018,Combined,4,3,3,360
2469,2019,eBird_GBIF,3,3,3,NA
2469,2019,Combined,3,3,3,NA
2469,2021,China_Birdwatch,3,3,2,220
2469,2021,eBird_GBIF,1,1,1,NA
2469,2021,Combined,4,4,3,220
2469,2022,eBird_GBIF,1,1,1,NA
2469,2022,Combined,1,1,1,NA
2469,2023,China_Birdwatch,13,7,10,212.25714285714287
2469,2023,eBird_GBIF,2,2,2,NA
2469,2023,Combined,15,9,12,212.25714285714287
2469,2024,China_Birdwatch,10,10,10,130.7462686567164
2469,2024,Combined,10,10,10,130.7462686567164
2470,2018,eBird_GBIF,2,2,1,NA
2470,2018,Combined,2,2,1,NA
2470,2021,eBird_GBIF,2,2,1,NA
2470,2021,Combined,2,2,1,NA
2470,2023,China_Birdwatch,2,2,2,18.46153846153846
2470,2023,eBird_GBIF,1,1,1,NA
2470,2023,Combined,3,3,3,18.46153846153846
2470,2024,China_Birdwatch,2,2,2,60
2470,2024,Combined,2,2,2,60
2471,2022,China_Birdwatch,1,1,1,180
2471,2022,Combined,1,1,1,180
2472,2021,China_Birdwatch,2,2,2,10217.64705882353
2472,2021,Combined,2,2,2,10217.64705882353
2472,2022,China_Birdwatch,1,1,1,300
2472,2022,eBird_GBIF,1,1,1,NA
2472,2022,Combined,2,2,2,300
2472,2023,eBird_GBIF,1,1,1,NA
2472,2023,Combined,1,1,1,NA
2472,2024,China_Birdwatch,3,2,3,60
2472,2024,Combined,3,2,3,60
2473,2022,China_Birdwatch,1,1,1,300
2473,2022,eBird_GBIF,3,3,1,NA
2473,2022,Combined,4,4,2,300
2473,2024,China_Birdwatch,1,1,1,60
2473,2024,Combined,1,1,1,60
2474,2014,China_Birdwatch,1,1,1,11520
2474,2014,Combined,1,1,1,11520
2474,2019,eBird_GBIF,1,1,1,NA
2474,2019,Combined,1,1,1,NA
2474,2020,eBird_GBIF,1,1,1,NA
2474,2020,Combined,1,1,1,NA
2474,2021,eBird_GBIF,2,2,1,NA
2474,2021,Combined,2,2,1,NA
2474,2022,China_Birdwatch,1,1,1,300
2474,2022,eBird_GBIF,4,2,2,NA
2474,2022,Combined,5,3,3,300
2474,2023,China_Birdwatch,1,1,1,60
2474,2023,eBird_GBIF,1,1,1,NA
2474,2023,Combined,2,2,2,60
2474,2024,China_Birdwatch,5,4,4,119.5
2474,2024,Combined,5,4,4,119.5
2475,2004,eBird_GBIF,2,1,2,NA
2475,2004,Combined,2,1,2,NA
2475,2021,China_Birdwatch,3,2,3,54.32432432432432
2475,2021,Combined,3,2,3,54.32432432432432
2475,2023,China_Birdwatch,3,3,2,54604
2475,2023,Combined,3,3,2,54604
2475,2024,China_Birdwatch,13,4,9,103.51824817518249
2475,2024,Combined,13,4,9,103.51824817518249
2476,2016,China_Birdwatch,1,1,1,840
2476,2016,Combined,1,1,1,840
2476,2021,China_Birdwatch,1,1,1,224
2476,2021,Combined,1,1,1,224
2476,2022,China_Birdwatch,1,1,1,300
2476,2022,Combined,1,1,1,300
2476,2023,China_Birdwatch,1,1,1,180
2476,2023,Combined,1,1,1,180
2476,2024,China_Birdwatch,1,1,1,60
2476,2024,Combined,1,1,1,60
2477,2023,China_Birdwatch,1,1,1,60
2477,2023,Combined,1,1,1,60
2477,2024,China_Birdwatch,1,1,1,60
2477,2024,Combined,1,1,1,60
2478,2016,eBird_GBIF,1,1,1,NA
2478,2016,Combined,1,1,1,NA
2478,2017,eBird_GBIF,1,1,1,NA
2478,2017,Combined,1,1,1,NA
2478,2024,China_Birdwatch,5,4,4,156.7123287671233
2478,2024,Combined,5,4,4,156.7123287671233
2479,2016,eBird_GBIF,1,1,1,NA
2479,2016,Combined,1,1,1,NA
2479,2017,eBird_GBIF,2,1,2,NA
2479,2017,Combined,2,1,2,NA
2479,2019,eBird_GBIF,1,1,1,NA
2479,2019,Combined,1,1,1,NA
2479,2020,China_Birdwatch,1,1,1,480
2479,2020,Combined,1,1,1,480
2479,2023,eBird_GBIF,2,2,2,NA
2479,2023,Combined,2,2,2,NA
2479,2024,China_Birdwatch,9,4,7,253.24
2479,2024,Combined,9,4,7,253.24
2480,2006,eBird_GBIF,1,1,1,NA
2480,2006,Combined,1,1,1,NA
2480,2007,eBird_GBIF,1,1,1,NA
2480,2007,Combined,1,1,1,NA
2480,2016,eBird_GBIF,1,1,1,NA
2480,2016,Combined,1,1,1,NA
2480,2022,China_Birdwatch,1,1,1,2554
2480,2022,Combined,1,1,1,2554
2480,2023,China_Birdwatch,1,1,1,380
2480,2023,eBird_GBIF,1,1,1,NA
2480,2023,Combined,2,2,2,380
2480,2024,China_Birdwatch,12,8,12,136.00819672131146
2480,2024,Combined,12,8,12,136.00819672131146
2481,2007,eBird_GBIF,1,1,1,NA
2481,2007,Combined,1,1,1,NA
2481,2009,eBird_GBIF,2,1,2,NA
2481,2009,Combined,2,1,2,NA
2481,2010,eBird_GBIF,3,3,1,NA
2481,2010,Combined,3,3,1,NA
2481,2011,eBird_GBIF,2,1,2,NA
2481,2011,Combined,2,1,2,NA
2481,2012,eBird_GBIF,2,1,2,NA
2481,2012,Combined,2,1,2,NA
2481,2014,eBird_GBIF,6,4,4,NA
2481,2014,Combined,6,4,4,NA
2481,2015,eBird_GBIF,4,4,2,NA
2481,2015,Combined,4,4,2,NA
2481,2017,eBird_GBIF,11,6,2,NA
2481,2017,Combined,11,6,2,NA
2481,2018,eBird_GBIF,5,5,5,NA
2481,2018,Combined,5,5,5,NA
2481,2019,eBird_GBIF,1,1,1,NA
2481,2019,Combined,1,1,1,NA
2481,2021,eBird_GBIF,1,1,1,NA
2481,2021,Combined,1,1,1,NA
2481,2022,China_Birdwatch,2,2,2,490.95
2481,2022,eBird_GBIF,3,3,3,NA
2481,2022,Combined,5,5,4,490.95
2481,2023,China_Birdwatch,3,3,3,360
2481,2023,Combined,3,3,3,360
2481,2024,China_Birdwatch,9,9,5,175.875
2481,2024,Combined,9,9,5,175.875
2482,2000,eBird_GBIF,6,4,6,NA
2482,2000,Combined,6,4,6,NA
2482,2002,eBird_GBIF,57,14,33,NA
2482,2002,Combined,57,14,33,NA
2482,2003,eBird_GBIF,10,2,10,NA
2482,2003,Combined,10,2,10,NA
2482,2004,eBird_GBIF,16,4,10,NA
2482,2004,Combined,16,4,10,NA
2482,2005,eBird_GBIF,10,3,10,NA
2482,2005,Combined,10,3,10,NA
2482,2006,eBird_GBIF,30,9,24,NA
2482,2006,Combined,30,9,24,NA
2482,2007,eBird_GBIF,24,9,24,NA
2482,2007,Combined,24,9,24,NA
2482,2008,eBird_GBIF,5,2,5,NA
2482,2008,Combined,5,2,5,NA
2482,2009,eBird_GBIF,3,2,3,NA
2482,2009,Combined,3,2,3,NA
2482,2010,eBird_GBIF,39,12,22,NA
2482,2010,Combined,39,12,22,NA
2482,2011,eBird_GBIF,27,8,20,NA
2482,2011,Combined,27,8,20,NA
2482,2012,eBird_GBIF,34,17,24,NA
2482,2012,Combined,34,17,24,NA
2482,2013,eBird_GBIF,52,19,34,NA
2482,2013,Combined,52,19,34,NA
2482,2014,eBird_GBIF,41,17,24,NA
2482,2014,Combined,41,17,24,NA
2482,2015,eBird_GBIF,50,20,30,NA
2482,2015,Combined,50,20,30,NA
2482,2016,China_Birdwatch,2,1,2,1380
2482,2016,eBird_GBIF,79,31,51,NA
2482,2016,Combined,81,32,52,1380
2482,2017,China_Birdwatch,3,2,3,320856.52173913043
2482,2017,eBird_GBIF,79,31,37,NA
2482,2017,Combined,82,33,39,320856.52173913043
2482,2018,China_Birdwatch,14,6,14,1127.3241758241757
2482,2018,eBird_GBIF,127,40,61,NA
2482,2018,Combined,141,46,67,1127.3241758241757
2482,2019,China_Birdwatch,3,3,3,2968.235294117647
2482,2019,eBird_GBIF,158,61,64,NA
2482,2019,Combined,161,64,65,2968.235294117647
2482,2020,China_Birdwatch,25,15,21,3794.52786377709
2482,2020,eBird_GBIF,98,28,52,NA
2482,2020,Combined,123,43,59,3794.52786377709
2482,2021,China_Birdwatch,59,33,40,3227.864204883869
2482,2021,eBird_GBIF,101,37,51,NA
2482,2021,Combined,160,70,74,3227.864204883869
2482,2022,China_Birdwatch,58,23,49,1093.76049382716
2482,2022,eBird_GBIF,49,20,37,NA
2482,2022,Combined,107,43,72,1093.76049382716
2482,2023,China_Birdwatch,217,102,110,988.9435084241807
2482,2023,eBird_GBIF,106,51,57,NA
2482,2023,Combined,323,153,131,988.9435084241807
2482,2024,China_Birdwatch,511,247,184,630.7865336193172
2482,2024,Combined,511,247,184,630.7865336193172
2483,2001,eBird_GBIF,1,1,1,NA
2483,2001,Combined,1,1,1,NA
2483,2002,eBird_GBIF,18,7,15,NA
2483,2002,Combined,18,7,15,NA
2483,2003,eBird_GBIF,1,1,1,NA
2483,2003,Combined,1,1,1,NA
2483,2004,eBird_GBIF,2,2,1,NA
2483,2004,Combined,2,2,1,NA
2483,2005,eBird_GBIF,2,1,2,NA
2483,2005,Combined,2,1,2,NA
2483,2006,eBird_GBIF,5,2,5,NA
2483,2006,Combined,5,2,5,NA
2483,2007,China_Birdwatch,1,1,1,300
2483,2007,eBird_GBIF,6,4,4,NA
2483,2007,Combined,7,5,5,300
2483,2008,eBird_GBIF,3,3,3,NA
2483,2008,Combined,3,3,3,NA
2483,2009,eBird_GBIF,2,2,2,NA
2483,2009,Combined,2,2,2,NA
2483,2010,eBird_GBIF,6,4,6,NA
2483,2010,Combined,6,4,6,NA
2483,2011,China_Birdwatch,1,1,1,420
2483,2011,eBird_GBIF,5,4,4,NA
2483,2011,Combined,6,5,5,420
2483,2012,eBird_GBIF,14,7,13,NA
2483,2012,Combined,14,7,13,NA
2483,2013,eBird_GBIF,13,10,11,NA
2483,2013,Combined,13,10,11,NA
2483,2014,eBird_GBIF,19,10,17,NA
2483,2014,Combined,19,10,17,NA
2483,2015,China_Birdwatch,7,3,7,5.316455696202536
2483,2015,eBird_GBIF,59,20,53,NA
2483,2015,Combined,66,23,56,5.316455696202536
2483,2016,China_Birdwatch,2,2,2,998004.375
2483,2016,eBird_GBIF,80,19,66,NA
2483,2016,Combined,82,21,67,998004.375
2483,2017,China_Birdwatch,3,3,3,353.3333333333333
2483,2017,eBird_GBIF,68,29,60,NA
2483,2017,Combined,71,32,62,353.3333333333333
2483,2018,eBird_GBIF,46,26,44,NA
2483,2018,Combined,46,26,44,NA
2483,2019,China_Birdwatch,3,3,3,228.94736842105263
2483,2019,eBird_GBIF,77,44,53,NA
2483,2019,Combined,80,47,55,228.94736842105263
2483,2020,China_Birdwatch,19,9,18,266.91099476439797
2483,2020,eBird_GBIF,56,27,46,NA
2483,2020,Combined,75,36,57,266.91099476439797
2483,2021,China_Birdwatch,89,24,80,13020.679313459783
2483,2021,eBird_GBIF,55,27,40,NA
2483,2021,Combined,144,51,106,13020.679313459783
2483,2022,China_Birdwatch,164,32,110,10923.909628084763
2483,2022,eBird_GBIF,96,33,65,NA
2483,2022,Combined,260,65,145,10923.909628084763
2483,2023,China_Birdwatch,402,127,218,3367.615771812084
2483,2023,eBird_GBIF,112,55,83,NA
2483,2023,Combined,514,182,246,3367.615771812084
2483,2024,China_Birdwatch,1548,430,335,1423.6341537002536
2483,2024,Combined,1548,430,335,1423.6341537002536
2484,2002,eBird_GBIF,1,1,1,NA
2484,2002,Combined,1,1,1,NA
2484,2006,eBird_GBIF,1,1,1,NA
2484,2006,Combined,1,1,1,NA
2484,2007,eBird_GBIF,3,2,3,NA
2484,2007,Combined,3,2,3,NA
2484,2008,eBird_GBIF,1,1,1,NA
2484,2008,Combined,1,1,1,NA
2484,2010,eBird_GBIF,4,3,4,NA
2484,2010,Combined,4,3,4,NA
2484,2011,eBird_GBIF,1,1,1,NA
2484,2011,Combined,1,1,1,NA
2484,2013,eBird_GBIF,2,2,2,NA
2484,2013,Combined,2,2,2,NA
2484,2014,eBird_GBIF,2,2,2,NA
2484,2014,Combined,2,2,2,NA
2484,2015,China_Birdwatch,4,2,4,4.290322580645162
2484,2015,eBird_GBIF,4,4,4,NA
2484,2015,Combined,8,6,7,4.290322580645162
2484,2016,China_Birdwatch,7,2,7,13.367875647668411
2484,2016,eBird_GBIF,18,10,10,NA
2484,2016,Combined,25,12,16,13.367875647668411
2484,2017,eBird_GBIF,21,12,20,NA
2484,2017,Combined,21,12,20,NA
2484,2018,China_Birdwatch,6,4,4,16121.779310344828
2484,2018,eBird_GBIF,31,17,25,NA
2484,2018,Combined,37,21,27,16121.779310344828
2484,2019,China_Birdwatch,4,3,4,205998.0200000001
2484,2019,eBird_GBIF,23,15,21,NA
2484,2019,Combined,27,18,25,205998.0200000001
2484,2020,China_Birdwatch,6,5,6,75
2484,2020,eBird_GBIF,28,21,20,NA
2484,2020,Combined,34,26,24,75
2484,2021,China_Birdwatch,62,21,46,449.1882172915078
2484,2021,eBird_GBIF,33,23,24,NA
2484,2021,Combined,95,44,64,449.1882172915078
2484,2022,China_Birdwatch,93,36,76,413.5101827676238
2484,2022,eBird_GBIF,34,26,24,NA
2484,2022,Combined,127,62,87,413.5101827676238
2484,2023,China_Birdwatch,220,101,123,1102.6711131554766
2484,2023,eBird_GBIF,40,29,33,NA
2484,2023,Combined,260,130,129,1102.6711131554766
2484,2024,China_Birdwatch,535,254,213,233.61684875384088
2484,2024,Combined,535,254,213,233.61684875384088
2485,2018,eBird_GBIF,2,1,2,NA
2485,2018,Combined,2,1,2,NA
2485,2019,eBird_GBIF,4,1,4,NA
2485,2019,Combined,4,1,4,NA
2485,2022,China_Birdwatch,1,1,1,300
2485,2022,Combined,1,1,1,300
2485,2023,China_Birdwatch,2,2,2,60
2485,2023,Combined,2,2,2,60
2485,2024,China_Birdwatch,4,4,4,60
2485,2024,Combined,4,4,4,60
2486,2006,eBird_GBIF,1,1,1,NA
2486,2006,Combined,1,1,1,NA
2486,2011,China_Birdwatch,1,1,1,720
2486,2011,Combined,1,1,1,720
2486,2015,China_Birdwatch,1,1,1,480
2486,2015,eBird_GBIF,2,1,2,NA
2486,2015,Combined,3,2,3,480
2486,2017,eBird_GBIF,1,1,1,NA
2486,2017,Combined,1,1,1,NA
2486,2019,eBird_GBIF,2,2,2,NA
2486,2019,Combined,2,2,2,NA
2486,2021,China_Birdwatch,3,1,3,300
2486,2021,eBird_GBIF,3,1,3,NA
2486,2021,Combined,6,2,3,300
2486,2022,China_Birdwatch,4,1,4,284.3478260869565
2486,2022,eBird_GBIF,4,1,4,NA
2486,2022,Combined,8,2,4,284.3478260869565
2486,2023,China_Birdwatch,8,2,8,342.4778761061947
2486,2023,eBird_GBIF,9,1,9,NA
2486,2023,Combined,17,3,10,342.4778761061947
2486,2024,China_Birdwatch,19,10,19,129.0402298850575
2486,2024,Combined,19,10,19,129.0402298850575
2487,2017,eBird_GBIF,1,1,1,NA
2487,2017,Combined,1,1,1,NA
2487,2022,China_Birdwatch,18,2,18,581.8478260869567
2487,2022,Combined,18,2,18,581.8478260869567
2487,2023,China_Birdwatch,6,3,6,1606.1688311688315
2487,2023,Combined,6,3,6,1606.1688311688315
2487,2024,China_Birdwatch,34,12,28,594.820557491289
2487,2024,Combined,34,12,28,594.820557491289
2488,2010,eBird_GBIF,1,1,1,NA
2488,2010,Combined,1,1,1,NA
2488,2017,eBird_GBIF,1,1,1,NA
2488,2017,Combined,1,1,1,NA
2488,2018,eBird_GBIF,2,1,2,NA
2488,2018,Combined,2,1,2,NA
2488,2021,China_Birdwatch,1,1,1,246
2488,2021,eBird_GBIF,1,1,1,NA
2488,2021,Combined,2,2,2,246
2488,2022,China_Birdwatch,9,3,9,60
2488,2022,Combined,9,3,9,60
2488,2023,China_Birdwatch,37,6,36,125.7985257985259
2488,2023,Combined,37,6,36,125.7985257985259
2488,2024,China_Birdwatch,72,18,60,2831.8703703703654
2488,2024,Combined,72,18,60,2831.8703703703654
2489,2002,eBird_GBIF,2,2,2,NA
2489,2002,Combined,2,2,2,NA
2489,2010,eBird_GBIF,1,1,1,NA
2489,2010,Combined,1,1,1,NA
2489,2015,eBird_GBIF,1,1,1,NA
2489,2015,Combined,1,1,1,NA
2489,2017,eBird_GBIF,7,7,5,NA
2489,2017,Combined,7,7,5,NA
2489,2018,eBird_GBIF,1,1,1,NA
2489,2018,Combined,1,1,1,NA
2489,2019,eBird_GBIF,5,4,3,NA
2489,2019,Combined,5,4,3,NA
2489,2020,eBird_GBIF,2,1,2,NA
2489,2020,Combined,2,1,2,NA
2489,2021,China_Birdwatch,1,1,1,2880
2489,2021,eBird_GBIF,4,1,4,NA
2489,2021,Combined,5,2,5,2880
2489,2022,China_Birdwatch,5,2,5,70.93023255813954
2489,2022,Combined,5,2,5,70.93023255813954
2489,2023,China_Birdwatch,6,2,5,77.76315789473685
2489,2023,eBird_GBIF,1,1,1,NA
2489,2023,Combined,7,3,6,77.76315789473685
2489,2024,China_Birdwatch,25,15,21,91.55102040816327
2489,2024,Combined,25,15,21,91.55102040816327
2490,2000,eBird_GBIF,2,2,2,NA
2490,2000,Combined,2,2,2,NA
2490,2001,eBird_GBIF,1,1,1,NA
2490,2001,Combined,1,1,1,NA
2490,2002,eBird_GBIF,6,5,3,NA
2490,2002,Combined,6,5,3,NA
2490,2003,eBird_GBIF,1,1,1,NA
2490,2003,Combined,1,1,1,NA
2490,2006,eBird_GBIF,4,2,2,NA
2490,2006,Combined,4,2,2,NA
2490,2007,eBird_GBIF,4,3,4,NA
2490,2007,Combined,4,3,4,NA
2490,2008,eBird_GBIF,1,1,1,NA
2490,2008,Combined,1,1,1,NA
2490,2009,eBird_GBIF,3,2,3,NA
2490,2009,Combined,3,2,3,NA
2490,2010,eBird_GBIF,1,1,1,NA
2490,2010,Combined,1,1,1,NA
2490,2011,eBird_GBIF,3,3,3,NA
2490,2011,Combined,3,3,3,NA
2490,2012,China_Birdwatch,1,1,1,1440
2490,2012,eBird_GBIF,1,1,1,NA
2490,2012,Combined,2,2,2,1440
2490,2013,eBird_GBIF,4,4,3,NA
2490,2013,Combined,4,4,3,NA
2490,2015,China_Birdwatch,1,1,1,3228480
2490,2015,eBird_GBIF,9,8,9,NA
2490,2015,Combined,10,9,10,3228480
2490,2016,eBird_GBIF,4,4,4,NA
2490,2016,Combined,4,4,4,NA
2490,2017,China_Birdwatch,2,2,2,1805.5882352941176
2490,2017,eBird_GBIF,22,14,19,NA
2490,2017,Combined,24,16,21,1805.5882352941176
2490,2018,China_Birdwatch,1,1,1,3360
2490,2018,eBird_GBIF,13,7,13,NA
2490,2018,Combined,14,8,14,3360
2490,2019,China_Birdwatch,4,4,3,4202.6225490196075
2490,2019,eBird_GBIF,11,11,7,NA
2490,2019,Combined,15,15,10,4202.6225490196075
2490,2020,China_Birdwatch,9,7,7,13568.378839590441
2490,2020,eBird_GBIF,19,5,17,NA
2490,2020,Combined,28,12,21,13568.378839590441
2490,2021,China_Birdwatch,23,10,20,2886.5334370139967
2490,2021,eBird_GBIF,21,8,21,NA
2490,2021,Combined,44,18,36,2886.5334370139967
2490,2022,China_Birdwatch,30,14,28,1595.573355817875
2490,2022,eBird_GBIF,19,2,19,NA
2490,2022,Combined,49,16,45,1595.573355817875
2490,2023,China_Birdwatch,277,62,174,1574.952896914976
2490,2023,eBird_GBIF,48,15,34,NA
2490,2023,Combined,325,77,187,1574.952896914976
2490,2024,China_Birdwatch,692,211,239,1326.8022095285774
2490,2024,Combined,692,211,239,1326.8022095285774
2491,2000,eBird_GBIF,1,1,1,NA
2491,2000,Combined,1,1,1,NA
2491,2002,eBird_GBIF,1,1,1,NA
2491,2002,Combined,1,1,1,NA
2491,2005,eBird_GBIF,1,1,1,NA
2491,2005,Combined,1,1,1,NA
2491,2007,eBird_GBIF,8,5,4,NA
2491,2007,Combined,8,5,4,NA
2491,2008,eBird_GBIF,2,2,1,NA
2491,2008,Combined,2,2,1,NA
2491,2010,eBird_GBIF,2,2,2,NA
2491,2010,Combined,2,2,2,NA
2491,2011,eBird_GBIF,4,3,4,NA
2491,2011,Combined,4,3,4,NA
2491,2012,eBird_GBIF,2,2,2,NA
2491,2012,Combined,2,2,2,NA
2491,2013,China_Birdwatch,1,1,1,11
2491,2013,eBird_GBIF,5,5,4,NA
2491,2013,Combined,6,6,5,11
2491,2014,eBird_GBIF,1,1,1,NA
2491,2014,Combined,1,1,1,NA
2491,2015,China_Birdwatch,1,1,1,1440
2491,2015,eBird_GBIF,8,6,8,NA
2491,2015,Combined,9,7,9,1440
2491,2016,eBird_GBIF,5,5,5,NA
2491,2016,Combined,5,5,5,NA
2491,2017,China_Birdwatch,3,2,3,2404.8529411764707
2491,2017,eBird_GBIF,19,18,15,NA
2491,2017,Combined,22,20,18,2404.8529411764707
2491,2018,China_Birdwatch,2,2,1,9406.423357664233
2491,2018,eBird_GBIF,5,4,5,NA
2491,2018,Combined,7,6,5,9406.423357664233
2491,2019,China_Birdwatch,4,3,4,3133.846153846154
2491,2019,eBird_GBIF,14,8,10,NA
2491,2019,Combined,18,11,13,3133.846153846154
2491,2020,China_Birdwatch,2,2,2,698.7209302325581
2491,2020,eBird_GBIF,2,2,2,NA
2491,2020,Combined,4,4,4,698.7209302325581
2491,2021,China_Birdwatch,23,13,14,1276.796875
2491,2021,eBird_GBIF,9,6,7,NA
2491,2021,Combined,32,19,17,1276.796875
2491,2022,China_Birdwatch,62,12,45,537.2723535457354
2491,2022,eBird_GBIF,23,6,19,NA
2491,2022,Combined,85,18,52,537.2723535457354
2491,2023,China_Birdwatch,137,46,84,1411.7772870662468
2491,2023,eBird_GBIF,28,11,23,NA
2491,2023,Combined,165,57,93,1411.7772870662468
2491,2024,China_Birdwatch,396,169,161,2138.437362435818
2491,2024,Combined,396,169,161,2138.437362435818
2492,2011,eBird_GBIF,1,1,1,NA
2492,2011,Combined,1,1,1,NA
2492,2012,eBird_GBIF,2,1,2,NA
2492,2012,Combined,2,1,2,NA
2492,2016,eBird_GBIF,1,1,1,NA
2492,2016,Combined,1,1,1,NA
2492,2018,eBird_GBIF,2,1,2,NA
2492,2018,Combined,2,1,2,NA
2492,2020,eBird_GBIF,3,1,3,NA
2492,2020,Combined,3,1,3,NA
2492,2021,China_Birdwatch,2,2,2,355.71428571428567
2492,2021,eBird_GBIF,3,1,3,NA
2492,2021,Combined,5,3,5,355.71428571428567
2492,2022,China_Birdwatch,8,3,8,102.60663507109004
2492,2022,Combined,8,3,8,102.60663507109004
2492,2023,China_Birdwatch,22,12,20,15354.702460850103
2492,2023,eBird_GBIF,4,2,4,NA
2492,2023,Combined,26,14,24,15354.702460850103
2492,2024,China_Birdwatch,96,31,74,2356.405104408354
2492,2024,Combined,96,31,74,2356.405104408354
2493,2011,China_Birdwatch,1,1,1,1650
2493,2011,Combined,1,1,1,1650
2493,2012,China_Birdwatch,1,1,1,1440
2493,2012,eBird_GBIF,1,1,1,NA
2493,2012,Combined,2,2,1,1440
2493,2013,eBird_GBIF,3,1,3,NA
2493,2013,Combined,3,1,3,NA
2493,2014,eBird_GBIF,1,1,1,NA
2493,2014,Combined,1,1,1,NA
2493,2015,China_Birdwatch,1,1,1,1440
2493,2015,Combined,1,1,1,1440
2493,2016,China_Birdwatch,3,2,2,179.25925925925927
2493,2016,eBird_GBIF,39,21,4,NA
2493,2016,Combined,42,23,4,179.25925925925927
2493,2018,China_Birdwatch,2,2,2,491.05263157894734
2493,2018,eBird_GBIF,2,2,2,NA
2493,2018,Combined,4,4,4,491.05263157894734
2493,2020,China_Birdwatch,1,1,1,660
2493,2020,eBird_GBIF,2,2,2,NA
2493,2020,Combined,3,3,2,660
2493,2021,eBird_GBIF,2,1,2,NA
2493,2021,Combined,2,1,2,NA
2493,2022,China_Birdwatch,6,4,5,783.0689655172416
2493,2022,Combined,6,4,5,783.0689655172416
2493,2023,China_Birdwatch,74,50,34,437.47584745762737
2493,2023,eBird_GBIF,10,8,6,NA
2493,2023,Combined,84,58,39,437.47584745762737
2493,2024,China_Birdwatch,101,60,50,634.4177687351646
2493,2024,Combined,101,60,50,634.4177687351646
2494,2011,eBird_GBIF,1,1,1,NA
2494,2011,Combined,1,1,1,NA
2494,2013,eBird_GBIF,1,1,1,NA
2494,2013,Combined,1,1,1,NA
2494,2014,China_Birdwatch,1,1,1,124
2494,2014,Combined,1,1,1,124
2494,2016,China_Birdwatch,1,1,1,30
2494,2016,eBird_GBIF,3,3,2,NA
2494,2016,Combined,4,4,3,30
2494,2018,eBird_GBIF,1,1,1,NA
2494,2018,Combined,1,1,1,NA
2494,2019,eBird_GBIF,5,4,4,NA
2494,2019,Combined,5,4,4,NA
2494,2021,China_Birdwatch,4,4,2,2259.9101123595506
2494,2021,eBird_GBIF,3,3,3,NA
2494,2021,Combined,7,7,4,2259.9101123595506
2494,2022,China_Birdwatch,14,4,14,201.79951690821255
2494,2022,eBird_GBIF,3,3,3,NA
2494,2022,Combined,17,7,17,201.79951690821255
2494,2023,China_Birdwatch,35,26,21,229.42907385697544
2494,2023,eBird_GBIF,12,10,8,NA
2494,2023,Combined,47,36,28,229.42907385697544
2494,2024,China_Birdwatch,66,43,45,135.08768115942016
2494,2024,Combined,66,43,45,135.08768115942016
2495,2009,China_Birdwatch,1,1,1,300
2495,2009,Combined,1,1,1,300
2495,2010,China_Birdwatch,2,1,2,210
2495,2010,Combined,2,1,2,210
2495,2011,eBird_GBIF,3,1,3,NA
2495,2011,Combined,3,1,3,NA
2495,2012,eBird_GBIF,1,1,1,NA
2495,2012,Combined,1,1,1,NA
2495,2013,eBird_GBIF,1,1,1,NA
2495,2013,Combined,1,1,1,NA
2495,2015,China_Birdwatch,5,2,5,242.12389380530982
2495,2015,Combined,5,2,5,242.12389380530982
2495,2016,China_Birdwatch,2,2,2,172.04819277108433
2495,2016,eBird_GBIF,5,5,2,NA
2495,2016,Combined,7,7,4,172.04819277108433
2495,2017,China_Birdwatch,6,5,5,666.4890510948904
2495,2017,eBird_GBIF,5,4,5,NA
2495,2017,Combined,11,9,8,666.4890510948904
2495,2018,eBird_GBIF,13,8,12,NA
2495,2018,Combined,13,8,12,NA
2495,2019,China_Birdwatch,6,5,6,250.8433734939759
2495,2019,eBird_GBIF,14,8,14,NA
2495,2019,Combined,20,13,20,250.8433734939759
2495,2020,China_Birdwatch,21,13,19,711.627906976744
2495,2020,eBird_GBIF,17,10,14,NA
2495,2020,Combined,38,23,27,711.627906976744
2495,2021,China_Birdwatch,37,17,32,841.3358681875792
2495,2021,eBird_GBIF,41,17,34,NA
2495,2021,Combined,78,34,55,841.3358681875792
2495,2022,China_Birdwatch,139,31,97,1467.1490262489347
2495,2022,eBird_GBIF,35,8,30,NA
2495,2022,Combined,174,39,108,1467.1490262489347
2495,2023,China_Birdwatch,241,81,122,213.33973221487304
2495,2023,eBird_GBIF,46,16,43,NA
2495,2023,Combined,287,97,140,213.33973221487304
2495,2024,China_Birdwatch,871,253,239,276.3725364963506
2495,2024,Combined,871,253,239,276.3725364963506
2496,2012,China_Birdwatch,1,1,1,600
2496,2012,Combined,1,1,1,600
2496,2013,eBird_GBIF,4,3,4,NA
2496,2013,Combined,4,3,4,NA
2496,2014,China_Birdwatch,1,1,1,7200
2496,2014,eBird_GBIF,1,1,1,NA
2496,2014,Combined,2,2,2,7200
2496,2015,China_Birdwatch,3,1,3,5365.161290322581
2496,2015,eBird_GBIF,1,1,1,NA
2496,2015,Combined,4,2,4,5365.161290322581
2496,2016,China_Birdwatch,1,1,1,150
2496,2016,Combined,1,1,1,150
2496,2018,China_Birdwatch,1,1,1,5580
2496,2018,Combined,1,1,1,5580
2496,2019,China_Birdwatch,1,1,1,362
2496,2019,eBird_GBIF,3,3,3,NA
2496,2019,Combined,4,4,4,362
2496,2020,eBird_GBIF,2,2,2,NA
2496,2020,Combined,2,2,2,NA
2496,2021,China_Birdwatch,6,5,5,377.0454545454545
2496,2021,eBird_GBIF,2,2,2,NA
2496,2021,Combined,8,7,7,377.0454545454545
2496,2022,China_Birdwatch,15,10,14,803.7668393782384
2496,2022,eBird_GBIF,8,6,8,NA
2496,2022,Combined,23,16,19,803.7668393782384
2496,2023,China_Birdwatch,39,30,25,66429.79497907947
2496,2023,eBird_GBIF,14,10,11,NA
2496,2023,Combined,53,40,32,66429.79497907947
2496,2024,China_Birdwatch,104,68,71,381.06329670329666
2496,2024,Combined,104,68,71,381.06329670329666
2497,2014,China_Birdwatch,2,2,2,203838.925
2497,2014,Combined,2,2,2,203838.925
2497,2017,eBird_GBIF,3,1,3,NA
2497,2017,Combined,3,1,3,NA
2497,2019,eBird_GBIF,1,1,1,NA
2497,2019,Combined,1,1,1,NA
2497,2020,eBird_GBIF,6,4,4,NA
2497,2020,Combined,6,4,4,NA
2497,2021,China_Birdwatch,8,3,8,123.47234042553191
2497,2021,eBird_GBIF,5,3,5,NA
2497,2021,Combined,13,6,12,123.47234042553191
2497,2022,China_Birdwatch,3,2,3,691.6578947368421
2497,2022,eBird_GBIF,8,4,8,NA
2497,2022,Combined,11,6,11,691.6578947368421
2497,2023,China_Birdwatch,9,5,9,109.52898550724635
2497,2023,eBird_GBIF,22,7,19,NA
2497,2023,Combined,31,12,24,109.52898550724635
2497,2024,China_Birdwatch,77,47,52,457.06696100073395
2497,2024,Combined,77,47,52,457.06696100073395
2498,2018,eBird_GBIF,3,2,3,NA
2498,2018,Combined,3,2,3,NA
2498,2019,eBird_GBIF,11,2,11,NA
2498,2019,Combined,11,2,11,NA
2498,2020,China_Birdwatch,1,1,1,90
2498,2020,eBird_GBIF,16,4,15,NA
2498,2020,Combined,17,5,16,90
2498,2021,China_Birdwatch,3,3,3,61.31578947368421
2498,2021,eBird_GBIF,12,4,12,NA
2498,2021,Combined,15,7,15,61.31578947368421
2498,2022,China_Birdwatch,2,1,2,1085.581395348837
2498,2022,eBird_GBIF,23,5,20,NA
2498,2022,Combined,25,6,22,1085.581395348837
2498,2023,China_Birdwatch,5,5,5,164.07291666666669
2498,2023,eBird_GBIF,17,7,15,NA
2498,2023,Combined,22,12,19,164.07291666666669
2498,2024,China_Birdwatch,147,61,85,402.8614040373612
2498,2024,Combined,147,61,85,402.8614040373612
2499,2007,China_Birdwatch,1,1,1,4380
2499,2007,Combined,1,1,1,4380
2499,2011,China_Birdwatch,1,1,1,12
2499,2011,eBird_GBIF,1,1,1,NA
2499,2011,Combined,2,2,2,12
2499,2012,eBird_GBIF,2,1,2,NA
2499,2012,Combined,2,1,2,NA
2499,2016,China_Birdwatch,1,1,1,118
2499,2016,eBird_GBIF,8,4,2,NA
2499,2016,Combined,9,5,3,118
2499,2017,eBird_GBIF,1,1,1,NA
2499,2017,Combined,1,1,1,NA
2499,2018,eBird_GBIF,6,1,6,NA
2499,2018,Combined,6,1,6,NA
2499,2019,eBird_GBIF,5,1,5,NA
2499,2019,Combined,5,1,5,NA
2499,2020,eBird_GBIF,2,2,2,NA
2499,2020,Combined,2,2,2,NA
2499,2021,China_Birdwatch,3,3,3,1018.6875
2499,2021,eBird_GBIF,1,1,1,NA
2499,2021,Combined,4,4,3,1018.6875
2499,2022,China_Birdwatch,6,3,6,726.7962962962962
2499,2022,eBird_GBIF,1,1,1,NA
2499,2022,Combined,7,4,7,726.7962962962962
2499,2023,China_Birdwatch,28,8,28,10079.677672955964
2499,2023,eBird_GBIF,16,8,16,NA
2499,2023,Combined,44,16,40,10079.677672955964
2499,2024,China_Birdwatch,194,60,129,20493.62642300778
2499,2024,Combined,194,60,129,20493.62642300778
2500,2011,eBird_GBIF,1,1,1,NA
2500,2011,Combined,1,1,1,NA
2500,2013,China_Birdwatch,1,1,1,300
2500,2013,eBird_GBIF,1,1,1,NA
2500,2013,Combined,2,2,2,300
2500,2014,China_Birdwatch,1,1,1,360
2500,2014,eBird_GBIF,4,2,4,NA
2500,2014,Combined,5,3,5,360
2500,2015,China_Birdwatch,1,1,1,2040
2500,2015,eBird_GBIF,2,1,2,NA
2500,2015,Combined,3,2,3,2040
2500,2017,eBird_GBIF,2,1,2,NA
2500,2017,Combined,2,1,2,NA
2500,2018,China_Birdwatch,1,1,1,411
2500,2018,eBird_GBIF,2,2,1,NA
2500,2018,Combined,3,3,2,411
2500,2019,China_Birdwatch,2,2,2,54.1
2500,2019,eBird_GBIF,4,4,4,NA
2500,2019,Combined,6,6,6,54.1
2500,2020,China_Birdwatch,1,1,1,420
2500,2020,eBird_GBIF,3,2,3,NA
2500,2020,Combined,4,3,4,420
2500,2021,China_Birdwatch,7,6,6,2702.4197530864203
2500,2021,eBird_GBIF,8,6,7,NA
2500,2021,Combined,15,12,13,2702.4197530864203
2500,2022,China_Birdwatch,13,4,13,933.2012987012987
2500,2022,eBird_GBIF,8,5,8,NA
2500,2022,Combined,21,9,17,933.2012987012987
2500,2023,China_Birdwatch,56,31,40,270.6742160278746
2500,2023,eBird_GBIF,28,17,24,NA
2500,2023,Combined,84,48,55,270.6742160278746
2500,2024,China_Birdwatch,311,153,127,222.91103362951335
2500,2024,Combined,311,153,127,222.91103362951335
2501,2006,eBird_GBIF,2,2,2,NA
2501,2006,Combined,2,2,2,NA
2501,2009,eBird_GBIF,5,4,3,NA
2501,2009,Combined,5,4,3,NA
2501,2010,China_Birdwatch,9,1,9,445.5944055944056
2501,2010,eBird_GBIF,4,3,4,NA
2501,2010,Combined,13,4,13,445.5944055944056
2501,2011,China_Birdwatch,4,1,4,331.5217391304348
2501,2011,eBird_GBIF,1,1,1,NA
2501,2011,Combined,5,2,5,331.5217391304348
2501,2012,eBird_GBIF,1,1,1,NA
2501,2012,Combined,1,1,1,NA
2501,2013,China_Birdwatch,1,1,1,60
2501,2013,eBird_GBIF,18,4,18,NA
2501,2013,Combined,19,5,18,60
2501,2014,China_Birdwatch,1,1,1,1980
2501,2014,eBird_GBIF,24,5,24,NA
2501,2014,Combined,25,6,25,1980
2501,2015,eBird_GBIF,5,4,5,NA
2501,2015,Combined,5,4,5,NA
2501,2016,China_Birdwatch,1,1,1,240
2501,2016,eBird_GBIF,7,5,6,NA
2501,2016,Combined,8,6,7,240
2501,2017,eBird_GBIF,12,8,11,NA
2501,2017,Combined,12,8,11,NA
2501,2018,China_Birdwatch,2,2,2,47982.77083333336
2501,2018,eBird_GBIF,28,16,26,NA
2501,2018,Combined,30,18,27,47982.77083333336
2501,2019,eBird_GBIF,106,25,81,NA
2501,2019,Combined,106,25,81,NA
2501,2020,China_Birdwatch,7,5,7,433.3495145631068
2501,2020,eBird_GBIF,171,20,123,NA
2501,2020,Combined,178,25,128,433.3495145631068
2501,2021,China_Birdwatch,12,8,12,897.6752767527674
2501,2021,eBird_GBIF,117,23,96,NA
2501,2021,Combined,129,31,104,897.6752767527674
2501,2022,China_Birdwatch,95,18,80,1946.2945326278684
2501,2022,eBird_GBIF,51,20,42,NA
2501,2022,Combined,146,38,103,1946.2945326278684
2501,2023,China_Birdwatch,264,58,167,259.10256410256443
2501,2023,eBird_GBIF,123,35,110,NA
2501,2023,Combined,387,93,215,259.10256410256443
2501,2024,China_Birdwatch,1192,251,306,375.38051724138217
2501,2024,Combined,1192,251,306,375.38051724138217
2502,2002,eBird_GBIF,6,3,2,NA
2502,2002,Combined,6,3,2,NA
2502,2003,eBird_GBIF,2,1,2,NA
2502,2003,Combined,2,1,2,NA
2502,2004,eBird_GBIF,3,3,3,NA
2502,2004,Combined,3,3,3,NA
2502,2005,eBird_GBIF,4,2,4,NA
2502,2005,Combined,4,2,4,NA
2502,2006,eBird_GBIF,3,2,3,NA
2502,2006,Combined,3,2,3,NA
2502,2007,China_Birdwatch,1,1,1,480
2502,2007,eBird_GBIF,4,4,4,NA
2502,2007,Combined,5,5,5,480
2502,2008,eBird_GBIF,3,3,3,NA
2502,2008,Combined,3,3,3,NA
2502,2009,eBird_GBIF,10,7,6,NA
2502,2009,Combined,10,7,6,NA
2502,2010,China_Birdwatch,1,1,1,114
2502,2010,eBird_GBIF,8,8,8,NA
2502,2010,Combined,9,9,9,114
2502,2011,China_Birdwatch,3,1,3,302.7586206896552
2502,2011,eBird_GBIF,9,8,9,NA
2502,2011,Combined,12,9,12,302.7586206896552
2502,2012,China_Birdwatch,5,1,5,0
2502,2012,eBird_GBIF,18,15,17,NA
2502,2012,Combined,23,16,22,0
2502,2013,eBird_GBIF,16,12,16,NA
2502,2013,Combined,16,12,16,NA
2502,2014,China_Birdwatch,7,2,7,0
2502,2014,eBird_GBIF,22,11,21,NA
2502,2014,Combined,29,13,26,0
2502,2015,China_Birdwatch,5,5,5,1096.8644067796608
2502,2015,eBird_GBIF,31,19,31,NA
2502,2015,Combined,36,24,36,1096.8644067796608
2502,2016,China_Birdwatch,2,2,2,0
2502,2016,eBird_GBIF,44,27,37,NA
2502,2016,Combined,46,29,39,0
2502,2017,China_Birdwatch,2,2,2,33.333333333333336
2502,2017,eBird_GBIF,98,41,84,NA
2502,2017,Combined,100,43,86,33.333333333333336
2502,2018,China_Birdwatch,5,4,5,103.2
2502,2018,eBird_GBIF,185,61,136,NA
2502,2018,Combined,190,65,138,103.2
2502,2019,China_Birdwatch,12,9,12,664.4172661870502
2502,2019,eBird_GBIF,241,55,191,NA
2502,2019,Combined,253,64,195,664.4172661870502
2502,2020,China_Birdwatch,52,13,49,40166.75716234653
2502,2020,eBird_GBIF,336,56,224,NA
2502,2020,Combined,388,69,239,40166.75716234653
2502,2021,China_Birdwatch,88,36,71,226.9656019656019
2502,2021,eBird_GBIF,556,81,266,NA
2502,2021,Combined,644,117,278,226.9656019656019
2502,2022,China_Birdwatch,223,59,146,1551.3098222092583
2502,2022,eBird_GBIF,601,67,280,NA
2502,2022,Combined,824,126,305,1551.3098222092583
2502,2023,China_Birdwatch,750,192,295,423.2363373145013
2502,2023,eBird_GBIF,1272,158,343,NA
2502,2023,Combined,2022,350,359,423.2363373145013
2502,2024,China_Birdwatch,3171,734,358,598.6630042032265
2502,2024,Combined,3171,734,358,598.6630042032265
2503,2000,eBird_GBIF,1,1,1,NA
2503,2000,Combined,1,1,1,NA
2503,2001,eBird_GBIF,4,2,4,NA
2503,2001,Combined,4,2,4,NA
2503,2002,eBird_GBIF,12,6,12,NA
2503,2002,Combined,12,6,12,NA
2503,2003,eBird_GBIF,12,5,12,NA
2503,2003,Combined,12,5,12,NA
2503,2004,eBird_GBIF,49,9,48,NA
2503,2004,Combined,49,9,48,NA
2503,2005,eBird_GBIF,135,3,132,NA
2503,2005,Combined,135,3,132,NA
2503,2006,China_Birdwatch,1,1,1,30
2503,2006,eBird_GBIF,139,18,133,NA
2503,2006,Combined,140,19,134,30
2503,2007,China_Birdwatch,22,1,22,515906.82164328697
2503,2007,eBird_GBIF,14,12,14,NA
2503,2007,Combined,36,13,34,515906.82164328697
2503,2008,China_Birdwatch,9,1,9,167.33944954128438
2503,2008,eBird_GBIF,24,17,24,NA
2503,2008,Combined,33,18,32,167.33944954128438
2503,2009,China_Birdwatch,3,1,3,97.05882352941177
2503,2009,eBird_GBIF,25,16,25,NA
2503,2009,Combined,28,17,27,97.05882352941177
2503,2010,China_Birdwatch,2,1,2,10
2503,2010,eBird_GBIF,30,16,30,NA
2503,2010,Combined,32,17,32,10
2503,2011,China_Birdwatch,3,2,3,36.111111111111114
2503,2011,eBird_GBIF,31,23,29,NA
2503,2011,Combined,34,25,32,36.111111111111114
2503,2012,China_Birdwatch,4,3,4,567.6666666666666
2503,2012,eBird_GBIF,79,36,69,NA
2503,2012,Combined,83,39,73,567.6666666666666
2503,2013,eBird_GBIF,76,35,63,NA
2503,2013,Combined,76,35,63,NA
2503,2014,China_Birdwatch,7,1,7,0
2503,2014,eBird_GBIF,61,34,51,NA
2503,2014,Combined,68,35,57,0
2503,2015,China_Birdwatch,10,6,10,22.773722627737218
2503,2015,eBird_GBIF,136,63,102,NA
2503,2015,Combined,146,69,108,22.773722627737218
2503,2016,China_Birdwatch,38,7,37,138.0666666666667
2503,2016,eBird_GBIF,253,94,157,NA
2503,2016,Combined,291,101,174,138.0666666666667
2503,2017,China_Birdwatch,19,4,19,2257.631578947372
2503,2017,eBird_GBIF,445,121,217,NA
2503,2017,Combined,464,125,222,2257.631578947372
2503,2018,China_Birdwatch,65,15,61,303.8788659793815
2503,2018,eBird_GBIF,734,162,299,NA
2503,2018,Combined,799,177,302,303.8788659793815
2503,2019,China_Birdwatch,54,12,47,320.33614627285533
2503,2019,eBird_GBIF,1067,174,338,NA
2503,2019,Combined,1121,186,339,320.33614627285533
2503,2020,China_Birdwatch,233,29,150,10679.04042737515
2503,2020,eBird_GBIF,625,95,263,NA
2503,2020,Combined,858,124,278,10679.04042737515
2503,2021,China_Birdwatch,513,68,249,4752.732123298417
2503,2021,eBird_GBIF,877,136,303,NA
2503,2021,Combined,1390,204,337,4752.732123298417
2503,2022,China_Birdwatch,1117,121,326,9174.21900633552
2503,2022,eBird_GBIF,740,96,284,NA
2503,2022,Combined,1857,217,351,9174.21900633552
2503,2023,China_Birdwatch,2403,328,346,2585.417937655668
2503,2023,eBird_GBIF,1626,287,344,NA
2503,2023,Combined,4029,615,364,2585.417937655668
2503,2024,China_Birdwatch,4122,828,133,1012.3159907354584
2503,2024,Combined,4122,828,133,1012.3159907354584
2530,2001,eBird_GBIF,1,1,1,NA
2530,2001,Combined,1,1,1,NA
2530,2004,eBird_GBIF,5,1,5,NA
2530,2004,Combined,5,1,5,NA
2530,2006,eBird_GBIF,1,1,1,NA
2530,2006,Combined,1,1,1,NA
2530,2009,eBird_GBIF,1,1,1,NA
2530,2009,Combined,1,1,1,NA
2530,2010,eBird_GBIF,1,1,1,NA
2530,2010,Combined,1,1,1,NA
2530,2014,eBird_GBIF,1,1,1,NA
2530,2014,Combined,1,1,1,NA
2530,2016,eBird_GBIF,1,1,1,NA
2530,2016,Combined,1,1,1,NA
2530,2017,eBird_GBIF,1,1,1,NA
2530,2017,Combined,1,1,1,NA
2530,2018,eBird_GBIF,1,1,1,NA
2530,2018,Combined,1,1,1,NA
2530,2019,eBird_GBIF,1,1,1,NA
2530,2019,Combined,1,1,1,NA
2530,2020,eBird_GBIF,1,1,1,NA
2530,2020,Combined,1,1,1,NA
2530,2021,eBird_GBIF,1,1,1,NA
2530,2021,Combined,1,1,1,NA
2530,2022,China_Birdwatch,1,1,1,60
2530,2022,Combined,1,1,1,60
2530,2023,China_Birdwatch,9,5,6,828.88
2530,2023,Combined,9,5,6,828.88
2530,2024,China_Birdwatch,5,2,5,116.44897959183673
2530,2024,Combined,5,2,5,116.44897959183673
2531,2004,eBird_GBIF,1,1,1,NA
2531,2004,Combined,1,1,1,NA
2531,2010,eBird_GBIF,1,1,1,NA
2531,2010,Combined,1,1,1,NA
2532,2005,eBird_GBIF,1,1,1,NA
2532,2005,Combined,1,1,1,NA
2532,2017,eBird_GBIF,1,1,1,NA
2532,2017,Combined,1,1,1,NA
2532,2019,eBird_GBIF,1,1,1,NA
2532,2019,Combined,1,1,1,NA
2532,2024,China_Birdwatch,1,1,1,1534
2532,2024,Combined,1,1,1,1534
2535,2024,China_Birdwatch,1,1,1,60
2535,2024,Combined,1,1,1,60
2539,2021,China_Birdwatch,2,1,2,30
2539,2021,Combined,2,1,2,30
2539,2023,eBird_GBIF,1,1,1,NA
2539,2023,Combined,1,1,1,NA
2540,2005,eBird_GBIF,1,1,1,NA
2540,2005,Combined,1,1,1,NA
2540,2011,eBird_GBIF,1,1,1,NA
2540,2011,Combined,1,1,1,NA
2540,2012,China_Birdwatch,1,1,1,240
2540,2012,Combined,1,1,1,240
2540,2013,China_Birdwatch,1,1,1,30
2540,2013,eBird_GBIF,1,1,1,NA
2540,2013,Combined,2,2,2,30
2540,2018,eBird_GBIF,1,1,1,NA
2540,2018,Combined,1,1,1,NA
2540,2023,China_Birdwatch,4,4,4,98.44444444444444
2540,2023,eBird_GBIF,1,1,1,NA
2540,2023,Combined,5,5,5,98.44444444444444
2540,2024,China_Birdwatch,1,1,1,60
2540,2024,Combined,1,1,1,60
2541,2001,eBird_GBIF,1,1,1,NA
2541,2001,Combined,1,1,1,NA
2541,2002,eBird_GBIF,1,1,1,NA
2541,2002,Combined,1,1,1,NA
2541,2004,eBird_GBIF,7,3,7,NA
2541,2004,Combined,7,3,7,NA
2541,2005,eBird_GBIF,1,1,1,NA
2541,2005,Combined,1,1,1,NA
2541,2006,eBird_GBIF,2,2,2,NA
2541,2006,Combined,2,2,2,NA
2541,2011,eBird_GBIF,7,2,7,NA
2541,2011,Combined,7,2,7,NA
2541,2015,eBird_GBIF,2,2,2,NA
2541,2015,Combined,2,2,2,NA
2541,2016,eBird_GBIF,1,1,1,NA
2541,2016,Combined,1,1,1,NA
2541,2017,eBird_GBIF,1,1,1,NA
2541,2017,Combined,1,1,1,NA
2541,2018,eBird_GBIF,9,5,3,NA
2541,2018,Combined,9,5,3,NA
2541,2019,eBird_GBIF,1,1,1,NA
2541,2019,Combined,1,1,1,NA
2541,2020,China_Birdwatch,1,1,1,60
2541,2020,Combined,1,1,1,60
2541,2021,eBird_GBIF,1,1,1,NA
2541,2021,Combined,1,1,1,NA
2541,2022,eBird_GBIF,1,1,1,NA
2541,2022,Combined,1,1,1,NA
2541,2023,China_Birdwatch,1,1,1,120
2541,2023,Combined,1,1,1,120
2541,2024,China_Birdwatch,3,3,3,78.26086956521739
2541,2024,Combined,3,3,3,78.26086956521739
2542,2018,eBird_GBIF,4,2,2,NA
2542,2018,Combined,4,2,2,NA
2542,2021,China_Birdwatch,1,1,1,420
2542,2021,Combined,1,1,1,420
2542,2022,China_Birdwatch,2,2,2,60
2542,2022,Combined,2,2,2,60
2542,2024,China_Birdwatch,1,1,1,60
2542,2024,Combined,1,1,1,60
2543,2021,China_Birdwatch,1,1,1,345
2543,2021,Combined,1,1,1,345
2543,2023,China_Birdwatch,2,2,2,204
2543,2023,Combined,2,2,2,204
2544,2013,eBird_GBIF,1,1,1,NA
2544,2013,Combined,1,1,1,NA
2544,2014,eBird_GBIF,1,1,1,NA
2544,2014,Combined,1,1,1,NA
2544,2015,eBird_GBIF,2,2,2,NA
2544,2015,Combined,2,2,2,NA
2544,2017,eBird_GBIF,2,1,2,NA
2544,2017,Combined,2,1,2,NA
2544,2018,eBird_GBIF,1,1,1,NA
2544,2018,Combined,1,1,1,NA
2544,2019,eBird_GBIF,1,1,1,NA
2544,2019,Combined,1,1,1,NA
2544,2020,China_Birdwatch,1,1,1,60
2544,2020,eBird_GBIF,1,1,1,NA
2544,2020,Combined,2,2,2,60
2544,2021,China_Birdwatch,5,4,5,1441.4285714285713
2544,2021,eBird_GBIF,4,4,2,NA
2544,2021,Combined,9,8,7,1441.4285714285713
2544,2023,China_Birdwatch,6,5,6,261.6216216216216
2544,2023,eBird_GBIF,6,3,6,NA
2544,2023,Combined,12,8,12,261.6216216216216
2544,2024,China_Birdwatch,23,17,17,471.60555555555544
2544,2024,Combined,23,17,17,471.60555555555544
2545,2001,eBird_GBIF,2,1,2,NA
2545,2001,Combined,2,1,2,NA
2545,2007,eBird_GBIF,3,3,1,NA
2545,2007,Combined,3,3,1,NA
2545,2016,eBird_GBIF,1,1,1,NA
2545,2016,Combined,1,1,1,NA
2545,2020,China_Birdwatch,3,3,3,344.7
2545,2020,eBird_GBIF,1,1,1,NA
2545,2020,Combined,4,4,4,344.7
2545,2021,China_Birdwatch,2,1,2,1680
2545,2021,eBird_GBIF,10,10,5,NA
2545,2021,Combined,12,11,7,1680
2545,2022,eBird_GBIF,8,7,6,NA
2545,2022,Combined,8,7,6,NA
2545,2023,China_Birdwatch,7,6,6,62.142857142857146
2545,2023,eBird_GBIF,3,3,2,NA
2545,2023,Combined,10,9,7,62.142857142857146
2545,2024,China_Birdwatch,28,22,19,58.3972602739726
2545,2024,Combined,28,22,19,58.3972602739726
2546,2018,eBird_GBIF,3,3,1,NA
2546,2018,Combined,3,3,1,NA
2546,2021,eBird_GBIF,5,4,3,NA
2546,2021,Combined,5,4,3,NA
2546,2022,China_Birdwatch,1,1,1,420
2546,2022,Combined,1,1,1,420
2546,2023,China_Birdwatch,4,4,4,164.21052631578948
2546,2023,eBird_GBIF,2,1,2,NA
2546,2023,Combined,6,5,6,164.21052631578948
2546,2024,China_Birdwatch,6,6,6,60
2546,2024,Combined,6,6,6,60
2547,2020,eBird_GBIF,1,1,1,NA
2547,2020,Combined,1,1,1,NA
2547,2023,China_Birdwatch,4,4,4,50.8
2547,2023,Combined,4,4,4,50.8
2548,2007,eBird_GBIF,1,1,1,NA
2548,2007,Combined,1,1,1,NA
2548,2021,China_Birdwatch,1,1,1,510
2548,2021,eBird_GBIF,1,1,1,NA
2548,2021,Combined,2,2,2,510
2548,2022,China_Birdwatch,1,1,1,60
2548,2022,Combined,1,1,1,60
2548,2023,China_Birdwatch,5,5,4,169.945945945946
2548,2023,Combined,5,5,4,169.945945945946
2548,2024,China_Birdwatch,6,5,4,65.79710144927536
2548,2024,Combined,6,5,4,65.79710144927536
2549,2022,China_Birdwatch,1,1,1,300
2549,2022,Combined,1,1,1,300
2549,2023,China_Birdwatch,2,2,1,60
2549,2023,Combined,2,2,1,60
2550,2017,eBird_GBIF,1,1,1,NA
2550,2017,Combined,1,1,1,NA
2550,2018,eBird_GBIF,1,1,1,NA
2550,2018,Combined,1,1,1,NA
2550,2020,eBird_GBIF,1,1,1,NA
2550,2020,Combined,1,1,1,NA
2550,2023,China_Birdwatch,1,1,1,600
2550,2023,Combined,1,1,1,600
2550,2024,China_Birdwatch,1,1,1,20.5
2550,2024,Combined,1,1,1,20.5
2551,2005,eBird_GBIF,1,1,1,NA
2551,2005,Combined,1,1,1,NA
2551,2010,eBird_GBIF,2,1,2,NA
2551,2010,Combined,2,1,2,NA
2551,2015,eBird_GBIF,1,1,1,NA
2551,2015,Combined,1,1,1,NA
2551,2016,China_Birdwatch,1,1,1,660
2551,2016,eBird_GBIF,1,1,1,NA
2551,2016,Combined,2,2,2,660
2551,2020,China_Birdwatch,1,1,1,60
2551,2020,Combined,1,1,1,60
2551,2021,China_Birdwatch,1,1,1,2100
2551,2021,Combined,1,1,1,2100
2551,2022,China_Birdwatch,1,1,1,60
2551,2022,Combined,1,1,1,60
2551,2023,China_Birdwatch,4,4,4,148.23529411764707
2551,2023,eBird_GBIF,5,4,5,NA
2551,2023,Combined,9,8,9,148.23529411764707
2551,2024,China_Birdwatch,6,5,6,167.30769230769232
2551,2024,Combined,6,5,6,167.30769230769232
2552,2006,eBird_GBIF,1,1,1,NA
2552,2006,Combined,1,1,1,NA
2552,2009,eBird_GBIF,1,1,1,NA
2552,2009,Combined,1,1,1,NA
2552,2010,eBird_GBIF,2,2,2,NA
2552,2010,Combined,2,2,2,NA
2552,2011,eBird_GBIF,2,1,2,NA
2552,2011,Combined,2,1,2,NA
2552,2014,eBird_GBIF,7,3,4,NA
2552,2014,Combined,7,3,4,NA
2552,2015,eBird_GBIF,4,2,4,NA
2552,2015,Combined,4,2,4,NA
2552,2016,eBird_GBIF,3,2,3,NA
2552,2016,Combined,3,2,3,NA
2552,2017,eBird_GBIF,5,5,4,NA
2552,2017,Combined,5,5,4,NA
2552,2018,China_Birdwatch,3,3,3,620.5263157894736
2552,2018,eBird_GBIF,4,3,3,NA
2552,2018,Combined,7,6,6,620.5263157894736
2552,2019,China_Birdwatch,2,2,2,264090
2552,2019,eBird_GBIF,2,2,2,NA
2552,2019,Combined,4,4,4,264090
2552,2020,China_Birdwatch,4,4,4,3948.5301204819275
2552,2020,eBird_GBIF,4,4,4,NA
2552,2020,Combined,8,8,7,3948.5301204819275
2552,2021,China_Birdwatch,4,4,4,326.75
2552,2021,eBird_GBIF,1,1,1,NA
2552,2021,Combined,5,5,5,326.75
2552,2022,China_Birdwatch,3,3,3,88678.09523809524
2552,2022,eBird_GBIF,1,1,1,NA
2552,2022,Combined,4,4,4,88678.09523809524
2552,2023,China_Birdwatch,15,14,14,36871.01739130433
2552,2023,eBird_GBIF,10,8,8,NA
2552,2023,Combined,25,22,21,36871.01739130433
2552,2024,China_Birdwatch,27,23,25,11588.286885245901
2552,2024,Combined,27,23,25,11588.286885245901
2553,2007,eBird_GBIF,1,1,1,NA
2553,2007,Combined,1,1,1,NA
2553,2008,eBird_GBIF,2,1,2,NA
2553,2008,Combined,2,1,2,NA
2553,2009,eBird_GBIF,1,1,1,NA
2553,2009,Combined,1,1,1,NA
2553,2010,China_Birdwatch,1,1,1,7830
2553,2010,eBird_GBIF,3,2,3,NA
2553,2010,Combined,4,3,4,7830
2553,2011,eBird_GBIF,2,1,2,NA
2553,2011,Combined,2,1,2,NA
2553,2012,eBird_GBIF,2,1,2,NA
2553,2012,Combined,2,1,2,NA
2553,2014,China_Birdwatch,2,2,2,2919.8571428571427
2553,2014,eBird_GBIF,9,6,7,NA
2553,2014,Combined,11,8,9,2919.8571428571427
2553,2015,China_Birdwatch,2,2,2,273.75
2553,2015,eBird_GBIF,4,4,4,NA
2553,2015,Combined,6,6,6,273.75
2553,2017,China_Birdwatch,1,1,1,135
2553,2017,eBird_GBIF,12,11,7,NA
2553,2017,Combined,13,12,7,135
2553,2018,eBird_GBIF,5,5,4,NA
2553,2018,Combined,5,5,4,NA
2553,2019,China_Birdwatch,2,2,2,3213.75
2553,2019,eBird_GBIF,3,3,3,NA
2553,2019,Combined,5,5,5,3213.75
2553,2020,China_Birdwatch,4,3,4,110
2553,2020,eBird_GBIF,6,5,5,NA
2553,2020,Combined,10,8,6,110
2553,2021,China_Birdwatch,6,5,6,320
2553,2021,eBird_GBIF,1,1,1,NA
2553,2021,Combined,7,6,7,320
2553,2022,China_Birdwatch,6,4,5,278.54166666666663
2553,2022,eBird_GBIF,9,6,9,NA
2553,2022,Combined,15,10,14,278.54166666666663
2553,2023,China_Birdwatch,32,20,26,1615.7809917355355
2553,2023,eBird_GBIF,10,7,9,NA
2553,2023,Combined,42,27,32,1615.7809917355355
2553,2024,China_Birdwatch,99,50,76,178.6283724978243
2553,2024,Combined,99,50,76,178.6283724978243
2554,2006,eBird_GBIF,1,1,1,NA
2554,2006,Combined,1,1,1,NA
2554,2007,eBird_GBIF,2,1,2,NA
2554,2007,Combined,2,1,2,NA
2554,2009,eBird_GBIF,6,4,5,NA
2554,2009,Combined,6,4,5,NA
2554,2011,eBird_GBIF,7,5,6,NA
2554,2011,Combined,7,5,6,NA
2554,2012,China_Birdwatch,1,1,1,3240
2554,2012,eBird_GBIF,18,10,16,NA
2554,2012,Combined,19,11,17,3240
2554,2013,eBird_GBIF,13,5,10,NA
2554,2013,Combined,13,5,10,NA
2554,2014,eBird_GBIF,16,11,13,NA
2554,2014,Combined,16,11,13,NA
2554,2015,China_Birdwatch,1,1,1,540
2554,2015,eBird_GBIF,18,5,17,NA
2554,2015,Combined,19,6,18,540
2554,2016,China_Birdwatch,3,3,3,1161.5094339622642
2554,2016,eBird_GBIF,10,7,9,NA
2554,2016,Combined,13,10,12,1161.5094339622642
2554,2017,China_Birdwatch,1,1,1,480
2554,2017,eBird_GBIF,14,8,11,NA
2554,2017,Combined,15,9,12,480
2554,2018,eBird_GBIF,44,18,36,NA
2554,2018,Combined,44,18,36,NA
2554,2019,China_Birdwatch,4,2,4,230.4193548387097
2554,2019,eBird_GBIF,95,43,47,NA
2554,2019,Combined,99,45,48,230.4193548387097
2554,2020,China_Birdwatch,5,5,5,1670.4819277108434
2554,2020,eBird_GBIF,54,15,26,NA
2554,2020,Combined,59,20,30,1670.4819277108434
2554,2021,China_Birdwatch,20,13,16,614.159523809524
2554,2021,eBird_GBIF,45,14,17,NA
2554,2021,Combined,65,27,30,614.159523809524
2554,2022,China_Birdwatch,51,22,44,1929.6943844492416
2554,2022,eBird_GBIF,29,18,18,NA
2554,2022,Combined,80,40,58,1929.6943844492416
2554,2023,China_Birdwatch,95,66,68,857.3250532292449
2554,2023,eBird_GBIF,41,25,35,NA
2554,2023,Combined,136,91,88,857.3250532292449
2554,2024,China_Birdwatch,325,190,177,528.3976807639829
2554,2024,Combined,325,190,177,528.3976807639829
2555,2000,eBird_GBIF,3,2,3,NA
2555,2000,Combined,3,2,3,NA
2555,2001,eBird_GBIF,2,2,2,NA
2555,2001,Combined,2,2,2,NA
2555,2002,eBird_GBIF,28,17,17,NA
2555,2002,Combined,28,17,17,NA
2555,2003,eBird_GBIF,2,2,2,NA
2555,2003,Combined,2,2,2,NA
2555,2004,eBird_GBIF,9,7,6,NA
2555,2004,Combined,9,7,6,NA
2555,2005,eBird_GBIF,10,2,10,NA
2555,2005,Combined,10,2,10,NA
2555,2006,eBird_GBIF,9,6,9,NA
2555,2006,Combined,9,6,9,NA
2555,2007,eBird_GBIF,18,13,14,NA
2555,2007,Combined,18,13,14,NA
2555,2008,eBird_GBIF,11,7,11,NA
2555,2008,Combined,11,7,11,NA
2555,2009,eBird_GBIF,14,10,13,NA
2555,2009,Combined,14,10,13,NA
2555,2010,eBird_GBIF,22,15,19,NA
2555,2010,Combined,22,15,19,NA
2555,2011,China_Birdwatch,1,1,1,360
2555,2011,eBird_GBIF,14,12,13,NA
2555,2011,Combined,15,13,14,360
2555,2012,eBird_GBIF,34,21,30,NA
2555,2012,Combined,34,21,30,NA
2555,2013,eBird_GBIF,40,23,37,NA
2555,2013,Combined,40,23,37,NA
2555,2014,China_Birdwatch,2,2,2,877450
2555,2014,eBird_GBIF,72,34,55,NA
2555,2014,Combined,74,36,56,877450
2555,2015,China_Birdwatch,56,5,49,15729.672496025425
2555,2015,eBird_GBIF,57,31,52,NA
2555,2015,Combined,113,36,89,15729.672496025425
2555,2016,China_Birdwatch,18,2,18,664.2580645161293
2555,2016,eBird_GBIF,116,53,84,NA
2555,2016,Combined,134,55,95,664.2580645161293
2555,2017,China_Birdwatch,7,3,7,915.75
2555,2017,eBird_GBIF,177,58,135,NA
2555,2017,Combined,184,61,139,915.75
2555,2018,China_Birdwatch,22,6,22,513379.2631578947
2555,2018,eBird_GBIF,203,84,141,NA
2555,2018,Combined,225,90,154,513379.2631578947
2555,2019,China_Birdwatch,21,7,21,461.7124183006536
2555,2019,eBird_GBIF,187,95,129,NA
2555,2019,Combined,208,102,136,461.7124183006536
2555,2020,China_Birdwatch,32,13,31,16707.057971014496
2555,2020,eBird_GBIF,185,44,132,NA
2555,2020,Combined,217,57,142,16707.057971014496
2555,2021,China_Birdwatch,189,38,132,5299.288642659256
2555,2021,eBird_GBIF,217,44,159,NA
2555,2021,Combined,406,82,217,5299.288642659256
2555,2022,China_Birdwatch,430,38,222,621.1815675462731
2555,2022,eBird_GBIF,421,57,216,NA
2555,2022,Combined,851,95,276,621.1815675462731
2555,2023,China_Birdwatch,1103,187,326,1239.827583869844
2555,2023,eBird_GBIF,404,106,232,NA
2555,2023,Combined,1507,293,346,1239.827583869844
2555,2024,China_Birdwatch,3027,672,359,928.9839134655148
2555,2024,Combined,3027,672,359,928.9839134655148
2556,2013,eBird_GBIF,1,1,1,NA
2556,2013,Combined,1,1,1,NA
2556,2014,eBird_GBIF,2,1,2,NA
2556,2014,Combined,2,1,2,NA
2556,2016,eBird_GBIF,1,1,1,NA
2556,2016,Combined,1,1,1,NA
2556,2017,eBird_GBIF,2,2,2,NA
2556,2017,Combined,2,2,2,NA
2556,2018,eBird_GBIF,2,1,2,NA
2556,2018,Combined,2,1,2,NA
2556,2019,eBird_GBIF,7,5,6,NA
2556,2019,Combined,7,5,6,NA
2556,2020,China_Birdwatch,4,2,4,21357.458333333336
2556,2020,eBird_GBIF,41,10,32,NA
2556,2020,Combined,45,12,36,21357.458333333336
2556,2021,China_Birdwatch,42,19,37,275.3929359823402
2556,2021,eBird_GBIF,54,9,44,NA
2556,2021,Combined,96,28,67,275.3929359823402
2556,2022,China_Birdwatch,76,20,54,356.29371816638366
2556,2022,eBird_GBIF,82,14,48,NA
2556,2022,Combined,158,34,74,356.29371816638366
2556,2023,China_Birdwatch,165,54,88,388.73291189253183
2556,2023,eBird_GBIF,67,25,49,NA
2556,2023,Combined,232,79,108,388.73291189253183
2556,2024,China_Birdwatch,549,213,202,397.7119507739649
2556,2024,Combined,549,213,202,397.7119507739649
2557,2013,eBird_GBIF,2,2,1,NA
2557,2013,Combined,2,2,1,NA
2557,2017,eBird_GBIF,4,1,4,NA
2557,2017,Combined,4,1,4,NA
2557,2018,eBird_GBIF,1,1,1,NA
2557,2018,Combined,1,1,1,NA
2557,2019,eBird_GBIF,2,2,2,NA
2557,2019,Combined,2,2,2,NA
2557,2020,China_Birdwatch,1,1,1,60
2557,2020,eBird_GBIF,4,2,4,NA
2557,2020,Combined,5,3,5,60
2557,2021,China_Birdwatch,2,2,1,60
2557,2021,eBird_GBIF,1,1,1,NA
2557,2021,Combined,3,3,2,60
2557,2022,China_Birdwatch,1,1,1,540
2557,2022,Combined,1,1,1,540
2557,2023,China_Birdwatch,2,2,2,105
2557,2023,eBird_GBIF,1,1,1,NA
2557,2023,Combined,3,3,3,105
2557,2024,China_Birdwatch,53,42,38,153.30790568654646
2557,2024,Combined,53,42,38,153.30790568654646
2558,2004,eBird_GBIF,1,1,1,NA
2558,2004,Combined,1,1,1,NA
2558,2008,eBird_GBIF,1,1,1,NA
2558,2008,Combined,1,1,1,NA
2558,2016,eBird_GBIF,1,1,1,NA
2558,2016,Combined,1,1,1,NA
2558,2017,eBird_GBIF,1,1,1,NA
2558,2017,Combined,1,1,1,NA
2558,2018,eBird_GBIF,1,1,1,NA
2558,2018,Combined,1,1,1,NA
2558,2019,eBird_GBIF,2,1,2,NA
2558,2019,Combined,2,1,2,NA
2558,2021,China_Birdwatch,1,1,1,660
2558,2021,eBird_GBIF,1,1,1,NA
2558,2021,Combined,2,2,2,660
2558,2022,China_Birdwatch,7,3,7,156.74576271186442
2558,2022,eBird_GBIF,2,1,2,NA
2558,2022,Combined,9,4,9,156.74576271186442
2558,2023,China_Birdwatch,4,4,4,196.8
2558,2023,eBird_GBIF,1,1,1,NA
2558,2023,Combined,5,5,4,196.8
2558,2024,China_Birdwatch,31,20,26,353.05629139072903
2558,2024,Combined,31,20,26,353.05629139072903
2559,2011,eBird_GBIF,1,1,1,NA
2559,2011,Combined,1,1,1,NA
2559,2017,eBird_GBIF,1,1,1,NA
2559,2017,Combined,1,1,1,NA
2559,2019,eBird_GBIF,1,1,1,NA
2559,2019,Combined,1,1,1,NA
2559,2020,China_Birdwatch,1,1,1,562
2559,2020,Combined,1,1,1,562
2559,2021,China_Birdwatch,1,1,1,180
2559,2021,Combined,1,1,1,180
2559,2022,China_Birdwatch,17,6,15,281.95224719101117
2559,2022,Combined,17,6,15,281.95224719101117
2559,2023,China_Birdwatch,13,8,12,172.5197368421053
2559,2023,eBird_GBIF,1,1,1,NA
2559,2023,Combined,14,9,13,172.5197368421053
2559,2024,China_Birdwatch,77,29,65,176.6191327670989
2559,2024,Combined,77,29,65,176.6191327670989
2560,2001,eBird_GBIF,1,1,1,NA
2560,2001,Combined,1,1,1,NA
2560,2002,eBird_GBIF,1,1,1,NA
2560,2002,Combined,1,1,1,NA
2560,2013,eBird_GBIF,1,1,1,NA
2560,2013,Combined,1,1,1,NA
2560,2015,eBird_GBIF,4,4,4,NA
2560,2015,Combined,4,4,4,NA
2560,2016,eBird_GBIF,5,5,2,NA
2560,2016,Combined,5,5,2,NA
2560,2017,eBird_GBIF,14,13,12,NA
2560,2017,Combined,14,13,12,NA
2560,2018,eBird_GBIF,4,4,4,NA
2560,2018,Combined,4,4,4,NA
2560,2019,eBird_GBIF,2,2,1,NA
2560,2019,Combined,2,2,1,NA
2560,2022,China_Birdwatch,6,5,6,75.921875
2560,2022,Combined,6,5,6,75.921875
2560,2023,China_Birdwatch,6,6,6,105.68493150684931
2560,2023,Combined,6,6,6,105.68493150684931
2560,2024,China_Birdwatch,32,10,31,236.32649253731358
2560,2024,Combined,32,10,31,236.32649253731358
2561,2013,eBird_GBIF,1,1,1,NA
2561,2013,Combined,1,1,1,NA
2561,2014,eBird_GBIF,1,1,1,NA
2561,2014,Combined,1,1,1,NA
2561,2015,eBird_GBIF,1,1,1,NA
2561,2015,Combined,1,1,1,NA
2561,2016,China_Birdwatch,1,1,1,1785
2561,2016,Combined,1,1,1,1785
2561,2018,eBird_GBIF,3,1,3,NA
2561,2018,Combined,3,1,3,NA
2561,2019,China_Birdwatch,1,1,1,1320
2561,2019,Combined,1,1,1,1320
2561,2020,eBird_GBIF,4,2,4,NA
2561,2020,Combined,4,2,4,NA
2561,2021,eBird_GBIF,4,1,4,NA
2561,2021,Combined,4,1,4,NA
2561,2022,China_Birdwatch,2,2,2,209.16666666666666
2561,2022,eBird_GBIF,3,1,3,NA
2561,2022,Combined,5,3,5,209.16666666666666
2561,2023,China_Birdwatch,43,24,36,610.8887733887732
2561,2023,eBird_GBIF,1,1,1,NA
2561,2023,Combined,44,25,36,610.8887733887732
2561,2024,China_Birdwatch,67,34,50,233.40233918128683
2561,2024,Combined,67,34,50,233.40233918128683
2562,2015,China_Birdwatch,1,1,1,60
2562,2015,Combined,1,1,1,60
2562,2021,China_Birdwatch,1,1,1,60
2562,2021,eBird_GBIF,1,1,1,NA
2562,2021,Combined,2,2,2,60
2562,2023,China_Birdwatch,8,8,8,845.9047619047619
2562,2023,Combined,8,8,8,845.9047619047619
2562,2024,China_Birdwatch,31,21,23,72.93693693693693
2562,2024,Combined,31,21,23,72.93693693693693
2563,2002,eBird_GBIF,7,4,2,NA
2563,2002,Combined,7,4,2,NA
2563,2005,eBird_GBIF,1,1,1,NA
2563,2005,Combined,1,1,1,NA
2563,2009,eBird_GBIF,3,2,3,NA
2563,2009,Combined,3,2,3,NA
2563,2010,eBird_GBIF,1,1,1,NA
2563,2010,Combined,1,1,1,NA
2563,2011,eBird_GBIF,1,1,1,NA
2563,2011,Combined,1,1,1,NA
2563,2012,China_Birdwatch,3,2,3,908538.75
2563,2012,eBird_GBIF,8,3,8,NA
2563,2012,Combined,11,5,11,908538.75
2563,2013,China_Birdwatch,1,1,1,90
2563,2013,eBird_GBIF,8,3,8,NA
2563,2013,Combined,9,4,9,90
2563,2014,eBird_GBIF,1,1,1,NA
2563,2014,Combined,1,1,1,NA
2563,2015,eBird_GBIF,1,1,1,NA
2563,2015,Combined,1,1,1,NA
2563,2016,China_Birdwatch,1,1,1,2580
2563,2016,eBird_GBIF,3,3,2,NA
2563,2016,Combined,4,4,3,2580
2563,2017,China_Birdwatch,1,1,1,2070
2563,2017,eBird_GBIF,7,7,5,NA
2563,2017,Combined,8,8,6,2070
2563,2018,eBird_GBIF,6,5,6,NA
2563,2018,Combined,6,5,6,NA
2563,2019,eBird_GBIF,2,2,1,NA
2563,2019,Combined,2,2,1,NA
2563,2020,China_Birdwatch,3,3,3,37165.18867924528
2563,2020,eBird_GBIF,1,1,1,NA
2563,2020,Combined,4,4,4,37165.18867924528
2563,2021,China_Birdwatch,2,2,2,81.81818181818181
2563,2021,eBird_GBIF,1,1,1,NA
2563,2021,Combined,3,3,3,81.81818181818181
2563,2022,China_Birdwatch,33,10,31,875.5602240896361
2563,2022,eBird_GBIF,5,2,5,NA
2563,2022,Combined,38,12,36,875.5602240896361
2563,2023,China_Birdwatch,120,30,78,696.7053399923219
2563,2023,eBird_GBIF,10,8,9,NA
2563,2023,Combined,130,38,84,696.7053399923219
2563,2024,China_Birdwatch,895,118,318,511.82053734819686
2563,2024,Combined,895,118,318,511.82053734819686
2564,2002,eBird_GBIF,1,1,1,NA
2564,2002,Combined,1,1,1,NA
2564,2003,eBird_GBIF,1,1,1,NA
2564,2003,Combined,1,1,1,NA
2564,2012,eBird_GBIF,3,3,2,NA
2564,2012,Combined,3,3,2,NA
2564,2013,eBird_GBIF,2,2,2,NA
2564,2013,Combined,2,2,2,NA
2564,2014,eBird_GBIF,1,1,1,NA
2564,2014,Combined,1,1,1,NA
2564,2015,eBird_GBIF,1,1,1,NA
2564,2015,Combined,1,1,1,NA
2564,2016,eBird_GBIF,3,3,3,NA
2564,2016,Combined,3,3,3,NA
2564,2017,China_Birdwatch,1,1,1,120
2564,2017,eBird_GBIF,6,6,5,NA
2564,2017,Combined,7,7,6,120
2564,2018,eBird_GBIF,8,4,8,NA
2564,2018,Combined,8,4,8,NA
2564,2019,China_Birdwatch,2,1,2,0
2564,2019,eBird_GBIF,4,2,2,NA
2564,2019,Combined,6,3,4,0
2564,2020,China_Birdwatch,1,1,1,180
2564,2020,Combined,1,1,1,180
2564,2021,China_Birdwatch,15,5,15,111.60714285714283
2564,2021,eBird_GBIF,2,1,2,NA
2564,2021,Combined,17,6,17,111.60714285714283
2564,2022,China_Birdwatch,30,8,27,18335.20000000001
2564,2022,Combined,30,8,27,18335.20000000001
2564,2023,China_Birdwatch,152,23,115,6407.450733752623
2564,2023,eBird_GBIF,20,4,20,NA
2564,2023,Combined,172,27,129,6407.450733752623
2564,2024,China_Birdwatch,433,74,212,136.67944519360455
2564,2024,Combined,433,74,212,136.67944519360455
2565,2002,eBird_GBIF,1,1,1,NA
2565,2002,Combined,1,1,1,NA
2565,2014,China_Birdwatch,1,1,1,180
2565,2014,Combined,1,1,1,180
2565,2015,China_Birdwatch,1,1,1,0
2565,2015,eBird_GBIF,6,1,6,NA
2565,2015,Combined,7,2,7,0
2565,2016,China_Birdwatch,2,1,2,448.69565217391306
2565,2016,Combined,2,1,2,448.69565217391306
2565,2017,China_Birdwatch,1,1,1,75
2565,2017,Combined,1,1,1,75
2565,2018,China_Birdwatch,1,1,1,90
2565,2018,Combined,1,1,1,90
2565,2019,eBird_GBIF,1,1,1,NA
2565,2019,Combined,1,1,1,NA
2565,2020,eBird_GBIF,1,1,1,NA
2565,2020,Combined,1,1,1,NA
2565,2021,China_Birdwatch,7,6,7,226.60714285714283
2565,2021,Combined,7,6,7,226.60714285714283
2565,2022,China_Birdwatch,5,4,5,252.42342342342334
2565,2022,Combined,5,4,5,252.42342342342334
2565,2023,China_Birdwatch,43,22,33,179.06948640483358
2565,2023,eBird_GBIF,5,4,5,NA
2565,2023,Combined,48,26,38,179.06948640483358
2565,2024,China_Birdwatch,101,30,81,201.09028642590198
2565,2024,Combined,101,30,81,201.09028642590198
2566,2002,eBird_GBIF,1,1,1,NA
2566,2002,Combined,1,1,1,NA
2566,2007,eBird_GBIF,3,3,1,NA
2566,2007,Combined,3,3,1,NA
2566,2008,eBird_GBIF,2,1,2,NA
2566,2008,Combined,2,1,2,NA
2566,2011,eBird_GBIF,2,2,2,NA
2566,2011,Combined,2,2,2,NA
2566,2012,eBird_GBIF,1,1,1,NA
2566,2012,Combined,1,1,1,NA
2566,2013,eBird_GBIF,1,1,1,NA
2566,2013,Combined,1,1,1,NA
2566,2015,eBird_GBIF,1,1,1,NA
2566,2015,Combined,1,1,1,NA
2566,2016,eBird_GBIF,11,11,2,NA
2566,2016,Combined,11,11,2,NA
2566,2017,eBird_GBIF,9,3,9,NA
2566,2017,Combined,9,3,9,NA
2566,2018,eBird_GBIF,3,3,2,NA
2566,2018,Combined,3,3,2,NA
2566,2019,eBird_GBIF,3,2,3,NA
2566,2019,Combined,3,2,3,NA
2566,2020,China_Birdwatch,3,2,3,370.90909090909093
2566,2020,eBird_GBIF,9,4,9,NA
2566,2020,Combined,12,6,11,370.90909090909093
2566,2021,China_Birdwatch,40,16,32,692.8261376896147
2566,2021,eBird_GBIF,34,7,27,NA
2566,2021,Combined,74,23,52,692.8261376896147
2566,2022,China_Birdwatch,140,29,92,221.18233034571068
2566,2022,eBird_GBIF,45,9,30,NA
2566,2022,Combined,185,38,100,221.18233034571068
2566,2023,China_Birdwatch,195,59,118,310.39523721617076
2566,2023,eBird_GBIF,23,8,21,NA
2566,2023,Combined,218,67,126,310.39523721617076
2566,2024,China_Birdwatch,357,157,144,254.24889559314707
2566,2024,Combined,357,157,144,254.24889559314707
2567,2001,eBird_GBIF,2,2,2,NA
2567,2001,Combined,2,2,2,NA
2567,2002,eBird_GBIF,7,7,4,NA
2567,2002,Combined,7,7,4,NA
2567,2003,eBird_GBIF,1,1,1,NA
2567,2003,Combined,1,1,1,NA
2567,2006,eBird_GBIF,7,3,7,NA
2567,2006,Combined,7,3,7,NA
2567,2008,eBird_GBIF,3,3,3,NA
2567,2008,Combined,3,3,3,NA
2567,2009,China_Birdwatch,1,1,1,255
2567,2009,Combined,1,1,1,255
2567,2010,China_Birdwatch,2,1,2,291.9230769230769
2567,2010,eBird_GBIF,5,3,5,NA
2567,2010,Combined,7,4,7,291.9230769230769
2567,2011,eBird_GBIF,8,3,8,NA
2567,2011,Combined,8,3,8,NA
2567,2012,eBird_GBIF,10,3,10,NA
2567,2012,Combined,10,3,10,NA
2567,2013,eBird_GBIF,16,3,16,NA
2567,2013,Combined,16,3,16,NA
2567,2014,China_Birdwatch,2,2,2,0
2567,2014,eBird_GBIF,10,8,10,NA
2567,2014,Combined,12,10,12,0
2567,2015,China_Birdwatch,33,3,33,216.8928571428572
2567,2015,eBird_GBIF,21,7,20,NA
2567,2015,Combined,54,10,49,216.8928571428572
2567,2016,China_Birdwatch,36,8,33,125.77351485148507
2567,2016,eBird_GBIF,36,20,25,NA
2567,2016,Combined,72,28,55,125.77351485148507
2567,2017,China_Birdwatch,33,11,29,102971.84357541936
2567,2017,eBird_GBIF,50,10,47,NA
2567,2017,Combined,83,21,66,102971.84357541936
2567,2018,China_Birdwatch,26,12,25,447.88738738738743
2567,2018,eBird_GBIF,73,17,69,NA
2567,2018,Combined,99,29,88,447.88738738738743
2567,2019,China_Birdwatch,52,14,48,11035.162939297144
2567,2019,eBird_GBIF,56,26,51,NA
2567,2019,Combined,108,40,86,11035.162939297144
2567,2020,China_Birdwatch,63,19,58,5236.452660054103
2567,2020,eBird_GBIF,62,18,52,NA
2567,2020,Combined,125,37,87,5236.452660054103
2567,2021,China_Birdwatch,297,36,200,373.46426229507716
2567,2021,eBird_GBIF,272,29,176,NA
2567,2021,Combined,569,65,245,373.46426229507716
2567,2022,China_Birdwatch,715,48,262,1527.8223466155955
2567,2022,eBird_GBIF,312,15,185,NA
2567,2022,Combined,1027,63,288,1527.8223466155955
2567,2023,China_Birdwatch,1144,182,310,3277.391774321168
2567,2023,eBird_GBIF,286,56,186,NA
2567,2023,Combined,1430,238,325,3277.391774321168
2567,2024,China_Birdwatch,3873,607,362,263.04933175486747
2567,2024,Combined,3873,607,362,263.04933175486747
2568,2010,eBird_GBIF,1,1,1,NA
2568,2010,Combined,1,1,1,NA
2568,2016,eBird_GBIF,1,1,1,NA
2568,2016,Combined,1,1,1,NA
2568,2017,China_Birdwatch,1,1,1,0
2568,2017,Combined,1,1,1,0
2568,2018,eBird_GBIF,2,2,2,NA
2568,2018,Combined,2,2,2,NA
2568,2019,eBird_GBIF,3,2,3,NA
2568,2019,Combined,3,2,3,NA
2568,2020,eBird_GBIF,1,1,1,NA
2568,2020,Combined,1,1,1,NA
2568,2021,China_Birdwatch,5,3,5,90
2568,2021,eBird_GBIF,2,2,2,NA
2568,2021,Combined,7,5,6,90
2568,2022,China_Birdwatch,3,2,3,60
2568,2022,Combined,3,2,3,60
2568,2023,China_Birdwatch,11,8,10,229.2119815668203
2568,2023,eBird_GBIF,4,2,4,NA
2568,2023,Combined,15,10,14,229.2119815668203
2568,2024,China_Birdwatch,132,34,94,127.27041019514142
2568,2024,Combined,132,34,94,127.27041019514142
2569,2010,eBird_GBIF,1,1,1,NA
2569,2010,Combined,1,1,1,NA
2569,2014,eBird_GBIF,2,1,2,NA
2569,2014,Combined,2,1,2,NA
2569,2015,China_Birdwatch,1,1,1,325
2569,2015,eBird_GBIF,1,1,1,NA
2569,2015,Combined,2,2,2,325
2569,2016,China_Birdwatch,1,1,1,60
2569,2016,Combined,1,1,1,60
2569,2018,eBird_GBIF,2,1,2,NA
2569,2018,Combined,2,1,2,NA
2569,2020,China_Birdwatch,1,1,1,196020
2569,2020,eBird_GBIF,3,3,2,NA
2569,2020,Combined,4,4,3,196020
2569,2021,China_Birdwatch,1,1,1,300
2569,2021,eBird_GBIF,4,2,4,NA
2569,2021,Combined,5,3,5,300
2569,2022,China_Birdwatch,2,2,2,2744.8
2569,2022,eBird_GBIF,7,3,4,NA
2569,2022,Combined,9,5,6,2744.8
2569,2023,China_Birdwatch,17,10,17,308.4989384288748
2569,2023,eBird_GBIF,9,3,9,NA
2569,2023,Combined,26,13,23,308.4989384288748
2569,2024,China_Birdwatch,76,32,55,1408.8225563909828
2569,2024,Combined,76,32,55,1408.8225563909828
2570,2008,eBird_GBIF,1,1,1,NA
2570,2008,Combined,1,1,1,NA
2570,2013,eBird_GBIF,1,1,1,NA
2570,2013,Combined,1,1,1,NA
2570,2014,eBird_GBIF,2,2,2,NA
2570,2014,Combined,2,2,2,NA
2570,2016,eBird_GBIF,1,1,1,NA
2570,2016,Combined,1,1,1,NA
2570,2017,eBird_GBIF,1,1,1,NA
2570,2017,Combined,1,1,1,NA
2570,2018,eBird_GBIF,6,5,6,NA
2570,2018,Combined,6,5,6,NA
2570,2019,eBird_GBIF,2,2,2,NA
2570,2019,Combined,2,2,2,NA
2570,2020,China_Birdwatch,1,1,1,1265
2570,2020,eBird_GBIF,7,4,4,NA
2570,2020,Combined,8,5,5,1265
2570,2021,China_Birdwatch,5,3,5,801.1304347826087
2570,2021,eBird_GBIF,6,6,4,NA
2570,2021,Combined,11,9,8,801.1304347826087
2570,2022,China_Birdwatch,4,3,4,301618.6725663717
2570,2022,eBird_GBIF,12,4,12,NA
2570,2022,Combined,16,7,16,301618.6725663717
2570,2023,China_Birdwatch,21,18,20,16314.184523809556
2570,2023,eBird_GBIF,20,6,19,NA
2570,2023,Combined,41,24,37,16314.184523809556
2570,2024,China_Birdwatch,105,61,73,283.80357852882713
2570,2024,Combined,105,61,73,283.80357852882713
2571,2001,eBird_GBIF,1,1,1,NA
2571,2001,Combined,1,1,1,NA
2571,2002,eBird_GBIF,6,3,2,NA
2571,2002,Combined,6,3,2,NA
2571,2004,eBird_GBIF,1,1,1,NA
2571,2004,Combined,1,1,1,NA
2571,2005,eBird_GBIF,3,1,3,NA
2571,2005,Combined,3,1,3,NA
2571,2006,eBird_GBIF,3,2,3,NA
2571,2006,Combined,3,2,3,NA
2571,2008,eBird_GBIF,3,1,3,NA
2571,2008,Combined,3,1,3,NA
2571,2009,China_Birdwatch,1,1,1,540
2571,2009,eBird_GBIF,6,6,5,NA
2571,2009,Combined,7,7,5,540
2571,2010,eBird_GBIF,1,1,1,NA
2571,2010,Combined,1,1,1,NA
2571,2011,China_Birdwatch,2,1,2,948180
2571,2011,eBird_GBIF,4,3,4,NA
2571,2011,Combined,6,4,6,948180
2571,2012,eBird_GBIF,4,4,4,NA
2571,2012,Combined,4,4,4,NA
2571,2013,China_Birdwatch,1,1,1,5
2571,2013,eBird_GBIF,4,3,4,NA
2571,2013,Combined,5,4,5,5
2571,2014,eBird_GBIF,3,3,3,NA
2571,2014,Combined,3,3,3,NA
2571,2015,eBird_GBIF,3,3,3,NA
2571,2015,Combined,3,3,3,NA
2571,2016,eBird_GBIF,5,5,5,NA
2571,2016,Combined,5,5,5,NA
2571,2017,eBird_GBIF,16,12,13,NA
2571,2017,Combined,16,12,13,NA
2571,2018,eBird_GBIF,19,12,18,NA
2571,2018,Combined,19,12,18,NA
2571,2019,China_Birdwatch,6,3,6,25452.35849056605
2571,2019,eBird_GBIF,32,14,30,NA
2571,2019,Combined,38,17,32,25452.35849056605
2571,2020,China_Birdwatch,1,1,1,480
2571,2020,eBird_GBIF,17,7,15,NA
2571,2020,Combined,18,8,16,480
2571,2021,China_Birdwatch,7,4,7,294.97142857142865
2571,2021,eBird_GBIF,6,4,6,NA
2571,2021,Combined,13,8,13,294.97142857142865
2571,2022,China_Birdwatch,7,6,7,142104.1194029851
2571,2022,eBird_GBIF,11,3,11,NA
2571,2022,Combined,18,9,15,142104.1194029851
2571,2023,China_Birdwatch,51,30,49,1012.6934782608689
2571,2023,eBird_GBIF,39,16,33,NA
2571,2023,Combined,90,46,65,1012.6934782608689
2571,2024,China_Birdwatch,274,132,160,300.05752753978027
2571,2024,Combined,274,132,160,300.05752753978027
2572,2003,eBird_GBIF,1,1,1,NA
2572,2003,Combined,1,1,1,NA
2572,2004,eBird_GBIF,1,1,1,NA
2572,2004,Combined,1,1,1,NA
2572,2005,eBird_GBIF,1,1,1,NA
2572,2005,Combined,1,1,1,NA
2572,2006,eBird_GBIF,2,1,2,NA
2572,2006,Combined,2,1,2,NA
2572,2007,eBird_GBIF,3,2,3,NA
2572,2007,Combined,3,2,3,NA
2572,2008,eBird_GBIF,1,1,1,NA
2572,2008,Combined,1,1,1,NA
2572,2009,China_Birdwatch,1,1,1,1710
2572,2009,Combined,1,1,1,1710
2572,2010,eBird_GBIF,4,3,4,NA
2572,2010,Combined,4,3,4,NA
2572,2011,eBird_GBIF,3,1,3,NA
2572,2011,Combined,3,1,3,NA
2572,2012,eBird_GBIF,5,2,5,NA
2572,2012,Combined,5,2,5,NA
2572,2013,eBird_GBIF,7,4,7,NA
2572,2013,Combined,7,4,7,NA
2572,2014,eBird_GBIF,10,8,5,NA
2572,2014,Combined,10,8,5,NA
2572,2015,China_Birdwatch,4,2,4,678.8571428571428
2572,2015,eBird_GBIF,15,4,9,NA
2572,2015,Combined,19,6,12,678.8571428571428
2572,2016,eBird_GBIF,10,6,10,NA
2572,2016,Combined,10,6,10,NA
2572,2017,China_Birdwatch,1,1,1,1770
2572,2017,eBird_GBIF,13,7,7,NA
2572,2017,Combined,14,8,8,1770
2572,2018,China_Birdwatch,3,3,3,4716.666666666667
2572,2018,eBird_GBIF,67,24,37,NA
2572,2018,Combined,70,27,39,4716.666666666667
2572,2019,China_Birdwatch,4,2,4,5642.107526881719
2572,2019,eBird_GBIF,86,26,50,NA
2572,2019,Combined,90,28,54,5642.107526881719
2572,2020,China_Birdwatch,5,2,5,330.41666666666663
2572,2020,eBird_GBIF,96,18,73,NA
2572,2020,Combined,101,20,73,330.41666666666663
2572,2021,China_Birdwatch,32,9,31,933.0961538461538
2572,2021,eBird_GBIF,121,27,87,NA
2572,2021,Combined,153,36,95,933.0961538461538
2572,2022,China_Birdwatch,61,34,48,380.5035677879715
2572,2022,eBird_GBIF,158,42,83,NA
2572,2022,Combined,219,76,107,380.5035677879715
2572,2023,China_Birdwatch,163,84,99,583.4858235106736
2572,2023,eBird_GBIF,169,54,102,NA
2572,2023,Combined,332,138,154,583.4858235106736
2572,2024,China_Birdwatch,559,269,186,406.7318546569286
2572,2024,Combined,559,269,186,406.7318546569286
2573,2000,eBird_GBIF,1,1,1,NA
2573,2000,Combined,1,1,1,NA
2573,2002,eBird_GBIF,10,5,9,NA
2573,2002,Combined,10,5,9,NA
2573,2003,eBird_GBIF,2,1,2,NA
2573,2003,Combined,2,1,2,NA
2573,2004,eBird_GBIF,8,6,6,NA
2573,2004,Combined,8,6,6,NA
2573,2005,eBird_GBIF,41,5,37,NA
2573,2005,Combined,41,5,37,NA
2573,2006,eBird_GBIF,54,8,46,NA
2573,2006,Combined,54,8,46,NA
2573,2007,eBird_GBIF,58,7,53,NA
2573,2007,Combined,58,7,53,NA
2573,2008,eBird_GBIF,87,7,76,NA
2573,2008,Combined,87,7,76,NA
2573,2009,China_Birdwatch,2,1,2,94.57627118644068
2573,2009,eBird_GBIF,65,11,60,NA
2573,2009,Combined,67,12,61,94.57627118644068
2573,2010,eBird_GBIF,105,15,91,NA
2573,2010,Combined,105,15,91,NA
2573,2011,China_Birdwatch,3,2,3,1038.0821917808219
2573,2011,eBird_GBIF,97,11,79,NA
2573,2011,Combined,100,13,81,1038.0821917808219
2573,2012,eBird_GBIF,101,14,86,NA
2573,2012,Combined,101,14,86,NA
2573,2013,eBird_GBIF,112,20,92,NA
2573,2013,Combined,112,20,92,NA
2573,2014,China_Birdwatch,2,2,2,412.5
2573,2014,eBird_GBIF,63,19,55,NA
2573,2014,Combined,65,21,56,412.5
2573,2015,China_Birdwatch,19,6,18,792.435233160622
2573,2015,eBird_GBIF,47,18,43,NA
2573,2015,Combined,66,24,55,792.435233160622
2573,2016,China_Birdwatch,16,3,15,73246.80555555559
2573,2016,eBird_GBIF,108,35,84,NA
2573,2016,Combined,124,38,90,73246.80555555559
2573,2017,China_Birdwatch,18,5,17,189.9837662337662
2573,2017,eBird_GBIF,180,54,124,NA
2573,2017,Combined,198,59,127,189.9837662337662
2573,2018,China_Birdwatch,26,7,24,97437.97826086952
2573,2018,eBird_GBIF,269,58,163,NA
2573,2018,Combined,295,65,169,97437.97826086952
2573,2019,China_Birdwatch,25,10,23,23238.495024875607
2573,2019,eBird_GBIF,368,84,197,NA
2573,2019,Combined,393,94,199,23238.495024875607
2573,2020,China_Birdwatch,78,19,69,54505.69557823123
2573,2020,eBird_GBIF,470,51,234,NA
2573,2020,Combined,548,70,244,54505.69557823123
2573,2021,China_Birdwatch,292,43,178,2919.9637233406334
2573,2021,eBird_GBIF,1091,82,323,NA
2573,2021,Combined,1383,125,333,2919.9637233406334
2573,2022,China_Birdwatch,791,69,304,3014.4614636046335
2573,2022,eBird_GBIF,1566,88,348,NA
2573,2022,Combined,2357,157,359,3014.4614636046335
2573,2023,China_Birdwatch,2235,312,353,938.2851530933009
2573,2023,eBird_GBIF,2403,185,364,NA
2573,2023,Combined,4638,497,365,938.2851530933009
2573,2024,China_Birdwatch,7624,1117,358,328.15508460537797
2573,2024,Combined,7624,1117,358,328.15508460537797
2574,2000,eBird_GBIF,5,1,5,NA
2574,2000,Combined,5,1,5,NA
2574,2001,eBird_GBIF,3,1,3,NA
2574,2001,Combined,3,1,3,NA
2574,2002,eBird_GBIF,5,1,5,NA
2574,2002,Combined,5,1,5,NA
2574,2003,eBird_GBIF,2,1,2,NA
2574,2003,Combined,2,1,2,NA
2574,2004,eBird_GBIF,4,3,4,NA
2574,2004,Combined,4,3,4,NA
2574,2005,eBird_GBIF,10,2,10,NA
2574,2005,Combined,10,2,10,NA
2574,2006,eBird_GBIF,9,3,9,NA
2574,2006,Combined,9,3,9,NA
2574,2007,eBird_GBIF,5,2,5,NA
2574,2007,Combined,5,2,5,NA
2574,2008,eBird_GBIF,5,3,5,NA
2574,2008,Combined,5,3,5,NA
2574,2009,eBird_GBIF,7,3,7,NA
2574,2009,Combined,7,3,7,NA
2574,2010,eBird_GBIF,1,1,1,NA
2574,2010,Combined,1,1,1,NA
2574,2011,eBird_GBIF,5,1,5,NA
2574,2011,Combined,5,1,5,NA
2574,2012,eBird_GBIF,4,2,4,NA
2574,2012,Combined,4,2,4,NA
2574,2013,eBird_GBIF,2,2,2,NA
2574,2013,Combined,2,2,2,NA
2574,2014,eBird_GBIF,4,3,4,NA
2574,2014,Combined,4,3,4,NA
2574,2015,China_Birdwatch,1,1,1,39.705882352941174
2574,2015,eBird_GBIF,7,4,7,NA
2574,2015,Combined,8,5,8,39.705882352941174
2574,2016,eBird_GBIF,2,2,2,NA
2574,2016,Combined,2,2,2,NA
2574,2017,eBird_GBIF,30,7,26,NA
2574,2017,Combined,30,7,26,NA
2574,2018,China_Birdwatch,2,1,2,481.875
2574,2018,eBird_GBIF,38,11,35,NA
2574,2018,Combined,40,12,35,481.875
2574,2019,China_Birdwatch,2,2,2,108
2574,2019,eBird_GBIF,62,23,52,NA
2574,2019,Combined,64,25,53,108
2574,2020,China_Birdwatch,20,8,18,340.77922077922074
2574,2020,eBird_GBIF,80,23,57,NA
2574,2020,Combined,100,31,69,340.77922077922074
2574,2021,China_Birdwatch,74,11,70,459.04141104294416
2574,2021,eBird_GBIF,113,20,89,NA
2574,2021,Combined,187,31,131,459.04141104294416
2574,2022,China_Birdwatch,272,34,184,2410.546403712292
2574,2022,eBird_GBIF,228,29,149,NA
2574,2022,Combined,500,63,224,2410.546403712292
2574,2023,China_Birdwatch,620,107,269,1807.9485685329994
2574,2023,eBird_GBIF,398,67,215,NA
2574,2023,Combined,1018,174,305,1807.9485685329994
2574,2024,China_Birdwatch,1486,399,333,353.54722211222685
2574,2024,Combined,1486,399,333,353.54722211222685
2575,2009,eBird_GBIF,1,1,1,NA
2575,2009,Combined,1,1,1,NA
2575,2010,China_Birdwatch,2,1,2,225.65217391304347
2575,2010,eBird_GBIF,28,2,28,NA
2575,2010,Combined,30,3,29,225.65217391304347
2575,2011,eBird_GBIF,1,1,1,NA
2575,2011,Combined,1,1,1,NA
2575,2012,eBird_GBIF,2,1,2,NA
2575,2012,Combined,2,1,2,NA
2575,2013,eBird_GBIF,1,1,1,NA
2575,2013,Combined,1,1,1,NA
2575,2014,eBird_GBIF,1,1,1,NA
2575,2014,Combined,1,1,1,NA
2575,2015,China_Birdwatch,1,1,1,420
2575,2015,eBird_GBIF,2,2,2,NA
2575,2015,Combined,3,3,3,420
2575,2016,China_Birdwatch,1,1,1,360
2575,2016,eBird_GBIF,5,5,5,NA
2575,2016,Combined,6,6,6,360
2575,2017,eBird_GBIF,8,4,8,NA
2575,2017,Combined,8,4,8,NA
2575,2018,eBird_GBIF,16,5,16,NA
2575,2018,Combined,16,5,16,NA
2575,2019,eBird_GBIF,12,5,10,NA
2575,2019,Combined,12,5,10,NA
2575,2020,China_Birdwatch,3,1,3,85
2575,2020,eBird_GBIF,13,5,9,NA
2575,2020,Combined,16,6,12,85
2575,2021,China_Birdwatch,20,4,19,6007
2575,2021,eBird_GBIF,24,6,23,NA
2575,2021,Combined,44,10,33,6007
2575,2022,China_Birdwatch,23,4,22,227.84680851063843
2575,2022,eBird_GBIF,27,4,26,NA
2575,2022,Combined,50,8,41,227.84680851063843
2575,2023,China_Birdwatch,56,33,41,2128.769369369367
2575,2023,eBird_GBIF,131,33,91,NA
2575,2023,Combined,187,66,111,2128.769369369367
2575,2024,China_Birdwatch,164,89,100,249.25790583274843
2575,2024,Combined,164,89,100,249.25790583274843
2576,2004,eBird_GBIF,1,1,1,NA
2576,2004,Combined,1,1,1,NA
2576,2016,China_Birdwatch,2,2,2,100.38461538461539
2576,2016,Combined,2,2,2,100.38461538461539
2576,2019,China_Birdwatch,1,1,1,180
2576,2019,Combined,1,1,1,180
2576,2020,eBird_GBIF,2,1,2,NA
2576,2020,Combined,2,1,2,NA
2576,2021,China_Birdwatch,5,5,5,151.23287671232876
2576,2021,eBird_GBIF,9,4,7,NA
2576,2021,Combined,14,9,12,151.23287671232876
2576,2022,China_Birdwatch,10,5,9,94.49275362318842
2576,2022,eBird_GBIF,6,3,6,NA
2576,2022,Combined,16,8,15,94.49275362318842
2576,2023,China_Birdwatch,17,15,17,341.0119047619048
2576,2023,eBird_GBIF,15,8,12,NA
2576,2023,Combined,32,23,27,341.0119047619048
2576,2024,China_Birdwatch,63,34,59,100.37841530054646
2576,2024,Combined,63,34,59,100.37841530054646
2605,2004,eBird_GBIF,1,1,1,NA
2605,2004,Combined,1,1,1,NA
2605,2007,eBird_GBIF,1,1,1,NA
2605,2007,Combined,1,1,1,NA
2606,2005,eBird_GBIF,2,1,2,NA
2606,2005,Combined,2,1,2,NA
2606,2021,eBird_GBIF,1,1,1,NA
2606,2021,Combined,1,1,1,NA
2606,2024,China_Birdwatch,3,3,3,60
2606,2024,Combined,3,3,3,60
2607,2007,eBird_GBIF,1,1,1,NA
2607,2007,Combined,1,1,1,NA
2607,2017,eBird_GBIF,1,1,1,NA
2607,2017,Combined,1,1,1,NA
2607,2021,eBird_GBIF,1,1,1,NA
2607,2021,Combined,1,1,1,NA
2607,2022,China_Birdwatch,1,1,1,180
2607,2022,Combined,1,1,1,180
2607,2023,China_Birdwatch,1,1,1,25196
2607,2023,Combined,1,1,1,25196
2607,2024,China_Birdwatch,2,2,2,53.142857142857146
2607,2024,Combined,2,2,2,53.142857142857146
2608,2005,eBird_GBIF,1,1,1,NA
2608,2005,Combined,1,1,1,NA
2608,2023,China_Birdwatch,1,1,1,60
2608,2023,Combined,1,1,1,60
2608,2024,China_Birdwatch,1,1,1,120
2608,2024,Combined,1,1,1,120
2609,2004,eBird_GBIF,1,1,1,NA
2609,2004,Combined,1,1,1,NA
2609,2020,China_Birdwatch,1,1,1,360
2609,2020,Combined,1,1,1,360
2609,2023,China_Birdwatch,4,4,4,65.80645161290323
2609,2023,eBird_GBIF,1,1,1,NA
2609,2023,Combined,5,5,4,65.80645161290323
2609,2024,China_Birdwatch,2,2,2,101.7391304347826
2609,2024,Combined,2,2,2,101.7391304347826
2610,2001,eBird_GBIF,2,1,2,NA
2610,2001,Combined,2,1,2,NA
2610,2005,eBird_GBIF,1,1,1,NA
2610,2005,Combined,1,1,1,NA
2610,2007,eBird_GBIF,7,4,3,NA
2610,2007,Combined,7,4,3,NA
2610,2015,eBird_GBIF,4,4,4,NA
2610,2015,Combined,4,4,4,NA
2610,2018,eBird_GBIF,3,3,2,NA
2610,2018,Combined,3,3,2,NA
2610,2019,eBird_GBIF,2,2,2,NA
2610,2019,Combined,2,2,2,NA
2610,2020,China_Birdwatch,2,1,2,641.5384615384615
2610,2020,eBird_GBIF,7,7,2,NA
2610,2020,Combined,9,8,4,641.5384615384615
2610,2021,eBird_GBIF,4,4,2,NA
2610,2021,Combined,4,4,2,NA
2610,2022,eBird_GBIF,1,1,1,NA
2610,2022,Combined,1,1,1,NA
2610,2023,China_Birdwatch,11,11,9,1245.1217948717945
2610,2023,eBird_GBIF,6,5,5,NA
2610,2023,Combined,17,16,14,1245.1217948717945
2610,2024,China_Birdwatch,27,22,17,380.36336336336325
2610,2024,Combined,27,22,17,380.36336336336325
2611,2009,eBird_GBIF,1,1,1,NA
2611,2009,Combined,1,1,1,NA
2611,2018,eBird_GBIF,3,3,2,NA
2611,2018,Combined,3,3,2,NA
2611,2019,China_Birdwatch,1,1,1,480
2611,2019,eBird_GBIF,2,1,2,NA
2611,2019,Combined,3,2,3,480
2611,2021,China_Birdwatch,2,2,2,102.07142857142857
2611,2021,eBird_GBIF,11,7,6,NA
2611,2021,Combined,13,9,7,102.07142857142857
2611,2023,China_Birdwatch,9,6,9,173.57142857142856
2611,2023,eBird_GBIF,2,2,1,NA
2611,2023,Combined,11,8,10,173.57142857142856
2611,2024,China_Birdwatch,24,19,19,345.6043360433604
2611,2024,Combined,24,19,19,345.6043360433604
2612,2004,eBird_GBIF,1,1,1,NA
2612,2004,Combined,1,1,1,NA
2612,2011,eBird_GBIF,1,1,1,NA
2612,2011,Combined,1,1,1,NA
2612,2013,eBird_GBIF,2,2,1,NA
2612,2013,Combined,2,2,1,NA
2612,2015,eBird_GBIF,2,2,2,NA
2612,2015,Combined,2,2,2,NA
2612,2016,eBird_GBIF,4,4,2,NA
2612,2016,Combined,4,4,2,NA
2612,2017,eBird_GBIF,2,2,1,NA
2612,2017,Combined,2,2,1,NA
2612,2018,China_Birdwatch,1,1,1,120
2612,2018,eBird_GBIF,1,1,1,NA
2612,2018,Combined,2,2,2,120
2612,2019,eBird_GBIF,1,1,1,NA
2612,2019,Combined,1,1,1,NA
2612,2020,eBird_GBIF,8,8,1,NA
2612,2020,Combined,8,8,1,NA
2612,2021,China_Birdwatch,2,2,2,108.46153846153847
2612,2021,eBird_GBIF,9,5,6,NA
2612,2021,Combined,11,7,8,108.46153846153847
2612,2022,eBird_GBIF,4,2,2,NA
2612,2022,Combined,4,2,2,NA
2612,2023,China_Birdwatch,6,6,6,312.20588235294116
2612,2023,eBird_GBIF,1,1,1,NA
2612,2023,Combined,7,7,7,312.20588235294116
2612,2024,China_Birdwatch,9,7,8,86.88135593220338
2612,2024,Combined,9,7,8,86.88135593220338
2613,2000,eBird_GBIF,8,3,8,NA
2613,2000,Combined,8,3,8,NA
2613,2001,eBird_GBIF,10,5,10,NA
2613,2001,Combined,10,5,10,NA
2613,2002,eBird_GBIF,5,2,5,NA
2613,2002,Combined,5,2,5,NA
2613,2003,eBird_GBIF,1,1,1,NA
2613,2003,Combined,1,1,1,NA
2613,2004,eBird_GBIF,26,8,26,NA
2613,2004,Combined,26,8,26,NA
2613,2005,eBird_GBIF,5,1,5,NA
2613,2005,Combined,5,1,5,NA
2613,2006,eBird_GBIF,9,7,8,NA
2613,2006,Combined,9,7,8,NA
2613,2007,eBird_GBIF,39,12,25,NA
2613,2007,Combined,39,12,25,NA
2613,2008,eBird_GBIF,10,4,10,NA
2613,2008,Combined,10,4,10,NA
2613,2009,eBird_GBIF,10,4,7,NA
2613,2009,Combined,10,4,7,NA
2613,2010,China_Birdwatch,2,1,2,490.95652173913044
2613,2010,eBird_GBIF,15,8,15,NA
2613,2010,Combined,17,9,17,490.95652173913044
2613,2011,eBird_GBIF,13,7,13,NA
2613,2011,Combined,13,7,13,NA
2613,2012,China_Birdwatch,5,3,5,221.6949152542374
2613,2012,eBird_GBIF,1,1,1,NA
2613,2012,Combined,6,4,6,221.6949152542374
2613,2013,China_Birdwatch,2,1,2,0
2613,2013,eBird_GBIF,22,8,16,NA
2613,2013,Combined,24,9,18,0
2613,2014,eBird_GBIF,17,12,17,NA
2613,2014,Combined,17,12,17,NA
2613,2015,China_Birdwatch,3,2,3,4620.8
2613,2015,eBird_GBIF,25,13,20,NA
2613,2015,Combined,28,15,22,4620.8
2613,2016,China_Birdwatch,4,3,3,374.92957746478874
2613,2016,eBird_GBIF,21,14,17,NA
2613,2016,Combined,25,17,19,374.92957746478874
2613,2017,China_Birdwatch,1,1,1,240
2613,2017,eBird_GBIF,29,16,27,NA
2613,2017,Combined,30,17,28,240
2613,2018,China_Birdwatch,6,4,6,600.8064516129031
2613,2018,eBird_GBIF,52,21,33,NA
2613,2018,Combined,58,25,36,600.8064516129031
2613,2019,China_Birdwatch,3,2,3,321.875
2613,2019,eBird_GBIF,35,18,27,NA
2613,2019,Combined,38,20,30,321.875
2613,2020,China_Birdwatch,12,7,12,1526.1686046511636
2613,2020,eBird_GBIF,30,15,17,NA
2613,2020,Combined,42,22,28,1526.1686046511636
2613,2021,China_Birdwatch,32,18,28,17348.19047619045
2613,2021,eBird_GBIF,35,18,27,NA
2613,2021,Combined,67,36,49,17348.19047619045
2613,2022,China_Birdwatch,28,12,26,12405.270655270648
2613,2022,eBird_GBIF,12,8,6,NA
2613,2022,Combined,40,20,32,12405.270655270648
2613,2023,China_Birdwatch,147,71,93,189.82677165354355
2613,2023,eBird_GBIF,39,16,33,NA
2613,2023,Combined,186,87,112,189.82677165354355
2613,2024,China_Birdwatch,252,129,148,273.47938306578516
2613,2024,Combined,252,129,148,273.47938306578516
2614,2002,eBird_GBIF,3,1,3,NA
2614,2002,Combined,3,1,3,NA
2614,2004,eBird_GBIF,3,1,3,NA
2614,2004,Combined,3,1,3,NA
2614,2010,eBird_GBIF,2,2,2,NA
2614,2010,Combined,2,2,2,NA
2614,2011,eBird_GBIF,2,1,2,NA
2614,2011,Combined,2,1,2,NA
2614,2012,China_Birdwatch,2,1,2,0
2614,2012,Combined,2,1,2,0
2614,2013,eBird_GBIF,1,1,1,NA
2614,2013,Combined,1,1,1,NA
2614,2014,eBird_GBIF,2,1,2,NA
2614,2014,Combined,2,1,2,NA
2614,2015,eBird_GBIF,2,2,2,NA
2614,2015,Combined,2,2,2,NA
2614,2017,eBird_GBIF,2,1,2,NA
2614,2017,Combined,2,1,2,NA
2614,2018,eBird_GBIF,10,8,6,NA
2614,2018,Combined,10,8,6,NA
2614,2020,China_Birdwatch,1,1,1,60
2614,2020,eBird_GBIF,2,2,2,NA
2614,2020,Combined,3,3,3,60
2614,2021,China_Birdwatch,2,2,2,60.46153846153846
2614,2021,eBird_GBIF,1,1,1,NA
2614,2021,Combined,3,3,3,60.46153846153846
2614,2022,eBird_GBIF,2,2,2,NA
2614,2022,Combined,2,2,2,NA
2614,2023,China_Birdwatch,9,9,6,201.23300970873785
2614,2023,eBird_GBIF,2,2,2,NA
2614,2023,Combined,11,11,6,201.23300970873785
2614,2024,China_Birdwatch,25,21,19,677.2321428571432
2614,2024,Combined,25,21,19,677.2321428571432
2615,2002,eBird_GBIF,1,1,1,NA
2615,2002,Combined,1,1,1,NA
2615,2009,eBird_GBIF,2,2,1,NA
2615,2009,Combined,2,2,1,NA
2615,2014,eBird_GBIF,1,1,1,NA
2615,2014,Combined,1,1,1,NA
2615,2018,eBird_GBIF,3,3,1,NA
2615,2018,Combined,3,3,1,NA
2615,2021,China_Birdwatch,1,1,1,720
2615,2021,eBird_GBIF,2,2,1,NA
2615,2021,Combined,3,3,2,720
2615,2022,China_Birdwatch,1,1,1,60
2615,2022,Combined,1,1,1,60
2615,2024,China_Birdwatch,3,3,3,60
2615,2024,Combined,3,3,3,60
2616,2007,eBird_GBIF,1,1,1,NA
2616,2007,Combined,1,1,1,NA
2616,2011,eBird_GBIF,2,1,2,NA
2616,2011,Combined,2,1,2,NA
2616,2014,eBird_GBIF,1,1,1,NA
2616,2014,Combined,1,1,1,NA
2616,2016,China_Birdwatch,1,1,1,540
2616,2016,Combined,1,1,1,540
2616,2017,eBird_GBIF,1,1,1,NA
2616,2017,Combined,1,1,1,NA
2616,2018,eBird_GBIF,2,2,2,NA
2616,2018,Combined,2,2,2,NA
2616,2020,China_Birdwatch,1,1,1,41
2616,2020,eBird_GBIF,1,1,1,NA
2616,2020,Combined,2,2,2,41
2616,2021,China_Birdwatch,3,3,3,57.857142857142854
2616,2021,eBird_GBIF,2,2,1,NA
2616,2021,Combined,5,5,4,57.857142857142854
2616,2022,China_Birdwatch,1,1,1,11640
2616,2022,eBird_GBIF,1,1,1,NA
2616,2022,Combined,2,2,2,11640
2616,2023,China_Birdwatch,6,6,5,75.14285714285714
2616,2023,Combined,6,6,5,75.14285714285714
2616,2024,China_Birdwatch,26,25,16,97.46351931330474
2616,2024,Combined,26,25,16,97.46351931330474
2617,2007,eBird_GBIF,9,3,3,NA
2617,2007,Combined,9,3,3,NA
2617,2009,eBird_GBIF,6,2,3,NA
2617,2009,Combined,6,2,3,NA
2617,2010,eBird_GBIF,1,1,1,NA
2617,2010,Combined,1,1,1,NA
2617,2011,eBird_GBIF,2,1,2,NA
2617,2011,Combined,2,1,2,NA
2617,2012,China_Birdwatch,3,2,3,74.0625
2617,2012,Combined,3,2,3,74.0625
2617,2013,eBird_GBIF,5,3,5,NA
2617,2013,Combined,5,3,5,NA
2617,2014,eBird_GBIF,1,1,1,NA
2617,2014,Combined,1,1,1,NA
2617,2015,China_Birdwatch,1,1,1,2880
2617,2015,eBird_GBIF,3,1,3,NA
2617,2015,Combined,4,2,4,2880
2617,2016,China_Birdwatch,2,2,2,155064.11764705885
2617,2016,eBird_GBIF,3,2,3,NA
2617,2016,Combined,5,4,5,155064.11764705885
2617,2017,eBird_GBIF,8,4,6,NA
2617,2017,Combined,8,4,6,NA
2617,2018,China_Birdwatch,2,2,2,345
2617,2018,eBird_GBIF,8,8,4,NA
2617,2018,Combined,10,10,6,345
2617,2019,China_Birdwatch,1,1,1,600
2617,2019,eBird_GBIF,2,2,2,NA
2617,2019,Combined,3,3,3,600
2617,2020,China_Birdwatch,6,4,6,855.8470588235293
2617,2020,eBird_GBIF,22,10,12,NA
2617,2020,Combined,28,14,17,855.8470588235293
2617,2021,China_Birdwatch,31,16,28,4923.59706959707
2617,2021,eBird_GBIF,99,27,56,NA
2617,2021,Combined,130,43,78,4923.59706959707
2617,2022,China_Birdwatch,11,8,11,3455.9562499999993
2617,2022,eBird_GBIF,46,11,22,NA
2617,2022,Combined,57,19,29,3455.9562499999993
2617,2023,China_Birdwatch,181,71,80,706.0120599739225
2617,2023,eBird_GBIF,40,15,32,NA
2617,2023,Combined,221,86,90,706.0120599739225
2617,2024,China_Birdwatch,518,188,173,406.7271721641211
2617,2024,Combined,518,188,173,406.7271721641211
2618,2004,eBird_GBIF,1,1,1,NA
2618,2004,Combined,1,1,1,NA
2618,2012,China_Birdwatch,1,1,1,12960
2618,2012,Combined,1,1,1,12960
2618,2014,China_Birdwatch,1,1,1,2040
2618,2014,Combined,1,1,1,2040
2618,2016,China_Birdwatch,1,1,1,660
2618,2016,Combined,1,1,1,660
2618,2017,eBird_GBIF,2,2,2,NA
2618,2017,Combined,2,2,2,NA
2618,2018,eBird_GBIF,24,4,10,NA
2618,2018,Combined,24,4,10,NA
2618,2019,China_Birdwatch,4,1,4,11294.186046511628
2618,2019,eBird_GBIF,17,2,17,NA
2618,2019,Combined,21,3,18,11294.186046511628
2618,2020,China_Birdwatch,7,3,5,2548.9180327868858
2618,2020,eBird_GBIF,87,12,34,NA
2618,2020,Combined,94,15,35,2548.9180327868858
2618,2021,China_Birdwatch,52,17,47,4444.690355329949
2618,2021,eBird_GBIF,176,27,97,NA
2618,2021,Combined,228,44,115,4444.690355329949
2618,2022,China_Birdwatch,16,7,14,112682.7236421726
2618,2022,eBird_GBIF,54,9,27,NA
2618,2022,Combined,70,16,34,112682.7236421726
2618,2023,China_Birdwatch,303,70,110,775.3656925316311
2618,2023,eBird_GBIF,86,21,50,NA
2618,2023,Combined,389,91,124,775.3656925316311
2618,2024,China_Birdwatch,727,165,162,1785.1349842194775
2618,2024,Combined,727,165,162,1785.1349842194775
2619,2016,China_Birdwatch,1,1,1,45240
2619,2016,Combined,1,1,1,45240
2619,2019,eBird_GBIF,1,1,1,NA
2619,2019,Combined,1,1,1,NA
2619,2020,China_Birdwatch,1,1,1,600
2619,2020,eBird_GBIF,2,2,2,NA
2619,2020,Combined,3,3,3,600
2619,2021,China_Birdwatch,3,3,3,152.5
2619,2021,eBird_GBIF,1,1,1,NA
2619,2021,Combined,4,4,4,152.5
2619,2023,China_Birdwatch,6,6,5,49.9
2619,2023,eBird_GBIF,2,1,2,NA
2619,2023,Combined,8,7,7,49.9
2619,2024,China_Birdwatch,11,9,9,1295.938271604938
2619,2024,Combined,11,9,9,1295.938271604938
2620,2007,eBird_GBIF,5,3,2,NA
2620,2007,Combined,5,3,2,NA
2620,2021,China_Birdwatch,1,1,1,1140
2620,2021,Combined,1,1,1,1140
2620,2023,China_Birdwatch,5,4,5,51.111111111111114
2620,2023,Combined,5,4,5,51.111111111111114
2620,2024,China_Birdwatch,3,3,2,60
2620,2024,Combined,3,3,2,60
2621,2007,eBird_GBIF,3,3,1,NA
2621,2007,Combined,3,3,1,NA
2621,2008,eBird_GBIF,1,1,1,NA
2621,2008,Combined,1,1,1,NA
2621,2016,eBird_GBIF,1,1,1,NA
2621,2016,Combined,1,1,1,NA
2621,2020,eBird_GBIF,2,2,2,NA
2621,2020,Combined,2,2,2,NA
2621,2021,China_Birdwatch,4,3,4,337.05882352941177
2621,2021,Combined,4,3,4,337.05882352941177
2621,2022,China_Birdwatch,1,1,1,60
2621,2022,Combined,1,1,1,60
2621,2023,China_Birdwatch,13,7,11,102.4
2621,2023,Combined,13,7,11,102.4
2621,2024,China_Birdwatch,24,9,17,151.43606557377046
2621,2024,Combined,24,9,17,151.43606557377046
2622,2018,eBird_GBIF,1,1,1,NA
2622,2018,Combined,1,1,1,NA
2622,2020,eBird_GBIF,1,1,1,NA
2622,2020,Combined,1,1,1,NA
2622,2021,China_Birdwatch,1,1,1,30
2622,2021,Combined,1,1,1,30
2622,2023,China_Birdwatch,1,1,1,60
2622,2023,Combined,1,1,1,60
2622,2024,China_Birdwatch,6,3,4,120
2622,2024,Combined,6,3,4,120
2623,2005,eBird_GBIF,1,1,1,NA
2623,2005,Combined,1,1,1,NA
2623,2012,eBird_GBIF,1,1,1,NA
2623,2012,Combined,1,1,1,NA
2623,2015,eBird_GBIF,4,1,4,NA
2623,2015,Combined,4,1,4,NA
2623,2016,eBird_GBIF,1,1,1,NA
2623,2016,Combined,1,1,1,NA
2623,2018,China_Birdwatch,1,1,1,0
2623,2018,Combined,1,1,1,0
2623,2019,eBird_GBIF,3,2,3,NA
2623,2019,Combined,3,2,3,NA
2623,2020,eBird_GBIF,3,2,3,NA
2623,2020,Combined,3,2,3,NA
2623,2022,eBird_GBIF,1,1,1,NA
2623,2022,Combined,1,1,1,NA
2623,2023,China_Birdwatch,1,1,1,60
2623,2023,eBird_GBIF,1,1,1,NA
2623,2023,Combined,2,2,2,60
2623,2024,China_Birdwatch,14,9,13,163.03225806451616
2623,2024,Combined,14,9,13,163.03225806451616
2624,2016,eBird_GBIF,1,1,1,NA
2624,2016,Combined,1,1,1,NA
2624,2018,China_Birdwatch,2,2,2,100.71428571428571
2624,2018,Combined,2,2,2,100.71428571428571
2624,2020,eBird_GBIF,1,1,1,NA
2624,2020,Combined,1,1,1,NA
2624,2021,China_Birdwatch,1,1,1,60
2624,2021,Combined,1,1,1,60
2624,2023,China_Birdwatch,11,1,11,1312.6145833333335
2624,2023,Combined,11,1,11,1312.6145833333335
2624,2024,China_Birdwatch,14,2,14,1236.5766423357659
2624,2024,Combined,14,2,14,1236.5766423357659
2625,2008,eBird_GBIF,3,3,3,NA
2625,2008,Combined,3,3,3,NA
2625,2010,eBird_GBIF,1,1,1,NA
2625,2010,Combined,1,1,1,NA
2625,2012,eBird_GBIF,7,3,7,NA
2625,2012,Combined,7,3,7,NA
2625,2013,eBird_GBIF,7,3,4,NA
2625,2013,Combined,7,3,4,NA
2625,2014,China_Birdwatch,1,1,1,4708396
2625,2014,eBird_GBIF,19,7,14,NA
2625,2014,Combined,20,8,15,4708396
2625,2015,eBird_GBIF,7,7,5,NA
2625,2015,Combined,7,7,5,NA
2625,2016,China_Birdwatch,2,1,2,285777.69230769237
2625,2016,eBird_GBIF,14,12,11,NA
2625,2016,Combined,16,13,13,285777.69230769237
2625,2017,China_Birdwatch,2,2,2,237.85714285714286
2625,2017,eBird_GBIF,22,15,10,NA
2625,2017,Combined,24,17,11,237.85714285714286
2625,2018,China_Birdwatch,3,2,3,1428.5
2625,2018,eBird_GBIF,44,16,33,NA
2625,2018,Combined,47,18,36,1428.5
2625,2019,China_Birdwatch,1,1,1,2100
2625,2019,eBird_GBIF,48,25,21,NA
2625,2019,Combined,49,26,22,2100
2625,2020,China_Birdwatch,12,9,10,1451.0823045267487
2625,2020,eBird_GBIF,19,7,14,NA
2625,2020,Combined,31,16,19,1451.0823045267487
2625,2021,China_Birdwatch,9,8,9,570.3599999999999
2625,2021,eBird_GBIF,24,9,17,NA
2625,2021,Combined,33,17,24,570.3599999999999
2625,2022,China_Birdwatch,5,4,5,495.4255319148936
2625,2022,eBird_GBIF,15,10,10,NA
2625,2022,Combined,20,14,15,495.4255319148936
2625,2023,China_Birdwatch,26,21,21,592.9631449631448
2625,2023,eBird_GBIF,9,7,9,NA
2625,2023,Combined,35,28,26,592.9631449631448
2625,2024,China_Birdwatch,126,65,86,470.3480497213881
2625,2024,Combined,126,65,86,470.3480497213881
2626,2002,eBird_GBIF,1,1,1,NA
2626,2002,Combined,1,1,1,NA
2626,2004,eBird_GBIF,7,3,4,NA
2626,2004,Combined,7,3,4,NA
2626,2005,eBird_GBIF,2,2,2,NA
2626,2005,Combined,2,2,2,NA
2626,2006,eBird_GBIF,21,7,20,NA
2626,2006,Combined,21,7,20,NA
2626,2007,eBird_GBIF,21,9,15,NA
2626,2007,Combined,21,9,15,NA
2626,2008,eBird_GBIF,7,2,7,NA
2626,2008,Combined,7,2,7,NA
2626,2009,eBird_GBIF,16,7,14,NA
2626,2009,Combined,16,7,14,NA
2626,2010,eBird_GBIF,38,12,24,NA
2626,2010,Combined,38,12,24,NA
2626,2011,China_Birdwatch,7,1,7,504.2857142857143
2626,2011,eBird_GBIF,44,15,34,NA
2626,2011,Combined,51,16,41,504.2857142857143
2626,2012,eBird_GBIF,3,2,3,NA
2626,2012,Combined,3,2,3,NA
2626,2013,eBird_GBIF,26,10,19,NA
2626,2013,Combined,26,10,19,NA
2626,2014,eBird_GBIF,40,18,27,NA
2626,2014,Combined,40,18,27,NA
2626,2015,eBird_GBIF,38,17,23,NA
2626,2015,Combined,38,17,23,NA
2626,2016,China_Birdwatch,3,3,3,155276.36250000002
2626,2016,eBird_GBIF,66,23,35,NA
2626,2016,Combined,69,26,38,155276.36250000002
2626,2017,China_Birdwatch,2,1,2,105807.05882352943
2626,2017,eBird_GBIF,71,25,35,NA
2626,2017,Combined,73,26,37,105807.05882352943
2626,2018,China_Birdwatch,1,1,1,1500
2626,2018,eBird_GBIF,71,23,42,NA
2626,2018,Combined,72,24,43,1500
2626,2019,China_Birdwatch,4,3,4,1495.8494623655913
2626,2019,eBird_GBIF,128,54,51,NA
2626,2019,Combined,132,57,52,1495.8494623655913
2626,2020,China_Birdwatch,8,5,8,2728.9297658862874
2626,2020,eBird_GBIF,95,27,42,NA
2626,2020,Combined,103,32,47,2728.9297658862874
2626,2021,China_Birdwatch,50,26,41,2689.016109045848
2626,2021,eBird_GBIF,118,31,68,NA
2626,2021,Combined,168,57,94,2689.016109045848
2626,2022,China_Birdwatch,81,38,55,1402.5905441570026
2626,2022,eBird_GBIF,94,33,63,NA
2626,2022,Combined,175,71,100,1402.5905441570026
2626,2023,China_Birdwatch,311,133,148,995.6319513406141
2626,2023,eBird_GBIF,150,57,83,NA
2626,2023,Combined,461,190,177,995.6319513406141
2626,2024,China_Birdwatch,1210,512,243,1043.2022676222068
2626,2024,Combined,1210,512,243,1043.2022676222068
2627,2000,eBird_GBIF,2,1,2,NA
2627,2000,Combined,2,1,2,NA
2627,2001,eBird_GBIF,1,1,1,NA
2627,2001,Combined,1,1,1,NA
2627,2002,eBird_GBIF,54,8,32,NA
2627,2002,Combined,54,8,32,NA
2627,2003,eBird_GBIF,4,4,4,NA
2627,2003,Combined,4,4,4,NA
2627,2004,eBird_GBIF,4,4,2,NA
2627,2004,Combined,4,4,2,NA
2627,2005,eBird_GBIF,8,4,8,NA
2627,2005,Combined,8,4,8,NA
2627,2006,eBird_GBIF,18,5,18,NA
2627,2006,Combined,18,5,18,NA
2627,2007,China_Birdwatch,1,1,1,1860
2627,2007,eBird_GBIF,11,4,11,NA
2627,2007,Combined,12,5,12,1860
2627,2008,eBird_GBIF,18,6,17,NA
2627,2008,Combined,18,6,17,NA
2627,2009,China_Birdwatch,1,1,1,2640
2627,2009,eBird_GBIF,6,4,6,NA
2627,2009,Combined,7,5,7,2640
2627,2010,eBird_GBIF,25,12,22,NA
2627,2010,Combined,25,12,22,NA
2627,2011,eBird_GBIF,1,1,1,NA
2627,2011,Combined,1,1,1,NA
2627,2012,eBird_GBIF,16,9,15,NA
2627,2012,Combined,16,9,15,NA
2627,2013,eBird_GBIF,35,15,31,NA
2627,2013,Combined,35,15,31,NA
2627,2014,eBird_GBIF,24,13,22,NA
2627,2014,Combined,24,13,22,NA
2627,2015,eBird_GBIF,13,7,13,NA
2627,2015,Combined,13,7,13,NA
2627,2016,eBird_GBIF,12,9,11,NA
2627,2016,Combined,12,9,11,NA
2627,2017,China_Birdwatch,1,1,1,1620
2627,2017,eBird_GBIF,29,10,28,NA
2627,2017,Combined,30,11,29,1620
2627,2018,eBird_GBIF,25,13,17,NA
2627,2018,Combined,25,13,17,NA
2627,2019,China_Birdwatch,6,4,6,1746.2666666666669
2627,2019,eBird_GBIF,19,11,19,NA
2627,2019,Combined,25,15,23,1746.2666666666669
2627,2020,China_Birdwatch,4,4,4,53515.53191489364
2627,2020,eBird_GBIF,15,8,12,NA
2627,2020,Combined,19,12,16,53515.53191489364
2627,2021,China_Birdwatch,16,12,16,553.2513227513227
2627,2021,eBird_GBIF,28,16,18,NA
2627,2021,Combined,44,28,32,553.2513227513227
2627,2022,China_Birdwatch,13,6,13,590.4246575342465
2627,2022,eBird_GBIF,24,16,13,NA
2627,2022,Combined,37,22,26,590.4246575342465
2627,2023,China_Birdwatch,30,19,29,636.1696606786427
2627,2023,eBird_GBIF,11,8,11,NA
2627,2023,Combined,41,27,37,636.1696606786427
2627,2024,China_Birdwatch,150,99,104,491.3296468069922
2627,2024,Combined,150,99,104,491.3296468069922
2628,2011,eBird_GBIF,1,1,1,NA
2628,2011,Combined,1,1,1,NA
2628,2016,eBird_GBIF,2,2,2,NA
2628,2016,Combined,2,2,2,NA
2628,2017,eBird_GBIF,1,1,1,NA
2628,2017,Combined,1,1,1,NA
2628,2019,China_Birdwatch,2,1,2,156
2628,2019,Combined,2,1,2,156
2628,2020,China_Birdwatch,2,1,2,353.2258064516129
2628,2020,eBird_GBIF,4,3,3,NA
2628,2020,Combined,6,4,3,353.2258064516129
2628,2021,eBird_GBIF,1,1,1,NA
2628,2021,Combined,1,1,1,NA
2628,2022,China_Birdwatch,6,5,5,355.4347826086956
2628,2022,eBird_GBIF,3,3,2,NA
2628,2022,Combined,9,8,7,355.4347826086956
2628,2023,China_Birdwatch,67,12,62,186.24485981308385
2628,2023,eBird_GBIF,11,4,11,NA
2628,2023,Combined,78,16,67,186.24485981308385
2628,2024,China_Birdwatch,138,30,105,652.3280196198675
2628,2024,Combined,138,30,105,652.3280196198675
2629,2013,eBird_GBIF,1,1,1,NA
2629,2013,Combined,1,1,1,NA
2629,2015,eBird_GBIF,1,1,1,NA
2629,2015,Combined,1,1,1,NA
2629,2016,eBird_GBIF,4,1,4,NA
2629,2016,Combined,4,1,4,NA
2629,2017,eBird_GBIF,3,3,3,NA
2629,2017,Combined,3,3,3,NA
2629,2018,eBird_GBIF,3,3,3,NA
2629,2018,Combined,3,3,3,NA
2629,2019,eBird_GBIF,4,1,4,NA
2629,2019,Combined,4,1,4,NA
2629,2020,China_Birdwatch,2,2,2,1314281.3793103448
2629,2020,eBird_GBIF,21,4,14,NA
2629,2020,Combined,23,6,16,1314281.3793103448
2629,2021,eBird_GBIF,4,1,4,NA
2629,2021,Combined,4,1,4,NA
2629,2022,China_Birdwatch,4,2,4,63316.59574468085
2629,2022,eBird_GBIF,1,1,1,NA
2629,2022,Combined,5,3,5,63316.59574468085
2629,2023,China_Birdwatch,21,9,21,946.1417624521081
2629,2023,eBird_GBIF,2,2,2,NA
2629,2023,Combined,23,11,23,946.1417624521081
2629,2024,China_Birdwatch,91,37,81,2234.494901960784
2629,2024,Combined,91,37,81,2234.494901960784
2630,2001,eBird_GBIF,2,2,2,NA
2630,2001,Combined,2,2,2,NA
2630,2002,eBird_GBIF,4,4,3,NA
2630,2002,Combined,4,4,3,NA
2630,2003,eBird_GBIF,1,1,1,NA
2630,2003,Combined,1,1,1,NA
2630,2006,eBird_GBIF,3,1,3,NA
2630,2006,Combined,3,1,3,NA
2630,2007,eBird_GBIF,3,3,3,NA
2630,2007,Combined,3,3,3,NA
2630,2008,eBird_GBIF,14,3,14,NA
2630,2008,Combined,14,3,14,NA
2630,2009,eBird_GBIF,1,1,1,NA
2630,2009,Combined,1,1,1,NA
2630,2010,eBird_GBIF,6,4,6,NA
2630,2010,Combined,6,4,6,NA
2630,2011,eBird_GBIF,3,3,3,NA
2630,2011,Combined,3,3,3,NA
2630,2012,eBird_GBIF,1,1,1,NA
2630,2012,Combined,1,1,1,NA
2630,2013,eBird_GBIF,5,5,5,NA
2630,2013,Combined,5,5,5,NA
2630,2014,China_Birdwatch,1,1,1,0
2630,2014,eBird_GBIF,7,3,7,NA
2630,2014,Combined,8,4,8,0
2630,2015,eBird_GBIF,16,10,16,NA
2630,2015,Combined,16,10,16,NA
2630,2016,China_Birdwatch,3,1,3,191.61290322580646
2630,2016,eBird_GBIF,14,10,13,NA
2630,2016,Combined,17,11,16,191.61290322580646
2630,2017,China_Birdwatch,1,1,1,150
2630,2017,eBird_GBIF,54,16,50,NA
2630,2017,Combined,55,17,51,150
2630,2018,China_Birdwatch,7,2,7,2676.9375
2630,2018,eBird_GBIF,30,15,28,NA
2630,2018,Combined,37,17,34,2676.9375
2630,2019,China_Birdwatch,9,3,9,364.8
2630,2019,eBird_GBIF,56,19,52,NA
2630,2019,Combined,65,22,58,364.8
2630,2020,China_Birdwatch,7,3,7,10197.380952380956
2630,2020,eBird_GBIF,42,9,41,NA
2630,2020,Combined,49,12,46,10197.380952380956
2630,2021,China_Birdwatch,102,13,95,133.8898740083989
2630,2021,eBird_GBIF,42,16,34,NA
2630,2021,Combined,144,29,117,133.8898740083989
2630,2022,China_Birdwatch,271,46,184,1072.776545947266
2630,2022,eBird_GBIF,92,33,74,NA
2630,2022,Combined,363,79,223,1072.776545947266
2630,2023,China_Birdwatch,425,72,221,4096.424737267584
2630,2023,eBird_GBIF,134,33,118,NA
2630,2023,Combined,559,105,258,4096.424737267584
2630,2024,China_Birdwatch,1835,320,341,313.4698742482262
2630,2024,Combined,1835,320,341,313.4698742482262
2631,2000,eBird_GBIF,1,1,1,NA
2631,2000,Combined,1,1,1,NA
2631,2001,eBird_GBIF,2,2,2,NA
2631,2001,Combined,2,2,2,NA
2631,2002,eBird_GBIF,4,4,1,NA
2631,2002,Combined,4,4,1,NA
2631,2003,eBird_GBIF,1,1,1,NA
2631,2003,Combined,1,1,1,NA
2631,2006,eBird_GBIF,2,2,1,NA
2631,2006,Combined,2,2,1,NA
2631,2007,eBird_GBIF,4,4,2,NA
2631,2007,Combined,4,4,2,NA
2631,2008,eBird_GBIF,2,2,2,NA
2631,2008,Combined,2,2,2,NA
2631,2009,eBird_GBIF,1,1,1,NA
2631,2009,Combined,1,1,1,NA
2631,2010,eBird_GBIF,3,3,3,NA
2631,2010,Combined,3,3,3,NA
2631,2011,eBird_GBIF,3,3,3,NA
2631,2011,Combined,3,3,3,NA
2631,2014,eBird_GBIF,3,2,3,NA
2631,2014,Combined,3,2,3,NA
2631,2015,China_Birdwatch,1,1,1,2880
2631,2015,eBird_GBIF,4,4,4,NA
2631,2015,Combined,5,5,5,2880
2631,2016,China_Birdwatch,1,1,1,1980
2631,2016,eBird_GBIF,3,3,3,NA
2631,2016,Combined,4,4,4,1980
2631,2017,eBird_GBIF,8,7,8,NA
2631,2017,Combined,8,7,8,NA
2631,2018,eBird_GBIF,7,5,7,NA
2631,2018,Combined,7,5,7,NA
2631,2019,eBird_GBIF,6,6,4,NA
2631,2019,Combined,6,6,4,NA
2631,2021,eBird_GBIF,2,2,2,NA
2631,2021,Combined,2,2,2,NA
2631,2022,China_Birdwatch,7,5,7,668.1585365853658
2631,2022,Combined,7,5,7,668.1585365853658
2631,2023,China_Birdwatch,16,13,16,1691.5874999999994
2631,2023,eBird_GBIF,6,4,6,NA
2631,2023,Combined,22,17,20,1691.5874999999994
2631,2024,China_Birdwatch,55,40,44,663.157425742574
2631,2024,Combined,55,40,44,663.157425742574
2632,2017,eBird_GBIF,1,1,1,NA
2632,2017,Combined,1,1,1,NA
2632,2018,China_Birdwatch,1,1,1,300
2632,2018,Combined,1,1,1,300
2632,2022,China_Birdwatch,6,2,6,1001.0334928229664
2632,2022,Combined,6,2,6,1001.0334928229664
2632,2023,China_Birdwatch,6,6,5,106.26666666666667
2632,2023,Combined,6,6,5,106.26666666666667
2632,2024,China_Birdwatch,48,24,42,1070.392991239049
2632,2024,Combined,48,24,42,1070.392991239049
2633,2005,eBird_GBIF,1,1,1,NA
2633,2005,Combined,1,1,1,NA
2633,2021,eBird_GBIF,1,1,1,NA
2633,2021,Combined,1,1,1,NA
2633,2023,China_Birdwatch,5,4,5,2385.211764705882
2633,2023,eBird_GBIF,1,1,1,NA
2633,2023,Combined,6,5,6,2385.211764705882
2633,2024,China_Birdwatch,39,11,36,125.88530927835048
2633,2024,Combined,39,11,36,125.88530927835048
2634,2009,eBird_GBIF,9,3,9,NA
2634,2009,Combined,9,3,9,NA
2634,2010,eBird_GBIF,28,6,9,NA
2634,2010,Combined,28,6,9,NA
2634,2011,China_Birdwatch,1,1,1,540
2634,2011,eBird_GBIF,1,1,1,NA
2634,2011,Combined,2,2,1,540
2634,2012,eBird_GBIF,1,1,1,NA
2634,2012,Combined,1,1,1,NA
2634,2013,eBird_GBIF,2,2,2,NA
2634,2013,Combined,2,2,2,NA
2634,2014,eBird_GBIF,2,2,2,NA
2634,2014,Combined,2,2,2,NA
2634,2015,eBird_GBIF,2,2,2,NA
2634,2015,Combined,2,2,2,NA
2634,2016,eBird_GBIF,2,1,2,NA
2634,2016,Combined,2,1,2,NA
2634,2017,eBird_GBIF,7,3,7,NA
2634,2017,Combined,7,3,7,NA
2634,2019,China_Birdwatch,3,3,3,4312.333333333333
2634,2019,eBird_GBIF,8,5,8,NA
2634,2019,Combined,11,8,10,4312.333333333333
2634,2020,China_Birdwatch,2,1,2,205.20000000000002
2634,2020,eBird_GBIF,3,2,3,NA
2634,2020,Combined,5,3,5,205.20000000000002
2634,2021,China_Birdwatch,1,1,1,420
2634,2021,eBird_GBIF,5,2,5,NA
2634,2021,Combined,6,3,6,420
2634,2022,China_Birdwatch,3,3,3,92.5
2634,2022,eBird_GBIF,7,4,7,NA
2634,2022,Combined,10,7,9,92.5
2634,2023,China_Birdwatch,11,7,6,620.1136363636364
2634,2023,eBird_GBIF,4,4,3,NA
2634,2023,Combined,15,11,9,620.1136363636364
2634,2024,China_Birdwatch,157,43,82,125.14474959612281
2634,2024,Combined,157,43,82,125.14474959612281
2635,2009,eBird_GBIF,1,1,1,NA
2635,2009,Combined,1,1,1,NA
2635,2010,eBird_GBIF,16,5,13,NA
2635,2010,Combined,16,5,13,NA
2635,2012,eBird_GBIF,4,1,4,NA
2635,2012,Combined,4,1,4,NA
2635,2013,eBird_GBIF,2,1,2,NA
2635,2013,Combined,2,1,2,NA
2635,2015,eBird_GBIF,3,1,3,NA
2635,2015,Combined,3,1,3,NA
2635,2016,eBird_GBIF,6,4,5,NA
2635,2016,Combined,6,4,5,NA
2635,2017,eBird_GBIF,2,1,2,NA
2635,2017,Combined,2,1,2,NA
2635,2018,China_Birdwatch,1,1,1,180
2635,2018,Combined,1,1,1,180
2635,2019,China_Birdwatch,4,3,4,261.1764705882353
2635,2019,eBird_GBIF,14,6,14,NA
2635,2019,Combined,18,9,17,261.1764705882353
2635,2020,China_Birdwatch,2,2,2,326.0377358490566
2635,2020,eBird_GBIF,1,1,1,NA
2635,2020,Combined,3,3,3,326.0377358490566
2635,2021,China_Birdwatch,3,3,2,2552.9032258064517
2635,2021,eBird_GBIF,1,1,1,NA
2635,2021,Combined,4,4,3,2552.9032258064517
2635,2022,China_Birdwatch,9,3,9,116.10824742268042
2635,2022,eBird_GBIF,1,1,1,NA
2635,2022,Combined,10,4,10,116.10824742268042
2635,2023,China_Birdwatch,36,13,32,536.2439759036143
2635,2023,eBird_GBIF,1,1,1,NA
2635,2023,Combined,37,14,33,536.2439759036143
2635,2024,China_Birdwatch,629,43,315,146.54021121039776
2635,2024,Combined,629,43,315,146.54021121039776
2636,2013,eBird_GBIF,1,1,1,NA
2636,2013,Combined,1,1,1,NA
2636,2015,China_Birdwatch,2,1,2,0
2636,2015,Combined,2,1,2,0
2636,2016,China_Birdwatch,6,1,6,98.88888888888887
2636,2016,Combined,6,1,6,98.88888888888887
2636,2017,China_Birdwatch,1,1,1,120
2636,2017,eBird_GBIF,1,1,1,NA
2636,2017,Combined,2,2,2,120
2636,2019,eBird_GBIF,2,2,1,NA
2636,2019,Combined,2,2,1,NA
2636,2020,China_Birdwatch,4,2,4,257.41935483870964
2636,2020,Combined,4,2,4,257.41935483870964
2636,2021,China_Birdwatch,17,4,17,1632.2908163265317
2636,2021,eBird_GBIF,1,1,1,NA
2636,2021,Combined,18,5,18,1632.2908163265317
2636,2022,China_Birdwatch,43,8,41,894.3854166666665
2636,2022,eBird_GBIF,6,1,6,NA
2636,2022,Combined,49,9,44,894.3854166666665
2636,2023,China_Birdwatch,38,18,35,589.5948275862054
2636,2023,eBird_GBIF,3,2,3,NA
2636,2023,Combined,41,20,36,589.5948275862054
2636,2024,China_Birdwatch,418,38,232,163.4418584379354
2636,2024,Combined,418,38,232,163.4418584379354
2637,2003,China_Birdwatch,1,1,1,60
2637,2003,eBird_GBIF,1,1,1,NA
2637,2003,Combined,2,2,1,60
2637,2004,China_Birdwatch,1,1,1,480
2637,2004,eBird_GBIF,3,1,3,NA
2637,2004,Combined,4,2,4,480
2637,2006,eBird_GBIF,1,1,1,NA
2637,2006,Combined,1,1,1,NA
2637,2008,eBird_GBIF,8,3,8,NA
2637,2008,Combined,8,3,8,NA
2637,2009,eBird_GBIF,10,2,10,NA
2637,2009,Combined,10,2,10,NA
2637,2010,eBird_GBIF,16,2,16,NA
2637,2010,Combined,16,2,16,NA
2637,2012,eBird_GBIF,10,7,6,NA
2637,2012,Combined,10,7,6,NA
2637,2013,China_Birdwatch,2,1,2,540
2637,2013,Combined,2,1,2,540
2637,2014,China_Birdwatch,3,2,3,420
2637,2014,eBird_GBIF,1,1,1,NA
2637,2014,Combined,4,3,4,420
2637,2015,China_Birdwatch,7,5,5,110.95477386934674
2637,2015,eBird_GBIF,3,3,2,NA
2637,2015,Combined,10,8,6,110.95477386934674
2637,2016,China_Birdwatch,4,2,4,752.9032258064516
2637,2016,Combined,4,2,4,752.9032258064516
2637,2017,China_Birdwatch,3,2,3,686.3736263736264
2637,2017,eBird_GBIF,8,6,5,NA
2637,2017,Combined,11,8,8,686.3736263736264
2637,2018,China_Birdwatch,11,2,11,64770.55999999997
2637,2018,eBird_GBIF,14,9,9,NA
2637,2018,Combined,25,11,18,64770.55999999997
2637,2019,China_Birdwatch,7,5,7,5969.302325581397
2637,2019,eBird_GBIF,15,8,14,NA
2637,2019,Combined,22,13,19,5969.302325581397
2637,2020,China_Birdwatch,12,6,8,446.75252525252523
2637,2020,eBird_GBIF,27,4,26,NA
2637,2020,Combined,39,10,32,446.75252525252523
2637,2021,China_Birdwatch,11,10,11,322.1228668941979
2637,2021,eBird_GBIF,21,2,20,NA
2637,2021,Combined,32,12,29,322.1228668941979
2637,2022,China_Birdwatch,35,19,25,234.87961859356378
2637,2022,eBird_GBIF,21,2,21,NA
2637,2022,Combined,56,21,40,234.87961859356378
2637,2023,China_Birdwatch,106,61,54,939.7177995239326
2637,2023,eBird_GBIF,27,12,18,NA
2637,2023,Combined,133,73,61,939.7177995239326
2637,2024,China_Birdwatch,250,111,130,379.84448091916386
2637,2024,Combined,250,111,130,379.84448091916386
2638,2003,eBird_GBIF,1,1,1,NA
2638,2003,Combined,1,1,1,NA
2638,2009,eBird_GBIF,1,1,1,NA
2638,2009,Combined,1,1,1,NA
2638,2010,eBird_GBIF,4,1,4,NA
2638,2010,Combined,4,1,4,NA
2638,2019,eBird_GBIF,3,2,3,NA
2638,2019,Combined,3,2,3,NA
2638,2020,China_Birdwatch,2,2,2,707.3684210526316
2638,2020,eBird_GBIF,3,2,3,NA
2638,2020,Combined,5,4,5,707.3684210526316
2638,2022,China_Birdwatch,2,2,2,375.3191489361702
2638,2022,eBird_GBIF,1,1,1,NA
2638,2022,Combined,3,3,3,375.3191489361702
2638,2023,China_Birdwatch,12,9,11,239.4813278008299
2638,2023,eBird_GBIF,5,4,5,NA
2638,2023,Combined,17,13,15,239.4813278008299
2638,2024,China_Birdwatch,66,26,55,397.4197080291973
2638,2024,Combined,66,26,55,397.4197080291973
2639,2015,China_Birdwatch,2,2,2,931.7647058823528
2639,2015,Combined,2,2,2,931.7647058823528
2639,2017,China_Birdwatch,1,1,1,0
2639,2017,Combined,1,1,1,0
2639,2018,eBird_GBIF,1,1,1,NA
2639,2018,Combined,1,1,1,NA
2639,2019,eBird_GBIF,2,2,2,NA
2639,2019,Combined,2,2,2,NA
2639,2022,China_Birdwatch,4,4,4,900
2639,2022,Combined,4,4,4,900
2639,2023,China_Birdwatch,27,17,15,2115.330143540666
2639,2023,eBird_GBIF,4,3,4,NA
2639,2023,Combined,31,20,18,2115.330143540666
2639,2024,China_Birdwatch,42,30,29,261.25228519195605
2639,2024,Combined,42,30,29,261.25228519195605
2640,2013,eBird_GBIF,1,1,1,NA
2640,2013,Combined,1,1,1,NA
2640,2015,eBird_GBIF,1,1,1,NA
2640,2015,Combined,1,1,1,NA
2640,2016,eBird_GBIF,2,2,2,NA
2640,2016,Combined,2,2,2,NA
2640,2017,eBird_GBIF,4,4,2,NA
2640,2017,Combined,4,4,2,NA
2640,2018,eBird_GBIF,8,6,6,NA
2640,2018,Combined,8,6,6,NA
2640,2019,China_Birdwatch,1,1,1,420
2640,2019,eBird_GBIF,43,36,23,NA
2640,2019,Combined,44,37,24,420
2640,2020,China_Birdwatch,3,3,3,296.86567164179104
2640,2020,eBird_GBIF,2,2,2,NA
2640,2020,Combined,5,5,4,296.86567164179104
2640,2021,China_Birdwatch,8,5,8,349.8514285714287
2640,2021,eBird_GBIF,11,7,8,NA
2640,2021,Combined,19,12,16,349.8514285714287
2640,2022,China_Birdwatch,6,5,5,95.0377358490566
2640,2022,eBird_GBIF,9,6,7,NA
2640,2022,Combined,15,11,11,95.0377358490566
2640,2023,China_Birdwatch,48,39,30,508.1398104265403
2640,2023,eBird_GBIF,23,19,15,NA
2640,2023,Combined,71,58,39,508.1398104265403
2640,2024,China_Birdwatch,218,151,96,238.8777456155281
2640,2024,Combined,218,151,96,238.8777456155281
2641,2002,eBird_GBIF,2,1,2,NA
2641,2002,Combined,2,1,2,NA
2641,2011,eBird_GBIF,3,2,3,NA
2641,2011,Combined,3,2,3,NA
2641,2012,eBird_GBIF,5,2,5,NA
2641,2012,Combined,5,2,5,NA
2641,2013,eBird_GBIF,4,3,4,NA
2641,2013,Combined,4,3,4,NA
2641,2014,eBird_GBIF,6,2,3,NA
2641,2014,Combined,6,2,3,NA
2641,2015,China_Birdwatch,1,1,1,2880
2641,2015,eBird_GBIF,2,2,2,NA
2641,2015,Combined,3,3,3,2880
2641,2016,eBird_GBIF,2,2,2,NA
2641,2016,Combined,2,2,2,NA
2641,2017,eBird_GBIF,2,1,2,NA
2641,2017,Combined,2,1,2,NA
2641,2018,eBird_GBIF,5,5,5,NA
2641,2018,Combined,5,5,5,NA
2641,2019,China_Birdwatch,3,2,3,475.01754385964915
2641,2019,eBird_GBIF,15,8,14,NA
2641,2019,Combined,18,10,15,475.01754385964915
2641,2020,China_Birdwatch,4,2,4,278.1000000000001
2641,2020,eBird_GBIF,16,4,16,NA
2641,2020,Combined,20,6,20,278.1000000000001
2641,2021,China_Birdwatch,11,7,11,857.96875
2641,2021,eBird_GBIF,16,2,16,NA
2641,2021,Combined,27,9,26,857.96875
2641,2022,China_Birdwatch,23,10,22,1358.2508474576264
2641,2022,eBird_GBIF,24,8,23,NA
2641,2022,Combined,47,18,44,1358.2508474576264
2641,2023,China_Birdwatch,64,52,45,300.1532697547686
2641,2023,eBird_GBIF,32,21,23,NA
2641,2023,Combined,96,73,58,300.1532697547686
2641,2024,China_Birdwatch,193,130,102,267.6555108203323
2641,2024,Combined,193,130,102,267.6555108203323
2642,2008,eBird_GBIF,1,1,1,NA
2642,2008,Combined,1,1,1,NA
2642,2010,eBird_GBIF,2,2,1,NA
2642,2010,Combined,2,2,1,NA
2642,2012,eBird_GBIF,1,1,1,NA
2642,2012,Combined,1,1,1,NA
2642,2013,eBird_GBIF,1,1,1,NA
2642,2013,Combined,1,1,1,NA
2642,2014,eBird_GBIF,6,4,3,NA
2642,2014,Combined,6,4,3,NA
2642,2016,eBird_GBIF,3,3,3,NA
2642,2016,Combined,3,3,3,NA
2642,2017,eBird_GBIF,1,1,1,NA
2642,2017,Combined,1,1,1,NA
2642,2018,China_Birdwatch,1,1,1,180
2642,2018,eBird_GBIF,8,5,7,NA
2642,2018,Combined,9,6,8,180
2642,2019,China_Birdwatch,1,1,1,300
2642,2019,eBird_GBIF,4,2,4,NA
2642,2019,Combined,5,3,5,300
2642,2020,eBird_GBIF,2,2,2,NA
2642,2020,Combined,2,2,2,NA
2642,2021,eBird_GBIF,3,3,3,NA
2642,2021,Combined,3,3,3,NA
2642,2022,China_Birdwatch,2,2,2,92.72727272727272
2642,2022,eBird_GBIF,4,3,4,NA
2642,2022,Combined,6,5,6,92.72727272727272
2642,2023,China_Birdwatch,25,16,20,309.16233766233773
2642,2023,eBird_GBIF,8,5,5,NA
2642,2023,Combined,33,21,23,309.16233766233773
2642,2024,China_Birdwatch,112,55,85,2607.907496977031
2642,2024,Combined,112,55,85,2607.907496977031
2643,2001,eBird_GBIF,3,2,3,NA
2643,2001,Combined,3,2,3,NA
2643,2002,eBird_GBIF,3,2,3,NA
2643,2002,Combined,3,2,3,NA
2643,2004,eBird_GBIF,1,1,1,NA
2643,2004,Combined,1,1,1,NA
2643,2005,eBird_GBIF,4,2,4,NA
2643,2005,Combined,4,2,4,NA
2643,2006,eBird_GBIF,3,2,3,NA
2643,2006,Combined,3,2,3,NA
2643,2007,eBird_GBIF,3,2,3,NA
2643,2007,Combined,3,2,3,NA
2643,2008,China_Birdwatch,1,1,1,3435
2643,2008,eBird_GBIF,4,3,4,NA
2643,2008,Combined,5,4,5,3435
2643,2009,eBird_GBIF,10,3,7,NA
2643,2009,Combined,10,3,7,NA
2643,2010,China_Birdwatch,1,1,1,3540
2643,2010,eBird_GBIF,13,7,12,NA
2643,2010,Combined,14,8,13,3540
2643,2011,China_Birdwatch,2,2,2,2313
2643,2011,eBird_GBIF,5,5,5,NA
2643,2011,Combined,7,7,7,2313
2643,2012,eBird_GBIF,23,13,20,NA
2643,2012,Combined,23,13,20,NA
2643,2013,China_Birdwatch,4,3,4,1253.5869565217392
2643,2013,eBird_GBIF,22,11,19,NA
2643,2013,Combined,26,14,22,1253.5869565217392
2643,2014,eBird_GBIF,19,11,18,NA
2643,2014,Combined,19,11,18,NA
2643,2015,China_Birdwatch,7,4,6,979.0344827586207
2643,2015,eBird_GBIF,31,15,25,NA
2643,2015,Combined,38,19,27,979.0344827586207
2643,2016,China_Birdwatch,3,3,3,4902.857142857142
2643,2016,eBird_GBIF,38,26,27,NA
2643,2016,Combined,41,29,30,4902.857142857142
2643,2017,China_Birdwatch,3,3,3,1737.5
2643,2017,eBird_GBIF,59,34,38,NA
2643,2017,Combined,62,37,38,1737.5
2643,2018,China_Birdwatch,12,9,11,163795.18287937742
2643,2018,eBird_GBIF,90,56,52,NA
2643,2018,Combined,102,65,58,163795.18287937742
2643,2019,China_Birdwatch,10,7,9,1451.8754098360653
2643,2019,eBird_GBIF,171,51,114,NA
2643,2019,Combined,181,58,119,1451.8754098360653
2643,2020,China_Birdwatch,17,12,14,1945.3200000000002
2643,2020,eBird_GBIF,50,21,39,NA
2643,2020,Combined,67,33,52,1945.3200000000002
2643,2021,China_Birdwatch,48,28,40,932.5451807228912
2643,2021,eBird_GBIF,56,33,40,NA
2643,2021,Combined,104,61,68,932.5451807228912
2643,2022,China_Birdwatch,28,21,22,4479.814121037467
2643,2022,eBird_GBIF,36,21,25,NA
2643,2022,Combined,64,42,39,4479.814121037467
2643,2023,China_Birdwatch,313,151,170,806.417197884168
2643,2023,eBird_GBIF,103,61,68,NA
2643,2023,Combined,416,212,192,806.417197884168
2643,2024,China_Birdwatch,923,406,284,450.6259687745748
2643,2024,Combined,923,406,284,450.6259687745748
2644,2006,eBird_GBIF,2,1,2,NA
2644,2006,Combined,2,1,2,NA
2644,2007,eBird_GBIF,2,1,2,NA
2644,2007,Combined,2,1,2,NA
2644,2008,eBird_GBIF,1,1,1,NA
2644,2008,Combined,1,1,1,NA
2644,2010,eBird_GBIF,1,1,1,NA
2644,2010,Combined,1,1,1,NA
2644,2011,eBird_GBIF,1,1,1,NA
2644,2011,Combined,1,1,1,NA
2644,2012,eBird_GBIF,3,3,3,NA
2644,2012,Combined,3,3,3,NA
2644,2013,eBird_GBIF,4,3,4,NA
2644,2013,Combined,4,3,4,NA
2644,2014,eBird_GBIF,6,4,4,NA
2644,2014,Combined,6,4,4,NA
2644,2015,China_Birdwatch,1,1,1,0
2644,2015,eBird_GBIF,9,6,7,NA
2644,2015,Combined,10,7,8,0
2644,2016,eBird_GBIF,1,1,1,NA
2644,2016,Combined,1,1,1,NA
2644,2017,China_Birdwatch,2,1,2,364.61538461538464
2644,2017,eBird_GBIF,4,4,4,NA
2644,2017,Combined,6,5,6,364.61538461538464
2644,2018,eBird_GBIF,8,6,6,NA
2644,2018,Combined,8,6,6,NA
2644,2019,eBird_GBIF,7,6,6,NA
2644,2019,Combined,7,6,6,NA
2644,2020,China_Birdwatch,1,1,1,420
2644,2020,eBird_GBIF,14,5,14,NA
2644,2020,Combined,15,6,15,420
2644,2021,China_Birdwatch,8,5,8,10575.587301587302
2644,2021,eBird_GBIF,23,9,20,NA
2644,2021,Combined,31,14,28,10575.587301587302
2644,2022,China_Birdwatch,17,8,17,2428.5135135135133
2644,2022,eBird_GBIF,37,10,34,NA
2644,2022,Combined,54,18,48,2428.5135135135133
2644,2023,China_Birdwatch,42,31,37,530.6544117647056
2644,2023,eBird_GBIF,78,24,62,NA
2644,2023,Combined,120,55,85,530.6544117647056
2644,2024,China_Birdwatch,122,82,92,578.4873451803983
2644,2024,Combined,122,82,92,578.4873451803983
2645,2009,eBird_GBIF,11,2,11,NA
2645,2009,Combined,11,2,11,NA
2645,2010,eBird_GBIF,22,1,22,NA
2645,2010,Combined,22,1,22,NA
2645,2011,eBird_GBIF,1,1,1,NA
2645,2011,Combined,1,1,1,NA
2645,2012,eBird_GBIF,2,2,2,NA
2645,2012,Combined,2,2,2,NA
2645,2016,China_Birdwatch,1,1,1,120
2645,2016,eBird_GBIF,11,5,8,NA
2645,2016,Combined,12,6,9,120
2645,2017,eBird_GBIF,2,2,2,NA
2645,2017,Combined,2,2,2,NA
2645,2018,China_Birdwatch,2,2,2,1907.027027027027
2645,2018,eBird_GBIF,3,2,3,NA
2645,2018,Combined,5,4,5,1907.027027027027
2645,2019,eBird_GBIF,3,3,3,NA
2645,2019,Combined,3,3,3,NA
2645,2020,China_Birdwatch,4,2,4,58.55263157894737
2645,2020,eBird_GBIF,9,4,9,NA
2645,2020,Combined,13,6,13,58.55263157894737
2645,2021,China_Birdwatch,12,5,12,111.6876033057851
2645,2021,eBird_GBIF,45,9,43,NA
2645,2021,Combined,57,14,47,111.6876033057851
2645,2022,China_Birdwatch,5,4,4,140.42857142857142
2645,2022,eBird_GBIF,54,7,52,NA
2645,2022,Combined,59,11,56,140.42857142857142
2645,2023,China_Birdwatch,71,20,64,3722.7325842696505
2645,2023,eBird_GBIF,81,23,72,NA
2645,2023,Combined,152,43,122,3722.7325842696505
2645,2024,China_Birdwatch,256,96,156,110.65117535801132
2645,2024,Combined,256,96,156,110.65117535801132
2646,2005,eBird_GBIF,4,1,4,NA
2646,2005,Combined,4,1,4,NA
2646,2006,eBird_GBIF,6,1,6,NA
2646,2006,Combined,6,1,6,NA
2646,2007,eBird_GBIF,3,2,3,NA
2646,2007,Combined,3,2,3,NA
2646,2008,eBird_GBIF,1,1,1,NA
2646,2008,Combined,1,1,1,NA
2646,2009,eBird_GBIF,1,1,1,NA
2646,2009,Combined,1,1,1,NA
2646,2010,eBird_GBIF,1,1,1,NA
2646,2010,Combined,1,1,1,NA
2646,2012,eBird_GBIF,1,1,1,NA
2646,2012,Combined,1,1,1,NA
2646,2013,eBird_GBIF,1,1,1,NA
2646,2013,Combined,1,1,1,NA
2646,2014,eBird_GBIF,5,1,5,NA
2646,2014,Combined,5,1,5,NA
2646,2015,China_Birdwatch,3,2,3,275.45454545454544
2646,2015,eBird_GBIF,6,3,6,NA
2646,2015,Combined,9,5,9,275.45454545454544
2646,2016,China_Birdwatch,4,1,4,93.15789473684211
2646,2016,eBird_GBIF,2,2,2,NA
2646,2016,Combined,6,3,6,93.15789473684211
2646,2017,China_Birdwatch,3,2,3,98.33333333333333
2646,2017,eBird_GBIF,1,1,1,NA
2646,2017,Combined,4,3,4,98.33333333333333
2646,2018,China_Birdwatch,2,2,2,292.5
2646,2018,eBird_GBIF,2,2,2,NA
2646,2018,Combined,4,4,4,292.5
2646,2019,China_Birdwatch,8,3,8,3766.2295081967222
2646,2019,eBird_GBIF,22,12,20,NA
2646,2019,Combined,30,15,25,3766.2295081967222
2646,2020,China_Birdwatch,17,5,17,293.39072847682127
2646,2020,eBird_GBIF,26,9,25,NA
2646,2020,Combined,43,14,37,293.39072847682127
2646,2021,China_Birdwatch,19,6,18,169.84126984126982
2646,2021,eBird_GBIF,52,10,46,NA
2646,2021,Combined,71,16,60,169.84126984126982
2646,2022,China_Birdwatch,23,10,23,152.30747126436776
2646,2022,eBird_GBIF,41,8,37,NA
2646,2022,Combined,64,18,53,152.30747126436776
2646,2023,China_Birdwatch,78,31,65,7159.133971291885
2646,2023,eBird_GBIF,94,25,76,NA
2646,2023,Combined,172,56,116,7159.133971291885
2646,2024,China_Birdwatch,203,100,129,170.4663212435233
2646,2024,Combined,203,100,129,170.4663212435233
2647,2000,eBird_GBIF,1,1,1,NA
2647,2000,Combined,1,1,1,NA
2647,2003,eBird_GBIF,2,1,2,NA
2647,2003,Combined,2,1,2,NA
2647,2006,eBird_GBIF,1,1,1,NA
2647,2006,Combined,1,1,1,NA
2647,2008,eBird_GBIF,1,1,1,NA
2647,2008,Combined,1,1,1,NA
2647,2009,eBird_GBIF,4,1,4,NA
2647,2009,Combined,4,1,4,NA
2647,2010,China_Birdwatch,1,1,1,180
2647,2010,Combined,1,1,1,180
2647,2011,China_Birdwatch,1,1,1,420
2647,2011,eBird_GBIF,3,1,3,NA
2647,2011,Combined,4,2,3,420
2647,2012,eBird_GBIF,9,3,9,NA
2647,2012,Combined,9,3,9,NA
2647,2013,China_Birdwatch,1,1,1,1620
2647,2013,eBird_GBIF,16,2,16,NA
2647,2013,Combined,17,3,17,1620
2647,2014,China_Birdwatch,2,1,2,401.25
2647,2014,eBird_GBIF,14,2,14,NA
2647,2014,Combined,16,3,16,401.25
2647,2015,China_Birdwatch,12,1,12,93.15789473684211
2647,2015,eBird_GBIF,9,4,9,NA
2647,2015,Combined,21,5,20,93.15789473684211
2647,2016,China_Birdwatch,5,1,5,159.32432432432432
2647,2016,eBird_GBIF,13,3,13,NA
2647,2016,Combined,18,4,17,159.32432432432432
2647,2017,China_Birdwatch,2,1,2,60
2647,2017,eBird_GBIF,4,3,4,NA
2647,2017,Combined,6,4,6,60
2647,2018,eBird_GBIF,10,8,10,NA
2647,2018,Combined,10,8,10,NA
2647,2019,China_Birdwatch,8,8,4,2079.608108108108
2647,2019,eBird_GBIF,28,24,14,NA
2647,2019,Combined,36,32,16,2079.608108108108
2647,2020,China_Birdwatch,10,2,10,600.2097902097902
2647,2020,eBird_GBIF,20,9,16,NA
2647,2020,Combined,30,11,24,600.2097902097902
2647,2021,China_Birdwatch,17,7,17,741.996138996139
2647,2021,eBird_GBIF,77,9,70,NA
2647,2021,Combined,94,16,84,741.996138996139
2647,2022,China_Birdwatch,22,5,21,73.55
2647,2022,eBird_GBIF,121,10,111,NA
2647,2022,Combined,143,15,118,73.55
2647,2023,China_Birdwatch,121,44,94,15779.9475574713
2647,2023,eBird_GBIF,191,38,147,NA
2647,2023,Combined,312,82,178,15779.9475574713
2647,2024,China_Birdwatch,340,105,188,320.00726040658213
2647,2024,Combined,340,105,188,320.00726040658213
2648,2012,eBird_GBIF,2,2,2,NA
2648,2012,Combined,2,2,2,NA
2648,2016,eBird_GBIF,1,1,1,NA
2648,2016,Combined,1,1,1,NA
2648,2020,eBird_GBIF,3,1,3,NA
2648,2020,Combined,3,1,3,NA
2648,2021,China_Birdwatch,1,1,1,300
2648,2021,eBird_GBIF,10,1,10,NA
2648,2021,Combined,11,2,11,300
2648,2022,China_Birdwatch,14,3,14,108.6138613861386
2648,2022,eBird_GBIF,41,9,37,NA
2648,2022,Combined,55,12,49,108.6138613861386
2648,2023,China_Birdwatch,67,16,50,118.31842576028629
2648,2023,eBird_GBIF,49,19,38,NA
2648,2023,Combined,116,35,67,118.31842576028629
2648,2024,China_Birdwatch,179,70,113,1014.9416058394191
2648,2024,Combined,179,70,113,1014.9416058394191
2678,2018,eBird_GBIF,6,3,2,NA
2678,2018,Combined,6,3,2,NA
2678,2019,eBird_GBIF,1,1,1,NA
2678,2019,Combined,1,1,1,NA
2678,2020,China_Birdwatch,2,2,2,5262.681818181818
2678,2020,eBird_GBIF,3,1,3,NA
2678,2020,Combined,5,3,4,5262.681818181818
2678,2021,China_Birdwatch,1,1,1,33960
2678,2021,eBird_GBIF,10,7,7,NA
2678,2021,Combined,11,8,8,33960
2678,2022,China_Birdwatch,2,2,2,454.21276595744683
2678,2022,Combined,2,2,2,454.21276595744683
2678,2023,China_Birdwatch,22,18,20,1358.9585585585585
2678,2023,eBird_GBIF,5,3,3,NA
2678,2023,Combined,27,21,22,1358.9585585585585
2678,2024,China_Birdwatch,51,28,37,1138.7762825904113
2678,2024,Combined,51,28,37,1138.7762825904113
2679,2018,China_Birdwatch,2,1,2,540.6666666666666
2679,2018,Combined,2,1,2,540.6666666666666
2679,2019,China_Birdwatch,1,1,1,660
2679,2019,Combined,1,1,1,660
2679,2020,China_Birdwatch,2,2,2,273.51428571428573
2679,2020,eBird_GBIF,1,1,1,NA
2679,2020,Combined,3,3,3,273.51428571428573
2679,2021,China_Birdwatch,4,2,4,4289.478260869566
2679,2021,eBird_GBIF,4,3,3,NA
2679,2021,Combined,8,5,7,4289.478260869566
2679,2023,China_Birdwatch,31,18,25,611.3923766816145
2679,2023,eBird_GBIF,3,3,2,NA
2679,2023,Combined,34,21,27,611.3923766816145
2679,2024,China_Birdwatch,54,35,32,241.25120000000015
2679,2024,Combined,54,35,32,241.25120000000015
2680,2007,eBird_GBIF,4,2,4,NA
2680,2007,Combined,4,2,4,NA
2680,2009,eBird_GBIF,2,1,2,NA
2680,2009,Combined,2,1,2,NA
2680,2015,eBird_GBIF,1,1,1,NA
2680,2015,Combined,1,1,1,NA
2680,2016,eBird_GBIF,3,3,1,NA
2680,2016,Combined,3,3,1,NA
2680,2017,eBird_GBIF,1,1,1,NA
2680,2017,Combined,1,1,1,NA
2680,2018,eBird_GBIF,7,3,5,NA
2680,2018,Combined,7,3,5,NA
2680,2020,China_Birdwatch,1,1,1,540
2680,2020,Combined,1,1,1,540
2680,2021,eBird_GBIF,3,3,2,NA
2680,2021,Combined,3,3,2,NA
2680,2023,China_Birdwatch,13,11,11,89.2991452991453
2680,2023,eBird_GBIF,6,4,4,NA
2680,2023,Combined,19,15,15,89.2991452991453
2680,2024,China_Birdwatch,20,19,17,189.6574585635359
2680,2024,Combined,20,19,17,189.6574585635359
2681,2005,eBird_GBIF,1,1,1,NA
2681,2005,Combined,1,1,1,NA
2681,2007,eBird_GBIF,7,4,3,NA
2681,2007,Combined,7,4,3,NA
2681,2009,eBird_GBIF,1,1,1,NA
2681,2009,Combined,1,1,1,NA
2681,2016,eBird_GBIF,3,3,1,NA
2681,2016,Combined,3,3,1,NA
2681,2018,eBird_GBIF,2,2,1,NA
2681,2018,Combined,2,2,1,NA
2681,2019,eBird_GBIF,3,3,1,NA
2681,2019,Combined,3,3,1,NA
2681,2020,China_Birdwatch,1,1,1,36
2681,2020,eBird_GBIF,1,1,1,NA
2681,2020,Combined,2,2,2,36
2681,2021,eBird_GBIF,2,2,2,NA
2681,2021,Combined,2,2,2,NA
2681,2023,China_Birdwatch,5,5,5,490.76595744680856
2681,2023,eBird_GBIF,2,2,1,NA
2681,2023,Combined,7,7,6,490.76595744680856
2681,2024,China_Birdwatch,8,7,7,55.714285714285715
2681,2024,Combined,8,7,7,55.714285714285715
2682,2007,eBird_GBIF,3,3,1,NA
2682,2007,Combined,3,3,1,NA
2682,2018,eBird_GBIF,4,2,2,NA
2682,2018,Combined,4,2,2,NA
2682,2021,eBird_GBIF,2,2,1,NA
2682,2021,Combined,2,2,1,NA
2682,2023,China_Birdwatch,1,1,1,60
2682,2023,eBird_GBIF,1,1,1,NA
2682,2023,Combined,2,2,2,60
2683,2009,eBird_GBIF,3,3,2,NA
2683,2009,Combined,3,3,2,NA
2683,2018,eBird_GBIF,7,3,4,NA
2683,2018,Combined,7,3,4,NA
2683,2019,eBird_GBIF,1,1,1,NA
2683,2019,Combined,1,1,1,NA
2683,2020,eBird_GBIF,1,1,1,NA
2683,2020,Combined,1,1,1,NA
2683,2021,China_Birdwatch,1,1,1,1440
2683,2021,eBird_GBIF,2,2,2,NA
2683,2021,Combined,3,3,3,1440
2683,2022,China_Birdwatch,1,1,1,773426
2683,2022,Combined,1,1,1,773426
2683,2023,China_Birdwatch,1,1,1,60
2683,2023,Combined,1,1,1,60
2683,2024,China_Birdwatch,2,2,2,108
2683,2024,Combined,2,2,2,108
2684,2001,eBird_GBIF,1,1,1,NA
2684,2001,Combined,1,1,1,NA
2684,2005,eBird_GBIF,1,1,1,NA
2684,2005,Combined,1,1,1,NA
2684,2006,eBird_GBIF,1,1,1,NA
2684,2006,Combined,1,1,1,NA
2684,2009,eBird_GBIF,2,2,2,NA
2684,2009,Combined,2,2,2,NA
2684,2010,China_Birdwatch,1,1,1,45
2684,2010,eBird_GBIF,1,1,1,NA
2684,2010,Combined,2,2,2,45
2684,2011,eBird_GBIF,2,1,2,NA
2684,2011,Combined,2,1,2,NA
2684,2012,China_Birdwatch,1,1,1,300
2684,2012,Combined,1,1,1,300
2684,2013,China_Birdwatch,1,1,1,0
2684,2013,eBird_GBIF,2,2,1,NA
2684,2013,Combined,3,3,2,0
2684,2014,eBird_GBIF,2,2,2,NA
2684,2014,Combined,2,2,2,NA
2684,2015,eBird_GBIF,5,5,4,NA
2684,2015,Combined,5,5,4,NA
2684,2016,China_Birdwatch,2,1,2,120
2684,2016,eBird_GBIF,4,4,2,NA
2684,2016,Combined,6,5,4,120
2684,2017,eBird_GBIF,6,5,5,NA
2684,2017,Combined,6,5,5,NA
2684,2018,China_Birdwatch,1,1,1,180
2684,2018,eBird_GBIF,5,5,4,NA
2684,2018,Combined,6,6,5,180
2684,2019,China_Birdwatch,1,1,1,1843463
2684,2019,eBird_GBIF,3,3,3,NA
2684,2019,Combined,4,4,4,1843463
2684,2020,China_Birdwatch,2,2,2,277.5652173913044
2684,2020,eBird_GBIF,13,12,6,NA
2684,2020,Combined,15,14,8,277.5652173913044
2684,2021,China_Birdwatch,4,4,4,174.62686567164178
2684,2021,eBird_GBIF,3,3,2,NA
2684,2021,Combined,7,7,5,174.62686567164178
2684,2022,China_Birdwatch,3,3,3,1537.875
2684,2022,eBird_GBIF,1,1,1,NA
2684,2022,Combined,4,4,4,1537.875
2684,2023,China_Birdwatch,15,14,12,138.85889570552146
2684,2023,eBird_GBIF,7,7,6,NA
2684,2023,Combined,22,21,18,138.85889570552146
2684,2024,China_Birdwatch,25,23,23,148.83333333333331
2684,2024,Combined,25,23,23,148.83333333333331
2685,2019,eBird_GBIF,1,1,1,NA
2685,2019,Combined,1,1,1,NA
2685,2021,China_Birdwatch,3,3,2,245.45454545454544
2685,2021,eBird_GBIF,3,2,2,NA
2685,2021,Combined,6,5,4,245.45454545454544
2685,2022,China_Birdwatch,1,1,1,300
2685,2022,Combined,1,1,1,300
2685,2023,China_Birdwatch,2,2,2,90
2685,2023,eBird_GBIF,1,1,1,NA
2685,2023,Combined,3,3,3,90
2685,2024,China_Birdwatch,7,7,7,71.38775510204081
2685,2024,Combined,7,7,7,71.38775510204081
2686,2016,China_Birdwatch,1,1,1,720
2686,2016,Combined,1,1,1,720
2686,2019,eBird_GBIF,2,2,2,NA
2686,2019,Combined,2,2,2,NA
2686,2021,China_Birdwatch,1,1,1,75
2686,2021,eBird_GBIF,9,6,5,NA
2686,2021,Combined,10,7,6,75
2686,2022,eBird_GBIF,1,1,1,NA
2686,2022,Combined,1,1,1,NA
2686,2023,China_Birdwatch,12,10,8,52.07920792079208
2686,2023,Combined,12,10,8,52.07920792079208
2686,2024,China_Birdwatch,22,20,17,113.19367588932808
2686,2024,Combined,22,20,17,113.19367588932808
2687,2021,China_Birdwatch,1,1,1,1350
2687,2021,Combined,1,1,1,1350
2687,2023,China_Birdwatch,4,4,4,36.285714285714285
2687,2023,eBird_GBIF,1,1,1,NA
2687,2023,Combined,5,5,5,36.285714285714285
2687,2024,China_Birdwatch,5,4,5,1593.9130434782608
2687,2024,Combined,5,4,5,1593.9130434782608
2688,2012,China_Birdwatch,1,1,1,0
2688,2012,Combined,1,1,1,0
2688,2015,China_Birdwatch,2,1,2,1477207
2688,2015,eBird_GBIF,1,1,1,NA
2688,2015,Combined,3,2,3,1477207
2688,2016,China_Birdwatch,1,1,1,240
2688,2016,Combined,1,1,1,240
2688,2019,eBird_GBIF,1,1,1,NA
2688,2019,Combined,1,1,1,NA
2688,2021,China_Birdwatch,4,3,4,894.7962962962962
2688,2021,eBird_GBIF,2,2,1,NA
2688,2021,Combined,6,5,5,894.7962962962962
2688,2023,China_Birdwatch,3,3,3,90.5
2688,2023,Combined,3,3,3,90.5
2688,2024,China_Birdwatch,1,1,1,118.28571428571429
2688,2024,Combined,1,1,1,118.28571428571429
2689,2020,China_Birdwatch,1,1,1,6360
2689,2020,Combined,1,1,1,6360
2689,2024,China_Birdwatch,3,3,3,217.07865168539325
2689,2024,Combined,3,3,3,217.07865168539325
2691,2024,China_Birdwatch,2,2,2,460
2691,2024,Combined,2,2,2,460
2692,2007,eBird_GBIF,2,2,1,NA
2692,2007,Combined,2,2,1,NA
2692,2016,eBird_GBIF,1,1,1,NA
2692,2016,Combined,1,1,1,NA
2692,2023,China_Birdwatch,1,1,1,60
2692,2023,Combined,1,1,1,60
2692,2024,China_Birdwatch,11,7,11,83.48484848484847
2692,2024,Combined,11,7,11,83.48484848484847
2693,2011,eBird_GBIF,2,2,1,NA
2693,2011,Combined,2,2,1,NA
2693,2012,eBird_GBIF,1,1,1,NA
2693,2012,Combined,1,1,1,NA
2693,2013,eBird_GBIF,3,2,3,NA
2693,2013,Combined,3,2,3,NA
2693,2014,eBird_GBIF,1,1,1,NA
2693,2014,Combined,1,1,1,NA
2693,2018,eBird_GBIF,1,1,1,NA
2693,2018,Combined,1,1,1,NA
2693,2020,eBird_GBIF,2,2,2,NA
2693,2020,Combined,2,2,2,NA
2693,2021,China_Birdwatch,2,2,2,1165.2631578947369
2693,2021,Combined,2,2,2,1165.2631578947369
2693,2023,China_Birdwatch,3,1,3,60
2693,2023,eBird_GBIF,2,1,2,NA
2693,2023,Combined,5,2,5,60
2693,2024,China_Birdwatch,18,10,16,400.53448275862075
2693,2024,Combined,18,10,16,400.53448275862075
2694,2002,eBird_GBIF,4,2,2,NA
2694,2002,Combined,4,2,2,NA
2694,2003,eBird_GBIF,2,2,1,NA
2694,2003,Combined,2,2,1,NA
2694,2005,eBird_GBIF,3,2,3,NA
2694,2005,Combined,3,2,3,NA
2694,2007,eBird_GBIF,3,3,1,NA
2694,2007,Combined,3,3,1,NA
2694,2008,eBird_GBIF,1,1,1,NA
2694,2008,Combined,1,1,1,NA
2694,2011,eBird_GBIF,2,2,2,NA
2694,2011,Combined,2,2,2,NA
2694,2013,eBird_GBIF,1,1,1,NA
2694,2013,Combined,1,1,1,NA
2694,2014,eBird_GBIF,2,1,2,NA
2694,2014,Combined,2,1,2,NA
2694,2015,eBird_GBIF,2,2,2,NA
2694,2015,Combined,2,2,2,NA
2694,2016,eBird_GBIF,2,2,2,NA
2694,2016,Combined,2,2,2,NA
2694,2017,eBird_GBIF,1,1,1,NA
2694,2017,Combined,1,1,1,NA
2694,2018,eBird_GBIF,1,1,1,NA
2694,2018,Combined,1,1,1,NA
2694,2019,eBird_GBIF,4,4,3,NA
2694,2019,Combined,4,4,3,NA
2694,2020,eBird_GBIF,7,6,6,NA
2694,2020,Combined,7,6,6,NA
2694,2021,eBird_GBIF,3,3,3,NA
2694,2021,Combined,3,3,3,NA
2694,2022,eBird_GBIF,3,2,2,NA
2694,2022,Combined,3,2,2,NA
2694,2023,China_Birdwatch,1,1,1,60
2694,2023,eBird_GBIF,2,2,2,NA
2694,2023,Combined,3,3,3,60
2694,2024,China_Birdwatch,3,3,2,456
2694,2024,Combined,3,3,2,456
2695,2003,China_Birdwatch,1,1,1,360
2695,2003,eBird_GBIF,6,2,3,NA
2695,2003,Combined,7,3,3,360
2695,2007,eBird_GBIF,1,1,1,NA
2695,2007,Combined,1,1,1,NA
2695,2008,eBird_GBIF,1,1,1,NA
2695,2008,Combined,1,1,1,NA
2695,2011,eBird_GBIF,1,1,1,NA
2695,2011,Combined,1,1,1,NA
2695,2012,eBird_GBIF,1,1,1,NA
2695,2012,Combined,1,1,1,NA
2695,2015,China_Birdwatch,1,1,1,120
2695,2015,eBird_GBIF,3,1,3,NA
2695,2015,Combined,4,2,4,120
2695,2016,China_Birdwatch,3,2,3,534
2695,2016,eBird_GBIF,8,6,8,NA
2695,2016,Combined,11,8,9,534
2695,2017,China_Birdwatch,2,2,2,521.5384615384615
2695,2017,Combined,2,2,2,521.5384615384615
2695,2018,eBird_GBIF,3,1,3,NA
2695,2018,Combined,3,1,3,NA
2695,2019,eBird_GBIF,11,5,8,NA
2695,2019,Combined,11,5,8,NA
2695,2020,China_Birdwatch,5,3,5,418.0769230769231
2695,2020,eBird_GBIF,4,2,4,NA
2695,2020,Combined,9,5,6,418.0769230769231
2695,2021,China_Birdwatch,4,2,4,201.55263157894737
2695,2021,Combined,4,2,4,201.55263157894737
2695,2022,eBird_GBIF,2,1,2,NA
2695,2022,Combined,2,1,2,NA
2695,2023,China_Birdwatch,6,6,6,1233.4693877551022
2695,2023,eBird_GBIF,9,6,9,NA
2695,2023,Combined,15,12,15,1233.4693877551022
2695,2024,China_Birdwatch,38,24,33,240.22091062394597
2695,2024,Combined,38,24,33,240.22091062394597
2696,2019,eBird_GBIF,4,2,4,NA
2696,2019,Combined,4,2,4,NA
2696,2020,eBird_GBIF,2,1,2,NA
2696,2020,Combined,2,1,2,NA
2696,2024,China_Birdwatch,2,1,2,10119.866666666667
2696,2024,Combined,2,1,2,10119.866666666667
2697,2012,eBird_GBIF,1,1,1,NA
2697,2012,Combined,1,1,1,NA
2697,2016,eBird_GBIF,1,1,1,NA
2697,2016,Combined,1,1,1,NA
2697,2018,eBird_GBIF,1,1,1,NA
2697,2018,Combined,1,1,1,NA
2697,2023,China_Birdwatch,3,3,3,106.66666666666667
2697,2023,eBird_GBIF,6,3,6,NA
2697,2023,Combined,9,6,9,106.66666666666667
2697,2024,China_Birdwatch,6,5,6,412
2697,2024,Combined,6,5,6,412
2698,2005,eBird_GBIF,1,1,1,NA
2698,2005,Combined,1,1,1,NA
2698,2014,eBird_GBIF,2,2,1,NA
2698,2014,Combined,2,2,1,NA
2698,2018,eBird_GBIF,3,2,3,NA
2698,2018,Combined,3,2,3,NA
2698,2019,eBird_GBIF,1,1,1,NA
2698,2019,Combined,1,1,1,NA
2698,2022,China_Birdwatch,1,1,1,939
2698,2022,eBird_GBIF,2,1,2,NA
2698,2022,Combined,3,2,3,939
2698,2023,China_Birdwatch,8,4,7,249.0071942446043
2698,2023,eBird_GBIF,10,3,7,NA
2698,2023,Combined,18,7,10,249.0071942446043
2698,2024,China_Birdwatch,8,6,8,687.4545454545454
2698,2024,Combined,8,6,8,687.4545454545454
2699,2003,China_Birdwatch,1,1,1,360
2699,2003,eBird_GBIF,2,1,2,NA
2699,2003,Combined,3,2,3,360
2699,2004,eBird_GBIF,6,2,3,NA
2699,2004,Combined,6,2,3,NA
2699,2005,eBird_GBIF,4,1,4,NA
2699,2005,Combined,4,1,4,NA
2699,2006,eBird_GBIF,4,1,4,NA
2699,2006,Combined,4,1,4,NA
2699,2011,eBird_GBIF,8,2,4,NA
2699,2011,Combined,8,2,4,NA
2699,2012,eBird_GBIF,1,1,1,NA
2699,2012,Combined,1,1,1,NA
2699,2013,eBird_GBIF,9,6,7,NA
2699,2013,Combined,9,6,7,NA
2699,2014,eBird_GBIF,16,7,10,NA
2699,2014,Combined,16,7,10,NA
2699,2015,eBird_GBIF,3,1,3,NA
2699,2015,Combined,3,1,3,NA
2699,2016,eBird_GBIF,1,1,1,NA
2699,2016,Combined,1,1,1,NA
2699,2017,eBird_GBIF,1,1,1,NA
2699,2017,Combined,1,1,1,NA
2699,2018,China_Birdwatch,1,1,1,360
2699,2018,eBird_GBIF,12,3,4,NA
2699,2018,Combined,13,4,5,360
2699,2019,eBird_GBIF,7,2,7,NA
2699,2019,Combined,7,2,7,NA
2699,2020,China_Birdwatch,5,5,5,1288.3333333333333
2699,2020,eBird_GBIF,20,11,11,NA
2699,2020,Combined,25,16,13,1288.3333333333333
2699,2021,China_Birdwatch,5,4,5,851.0697674418604
2699,2021,eBird_GBIF,10,6,10,NA
2699,2021,Combined,15,10,15,851.0697674418604
2699,2022,China_Birdwatch,11,6,9,361.44370860927154
2699,2022,eBird_GBIF,13,10,6,NA
2699,2022,Combined,24,16,14,361.44370860927154
2699,2023,China_Birdwatch,32,21,28,440.57701711491444
2699,2023,eBird_GBIF,14,8,11,NA
2699,2023,Combined,46,29,37,440.57701711491444
2699,2024,China_Birdwatch,94,58,57,1244.497313432837
2699,2024,Combined,94,58,57,1244.497313432837
2700,2014,eBird_GBIF,1,1,1,NA
2700,2014,Combined,1,1,1,NA
2700,2015,eBird_GBIF,1,1,1,NA
2700,2015,Combined,1,1,1,NA
2700,2017,eBird_GBIF,2,2,2,NA
2700,2017,Combined,2,2,2,NA
2700,2018,eBird_GBIF,4,3,3,NA
2700,2018,Combined,4,3,3,NA
2700,2020,eBird_GBIF,8,8,3,NA
2700,2020,Combined,8,8,3,NA
2700,2021,China_Birdwatch,11,9,9,413.6302521008403
2700,2021,eBird_GBIF,2,2,1,NA
2700,2021,Combined,13,11,10,413.6302521008403
2700,2022,China_Birdwatch,4,3,4,384.2957746478873
2700,2022,Combined,4,3,4,384.2957746478873
2700,2023,China_Birdwatch,25,10,22,198.5128205128206
2700,2023,eBird_GBIF,4,3,3,NA
2700,2023,Combined,29,13,25,198.5128205128206
2700,2024,China_Birdwatch,71,33,60,317.97155858930665
2700,2024,Combined,71,33,60,317.97155858930665
2701,2015,China_Birdwatch,1,1,1,0
2701,2015,eBird_GBIF,1,1,1,NA
2701,2015,Combined,2,2,1,0
2701,2017,eBird_GBIF,1,1,1,NA
2701,2017,Combined,1,1,1,NA
2701,2018,eBird_GBIF,3,2,3,NA
2701,2018,Combined,3,2,3,NA
2701,2019,China_Birdwatch,1,1,1,720
2701,2019,eBird_GBIF,2,2,2,NA
2701,2019,Combined,3,3,3,720
2701,2021,China_Birdwatch,1,1,1,81.5
2701,2021,eBird_GBIF,2,1,2,NA
2701,2021,Combined,3,2,3,81.5
2701,2022,China_Birdwatch,15,2,15,735.1315789473684
2701,2022,Combined,15,2,15,735.1315789473684
2701,2023,China_Birdwatch,25,6,25,156.3859154929577
2701,2023,eBird_GBIF,4,1,4,NA
2701,2023,Combined,29,7,29,156.3859154929577
2701,2024,China_Birdwatch,116,23,93,368.58877814691596
2701,2024,Combined,116,23,93,368.58877814691596
2702,2013,eBird_GBIF,1,1,1,NA
2702,2013,Combined,1,1,1,NA
2702,2014,China_Birdwatch,1,1,1,0
2702,2014,eBird_GBIF,1,1,1,NA
2702,2014,Combined,2,2,1,0
2702,2015,China_Birdwatch,1,1,1,61
2702,2015,eBird_GBIF,1,1,1,NA
2702,2015,Combined,2,2,2,61
2702,2016,eBird_GBIF,3,2,3,NA
2702,2016,Combined,3,2,3,NA
2702,2018,China_Birdwatch,3,3,3,502.7142857142857
2702,2018,eBird_GBIF,3,1,3,NA
2702,2018,Combined,6,4,6,502.7142857142857
2702,2019,China_Birdwatch,2,2,2,250741.7391304348
2702,2019,eBird_GBIF,8,4,5,NA
2702,2019,Combined,10,6,7,250741.7391304348
2702,2020,China_Birdwatch,1,1,1,210
2702,2020,eBird_GBIF,2,2,1,NA
2702,2020,Combined,3,3,1,210
2702,2021,China_Birdwatch,8,7,7,2150.7177419354834
2702,2021,eBird_GBIF,36,16,28,NA
2702,2021,Combined,44,23,34,2150.7177419354834
2702,2022,China_Birdwatch,11,8,10,44763.167701863356
2702,2022,eBird_GBIF,16,13,7,NA
2702,2022,Combined,27,21,16,44763.167701863356
2702,2023,China_Birdwatch,31,20,25,827.148311306902
2702,2023,eBird_GBIF,17,8,15,NA
2702,2023,Combined,48,28,37,827.148311306902
2702,2024,China_Birdwatch,118,68,76,745.4007475083059
2702,2024,Combined,118,68,76,745.4007475083059
2703,2006,eBird_GBIF,2,1,2,NA
2703,2006,Combined,2,1,2,NA
2703,2010,eBird_GBIF,8,1,8,NA
2703,2010,Combined,8,1,8,NA
2703,2016,China_Birdwatch,1,1,1,2040
2703,2016,eBird_GBIF,3,2,3,NA
2703,2016,Combined,4,3,4,2040
2703,2017,China_Birdwatch,1,1,1,2640
2703,2017,eBird_GBIF,3,2,3,NA
2703,2017,Combined,4,3,4,2640
2703,2018,China_Birdwatch,4,2,4,740.6271186440679
2703,2018,eBird_GBIF,7,5,7,NA
2703,2018,Combined,11,7,8,740.6271186440679
2703,2019,China_Birdwatch,3,3,3,485.9016393442623
2703,2019,eBird_GBIF,8,6,6,NA
2703,2019,Combined,11,9,8,485.9016393442623
2703,2020,China_Birdwatch,5,5,5,4032.244565217391
2703,2020,eBird_GBIF,5,3,5,NA
2703,2020,Combined,10,8,10,4032.244565217391
2703,2021,China_Birdwatch,9,6,9,466.8085106382975
2703,2021,eBird_GBIF,5,2,5,NA
2703,2021,Combined,14,8,14,466.8085106382975
2703,2022,China_Birdwatch,22,6,22,515.9870129870131
2703,2022,Combined,22,6,22,515.9870129870131
2703,2023,China_Birdwatch,11,9,10,1179.5257142857142
2703,2023,eBird_GBIF,4,1,4,NA
2703,2023,Combined,15,10,14,1179.5257142857142
2703,2024,China_Birdwatch,106,60,67,367.7528535980144
2703,2024,Combined,106,60,67,367.7528535980144
2704,2015,eBird_GBIF,1,1,1,NA
2704,2015,Combined,1,1,1,NA
2704,2021,China_Birdwatch,3,2,3,115.81395348837209
2704,2021,eBird_GBIF,3,1,3,NA
2704,2021,Combined,6,3,5,115.81395348837209
2704,2022,China_Birdwatch,2,1,2,303.9491525423729
2704,2022,Combined,2,1,2,303.9491525423729
2704,2023,eBird_GBIF,1,1,1,NA
2704,2023,Combined,1,1,1,NA
2704,2024,China_Birdwatch,8,6,8,165.75539568345326
2704,2024,Combined,8,6,8,165.75539568345326
2705,2016,eBird_GBIF,1,1,1,NA
2705,2016,Combined,1,1,1,NA
2705,2020,eBird_GBIF,1,1,1,NA
2705,2020,Combined,1,1,1,NA
2705,2021,China_Birdwatch,1,1,1,10293
2705,2021,Combined,1,1,1,10293
2705,2022,China_Birdwatch,2,2,2,300
2705,2022,eBird_GBIF,1,1,1,NA
2705,2022,Combined,3,3,2,300
2705,2023,China_Birdwatch,7,4,7,66.3
2705,2023,Combined,7,4,7,66.3
2705,2024,China_Birdwatch,34,7,34,95.52658227848102
2705,2024,Combined,34,7,34,95.52658227848102
2706,2010,eBird_GBIF,1,1,1,NA
2706,2010,Combined,1,1,1,NA
2706,2011,eBird_GBIF,3,2,3,NA
2706,2011,Combined,3,2,3,NA
2706,2012,eBird_GBIF,1,1,1,NA
2706,2012,Combined,1,1,1,NA
2706,2014,eBird_GBIF,3,2,3,NA
2706,2014,Combined,3,2,3,NA
2706,2015,eBird_GBIF,1,1,1,NA
2706,2015,Combined,1,1,1,NA
2706,2017,eBird_GBIF,3,2,3,NA
2706,2017,Combined,3,2,3,NA
2706,2018,eBird_GBIF,1,1,1,NA
2706,2018,Combined,1,1,1,NA
2706,2019,China_Birdwatch,1,1,1,60
2706,2019,eBird_GBIF,5,2,5,NA
2706,2019,Combined,6,3,6,60
2706,2020,China_Birdwatch,1,1,1,30
2706,2020,eBird_GBIF,2,2,2,NA
2706,2020,Combined,3,3,3,30
2706,2021,eBird_GBIF,2,2,2,NA
2706,2021,Combined,2,2,2,NA
2706,2022,China_Birdwatch,16,2,16,74.17021276595744
2706,2022,eBird_GBIF,1,1,1,NA
2706,2022,Combined,17,3,17,74.17021276595744
2706,2023,China_Birdwatch,37,6,34,261.7180851063829
2706,2023,eBird_GBIF,2,2,2,NA
2706,2023,Combined,39,8,35,261.7180851063829
2706,2024,China_Birdwatch,102,26,71,87.56731461483079
2706,2024,Combined,102,26,71,87.56731461483079
2707,2010,eBird_GBIF,1,1,1,NA
2707,2010,Combined,1,1,1,NA
2707,2016,China_Birdwatch,1,1,1,180
2707,2016,Combined,1,1,1,180
2707,2019,eBird_GBIF,2,2,2,NA
2707,2019,Combined,2,2,2,NA
2707,2020,eBird_GBIF,1,1,1,NA
2707,2020,Combined,1,1,1,NA
2707,2021,eBird_GBIF,1,1,1,NA
2707,2021,Combined,1,1,1,NA
2707,2023,China_Birdwatch,1,1,1,0
2707,2023,Combined,1,1,1,0
2707,2024,China_Birdwatch,110,14,63,84.10456852791883
2707,2024,Combined,110,14,63,84.10456852791883
2708,2015,eBird_GBIF,1,1,1,NA
2708,2015,Combined,1,1,1,NA
2708,2016,China_Birdwatch,1,1,1,360
2708,2016,Combined,1,1,1,360
2708,2018,eBird_GBIF,1,1,1,NA
2708,2018,Combined,1,1,1,NA
2708,2019,eBird_GBIF,5,2,5,NA
2708,2019,Combined,5,2,5,NA
2708,2021,China_Birdwatch,2,1,2,11130.375
2708,2021,eBird_GBIF,4,3,3,NA
2708,2021,Combined,6,4,5,11130.375
2708,2022,China_Birdwatch,2,1,2,60
2708,2022,eBird_GBIF,2,1,2,NA
2708,2022,Combined,4,2,4,60
2708,2023,China_Birdwatch,23,8,21,106.42608695652176
2708,2023,eBird_GBIF,3,1,3,NA
2708,2023,Combined,26,9,23,106.42608695652176
2708,2024,China_Birdwatch,93,39,58,232.5989071038251
2708,2024,Combined,93,39,58,232.5989071038251
2709,2010,China_Birdwatch,1,1,1,480
2709,2010,Combined,1,1,1,480
2709,2011,eBird_GBIF,1,1,1,NA
2709,2011,Combined,1,1,1,NA
2709,2013,China_Birdwatch,1,1,1,375
2709,2013,Combined,1,1,1,375
2709,2014,China_Birdwatch,1,1,1,240
2709,2014,Combined,1,1,1,240
2709,2015,China_Birdwatch,2,1,2,399.375
2709,2015,Combined,2,1,2,399.375
2709,2016,China_Birdwatch,4,2,4,135.19999999999996
2709,2016,Combined,4,2,4,135.19999999999996
2709,2017,China_Birdwatch,2,1,2,240
2709,2017,eBird_GBIF,2,1,2,NA
2709,2017,Combined,4,2,4,240
2709,2018,China_Birdwatch,2,1,2,1.3636363636363635
2709,2018,eBird_GBIF,2,2,2,NA
2709,2018,Combined,4,3,4,1.3636363636363635
2709,2019,China_Birdwatch,2,2,2,111.42857142857143
2709,2019,Combined,2,2,2,111.42857142857143
2709,2020,China_Birdwatch,1,1,1,5040
2709,2020,eBird_GBIF,5,1,5,NA
2709,2020,Combined,6,2,6,5040
2709,2021,China_Birdwatch,9,5,9,371.58078602620077
2709,2021,eBird_GBIF,2,1,2,NA
2709,2021,Combined,11,6,11,371.58078602620077
2709,2022,China_Birdwatch,57,19,46,214.56941176470585
2709,2022,eBird_GBIF,4,2,4,NA
2709,2022,Combined,61,21,50,214.56941176470585
2709,2023,China_Birdwatch,92,34,68,605.3906996957847
2709,2023,eBird_GBIF,1,1,1,NA
2709,2023,Combined,93,35,69,605.3906996957847
2709,2024,China_Birdwatch,246,85,144,381.01366586949143
2709,2024,Combined,246,85,144,381.01366586949143
2710,2002,eBird_GBIF,10,1,10,NA
2710,2002,Combined,10,1,10,NA
2710,2012,China_Birdwatch,1,1,1,540
2710,2012,eBird_GBIF,1,1,1,NA
2710,2012,Combined,2,2,1,540
2710,2015,China_Birdwatch,1,1,1,300
2710,2015,Combined,1,1,1,300
2710,2016,China_Birdwatch,2,2,2,17484.827586206895
2710,2016,Combined,2,2,2,17484.827586206895
2710,2017,eBird_GBIF,3,1,3,NA
2710,2017,Combined,3,1,3,NA
2710,2018,eBird_GBIF,6,1,6,NA
2710,2018,Combined,6,1,6,NA
2710,2019,eBird_GBIF,6,1,6,NA
2710,2019,Combined,6,1,6,NA
2710,2020,eBird_GBIF,1,1,1,NA
2710,2020,Combined,1,1,1,NA
2710,2021,eBird_GBIF,3,2,3,NA
2710,2021,Combined,3,2,3,NA
2710,2022,China_Birdwatch,2,2,2,60
2710,2022,eBird_GBIF,7,3,7,NA
2710,2022,Combined,9,5,8,60
2710,2023,China_Birdwatch,12,12,10,11869.503496503497
2710,2023,eBird_GBIF,4,1,4,NA
2710,2023,Combined,16,13,13,11869.503496503497
2710,2024,China_Birdwatch,26,14,20,1436.7514792899406
2710,2024,Combined,26,14,20,1436.7514792899406
2711,2002,China_Birdwatch,1,1,1,1780
2711,2002,Combined,1,1,1,1780
2711,2009,eBird_GBIF,2,2,1,NA
2711,2009,Combined,2,2,1,NA
2711,2013,eBird_GBIF,1,1,1,NA
2711,2013,Combined,1,1,1,NA
2711,2015,China_Birdwatch,1,1,1,0
2711,2015,eBird_GBIF,4,1,4,NA
2711,2015,Combined,5,2,5,0
2711,2018,eBird_GBIF,3,2,3,NA
2711,2018,Combined,3,2,3,NA
2711,2021,China_Birdwatch,1,1,1,1160
2711,2021,Combined,1,1,1,1160
2711,2022,China_Birdwatch,5,5,5,878.7543859649123
2711,2022,Combined,5,5,5,878.7543859649123
2711,2023,China_Birdwatch,36,20,25,489.8713592233009
2711,2023,Combined,36,20,25,489.8713592233009
2711,2024,China_Birdwatch,58,35,31,614.1840753424658
2711,2024,Combined,58,35,31,614.1840753424658
2712,2001,eBird_GBIF,2,1,2,NA
2712,2001,Combined,2,1,2,NA
2712,2002,eBird_GBIF,1,1,1,NA
2712,2002,Combined,1,1,1,NA
2712,2008,China_Birdwatch,2,1,2,5447.8125
2712,2008,eBird_GBIF,8,2,8,NA
2712,2008,Combined,10,3,10,5447.8125
2712,2009,eBird_GBIF,1,1,1,NA
2712,2009,Combined,1,1,1,NA
2712,2011,eBird_GBIF,1,1,1,NA
2712,2011,Combined,1,1,1,NA
2712,2012,eBird_GBIF,5,3,4,NA
2712,2012,Combined,5,3,4,NA
2712,2013,China_Birdwatch,1,1,1,1495035
2712,2013,eBird_GBIF,2,2,2,NA
2712,2013,Combined,3,3,3,1495035
2712,2014,eBird_GBIF,4,3,3,NA
2712,2014,Combined,4,3,3,NA
2712,2015,China_Birdwatch,4,1,4,0
2712,2015,eBird_GBIF,5,5,5,NA
2712,2015,Combined,9,6,9,0
2712,2016,China_Birdwatch,11,3,11,2737.403433476393
2712,2016,eBird_GBIF,5,5,5,NA
2712,2016,Combined,16,8,16,2737.403433476393
2712,2017,China_Birdwatch,2,2,2,294.75
2712,2017,eBird_GBIF,14,10,12,NA
2712,2017,Combined,16,12,14,294.75
2712,2018,China_Birdwatch,2,2,2,1891.7355371900826
2712,2018,eBird_GBIF,12,7,12,NA
2712,2018,Combined,14,9,13,1891.7355371900826
2712,2019,China_Birdwatch,5,5,5,3375.734265734265
2712,2019,eBird_GBIF,37,28,16,NA
2712,2019,Combined,42,33,21,3375.734265734265
2712,2020,China_Birdwatch,10,4,10,293741.59473684203
2712,2020,eBird_GBIF,5,5,4,NA
2712,2020,Combined,15,9,14,293741.59473684203
2712,2021,China_Birdwatch,14,8,14,324.9581749049429
2712,2021,eBird_GBIF,17,5,17,NA
2712,2021,Combined,31,13,28,324.9581749049429
2712,2022,China_Birdwatch,31,21,25,697.542540073982
2712,2022,eBird_GBIF,26,8,25,NA
2712,2022,Combined,57,29,46,697.542540073982
2712,2023,China_Birdwatch,254,109,135,1551.951472418083
2712,2023,eBird_GBIF,62,33,28,NA
2712,2023,Combined,316,142,150,1551.951472418083
2712,2024,China_Birdwatch,1038,346,268,655.6163933095146
2712,2024,Combined,1038,346,268,655.6163933095146
2713,2000,eBird_GBIF,2,1,2,NA
2713,2000,Combined,2,1,2,NA
2713,2001,eBird_GBIF,7,2,7,NA
2713,2001,Combined,7,2,7,NA
2713,2003,eBird_GBIF,1,1,1,NA
2713,2003,Combined,1,1,1,NA
2713,2004,eBird_GBIF,3,2,3,NA
2713,2004,Combined,3,2,3,NA
2713,2005,eBird_GBIF,1,1,1,NA
2713,2005,Combined,1,1,1,NA
2713,2006,eBird_GBIF,6,2,6,NA
2713,2006,Combined,6,2,6,NA
2713,2007,eBird_GBIF,1,1,1,NA
2713,2007,Combined,1,1,1,NA
2713,2008,China_Birdwatch,1,1,1,420
2713,2008,eBird_GBIF,6,4,5,NA
2713,2008,Combined,7,5,6,420
2713,2009,eBird_GBIF,9,6,5,NA
2713,2009,Combined,9,6,5,NA
2713,2010,eBird_GBIF,11,10,9,NA
2713,2010,Combined,11,10,9,NA
2713,2011,eBird_GBIF,3,3,3,NA
2713,2011,Combined,3,3,3,NA
2713,2012,China_Birdwatch,1,1,1,1053180
2713,2012,eBird_GBIF,11,8,10,NA
2713,2012,Combined,12,9,11,1053180
2713,2013,eBird_GBIF,16,11,13,NA
2713,2013,Combined,16,11,13,NA
2713,2014,China_Birdwatch,3,3,3,1361.860465116279
2713,2014,eBird_GBIF,12,9,12,NA
2713,2014,Combined,15,12,15,1361.860465116279
2713,2015,China_Birdwatch,3,3,3,641.2213740458016
2713,2015,eBird_GBIF,36,15,30,NA
2713,2015,Combined,39,18,32,641.2213740458016
2713,2016,China_Birdwatch,2,2,2,1618.9747899159663
2713,2016,eBird_GBIF,42,20,29,NA
2713,2016,Combined,44,22,30,1618.9747899159663
2713,2017,China_Birdwatch,9,5,8,573.918103448276
2713,2017,eBird_GBIF,47,31,34,NA
2713,2017,Combined,56,36,38,573.918103448276
2713,2018,China_Birdwatch,5,5,5,984070.947368421
2713,2018,eBird_GBIF,107,50,50,NA
2713,2018,Combined,112,55,53,984070.947368421
2713,2019,China_Birdwatch,14,9,12,83731.8846960168
2713,2019,eBird_GBIF,130,64,51,NA
2713,2019,Combined,144,73,58,83731.8846960168
2713,2020,China_Birdwatch,18,12,18,221750.47191011228
2713,2020,eBird_GBIF,56,22,39,NA
2713,2020,Combined,74,34,47,221750.47191011228
2713,2021,China_Birdwatch,47,24,35,19213.990057995004
2713,2021,eBird_GBIF,62,20,52,NA
2713,2021,Combined,109,44,76,19213.990057995004
2713,2022,China_Birdwatch,124,53,74,2060.698619631903
2713,2022,eBird_GBIF,59,22,33,NA
2713,2022,Combined,183,75,85,2060.698619631903
2713,2023,China_Birdwatch,507,200,199,8670.058089500826
2713,2023,eBird_GBIF,150,72,70,NA
2713,2023,Combined,657,272,211,8670.058089500826
2713,2024,China_Birdwatch,1634,591,290,294.9377177503287
2713,2024,Combined,1634,591,290,294.9377177503287
2714,2005,eBird_GBIF,1,1,1,NA
2714,2005,Combined,1,1,1,NA
2714,2013,eBird_GBIF,1,1,1,NA
2714,2013,Combined,1,1,1,NA
2714,2016,eBird_GBIF,1,1,1,NA
2714,2016,Combined,1,1,1,NA
2714,2017,eBird_GBIF,4,4,2,NA
2714,2017,Combined,4,4,2,NA
2714,2018,eBird_GBIF,1,1,1,NA
2714,2018,Combined,1,1,1,NA
2714,2022,China_Birdwatch,2,2,2,39.5
2714,2022,eBird_GBIF,1,1,1,NA
2714,2022,Combined,3,3,3,39.5
2714,2023,China_Birdwatch,5,5,4,123
2714,2023,Combined,5,5,4,123
2714,2024,China_Birdwatch,10,10,10,189.08333333333331
2714,2024,Combined,10,10,10,189.08333333333331
2715,2006,eBird_GBIF,1,1,1,NA
2715,2006,Combined,1,1,1,NA
2715,2007,eBird_GBIF,1,1,1,NA
2715,2007,Combined,1,1,1,NA
2715,2008,eBird_GBIF,2,1,2,NA
2715,2008,Combined,2,1,2,NA
2715,2010,eBird_GBIF,5,5,4,NA
2715,2010,Combined,5,5,4,NA
2715,2011,eBird_GBIF,1,1,1,NA
2715,2011,Combined,1,1,1,NA
2715,2012,eBird_GBIF,4,3,4,NA
2715,2012,Combined,4,3,4,NA
2715,2013,eBird_GBIF,8,6,7,NA
2715,2013,Combined,8,6,7,NA
2715,2014,eBird_GBIF,13,5,7,NA
2715,2014,Combined,13,5,7,NA
2715,2015,China_Birdwatch,2,1,2,0
2715,2015,eBird_GBIF,6,3,6,NA
2715,2015,Combined,8,4,7,0
2715,2016,eBird_GBIF,13,10,13,NA
2715,2016,Combined,13,10,13,NA
2715,2017,China_Birdwatch,1,1,1,780
2715,2017,eBird_GBIF,36,23,22,NA
2715,2017,Combined,37,24,23,780
2715,2018,China_Birdwatch,1,1,1,1500
2715,2018,eBird_GBIF,51,40,27,NA
2715,2018,Combined,52,41,28,1500
2715,2019,China_Birdwatch,2,2,2,218.2608695652174
2715,2019,eBird_GBIF,47,34,27,NA
2715,2019,Combined,49,36,29,218.2608695652174
2715,2020,China_Birdwatch,10,8,8,324.3367346938775
2715,2020,eBird_GBIF,14,11,13,NA
2715,2020,Combined,24,19,20,324.3367346938775
2715,2021,China_Birdwatch,15,11,14,306.4933333333332
2715,2021,eBird_GBIF,34,20,29,NA
2715,2021,Combined,49,31,41,306.4933333333332
2715,2022,China_Birdwatch,15,12,12,326.9333333333333
2715,2022,eBird_GBIF,23,19,17,NA
2715,2022,Combined,38,31,24,326.9333333333333
2715,2023,China_Birdwatch,126,63,94,18176.240963855395
2715,2023,eBird_GBIF,62,40,46,NA
2715,2023,Combined,188,103,113,18176.240963855395
2715,2024,China_Birdwatch,312,208,150,260.4420413583751
2715,2024,Combined,312,208,150,260.4420413583751
2716,2002,eBird_GBIF,1,1,1,NA
2716,2002,Combined,1,1,1,NA
2716,2005,eBird_GBIF,1,1,1,NA
2716,2005,Combined,1,1,1,NA
2716,2006,eBird_GBIF,1,1,1,NA
2716,2006,Combined,1,1,1,NA
2716,2007,eBird_GBIF,1,1,1,NA
2716,2007,Combined,1,1,1,NA
2716,2008,eBird_GBIF,2,1,2,NA
2716,2008,Combined,2,1,2,NA
2716,2009,eBird_GBIF,3,1,3,NA
2716,2009,Combined,3,1,3,NA
2716,2010,eBird_GBIF,4,2,4,NA
2716,2010,Combined,4,2,4,NA
2716,2011,eBird_GBIF,2,2,2,NA
2716,2011,Combined,2,2,2,NA
2716,2012,eBird_GBIF,1,1,1,NA
2716,2012,Combined,1,1,1,NA
2716,2013,eBird_GBIF,2,2,2,NA
2716,2013,Combined,2,2,2,NA
2716,2014,China_Birdwatch,1,1,1,30
2716,2014,eBird_GBIF,4,2,4,NA
2716,2014,Combined,5,3,4,30
2716,2015,eBird_GBIF,6,2,6,NA
2716,2015,Combined,6,2,6,NA
2716,2016,China_Birdwatch,2,2,2,2242.777777777778
2716,2016,eBird_GBIF,9,3,9,NA
2716,2016,Combined,11,5,10,2242.777777777778
2716,2017,China_Birdwatch,1,1,1,210
2716,2017,eBird_GBIF,20,2,20,NA
2716,2017,Combined,21,3,20,210
2716,2018,China_Birdwatch,1,1,1,120
2716,2018,eBird_GBIF,16,4,16,NA
2716,2018,Combined,17,5,16,120
2716,2019,eBird_GBIF,22,1,22,NA
2716,2019,Combined,22,1,22,NA
2716,2020,eBird_GBIF,31,3,31,NA
2716,2020,Combined,31,3,31,NA
2716,2021,China_Birdwatch,12,6,12,3018.7127272727275
2716,2021,eBird_GBIF,100,15,85,NA
2716,2021,Combined,112,21,88,3018.7127272727275
2716,2022,China_Birdwatch,14,7,13,118.07531380753137
2716,2022,eBird_GBIF,85,7,83,NA
2716,2022,Combined,99,14,89,118.07531380753137
2716,2023,China_Birdwatch,64,30,49,598.3594224924008
2716,2023,eBird_GBIF,162,27,114,NA
2716,2023,Combined,226,57,132,598.3594224924008
2716,2024,China_Birdwatch,164,79,112,223.43695823483085
2716,2024,Combined,164,79,112,223.43695823483085
2717,2005,eBird_GBIF,1,1,1,NA
2717,2005,Combined,1,1,1,NA
2717,2007,eBird_GBIF,3,2,3,NA
2717,2007,Combined,3,2,3,NA
2717,2008,eBird_GBIF,2,2,2,NA
2717,2008,Combined,2,2,2,NA
2717,2009,eBird_GBIF,1,1,1,NA
2717,2009,Combined,1,1,1,NA
2717,2010,eBird_GBIF,2,1,2,NA
2717,2010,Combined,2,1,2,NA
2717,2012,eBird_GBIF,2,1,2,NA
2717,2012,Combined,2,1,2,NA
2717,2013,eBird_GBIF,2,2,2,NA
2717,2013,Combined,2,2,2,NA
2717,2014,eBird_GBIF,1,1,1,NA
2717,2014,Combined,1,1,1,NA
2717,2015,eBird_GBIF,2,2,1,NA
2717,2015,Combined,2,2,1,NA
2717,2016,China_Birdwatch,2,1,2,2711.25
2717,2016,eBird_GBIF,4,2,4,NA
2717,2016,Combined,6,3,6,2711.25
2717,2017,eBird_GBIF,3,1,3,NA
2717,2017,Combined,3,1,3,NA
2717,2018,China_Birdwatch,2,1,2,120
2717,2018,eBird_GBIF,4,2,4,NA
2717,2018,Combined,6,3,6,120
2717,2019,eBird_GBIF,11,4,11,NA
2717,2019,Combined,11,4,11,NA
2717,2020,China_Birdwatch,1,1,1,60
2717,2020,eBird_GBIF,24,3,24,NA
2717,2020,Combined,25,4,25,60
2717,2021,China_Birdwatch,13,6,13,34531.918918918906
2717,2021,eBird_GBIF,86,7,81,NA
2717,2021,Combined,99,13,94,34531.918918918906
2717,2022,China_Birdwatch,74,12,73,253.4683453237408
2717,2022,eBird_GBIF,152,15,127,NA
2717,2022,Combined,226,27,159,253.4683453237408
2717,2023,China_Birdwatch,73,31,60,325.6284779050738
2717,2023,eBird_GBIF,139,24,105,NA
2717,2023,Combined,212,55,142,325.6284779050738
2717,2024,China_Birdwatch,546,133,244,282.988208670796
2717,2024,Combined,546,133,244,282.988208670796
2718,2005,eBird_GBIF,2,1,2,NA
2718,2005,Combined,2,1,2,NA
2718,2010,China_Birdwatch,3,1,3,338.57142857142856
2718,2010,eBird_GBIF,1,1,1,NA
2718,2010,Combined,4,2,3,338.57142857142856
2718,2011,eBird_GBIF,4,1,4,NA
2718,2011,Combined,4,1,4,NA
2718,2012,eBird_GBIF,1,1,1,NA
2718,2012,Combined,1,1,1,NA
2718,2014,China_Birdwatch,3,1,3,0
2718,2014,eBird_GBIF,3,2,3,NA
2718,2014,Combined,6,3,4,0
2718,2015,China_Birdwatch,17,1,17,293.87755102040813
2718,2015,eBird_GBIF,5,4,5,NA
2718,2015,Combined,22,5,21,293.87755102040813
2718,2016,China_Birdwatch,5,2,5,301.27659574468083
2718,2016,eBird_GBIF,5,2,5,NA
2718,2016,Combined,10,4,9,301.27659574468083
2718,2017,China_Birdwatch,1,1,1,301
2718,2017,eBird_GBIF,5,1,5,NA
2718,2017,Combined,6,2,5,301
2718,2018,China_Birdwatch,18,3,18,20402.485714285718
2718,2018,eBird_GBIF,5,2,5,NA
2718,2018,Combined,23,5,23,20402.485714285718
2718,2019,China_Birdwatch,22,2,22,537.9526627218935
2718,2019,eBird_GBIF,8,2,8,NA
2718,2019,Combined,30,4,27,537.9526627218935
2718,2020,China_Birdwatch,2,2,2,472.61538461538464
2718,2020,eBird_GBIF,21,2,21,NA
2718,2020,Combined,23,4,23,472.61538461538464
2718,2021,China_Birdwatch,21,3,21,323.8817567567568
2718,2021,eBird_GBIF,23,6,21,NA
2718,2021,Combined,44,9,39,323.8817567567568
2718,2022,China_Birdwatch,34,6,33,277.7960396039604
2718,2022,eBird_GBIF,44,2,43,NA
2718,2022,Combined,78,8,67,277.7960396039604
2718,2023,China_Birdwatch,112,22,93,421.1702257474073
2718,2023,eBird_GBIF,73,21,60,NA
2718,2023,Combined,185,43,130,421.1702257474073
2718,2024,China_Birdwatch,462,101,226,223.83491281273658
2718,2024,Combined,462,101,226,223.83491281273658
2719,2004,eBird_GBIF,1,1,1,NA
2719,2004,Combined,1,1,1,NA
2719,2008,eBird_GBIF,1,1,1,NA
2719,2008,Combined,1,1,1,NA
2719,2010,China_Birdwatch,1,1,1,90
2719,2010,eBird_GBIF,1,1,1,NA
2719,2010,Combined,2,2,2,90
2719,2011,China_Birdwatch,1,1,1,90
2719,2011,eBird_GBIF,6,1,6,NA
2719,2011,Combined,7,2,6,90
2719,2013,eBird_GBIF,1,1,1,NA
2719,2013,Combined,1,1,1,NA
2719,2014,eBird_GBIF,2,1,2,NA
2719,2014,Combined,2,1,2,NA
2719,2015,China_Birdwatch,27,1,27,0
2719,2015,eBird_GBIF,6,4,5,NA
2719,2015,Combined,33,5,32,0
2719,2016,eBird_GBIF,1,1,1,NA
2719,2016,Combined,1,1,1,NA
2719,2017,eBird_GBIF,2,1,2,NA
2719,2017,Combined,2,1,2,NA
2719,2018,China_Birdwatch,1,1,1,300
2719,2018,eBird_GBIF,1,1,1,NA
2719,2018,Combined,2,2,2,300
2719,2019,eBird_GBIF,6,3,6,NA
2719,2019,Combined,6,3,6,NA
2719,2020,eBird_GBIF,4,4,2,NA
2719,2020,Combined,4,4,2,NA
2719,2021,eBird_GBIF,8,4,8,NA
2719,2021,Combined,8,4,8,NA
2719,2022,China_Birdwatch,7,3,6,374.05
2719,2022,eBird_GBIF,30,3,28,NA
2719,2022,Combined,37,6,30,374.05
2719,2023,China_Birdwatch,41,12,41,120.39233038348081
2719,2023,eBird_GBIF,40,14,32,NA
2719,2023,Combined,81,26,67,120.39233038348081
2719,2024,China_Birdwatch,185,56,128,1593.6577825159882
2719,2024,Combined,185,56,128,1593.6577825159882
2750,2001,eBird_GBIF,1,1,1,NA
2750,2001,Combined,1,1,1,NA
2750,2018,China_Birdwatch,2,1,2,522.5
2750,2018,eBird_GBIF,3,3,1,NA
2750,2018,Combined,5,4,3,522.5
2750,2019,eBird_GBIF,2,2,2,NA
2750,2019,Combined,2,2,2,NA
2750,2020,China_Birdwatch,5,2,5,1099.9583333333335
2750,2020,eBird_GBIF,2,2,2,NA
2750,2020,Combined,7,4,7,1099.9583333333335
2750,2021,eBird_GBIF,34,12,30,NA
2750,2021,Combined,34,12,30,NA
2750,2022,China_Birdwatch,5,3,5,2176.6721311475408
2750,2022,eBird_GBIF,1,1,1,NA
2750,2022,Combined,6,4,6,2176.6721311475408
2750,2023,China_Birdwatch,28,19,21,1842.4754335260118
2750,2023,eBird_GBIF,15,5,10,NA
2750,2023,Combined,43,24,28,1842.4754335260118
2750,2024,China_Birdwatch,43,27,30,1469.2643312101907
2750,2024,Combined,43,27,30,1469.2643312101907
2751,2001,eBird_GBIF,1,1,1,NA
2751,2001,Combined,1,1,1,NA
2751,2007,eBird_GBIF,12,7,8,NA
2751,2007,Combined,12,7,8,NA
2751,2009,eBird_GBIF,9,3,5,NA
2751,2009,Combined,9,3,5,NA
2751,2011,eBird_GBIF,2,2,2,NA
2751,2011,Combined,2,2,2,NA
2751,2013,eBird_GBIF,3,2,3,NA
2751,2013,Combined,3,2,3,NA
2751,2014,eBird_GBIF,3,2,3,NA
2751,2014,Combined,3,2,3,NA
2751,2015,eBird_GBIF,1,1,1,NA
2751,2015,Combined,1,1,1,NA
2751,2018,eBird_GBIF,3,3,1,NA
2751,2018,Combined,3,3,1,NA
2751,2019,eBird_GBIF,7,5,5,NA
2751,2019,Combined,7,5,5,NA
2751,2020,China_Birdwatch,3,2,3,474.53125
2751,2020,eBird_GBIF,3,2,3,NA
2751,2020,Combined,6,4,6,474.53125
2751,2021,China_Birdwatch,1,1,1,600
2751,2021,eBird_GBIF,8,3,7,NA
2751,2021,Combined,9,4,8,600
2751,2022,China_Birdwatch,1,1,1,660
2751,2022,Combined,1,1,1,660
2751,2023,China_Birdwatch,37,20,26,353.13831478537355
2751,2023,eBird_GBIF,3,2,3,NA
2751,2023,Combined,40,22,28,353.13831478537355
2751,2024,China_Birdwatch,70,36,47,263.5558232931728
2751,2024,Combined,70,36,47,263.5558232931728
2752,2000,eBird_GBIF,1,1,1,NA
2752,2000,Combined,1,1,1,NA
2752,2001,eBird_GBIF,1,1,1,NA
2752,2001,Combined,1,1,1,NA
2752,2002,eBird_GBIF,1,1,1,NA
2752,2002,Combined,1,1,1,NA
2752,2004,eBird_GBIF,1,1,1,NA
2752,2004,Combined,1,1,1,NA
2752,2007,eBird_GBIF,6,3,6,NA
2752,2007,Combined,6,3,6,NA
2752,2009,eBird_GBIF,1,1,1,NA
2752,2009,Combined,1,1,1,NA
2752,2010,eBird_GBIF,5,3,5,NA
2752,2010,Combined,5,3,5,NA
2752,2011,eBird_GBIF,1,1,1,NA
2752,2011,Combined,1,1,1,NA
2752,2014,eBird_GBIF,1,1,1,NA
2752,2014,Combined,1,1,1,NA
2752,2015,eBird_GBIF,2,2,2,NA
2752,2015,Combined,2,2,2,NA
2752,2016,eBird_GBIF,4,4,2,NA
2752,2016,Combined,4,4,2,NA
2752,2017,eBird_GBIF,4,4,3,NA
2752,2017,Combined,4,4,3,NA
2752,2018,eBird_GBIF,8,5,7,NA
2752,2018,Combined,8,5,7,NA
2752,2019,China_Birdwatch,1,1,1,540
2752,2019,eBird_GBIF,2,2,2,NA
2752,2019,Combined,3,3,3,540
2752,2020,eBird_GBIF,1,1,1,NA
2752,2020,Combined,1,1,1,NA
2752,2021,eBird_GBIF,1,1,1,NA
2752,2021,Combined,1,1,1,NA
2752,2022,China_Birdwatch,1,1,1,60
2752,2022,Combined,1,1,1,60
2752,2023,China_Birdwatch,1,1,1,105
2752,2023,eBird_GBIF,6,5,6,NA
2752,2023,Combined,7,6,7,105
2752,2024,China_Birdwatch,11,10,11,79.90566037735849
2752,2024,Combined,11,10,11,79.90566037735849
2753,2014,eBird_GBIF,1,1,1,NA
2753,2014,Combined,1,1,1,NA
2753,2017,China_Birdwatch,1,1,1,11940
2753,2017,Combined,1,1,1,11940
2753,2020,eBird_GBIF,17,8,3,NA
2753,2020,Combined,17,8,3,NA
2753,2021,China_Birdwatch,1,1,1,660
2753,2021,eBird_GBIF,1,1,1,NA
2753,2021,Combined,2,2,2,660
2753,2022,China_Birdwatch,1,1,1,60
2753,2022,Combined,1,1,1,60
2753,2023,China_Birdwatch,3,3,3,1090.9285714285713
2753,2023,eBird_GBIF,1,1,1,NA
2753,2023,Combined,4,4,4,1090.9285714285713
2753,2024,China_Birdwatch,16,10,14,241.4857142857143
2753,2024,Combined,16,10,14,241.4857142857143
2754,2020,eBird_GBIF,10,8,2,NA
2754,2020,Combined,10,8,2,NA
2755,2019,eBird_GBIF,4,4,2,NA
2755,2019,Combined,4,4,2,NA
2755,2020,eBird_GBIF,13,9,3,NA
2755,2020,Combined,13,9,3,NA
2755,2021,China_Birdwatch,2,1,2,120
2755,2021,Combined,2,1,2,120
2755,2022,China_Birdwatch,1,1,1,60
2755,2022,Combined,1,1,1,60
2755,2023,China_Birdwatch,4,3,4,131.2888888888889
2755,2023,Combined,4,3,4,131.2888888888889
2755,2024,China_Birdwatch,3,3,3,50
2755,2024,Combined,3,3,3,50
2756,2017,eBird_GBIF,2,2,1,NA
2756,2017,Combined,2,2,1,NA
2756,2022,eBird_GBIF,1,1,1,NA
2756,2022,Combined,1,1,1,NA
2756,2023,China_Birdwatch,1,1,1,200
2756,2023,Combined,1,1,1,200
2756,2024,China_Birdwatch,2,2,2,212.72727272727272
2756,2024,Combined,2,2,2,212.72727272727272
2757,2015,China_Birdwatch,1,1,1,547200
2757,2015,eBird_GBIF,6,2,3,NA
2757,2015,Combined,7,3,4,547200
2757,2016,China_Birdwatch,2,1,2,1726.1538461538462
2757,2016,eBird_GBIF,1,1,1,NA
2757,2016,Combined,3,2,2,1726.1538461538462
2757,2017,eBird_GBIF,5,5,4,NA
2757,2017,Combined,5,5,4,NA
2757,2018,China_Birdwatch,2,2,2,2664.3478260869565
2757,2018,eBird_GBIF,3,2,3,NA
2757,2018,Combined,5,4,4,2664.3478260869565
2757,2019,China_Birdwatch,1,1,1,780
2757,2019,Combined,1,1,1,780
2757,2020,China_Birdwatch,4,4,3,1690
2757,2020,eBird_GBIF,2,2,2,NA
2757,2020,Combined,6,6,5,1690
2757,2021,China_Birdwatch,9,8,8,1671.8761904761905
2757,2021,eBird_GBIF,10,6,6,NA
2757,2021,Combined,19,14,13,1671.8761904761905
2757,2022,China_Birdwatch,2,2,2,774.8387096774193
2757,2022,eBird_GBIF,3,2,2,NA
2757,2022,Combined,5,4,4,774.8387096774193
2757,2023,China_Birdwatch,32,28,22,502.6632231404959
2757,2023,Combined,32,28,22,502.6632231404959
2757,2024,China_Birdwatch,57,43,37,308.5729166666667
2757,2024,Combined,57,43,37,308.5729166666667
2758,2010,eBird_GBIF,1,1,1,NA
2758,2010,Combined,1,1,1,NA
2758,2018,eBird_GBIF,2,2,2,NA
2758,2018,Combined,2,2,2,NA
2758,2019,eBird_GBIF,1,1,1,NA
2758,2019,Combined,1,1,1,NA
2758,2021,China_Birdwatch,21,11,17,1506.3266978922718
2758,2021,eBird_GBIF,22,11,16,NA
2758,2021,Combined,43,22,31,1506.3266978922718
2758,2022,China_Birdwatch,6,4,6,10237.098425196851
2758,2022,eBird_GBIF,5,2,4,NA
2758,2022,Combined,11,6,10,10237.098425196851
2758,2023,China_Birdwatch,49,27,35,1381.2498293515357
2758,2023,eBird_GBIF,6,2,6,NA
2758,2023,Combined,55,29,39,1381.2498293515357
2758,2024,China_Birdwatch,102,49,53,571.7672259907168
2758,2024,Combined,102,49,53,571.7672259907168
2759,2024,China_Birdwatch,1,1,1,60
2759,2024,Combined,1,1,1,60
2765,2000,eBird_GBIF,1,1,1,NA
2765,2000,Combined,1,1,1,NA
2765,2003,eBird_GBIF,1,1,1,NA
2765,2003,Combined,1,1,1,NA
2765,2013,eBird_GBIF,1,1,1,NA
2765,2013,Combined,1,1,1,NA
2765,2014,eBird_GBIF,28,6,28,NA
2765,2014,Combined,28,6,28,NA
2765,2015,eBird_GBIF,13,4,7,NA
2765,2015,Combined,13,4,7,NA
2765,2016,eBird_GBIF,59,14,27,NA
2765,2016,Combined,59,14,27,NA
2765,2017,eBird_GBIF,7,3,4,NA
2765,2017,Combined,7,3,4,NA
2765,2018,eBird_GBIF,4,4,3,NA
2765,2018,Combined,4,4,3,NA
2765,2019,eBird_GBIF,8,4,7,NA
2765,2019,Combined,8,4,7,NA
2765,2020,eBird_GBIF,8,4,8,NA
2765,2020,Combined,8,4,8,NA
2765,2021,eBird_GBIF,16,7,9,NA
2765,2021,Combined,16,7,9,NA
2765,2022,eBird_GBIF,9,3,6,NA
2765,2022,Combined,9,3,6,NA
2765,2023,China_Birdwatch,1,1,1,60
2765,2023,eBird_GBIF,6,2,6,NA
2765,2023,Combined,7,3,7,60
2765,2024,China_Birdwatch,2,2,2,1557.6923076923076
2765,2024,Combined,2,2,2,1557.6923076923076
2766,2002,eBird_GBIF,10,5,8,NA
2766,2002,Combined,10,5,8,NA
2766,2003,eBird_GBIF,3,3,3,NA
2766,2003,Combined,3,3,3,NA
2766,2004,eBird_GBIF,3,1,3,NA
2766,2004,Combined,3,1,3,NA
2766,2005,eBird_GBIF,4,2,4,NA
2766,2005,Combined,4,2,4,NA
2766,2006,eBird_GBIF,2,2,2,NA
2766,2006,Combined,2,2,2,NA
2766,2007,eBird_GBIF,6,5,4,NA
2766,2007,Combined,6,5,4,NA
2766,2008,eBird_GBIF,10,5,6,NA
2766,2008,Combined,10,5,6,NA
2766,2009,eBird_GBIF,1,1,1,NA
2766,2009,Combined,1,1,1,NA
2766,2010,eBird_GBIF,9,7,8,NA
2766,2010,Combined,9,7,8,NA
2766,2011,eBird_GBIF,19,5,17,NA
2766,2011,Combined,19,5,17,NA
2766,2012,eBird_GBIF,9,6,8,NA
2766,2012,Combined,9,6,8,NA
2766,2013,eBird_GBIF,17,9,14,NA
2766,2013,Combined,17,9,14,NA
2766,2014,eBird_GBIF,7,5,7,NA
2766,2014,Combined,7,5,7,NA
2766,2015,eBird_GBIF,5,4,5,NA
2766,2015,Combined,5,4,5,NA
2766,2016,eBird_GBIF,17,15,15,NA
2766,2016,Combined,17,15,15,NA
2766,2017,eBird_GBIF,15,8,14,NA
2766,2017,Combined,15,8,14,NA
2766,2018,eBird_GBIF,54,22,34,NA
2766,2018,Combined,54,22,34,NA
2766,2019,eBird_GBIF,33,13,25,NA
2766,2019,Combined,33,13,25,NA
2766,2020,eBird_GBIF,34,16,26,NA
2766,2020,Combined,34,16,26,NA
2766,2021,eBird_GBIF,37,24,31,NA
2766,2021,Combined,37,24,31,NA
2766,2022,eBird_GBIF,17,6,13,NA
2766,2022,Combined,17,6,13,NA
2766,2023,China_Birdwatch,3,3,2,41.81818181818182
2766,2023,eBird_GBIF,56,21,45,NA
2766,2023,Combined,59,24,46,41.81818181818182
2766,2024,China_Birdwatch,4,4,4,45
2766,2024,Combined,4,4,4,45
2767,2002,eBird_GBIF,1,1,1,NA
2767,2002,Combined,1,1,1,NA
2767,2003,eBird_GBIF,1,1,1,NA
2767,2003,Combined,1,1,1,NA
2767,2005,eBird_GBIF,1,1,1,NA
2767,2005,Combined,1,1,1,NA
2767,2006,eBird_GBIF,1,1,1,NA
2767,2006,Combined,1,1,1,NA
2767,2007,eBird_GBIF,2,1,2,NA
2767,2007,Combined,2,1,2,NA
2767,2008,eBird_GBIF,1,1,1,NA
2767,2008,Combined,1,1,1,NA
2767,2010,eBird_GBIF,2,2,1,NA
2767,2010,Combined,2,2,1,NA
2767,2011,eBird_GBIF,21,5,21,NA
2767,2011,Combined,21,5,21,NA
2767,2012,eBird_GBIF,2,1,2,NA
2767,2012,Combined,2,1,2,NA
2767,2013,eBird_GBIF,6,6,5,NA
2767,2013,Combined,6,6,5,NA
2767,2014,eBird_GBIF,3,3,3,NA
2767,2014,Combined,3,3,3,NA
2767,2015,eBird_GBIF,4,4,4,NA
2767,2015,Combined,4,4,4,NA
2767,2016,China_Birdwatch,1,1,1,423
2767,2016,eBird_GBIF,6,6,5,NA
2767,2016,Combined,7,7,6,423
2767,2017,eBird_GBIF,3,3,3,NA
2767,2017,Combined,3,3,3,NA
2767,2018,eBird_GBIF,11,10,8,NA
2767,2018,Combined,11,10,8,NA
2767,2019,China_Birdwatch,1,1,1,300
2767,2019,eBird_GBIF,9,7,7,NA
2767,2019,Combined,10,8,8,300
2767,2020,eBird_GBIF,6,6,5,NA
2767,2020,Combined,6,6,5,NA
2767,2021,eBird_GBIF,8,8,8,NA
2767,2021,Combined,8,8,8,NA
2767,2022,eBird_GBIF,5,4,5,NA
2767,2022,Combined,5,4,5,NA
2767,2023,eBird_GBIF,15,12,10,NA
2767,2023,Combined,15,12,10,NA
2767,2024,China_Birdwatch,4,4,3,83.53846153846153
2767,2024,Combined,4,4,3,83.53846153846153
2768,2005,eBird_GBIF,3,1,3,NA
2768,2005,Combined,3,1,3,NA
2768,2006,eBird_GBIF,1,1,1,NA
2768,2006,Combined,1,1,1,NA
2768,2007,eBird_GBIF,1,1,1,NA
2768,2007,Combined,1,1,1,NA
2768,2008,eBird_GBIF,3,2,3,NA
2768,2008,Combined,3,2,3,NA
2768,2012,eBird_GBIF,4,3,4,NA
2768,2012,Combined,4,3,4,NA
2768,2013,eBird_GBIF,2,2,2,NA
2768,2013,Combined,2,2,2,NA
2768,2016,eBird_GBIF,2,1,2,NA
2768,2016,Combined,2,1,2,NA
2768,2018,eBird_GBIF,2,2,2,NA
2768,2018,Combined,2,2,2,NA
2768,2019,eBird_GBIF,7,4,7,NA
2768,2019,Combined,7,4,7,NA
2768,2020,eBird_GBIF,6,3,6,NA
2768,2020,Combined,6,3,6,NA
2768,2021,eBird_GBIF,5,3,5,NA
2768,2021,Combined,5,3,5,NA
2768,2022,China_Birdwatch,1,1,1,7380
2768,2022,eBird_GBIF,1,1,1,NA
2768,2022,Combined,2,2,2,7380
2768,2023,China_Birdwatch,3,3,3,183.26086956521738
2768,2023,eBird_GBIF,4,3,4,NA
2768,2023,Combined,7,6,7,183.26086956521738
2768,2024,China_Birdwatch,23,17,20,98.87134502923976
2768,2024,Combined,23,17,20,98.87134502923976
2769,2007,eBird_GBIF,1,1,1,NA
2769,2007,Combined,1,1,1,NA
2769,2010,China_Birdwatch,1,1,1,600
2769,2010,Combined,1,1,1,600
2769,2011,China_Birdwatch,2,1,2,17453.315789473683
2769,2011,eBird_GBIF,2,1,2,NA
2769,2011,Combined,4,2,4,17453.315789473683
2769,2012,China_Birdwatch,1,1,1,5040
2769,2012,eBird_GBIF,1,1,1,NA
2769,2012,Combined,2,2,2,5040
2769,2013,China_Birdwatch,1,1,1,58249
2769,2013,Combined,1,1,1,58249
2769,2014,eBird_GBIF,1,1,1,NA
2769,2014,Combined,1,1,1,NA
2769,2015,China_Birdwatch,1,1,1,36960
2769,2015,eBird_GBIF,1,1,1,NA
2769,2015,Combined,2,2,2,36960
2769,2016,China_Birdwatch,1,1,1,1980
2769,2016,eBird_GBIF,4,3,4,NA
2769,2016,Combined,5,4,5,1980
2769,2017,China_Birdwatch,1,1,1,58260
2769,2017,Combined,1,1,1,58260
2769,2018,eBird_GBIF,1,1,1,NA
2769,2018,Combined,1,1,1,NA
2769,2019,eBird_GBIF,3,3,3,NA
2769,2019,Combined,3,3,3,NA
2769,2020,eBird_GBIF,1,1,1,NA
2769,2020,Combined,1,1,1,NA
2769,2021,China_Birdwatch,1,1,1,420
2769,2021,eBird_GBIF,6,2,6,NA
2769,2021,Combined,7,3,7,420
2769,2022,China_Birdwatch,4,4,4,16185.967741935483
2769,2022,eBird_GBIF,1,1,1,NA
2769,2022,Combined,5,5,5,16185.967741935483
2769,2023,China_Birdwatch,24,17,21,604.0944350758853
2769,2023,eBird_GBIF,15,10,14,NA
2769,2023,Combined,39,27,34,604.0944350758853
2769,2024,China_Birdwatch,93,51,70,503.0367860600191
2769,2024,Combined,93,51,70,503.0367860600191
2770,2016,eBird_GBIF,1,1,1,NA
2770,2016,Combined,1,1,1,NA
2770,2020,eBird_GBIF,1,1,1,NA
2770,2020,Combined,1,1,1,NA
2770,2023,eBird_GBIF,1,1,1,NA
2770,2023,Combined,1,1,1,NA
2770,2024,China_Birdwatch,4,3,4,186.66666666666666
2770,2024,Combined,4,3,4,186.66666666666666
2771,2014,eBird_GBIF,5,4,3,NA
2771,2014,Combined,5,4,3,NA
2771,2024,China_Birdwatch,1,1,1,1501
2771,2024,Combined,1,1,1,1501
2772,2017,eBird_GBIF,2,1,2,NA
2772,2017,Combined,2,1,2,NA
2772,2024,China_Birdwatch,7,3,6,106.75925925925927
2772,2024,Combined,7,3,6,106.75925925925927
2773,2017,China_Birdwatch,1,1,1,300
2773,2017,eBird_GBIF,1,1,1,NA
2773,2017,Combined,2,2,1,300
2773,2019,eBird_GBIF,4,2,4,NA
2773,2019,Combined,4,2,4,NA
2773,2020,eBird_GBIF,2,2,2,NA
2773,2020,Combined,2,2,2,NA
2773,2021,China_Birdwatch,3,2,3,77.14285714285714
2773,2021,eBird_GBIF,3,1,3,NA
2773,2021,Combined,6,3,6,77.14285714285714
2773,2022,eBird_GBIF,3,3,3,NA
2773,2022,Combined,3,3,3,NA
2773,2023,China_Birdwatch,1,1,1,269
2773,2023,eBird_GBIF,1,1,1,NA
2773,2023,Combined,2,2,2,269
2773,2024,China_Birdwatch,31,12,22,1091.4423676012434
2773,2024,Combined,31,12,22,1091.4423676012434
2774,2015,China_Birdwatch,1,1,1,0
2774,2015,eBird_GBIF,1,1,1,NA
2774,2015,Combined,2,2,1,0
2774,2017,eBird_GBIF,1,1,1,NA
2774,2017,Combined,1,1,1,NA
2774,2018,China_Birdwatch,4,3,4,122.96969696969697
2774,2018,eBird_GBIF,12,2,12,NA
2774,2018,Combined,16,5,13,122.96969696969697
2774,2019,China_Birdwatch,1,1,1,7200
2774,2019,eBird_GBIF,4,1,4,NA
2774,2019,Combined,5,2,5,7200
2774,2020,China_Birdwatch,2,1,2,60
2774,2020,Combined,2,1,2,60
2774,2021,China_Birdwatch,1,1,1,60
2774,2021,eBird_GBIF,3,1,3,NA
2774,2021,Combined,4,2,4,60
2774,2022,China_Birdwatch,2,2,2,93.4074074074074
2774,2022,Combined,2,2,2,93.4074074074074
2774,2023,China_Birdwatch,8,3,8,128.78417266187049
2774,2023,eBird_GBIF,3,2,3,NA
2774,2023,Combined,11,5,11,128.78417266187049
2774,2024,China_Birdwatch,23,15,21,73.37539432176658
2774,2024,Combined,23,15,21,73.37539432176658
2775,2006,eBird_GBIF,3,1,3,NA
2775,2006,Combined,3,1,3,NA
2775,2008,eBird_GBIF,32,2,17,NA
2775,2008,Combined,32,2,17,NA
2775,2010,eBird_GBIF,1,1,1,NA
2775,2010,Combined,1,1,1,NA
2775,2012,eBird_GBIF,10,2,10,NA
2775,2012,Combined,10,2,10,NA
2775,2014,China_Birdwatch,1,1,1,0
2775,2014,eBird_GBIF,8,3,5,NA
2775,2014,Combined,9,4,6,0
2775,2016,eBird_GBIF,9,4,6,NA
2775,2016,Combined,9,4,6,NA
2775,2017,China_Birdwatch,4,4,2,2416.300578034682
2775,2017,eBird_GBIF,5,4,5,NA
2775,2017,Combined,9,8,6,2416.300578034682
2775,2018,China_Birdwatch,9,8,9,2990.161290322581
2775,2018,eBird_GBIF,8,5,7,NA
2775,2018,Combined,17,13,13,2990.161290322581
2775,2019,China_Birdwatch,2,2,2,1980
2775,2019,eBird_GBIF,10,4,10,NA
2775,2019,Combined,12,6,12,1980
2775,2020,China_Birdwatch,8,4,8,673
2775,2020,Combined,8,4,8,673
2775,2021,China_Birdwatch,8,7,8,2767.689655172414
2775,2021,eBird_GBIF,15,7,10,NA
2775,2021,Combined,23,14,15,2767.689655172414
2775,2022,China_Birdwatch,16,12,15,5045.919825072888
2775,2022,eBird_GBIF,4,3,4,NA
2775,2022,Combined,20,15,18,5045.919825072888
2775,2023,China_Birdwatch,83,41,43,1267.665833630846
2775,2023,eBird_GBIF,42,13,26,NA
2775,2023,Combined,125,54,60,1267.665833630846
2775,2024,China_Birdwatch,180,78,110,3556.019330700486
2775,2024,Combined,180,78,110,3556.019330700486
2776,2014,eBird_GBIF,3,3,3,NA
2776,2014,Combined,3,3,3,NA
2776,2015,China_Birdwatch,1,1,1,2880
2776,2015,eBird_GBIF,4,2,4,NA
2776,2015,Combined,5,3,5,2880
2776,2016,China_Birdwatch,1,1,1,1680
2776,2016,eBird_GBIF,2,1,2,NA
2776,2016,Combined,3,2,2,1680
2776,2017,eBird_GBIF,4,4,4,NA
2776,2017,Combined,4,4,4,NA
2776,2018,China_Birdwatch,5,1,5,219.06040268456377
2776,2018,eBird_GBIF,20,1,20,NA
2776,2018,Combined,25,2,20,219.06040268456377
2776,2019,eBird_GBIF,20,3,20,NA
2776,2019,Combined,20,3,20,NA
2776,2020,China_Birdwatch,1,1,1,240
2776,2020,Combined,1,1,1,240
2776,2021,China_Birdwatch,2,1,2,522.2950819672132
2776,2021,eBird_GBIF,5,1,5,NA
2776,2021,Combined,7,2,7,522.2950819672132
2776,2022,China_Birdwatch,5,1,5,1415.2090163934427
2776,2022,eBird_GBIF,19,5,15,NA
2776,2022,Combined,24,6,20,1415.2090163934427
2776,2023,China_Birdwatch,6,3,6,680.2222222222222
2776,2023,eBird_GBIF,2,2,2,NA
2776,2023,Combined,8,5,7,680.2222222222222
2776,2024,China_Birdwatch,12,7,11,259.6008583690987
2776,2024,Combined,12,7,11,259.6008583690987
2777,2006,China_Birdwatch,1,1,1,60
2777,2006,Combined,1,1,1,60
2777,2009,eBird_GBIF,1,1,1,NA
2777,2009,Combined,1,1,1,NA
2777,2011,eBird_GBIF,1,1,1,NA
2777,2011,Combined,1,1,1,NA
2777,2015,China_Birdwatch,1,1,1,1440
2777,2015,eBird_GBIF,2,1,2,NA
2777,2015,Combined,3,2,3,1440
2777,2016,China_Birdwatch,1,1,1,1080
2777,2016,Combined,1,1,1,1080
2777,2017,eBird_GBIF,7,2,7,NA
2777,2017,Combined,7,2,7,NA
2777,2018,China_Birdwatch,1,1,1,240
2777,2018,Combined,1,1,1,240
2777,2019,China_Birdwatch,5,2,5,343.5660377358491
2777,2019,Combined,5,2,5,343.5660377358491
2777,2020,China_Birdwatch,1,1,1,2100
2777,2020,Combined,1,1,1,2100
2777,2021,China_Birdwatch,2,2,2,60
2777,2021,eBird_GBIF,1,1,1,NA
2777,2021,Combined,3,3,3,60
2777,2022,China_Birdwatch,5,4,5,1112.5531914893618
2777,2022,eBird_GBIF,5,4,4,NA
2777,2022,Combined,10,8,9,1112.5531914893618
2777,2023,China_Birdwatch,7,5,7,1273.3846153846155
2777,2023,eBird_GBIF,3,3,3,NA
2777,2023,Combined,10,8,10,1273.3846153846155
2777,2024,China_Birdwatch,27,21,24,128.51851851851853
2777,2024,Combined,27,21,24,128.51851851851853
2778,2009,eBird_GBIF,1,1,1,NA
2778,2009,Combined,1,1,1,NA
2778,2013,eBird_GBIF,1,1,1,NA
2778,2013,Combined,1,1,1,NA
2778,2015,eBird_GBIF,1,1,1,NA
2778,2015,Combined,1,1,1,NA
2778,2016,China_Birdwatch,1,1,1,60
2778,2016,Combined,1,1,1,60
2778,2018,eBird_GBIF,1,1,1,NA
2778,2018,Combined,1,1,1,NA
2778,2019,China_Birdwatch,1,1,1,240
2778,2019,eBird_GBIF,1,1,1,NA
2778,2019,Combined,2,2,1,240
2778,2021,China_Birdwatch,1,1,1,60
2778,2021,eBird_GBIF,2,2,2,NA
2778,2021,Combined,3,3,3,60
2778,2022,China_Birdwatch,3,2,3,60
2778,2022,eBird_GBIF,1,1,1,NA
2778,2022,Combined,4,3,3,60
2778,2023,China_Birdwatch,8,8,8,268.768115942029
2778,2023,eBird_GBIF,6,3,6,NA
2778,2023,Combined,14,11,13,268.768115942029
2778,2024,China_Birdwatch,97,12,92,79.93842960913175
2778,2024,Combined,97,12,92,79.93842960913175
2779,2021,China_Birdwatch,2,1,2,144.6
2779,2021,Combined,2,1,2,144.6
2779,2022,China_Birdwatch,4,2,4,64.31372549019608
2779,2022,eBird_GBIF,1,1,1,NA
2779,2022,Combined,5,3,5,64.31372549019608
2779,2023,China_Birdwatch,1,1,1,130
2779,2023,Combined,1,1,1,130
2779,2024,China_Birdwatch,26,8,24,281.671875
2779,2024,Combined,26,8,24,281.671875
2780,2019,China_Birdwatch,1,1,1,240
2780,2019,Combined,1,1,1,240
2780,2021,China_Birdwatch,1,1,1,60
2780,2021,Combined,1,1,1,60
2780,2022,China_Birdwatch,3,3,3,118.18333333333334
2780,2022,Combined,3,3,3,118.18333333333334
2780,2023,China_Birdwatch,22,5,22,99.74654377880182
2780,2023,Combined,22,5,22,99.74654377880182
2780,2024,China_Birdwatch,45,16,37,250.14048338368573
2780,2024,Combined,45,16,37,250.14048338368573
2781,2002,China_Birdwatch,3,1,3,291.01176470588234
2781,2002,Combined,3,1,3,291.01176470588234
2781,2003,China_Birdwatch,7,1,7,211.29464285714286
2781,2003,Combined,7,1,7,211.29464285714286
2781,2004,China_Birdwatch,4,1,4,181.54666666666665
2781,2004,Combined,4,1,4,181.54666666666665
2781,2005,China_Birdwatch,3,1,3,2170.6666666666665
2781,2005,eBird_GBIF,1,1,1,NA
2781,2005,Combined,4,2,4,2170.6666666666665
2781,2006,China_Birdwatch,4,1,4,1620.4945054945056
2781,2006,Combined,4,1,4,1620.4945054945056
2781,2007,eBird_GBIF,4,4,4,NA
2781,2007,Combined,4,4,4,NA
2781,2008,China_Birdwatch,4,1,4,221.95
2781,2008,Combined,4,1,4,221.95
2781,2009,China_Birdwatch,5,2,5,291.28571428571433
2781,2009,eBird_GBIF,9,2,9,NA
2781,2009,Combined,14,4,14,291.28571428571433
2781,2010,China_Birdwatch,5,2,5,229858.25454545455
2781,2010,eBird_GBIF,3,2,3,NA
2781,2010,Combined,8,4,6,229858.25454545455
2781,2011,China_Birdwatch,3,2,3,197.70833333333334
2781,2011,eBird_GBIF,1,1,1,NA
2781,2011,Combined,4,3,4,197.70833333333334
2781,2012,China_Birdwatch,8,1,8,1323.3846153846155
2781,2012,eBird_GBIF,2,2,2,NA
2781,2012,Combined,10,3,9,1323.3846153846155
2781,2013,China_Birdwatch,8,2,8,166.74193548387098
2781,2013,eBird_GBIF,3,2,3,NA
2781,2013,Combined,11,4,10,166.74193548387098
2781,2014,China_Birdwatch,9,2,9,2355144.85
2781,2014,eBird_GBIF,1,1,1,NA
2781,2014,Combined,10,3,9,2355144.85
2781,2015,China_Birdwatch,15,3,15,377527.64444444445
2781,2015,eBird_GBIF,5,5,5,NA
2781,2015,Combined,20,8,20,377527.64444444445
2781,2016,China_Birdwatch,6,3,6,79.16666666666666
2781,2016,eBird_GBIF,1,1,1,NA
2781,2016,Combined,7,4,7,79.16666666666666
2781,2017,China_Birdwatch,22,3,22,127.21105527638191
2781,2017,eBird_GBIF,11,5,10,NA
2781,2017,Combined,33,8,28,127.21105527638191
2781,2018,China_Birdwatch,48,5,48,73221
2781,2018,eBird_GBIF,30,8,27,NA
2781,2018,Combined,78,13,57,73221
2781,2019,China_Birdwatch,47,8,45,96639.49717514124
2781,2019,eBird_GBIF,56,24,45,NA
2781,2019,Combined,103,32,71,96639.49717514124
2781,2020,China_Birdwatch,19,8,19,184.47169811320754
2781,2020,eBird_GBIF,15,6,13,NA
2781,2020,Combined,34,14,29,184.47169811320754
2781,2021,China_Birdwatch,363,14,216,983.7918632075401
2781,2021,eBird_GBIF,27,14,21,NA
2781,2021,Combined,390,28,225,983.7918632075401
2781,2022,China_Birdwatch,893,48,299,814.93632075473
2781,2022,eBird_GBIF,35,12,33,NA
2781,2022,Combined,928,60,308,814.93632075473
2781,2023,China_Birdwatch,1146,104,319,323.7842624855009
2781,2023,eBird_GBIF,85,33,66,NA
2781,2023,Combined,1231,137,326,323.7842624855009
2781,2024,China_Birdwatch,2953,497,358,341.1790033431495
2781,2024,Combined,2953,497,358,341.1790033431495
2782,2002,eBird_GBIF,1,1,1,NA
2782,2002,Combined,1,1,1,NA
2782,2015,eBird_GBIF,1,1,1,NA
2782,2015,Combined,1,1,1,NA
2782,2020,China_Birdwatch,1,1,1,10
2782,2020,eBird_GBIF,1,1,1,NA
2782,2020,Combined,2,2,2,10
2782,2021,China_Birdwatch,1,1,1,60
2782,2021,Combined,1,1,1,60
2782,2022,China_Birdwatch,38,20,26,360.83983286908085
2782,2022,eBird_GBIF,5,2,5,NA
2782,2022,Combined,43,22,31,360.83983286908085
2782,2023,China_Birdwatch,126,33,67,157.8835325877362
2782,2023,eBird_GBIF,5,3,5,NA
2782,2023,Combined,131,36,72,157.8835325877362
2782,2024,China_Birdwatch,268,108,132,243.9053537284869
2782,2024,Combined,268,108,132,243.9053537284869
2783,2014,China_Birdwatch,1,1,1,1440
2783,2014,eBird_GBIF,1,1,1,NA
2783,2014,Combined,2,2,2,1440
2783,2015,eBird_GBIF,1,1,1,NA
2783,2015,Combined,1,1,1,NA
2783,2016,China_Birdwatch,1,1,1,1440
2783,2016,Combined,1,1,1,1440
2783,2019,eBird_GBIF,3,2,3,NA
2783,2019,Combined,3,2,3,NA
2783,2020,China_Birdwatch,1,1,1,20
2783,2020,Combined,1,1,1,20
2783,2022,eBird_GBIF,12,2,12,NA
2783,2022,Combined,12,2,12,NA
2783,2023,China_Birdwatch,14,5,11,28029.981343283584
2783,2023,eBird_GBIF,3,2,3,NA
2783,2023,Combined,17,7,13,28029.981343283584
2783,2024,China_Birdwatch,44,20,34,789.2739726027411
2783,2024,Combined,44,20,34,789.2739726027411
2784,2015,eBird_GBIF,1,1,1,NA
2784,2015,Combined,1,1,1,NA
2784,2018,China_Birdwatch,1,1,1,120
2784,2018,Combined,1,1,1,120
2784,2021,China_Birdwatch,1,1,1,60
2784,2021,Combined,1,1,1,60
2784,2022,China_Birdwatch,2,2,2,109.48148148148148
2784,2022,Combined,2,2,2,109.48148148148148
2784,2023,China_Birdwatch,10,5,8,65.2394366197183
2784,2023,eBird_GBIF,1,1,1,NA
2784,2023,Combined,11,6,9,65.2394366197183
2784,2024,China_Birdwatch,23,14,18,627.2177121771217
2784,2024,Combined,23,14,18,627.2177121771217
2785,2014,eBird_GBIF,3,2,3,NA
2785,2014,Combined,3,2,3,NA
2785,2015,eBird_GBIF,2,2,2,NA
2785,2015,Combined,2,2,2,NA
2785,2016,eBird_GBIF,1,1,1,NA
2785,2016,Combined,1,1,1,NA
2785,2017,eBird_GBIF,2,2,2,NA
2785,2017,Combined,2,2,2,NA
2785,2018,eBird_GBIF,2,2,2,NA
2785,2018,Combined,2,2,2,NA
2785,2019,China_Birdwatch,1,1,1,1440
2785,2019,eBird_GBIF,2,2,2,NA
2785,2019,Combined,3,3,3,1440
2785,2020,China_Birdwatch,9,1,9,302.6984126984127
2785,2020,eBird_GBIF,7,1,7,NA
2785,2020,Combined,16,2,16,302.6984126984127
2785,2021,China_Birdwatch,5,3,5,129.23076923076923
2785,2021,eBird_GBIF,33,3,30,NA
2785,2021,Combined,38,6,34,129.23076923076923
2785,2022,China_Birdwatch,4,3,4,4253.178571428572
2785,2022,eBird_GBIF,1,1,1,NA
2785,2022,Combined,5,4,5,4253.178571428572
2785,2023,China_Birdwatch,12,7,12,21076.498305084748
2785,2023,eBird_GBIF,44,4,44,NA
2785,2023,Combined,56,11,56,21076.498305084748
2785,2024,China_Birdwatch,26,19,21,607.3139931740616
2785,2024,Combined,26,19,21,607.3139931740616
2786,2007,eBird_GBIF,1,1,1,NA
2786,2007,Combined,1,1,1,NA
2786,2010,eBird_GBIF,3,1,3,NA
2786,2010,Combined,3,1,3,NA
2786,2011,eBird_GBIF,1,1,1,NA
2786,2011,Combined,1,1,1,NA
2786,2015,eBird_GBIF,2,2,2,NA
2786,2015,Combined,2,2,2,NA
2786,2018,eBird_GBIF,2,2,2,NA
2786,2018,Combined,2,2,2,NA
2786,2019,China_Birdwatch,1,1,1,0
2786,2019,eBird_GBIF,3,3,2,NA
2786,2019,Combined,4,4,3,0
2786,2020,China_Birdwatch,1,1,1,5
2786,2020,Combined,1,1,1,5
2786,2021,China_Birdwatch,30,13,11,13757.222826086985
2786,2021,eBird_GBIF,7,3,4,NA
2786,2021,Combined,37,16,12,13757.222826086985
2786,2023,China_Birdwatch,31,20,16,331.50675675675683
2786,2023,eBird_GBIF,5,4,3,NA
2786,2023,Combined,36,24,17,331.50675675675683
2786,2024,China_Birdwatch,63,37,35,208.08998302207124
2786,2024,Combined,63,37,35,208.08998302207124
2787,2002,eBird_GBIF,4,1,4,NA
2787,2002,Combined,4,1,4,NA
2787,2004,eBird_GBIF,1,1,1,NA
2787,2004,Combined,1,1,1,NA
2787,2005,eBird_GBIF,1,1,1,NA
2787,2005,Combined,1,1,1,NA
2787,2007,eBird_GBIF,47,2,47,NA
2787,2007,Combined,47,2,47,NA
2787,2008,eBird_GBIF,25,3,25,NA
2787,2008,Combined,25,3,25,NA
2787,2009,eBird_GBIF,3,3,3,NA
2787,2009,Combined,3,3,3,NA
2787,2010,eBird_GBIF,10,4,6,NA
2787,2010,Combined,10,4,6,NA
2787,2011,eBird_GBIF,9,4,4,NA
2787,2011,Combined,9,4,4,NA
2787,2012,eBird_GBIF,9,4,9,NA
2787,2012,Combined,9,4,9,NA
2787,2013,China_Birdwatch,1,1,1,5700
2787,2013,eBird_GBIF,8,4,8,NA
2787,2013,Combined,9,5,9,5700
2787,2014,China_Birdwatch,1,1,1,4320
2787,2014,Combined,1,1,1,4320
2787,2015,China_Birdwatch,1,1,1,4992234
2787,2015,eBird_GBIF,12,8,11,NA
2787,2015,Combined,13,9,12,4992234
2787,2016,China_Birdwatch,2,2,2,1194
2787,2016,eBird_GBIF,2,2,2,NA
2787,2016,Combined,4,4,4,1194
2787,2017,eBird_GBIF,4,4,3,NA
2787,2017,Combined,4,4,3,NA
2787,2018,eBird_GBIF,10,6,9,NA
2787,2018,Combined,10,6,9,NA
2787,2019,China_Birdwatch,1,1,1,15840
2787,2019,eBird_GBIF,7,5,4,NA
2787,2019,Combined,8,6,5,15840
2787,2020,China_Birdwatch,23,6,22,25655.36657681939
2787,2020,eBird_GBIF,1,1,1,NA
2787,2020,Combined,24,7,23,25655.36657681939
2787,2021,China_Birdwatch,29,13,24,2092.0071123755333
2787,2021,eBird_GBIF,8,3,7,NA
2787,2021,Combined,37,16,30,2092.0071123755333
2787,2022,China_Birdwatch,13,6,13,751.3921568627452
2787,2022,eBird_GBIF,1,1,1,NA
2787,2022,Combined,14,7,14,751.3921568627452
2787,2023,China_Birdwatch,71,23,57,438.56150943396233
2787,2023,eBird_GBIF,57,14,54,NA
2787,2023,Combined,128,37,76,438.56150943396233
2787,2024,China_Birdwatch,176,86,104,527.641532016756
2787,2024,Combined,176,86,104,527.641532016756
2788,2007,eBird_GBIF,1,1,1,NA
2788,2007,Combined,1,1,1,NA
2788,2010,eBird_GBIF,1,1,1,NA
2788,2010,Combined,1,1,1,NA
2788,2011,eBird_GBIF,1,1,1,NA
2788,2011,Combined,1,1,1,NA
2788,2013,eBird_GBIF,8,3,8,NA
2788,2013,Combined,8,3,8,NA
2788,2014,eBird_GBIF,5,1,5,NA
2788,2014,Combined,5,1,5,NA
2788,2015,China_Birdwatch,1,1,1,0
2788,2015,eBird_GBIF,6,5,3,NA
2788,2015,Combined,7,6,3,0
2788,2016,eBird_GBIF,8,4,7,NA
2788,2016,Combined,8,4,7,NA
2788,2017,eBird_GBIF,5,2,5,NA
2788,2017,Combined,5,2,5,NA
2788,2018,China_Birdwatch,3,1,3,220
2788,2018,eBird_GBIF,5,2,4,NA
2788,2018,Combined,8,3,7,220
2788,2019,eBird_GBIF,7,2,7,NA
2788,2019,Combined,7,2,7,NA
2788,2020,eBird_GBIF,31,6,27,NA
2788,2020,Combined,31,6,27,NA
2788,2021,China_Birdwatch,1,1,1,2535
2788,2021,eBird_GBIF,36,13,25,NA
2788,2021,Combined,37,14,25,2535
2788,2022,China_Birdwatch,12,5,11,1256.777108433735
2788,2022,eBird_GBIF,78,9,65,NA
2788,2022,Combined,90,14,72,1256.777108433735
2788,2023,China_Birdwatch,96,37,60,1573.335241730278
2788,2023,eBird_GBIF,111,29,68,NA
2788,2023,Combined,207,66,97,1573.335241730278
2788,2024,China_Birdwatch,291,82,137,481.548168882668
2788,2024,Combined,291,82,137,481.548168882668
2789,2005,eBird_GBIF,1,1,1,NA
2789,2005,Combined,1,1,1,NA
2789,2009,eBird_GBIF,3,1,3,NA
2789,2009,Combined,3,1,3,NA
2789,2010,eBird_GBIF,2,1,2,NA
2789,2010,Combined,2,1,2,NA
2789,2011,eBird_GBIF,1,1,1,NA
2789,2011,Combined,1,1,1,NA
2789,2012,eBird_GBIF,2,1,2,NA
2789,2012,Combined,2,1,2,NA
2789,2013,eBird_GBIF,3,1,3,NA
2789,2013,Combined,3,1,3,NA
2789,2014,eBird_GBIF,3,1,3,NA
2789,2014,Combined,3,1,3,NA
2789,2015,China_Birdwatch,2,1,2,1807.6744186046512
2789,2015,eBird_GBIF,3,2,3,NA
2789,2015,Combined,5,3,4,1807.6744186046512
2789,2016,China_Birdwatch,1,1,1,1080
2789,2016,eBird_GBIF,6,1,6,NA
2789,2016,Combined,7,2,7,1080
2789,2017,eBird_GBIF,12,3,12,NA
2789,2017,Combined,12,3,12,NA
2789,2018,China_Birdwatch,10,1,10,297.44680851063833
2789,2018,eBird_GBIF,21,6,20,NA
2789,2018,Combined,31,7,27,297.44680851063833
2789,2019,eBird_GBIF,19,3,19,NA
2789,2019,Combined,19,3,19,NA
2789,2020,eBird_GBIF,57,4,57,NA
2789,2020,Combined,57,4,57,NA
2789,2021,China_Birdwatch,4,2,4,60
2789,2021,eBird_GBIF,79,6,76,NA
2789,2021,Combined,83,8,78,60
2789,2022,China_Birdwatch,17,7,16,319.13380281690144
2789,2022,eBird_GBIF,133,15,117,NA
2789,2022,Combined,150,22,121,319.13380281690144
2789,2023,China_Birdwatch,98,31,76,270.7280912364943
2789,2023,eBird_GBIF,127,20,114,NA
2789,2023,Combined,225,51,161,270.7280912364943
2789,2024,China_Birdwatch,302,92,162,196.13215859030817
2789,2024,Combined,302,92,162,196.13215859030817
2790,2001,eBird_GBIF,1,1,1,NA
2790,2001,Combined,1,1,1,NA
2790,2011,eBird_GBIF,1,1,1,NA
2790,2011,Combined,1,1,1,NA
2790,2012,eBird_GBIF,3,1,3,NA
2790,2012,Combined,3,1,3,NA
2790,2013,eBird_GBIF,3,2,3,NA
2790,2013,Combined,3,2,3,NA
2790,2015,eBird_GBIF,9,3,9,NA
2790,2015,Combined,9,3,9,NA
2790,2016,eBird_GBIF,10,5,10,NA
2790,2016,Combined,10,5,10,NA
2790,2017,eBird_GBIF,16,1,16,NA
2790,2017,Combined,16,1,16,NA
2790,2018,eBird_GBIF,25,6,24,NA
2790,2018,Combined,25,6,24,NA
2790,2019,China_Birdwatch,1,1,1,960
2790,2019,eBird_GBIF,22,5,20,NA
2790,2019,Combined,23,6,20,960
2790,2020,eBird_GBIF,58,10,53,NA
2790,2020,Combined,58,10,53,NA
2790,2021,China_Birdwatch,5,3,5,291.7567567567568
2790,2021,eBird_GBIF,56,5,55,NA
2790,2021,Combined,61,8,60,291.7567567567568
2790,2022,China_Birdwatch,11,7,11,85.22651933701658
2790,2022,eBird_GBIF,94,15,79,NA
2790,2022,Combined,105,22,85,85.22651933701658
2790,2023,China_Birdwatch,121,28,101,20404.83387622154
2790,2023,eBird_GBIF,115,23,98,NA
2790,2023,Combined,236,51,161,20404.83387622154
2790,2024,China_Birdwatch,582,182,228,394.0577810148107
2790,2024,Combined,582,182,228,394.0577810148107
2791,2015,China_Birdwatch,1,1,1,240
2791,2015,eBird_GBIF,1,1,1,NA
2791,2015,Combined,2,2,1,240
2791,2016,eBird_GBIF,2,1,2,NA
2791,2016,Combined,2,1,2,NA
2791,2019,eBird_GBIF,1,1,1,NA
2791,2019,Combined,1,1,1,NA
2791,2020,eBird_GBIF,10,4,6,NA
2791,2020,Combined,10,4,6,NA
2791,2021,China_Birdwatch,10,1,10,385.9767441860465
2791,2021,eBird_GBIF,21,5,19,NA
2791,2021,Combined,31,6,27,385.9767441860465
2791,2022,China_Birdwatch,13,4,13,636.1330472103007
2791,2022,eBird_GBIF,30,5,29,NA
2791,2022,Combined,43,9,36,636.1330472103007
2791,2023,China_Birdwatch,28,8,23,556.6200256739409
2791,2023,eBird_GBIF,27,5,24,NA
2791,2023,Combined,55,13,38,556.6200256739409
2791,2024,China_Birdwatch,119,69,55,495.779591836735
2791,2024,Combined,119,69,55,495.779591836735
2826,2007,eBird_GBIF,3,3,1,NA
2826,2007,Combined,3,3,1,NA
2826,2019,eBird_GBIF,4,4,2,NA
2826,2019,Combined,4,4,2,NA
2826,2020,China_Birdwatch,2,2,2,1365
2826,2020,eBird_GBIF,26,9,5,NA
2826,2020,Combined,28,11,6,1365
2826,2021,China_Birdwatch,1,1,1,630
2826,2021,Combined,1,1,1,630
2826,2022,China_Birdwatch,2,2,2,1915
2826,2022,Combined,2,2,2,1915
2826,2023,China_Birdwatch,1,1,1,60
2826,2023,Combined,1,1,1,60
2826,2024,China_Birdwatch,5,5,4,196.5
2826,2024,Combined,5,5,4,196.5
2827,2016,eBird_GBIF,1,1,1,NA
2827,2016,Combined,1,1,1,NA
2827,2020,eBird_GBIF,1,1,1,NA
2827,2020,Combined,1,1,1,NA
2827,2024,China_Birdwatch,1,1,1,2640
2827,2024,Combined,1,1,1,2640
2837,2002,eBird_GBIF,1,1,1,NA
2837,2002,Combined,1,1,1,NA
2838,2005,eBird_GBIF,1,1,1,NA
2838,2005,Combined,1,1,1,NA
2838,2008,eBird_GBIF,1,1,1,NA
2838,2008,Combined,1,1,1,NA
2838,2013,eBird_GBIF,5,4,4,NA
2838,2013,Combined,5,4,4,NA
2838,2014,eBird_GBIF,1,1,1,NA
2838,2014,Combined,1,1,1,NA
2838,2015,eBird_GBIF,3,2,3,NA
2838,2015,Combined,3,2,3,NA
2838,2016,eBird_GBIF,3,3,2,NA
2838,2016,Combined,3,3,2,NA
2838,2017,eBird_GBIF,1,1,1,NA
2838,2017,Combined,1,1,1,NA
2838,2018,eBird_GBIF,2,1,2,NA
2838,2018,Combined,2,1,2,NA
2838,2019,eBird_GBIF,2,1,2,NA
2838,2019,Combined,2,1,2,NA
2838,2020,eBird_GBIF,4,4,4,NA
2838,2020,Combined,4,4,4,NA
2838,2021,eBird_GBIF,12,9,9,NA
2838,2021,Combined,12,9,9,NA
2838,2022,eBird_GBIF,4,2,4,NA
2838,2022,Combined,4,2,4,NA
2838,2023,eBird_GBIF,5,5,4,NA
2838,2023,Combined,5,5,4,NA
2839,2000,eBird_GBIF,5,2,5,NA
2839,2000,Combined,5,2,5,NA
2839,2002,eBird_GBIF,12,7,10,NA
2839,2002,Combined,12,7,10,NA
2839,2003,eBird_GBIF,27,9,21,NA
2839,2003,Combined,27,9,21,NA
2839,2004,eBird_GBIF,5,3,5,NA
2839,2004,Combined,5,3,5,NA
2839,2005,eBird_GBIF,13,6,13,NA
2839,2005,Combined,13,6,13,NA
2839,2006,eBird_GBIF,8,4,8,NA
2839,2006,Combined,8,4,8,NA
2839,2007,eBird_GBIF,12,6,8,NA
2839,2007,Combined,12,6,8,NA
2839,2008,eBird_GBIF,12,8,11,NA
2839,2008,Combined,12,8,11,NA
2839,2009,eBird_GBIF,22,9,20,NA
2839,2009,Combined,22,9,20,NA
2839,2010,eBird_GBIF,20,8,17,NA
2839,2010,Combined,20,8,17,NA
2839,2011,eBird_GBIF,12,5,10,NA
2839,2011,Combined,12,5,10,NA
2839,2012,eBird_GBIF,22,11,20,NA
2839,2012,Combined,22,11,20,NA
2839,2013,eBird_GBIF,31,17,24,NA
2839,2013,Combined,31,17,24,NA
2839,2014,eBird_GBIF,8,5,8,NA
2839,2014,Combined,8,5,8,NA
2839,2015,eBird_GBIF,26,14,18,NA
2839,2015,Combined,26,14,18,NA
2839,2016,eBird_GBIF,26,16,22,NA
2839,2016,Combined,26,16,22,NA
2839,2017,eBird_GBIF,22,12,17,NA
2839,2017,Combined,22,12,17,NA
2839,2018,eBird_GBIF,37,23,24,NA
2839,2018,Combined,37,23,24,NA
2839,2019,eBird_GBIF,50,19,39,NA
2839,2019,Combined,50,19,39,NA
2839,2020,eBird_GBIF,26,10,23,NA
2839,2020,Combined,26,10,23,NA
2839,2021,eBird_GBIF,21,12,19,NA
2839,2021,Combined,21,12,19,NA
2839,2022,eBird_GBIF,25,11,18,NA
2839,2022,Combined,25,11,18,NA
2839,2023,eBird_GBIF,63,41,47,NA
2839,2023,Combined,63,41,47,NA
2840,2006,eBird_GBIF,1,1,1,NA
2840,2006,Combined,1,1,1,NA
2840,2013,eBird_GBIF,1,1,1,NA
2840,2013,Combined,1,1,1,NA
2840,2014,eBird_GBIF,1,1,1,NA
2840,2014,Combined,1,1,1,NA
2840,2019,eBird_GBIF,2,2,2,NA
2840,2019,Combined,2,2,2,NA
2840,2022,China_Birdwatch,3,1,3,1153.7840909090908
2840,2022,Combined,3,1,3,1153.7840909090908
2840,2023,China_Birdwatch,13,2,8,1005.5452322738387
2840,2023,Combined,13,2,8,1005.5452322738387
2840,2024,China_Birdwatch,3,2,3,60
2840,2024,Combined,3,2,3,60
2841,2011,eBird_GBIF,1,1,1,NA
2841,2011,Combined,1,1,1,NA
2841,2012,eBird_GBIF,1,1,1,NA
2841,2012,Combined,1,1,1,NA
2841,2016,eBird_GBIF,2,2,2,NA
2841,2016,Combined,2,2,2,NA
2841,2019,eBird_GBIF,3,2,3,NA
2841,2019,Combined,3,2,3,NA
2841,2021,China_Birdwatch,3,2,3,195.47619047619048
2841,2021,Combined,3,2,3,195.47619047619048
2841,2022,China_Birdwatch,3,3,3,1034.9396551724137
2841,2022,Combined,3,3,3,1034.9396551724137
2841,2023,China_Birdwatch,3,2,3,579.607843137255
2841,2023,eBird_GBIF,1,1,1,NA
2841,2023,Combined,4,3,4,579.607843137255
2841,2024,China_Birdwatch,18,9,16,59.289940828402365
2841,2024,Combined,18,9,16,59.289940828402365
2842,2019,eBird_GBIF,1,1,1,NA
2842,2019,Combined,1,1,1,NA
2842,2022,China_Birdwatch,3,1,3,155.5873015873016
2842,2022,Combined,3,1,3,155.5873015873016
2842,2023,China_Birdwatch,2,1,2,190.33333333333334
2842,2023,eBird_GBIF,5,3,5,NA
2842,2023,Combined,7,4,6,190.33333333333334
2842,2024,China_Birdwatch,13,7,13,195.67647058823528
2842,2024,Combined,13,7,13,195.67647058823528
2843,2007,eBird_GBIF,1,1,1,NA
2843,2007,Combined,1,1,1,NA
2843,2015,China_Birdwatch,1,1,1,0
2843,2015,eBird_GBIF,2,1,2,NA
2843,2015,Combined,3,2,2,0
2843,2019,eBird_GBIF,4,1,4,NA
2843,2019,Combined,4,1,4,NA
2843,2022,China_Birdwatch,2,1,2,176.5909090909091
2843,2022,eBird_GBIF,2,1,2,NA
2843,2022,Combined,4,2,4,176.5909090909091
2843,2023,China_Birdwatch,1,1,1,60
2843,2023,eBird_GBIF,1,1,1,NA
2843,2023,Combined,2,2,2,60
2843,2024,China_Birdwatch,3,3,3,55.666666666666664
2843,2024,Combined,3,3,3,55.666666666666664
2844,2001,eBird_GBIF,1,1,1,NA
2844,2001,Combined,1,1,1,NA
2844,2002,eBird_GBIF,1,1,1,NA
2844,2002,Combined,1,1,1,NA
2844,2007,China_Birdwatch,1,1,1,3210
2844,2007,eBird_GBIF,2,2,2,NA
2844,2007,Combined,3,3,3,3210
2844,2008,eBird_GBIF,2,1,2,NA
2844,2008,Combined,2,1,2,NA
2844,2009,eBird_GBIF,1,1,1,NA
2844,2009,Combined,1,1,1,NA
2844,2010,eBird_GBIF,3,2,3,NA
2844,2010,Combined,3,2,3,NA
2844,2012,eBird_GBIF,1,1,1,NA
2844,2012,Combined,1,1,1,NA
2844,2013,eBird_GBIF,1,1,1,NA
2844,2013,Combined,1,1,1,NA
2844,2014,China_Birdwatch,1,1,1,600
2844,2014,eBird_GBIF,1,1,1,NA
2844,2014,Combined,2,2,2,600
2844,2015,China_Birdwatch,1,1,1,0
2844,2015,eBird_GBIF,2,2,2,NA
2844,2015,Combined,3,3,2,0
2844,2016,China_Birdwatch,4,1,4,158.68421052631578
2844,2016,eBird_GBIF,6,4,5,NA
2844,2016,Combined,10,5,7,158.68421052631578
2844,2017,China_Birdwatch,1,1,1,5760
2844,2017,eBird_GBIF,1,1,1,NA
2844,2017,Combined,2,2,1,5760
2844,2018,China_Birdwatch,5,3,5,748.0743243243244
2844,2018,eBird_GBIF,4,2,4,NA
2844,2018,Combined,9,5,6,748.0743243243244
2844,2019,China_Birdwatch,2,2,2,2513.3333333333335
2844,2019,eBird_GBIF,7,3,5,NA
2844,2019,Combined,9,5,6,2513.3333333333335
2844,2020,China_Birdwatch,4,3,4,845.5523255813955
2844,2020,Combined,4,3,4,845.5523255813955
2844,2021,China_Birdwatch,1,1,1,120
2844,2021,Combined,1,1,1,120
2844,2022,China_Birdwatch,6,3,5,1366.6387096774192
2844,2022,eBird_GBIF,6,1,6,NA
2844,2022,Combined,12,4,9,1366.6387096774192
2844,2023,China_Birdwatch,17,10,12,354.3443298969072
2844,2023,eBird_GBIF,4,3,4,NA
2844,2023,Combined,21,13,15,354.3443298969072
2844,2024,China_Birdwatch,48,29,39,2147.947368421055
2844,2024,Combined,48,29,39,2147.947368421055
2845,2015,China_Birdwatch,2,1,2,222.5
2845,2015,Combined,2,1,2,222.5
2845,2016,China_Birdwatch,1,1,1,241
2845,2016,Combined,1,1,1,241
2845,2018,China_Birdwatch,1,1,1,385
2845,2018,Combined,1,1,1,385
2845,2019,China_Birdwatch,1,1,1,60
2845,2019,Combined,1,1,1,60
2845,2020,China_Birdwatch,1,1,1,60
2845,2020,Combined,1,1,1,60
2845,2021,China_Birdwatch,2,2,2,148.92
2845,2021,Combined,2,2,2,148.92
2845,2022,China_Birdwatch,2,2,2,40
2845,2022,Combined,2,2,2,40
2845,2023,China_Birdwatch,11,2,11,361.05357142857133
2845,2023,eBird_GBIF,1,1,1,NA
2845,2023,Combined,12,3,12,361.05357142857133
2845,2024,China_Birdwatch,156,12,151,213.13956466069183
2845,2024,Combined,156,12,151,213.13956466069183
2846,2016,China_Birdwatch,1,1,1,60
2846,2016,eBird_GBIF,1,1,1,NA
2846,2016,Combined,2,2,1,60
2846,2018,eBird_GBIF,1,1,1,NA
2846,2018,Combined,1,1,1,NA
2846,2019,eBird_GBIF,2,2,2,NA
2846,2019,Combined,2,2,2,NA
2846,2020,China_Birdwatch,2,2,2,185.68965517241378
2846,2020,eBird_GBIF,1,1,1,NA
2846,2020,Combined,3,3,3,185.68965517241378
2846,2021,eBird_GBIF,2,2,2,NA
2846,2021,Combined,2,2,2,NA
2846,2022,China_Birdwatch,2,2,2,101.81818181818181
2846,2022,Combined,2,2,2,101.81818181818181
2846,2023,China_Birdwatch,9,4,9,77.87155963302752
2846,2023,Combined,9,4,9,77.87155963302752
2846,2024,China_Birdwatch,32,10,31,117.46275752773376
2846,2024,Combined,32,10,31,117.46275752773376
2847,2012,eBird_GBIF,1,1,1,NA
2847,2012,Combined,1,1,1,NA
2847,2018,eBird_GBIF,1,1,1,NA
2847,2018,Combined,1,1,1,NA
2847,2021,China_Birdwatch,3,2,3,66.75
2847,2021,eBird_GBIF,2,1,2,NA
2847,2021,Combined,5,3,5,66.75
2847,2022,China_Birdwatch,4,2,4,1620.7659574468084
2847,2022,Combined,4,2,4,1620.7659574468084
2847,2023,China_Birdwatch,5,2,5,110.75
2847,2023,eBird_GBIF,3,1,3,NA
2847,2023,Combined,8,3,8,110.75
2847,2024,China_Birdwatch,6,3,5,61.872093023255815
2847,2024,Combined,6,3,5,61.872093023255815
2848,2002,eBird_GBIF,1,1,1,NA
2848,2002,Combined,1,1,1,NA
2848,2012,China_Birdwatch,1,1,1,702718
2848,2012,Combined,1,1,1,702718
2848,2016,China_Birdwatch,1,1,1,1980
2848,2016,eBird_GBIF,1,1,1,NA
2848,2016,Combined,2,2,1,1980
2848,2019,eBird_GBIF,2,1,2,NA
2848,2019,Combined,2,1,2,NA
2848,2022,China_Birdwatch,1,1,1,120
2848,2022,eBird_GBIF,4,2,2,NA
2848,2022,Combined,5,3,3,120
2848,2023,China_Birdwatch,6,3,6,96.93333333333334
2848,2023,eBird_GBIF,2,2,2,NA
2848,2023,Combined,8,5,8,96.93333333333334
2848,2024,China_Birdwatch,15,9,15,104.2307692307692
2848,2024,Combined,15,9,15,104.2307692307692
2849,2015,eBird_GBIF,1,1,1,NA
2849,2015,Combined,1,1,1,NA
2849,2018,eBird_GBIF,2,1,2,NA
2849,2018,Combined,2,1,2,NA
2849,2023,China_Birdwatch,7,4,7,71.42857142857143
2849,2023,Combined,7,4,7,71.42857142857143
2849,2024,China_Birdwatch,3,3,3,64.5
2849,2024,Combined,3,3,3,64.5
2850,2011,eBird_GBIF,1,1,1,NA
2850,2011,Combined,1,1,1,NA
2850,2015,eBird_GBIF,1,1,1,NA
2850,2015,Combined,1,1,1,NA
2850,2016,China_Birdwatch,5,1,5,309.2307692307692
2850,2016,eBird_GBIF,27,2,27,NA
2850,2016,Combined,32,3,31,309.2307692307692
2850,2017,China_Birdwatch,7,1,7,212.38095238095238
2850,2017,eBird_GBIF,15,1,15,NA
2850,2017,Combined,22,2,16,212.38095238095238
2850,2018,China_Birdwatch,2,1,2,66.66666666666667
2850,2018,eBird_GBIF,22,1,22,NA
2850,2018,Combined,24,2,22,66.66666666666667
2850,2019,China_Birdwatch,1,1,1,90
2850,2019,eBird_GBIF,9,1,9,NA
2850,2019,Combined,10,2,10,90
2850,2020,China_Birdwatch,10,1,10,146.875
2850,2020,eBird_GBIF,3,3,3,NA
2850,2020,Combined,13,4,13,146.875
2850,2021,China_Birdwatch,27,3,27,117.92207792207793
2850,2021,eBird_GBIF,19,1,19,NA
2850,2021,Combined,46,4,35,117.92207792207793
2850,2022,China_Birdwatch,37,6,36,153.9097065462754
2850,2022,Combined,37,6,36,153.9097065462754
2850,2023,China_Birdwatch,77,6,62,129.18238557558945
2850,2023,Combined,77,6,62,129.18238557558945
2850,2024,China_Birdwatch,77,12,59,99.92466367713006
2850,2024,Combined,77,12,59,99.92466367713006
2851,2019,China_Birdwatch,1,1,1,110
2851,2019,Combined,1,1,1,110
2851,2020,China_Birdwatch,18,1,18,453.66336633663366
2851,2020,Combined,18,1,18,453.66336633663366
2851,2021,China_Birdwatch,9,1,9,66.63461538461539
2851,2021,Combined,9,1,9,66.63461538461539
2851,2022,China_Birdwatch,17,3,16,145.92961876832842
2851,2022,Combined,17,3,16,145.92961876832842
2851,2023,China_Birdwatch,12,7,10,169.58974358974356
2851,2023,eBird_GBIF,1,1,1,NA
2851,2023,Combined,13,8,10,169.58974358974356
2851,2024,China_Birdwatch,19,12,17,212.2689075630253
2851,2024,Combined,19,12,17,212.2689075630253
2852,2019,eBird_GBIF,1,1,1,NA
2852,2019,Combined,1,1,1,NA
2852,2022,China_Birdwatch,13,3,13,75.73049645390071
2852,2022,Combined,13,3,13,75.73049645390071
2852,2023,China_Birdwatch,30,9,29,173.99220779220795
2852,2023,eBird_GBIF,3,1,3,NA
2852,2023,Combined,33,10,32,173.99220779220795
2852,2024,China_Birdwatch,43,15,31,121.03982300884962
2852,2024,Combined,43,15,31,121.03982300884962
2853,2007,eBird_GBIF,1,1,1,NA
2853,2007,Combined,1,1,1,NA
2853,2009,eBird_GBIF,1,1,1,NA
2853,2009,Combined,1,1,1,NA
2853,2013,eBird_GBIF,1,1,1,NA
2853,2013,Combined,1,1,1,NA
2853,2014,eBird_GBIF,1,1,1,NA
2853,2014,Combined,1,1,1,NA
2853,2015,China_Birdwatch,1,1,1,60
2853,2015,eBird_GBIF,1,1,1,NA
2853,2015,Combined,2,2,2,60
2853,2017,China_Birdwatch,3,2,3,789.375
2853,2017,eBird_GBIF,5,4,5,NA
2853,2017,Combined,8,6,8,789.375
2853,2018,China_Birdwatch,1,1,1,285
2853,2018,eBird_GBIF,4,3,3,NA
2853,2018,Combined,5,4,4,285
2853,2019,China_Birdwatch,1,1,1,450
2853,2019,eBird_GBIF,3,3,2,NA
2853,2019,Combined,4,4,3,450
2853,2020,China_Birdwatch,3,1,3,378
2853,2020,eBird_GBIF,1,1,1,NA
2853,2020,Combined,4,2,4,378
2853,2021,China_Birdwatch,4,2,4,72.85714285714286
2853,2021,eBird_GBIF,4,1,4,NA
2853,2021,Combined,8,3,8,72.85714285714286
2853,2022,China_Birdwatch,18,8,18,434.2559055118111
2853,2022,Combined,18,8,18,434.2559055118111
2853,2023,China_Birdwatch,55,20,50,88433.50162337674
2853,2023,eBird_GBIF,10,4,9,NA
2853,2023,Combined,65,24,58,88433.50162337674
2853,2024,China_Birdwatch,123,35,92,427.00924214417745
2853,2024,Combined,123,35,92,427.00924214417745
2854,2014,eBird_GBIF,1,1,1,NA
2854,2014,Combined,1,1,1,NA
2854,2015,eBird_GBIF,3,1,3,NA
2854,2015,Combined,3,1,3,NA
2854,2021,China_Birdwatch,2,1,2,220.8
2854,2021,Combined,2,1,2,220.8
2854,2022,China_Birdwatch,1,1,1,660
2854,2022,Combined,1,1,1,660
2854,2023,China_Birdwatch,8,6,8,81.80722891566265
2854,2023,Combined,8,6,8,81.80722891566265
2854,2024,China_Birdwatch,14,9,11,94.25342465753425
2854,2024,Combined,14,9,11,94.25342465753425
2855,2014,eBird_GBIF,4,2,3,NA
2855,2014,Combined,4,2,3,NA
2855,2015,eBird_GBIF,4,1,4,NA
2855,2015,Combined,4,1,4,NA
2855,2018,China_Birdwatch,1,1,1,600
2855,2018,Combined,1,1,1,600
2855,2019,China_Birdwatch,1,1,1,660
2855,2019,Combined,1,1,1,660
2855,2021,China_Birdwatch,1,1,1,1452
2855,2021,Combined,1,1,1,1452
2855,2022,China_Birdwatch,7,4,7,298.5189873417722
2855,2022,eBird_GBIF,2,2,2,NA
2855,2022,Combined,9,6,9,298.5189873417722
2855,2023,China_Birdwatch,25,7,22,173.3631123919308
2855,2023,eBird_GBIF,1,1,1,NA
2855,2023,Combined,26,8,22,173.3631123919308
2855,2024,China_Birdwatch,51,25,44,161.15723270440265
2855,2024,Combined,51,25,44,161.15723270440265
2856,2022,eBird_GBIF,10,4,9,NA
2856,2022,Combined,10,4,9,NA
2856,2023,China_Birdwatch,4,1,4,60
2856,2023,eBird_GBIF,15,5,12,NA
2856,2023,Combined,19,6,15,60
2856,2024,China_Birdwatch,29,10,26,372.5625
2856,2024,Combined,29,10,26,372.5625
2857,2017,eBird_GBIF,2,2,1,NA
2857,2017,Combined,2,2,1,NA
2857,2022,China_Birdwatch,2,2,2,281.3333333333333
2857,2022,eBird_GBIF,1,1,1,NA
2857,2022,Combined,3,3,3,281.3333333333333
2857,2023,eBird_GBIF,1,1,1,NA
2857,2023,Combined,1,1,1,NA
2857,2024,China_Birdwatch,10,6,10,270.07692307692315
2857,2024,Combined,10,6,10,270.07692307692315
2858,2003,eBird_GBIF,4,1,4,NA
2858,2003,Combined,4,1,4,NA
2858,2011,eBird_GBIF,1,1,1,NA
2858,2011,Combined,1,1,1,NA
2858,2012,eBird_GBIF,1,1,1,NA
2858,2012,Combined,1,1,1,NA
2858,2013,eBird_GBIF,8,3,5,NA
2858,2013,Combined,8,3,5,NA
2858,2014,eBird_GBIF,34,11,24,NA
2858,2014,Combined,34,11,24,NA
2858,2015,China_Birdwatch,1,1,1,380
2858,2015,eBird_GBIF,50,15,34,NA
2858,2015,Combined,51,16,34,380
2858,2016,China_Birdwatch,1,1,1,7500
2858,2016,eBird_GBIF,30,13,24,NA
2858,2016,Combined,31,14,25,7500
2858,2017,China_Birdwatch,3,3,3,2402.1238938053098
2858,2017,eBird_GBIF,26,10,14,NA
2858,2017,Combined,29,13,16,2402.1238938053098
2858,2018,China_Birdwatch,3,3,3,2556.4556962025317
2858,2018,eBird_GBIF,64,22,30,NA
2858,2018,Combined,67,25,30,2556.4556962025317
2858,2019,China_Birdwatch,6,5,5,4076.528925619835
2858,2019,eBird_GBIF,82,30,38,NA
2858,2019,Combined,88,35,43,4076.528925619835
2858,2020,China_Birdwatch,2,2,2,2879.76
2858,2020,eBird_GBIF,23,12,19,NA
2858,2020,Combined,25,14,21,2879.76
2858,2021,China_Birdwatch,12,7,9,2368.902439024391
2858,2021,eBird_GBIF,11,5,11,NA
2858,2021,Combined,23,12,18,2368.902439024391
2858,2022,China_Birdwatch,11,7,11,582.5370370370371
2858,2022,eBird_GBIF,6,5,5,NA
2858,2022,Combined,17,12,15,582.5370370370371
2858,2023,China_Birdwatch,55,32,27,588.0861952861952
2858,2023,eBird_GBIF,54,29,23,NA
2858,2023,Combined,109,61,44,588.0861952861952
2858,2024,China_Birdwatch,162,90,84,1186.1333026890386
2858,2024,Combined,162,90,84,1186.1333026890386
2859,2011,eBird_GBIF,1,1,1,NA
2859,2011,Combined,1,1,1,NA
2859,2016,eBird_GBIF,1,1,1,NA
2859,2016,Combined,1,1,1,NA
2859,2018,eBird_GBIF,2,2,2,NA
2859,2018,Combined,2,2,2,NA
2859,2019,eBird_GBIF,2,2,1,NA
2859,2019,Combined,2,2,1,NA
2859,2020,China_Birdwatch,1,1,1,240
2859,2020,eBird_GBIF,1,1,1,NA
2859,2020,Combined,2,2,2,240
2859,2021,China_Birdwatch,1,1,1,60
2859,2021,Combined,1,1,1,60
2859,2022,China_Birdwatch,2,2,1,165
2859,2022,Combined,2,2,1,165
2859,2023,China_Birdwatch,27,15,24,666.0357142857138
2859,2023,eBird_GBIF,12,4,7,NA
2859,2023,Combined,39,19,31,666.0357142857138
2859,2024,China_Birdwatch,62,25,50,327.5497382198951
2859,2024,Combined,62,25,50,327.5497382198951
2860,2017,eBird_GBIF,2,1,2,NA
2860,2017,Combined,2,1,2,NA
2860,2019,eBird_GBIF,1,1,1,NA
2860,2019,Combined,1,1,1,NA
2860,2020,eBird_GBIF,2,1,2,NA
2860,2020,Combined,2,1,2,NA
2860,2021,China_Birdwatch,3,1,3,487.5
2860,2021,eBird_GBIF,1,1,1,NA
2860,2021,Combined,4,2,4,487.5
2860,2022,China_Birdwatch,2,2,2,360
2860,2022,eBird_GBIF,20,3,20,NA
2860,2022,Combined,22,5,22,360
2860,2023,China_Birdwatch,12,5,12,151.5177304964539
2860,2023,eBird_GBIF,6,3,6,NA
2860,2023,Combined,18,8,17,151.5177304964539
2860,2024,China_Birdwatch,26,14,24,331.779960707269
2860,2024,Combined,26,14,24,331.779960707269
2861,2006,eBird_GBIF,1,1,1,NA
2861,2006,Combined,1,1,1,NA
2861,2012,China_Birdwatch,1,1,1,60
2861,2012,Combined,1,1,1,60
2861,2015,eBird_GBIF,3,3,3,NA
2861,2015,Combined,3,3,3,NA
2861,2017,eBird_GBIF,1,1,1,NA
2861,2017,Combined,1,1,1,NA
2861,2018,China_Birdwatch,1,1,1,300
2861,2018,eBird_GBIF,8,2,8,NA
2861,2018,Combined,9,3,9,300
2861,2019,China_Birdwatch,2,2,2,7610
2861,2019,eBird_GBIF,1,1,1,NA
2861,2019,Combined,3,3,2,7610
2861,2020,China_Birdwatch,9,4,9,300
2861,2020,eBird_GBIF,2,2,2,NA
2861,2020,Combined,11,6,11,300
2861,2021,China_Birdwatch,30,9,27,437.21405750798743
2861,2021,eBird_GBIF,5,1,5,NA
2861,2021,Combined,35,10,32,437.21405750798743
2861,2022,China_Birdwatch,17,8,16,5565.1972318339
2861,2022,eBird_GBIF,10,5,9,NA
2861,2022,Combined,27,13,22,5565.1972318339
2861,2023,China_Birdwatch,42,23,31,218.20956873315365
2861,2023,eBird_GBIF,13,5,10,NA
2861,2023,Combined,55,28,39,218.20956873315365
2861,2024,China_Birdwatch,294,101,165,218.73431578947404
2861,2024,Combined,294,101,165,218.73431578947404
2862,2005,eBird_GBIF,1,1,1,NA
2862,2005,Combined,1,1,1,NA
2862,2016,eBird_GBIF,1,1,1,NA
2862,2016,Combined,1,1,1,NA
2862,2018,eBird_GBIF,2,1,2,NA
2862,2018,Combined,2,1,2,NA
2862,2020,eBird_GBIF,3,1,3,NA
2862,2020,Combined,3,1,3,NA
2862,2021,China_Birdwatch,1,1,1,60
2862,2021,eBird_GBIF,12,2,12,NA
2862,2021,Combined,13,3,12,60
2862,2022,China_Birdwatch,18,4,18,76.39516129032259
2862,2022,eBird_GBIF,14,5,10,NA
2862,2022,Combined,32,9,24,76.39516129032259
2862,2023,China_Birdwatch,21,4,18,90.40167364016739
2862,2023,eBird_GBIF,22,4,21,NA
2862,2023,Combined,43,8,32,90.40167364016739
2862,2024,China_Birdwatch,43,21,35,590.3472527472533
2862,2024,Combined,43,21,35,590.3472527472533
2909,2007,eBird_GBIF,5,1,5,NA
2909,2007,Combined,5,1,5,NA
2909,2015,eBird_GBIF,5,1,5,NA
2909,2015,Combined,5,1,5,NA
2909,2016,eBird_GBIF,2,1,2,NA
2909,2016,Combined,2,1,2,NA
2909,2019,eBird_GBIF,1,1,1,NA
2909,2019,Combined,1,1,1,NA
2910,2013,eBird_GBIF,3,2,3,NA
2910,2013,Combined,3,2,3,NA
2910,2015,eBird_GBIF,2,2,2,NA
2910,2015,Combined,2,2,2,NA
2910,2016,eBird_GBIF,2,2,1,NA
2910,2016,Combined,2,2,1,NA
2910,2018,eBird_GBIF,1,1,1,NA
2910,2018,Combined,1,1,1,NA
2910,2019,eBird_GBIF,2,2,2,NA
2910,2019,Combined,2,2,2,NA
2910,2020,eBird_GBIF,1,1,1,NA
2910,2020,Combined,1,1,1,NA
2910,2021,eBird_GBIF,8,6,8,NA
2910,2021,Combined,8,6,8,NA
2910,2022,eBird_GBIF,4,3,4,NA
2910,2022,Combined,4,3,4,NA
2910,2023,eBird_GBIF,23,15,13,NA
2910,2023,Combined,23,15,13,NA
2911,2000,eBird_GBIF,1,1,1,NA
2911,2000,Combined,1,1,1,NA
2911,2002,eBird_GBIF,4,4,3,NA
2911,2002,Combined,4,4,3,NA
2911,2005,eBird_GBIF,1,1,1,NA
2911,2005,Combined,1,1,1,NA
2911,2010,eBird_GBIF,3,2,3,NA
2911,2010,Combined,3,2,3,NA
2911,2011,eBird_GBIF,1,1,1,NA
2911,2011,Combined,1,1,1,NA
2911,2012,eBird_GBIF,1,1,1,NA
2911,2012,Combined,1,1,1,NA
2911,2013,eBird_GBIF,6,6,5,NA
2911,2013,Combined,6,6,5,NA
2911,2014,eBird_GBIF,1,1,1,NA
2911,2014,Combined,1,1,1,NA
2911,2015,eBird_GBIF,8,3,8,NA
2911,2015,Combined,8,3,8,NA
2911,2016,eBird_GBIF,25,14,22,NA
2911,2016,Combined,25,14,22,NA
2911,2017,eBird_GBIF,25,7,18,NA
2911,2017,Combined,25,7,18,NA
2911,2018,eBird_GBIF,9,5,9,NA
2911,2018,Combined,9,5,9,NA
2911,2019,eBird_GBIF,12,7,12,NA
2911,2019,Combined,12,7,12,NA
2911,2020,eBird_GBIF,10,8,9,NA
2911,2020,Combined,10,8,9,NA
2911,2021,eBird_GBIF,27,15,19,NA
2911,2021,Combined,27,15,19,NA
2911,2022,eBird_GBIF,17,9,16,NA
2911,2022,Combined,17,9,16,NA
2911,2023,eBird_GBIF,34,26,20,NA
2911,2023,Combined,34,26,20,NA
2912,2016,eBird_GBIF,1,1,1,NA
2912,2016,Combined,1,1,1,NA
2912,2019,eBird_GBIF,1,1,1,NA
2912,2019,Combined,1,1,1,NA
2912,2022,China_Birdwatch,2,1,2,225.88235294117646
2912,2022,Combined,2,1,2,225.88235294117646
2912,2023,China_Birdwatch,3,3,2,74.5
2912,2023,Combined,3,3,2,74.5
2912,2024,China_Birdwatch,8,6,7,78.60975609756098
2912,2024,Combined,8,6,7,78.60975609756098
2913,2007,eBird_GBIF,1,1,1,NA
2913,2007,Combined,1,1,1,NA
2913,2010,eBird_GBIF,1,1,1,NA
2913,2010,Combined,1,1,1,NA
2913,2012,eBird_GBIF,1,1,1,NA
2913,2012,Combined,1,1,1,NA
2913,2017,eBird_GBIF,1,1,1,NA
2913,2017,Combined,1,1,1,NA
2913,2019,China_Birdwatch,1,1,1,120
2913,2019,Combined,1,1,1,120
2913,2021,China_Birdwatch,1,1,1,96
2913,2021,Combined,1,1,1,96
2913,2022,China_Birdwatch,8,5,7,357.76190476190476
2913,2022,eBird_GBIF,1,1,1,NA
2913,2022,Combined,9,6,8,357.76190476190476
2913,2023,China_Birdwatch,46,11,33,161.48949919224552
2913,2023,eBird_GBIF,1,1,1,NA
2913,2023,Combined,47,12,34,161.48949919224552
2913,2024,China_Birdwatch,49,28,38,285.4691011235955
2913,2024,Combined,49,28,38,285.4691011235955
2914,2007,eBird_GBIF,2,1,2,NA
2914,2007,Combined,2,1,2,NA
2914,2015,eBird_GBIF,1,1,1,NA
2914,2015,Combined,1,1,1,NA
2914,2017,eBird_GBIF,3,2,3,NA
2914,2017,Combined,3,2,3,NA
2914,2018,eBird_GBIF,1,1,1,NA
2914,2018,Combined,1,1,1,NA
2914,2019,eBird_GBIF,1,1,1,NA
2914,2019,Combined,1,1,1,NA
2914,2020,eBird_GBIF,13,9,8,NA
2914,2020,Combined,13,9,8,NA
2914,2021,eBird_GBIF,5,5,4,NA
2914,2021,Combined,5,5,4,NA
2914,2023,China_Birdwatch,3,1,3,52.55
2914,2023,eBird_GBIF,1,1,1,NA
2914,2023,Combined,4,2,4,52.55
2914,2024,China_Birdwatch,1,1,1,60
2914,2024,Combined,1,1,1,60
2915,2009,eBird_GBIF,1,1,1,NA
2915,2009,Combined,1,1,1,NA
2915,2023,eBird_GBIF,4,2,4,NA
2915,2023,Combined,4,2,4,NA
2916,2018,China_Birdwatch,3,2,3,248.78048780487805
2916,2018,eBird_GBIF,4,1,4,NA
2916,2018,Combined,7,3,5,248.78048780487805
2916,2019,eBird_GBIF,13,1,13,NA
2916,2019,Combined,13,1,13,NA
2916,2020,China_Birdwatch,2,2,2,260
2916,2020,Combined,2,2,2,260
2916,2021,China_Birdwatch,1,1,1,615
2916,2021,Combined,1,1,1,615
2916,2022,China_Birdwatch,5,3,5,126.44
2916,2022,eBird_GBIF,1,1,1,NA
2916,2022,Combined,6,4,6,126.44
2916,2023,China_Birdwatch,17,10,12,238.5597484276729
2916,2023,eBird_GBIF,1,1,1,NA
2916,2023,Combined,18,11,13,238.5597484276729
2916,2024,China_Birdwatch,22,16,19,1312.860119047619
2916,2024,Combined,22,16,19,1312.860119047619
2917,2004,eBird_GBIF,3,1,3,NA
2917,2004,Combined,3,1,3,NA
2917,2012,eBird_GBIF,1,1,1,NA
2917,2012,Combined,1,1,1,NA
2917,2018,China_Birdwatch,1,1,1,1500
2917,2018,eBird_GBIF,3,1,3,NA
2917,2018,Combined,4,2,4,1500
2917,2019,China_Birdwatch,1,1,1,120
2917,2019,Combined,1,1,1,120
2917,2020,China_Birdwatch,1,1,1,60
2917,2020,eBird_GBIF,1,1,1,NA
2917,2020,Combined,2,2,1,60
2917,2021,China_Birdwatch,4,2,4,211.01123595505618
2917,2021,Combined,4,2,4,211.01123595505618
2917,2022,China_Birdwatch,2,1,2,93959.31818181818
2917,2022,eBird_GBIF,4,2,4,NA
2917,2022,Combined,6,3,6,93959.31818181818
2917,2023,China_Birdwatch,4,3,4,76.80851063829788
2917,2023,eBird_GBIF,1,1,1,NA
2917,2023,Combined,5,4,5,76.80851063829788
2917,2024,China_Birdwatch,17,11,17,305.13492063492066
2917,2024,Combined,17,11,17,305.13492063492066
2918,2004,eBird_GBIF,7,2,7,NA
2918,2004,Combined,7,2,7,NA
2918,2006,China_Birdwatch,1,1,1,270
2918,2006,eBird_GBIF,1,1,1,NA
2918,2006,Combined,2,2,2,270
2918,2008,eBird_GBIF,8,3,6,NA
2918,2008,Combined,8,3,6,NA
2918,2009,eBird_GBIF,1,1,1,NA
2918,2009,Combined,1,1,1,NA
2918,2012,China_Birdwatch,1,1,1,240
2918,2012,eBird_GBIF,3,2,3,NA
2918,2012,Combined,4,3,4,240
2918,2013,China_Birdwatch,1,1,1,0
2918,2013,Combined,1,1,1,0
2918,2014,China_Birdwatch,12,4,12,126.81318681318682
2918,2014,eBird_GBIF,2,2,2,NA
2918,2014,Combined,14,6,14,126.81318681318682
2918,2015,China_Birdwatch,5,2,5,25.263157894736842
2918,2015,eBird_GBIF,10,7,10,NA
2918,2015,Combined,15,9,12,25.263157894736842
2918,2016,China_Birdwatch,2,1,2,8.571428571428573
2918,2016,eBird_GBIF,4,2,4,NA
2918,2016,Combined,6,3,4,8.571428571428573
2918,2017,China_Birdwatch,4,1,4,166.21621621621622
2918,2017,eBird_GBIF,12,5,12,NA
2918,2017,Combined,16,6,12,166.21621621621622
2918,2018,China_Birdwatch,23,3,23,107.20625000000001
2918,2018,eBird_GBIF,63,10,60,NA
2918,2018,Combined,86,13,61,107.20625000000001
2918,2019,China_Birdwatch,15,3,15,160.21759259259258
2918,2019,eBird_GBIF,79,6,74,NA
2918,2019,Combined,94,9,76,160.21759259259258
2918,2020,China_Birdwatch,68,3,66,171.47284345047922
2918,2020,eBird_GBIF,82,4,76,NA
2918,2020,Combined,150,7,79,171.47284345047922
2918,2021,China_Birdwatch,36,7,36,188.54502369668234
2918,2021,eBird_GBIF,73,5,73,NA
2918,2021,Combined,109,12,101,188.54502369668234
2918,2022,China_Birdwatch,47,6,46,6624.107354184239
2918,2022,eBird_GBIF,118,12,96,NA
2918,2022,Combined,165,18,122,6624.107354184239
2918,2023,China_Birdwatch,118,39,109,2048.453551912572
2918,2023,eBird_GBIF,66,19,62,NA
2918,2023,Combined,184,58,121,2048.453551912572
2918,2024,China_Birdwatch,506,167,254,406.9167186525244
2918,2024,Combined,506,167,254,406.9167186525244
2919,2018,China_Birdwatch,1,1,1,2580
2919,2018,Combined,1,1,1,2580
2919,2019,eBird_GBIF,3,3,3,NA
2919,2019,Combined,3,3,3,NA
2919,2020,China_Birdwatch,1,1,1,240
2919,2020,eBird_GBIF,1,1,1,NA
2919,2020,Combined,2,2,2,240
2919,2021,eBird_GBIF,4,2,4,NA
2919,2021,Combined,4,2,4,NA
2919,2022,China_Birdwatch,1,1,1,60
2919,2022,eBird_GBIF,2,2,2,NA
2919,2022,Combined,3,3,3,60
2919,2023,China_Birdwatch,7,5,7,122.07317073170732
2919,2023,eBird_GBIF,4,2,4,NA
2919,2023,Combined,11,7,9,122.07317073170732
2919,2024,China_Birdwatch,24,16,22,183.72307692307697
2919,2024,Combined,24,16,22,183.72307692307697
2920,2004,eBird_GBIF,1,1,1,NA
2920,2004,Combined,1,1,1,NA
2920,2012,eBird_GBIF,1,1,1,NA
2920,2012,Combined,1,1,1,NA
2920,2015,China_Birdwatch,2,1,2,0
2920,2015,Combined,2,1,2,0
2920,2018,eBird_GBIF,3,3,3,NA
2920,2018,Combined,3,3,3,NA
2920,2019,eBird_GBIF,6,3,4,NA
2920,2019,Combined,6,3,4,NA
2920,2020,China_Birdwatch,4,1,4,136.7
2920,2020,eBird_GBIF,5,2,5,NA
2920,2020,Combined,9,3,5,136.7
2920,2021,China_Birdwatch,2,1,2,118.28571428571429
2920,2021,eBird_GBIF,1,1,1,NA
2920,2021,Combined,3,2,3,118.28571428571429
2920,2022,China_Birdwatch,1,1,1,142
2920,2022,eBird_GBIF,8,2,4,NA
2920,2022,Combined,9,3,5,142
2920,2023,China_Birdwatch,8,7,7,140.3448275862069
2920,2023,eBird_GBIF,5,4,5,NA
2920,2023,Combined,13,11,12,140.3448275862069
2920,2024,China_Birdwatch,45,26,38,292.37011494252874
2920,2024,Combined,45,26,38,292.37011494252874
2921,2011,eBird_GBIF,1,1,1,NA
2921,2011,Combined,1,1,1,NA
2921,2015,eBird_GBIF,6,2,6,NA
2921,2015,Combined,6,2,6,NA
2921,2022,China_Birdwatch,2,1,2,137.07894736842104
2921,2022,Combined,2,1,2,137.07894736842104
2921,2023,China_Birdwatch,9,2,9,66.60986547085201
2921,2023,Combined,9,2,9,66.60986547085201
2921,2024,China_Birdwatch,2,2,2,1935
2921,2024,Combined,2,2,2,1935
2922,2022,China_Birdwatch,9,3,9,92
2922,2022,eBird_GBIF,1,1,1,NA
2922,2022,Combined,10,4,10,92
2922,2023,China_Birdwatch,11,4,11,60.53658536585366
2922,2023,Combined,11,4,11,60.53658536585366
2922,2024,China_Birdwatch,12,7,11,80.27027027027027
2922,2024,Combined,12,7,11,80.27027027027027
2923,2002,eBird_GBIF,14,1,14,NA
2923,2002,Combined,14,1,14,NA
2923,2014,eBird_GBIF,1,1,1,NA
2923,2014,Combined,1,1,1,NA
2923,2015,eBird_GBIF,1,1,1,NA
2923,2015,Combined,1,1,1,NA
2923,2016,eBird_GBIF,10,2,6,NA
2923,2016,Combined,10,2,6,NA
2923,2021,China_Birdwatch,1,1,1,480
2923,2021,Combined,1,1,1,480
2923,2022,China_Birdwatch,21,4,20,153.05421686746985
2923,2022,eBird_GBIF,3,2,3,NA
2923,2022,Combined,24,6,23,153.05421686746985
2923,2023,China_Birdwatch,11,6,9,60
2923,2023,Combined,11,6,9,60
2923,2024,China_Birdwatch,21,12,20,869.1891891891887
2923,2024,Combined,21,12,20,869.1891891891887
2924,2014,eBird_GBIF,1,1,1,NA
2924,2014,Combined,1,1,1,NA
2924,2016,China_Birdwatch,1,1,1,120
2924,2016,Combined,1,1,1,120
2924,2021,eBird_GBIF,7,1,7,NA
2924,2021,Combined,7,1,7,NA
2924,2022,China_Birdwatch,8,5,8,82.22222222222223
2924,2022,eBird_GBIF,1,1,1,NA
2924,2022,Combined,9,6,9,82.22222222222223
2924,2023,China_Birdwatch,7,5,7,57.7875
2924,2023,eBird_GBIF,7,2,7,NA
2924,2023,Combined,14,7,14,57.7875
2924,2024,China_Birdwatch,61,16,49,206.85807291666663
2924,2024,Combined,61,16,49,206.85807291666663
2925,2015,eBird_GBIF,2,1,2,NA
2925,2015,Combined,2,1,2,NA
2925,2022,China_Birdwatch,4,3,4,111.97727272727272
2925,2022,eBird_GBIF,29,2,17,NA
2925,2022,Combined,33,5,21,111.97727272727272
2925,2023,China_Birdwatch,14,4,14,54.01123595505618
2925,2023,eBird_GBIF,13,2,7,NA
2925,2023,Combined,27,6,21,54.01123595505618
2925,2024,China_Birdwatch,65,8,63,320.43037974683534
2925,2024,Combined,65,8,63,320.43037974683534
2926,2014,eBird_GBIF,1,1,1,NA
2926,2014,Combined,1,1,1,NA
2926,2015,eBird_GBIF,24,4,10,NA
2926,2015,Combined,24,4,10,NA
2926,2017,eBird_GBIF,3,2,3,NA
2926,2017,Combined,3,2,3,NA
2926,2018,eBird_GBIF,1,1,1,NA
2926,2018,Combined,1,1,1,NA
2926,2021,China_Birdwatch,4,1,4,76.73076923076923
2926,2021,Combined,4,1,4,76.73076923076923
2926,2022,China_Birdwatch,5,3,5,275.2028985507246
2926,2022,Combined,5,3,5,275.2028985507246
2926,2023,China_Birdwatch,15,7,14,67283.80116959065
2926,2023,eBird_GBIF,1,1,1,NA
2926,2023,Combined,16,8,14,67283.80116959065
2926,2024,China_Birdwatch,14,10,13,452.06179775280896
2926,2024,Combined,14,10,13,452.06179775280896
2927,2012,China_Birdwatch,1,1,1,720
2927,2012,Combined,1,1,1,720
2927,2014,eBird_GBIF,4,2,2,NA
2927,2014,Combined,4,2,2,NA
2927,2017,China_Birdwatch,1,1,1,300
2927,2017,eBird_GBIF,3,3,3,NA
2927,2017,Combined,4,4,4,300
2927,2019,China_Birdwatch,1,1,1,360
2927,2019,Combined,1,1,1,360
2927,2021,China_Birdwatch,1,1,1,4592
2927,2021,Combined,1,1,1,4592
2927,2022,China_Birdwatch,7,2,7,378.46534653465346
2927,2022,Combined,7,2,7,378.46534653465346
2927,2023,China_Birdwatch,7,5,7,210.60747663551402
2927,2023,Combined,7,5,7,210.60747663551402
2927,2024,China_Birdwatch,34,19,28,1240.7540106951876
2927,2024,Combined,34,19,28,1240.7540106951876
2928,2023,China_Birdwatch,1,1,1,44640
2928,2023,Combined,1,1,1,44640
2928,2024,China_Birdwatch,11,6,10,278.978417266187
2928,2024,Combined,11,6,10,278.978417266187
2929,2022,China_Birdwatch,11,2,11,106.56226415094339
2929,2022,eBird_GBIF,5,1,5,NA
2929,2022,Combined,16,3,13,106.56226415094339
2929,2023,China_Birdwatch,17,4,16,134.59701492537312
2929,2023,eBird_GBIF,2,1,2,NA
2929,2023,Combined,19,5,18,134.59701492537312
2929,2024,China_Birdwatch,49,11,43,111.64593301435407
2929,2024,Combined,49,11,43,111.64593301435407
2930,2010,China_Birdwatch,1,1,1,2580
2930,2010,Combined,1,1,1,2580
2930,2013,eBird_GBIF,16,1,16,NA
2930,2013,Combined,16,1,16,NA
2930,2014,eBird_GBIF,12,1,12,NA
2930,2014,Combined,12,1,12,NA
2930,2015,China_Birdwatch,2,2,2,1590
2930,2015,Combined,2,2,2,1590
2930,2016,China_Birdwatch,1,1,1,1800
2930,2016,eBird_GBIF,6,6,4,NA
2930,2016,Combined,7,7,5,1800
2930,2017,China_Birdwatch,5,4,5,2764.128712871287
2930,2017,eBird_GBIF,29,15,23,NA
2930,2017,Combined,34,19,27,2764.128712871287
2930,2018,China_Birdwatch,10,7,10,2687.8117647058825
2930,2018,eBird_GBIF,35,16,29,NA
2930,2018,Combined,45,23,34,2687.8117647058825
2930,2019,China_Birdwatch,10,4,9,1647.5471698113206
2930,2019,eBird_GBIF,46,23,23,NA
2930,2019,Combined,56,27,31,1647.5471698113206
2930,2020,China_Birdwatch,16,10,16,14240.418006430886
2930,2020,eBird_GBIF,20,12,15,NA
2930,2020,Combined,36,22,30,14240.418006430886
2930,2021,China_Birdwatch,18,11,18,644.8359621451107
2930,2021,eBird_GBIF,26,7,26,NA
2930,2021,Combined,44,18,42,644.8359621451107
2930,2022,China_Birdwatch,25,12,25,1217.3229571984434
2930,2022,eBird_GBIF,7,4,3,NA
2930,2022,Combined,32,16,28,1217.3229571984434
2930,2023,China_Birdwatch,116,71,51,630.6078582434513
2930,2023,eBird_GBIF,76,29,38,NA
2930,2023,Combined,192,100,71,630.6078582434513
2930,2024,China_Birdwatch,201,114,86,915.9347034896165
2930,2024,Combined,201,114,86,915.9347034896165
2931,2009,eBird_GBIF,1,1,1,NA
2931,2009,Combined,1,1,1,NA
2931,2015,China_Birdwatch,1,1,1,420
2931,2015,Combined,1,1,1,420
2931,2016,eBird_GBIF,2,2,2,NA
2931,2016,Combined,2,2,2,NA
2931,2017,eBird_GBIF,2,2,1,NA
2931,2017,Combined,2,2,1,NA
2931,2018,China_Birdwatch,7,3,7,785.1219512195122
2931,2018,eBird_GBIF,14,8,10,NA
2931,2018,Combined,21,11,16,785.1219512195122
2931,2019,eBird_GBIF,9,8,5,NA
2931,2019,Combined,9,8,5,NA
2931,2020,China_Birdwatch,1,1,1,255
2931,2020,eBird_GBIF,1,1,1,NA
2931,2020,Combined,2,2,2,255
2931,2021,China_Birdwatch,1,1,1,119
2931,2021,eBird_GBIF,1,1,1,NA
2931,2021,Combined,2,2,2,119
2931,2022,China_Birdwatch,19,7,16,104.41772151898735
2931,2022,Combined,19,7,16,104.41772151898735
2931,2023,China_Birdwatch,38,16,27,136.01022146507663
2931,2023,eBird_GBIF,13,7,8,NA
2931,2023,Combined,51,23,33,136.01022146507663
2931,2024,China_Birdwatch,131,51,89,484.0721003134796
2931,2024,Combined,131,51,89,484.0721003134796
2932,2003,eBird_GBIF,9,1,9,NA
2932,2003,Combined,9,1,9,NA
2932,2004,eBird_GBIF,7,1,7,NA
2932,2004,Combined,7,1,7,NA
2932,2007,China_Birdwatch,1,1,1,480
2932,2007,Combined,1,1,1,480
2932,2010,China_Birdwatch,1,1,1,300
2932,2010,eBird_GBIF,3,2,3,NA
2932,2010,Combined,4,3,4,300
2932,2011,eBird_GBIF,1,1,1,NA
2932,2011,Combined,1,1,1,NA
2932,2012,eBird_GBIF,17,9,16,NA
2932,2012,Combined,17,9,16,NA
2932,2013,China_Birdwatch,2,1,2,646.9014084507043
2932,2013,eBird_GBIF,9,6,9,NA
2932,2013,Combined,11,7,11,646.9014084507043
2932,2014,China_Birdwatch,4,1,4,265.45454545454544
2932,2014,eBird_GBIF,17,11,17,NA
2932,2014,Combined,21,12,20,265.45454545454544
2932,2015,China_Birdwatch,21,2,21,254.70050761421322
2932,2015,eBird_GBIF,26,17,20,NA
2932,2015,Combined,47,19,40,254.70050761421322
2932,2016,China_Birdwatch,6,2,6,54.25
2932,2016,eBird_GBIF,28,14,24,NA
2932,2016,Combined,34,16,29,54.25
2932,2017,China_Birdwatch,5,4,5,1820295.652173913
2932,2017,eBird_GBIF,30,18,26,NA
2932,2017,Combined,35,22,30,1820295.652173913
2932,2018,China_Birdwatch,24,8,23,1329.8236775818643
2932,2018,eBird_GBIF,58,32,38,NA
2932,2018,Combined,82,40,58,1329.8236775818643
2932,2019,China_Birdwatch,14,8,13,196427.83474576267
2932,2019,eBird_GBIF,74,37,46,NA
2932,2019,Combined,88,45,58,196427.83474576267
2932,2020,China_Birdwatch,62,9,52,3310.734463276858
2932,2020,eBird_GBIF,18,8,18,NA
2932,2020,Combined,80,17,66,3310.734463276858
2932,2021,China_Birdwatch,96,22,77,1543.8493490390529
2932,2021,eBird_GBIF,37,16,27,NA
2932,2021,Combined,133,38,94,1543.8493490390529
2932,2022,China_Birdwatch,181,32,129,32741.834246180566
2932,2022,eBird_GBIF,26,13,25,NA
2932,2022,Combined,207,45,136,32741.834246180566
2932,2023,China_Birdwatch,586,158,246,4809.173210548395
2932,2023,eBird_GBIF,197,48,140,NA
2932,2023,Combined,783,206,286,4809.173210548395
2932,2024,China_Birdwatch,2286,602,339,505.38586426347814
2932,2024,Combined,2286,602,339,505.38586426347814
2933,2003,eBird_GBIF,2,1,2,NA
2933,2003,Combined,2,1,2,NA
2933,2005,eBird_GBIF,1,1,1,NA
2933,2005,Combined,1,1,1,NA
2933,2008,China_Birdwatch,1,1,1,435
2933,2008,Combined,1,1,1,435
2933,2010,eBird_GBIF,2,2,1,NA
2933,2010,Combined,2,2,1,NA
2933,2012,eBird_GBIF,3,2,3,NA
2933,2012,Combined,3,2,3,NA
2933,2013,China_Birdwatch,1,1,1,120
2933,2013,Combined,1,1,1,120
2933,2014,eBird_GBIF,1,1,1,NA
2933,2014,Combined,1,1,1,NA
2933,2015,China_Birdwatch,4,2,4,1155.5555555555557
2933,2015,Combined,4,2,4,1155.5555555555557
2933,2016,eBird_GBIF,4,4,2,NA
2933,2016,Combined,4,4,2,NA
2933,2017,China_Birdwatch,2,2,1,240
2933,2017,eBird_GBIF,1,1,1,NA
2933,2017,Combined,3,3,2,240
2933,2018,China_Birdwatch,5,4,5,661.9879518072289
2933,2018,eBird_GBIF,3,3,3,NA
2933,2018,Combined,8,7,8,661.9879518072289
2933,2019,China_Birdwatch,5,5,5,148.0677966101695
2933,2019,eBird_GBIF,5,4,3,NA
2933,2019,Combined,10,9,8,148.0677966101695
2933,2020,China_Birdwatch,11,5,11,6687.6969696969745
2933,2020,Combined,11,5,11,6687.6969696969745
2933,2021,China_Birdwatch,35,9,30,282.0860585197935
2933,2021,eBird_GBIF,1,1,1,NA
2933,2021,Combined,36,10,31,282.0860585197935
2933,2022,China_Birdwatch,39,14,36,220.8615384615384
2933,2022,eBird_GBIF,2,1,2,NA
2933,2022,Combined,41,15,37,220.8615384615384
2933,2023,China_Birdwatch,185,46,141,2533.3940998486914
2933,2023,eBird_GBIF,27,12,23,NA
2933,2023,Combined,212,58,153,2533.3940998486914
2933,2024,China_Birdwatch,581,134,260,466.48016844579473
2933,2024,Combined,581,134,260,466.48016844579473
2981,2002,eBird_GBIF,8,2,8,NA
2981,2002,Combined,8,2,8,NA
2981,2004,eBird_GBIF,1,1,1,NA
2981,2004,Combined,1,1,1,NA
2981,2005,eBird_GBIF,2,1,2,NA
2981,2005,Combined,2,1,2,NA
2981,2007,eBird_GBIF,18,2,18,NA
2981,2007,Combined,18,2,18,NA
2981,2008,eBird_GBIF,21,6,17,NA
2981,2008,Combined,21,6,17,NA
2981,2009,eBird_GBIF,3,1,3,NA
2981,2009,Combined,3,1,3,NA
2981,2010,eBird_GBIF,4,1,4,NA
2981,2010,Combined,4,1,4,NA
2981,2011,eBird_GBIF,1,1,1,NA
2981,2011,Combined,1,1,1,NA
2981,2012,eBird_GBIF,3,1,3,NA
2981,2012,Combined,3,1,3,NA
2981,2013,eBird_GBIF,24,10,21,NA
2981,2013,Combined,24,10,21,NA
2981,2014,eBird_GBIF,72,12,42,NA
2981,2014,Combined,72,12,42,NA
2981,2015,eBird_GBIF,82,23,53,NA
2981,2015,Combined,82,23,53,NA
2981,2016,eBird_GBIF,100,34,63,NA
2981,2016,Combined,100,34,63,NA
2981,2017,eBird_GBIF,121,40,70,NA
2981,2017,Combined,121,40,70,NA
2981,2018,eBird_GBIF,171,60,89,NA
2981,2018,Combined,171,60,89,NA
2981,2019,eBird_GBIF,230,67,108,NA
2981,2019,Combined,230,67,108,NA
2981,2020,eBird_GBIF,196,35,76,NA
2981,2020,Combined,196,35,76,NA
2981,2021,eBird_GBIF,75,23,51,NA
2981,2021,Combined,75,23,51,NA
2981,2022,eBird_GBIF,41,16,27,NA
2981,2022,Combined,41,16,27,NA
2981,2023,eBird_GBIF,209,70,90,NA
2981,2023,Combined,209,70,90,NA
2982,2002,eBird_GBIF,1,1,1,NA
2982,2002,Combined,1,1,1,NA
2982,2003,eBird_GBIF,7,1,7,NA
2982,2003,Combined,7,1,7,NA
2982,2008,eBird_GBIF,4,4,3,NA
2982,2008,Combined,4,4,3,NA
2982,2012,eBird_GBIF,1,1,1,NA
2982,2012,Combined,1,1,1,NA
2982,2013,eBird_GBIF,4,4,3,NA
2982,2013,Combined,4,4,3,NA
2982,2014,eBird_GBIF,8,6,7,NA
2982,2014,Combined,8,6,7,NA
2982,2015,eBird_GBIF,7,6,5,NA
2982,2015,Combined,7,6,5,NA
2982,2016,eBird_GBIF,8,7,6,NA
2982,2016,Combined,8,7,6,NA
2982,2017,eBird_GBIF,2,2,2,NA
2982,2017,Combined,2,2,2,NA
2982,2018,eBird_GBIF,7,7,7,NA
2982,2018,Combined,7,7,7,NA
2982,2019,eBird_GBIF,12,10,11,NA
2982,2019,Combined,12,10,11,NA
2982,2020,eBird_GBIF,14,12,8,NA
2982,2020,Combined,14,12,8,NA
2982,2021,eBird_GBIF,12,6,9,NA
2982,2021,Combined,12,6,9,NA
2982,2022,eBird_GBIF,10,4,7,NA
2982,2022,Combined,10,4,7,NA
2982,2023,eBird_GBIF,14,9,9,NA
2982,2023,Combined,14,9,9,NA
2983,2000,eBird_GBIF,3,1,3,NA
2983,2000,Combined,3,1,3,NA
2983,2002,eBird_GBIF,6,5,5,NA
2983,2002,Combined,6,5,5,NA
2983,2003,eBird_GBIF,8,2,4,NA
2983,2003,Combined,8,2,4,NA
2983,2005,eBird_GBIF,4,3,4,NA
2983,2005,Combined,4,3,4,NA
2983,2006,eBird_GBIF,6,2,6,NA
2983,2006,Combined,6,2,6,NA
2983,2007,eBird_GBIF,1,1,1,NA
2983,2007,Combined,1,1,1,NA
2983,2008,eBird_GBIF,11,7,11,NA
2983,2008,Combined,11,7,11,NA
2983,2009,eBird_GBIF,16,5,10,NA
2983,2009,Combined,16,5,10,NA
2983,2010,eBird_GBIF,8,6,5,NA
2983,2010,Combined,8,6,5,NA
2983,2011,eBird_GBIF,5,4,4,NA
2983,2011,Combined,5,4,4,NA
2983,2012,eBird_GBIF,8,3,8,NA
2983,2012,Combined,8,3,8,NA
2983,2013,eBird_GBIF,21,14,17,NA
2983,2013,Combined,21,14,17,NA
2983,2014,eBird_GBIF,9,7,9,NA
2983,2014,Combined,9,7,9,NA
2983,2015,eBird_GBIF,29,19,26,NA
2983,2015,Combined,29,19,26,NA
2983,2016,eBird_GBIF,51,31,38,NA
2983,2016,Combined,51,31,38,NA
2983,2017,eBird_GBIF,31,15,27,NA
2983,2017,Combined,31,15,27,NA
2983,2018,eBird_GBIF,105,40,76,NA
2983,2018,Combined,105,40,76,NA
2983,2019,eBird_GBIF,91,34,70,NA
2983,2019,Combined,91,34,70,NA
2983,2020,eBird_GBIF,48,26,36,NA
2983,2020,Combined,48,26,36,NA
2983,2021,eBird_GBIF,98,22,69,NA
2983,2021,Combined,98,22,69,NA
2983,2022,eBird_GBIF,67,21,51,NA
2983,2022,Combined,67,21,51,NA
2983,2023,eBird_GBIF,181,64,122,NA
2983,2023,Combined,181,64,122,NA
2984,2002,eBird_GBIF,2,2,1,NA
2984,2002,Combined,2,2,1,NA
2984,2006,eBird_GBIF,1,1,1,NA
2984,2006,Combined,1,1,1,NA
2984,2015,eBird_GBIF,1,1,1,NA
2984,2015,Combined,1,1,1,NA
2984,2018,eBird_GBIF,3,3,2,NA
2984,2018,Combined,3,3,2,NA
2984,2023,eBird_GBIF,2,2,2,NA
2984,2023,Combined,2,2,2,NA
2985,2012,eBird_GBIF,1,1,1,NA
2985,2012,Combined,1,1,1,NA
2985,2014,eBird_GBIF,1,1,1,NA
2985,2014,Combined,1,1,1,NA
2985,2015,eBird_GBIF,1,1,1,NA
2985,2015,Combined,1,1,1,NA
2985,2017,eBird_GBIF,2,1,2,NA
2985,2017,Combined,2,1,2,NA
2985,2019,eBird_GBIF,1,1,1,NA
2985,2019,Combined,1,1,1,NA
2985,2022,eBird_GBIF,1,1,1,NA
2985,2022,Combined,1,1,1,NA
2986,2004,eBird_GBIF,1,1,1,NA
2986,2004,Combined,1,1,1,NA
2986,2015,eBird_GBIF,3,3,2,NA
2986,2015,Combined,3,3,2,NA
2986,2016,eBird_GBIF,1,1,1,NA
2986,2016,Combined,1,1,1,NA
2986,2017,eBird_GBIF,1,1,1,NA
2986,2017,Combined,1,1,1,NA
2986,2019,eBird_GBIF,6,4,6,NA
2986,2019,Combined,6,4,6,NA
2986,2020,eBird_GBIF,12,6,9,NA
2986,2020,Combined,12,6,9,NA
2986,2021,eBird_GBIF,9,5,7,NA
2986,2021,Combined,9,5,7,NA
2986,2022,eBird_GBIF,11,7,9,NA
2986,2022,Combined,11,7,9,NA
2986,2023,eBird_GBIF,3,3,1,NA
2986,2023,Combined,3,3,1,NA
2987,2014,eBird_GBIF,1,1,1,NA
2987,2014,Combined,1,1,1,NA
2987,2015,eBird_GBIF,1,1,1,NA
2987,2015,Combined,1,1,1,NA
2987,2017,eBird_GBIF,1,1,1,NA
2987,2017,Combined,1,1,1,NA
2988,2004,eBird_GBIF,2,1,2,NA
2988,2004,Combined,2,1,2,NA
2988,2017,China_Birdwatch,1,1,1,180
2988,2017,eBird_GBIF,1,1,1,NA
2988,2017,Combined,2,2,1,180
2988,2019,eBird_GBIF,13,1,13,NA
2988,2019,Combined,13,1,13,NA
2988,2022,China_Birdwatch,3,2,3,173.33333333333331
2988,2022,Combined,3,2,3,173.33333333333331
2988,2023,China_Birdwatch,2,2,2,60
2988,2023,eBird_GBIF,1,1,1,NA
2988,2023,Combined,3,3,3,60
2988,2024,China_Birdwatch,4,4,4,92.22222222222223
2988,2024,Combined,4,4,4,92.22222222222223
2989,2012,eBird_GBIF,4,3,4,NA
2989,2012,Combined,4,3,4,NA
2989,2013,eBird_GBIF,1,1,1,NA
2989,2013,Combined,1,1,1,NA
2989,2014,eBird_GBIF,3,3,3,NA
2989,2014,Combined,3,3,3,NA
2989,2016,eBird_GBIF,4,3,3,NA
2989,2016,Combined,4,3,3,NA
2989,2018,eBird_GBIF,1,1,1,NA
2989,2018,Combined,1,1,1,NA
2989,2019,eBird_GBIF,1,1,1,NA
2989,2019,Combined,1,1,1,NA
2989,2020,China_Birdwatch,1,1,1,660
2989,2020,eBird_GBIF,2,1,2,NA
2989,2020,Combined,3,2,2,660
2989,2021,China_Birdwatch,3,2,3,60
2989,2021,eBird_GBIF,4,3,4,NA
2989,2021,Combined,7,5,6,60
2989,2022,China_Birdwatch,5,2,5,143.2014925373134
2989,2022,eBird_GBIF,1,1,1,NA
2989,2022,Combined,6,3,6,143.2014925373134
2989,2023,China_Birdwatch,19,13,18,237.17464788732394
2989,2023,eBird_GBIF,2,2,2,NA
2989,2023,Combined,21,15,20,237.17464788732394
2989,2024,China_Birdwatch,41,39,36,266.60058309037896
2989,2024,Combined,41,39,36,266.60058309037896
2990,2012,eBird_GBIF,1,1,1,NA
2990,2012,Combined,1,1,1,NA
2990,2014,China_Birdwatch,1,1,1,0
2990,2014,eBird_GBIF,1,1,1,NA
2990,2014,Combined,2,2,2,0
2990,2015,China_Birdwatch,3,1,3,0
2990,2015,Combined,3,1,3,0
2990,2018,eBird_GBIF,3,2,2,NA
2990,2018,Combined,3,2,2,NA
2990,2019,China_Birdwatch,1,1,1,200
2990,2019,eBird_GBIF,1,1,1,NA
2990,2019,Combined,2,2,1,200
2990,2020,eBird_GBIF,1,1,1,NA
2990,2020,Combined,1,1,1,NA
2990,2021,eBird_GBIF,2,2,2,NA
2990,2021,Combined,2,2,2,NA
2990,2022,China_Birdwatch,3,1,3,160.39473684210526
2990,2022,eBird_GBIF,1,1,1,NA
2990,2022,Combined,4,2,4,160.39473684210526
2990,2023,China_Birdwatch,1,1,1,67
2990,2023,eBird_GBIF,2,2,2,NA
2990,2023,Combined,3,3,2,67
2990,2024,China_Birdwatch,7,7,6,4635.410958904109
2990,2024,Combined,7,7,6,4635.410958904109
2991,2015,eBird_GBIF,1,1,1,NA
2991,2015,Combined,1,1,1,NA
2991,2018,eBird_GBIF,1,1,1,NA
2991,2018,Combined,1,1,1,NA
2991,2020,China_Birdwatch,2,1,2,375
2991,2020,eBird_GBIF,3,2,3,NA
2991,2020,Combined,5,3,3,375
2991,2021,China_Birdwatch,1,1,1,180
2991,2021,eBird_GBIF,3,3,2,NA
2991,2021,Combined,4,4,3,180
2991,2022,China_Birdwatch,4,2,4,102.01075268817205
2991,2022,eBird_GBIF,17,4,15,NA
2991,2022,Combined,21,6,19,102.01075268817205
2991,2023,China_Birdwatch,13,11,13,264.7714285714286
2991,2023,eBird_GBIF,8,6,8,NA
2991,2023,Combined,21,17,19,264.7714285714286
2991,2024,China_Birdwatch,37,31,35,314.51307189542484
2991,2024,Combined,37,31,35,314.51307189542484
2992,2002,eBird_GBIF,1,1,1,NA
2992,2002,Combined,1,1,1,NA
2992,2003,eBird_GBIF,1,1,1,NA
2992,2003,Combined,1,1,1,NA
2992,2006,China_Birdwatch,1,1,1,5065
2992,2006,Combined,1,1,1,5065
2992,2007,eBird_GBIF,3,1,3,NA
2992,2007,Combined,3,1,3,NA
2992,2008,China_Birdwatch,1,1,1,2880
2992,2008,Combined,1,1,1,2880
2992,2010,eBird_GBIF,2,1,2,NA
2992,2010,Combined,2,1,2,NA
2992,2015,China_Birdwatch,3,1,3,2221.714285714286
2992,2015,eBird_GBIF,5,3,4,NA
2992,2015,Combined,8,4,5,2221.714285714286
2992,2016,China_Birdwatch,4,1,4,2356.339285714286
2992,2016,eBird_GBIF,2,1,2,NA
2992,2016,Combined,6,2,4,2356.339285714286
2992,2019,eBird_GBIF,1,1,1,NA
2992,2019,Combined,1,1,1,NA
2992,2020,China_Birdwatch,3,1,3,355.9310344827586
2992,2020,eBird_GBIF,7,3,7,NA
2992,2020,Combined,10,4,7,355.9310344827586
2992,2021,China_Birdwatch,2,2,2,261.17647058823525
2992,2021,Combined,2,2,2,261.17647058823525
2992,2022,China_Birdwatch,1,1,1,63
2992,2022,Combined,1,1,1,63
2992,2023,China_Birdwatch,7,5,7,1805.979591836735
2992,2023,eBird_GBIF,4,3,4,NA
2992,2023,Combined,11,8,11,1805.979591836735
2992,2024,China_Birdwatch,41,22,37,450.8006535947712
2992,2024,Combined,41,22,37,450.8006535947712
2993,2007,eBird_GBIF,1,1,1,NA
2993,2007,Combined,1,1,1,NA
2993,2020,China_Birdwatch,2,1,2,174.60714285714286
2993,2020,eBird_GBIF,3,1,3,NA
2993,2020,Combined,5,2,3,174.60714285714286
2993,2022,China_Birdwatch,1,1,1,60
2993,2022,Combined,1,1,1,60
2993,2023,China_Birdwatch,4,3,4,170
2993,2023,eBird_GBIF,4,2,2,NA
2993,2023,Combined,8,5,6,170
2993,2024,China_Birdwatch,16,13,15,83.42857142857143
2993,2024,Combined,16,13,15,83.42857142857143
2994,2000,eBird_GBIF,5,3,5,NA
2994,2000,Combined,5,3,5,NA
2994,2002,eBird_GBIF,5,4,3,NA
2994,2002,Combined,5,4,3,NA
2994,2003,eBird_GBIF,3,2,3,NA
2994,2003,Combined,3,2,3,NA
2994,2004,eBird_GBIF,6,4,4,NA
2994,2004,Combined,6,4,4,NA
2994,2005,eBird_GBIF,3,2,3,NA
2994,2005,Combined,3,2,3,NA
2994,2006,eBird_GBIF,1,1,1,NA
2994,2006,Combined,1,1,1,NA
2994,2007,eBird_GBIF,6,5,6,NA
2994,2007,Combined,6,5,6,NA
2994,2008,eBird_GBIF,7,5,7,NA
2994,2008,Combined,7,5,7,NA
2994,2010,eBird_GBIF,12,8,12,NA
2994,2010,Combined,12,8,12,NA
2994,2011,eBird_GBIF,5,4,4,NA
2994,2011,Combined,5,4,4,NA
2994,2012,China_Birdwatch,1,1,1,5040
2994,2012,eBird_GBIF,10,9,9,NA
2994,2012,Combined,11,10,10,5040
2994,2013,eBird_GBIF,8,6,8,NA
2994,2013,Combined,8,6,8,NA
2994,2014,China_Birdwatch,1,1,1,600
2994,2014,eBird_GBIF,17,10,17,NA
2994,2014,Combined,18,11,18,600
2994,2015,eBird_GBIF,23,16,22,NA
2994,2015,Combined,23,16,22,NA
2994,2016,China_Birdwatch,1,1,1,105
2994,2016,eBird_GBIF,5,3,5,NA
2994,2016,Combined,6,4,6,105
2994,2017,China_Birdwatch,1,1,1,1380
2994,2017,eBird_GBIF,18,10,17,NA
2994,2017,Combined,19,11,18,1380
2994,2018,China_Birdwatch,1,1,1,4500
2994,2018,eBird_GBIF,19,14,11,NA
2994,2018,Combined,20,15,12,4500
2994,2019,China_Birdwatch,5,5,4,3057.604651162791
2994,2019,eBird_GBIF,17,14,16,NA
2994,2019,Combined,22,19,18,3057.604651162791
2994,2020,China_Birdwatch,2,2,2,2793.8888888888887
2994,2020,eBird_GBIF,3,1,3,NA
2994,2020,Combined,5,3,5,2793.8888888888887
2994,2021,China_Birdwatch,4,3,4,39.21428571428571
2994,2021,eBird_GBIF,1,1,1,NA
2994,2021,Combined,5,4,5,39.21428571428571
2994,2022,China_Birdwatch,12,9,11,411.5328467153284
2994,2022,eBird_GBIF,9,5,9,NA
2994,2022,Combined,21,14,20,411.5328467153284
2994,2023,China_Birdwatch,19,12,17,24386.374655647363
2994,2023,eBird_GBIF,10,8,10,NA
2994,2023,Combined,29,20,27,24386.374655647363
2994,2024,China_Birdwatch,174,64,130,212.58957489878523
2994,2024,Combined,174,64,130,212.58957489878523
2995,2012,eBird_GBIF,1,1,1,NA
2995,2012,Combined,1,1,1,NA
2995,2015,eBird_GBIF,2,2,2,NA
2995,2015,Combined,2,2,2,NA
2995,2016,eBird_GBIF,2,1,2,NA
2995,2016,Combined,2,1,2,NA
2995,2019,eBird_GBIF,1,1,1,NA
2995,2019,Combined,1,1,1,NA
2995,2020,China_Birdwatch,1,1,1,216000
2995,2020,Combined,1,1,1,216000
2995,2021,China_Birdwatch,2,2,2,135468
2995,2021,eBird_GBIF,1,1,1,NA
2995,2021,Combined,3,3,3,135468
2995,2022,China_Birdwatch,7,5,7,2484.5131578947367
2995,2022,eBird_GBIF,4,1,4,NA
2995,2022,Combined,11,6,11,2484.5131578947367
2995,2023,China_Birdwatch,14,7,14,1905.2340425531918
2995,2023,Combined,14,7,14,1905.2340425531918
2995,2024,China_Birdwatch,50,12,43,603.7079037800687
2995,2024,Combined,50,12,43,603.7079037800687
2996,2017,eBird_GBIF,1,1,1,NA
2996,2017,Combined,1,1,1,NA
2996,2019,eBird_GBIF,1,1,1,NA
2996,2019,Combined,1,1,1,NA
2996,2022,China_Birdwatch,7,2,7,60
2996,2022,Combined,7,2,7,60
2996,2023,China_Birdwatch,4,3,4,61.666666666666664
2996,2023,Combined,4,3,4,61.666666666666664
2996,2024,China_Birdwatch,50,37,19,890.9366412213737
2996,2024,Combined,50,37,19,890.9366412213737
2997,2017,China_Birdwatch,1,1,1,420
2997,2017,eBird_GBIF,2,2,2,NA
2997,2017,Combined,3,3,2,420
2997,2020,China_Birdwatch,1,1,1,90
2997,2020,Combined,1,1,1,90
2997,2021,China_Birdwatch,10,3,10,182.9646017699115
2997,2021,Combined,10,3,10,182.9646017699115
2997,2022,China_Birdwatch,17,7,13,1086.8879668049792
2997,2022,Combined,17,7,13,1086.8879668049792
2997,2023,China_Birdwatch,21,11,17,277.62458471760806
2997,2023,eBird_GBIF,7,4,4,NA
2997,2023,Combined,28,15,18,277.62458471760806
2997,2024,China_Birdwatch,54,30,38,160.42013422818795
2997,2024,Combined,54,30,38,160.42013422818795
2998,2014,eBird_GBIF,4,2,3,NA
2998,2014,Combined,4,2,3,NA
2998,2015,eBird_GBIF,11,3,6,NA
2998,2015,Combined,11,3,6,NA
2998,2016,China_Birdwatch,1,1,1,420
2998,2016,Combined,1,1,1,420
2998,2022,China_Birdwatch,5,4,5,39612.25
2998,2022,Combined,5,4,5,39612.25
2998,2023,China_Birdwatch,7,5,7,198.39999999999998
2998,2023,Combined,7,5,7,198.39999999999998
2998,2024,China_Birdwatch,29,17,22,1171.530927835052
2998,2024,Combined,29,17,22,1171.530927835052
2999,2017,China_Birdwatch,1,1,1,15
2999,2017,Combined,1,1,1,15
2999,2018,eBird_GBIF,5,1,5,NA
2999,2018,Combined,5,1,5,NA
2999,2019,eBird_GBIF,2,1,2,NA
2999,2019,Combined,2,1,2,NA
2999,2021,China_Birdwatch,28,3,28,182.2514851485149
2999,2021,eBird_GBIF,1,1,1,NA
2999,2021,Combined,29,4,29,182.2514851485149
2999,2022,China_Birdwatch,17,4,17,3055.832752613241
2999,2022,eBird_GBIF,3,2,3,NA
2999,2022,Combined,20,6,20,3055.832752613241
2999,2023,China_Birdwatch,62,9,55,344.02802101576196
2999,2023,eBird_GBIF,24,6,24,NA
2999,2023,Combined,86,15,79,344.02802101576196
2999,2024,China_Birdwatch,155,32,113,376.96638297872323
2999,2024,Combined,155,32,113,376.96638297872323
3000,2015,China_Birdwatch,1,1,1,0
3000,2015,Combined,1,1,1,0
3000,2016,eBird_GBIF,1,1,1,NA
3000,2016,Combined,1,1,1,NA
3000,2018,China_Birdwatch,1,1,1,60
3000,2018,eBird_GBIF,3,2,3,NA
3000,2018,Combined,4,3,4,60
3000,2020,China_Birdwatch,9,1,9,530.6666666666667
3000,2020,Combined,9,1,9,530.6666666666667
3000,2021,China_Birdwatch,3,2,3,310.95384615384614
3000,2021,Combined,3,2,3,310.95384615384614
3000,2022,China_Birdwatch,12,3,8,109.3779527559055
3000,2022,eBird_GBIF,1,1,1,NA
3000,2022,Combined,13,4,9,109.3779527559055
3000,2023,China_Birdwatch,19,10,17,140.97916666666669
3000,2023,eBird_GBIF,48,3,48,NA
3000,2023,Combined,67,13,63,140.97916666666669
3000,2024,China_Birdwatch,17,10,17,6287.641304347828
3000,2024,Combined,17,10,17,6287.641304347828
3001,2015,eBird_GBIF,2,1,2,NA
3001,2015,Combined,2,1,2,NA
3001,2019,China_Birdwatch,4,3,3,426.72
3001,2019,eBird_GBIF,1,1,1,NA
3001,2019,Combined,5,4,4,426.72
3001,2020,eBird_GBIF,1,1,1,NA
3001,2020,Combined,1,1,1,NA
3001,2023,China_Birdwatch,3,1,3,129.72881355932202
3001,2023,eBird_GBIF,2,1,2,NA
3001,2023,Combined,5,2,5,129.72881355932202
3001,2024,China_Birdwatch,36,15,30,565.2155555555553
3001,2024,Combined,36,15,30,565.2155555555553
3002,2006,eBird_GBIF,1,1,1,NA
3002,2006,Combined,1,1,1,NA
3002,2013,eBird_GBIF,2,2,2,NA
3002,2013,Combined,2,2,2,NA
3002,2016,eBird_GBIF,2,1,2,NA
3002,2016,Combined,2,1,2,NA
3002,2017,China_Birdwatch,2,1,2,326.6666666666667
3002,2017,eBird_GBIF,1,1,1,NA
3002,2017,Combined,3,2,3,326.6666666666667
3002,2018,China_Birdwatch,1,1,1,40
3002,2018,Combined,1,1,1,40
3002,2019,China_Birdwatch,3,2,3,7750.188679245283
3002,2019,eBird_GBIF,3,3,2,NA
3002,2019,Combined,6,5,5,7750.188679245283
3002,2020,China_Birdwatch,2,2,2,2469.909090909091
3002,2020,eBird_GBIF,6,4,6,NA
3002,2020,Combined,8,6,8,2469.909090909091
3002,2021,China_Birdwatch,8,6,8,1403.1259842519685
3002,2021,eBird_GBIF,2,1,2,NA
3002,2021,Combined,10,7,10,1403.1259842519685
3002,2022,China_Birdwatch,20,6,16,3799.9809523809517
3002,2022,eBird_GBIF,6,2,6,NA
3002,2022,Combined,26,8,22,3799.9809523809517
3002,2023,China_Birdwatch,31,22,24,224.88671023965134
3002,2023,eBird_GBIF,6,4,6,NA
3002,2023,Combined,37,26,28,224.88671023965134
3002,2024,China_Birdwatch,82,48,51,2075.0617737003026
3002,2024,Combined,82,48,51,2075.0617737003026
3003,2006,eBird_GBIF,1,1,1,NA
3003,2006,Combined,1,1,1,NA
3003,2010,eBird_GBIF,2,1,2,NA
3003,2010,Combined,2,1,2,NA
3003,2015,eBird_GBIF,1,1,1,NA
3003,2015,Combined,1,1,1,NA
3003,2017,eBird_GBIF,1,1,1,NA
3003,2017,Combined,1,1,1,NA
3003,2018,China_Birdwatch,1,1,1,420
3003,2018,Combined,1,1,1,420
3003,2019,eBird_GBIF,1,1,1,NA
3003,2019,Combined,1,1,1,NA
3003,2020,China_Birdwatch,3,2,3,1361.3
3003,2020,eBird_GBIF,3,1,3,NA
3003,2020,Combined,6,3,6,1361.3
3003,2021,China_Birdwatch,1,1,1,60
3003,2021,eBird_GBIF,22,3,22,NA
3003,2021,Combined,23,4,23,60
3003,2022,China_Birdwatch,2,2,2,410.7692307692308
3003,2022,eBird_GBIF,19,1,19,NA
3003,2022,Combined,21,3,21,410.7692307692308
3003,2023,China_Birdwatch,11,6,11,76.72916666666666
3003,2023,eBird_GBIF,14,2,14,NA
3003,2023,Combined,25,8,25,76.72916666666666
3003,2024,China_Birdwatch,74,33,50,602.4073783359503
3003,2024,Combined,74,33,50,602.4073783359503
3004,2003,eBird_GBIF,4,1,4,NA
3004,2003,Combined,4,1,4,NA
3004,2004,eBird_GBIF,10,1,10,NA
3004,2004,Combined,10,1,10,NA
3004,2005,eBird_GBIF,7,1,7,NA
3004,2005,Combined,7,1,7,NA
3004,2006,eBird_GBIF,1,1,1,NA
3004,2006,Combined,1,1,1,NA
3004,2012,eBird_GBIF,2,2,2,NA
3004,2012,Combined,2,2,2,NA
3004,2014,China_Birdwatch,1,1,1,150
3004,2014,Combined,1,1,1,150
3004,2015,China_Birdwatch,3,1,3,256.8181818181818
3004,2015,eBird_GBIF,1,1,1,NA
3004,2015,Combined,4,2,4,256.8181818181818
3004,2016,eBird_GBIF,2,2,2,NA
3004,2016,Combined,2,2,2,NA
3004,2017,China_Birdwatch,1,1,1,150
3004,2017,eBird_GBIF,1,1,1,NA
3004,2017,Combined,2,2,2,150
3004,2018,China_Birdwatch,3,1,3,301.875
3004,2018,eBird_GBIF,4,3,4,NA
3004,2018,Combined,7,4,7,301.875
3004,2019,China_Birdwatch,1,1,1,360
3004,2019,eBird_GBIF,5,5,5,NA
3004,2019,Combined,6,6,6,360
3004,2020,China_Birdwatch,16,6,16,1499.8213399503716
3004,2020,eBird_GBIF,1,1,1,NA
3004,2020,Combined,17,7,16,1499.8213399503716
3004,2021,China_Birdwatch,27,11,25,6118.125698324022
3004,2021,eBird_GBIF,1,1,1,NA
3004,2021,Combined,28,12,26,6118.125698324022
3004,2022,China_Birdwatch,55,24,46,790.721251149955
3004,2022,eBird_GBIF,8,6,7,NA
3004,2022,Combined,63,30,50,790.721251149955
3004,2023,China_Birdwatch,103,40,74,188.29778464708912
3004,2023,eBird_GBIF,27,6,19,NA
3004,2023,Combined,130,46,86,188.29778464708912
3004,2024,China_Birdwatch,410,173,168,569.1557642487057
3004,2024,Combined,410,173,168,569.1557642487057
3005,2003,eBird_GBIF,2,1,2,NA
3005,2003,Combined,2,1,2,NA
3005,2004,eBird_GBIF,2,1,2,NA
3005,2004,Combined,2,1,2,NA
3005,2011,eBird_GBIF,2,2,2,NA
3005,2011,Combined,2,2,2,NA
3005,2012,eBird_GBIF,2,2,2,NA
3005,2012,Combined,2,2,2,NA
3005,2014,China_Birdwatch,1,1,1,420
3005,2014,eBird_GBIF,4,3,4,NA
3005,2014,Combined,5,4,5,420
3005,2015,China_Birdwatch,3,1,3,965.6603773584906
3005,2015,eBird_GBIF,4,4,3,NA
3005,2015,Combined,7,5,6,965.6603773584906
3005,2016,China_Birdwatch,1,1,1,120
3005,2016,eBird_GBIF,3,3,3,NA
3005,2016,Combined,4,4,4,120
3005,2017,China_Birdwatch,3,3,3,1118
3005,2017,Combined,3,3,3,1118
3005,2018,China_Birdwatch,1,1,1,90
3005,2018,eBird_GBIF,1,1,1,NA
3005,2018,Combined,2,2,2,90
3005,2019,China_Birdwatch,2,1,2,432.63157894736844
3005,2019,eBird_GBIF,9,9,5,NA
3005,2019,Combined,11,10,6,432.63157894736844
3005,2020,China_Birdwatch,6,2,6,371.9117647058823
3005,2020,Combined,6,2,6,371.9117647058823
3005,2021,China_Birdwatch,10,9,10,1090.696153846154
3005,2021,eBird_GBIF,2,2,2,NA
3005,2021,Combined,12,11,12,1090.696153846154
3005,2022,China_Birdwatch,11,7,11,304.11347517730496
3005,2022,eBird_GBIF,1,1,1,NA
3005,2022,Combined,12,8,12,304.11347517730496
3005,2023,China_Birdwatch,44,27,36,234.5317377731529
3005,2023,eBird_GBIF,12,8,11,NA
3005,2023,Combined,56,35,45,234.5317377731529
3005,2024,China_Birdwatch,314,142,144,442.08613276000904
3005,2024,Combined,314,142,144,442.08613276000904
3007,2024,China_Birdwatch,1,1,1,60
3007,2024,Combined,1,1,1,60
3052,2007,eBird_GBIF,2,1,2,NA
3052,2007,Combined,2,1,2,NA
3052,2008,eBird_GBIF,5,3,5,NA
3052,2008,Combined,5,3,5,NA
3052,2012,eBird_GBIF,7,2,7,NA
3052,2012,Combined,7,2,7,NA
3052,2013,eBird_GBIF,7,4,7,NA
3052,2013,Combined,7,4,7,NA
3052,2014,eBird_GBIF,6,4,6,NA
3052,2014,Combined,6,4,6,NA
3052,2015,eBird_GBIF,28,10,19,NA
3052,2015,Combined,28,10,19,NA
3052,2016,eBird_GBIF,14,9,12,NA
3052,2016,Combined,14,9,12,NA
3052,2017,eBird_GBIF,90,29,43,NA
3052,2017,Combined,90,29,43,NA
3052,2018,eBird_GBIF,125,44,59,NA
3052,2018,Combined,125,44,59,NA
3052,2019,eBird_GBIF,138,46,67,NA
3052,2019,Combined,138,46,67,NA
3052,2020,eBird_GBIF,86,21,38,NA
3052,2020,Combined,86,21,38,NA
3052,2021,eBird_GBIF,84,16,57,NA
3052,2021,Combined,84,16,57,NA
3052,2022,eBird_GBIF,41,5,25,NA
3052,2022,Combined,41,5,25,NA
3052,2023,eBird_GBIF,212,65,100,NA
3052,2023,Combined,212,65,100,NA
3053,2002,eBird_GBIF,2,1,2,NA
3053,2002,Combined,2,1,2,NA
3053,2003,eBird_GBIF,4,2,4,NA
3053,2003,Combined,4,2,4,NA
3053,2006,eBird_GBIF,4,3,4,NA
3053,2006,Combined,4,3,4,NA
3053,2007,eBird_GBIF,10,2,10,NA
3053,2007,Combined,10,2,10,NA
3053,2008,eBird_GBIF,19,7,17,NA
3053,2008,Combined,19,7,17,NA
3053,2009,eBird_GBIF,7,3,7,NA
3053,2009,Combined,7,3,7,NA
3053,2010,eBird_GBIF,1,1,1,NA
3053,2010,Combined,1,1,1,NA
3053,2011,eBird_GBIF,2,2,2,NA
3053,2011,Combined,2,2,2,NA
3053,2012,eBird_GBIF,6,3,6,NA
3053,2012,Combined,6,3,6,NA
3053,2013,eBird_GBIF,21,12,17,NA
3053,2013,Combined,21,12,17,NA
3053,2014,eBird_GBIF,39,16,24,NA
3053,2014,Combined,39,16,24,NA
3053,2015,eBird_GBIF,42,23,24,NA
3053,2015,Combined,42,23,24,NA
3053,2016,eBird_GBIF,56,29,44,NA
3053,2016,Combined,56,29,44,NA
3053,2017,eBird_GBIF,79,29,50,NA
3053,2017,Combined,79,29,50,NA
3053,2018,eBird_GBIF,156,50,84,NA
3053,2018,Combined,156,50,84,NA
3053,2019,eBird_GBIF,168,61,81,NA
3053,2019,Combined,168,61,81,NA
3053,2020,eBird_GBIF,87,33,44,NA
3053,2020,Combined,87,33,44,NA
3053,2021,eBird_GBIF,52,21,44,NA
3053,2021,Combined,52,21,44,NA
3053,2022,eBird_GBIF,62,15,28,NA
3053,2022,Combined,62,15,28,NA
3053,2023,eBird_GBIF,255,88,114,NA
3053,2023,Combined,255,88,114,NA
3054,2002,eBird_GBIF,3,1,3,NA
3054,2002,Combined,3,1,3,NA
3054,2003,eBird_GBIF,1,1,1,NA
3054,2003,Combined,1,1,1,NA
3054,2005,eBird_GBIF,1,1,1,NA
3054,2005,Combined,1,1,1,NA
3054,2006,eBird_GBIF,1,1,1,NA
3054,2006,Combined,1,1,1,NA
3054,2007,eBird_GBIF,2,2,2,NA
3054,2007,Combined,2,2,2,NA
3054,2008,eBird_GBIF,9,4,6,NA
3054,2008,Combined,9,4,6,NA
3054,2013,eBird_GBIF,4,2,2,NA
3054,2013,Combined,4,2,2,NA
3054,2014,eBird_GBIF,6,4,6,NA
3054,2014,Combined,6,4,6,NA
3054,2015,eBird_GBIF,10,8,6,NA
3054,2015,Combined,10,8,6,NA
3054,2016,eBird_GBIF,18,13,10,NA
3054,2016,Combined,18,13,10,NA
3054,2017,eBird_GBIF,6,6,6,NA
3054,2017,Combined,6,6,6,NA
3054,2018,eBird_GBIF,72,17,61,NA
3054,2018,Combined,72,17,61,NA
3054,2019,eBird_GBIF,62,21,49,NA
3054,2019,Combined,62,21,49,NA
3054,2020,eBird_GBIF,20,8,19,NA
3054,2020,Combined,20,8,19,NA
3054,2021,eBird_GBIF,14,12,9,NA
3054,2021,Combined,14,12,9,NA
3054,2022,eBird_GBIF,22,10,14,NA
3054,2022,Combined,22,10,14,NA
3054,2023,eBird_GBIF,32,24,22,NA
3054,2023,Combined,32,24,22,NA
3055,2012,eBird_GBIF,1,1,1,NA
3055,2012,Combined,1,1,1,NA
3055,2020,eBird_GBIF,12,3,9,NA
3055,2020,Combined,12,3,9,NA
3055,2021,eBird_GBIF,16,4,8,NA
3055,2021,Combined,16,4,8,NA
3055,2023,eBird_GBIF,14,4,14,NA
3055,2023,Combined,14,4,14,NA
3056,2002,eBird_GBIF,1,1,1,NA
3056,2002,Combined,1,1,1,NA
3056,2007,eBird_GBIF,1,1,1,NA
3056,2007,Combined,1,1,1,NA
3056,2008,eBird_GBIF,3,1,3,NA
3056,2008,Combined,3,1,3,NA
3056,2010,eBird_GBIF,1,1,1,NA
3056,2010,Combined,1,1,1,NA
3056,2012,eBird_GBIF,2,2,2,NA
3056,2012,Combined,2,2,2,NA
3056,2013,eBird_GBIF,5,3,3,NA
3056,2013,Combined,5,3,3,NA
3056,2014,eBird_GBIF,5,3,3,NA
3056,2014,Combined,5,3,3,NA
3056,2015,eBird_GBIF,10,6,10,NA
3056,2015,Combined,10,6,10,NA
3056,2016,eBird_GBIF,23,16,13,NA
3056,2016,Combined,23,16,13,NA
3056,2017,eBird_GBIF,4,4,4,NA
3056,2017,Combined,4,4,4,NA
3056,2018,eBird_GBIF,20,12,8,NA
3056,2018,Combined,20,12,8,NA
3056,2019,eBird_GBIF,9,7,7,NA
3056,2019,Combined,9,7,7,NA
3056,2020,eBird_GBIF,11,11,7,NA
3056,2020,Combined,11,11,7,NA
3056,2021,eBird_GBIF,10,8,8,NA
3056,2021,Combined,10,8,8,NA
3056,2022,eBird_GBIF,39,19,24,NA
3056,2022,Combined,39,19,24,NA
3056,2023,eBird_GBIF,41,21,27,NA
3056,2023,Combined,41,21,27,NA
3057,2007,eBird_GBIF,1,1,1,NA
3057,2007,Combined,1,1,1,NA
3057,2011,eBird_GBIF,1,1,1,NA
3057,2011,Combined,1,1,1,NA
3057,2012,eBird_GBIF,1,1,1,NA
3057,2012,Combined,1,1,1,NA
3057,2014,eBird_GBIF,1,1,1,NA
3057,2014,Combined,1,1,1,NA
3057,2015,eBird_GBIF,4,3,4,NA
3057,2015,Combined,4,3,4,NA
3057,2016,eBird_GBIF,1,1,1,NA
3057,2016,Combined,1,1,1,NA
3057,2017,eBird_GBIF,3,1,3,NA
3057,2017,Combined,3,1,3,NA
3057,2020,eBird_GBIF,1,1,1,NA
3057,2020,Combined,1,1,1,NA
3057,2022,eBird_GBIF,8,7,6,NA
3057,2022,Combined,8,7,6,NA
3057,2023,eBird_GBIF,5,5,3,NA
3057,2023,Combined,5,5,3,NA
3058,2000,eBird_GBIF,8,2,8,NA
3058,2000,Combined,8,2,8,NA
3058,2001,eBird_GBIF,7,2,7,NA
3058,2001,Combined,7,2,7,NA
3058,2002,eBird_GBIF,25,11,14,NA
3058,2002,Combined,25,11,14,NA
3058,2003,eBird_GBIF,11,8,9,NA
3058,2003,Combined,11,8,9,NA
3058,2004,eBird_GBIF,7,7,6,NA
3058,2004,Combined,7,7,6,NA
3058,2005,eBird_GBIF,10,6,10,NA
3058,2005,Combined,10,6,10,NA
3058,2006,eBird_GBIF,11,7,9,NA
3058,2006,Combined,11,7,9,NA
3058,2007,eBird_GBIF,11,4,11,NA
3058,2007,Combined,11,4,11,NA
3058,2008,eBird_GBIF,17,11,14,NA
3058,2008,Combined,17,11,14,NA
3058,2009,eBird_GBIF,14,6,14,NA
3058,2009,Combined,14,6,14,NA
3058,2010,eBird_GBIF,21,12,17,NA
3058,2010,Combined,21,12,17,NA
3058,2011,eBird_GBIF,15,8,13,NA
3058,2011,Combined,15,8,13,NA
3058,2012,eBird_GBIF,25,9,25,NA
3058,2012,Combined,25,9,25,NA
3058,2013,eBird_GBIF,40,20,28,NA
3058,2013,Combined,40,20,28,NA
3058,2014,eBird_GBIF,41,26,30,NA
3058,2014,Combined,41,26,30,NA
3058,2015,eBird_GBIF,52,14,47,NA
3058,2015,Combined,52,14,47,NA
3058,2016,eBird_GBIF,55,26,49,NA
3058,2016,Combined,55,26,49,NA
3058,2017,eBird_GBIF,170,32,130,NA
3058,2017,Combined,170,32,130,NA
3058,2018,eBird_GBIF,185,38,142,NA
3058,2018,Combined,185,38,142,NA
3058,2019,eBird_GBIF,239,54,170,NA
3058,2019,Combined,239,54,170,NA
3058,2020,eBird_GBIF,121,39,81,NA
3058,2020,Combined,121,39,81,NA
3058,2021,eBird_GBIF,69,30,56,NA
3058,2021,Combined,69,30,56,NA
3058,2022,eBird_GBIF,58,21,48,NA
3058,2022,Combined,58,21,48,NA
3058,2023,eBird_GBIF,193,76,127,NA
3058,2023,Combined,193,76,127,NA
3059,2002,eBird_GBIF,4,4,2,NA
3059,2002,Combined,4,4,2,NA
3059,2004,eBird_GBIF,3,3,2,NA
3059,2004,Combined,3,3,2,NA
3059,2005,eBird_GBIF,2,2,2,NA
3059,2005,Combined,2,2,2,NA
3059,2007,eBird_GBIF,1,1,1,NA
3059,2007,Combined,1,1,1,NA
3059,2008,eBird_GBIF,3,3,3,NA
3059,2008,Combined,3,3,3,NA
3059,2009,eBird_GBIF,1,1,1,NA
3059,2009,Combined,1,1,1,NA
3059,2011,eBird_GBIF,3,3,3,NA
3059,2011,Combined,3,3,3,NA
3059,2012,eBird_GBIF,1,1,1,NA
3059,2012,Combined,1,1,1,NA
3059,2014,eBird_GBIF,2,2,2,NA
3059,2014,Combined,2,2,2,NA
3059,2016,eBird_GBIF,7,6,6,NA
3059,2016,Combined,7,6,6,NA
3059,2017,eBird_GBIF,10,9,7,NA
3059,2017,Combined,10,9,7,NA
3059,2018,eBird_GBIF,2,2,2,NA
3059,2018,Combined,2,2,2,NA
3059,2019,eBird_GBIF,4,4,4,NA
3059,2019,Combined,4,4,4,NA
3059,2023,eBird_GBIF,5,5,4,NA
3059,2023,Combined,5,5,4,NA
3060,2004,eBird_GBIF,2,1,2,NA
3060,2004,Combined,2,1,2,NA
3060,2017,China_Birdwatch,1,1,1,480
3060,2017,eBird_GBIF,2,1,2,NA
3060,2017,Combined,3,2,3,480
3060,2018,China_Birdwatch,1,1,1,480
3060,2018,Combined,1,1,1,480
3060,2019,eBird_GBIF,1,1,1,NA
3060,2019,Combined,1,1,1,NA
3060,2020,China_Birdwatch,4,1,4,249.44444444444446
3060,2020,eBird_GBIF,5,2,5,NA
3060,2020,Combined,9,3,5,249.44444444444446
3060,2021,China_Birdwatch,1,1,1,60
3060,2021,eBird_GBIF,3,1,3,NA
3060,2021,Combined,4,2,4,60
3060,2022,China_Birdwatch,1,1,1,1561
3060,2022,eBird_GBIF,3,2,3,NA
3060,2022,Combined,4,3,4,1561
3060,2023,China_Birdwatch,6,6,5,199.59493670886076
3060,2023,eBird_GBIF,3,3,3,NA
3060,2023,Combined,9,9,8,199.59493670886076
3060,2024,China_Birdwatch,49,26,39,825.0969325153382
3060,2024,Combined,49,26,39,825.0969325153382
3061,2016,eBird_GBIF,3,1,3,NA
3061,2016,Combined,3,1,3,NA
3061,2017,eBird_GBIF,1,1,1,NA
3061,2017,Combined,1,1,1,NA
3061,2019,eBird_GBIF,3,1,3,NA
3061,2019,Combined,3,1,3,NA
3061,2021,China_Birdwatch,1,1,1,110
3061,2021,eBird_GBIF,6,1,6,NA
3061,2021,Combined,7,2,7,110
3061,2022,China_Birdwatch,3,1,3,443.73043478260877
3061,2022,Combined,3,1,3,443.73043478260877
3061,2023,China_Birdwatch,4,2,4,88.33333333333333
3061,2023,Combined,4,2,4,88.33333333333333
3061,2024,China_Birdwatch,11,6,9,354.6818181818182
3061,2024,Combined,11,6,9,354.6818181818182
3062,2002,eBird_GBIF,1,1,1,NA
3062,2002,Combined,1,1,1,NA
3062,2012,eBird_GBIF,1,1,1,NA
3062,2012,Combined,1,1,1,NA
3062,2019,eBird_GBIF,1,1,1,NA
3062,2019,Combined,1,1,1,NA
3062,2020,China_Birdwatch,1,1,1,82740
3062,2020,Combined,1,1,1,82740
3062,2021,China_Birdwatch,2,2,2,322.3255813953488
3062,2021,eBird_GBIF,3,1,3,NA
3062,2021,Combined,5,3,5,322.3255813953488
3062,2022,China_Birdwatch,3,2,3,124.1860465116279
3062,2022,eBird_GBIF,1,1,1,NA
3062,2022,Combined,4,3,4,124.1860465116279
3062,2023,China_Birdwatch,6,5,5,1002.9264705882354
3062,2023,Combined,6,5,5,1002.9264705882354
3062,2024,China_Birdwatch,16,9,16,5044.264705882353
3062,2024,Combined,16,9,16,5044.264705882353
3063,2023,China_Birdwatch,2,2,2,267.36842105263156
3063,2023,Combined,2,2,2,267.36842105263156
3063,2024,China_Birdwatch,2,2,2,140
3063,2024,Combined,2,2,2,140
3064,2020,eBird_GBIF,7,1,7,NA
3064,2020,Combined,7,1,7,NA
3064,2021,eBird_GBIF,1,1,1,NA
3064,2021,Combined,1,1,1,NA
3064,2023,China_Birdwatch,1,1,1,0
3064,2023,Combined,1,1,1,0
3064,2024,China_Birdwatch,18,10,18,829.4117647058823
3064,2024,Combined,18,10,18,829.4117647058823
3065,2015,eBird_GBIF,1,1,1,NA
3065,2015,Combined,1,1,1,NA
3065,2016,eBird_GBIF,2,1,2,NA
3065,2016,Combined,2,1,2,NA
3065,2017,eBird_GBIF,1,1,1,NA
3065,2017,Combined,1,1,1,NA
3065,2018,China_Birdwatch,2,2,1,43.2
3065,2018,eBird_GBIF,5,5,4,NA
3065,2018,Combined,7,7,4,43.2
3065,2019,China_Birdwatch,1,1,1,60
3065,2019,eBird_GBIF,3,3,3,NA
3065,2019,Combined,4,4,4,60
3065,2020,eBird_GBIF,1,1,1,NA
3065,2020,Combined,1,1,1,NA
3065,2021,eBird_GBIF,2,1,2,NA
3065,2021,Combined,2,1,2,NA
3065,2022,China_Birdwatch,2,2,1,122.75
3065,2022,eBird_GBIF,1,1,1,NA
3065,2022,Combined,3,3,2,122.75
3065,2023,China_Birdwatch,2,2,2,60
3065,2023,eBird_GBIF,4,4,3,NA
3065,2023,Combined,6,6,5,60
3065,2024,China_Birdwatch,35,19,30,100.12056737588654
3065,2024,Combined,35,19,30,100.12056737588654
3066,2000,eBird_GBIF,2,1,2,NA
3066,2000,Combined,2,1,2,NA
3066,2002,eBird_GBIF,3,3,1,NA
3066,2002,Combined,3,3,1,NA
3066,2003,eBird_GBIF,1,1,1,NA
3066,2003,Combined,1,1,1,NA
3066,2004,eBird_GBIF,1,1,1,NA
3066,2004,Combined,1,1,1,NA
3066,2007,eBird_GBIF,2,2,2,NA
3066,2007,Combined,2,2,2,NA
3066,2008,eBird_GBIF,5,2,5,NA
3066,2008,Combined,5,2,5,NA
3066,2009,eBird_GBIF,1,1,1,NA
3066,2009,Combined,1,1,1,NA
3066,2010,eBird_GBIF,3,3,3,NA
3066,2010,Combined,3,3,3,NA
3066,2011,eBird_GBIF,3,1,3,NA
3066,2011,Combined,3,1,3,NA
3066,2012,China_Birdwatch,1,1,1,5109
3066,2012,eBird_GBIF,2,2,1,NA
3066,2012,Combined,3,3,2,5109
3066,2013,eBird_GBIF,2,1,2,NA
3066,2013,Combined,2,1,2,NA
3066,2014,eBird_GBIF,6,6,6,NA
3066,2014,Combined,6,6,6,NA
3066,2015,China_Birdwatch,1,1,1,0
3066,2015,eBird_GBIF,4,3,4,NA
3066,2015,Combined,5,4,5,0
3066,2016,eBird_GBIF,1,1,1,NA
3066,2016,Combined,1,1,1,NA
3066,2017,China_Birdwatch,1,1,1,1140
3066,2017,eBird_GBIF,7,7,6,NA
3066,2017,Combined,8,8,7,1140
3066,2018,eBird_GBIF,17,8,11,NA
3066,2018,Combined,17,8,11,NA
3066,2019,China_Birdwatch,1,1,1,183
3066,2019,eBird_GBIF,4,4,4,NA
3066,2019,Combined,5,5,5,183
3066,2020,eBird_GBIF,2,2,2,NA
3066,2020,Combined,2,2,2,NA
3066,2021,China_Birdwatch,1,1,1,120
3066,2021,eBird_GBIF,4,2,4,NA
3066,2021,Combined,5,3,5,120
3066,2022,China_Birdwatch,8,7,8,316.52830188679246
3066,2022,eBird_GBIF,7,3,6,NA
3066,2022,Combined,15,10,14,316.52830188679246
3066,2023,China_Birdwatch,14,13,14,140.53435114503816
3066,2023,eBird_GBIF,17,12,16,NA
3066,2023,Combined,31,25,30,140.53435114503816
3066,2024,China_Birdwatch,53,39,51,161.79166666666669
3066,2024,Combined,53,39,51,161.79166666666669
3067,2002,eBird_GBIF,5,4,3,NA
3067,2002,Combined,5,4,3,NA
3067,2003,eBird_GBIF,6,2,6,NA
3067,2003,Combined,6,2,6,NA
3067,2004,eBird_GBIF,2,1,2,NA
3067,2004,Combined,2,1,2,NA
3067,2005,eBird_GBIF,1,1,1,NA
3067,2005,Combined,1,1,1,NA
3067,2007,eBird_GBIF,3,3,3,NA
3067,2007,Combined,3,3,3,NA
3067,2008,eBird_GBIF,4,2,4,NA
3067,2008,Combined,4,2,4,NA
3067,2009,eBird_GBIF,1,1,1,NA
3067,2009,Combined,1,1,1,NA
3067,2010,eBird_GBIF,18,9,18,NA
3067,2010,Combined,18,9,18,NA
3067,2011,eBird_GBIF,9,8,8,NA
3067,2011,Combined,9,8,8,NA
3067,2012,eBird_GBIF,3,3,2,NA
3067,2012,Combined,3,3,2,NA
3067,2013,eBird_GBIF,3,3,3,NA
3067,2013,Combined,3,3,3,NA
3067,2014,eBird_GBIF,13,5,12,NA
3067,2014,Combined,13,5,12,NA
3067,2015,China_Birdwatch,1,1,1,2880
3067,2015,eBird_GBIF,6,6,6,NA
3067,2015,Combined,7,7,7,2880
3067,2016,eBird_GBIF,5,4,5,NA
3067,2016,Combined,5,4,5,NA
3067,2017,eBird_GBIF,6,4,6,NA
3067,2017,Combined,6,4,6,NA
3067,2018,eBird_GBIF,18,15,14,NA
3067,2018,Combined,18,15,14,NA
3067,2019,China_Birdwatch,2,1,2,185
3067,2019,eBird_GBIF,5,4,5,NA
3067,2019,Combined,7,5,7,185
3067,2020,China_Birdwatch,1,1,1,60
3067,2020,eBird_GBIF,9,3,9,NA
3067,2020,Combined,10,4,10,60
3067,2021,eBird_GBIF,7,3,5,NA
3067,2021,Combined,7,3,5,NA
3067,2022,China_Birdwatch,3,3,3,1716.8484848484848
3067,2022,eBird_GBIF,13,4,8,NA
3067,2022,Combined,16,7,11,1716.8484848484848
3067,2023,China_Birdwatch,3,3,3,749.65625
3067,2023,eBird_GBIF,20,11,18,NA
3067,2023,Combined,23,14,21,749.65625
3067,2024,China_Birdwatch,38,28,38,292.5718390804598
3067,2024,Combined,38,28,38,292.5718390804598
3068,2016,eBird_GBIF,2,2,2,NA
3068,2016,Combined,2,2,2,NA
3068,2017,China_Birdwatch,1,1,1,240
3068,2017,eBird_GBIF,1,1,1,NA
3068,2017,Combined,2,2,2,240
3068,2018,China_Birdwatch,21,1,21,696.0681818181814
3068,2018,eBird_GBIF,1,1,1,NA
3068,2018,Combined,22,2,21,696.0681818181814
3068,2020,China_Birdwatch,2,1,2,7987.5
3068,2020,eBird_GBIF,1,1,1,NA
3068,2020,Combined,3,2,3,7987.5
3068,2021,China_Birdwatch,3,2,3,385.7692307692308
3068,2021,Combined,3,2,3,385.7692307692308
3068,2022,China_Birdwatch,4,3,4,52.758620689655174
3068,2022,eBird_GBIF,1,1,1,NA
3068,2022,Combined,5,4,4,52.758620689655174
3068,2023,China_Birdwatch,3,3,3,60
3068,2023,eBird_GBIF,3,3,3,NA
3068,2023,Combined,6,6,6,60
3068,2024,China_Birdwatch,27,13,25,122.96989966555182
3068,2024,Combined,27,13,25,122.96989966555182
3069,2000,eBird_GBIF,2,2,1,NA
3069,2000,Combined,2,2,1,NA
3069,2002,eBird_GBIF,4,1,4,NA
3069,2002,Combined,4,1,4,NA
3069,2007,China_Birdwatch,1,1,1,1860
3069,2007,Combined,1,1,1,1860
3069,2008,China_Birdwatch,1,1,1,930
3069,2008,eBird_GBIF,5,3,3,NA
3069,2008,Combined,6,4,4,930
3069,2009,eBird_GBIF,11,4,7,NA
3069,2009,Combined,11,4,7,NA
3069,2010,China_Birdwatch,1,1,1,480
3069,2010,eBird_GBIF,3,3,3,NA
3069,2010,Combined,4,4,4,480
3069,2013,China_Birdwatch,1,1,1,4020
3069,2013,eBird_GBIF,4,3,3,NA
3069,2013,Combined,5,4,4,4020
3069,2014,eBird_GBIF,5,3,5,NA
3069,2014,Combined,5,3,5,NA
3069,2015,China_Birdwatch,1,1,1,4320
3069,2015,eBird_GBIF,18,9,16,NA
3069,2015,Combined,19,10,17,4320
3069,2016,China_Birdwatch,1,1,1,4200
3069,2016,eBird_GBIF,18,10,12,NA
3069,2016,Combined,19,11,13,4200
3069,2017,China_Birdwatch,3,2,3,2226.09375
3069,2017,eBird_GBIF,16,11,15,NA
3069,2017,Combined,19,13,17,2226.09375
3069,2018,China_Birdwatch,4,4,4,2449.4845360824743
3069,2018,eBird_GBIF,20,11,18,NA
3069,2018,Combined,24,15,21,2449.4845360824743
3069,2019,China_Birdwatch,2,2,2,1885.7142857142858
3069,2019,eBird_GBIF,31,13,17,NA
3069,2019,Combined,33,15,19,1885.7142857142858
3069,2020,China_Birdwatch,2,2,2,1150.8196721311474
3069,2020,eBird_GBIF,25,11,17,NA
3069,2020,Combined,27,13,19,1150.8196721311474
3069,2021,China_Birdwatch,17,16,13,1905.6941580756015
3069,2021,eBird_GBIF,14,6,12,NA
3069,2021,Combined,31,22,22,1905.6941580756015
3069,2022,China_Birdwatch,36,24,28,1986.0750507099388
3069,2022,eBird_GBIF,10,7,9,NA
3069,2022,Combined,46,31,36,1986.0750507099388
3069,2023,China_Birdwatch,142,85,87,3381.8260730301313
3069,2023,eBird_GBIF,23,13,18,NA
3069,2023,Combined,165,98,99,3381.8260730301313
3069,2024,China_Birdwatch,51,36,32,625.9688826025459
3069,2024,Combined,51,36,32,625.9688826025459
3070,2002,eBird_GBIF,1,1,1,NA
3070,2002,Combined,1,1,1,NA
3070,2009,eBird_GBIF,2,1,2,NA
3070,2009,Combined,2,1,2,NA
3070,2013,eBird_GBIF,2,2,2,NA
3070,2013,Combined,2,2,2,NA
3070,2016,China_Birdwatch,1,1,1,1920
3070,2016,eBird_GBIF,7,4,6,NA
3070,2016,Combined,8,5,7,1920
3070,2017,eBird_GBIF,2,2,2,NA
3070,2017,Combined,2,2,2,NA
3070,2018,China_Birdwatch,5,2,4,1500.910447761194
3070,2018,eBird_GBIF,4,3,4,NA
3070,2018,Combined,9,5,7,1500.910447761194
3070,2019,eBird_GBIF,8,5,7,NA
3070,2019,Combined,8,5,7,NA
3070,2020,China_Birdwatch,3,2,2,64.72222222222223
3070,2020,eBird_GBIF,1,1,1,NA
3070,2020,Combined,4,3,3,64.72222222222223
3070,2021,China_Birdwatch,8,3,7,208.81333333333336
3070,2021,eBird_GBIF,7,5,6,NA
3070,2021,Combined,15,8,13,208.81333333333336
3070,2022,China_Birdwatch,14,11,13,2977.354679802955
3070,2022,eBird_GBIF,3,2,3,NA
3070,2022,Combined,17,13,16,2977.354679802955
3070,2023,China_Birdwatch,52,33,37,556.8493975903614
3070,2023,eBird_GBIF,20,9,19,NA
3070,2023,Combined,72,42,48,556.8493975903614
3070,2024,China_Birdwatch,1,1,1,290
3070,2024,Combined,1,1,1,290
3071,2000,eBird_GBIF,2,2,1,NA
3071,2000,Combined,2,2,1,NA
3071,2001,eBird_GBIF,1,1,1,NA
3071,2001,Combined,1,1,1,NA
3071,2003,eBird_GBIF,3,2,3,NA
3071,2003,Combined,3,2,3,NA
3071,2007,China_Birdwatch,1,1,1,3240
3071,2007,eBird_GBIF,3,2,2,NA
3071,2007,Combined,4,3,3,3240
3071,2009,eBird_GBIF,14,5,5,NA
3071,2009,Combined,14,5,5,NA
3071,2010,eBird_GBIF,4,3,4,NA
3071,2010,Combined,4,3,4,NA
3071,2011,eBird_GBIF,1,1,1,NA
3071,2011,Combined,1,1,1,NA
3071,2012,China_Birdwatch,1,1,1,300
3071,2012,Combined,1,1,1,300
3071,2013,eBird_GBIF,5,3,5,NA
3071,2013,Combined,5,3,5,NA
3071,2014,eBird_GBIF,3,1,3,NA
3071,2014,Combined,3,1,3,NA
3071,2015,China_Birdwatch,1,1,1,4080
3071,2015,Combined,1,1,1,4080
3071,2016,eBird_GBIF,2,1,2,NA
3071,2016,Combined,2,1,2,NA
3071,2017,China_Birdwatch,1,1,1,2880
3071,2017,eBird_GBIF,8,6,5,NA
3071,2017,Combined,9,7,6,2880
3071,2018,eBird_GBIF,13,2,13,NA
3071,2018,Combined,13,2,13,NA
3071,2019,eBird_GBIF,7,3,7,NA
3071,2019,Combined,7,3,7,NA
3071,2020,eBird_GBIF,3,3,2,NA
3071,2020,Combined,3,3,2,NA
3071,2021,China_Birdwatch,2,1,2,683.1914893617021
3071,2021,eBird_GBIF,4,2,4,NA
3071,2021,Combined,6,3,6,683.1914893617021
3071,2022,China_Birdwatch,16,5,15,409.3695014662756
3071,2022,eBird_GBIF,2,1,2,NA
3071,2022,Combined,18,6,17,409.3695014662756
3071,2023,China_Birdwatch,18,12,16,754.8983050847459
3071,2023,eBird_GBIF,3,3,3,NA
3071,2023,Combined,21,15,19,754.8983050847459
3071,2024,China_Birdwatch,50,8,49,189.57018498367796
3071,2024,Combined,50,8,49,189.57018498367796
3072,2018,eBird_GBIF,1,1,1,NA
3072,2018,Combined,1,1,1,NA
3072,2019,China_Birdwatch,1,1,1,2
3072,2019,eBird_GBIF,1,1,1,NA
3072,2019,Combined,2,2,2,2
3072,2022,China_Birdwatch,2,1,2,398.35051546391753
3072,2022,Combined,2,1,2,398.35051546391753
3072,2023,China_Birdwatch,1,1,1,180
3072,2023,eBird_GBIF,1,1,1,NA
3072,2023,Combined,2,2,2,180
3072,2024,China_Birdwatch,5,3,5,60
3072,2024,Combined,5,3,5,60
3073,2016,China_Birdwatch,1,1,1,420
3073,2016,Combined,1,1,1,420
3073,2020,eBird_GBIF,1,1,1,NA
3073,2020,Combined,1,1,1,NA
3073,2022,China_Birdwatch,10,4,9,78026.82819383258
3073,2022,eBird_GBIF,1,1,1,NA
3073,2022,Combined,11,5,10,78026.82819383258
3073,2023,China_Birdwatch,30,9,25,111.14732142857135
3073,2023,eBird_GBIF,2,1,2,NA
3073,2023,Combined,32,10,27,111.14732142857135
3073,2024,China_Birdwatch,42,5,41,300.4632587859423
3073,2024,Combined,42,5,41,300.4632587859423
3074,2008,eBird_GBIF,1,1,1,NA
3074,2008,Combined,1,1,1,NA
3074,2013,eBird_GBIF,1,1,1,NA
3074,2013,Combined,1,1,1,NA
3074,2014,eBird_GBIF,1,1,1,NA
3074,2014,Combined,1,1,1,NA
3074,2015,China_Birdwatch,1,1,1,135
3074,2015,Combined,1,1,1,135
3074,2016,eBird_GBIF,7,3,7,NA
3074,2016,Combined,7,3,7,NA
3074,2017,eBird_GBIF,3,1,3,NA
3074,2017,Combined,3,1,3,NA
3074,2018,eBird_GBIF,7,4,7,NA
3074,2018,Combined,7,4,7,NA
3074,2019,China_Birdwatch,3,3,3,1214.6511627906978
3074,2019,eBird_GBIF,5,4,4,NA
3074,2019,Combined,8,7,6,1214.6511627906978
3074,2021,China_Birdwatch,10,5,9,336379.27819548873
3074,2021,Combined,10,5,9,336379.27819548873
3074,2022,China_Birdwatch,9,5,9,656.861111111111
3074,2022,eBird_GBIF,3,2,3,NA
3074,2022,Combined,12,7,11,656.861111111111
3074,2023,China_Birdwatch,27,15,25,664.0873015873017
3074,2023,eBird_GBIF,13,7,11,NA
3074,2023,Combined,40,22,36,664.0873015873017
3074,2024,China_Birdwatch,89,53,65,507.44016649323584
3074,2024,Combined,89,53,65,507.44016649323584
3075,2008,eBird_GBIF,3,1,3,NA
3075,2008,Combined,3,1,3,NA
3075,2009,eBird_GBIF,3,2,3,NA
3075,2009,Combined,3,2,3,NA
3075,2010,eBird_GBIF,2,2,2,NA
3075,2010,Combined,2,2,2,NA
3075,2012,eBird_GBIF,4,2,4,NA
3075,2012,Combined,4,2,4,NA
3075,2013,China_Birdwatch,3,2,3,3944185.5
3075,2013,eBird_GBIF,14,3,14,NA
3075,2013,Combined,17,5,17,3944185.5
3075,2014,China_Birdwatch,1,1,1,0
3075,2014,eBird_GBIF,6,4,5,NA
3075,2014,Combined,7,5,6,0
3075,2015,eBird_GBIF,8,6,7,NA
3075,2015,Combined,8,6,7,NA
3075,2016,China_Birdwatch,5,3,5,211.0344827586207
3075,2016,eBird_GBIF,33,15,29,NA
3075,2016,Combined,38,18,34,211.0344827586207
3075,2017,China_Birdwatch,45,3,42,7483.7357630979495
3075,2017,eBird_GBIF,35,12,34,NA
3075,2017,Combined,80,15,65,7483.7357630979495
3075,2018,China_Birdwatch,27,6,25,6002.795341098164
3075,2018,eBird_GBIF,64,22,53,NA
3075,2018,Combined,91,28,72,6002.795341098164
3075,2019,China_Birdwatch,48,10,39,518.3138736263744
3075,2019,eBird_GBIF,57,26,46,NA
3075,2019,Combined,105,36,75,518.3138736263744
3075,2020,China_Birdwatch,41,13,37,10765.747169811331
3075,2020,eBird_GBIF,61,16,49,NA
3075,2020,Combined,102,29,81,10765.747169811331
3075,2021,China_Birdwatch,157,30,106,1516.5036038859532
3075,2021,eBird_GBIF,65,24,56,NA
3075,2021,Combined,222,54,148,1516.5036038859532
3075,2022,China_Birdwatch,389,47,228,17488.985788659065
3075,2022,eBird_GBIF,73,22,64,NA
3075,2022,Combined,462,69,247,17488.985788659065
3075,2023,China_Birdwatch,750,92,294,3451.6570237164824
3075,2023,eBird_GBIF,146,46,116,NA
3075,2023,Combined,896,138,312,3451.6570237164824
3075,2024,China_Birdwatch,2278,396,352,270.1889417360387
3075,2024,Combined,2278,396,352,270.1889417360387
3076,2015,eBird_GBIF,3,1,3,NA
3076,2015,Combined,3,1,3,NA
3076,2017,China_Birdwatch,1,1,1,596
3076,2017,Combined,1,1,1,596
3076,2018,eBird_GBIF,1,1,1,NA
3076,2018,Combined,1,1,1,NA
3076,2019,China_Birdwatch,2,2,2,330
3076,2019,eBird_GBIF,7,5,5,NA
3076,2019,Combined,9,7,7,330
3076,2020,eBird_GBIF,7,7,5,NA
3076,2020,Combined,7,7,5,NA
3076,2021,China_Birdwatch,4,4,4,4525.352112676056
3076,2021,eBird_GBIF,5,4,5,NA
3076,2021,Combined,9,8,7,4525.352112676056
3076,2022,China_Birdwatch,15,11,15,7362.322751322746
3076,2022,eBird_GBIF,2,2,2,NA
3076,2022,Combined,17,13,17,7362.322751322746
3076,2023,China_Birdwatch,138,43,115,151.77846674182638
3076,2023,eBird_GBIF,25,14,23,NA
3076,2023,Combined,163,57,131,151.77846674182638
3076,2024,China_Birdwatch,321,140,192,1115.3908617959703
3076,2024,Combined,321,140,192,1115.3908617959703
3078,2018,China_Birdwatch,1,1,1,300
3078,2018,Combined,1,1,1,300
3078,2019,China_Birdwatch,2,2,2,1651969.8181818181
3078,2019,Combined,2,2,2,1651969.8181818181
3078,2023,China_Birdwatch,2,1,2,60
3078,2023,Combined,2,1,2,60
3078,2024,China_Birdwatch,12,7,12,82.53164556962025
3078,2024,Combined,12,7,12,82.53164556962025
3079,2016,China_Birdwatch,2,2,2,11577.67441860465
3079,2016,Combined,2,2,2,11577.67441860465
3079,2017,China_Birdwatch,3,3,2,8728.125
3079,2017,Combined,3,3,2,8728.125
3079,2018,China_Birdwatch,5,3,5,420.42857142857144
3079,2018,Combined,5,3,5,420.42857142857144
3079,2019,China_Birdwatch,1,1,1,328
3079,2019,Combined,1,1,1,328
3079,2022,China_Birdwatch,1,1,1,60
3079,2022,Combined,1,1,1,60
3079,2023,China_Birdwatch,23,2,23,148.2872928176796
3079,2023,Combined,23,2,23,148.2872928176796
3079,2024,China_Birdwatch,91,28,85,12599.22997416021
3079,2024,Combined,91,28,85,12599.22997416021
3124,2002,eBird_GBIF,4,1,4,NA
3124,2002,Combined,4,1,4,NA
3124,2003,eBird_GBIF,3,2,2,NA
3124,2003,Combined,3,2,2,NA
3124,2004,eBird_GBIF,1,1,1,NA
3124,2004,Combined,1,1,1,NA
3124,2006,eBird_GBIF,1,1,1,NA
3124,2006,Combined,1,1,1,NA
3124,2007,eBird_GBIF,12,2,12,NA
3124,2007,Combined,12,2,12,NA
3124,2008,eBird_GBIF,17,8,12,NA
3124,2008,Combined,17,8,12,NA
3124,2009,eBird_GBIF,4,1,4,NA
3124,2009,Combined,4,1,4,NA
3124,2011,eBird_GBIF,3,1,3,NA
3124,2011,Combined,3,1,3,NA
3124,2012,eBird_GBIF,7,5,7,NA
3124,2012,Combined,7,5,7,NA
3124,2013,eBird_GBIF,15,8,12,NA
3124,2013,Combined,15,8,12,NA
3124,2014,eBird_GBIF,17,10,9,NA
3124,2014,Combined,17,10,9,NA
3124,2015,eBird_GBIF,48,14,18,NA
3124,2015,Combined,48,14,18,NA
3124,2016,eBird_GBIF,20,10,12,NA
3124,2016,Combined,20,10,12,NA
3124,2017,eBird_GBIF,18,11,10,NA
3124,2017,Combined,18,11,10,NA
3124,2018,eBird_GBIF,29,18,15,NA
3124,2018,Combined,29,18,15,NA
3124,2019,eBird_GBIF,30,17,11,NA
3124,2019,Combined,30,17,11,NA
3124,2020,eBird_GBIF,18,9,6,NA
3124,2020,Combined,18,9,6,NA
3124,2021,eBird_GBIF,12,4,12,NA
3124,2021,Combined,12,4,12,NA
3124,2023,eBird_GBIF,59,42,35,NA
3124,2023,Combined,59,42,35,NA
3125,2005,eBird_GBIF,1,1,1,NA
3125,2005,Combined,1,1,1,NA
3125,2006,eBird_GBIF,1,1,1,NA
3125,2006,Combined,1,1,1,NA
3125,2008,eBird_GBIF,13,7,9,NA
3125,2008,Combined,13,7,9,NA
3125,2009,eBird_GBIF,1,1,1,NA
3125,2009,Combined,1,1,1,NA
3125,2010,eBird_GBIF,2,1,2,NA
3125,2010,Combined,2,1,2,NA
3125,2011,eBird_GBIF,1,1,1,NA
3125,2011,Combined,1,1,1,NA
3125,2012,eBird_GBIF,3,2,3,NA
3125,2012,Combined,3,2,3,NA
3125,2013,eBird_GBIF,7,5,6,NA
3125,2013,Combined,7,5,6,NA
3125,2014,eBird_GBIF,11,8,8,NA
3125,2014,Combined,11,8,8,NA
3125,2015,eBird_GBIF,15,10,8,NA
3125,2015,Combined,15,10,8,NA
3125,2016,eBird_GBIF,16,10,7,NA
3125,2016,Combined,16,10,7,NA
3125,2017,eBird_GBIF,18,10,12,NA
3125,2017,Combined,18,10,12,NA
3125,2018,eBird_GBIF,24,16,14,NA
3125,2018,Combined,24,16,14,NA
3125,2019,eBird_GBIF,10,7,9,NA
3125,2019,Combined,10,7,9,NA
3125,2020,eBird_GBIF,6,5,4,NA
3125,2020,Combined,6,5,4,NA
3125,2021,eBird_GBIF,4,4,3,NA
3125,2021,Combined,4,4,3,NA
3125,2022,eBird_GBIF,2,2,1,NA
3125,2022,Combined,2,2,1,NA
3125,2023,eBird_GBIF,44,31,25,NA
3125,2023,Combined,44,31,25,NA
3126,2020,eBird_GBIF,2,2,2,NA
3126,2020,Combined,2,2,2,NA
3127,2020,eBird_GBIF,2,1,2,NA
3127,2020,Combined,2,1,2,NA
3127,2023,eBird_GBIF,1,1,1,NA
3127,2023,Combined,1,1,1,NA
3128,2006,eBird_GBIF,1,1,1,NA
3128,2006,Combined,1,1,1,NA
3128,2008,eBird_GBIF,5,2,5,NA
3128,2008,Combined,5,2,5,NA
3128,2012,eBird_GBIF,1,1,1,NA
3128,2012,Combined,1,1,1,NA
3128,2013,eBird_GBIF,1,1,1,NA
3128,2013,Combined,1,1,1,NA
3128,2018,eBird_GBIF,19,1,19,NA
3128,2018,Combined,19,1,19,NA
3128,2019,eBird_GBIF,20,3,9,NA
3128,2019,Combined,20,3,9,NA
3128,2022,eBird_GBIF,1,1,1,NA
3128,2022,Combined,1,1,1,NA
3129,2004,eBird_GBIF,2,1,2,NA
3129,2004,Combined,2,1,2,NA
3129,2012,eBird_GBIF,7,2,6,NA
3129,2012,Combined,7,2,6,NA
3129,2019,eBird_GBIF,4,3,4,NA
3129,2019,Combined,4,3,4,NA
3129,2023,eBird_GBIF,12,8,8,NA
3129,2023,Combined,12,8,8,NA
3130,2000,eBird_GBIF,2,1,2,NA
3130,2000,Combined,2,1,2,NA
3130,2017,eBird_GBIF,4,2,4,NA
3130,2017,Combined,4,2,4,NA
3130,2019,eBird_GBIF,1,1,1,NA
3130,2019,Combined,1,1,1,NA
3130,2020,eBird_GBIF,4,3,4,NA
3130,2020,Combined,4,3,4,NA
3130,2021,eBird_GBIF,2,2,2,NA
3130,2021,Combined,2,2,2,NA
3130,2023,eBird_GBIF,6,5,4,NA
3130,2023,Combined,6,5,4,NA
3131,2017,eBird_GBIF,3,3,3,NA
3131,2017,Combined,3,3,3,NA
3131,2019,eBird_GBIF,3,2,3,NA
3131,2019,Combined,3,2,3,NA
3131,2020,eBird_GBIF,3,3,3,NA
3131,2020,Combined,3,3,3,NA
3131,2021,eBird_GBIF,12,4,7,NA
3131,2021,Combined,12,4,7,NA
3131,2023,eBird_GBIF,4,3,4,NA
3131,2023,Combined,4,3,4,NA
3132,2016,eBird_GBIF,1,1,1,NA
3132,2016,Combined,1,1,1,NA
3133,2006,eBird_GBIF,1,1,1,NA
3133,2006,Combined,1,1,1,NA
3133,2020,eBird_GBIF,1,1,1,NA
3133,2020,Combined,1,1,1,NA
3133,2021,eBird_GBIF,2,2,2,NA
3133,2021,Combined,2,2,2,NA
3134,2013,eBird_GBIF,2,1,2,NA
3134,2013,Combined,2,1,2,NA
3134,2014,eBird_GBIF,58,1,58,NA
3134,2014,Combined,58,1,58,NA
3134,2015,eBird_GBIF,40,2,35,NA
3134,2015,Combined,40,2,35,NA
3134,2016,eBird_GBIF,28,1,28,NA
3134,2016,Combined,28,1,28,NA
3134,2017,eBird_GBIF,21,1,21,NA
3134,2017,Combined,21,1,21,NA
3134,2018,eBird_GBIF,20,2,20,NA
3134,2018,Combined,20,2,20,NA
3134,2019,eBird_GBIF,49,2,48,NA
3134,2019,Combined,49,2,48,NA
3134,2020,eBird_GBIF,45,3,38,NA
3134,2020,Combined,45,3,38,NA
3134,2021,China_Birdwatch,4,1,4,318.85714285714283
3134,2021,eBird_GBIF,316,4,207,NA
3134,2021,Combined,320,5,209,318.85714285714283
3134,2022,China_Birdwatch,5,2,5,477.6470588235294
3134,2022,eBird_GBIF,218,2,168,NA
3134,2022,Combined,223,4,170,477.6470588235294
3134,2023,China_Birdwatch,7,5,7,180.01948051948048
3134,2023,eBird_GBIF,293,3,142,NA
3134,2023,Combined,300,8,147,180.01948051948048
3134,2024,China_Birdwatch,32,13,29,560.9595141700403
3134,2024,Combined,32,13,29,560.9595141700403
3135,2015,eBird_GBIF,2,2,1,NA
3135,2015,Combined,2,2,1,NA
3135,2023,China_Birdwatch,2,2,2,57.5
3135,2023,Combined,2,2,2,57.5
3135,2024,China_Birdwatch,1,1,1,60
3135,2024,Combined,1,1,1,60
3136,2011,eBird_GBIF,1,1,1,NA
3136,2011,Combined,1,1,1,NA
3136,2012,eBird_GBIF,1,1,1,NA
3136,2012,Combined,1,1,1,NA
3136,2021,eBird_GBIF,1,1,1,NA
3136,2021,Combined,1,1,1,NA
3136,2022,China_Birdwatch,1,1,1,60
3136,2022,Combined,1,1,1,60
3136,2023,eBird_GBIF,1,1,1,NA
3136,2023,Combined,1,1,1,NA
3136,2024,China_Birdwatch,5,4,5,153.0952380952381
3136,2024,Combined,5,4,5,153.0952380952381
3137,2018,eBird_GBIF,1,1,1,NA
3137,2018,Combined,1,1,1,NA
3137,2019,eBird_GBIF,1,1,1,NA
3137,2019,Combined,1,1,1,NA
3137,2020,eBird_GBIF,2,2,2,NA
3137,2020,Combined,2,2,2,NA
3137,2021,China_Birdwatch,1,1,1,540
3137,2021,eBird_GBIF,1,1,1,NA
3137,2021,Combined,2,2,2,540
3137,2022,China_Birdwatch,5,4,5,1446.065573770492
3137,2022,eBird_GBIF,4,2,4,NA
3137,2022,Combined,9,6,8,1446.065573770492
3137,2023,China_Birdwatch,8,6,8,81.36363636363636
3137,2023,eBird_GBIF,10,4,6,NA
3137,2023,Combined,18,10,14,81.36363636363636
3137,2024,China_Birdwatch,130,39,94,224.1198589894243
3137,2024,Combined,130,39,94,224.1198589894243
3138,2017,eBird_GBIF,5,2,5,NA
3138,2017,Combined,5,2,5,NA
3138,2018,eBird_GBIF,2,1,2,NA
3138,2018,Combined,2,1,2,NA
3138,2019,eBird_GBIF,6,4,3,NA
3138,2019,Combined,6,4,3,NA
3138,2020,eBird_GBIF,6,2,6,NA
3138,2020,Combined,6,2,6,NA
3138,2021,China_Birdwatch,10,6,4,4743.762081784387
3138,2021,eBird_GBIF,16,3,16,NA
3138,2021,Combined,26,9,18,4743.762081784387
3138,2022,China_Birdwatch,15,7,6,666.8784194528877
3138,2022,eBird_GBIF,12,4,12,NA
3138,2022,Combined,27,11,17,666.8784194528877
3138,2023,China_Birdwatch,5,4,5,112.55555555555556
3138,2023,eBird_GBIF,4,1,4,NA
3138,2023,Combined,9,5,8,112.55555555555556
3138,2024,China_Birdwatch,21,11,19,213.17241379310357
3138,2024,Combined,21,11,19,213.17241379310357
3139,2012,eBird_GBIF,3,1,3,NA
3139,2012,Combined,3,1,3,NA
3139,2017,eBird_GBIF,7,2,7,NA
3139,2017,Combined,7,2,7,NA
3139,2018,eBird_GBIF,1,1,1,NA
3139,2018,Combined,1,1,1,NA
3139,2019,China_Birdwatch,1,1,1,1219
3139,2019,eBird_GBIF,5,4,3,NA
3139,2019,Combined,6,5,4,1219
3139,2020,eBird_GBIF,3,2,3,NA
3139,2020,Combined,3,2,3,NA
3139,2022,eBird_GBIF,1,1,1,NA
3139,2022,Combined,1,1,1,NA
3139,2023,China_Birdwatch,1,1,1,1620
3139,2023,Combined,1,1,1,1620
3139,2024,China_Birdwatch,52,5,51,187.72204472843455
3139,2024,Combined,52,5,51,187.72204472843455
3140,2016,eBird_GBIF,1,1,1,NA
3140,2016,Combined,1,1,1,NA
3140,2018,eBird_GBIF,15,2,13,NA
3140,2018,Combined,15,2,13,NA
3140,2020,eBird_GBIF,1,1,1,NA
3140,2020,Combined,1,1,1,NA
3140,2021,China_Birdwatch,1,1,1,60
3140,2021,eBird_GBIF,3,1,3,NA
3140,2021,Combined,4,2,4,60
3140,2023,China_Birdwatch,3,3,3,5327.318181818183
3140,2023,eBird_GBIF,4,3,4,NA
3140,2023,Combined,7,6,6,5327.318181818183
3140,2024,China_Birdwatch,1,1,1,60
3140,2024,Combined,1,1,1,60
3141,2001,eBird_GBIF,1,1,1,NA
3141,2001,Combined,1,1,1,NA
3141,2018,eBird_GBIF,1,1,1,NA
3141,2018,Combined,1,1,1,NA
3141,2019,eBird_GBIF,1,1,1,NA
3141,2019,Combined,1,1,1,NA
3141,2020,China_Birdwatch,1,1,1,180
3141,2020,Combined,1,1,1,180
3141,2021,China_Birdwatch,2,2,2,56
3141,2021,eBird_GBIF,6,4,6,NA
3141,2021,Combined,8,6,7,56
3141,2022,China_Birdwatch,1,1,1,150
3141,2022,Combined,1,1,1,150
3141,2023,China_Birdwatch,63,6,61,3814.046476761619
3141,2023,eBird_GBIF,6,4,6,NA
3141,2023,Combined,69,10,66,3814.046476761619
3141,2024,China_Birdwatch,9,6,5,88.3030303030303
3141,2024,Combined,9,6,5,88.3030303030303
3142,2007,eBird_GBIF,2,2,1,NA
3142,2007,Combined,2,2,1,NA
3142,2010,eBird_GBIF,3,2,3,NA
3142,2010,Combined,3,2,3,NA
3142,2011,eBird_GBIF,1,1,1,NA
3142,2011,Combined,1,1,1,NA
3142,2012,eBird_GBIF,4,1,4,NA
3142,2012,Combined,4,1,4,NA
3142,2014,eBird_GBIF,4,2,4,NA
3142,2014,Combined,4,2,4,NA
3142,2015,China_Birdwatch,2,2,2,1172.2222222222222
3142,2015,Combined,2,2,2,1172.2222222222222
3142,2016,China_Birdwatch,2,2,2,1135
3142,2016,eBird_GBIF,8,4,4,NA
3142,2016,Combined,10,6,6,1135
3142,2017,China_Birdwatch,1,1,1,1320
3142,2017,eBird_GBIF,4,3,4,NA
3142,2017,Combined,5,4,4,1320
3142,2018,China_Birdwatch,4,4,4,948.3398058252427
3142,2018,eBird_GBIF,23,19,15,NA
3142,2018,Combined,27,23,17,948.3398058252427
3142,2019,China_Birdwatch,8,7,8,361.04166666666663
3142,2019,eBird_GBIF,29,18,23,NA
3142,2019,Combined,37,25,31,361.04166666666663
3142,2020,China_Birdwatch,9,8,7,310.89285714285717
3142,2020,eBird_GBIF,31,16,22,NA
3142,2020,Combined,40,24,28,310.89285714285717
3142,2021,China_Birdwatch,52,26,43,10147.282783229231
3142,2021,eBird_GBIF,28,16,23,NA
3142,2021,Combined,80,42,61,10147.282783229231
3142,2022,China_Birdwatch,85,28,60,260.1275094953879
3142,2022,eBird_GBIF,11,6,10,NA
3142,2022,Combined,96,34,64,260.1275094953879
3142,2023,China_Birdwatch,137,71,98,1250.3141341417197
3142,2023,eBird_GBIF,30,19,22,NA
3142,2023,Combined,167,90,107,1250.3141341417197
3142,2024,China_Birdwatch,8,8,5,217.13868613138686
3142,2024,Combined,8,8,5,217.13868613138686
3143,2013,eBird_GBIF,1,1,1,NA
3143,2013,Combined,1,1,1,NA
3143,2015,eBird_GBIF,3,3,3,NA
3143,2015,Combined,3,3,3,NA
3143,2016,eBird_GBIF,1,1,1,NA
3143,2016,Combined,1,1,1,NA
3143,2017,China_Birdwatch,2,2,2,1338.9473684210527
3143,2017,eBird_GBIF,2,1,2,NA
3143,2017,Combined,4,3,4,1338.9473684210527
3143,2018,eBird_GBIF,1,1,1,NA
3143,2018,Combined,1,1,1,NA
3143,2019,eBird_GBIF,2,2,2,NA
3143,2019,Combined,2,2,2,NA
3143,2020,eBird_GBIF,3,2,3,NA
3143,2020,Combined,3,2,3,NA
3143,2021,China_Birdwatch,4,2,4,218.88888888888889
3143,2021,eBird_GBIF,1,1,1,NA
3143,2021,Combined,5,3,5,218.88888888888889
3143,2022,China_Birdwatch,7,5,6,89003.74233128838
3143,2022,Combined,7,5,6,89003.74233128838
3143,2023,China_Birdwatch,10,7,10,18004.828125
3143,2023,eBird_GBIF,1,1,1,NA
3143,2023,Combined,11,8,11,18004.828125
3144,2015,eBird_GBIF,1,1,1,NA
3144,2015,Combined,1,1,1,NA
3144,2018,China_Birdwatch,1,1,1,3157440
3144,2018,Combined,1,1,1,3157440
3144,2020,eBird_GBIF,2,1,2,NA
3144,2020,Combined,2,1,2,NA
3144,2022,China_Birdwatch,1,1,1,360
3144,2022,Combined,1,1,1,360
3144,2023,China_Birdwatch,15,9,13,391.273542600897
3144,2023,eBird_GBIF,2,2,2,NA
3144,2023,Combined,17,11,14,391.273542600897
3144,2024,China_Birdwatch,1,1,1,240
3144,2024,Combined,1,1,1,240
3145,2013,eBird_GBIF,1,1,1,NA
3145,2013,Combined,1,1,1,NA
3145,2014,eBird_GBIF,1,1,1,NA
3145,2014,Combined,1,1,1,NA
3145,2015,eBird_GBIF,3,1,3,NA
3145,2015,Combined,3,1,3,NA
3145,2017,eBird_GBIF,1,1,1,NA
3145,2017,Combined,1,1,1,NA
3145,2018,eBird_GBIF,7,5,7,NA
3145,2018,Combined,7,5,7,NA
3145,2019,eBird_GBIF,8,5,6,NA
3145,2019,Combined,8,5,6,NA
3145,2020,China_Birdwatch,1,1,1,420
3145,2020,Combined,1,1,1,420
3145,2021,China_Birdwatch,8,6,8,127.8019801980198
3145,2021,eBird_GBIF,3,3,3,NA
3145,2021,Combined,11,9,11,127.8019801980198
3145,2022,China_Birdwatch,14,5,14,817.2112676056333
3145,2022,eBird_GBIF,13,3,13,NA
3145,2022,Combined,27,8,24,817.2112676056333
3145,2023,China_Birdwatch,57,21,49,15898.810855263158
3145,2023,eBird_GBIF,6,3,6,NA
3145,2023,Combined,63,24,54,15898.810855263158
3145,2024,China_Birdwatch,1,1,1,60
3145,2024,Combined,1,1,1,60
3146,2013,eBird_GBIF,5,1,5,NA
3146,2013,Combined,5,1,5,NA
3146,2015,eBird_GBIF,3,2,3,NA
3146,2015,Combined,3,2,3,NA
3146,2016,eBird_GBIF,5,3,2,NA
3146,2016,Combined,5,3,2,NA
3146,2017,China_Birdwatch,1,1,1,660
3146,2017,eBird_GBIF,1,1,1,NA
3146,2017,Combined,2,2,2,660
3146,2018,eBird_GBIF,3,3,2,NA
3146,2018,Combined,3,3,2,NA
3146,2019,China_Birdwatch,2,1,2,492.5
3146,2019,eBird_GBIF,1,1,1,NA
3146,2019,Combined,3,2,3,492.5
3146,2020,eBird_GBIF,4,4,4,NA
3146,2020,Combined,4,4,4,NA
3146,2021,China_Birdwatch,4,4,4,2023.189655172414
3146,2021,eBird_GBIF,1,1,1,NA
3146,2021,Combined,5,5,4,2023.189655172414
3146,2022,China_Birdwatch,14,5,13,75.99509803921569
3146,2022,eBird_GBIF,3,2,3,NA
3146,2022,Combined,17,7,16,75.99509803921569
3146,2023,China_Birdwatch,17,12,14,1224.227138643068
3146,2023,eBird_GBIF,8,6,7,NA
3146,2023,Combined,25,18,21,1224.227138643068
3146,2024,China_Birdwatch,109,85,61,370.8330333033304
3146,2024,Combined,109,85,61,370.8330333033304
3147,2003,eBird_GBIF,2,1,2,NA
3147,2003,Combined,2,1,2,NA
3147,2004,eBird_GBIF,1,1,1,NA
3147,2004,Combined,1,1,1,NA
3147,2005,eBird_GBIF,1,1,1,NA
3147,2005,Combined,1,1,1,NA
3147,2006,eBird_GBIF,1,1,1,NA
3147,2006,Combined,1,1,1,NA
3147,2007,China_Birdwatch,1,1,1,120
3147,2007,Combined,1,1,1,120
3147,2009,eBird_GBIF,1,1,1,NA
3147,2009,Combined,1,1,1,NA
3147,2013,eBird_GBIF,1,1,1,NA
3147,2013,Combined,1,1,1,NA
3147,2017,eBird_GBIF,1,1,1,NA
3147,2017,Combined,1,1,1,NA
3147,2018,eBird_GBIF,1,1,1,NA
3147,2018,Combined,1,1,1,NA
3147,2019,eBird_GBIF,1,1,1,NA
3147,2019,Combined,1,1,1,NA
3147,2020,China_Birdwatch,1,1,1,60
3147,2020,Combined,1,1,1,60
3147,2021,China_Birdwatch,7,6,7,50920.96363636365
3147,2021,Combined,7,6,7,50920.96363636365
3147,2022,China_Birdwatch,3,3,3,178.9
3147,2022,Combined,3,3,3,178.9
3147,2023,China_Birdwatch,4,2,4,369.79591836734693
3147,2023,Combined,4,2,4,369.79591836734693
3147,2024,China_Birdwatch,36,26,28,201.86681222707426
3147,2024,Combined,36,26,28,201.86681222707426
3149,2024,China_Birdwatch,1,1,1,15.333333333333334
3149,2024,Combined,1,1,1,15.333333333333334
3150,2017,China_Birdwatch,6,4,5,4885.857740585775
3150,2017,Combined,6,4,5,4885.857740585775
3150,2018,China_Birdwatch,6,3,6,6854.494117647058
3150,2018,Combined,6,3,6,6854.494117647058
3150,2019,China_Birdwatch,10,2,10,231302.44578313245
3150,2019,Combined,10,2,10,231302.44578313245
3150,2023,China_Birdwatch,10,3,10,241.34831460674158
3150,2023,Combined,10,3,10,241.34831460674158
3150,2024,China_Birdwatch,102,23,83,16873.56515867656
3150,2024,Combined,102,23,83,16873.56515867656
3151,2013,China_Birdwatch,1,1,1,240
3151,2013,Combined,1,1,1,240
3151,2014,China_Birdwatch,1,1,1,55
3151,2014,Combined,1,1,1,55
3151,2015,China_Birdwatch,3,1,3,240
3151,2015,Combined,3,1,3,240
3151,2016,China_Birdwatch,1,1,1,0
3151,2016,Combined,1,1,1,0
3151,2017,China_Birdwatch,4,3,4,1043
3151,2017,Combined,4,3,4,1043
3151,2019,China_Birdwatch,1,1,1,158
3151,2019,Combined,1,1,1,158
3151,2023,China_Birdwatch,2,1,2,60
3151,2023,Combined,2,1,2,60
3151,2024,China_Birdwatch,12,9,12,14856.969696969696
3151,2024,Combined,12,9,12,14856.969696969696
3198,2023,eBird_GBIF,3,1,3,NA
3198,2023,Combined,3,1,3,NA
3199,2019,eBird_GBIF,4,2,2,NA
3199,2019,Combined,4,2,2,NA
3200,2013,eBird_GBIF,6,2,3,NA
3200,2013,Combined,6,2,3,NA
3200,2016,eBird_GBIF,3,1,3,NA
3200,2016,Combined,3,1,3,NA
3200,2017,eBird_GBIF,1,1,1,NA
3200,2017,Combined,1,1,1,NA
3200,2019,eBird_GBIF,1,1,1,NA
3200,2019,Combined,1,1,1,NA
3200,2020,eBird_GBIF,1,1,1,NA
3200,2020,Combined,1,1,1,NA
3200,2022,eBird_GBIF,8,4,6,NA
3200,2022,Combined,8,4,6,NA
3200,2023,eBird_GBIF,25,8,23,NA
3200,2023,Combined,25,8,23,NA
3201,2023,eBird_GBIF,1,1,1,NA
3201,2023,Combined,1,1,1,NA
3202,2006,eBird_GBIF,2,1,2,NA
3202,2006,Combined,2,1,2,NA
3202,2008,eBird_GBIF,1,1,1,NA
3202,2008,Combined,1,1,1,NA
3202,2014,eBird_GBIF,1,1,1,NA
3202,2014,Combined,1,1,1,NA
3202,2019,eBird_GBIF,1,1,1,NA
3202,2019,Combined,1,1,1,NA
3202,2021,eBird_GBIF,2,1,2,NA
3202,2021,Combined,2,1,2,NA
3202,2023,eBird_GBIF,2,1,2,NA
3202,2023,Combined,2,1,2,NA
3203,2013,eBird_GBIF,2,1,2,NA
3203,2013,Combined,2,1,2,NA
3203,2014,eBird_GBIF,1,1,1,NA
3203,2014,Combined,1,1,1,NA
3203,2015,eBird_GBIF,1,1,1,NA
3203,2015,Combined,1,1,1,NA
3203,2016,eBird_GBIF,3,2,3,NA
3203,2016,Combined,3,2,3,NA
3203,2017,eBird_GBIF,3,2,3,NA
3203,2017,Combined,3,2,3,NA
3203,2018,eBird_GBIF,10,4,4,NA
3203,2018,Combined,10,4,4,NA
3203,2019,eBird_GBIF,6,3,6,NA
3203,2019,Combined,6,3,6,NA
3203,2020,eBird_GBIF,22,10,16,NA
3203,2020,Combined,22,10,16,NA
3203,2021,eBird_GBIF,5,2,5,NA
3203,2021,Combined,5,2,5,NA
3203,2022,eBird_GBIF,2,2,1,NA
3203,2022,Combined,2,2,1,NA
3203,2023,eBird_GBIF,7,4,3,NA
3203,2023,Combined,7,4,3,NA
3204,2006,eBird_GBIF,3,1,3,NA
3204,2006,Combined,3,1,3,NA
3204,2013,eBird_GBIF,1,1,1,NA
3204,2013,Combined,1,1,1,NA
3204,2018,eBird_GBIF,6,2,6,NA
3204,2018,Combined,6,2,6,NA
3204,2020,eBird_GBIF,3,1,3,NA
3204,2020,Combined,3,1,3,NA
3204,2021,eBird_GBIF,2,1,2,NA
3204,2021,Combined,2,1,2,NA
3204,2022,eBird_GBIF,1,1,1,NA
3204,2022,Combined,1,1,1,NA
3204,2023,eBird_GBIF,4,1,4,NA
3204,2023,Combined,4,1,4,NA
3205,2006,eBird_GBIF,1,1,1,NA
3205,2006,Combined,1,1,1,NA
3205,2014,eBird_GBIF,1,1,1,NA
3205,2014,Combined,1,1,1,NA
3205,2019,eBird_GBIF,2,2,1,NA
3205,2019,Combined,2,2,1,NA
3205,2020,China_Birdwatch,1,1,1,546
3205,2020,eBird_GBIF,1,1,1,NA
3205,2020,Combined,2,2,2,546
3205,2021,China_Birdwatch,5,4,5,1904.046511627907
3205,2021,eBird_GBIF,30,12,17,NA
3205,2021,Combined,35,16,19,1904.046511627907
3205,2022,China_Birdwatch,9,6,9,1930.3216783216785
3205,2022,eBird_GBIF,9,4,7,NA
3205,2022,Combined,18,10,16,1930.3216783216785
3205,2023,China_Birdwatch,39,27,25,392.94810126582263
3205,2023,eBird_GBIF,50,23,25,NA
3205,2023,Combined,89,50,44,392.94810126582263
3205,2024,China_Birdwatch,254,128,135,624.7567014528356
3205,2024,Combined,254,128,135,624.7567014528356
3206,2006,eBird_GBIF,1,1,1,NA
3206,2006,Combined,1,1,1,NA
3206,2014,eBird_GBIF,4,2,4,NA
3206,2014,Combined,4,2,4,NA
3206,2015,eBird_GBIF,3,2,2,NA
3206,2015,Combined,3,2,2,NA
3206,2016,eBird_GBIF,2,1,2,NA
3206,2016,Combined,2,1,2,NA
3206,2017,eBird_GBIF,1,1,1,NA
3206,2017,Combined,1,1,1,NA
3206,2019,China_Birdwatch,1,1,1,69
3206,2019,eBird_GBIF,3,1,3,NA
3206,2019,Combined,4,2,4,69
3206,2020,eBird_GBIF,4,3,4,NA
3206,2020,Combined,4,3,4,NA
3206,2021,eBird_GBIF,15,7,13,NA
3206,2021,Combined,15,7,13,NA
3206,2022,China_Birdwatch,2,2,2,373.0434782608696
3206,2022,eBird_GBIF,5,3,5,NA
3206,2022,Combined,7,5,7,373.0434782608696
3206,2023,China_Birdwatch,12,11,11,134.4678899082569
3206,2023,eBird_GBIF,12,5,12,NA
3206,2023,Combined,24,16,21,134.4678899082569
3206,2024,China_Birdwatch,47,38,39,336.02321428571435
3206,2024,Combined,47,38,39,336.02321428571435
3207,2009,eBird_GBIF,2,1,2,NA
3207,2009,Combined,2,1,2,NA
3207,2010,eBird_GBIF,1,1,1,NA
3207,2010,Combined,1,1,1,NA
3207,2012,China_Birdwatch,1,1,1,3960
3207,2012,Combined,1,1,1,3960
3207,2013,eBird_GBIF,4,2,4,NA
3207,2013,Combined,4,2,4,NA
3207,2014,eBird_GBIF,1,1,1,NA
3207,2014,Combined,1,1,1,NA
3207,2015,eBird_GBIF,4,2,4,NA
3207,2015,Combined,4,2,4,NA
3207,2016,eBird_GBIF,1,1,1,NA
3207,2016,Combined,1,1,1,NA
3207,2017,eBird_GBIF,1,1,1,NA
3207,2017,Combined,1,1,1,NA
3207,2019,eBird_GBIF,1,1,1,NA
3207,2019,Combined,1,1,1,NA
3207,2020,China_Birdwatch,3,2,2,200.57142857142858
3207,2020,eBird_GBIF,8,2,6,NA
3207,2020,Combined,11,4,8,200.57142857142858
3207,2021,China_Birdwatch,1,1,1,60
3207,2021,eBird_GBIF,5,4,5,NA
3207,2021,Combined,6,5,6,60
3207,2022,eBird_GBIF,4,4,3,NA
3207,2022,Combined,4,4,3,NA
3207,2023,China_Birdwatch,8,7,8,148.04444444444445
3207,2023,Combined,8,7,8,148.04444444444445
3207,2024,China_Birdwatch,13,10,11,118.21897810218978
3207,2024,Combined,13,10,11,118.21897810218978
3208,2003,eBird_GBIF,1,1,1,NA
3208,2003,Combined,1,1,1,NA
3208,2004,eBird_GBIF,2,2,2,NA
3208,2004,Combined,2,2,2,NA
3208,2005,eBird_GBIF,1,1,1,NA
3208,2005,Combined,1,1,1,NA
3208,2006,eBird_GBIF,1,1,1,NA
3208,2006,Combined,1,1,1,NA
3208,2007,eBird_GBIF,2,1,2,NA
3208,2007,Combined,2,1,2,NA
3208,2009,eBird_GBIF,2,1,2,NA
3208,2009,Combined,2,1,2,NA
3208,2012,eBird_GBIF,2,2,2,NA
3208,2012,Combined,2,2,2,NA
3208,2013,eBird_GBIF,15,5,15,NA
3208,2013,Combined,15,5,15,NA
3208,2014,eBird_GBIF,11,4,11,NA
3208,2014,Combined,11,4,11,NA
3208,2015,China_Birdwatch,7,3,7,0
3208,2015,eBird_GBIF,7,2,7,NA
3208,2015,Combined,14,5,14,0
3208,2016,China_Birdwatch,1,1,1,435
3208,2016,eBird_GBIF,6,4,6,NA
3208,2016,Combined,7,5,7,435
3208,2017,China_Birdwatch,3,2,3,202.88888888888889
3208,2017,eBird_GBIF,5,5,4,NA
3208,2017,Combined,8,7,6,202.88888888888889
3208,2018,China_Birdwatch,2,1,2,256.6666666666667
3208,2018,eBird_GBIF,12,9,7,NA
3208,2018,Combined,14,10,9,256.6666666666667
3208,2019,China_Birdwatch,2,2,2,111.33333333333333
3208,2019,eBird_GBIF,14,7,14,NA
3208,2019,Combined,16,9,16,111.33333333333333
3208,2020,China_Birdwatch,2,2,2,242.3684210526316
3208,2020,eBird_GBIF,15,7,14,NA
3208,2020,Combined,17,9,16,242.3684210526316
3208,2021,China_Birdwatch,30,13,28,340.99685534591185
3208,2021,eBird_GBIF,23,15,22,NA
3208,2021,Combined,53,28,49,340.99685534591185
3208,2022,China_Birdwatch,95,16,81,193.0250587314015
3208,2022,eBird_GBIF,22,9,20,NA
3208,2022,Combined,117,25,93,193.0250587314015
3208,2023,China_Birdwatch,149,57,117,600.9710382513646
3208,2023,eBird_GBIF,37,12,34,NA
3208,2023,Combined,186,69,133,600.9710382513646
3208,2024,China_Birdwatch,882,208,279,206.61887997380015
3208,2024,Combined,882,208,279,206.61887997380015
3209,2015,eBird_GBIF,1,1,1,NA
3209,2015,Combined,1,1,1,NA
3209,2017,China_Birdwatch,1,1,1,60
3209,2017,Combined,1,1,1,60
3209,2019,eBird_GBIF,1,1,1,NA
3209,2019,Combined,1,1,1,NA
3209,2022,China_Birdwatch,1,1,1,330
3209,2022,eBird_GBIF,1,1,1,NA
3209,2022,Combined,2,2,2,330
3209,2023,China_Birdwatch,5,5,5,162.66666666666666
3209,2023,eBird_GBIF,2,1,2,NA
3209,2023,Combined,7,6,7,162.66666666666666
3209,2024,China_Birdwatch,32,11,28,1584.149068322982
3209,2024,Combined,32,11,28,1584.149068322982
3210,2011,eBird_GBIF,3,1,3,NA
3210,2011,Combined,3,1,3,NA
3210,2012,eBird_GBIF,1,1,1,NA
3210,2012,Combined,1,1,1,NA
3210,2018,eBird_GBIF,2,1,2,NA
3210,2018,Combined,2,1,2,NA
3210,2019,eBird_GBIF,1,1,1,NA
3210,2019,Combined,1,1,1,NA
3210,2020,China_Birdwatch,12,1,12,623.5602094240837
3210,2020,eBird_GBIF,1,1,1,NA
3210,2020,Combined,13,2,13,623.5602094240837
3210,2021,China_Birdwatch,1,1,1,1620
3210,2021,eBird_GBIF,2,1,2,NA
3210,2021,Combined,3,2,3,1620
3210,2022,China_Birdwatch,5,3,5,65
3210,2022,eBird_GBIF,2,2,2,NA
3210,2022,Combined,7,5,7,65
3210,2023,China_Birdwatch,14,2,14,150.19736842105266
3210,2023,eBird_GBIF,2,2,2,NA
3210,2023,Combined,16,4,15,150.19736842105266
3210,2024,China_Birdwatch,60,16,51,675.9031296572277
3210,2024,Combined,60,16,51,675.9031296572277
3211,2020,China_Birdwatch,1,1,1,120
3211,2020,eBird_GBIF,1,1,1,NA
3211,2020,Combined,2,2,2,120
3211,2021,eBird_GBIF,1,1,1,NA
3211,2021,Combined,1,1,1,NA
3211,2022,eBird_GBIF,5,1,5,NA
3211,2022,Combined,5,1,5,NA
3211,2023,China_Birdwatch,11,4,11,185.5859375
3211,2023,eBird_GBIF,2,1,2,NA
3211,2023,Combined,13,5,13,185.5859375
3211,2024,China_Birdwatch,94,17,87,142.16715542521993
3211,2024,Combined,94,17,87,142.16715542521993
3212,2007,eBird_GBIF,1,1,1,NA
3212,2007,Combined,1,1,1,NA
3212,2010,eBird_GBIF,1,1,1,NA
3212,2010,Combined,1,1,1,NA
3212,2013,eBird_GBIF,2,1,2,NA
3212,2013,Combined,2,1,2,NA
3212,2014,eBird_GBIF,6,3,5,NA
3212,2014,Combined,6,3,5,NA
3212,2015,eBird_GBIF,1,1,1,NA
3212,2015,Combined,1,1,1,NA
3212,2016,eBird_GBIF,3,1,3,NA
3212,2016,Combined,3,1,3,NA
3212,2017,eBird_GBIF,1,1,1,NA
3212,2017,Combined,1,1,1,NA
3212,2018,eBird_GBIF,1,1,1,NA
3212,2018,Combined,1,1,1,NA
3212,2020,eBird_GBIF,1,1,1,NA
3212,2020,Combined,1,1,1,NA
3212,2022,China_Birdwatch,11,1,11,407.52631578947364
3212,2022,eBird_GBIF,1,1,1,NA
3212,2022,Combined,12,2,12,407.52631578947364
3212,2023,China_Birdwatch,15,5,15,1051.6091954022988
3212,2023,Combined,15,5,15,1051.6091954022988
3213,2000,eBird_GBIF,1,1,1,NA
3213,2000,Combined,1,1,1,NA
3213,2002,eBird_GBIF,2,1,2,NA
3213,2002,Combined,2,1,2,NA
3213,2007,eBird_GBIF,4,2,2,NA
3213,2007,Combined,4,2,2,NA
3213,2011,eBird_GBIF,1,1,1,NA
3213,2011,Combined,1,1,1,NA
3213,2014,eBird_GBIF,6,5,5,NA
3213,2014,Combined,6,5,5,NA
3213,2015,eBird_GBIF,4,4,3,NA
3213,2015,Combined,4,4,3,NA
3213,2016,eBird_GBIF,14,7,10,NA
3213,2016,Combined,14,7,10,NA
3213,2017,China_Birdwatch,1,1,1,360
3213,2017,eBird_GBIF,44,10,30,NA
3213,2017,Combined,45,11,31,360
3213,2018,China_Birdwatch,1,1,1,180
3213,2018,eBird_GBIF,28,13,19,NA
3213,2018,Combined,29,14,20,180
3213,2019,China_Birdwatch,3,3,3,895.5
3213,2019,eBird_GBIF,121,28,72,NA
3213,2019,Combined,124,31,74,895.5
3213,2020,China_Birdwatch,7,5,7,24570.417582417584
3213,2020,eBird_GBIF,49,20,45,NA
3213,2020,Combined,56,25,50,24570.417582417584
3213,2021,China_Birdwatch,9,7,9,1972.0576923076924
3213,2021,eBird_GBIF,48,16,42,NA
3213,2021,Combined,57,23,50,1972.0576923076924
3213,2022,China_Birdwatch,65,18,53,34211.88626292465
3213,2022,eBird_GBIF,34,9,29,NA
3213,2022,Combined,99,27,80,34211.88626292465
3213,2023,China_Birdwatch,345,89,214,2113.58455617034
3213,2023,eBird_GBIF,49,20,36,NA
3213,2023,Combined,394,109,221,2113.58455617034
3213,2024,China_Birdwatch,24,13,7,372.77699530516406
3213,2024,Combined,24,13,7,372.77699530516406
3214,2000,eBird_GBIF,1,1,1,NA
3214,2000,Combined,1,1,1,NA
3214,2001,eBird_GBIF,1,1,1,NA
3214,2001,Combined,1,1,1,NA
3214,2002,eBird_GBIF,4,3,4,NA
3214,2002,Combined,4,3,4,NA
3214,2003,eBird_GBIF,1,1,1,NA
3214,2003,Combined,1,1,1,NA
3214,2004,eBird_GBIF,1,1,1,NA
3214,2004,Combined,1,1,1,NA
3214,2005,eBird_GBIF,1,1,1,NA
3214,2005,Combined,1,1,1,NA
3214,2006,eBird_GBIF,8,3,8,NA
3214,2006,Combined,8,3,8,NA
3214,2007,eBird_GBIF,5,4,5,NA
3214,2007,Combined,5,4,5,NA
3214,2008,China_Birdwatch,1,1,1,420
3214,2008,eBird_GBIF,6,6,5,NA
3214,2008,Combined,7,7,6,420
3214,2009,eBird_GBIF,6,4,6,NA
3214,2009,Combined,6,4,6,NA
3214,2010,China_Birdwatch,2,1,2,98.88888888888889
3214,2010,eBird_GBIF,15,11,15,NA
3214,2010,Combined,17,12,17,98.88888888888889
3214,2011,China_Birdwatch,1,1,1,210
3214,2011,eBird_GBIF,4,2,4,NA
3214,2011,Combined,5,3,5,210
3214,2012,China_Birdwatch,1,1,1,420
3214,2012,eBird_GBIF,14,9,14,NA
3214,2012,Combined,15,10,15,420
3214,2013,eBird_GBIF,65,16,60,NA
3214,2013,Combined,65,16,60,NA
3214,2014,China_Birdwatch,1,1,1,240
3214,2014,eBird_GBIF,87,24,78,NA
3214,2014,Combined,88,25,78,240
3214,2015,China_Birdwatch,19,2,19,237.99163179916317
3214,2015,eBird_GBIF,54,23,46,NA
3214,2015,Combined,73,25,63,237.99163179916317
3214,2016,China_Birdwatch,26,7,26,99539.66858789614
3214,2016,eBird_GBIF,125,31,93,NA
3214,2016,Combined,151,38,113,99539.66858789614
3214,2017,China_Birdwatch,37,7,33,384.13819875776386
3214,2017,eBird_GBIF,134,43,107,NA
3214,2017,Combined,171,50,125,384.13819875776386
3214,2018,China_Birdwatch,41,10,37,786.4912790697665
3214,2018,eBird_GBIF,369,69,213,NA
3214,2018,Combined,410,79,220,786.4912790697665
3214,2019,China_Birdwatch,58,19,52,60771.667155425275
3214,2019,eBird_GBIF,514,99,243,NA
3214,2019,Combined,572,118,259,60771.667155425275
3214,2020,China_Birdwatch,88,29,66,9183.17165071772
3214,2020,eBird_GBIF,426,66,215,NA
3214,2020,Combined,514,95,224,9183.17165071772
3214,2021,China_Birdwatch,487,73,193,551.4494342703838
3214,2021,eBird_GBIF,402,54,229,NA
3214,2021,Combined,889,127,272,551.4494342703838
3214,2022,China_Birdwatch,1106,120,286,5689.6849128540925
3214,2022,eBird_GBIF,340,48,193,NA
3214,2022,Combined,1446,168,310,5689.6849128540925
3214,2023,China_Birdwatch,2402,377,352,4003.4615530508645
3214,2023,eBird_GBIF,582,136,252,NA
3214,2023,Combined,2984,513,357,4003.4615530508645
3214,2024,China_Birdwatch,337,240,7,6215.271373969128
3214,2024,Combined,337,240,7,6215.271373969128
3215,2011,eBird_GBIF,1,1,1,NA
3215,2011,Combined,1,1,1,NA
3215,2013,China_Birdwatch,1,1,1,180
3215,2013,Combined,1,1,1,180
3215,2014,China_Birdwatch,1,1,1,120
3215,2014,eBird_GBIF,2,2,2,NA
3215,2014,Combined,3,3,3,120
3215,2015,eBird_GBIF,3,2,3,NA
3215,2015,Combined,3,2,3,NA
3215,2016,China_Birdwatch,2,1,2,130
3215,2016,Combined,2,1,2,130
3215,2017,China_Birdwatch,12,2,12,1171.2857142857138
3215,2017,eBird_GBIF,2,2,1,NA
3215,2017,Combined,14,4,13,1171.2857142857138
3215,2018,China_Birdwatch,14,3,14,568.0208333333333
3215,2018,eBird_GBIF,5,4,5,NA
3215,2018,Combined,19,7,19,568.0208333333333
3215,2019,China_Birdwatch,11,5,9,302.0628272251309
3215,2019,eBird_GBIF,11,10,11,NA
3215,2019,Combined,22,15,19,302.0628272251309
3215,2020,China_Birdwatch,22,7,17,528.4025974025975
3215,2020,eBird_GBIF,10,7,9,NA
3215,2020,Combined,32,14,24,528.4025974025975
3215,2021,China_Birdwatch,13,6,13,944.4179104477613
3215,2021,eBird_GBIF,8,5,8,NA
3215,2021,Combined,21,11,20,944.4179104477613
3215,2022,China_Birdwatch,35,10,30,192.63617021276593
3215,2022,eBird_GBIF,15,6,15,NA
3215,2022,Combined,50,16,37,192.63617021276593
3215,2023,China_Birdwatch,151,55,105,15837.455908818274
3215,2023,eBird_GBIF,45,11,40,NA
3215,2023,Combined,196,66,115,15837.455908818274
3215,2024,China_Birdwatch,10,8,6,93.14159292035397
3215,2024,Combined,10,8,6,93.14159292035397
3216,2012,eBird_GBIF,1,1,1,NA
3216,2012,Combined,1,1,1,NA
3216,2016,China_Birdwatch,2,1,2,306.2068965517241
3216,2016,eBird_GBIF,1,1,1,NA
3216,2016,Combined,3,2,3,306.2068965517241
3216,2017,eBird_GBIF,3,1,3,NA
3216,2017,Combined,3,1,3,NA
3216,2018,China_Birdwatch,1,1,1,1860
3216,2018,eBird_GBIF,5,1,5,NA
3216,2018,Combined,6,2,6,1860
3216,2019,China_Birdwatch,2,1,2,146.28846153846155
3216,2019,eBird_GBIF,10,4,9,NA
3216,2019,Combined,12,5,11,146.28846153846155
3216,2020,China_Birdwatch,1,1,1,1980
3216,2020,eBird_GBIF,16,4,16,NA
3216,2020,Combined,17,5,17,1980
3216,2021,China_Birdwatch,2,2,2,285
3216,2021,eBird_GBIF,9,7,9,NA
3216,2021,Combined,11,9,11,285
3216,2022,China_Birdwatch,6,5,6,156.6371681415929
3216,2022,Combined,6,5,6,156.6371681415929
3216,2023,China_Birdwatch,32,22,20,194.01770736253494
3216,2023,eBird_GBIF,10,6,10,NA
3216,2023,Combined,42,28,28,194.01770736253494
3216,2024,China_Birdwatch,1,1,1,300
3216,2024,Combined,1,1,1,300
3217,2001,eBird_GBIF,1,1,1,NA
3217,2001,Combined,1,1,1,NA
3217,2012,eBird_GBIF,1,1,1,NA
3217,2012,Combined,1,1,1,NA
3217,2013,eBird_GBIF,2,1,2,NA
3217,2013,Combined,2,1,2,NA
3217,2014,eBird_GBIF,8,4,4,NA
3217,2014,Combined,8,4,4,NA
3217,2015,eBird_GBIF,6,3,6,NA
3217,2015,Combined,6,3,6,NA
3217,2018,eBird_GBIF,2,2,2,NA
3217,2018,Combined,2,2,2,NA
3217,2019,eBird_GBIF,8,3,8,NA
3217,2019,Combined,8,3,8,NA
3217,2020,China_Birdwatch,2,2,2,13232.8125
3217,2020,eBird_GBIF,6,3,6,NA
3217,2020,Combined,8,5,8,13232.8125
3217,2021,China_Birdwatch,12,7,9,1060.1966292134832
3217,2021,eBird_GBIF,16,10,14,NA
3217,2021,Combined,28,17,19,1060.1966292134832
3217,2022,China_Birdwatch,10,6,9,153.13953488372093
3217,2022,eBird_GBIF,9,5,9,NA
3217,2022,Combined,19,11,17,153.13953488372093
3217,2023,China_Birdwatch,33,17,26,103.5086206896552
3217,2023,eBird_GBIF,16,5,15,NA
3217,2023,Combined,49,22,34,103.5086206896552
3217,2024,China_Birdwatch,1,1,1,60
3217,2024,Combined,1,1,1,60
3218,2000,eBird_GBIF,9,1,9,NA
3218,2000,Combined,9,1,9,NA
3218,2001,eBird_GBIF,8,2,5,NA
3218,2001,Combined,8,2,5,NA
3218,2013,eBird_GBIF,2,1,2,NA
3218,2013,Combined,2,1,2,NA
3218,2014,eBird_GBIF,3,3,1,NA
3218,2014,Combined,3,3,1,NA
3218,2015,eBird_GBIF,5,1,5,NA
3218,2015,Combined,5,1,5,NA
3218,2016,eBird_GBIF,3,3,2,NA
3218,2016,Combined,3,3,2,NA
3218,2018,China_Birdwatch,1,1,1,240
3218,2018,eBird_GBIF,3,2,3,NA
3218,2018,Combined,4,3,4,240
3218,2019,China_Birdwatch,2,2,2,1410
3218,2019,Combined,2,2,2,1410
3218,2020,China_Birdwatch,1,1,1,600
3218,2020,eBird_GBIF,3,2,3,NA
3218,2020,Combined,4,3,4,600
3218,2021,China_Birdwatch,1,1,1,210
3218,2021,eBird_GBIF,9,9,5,NA
3218,2021,Combined,10,10,6,210
3218,2022,China_Birdwatch,3,3,3,108.44117647058823
3218,2022,eBird_GBIF,91,6,91,NA
3218,2022,Combined,94,9,92,108.44117647058823
3218,2023,China_Birdwatch,27,7,27,260.0877742946712
3218,2023,eBird_GBIF,31,5,30,NA
3218,2023,Combined,58,12,57,260.0877742946712
3218,2024,China_Birdwatch,1,1,1,180
3218,2024,Combined,1,1,1,180
3221,2013,China_Birdwatch,1,1,1,420
3221,2013,Combined,1,1,1,420
3221,2017,China_Birdwatch,1,1,1,204
3221,2017,Combined,1,1,1,204
3221,2019,China_Birdwatch,1,1,1,1740
3221,2019,Combined,1,1,1,1740
3221,2023,China_Birdwatch,7,3,7,1707.409836065574
3221,2023,Combined,7,3,7,1707.409836065574
3221,2024,China_Birdwatch,34,13,33,126.1925925925926
3221,2024,Combined,34,13,33,126.1925925925926
3222,2011,China_Birdwatch,1,1,1,300
3222,2011,Combined,1,1,1,300
3222,2017,China_Birdwatch,5,2,5,644.2553191489362
3222,2017,Combined,5,2,5,644.2553191489362
3222,2018,China_Birdwatch,5,2,5,903.9230769230769
3222,2018,Combined,5,2,5,903.9230769230769
3222,2019,China_Birdwatch,3,2,3,422.2
3222,2019,Combined,3,2,3,422.2
3222,2023,China_Birdwatch,2,1,2,218.1818181818182
3222,2023,Combined,2,1,2,218.1818181818182
3222,2024,China_Birdwatch,16,8,16,149.79888268156424
3222,2024,Combined,16,8,16,149.79888268156424
3270,2023,eBird_GBIF,5,3,5,NA
3270,2023,Combined,5,3,5,NA
3271,2012,eBird_GBIF,1,1,1,NA
3271,2012,Combined,1,1,1,NA
3271,2013,eBird_GBIF,3,3,2,NA
3271,2013,Combined,3,3,2,NA
3271,2014,eBird_GBIF,1,1,1,NA
3271,2014,Combined,1,1,1,NA
3271,2016,eBird_GBIF,1,1,1,NA
3271,2016,Combined,1,1,1,NA
3271,2019,eBird_GBIF,7,6,5,NA
3271,2019,Combined,7,6,5,NA
3271,2020,eBird_GBIF,9,4,9,NA
3271,2020,Combined,9,4,9,NA
3271,2022,eBird_GBIF,5,4,4,NA
3271,2022,Combined,5,4,4,NA
3271,2023,eBird_GBIF,18,12,14,NA
3271,2023,Combined,18,12,14,NA
3272,2000,eBird_GBIF,1,1,1,NA
3272,2000,Combined,1,1,1,NA
3272,2001,eBird_GBIF,4,2,3,NA
3272,2001,Combined,4,2,3,NA
3272,2002,eBird_GBIF,15,3,5,NA
3272,2002,Combined,15,3,5,NA
3272,2003,eBird_GBIF,5,4,5,NA
3272,2003,Combined,5,4,5,NA
3272,2005,eBird_GBIF,1,1,1,NA
3272,2005,Combined,1,1,1,NA
3272,2006,eBird_GBIF,11,3,11,NA
3272,2006,Combined,11,3,11,NA
3272,2007,eBird_GBIF,4,1,4,NA
3272,2007,Combined,4,1,4,NA
3272,2008,eBird_GBIF,3,2,3,NA
3272,2008,Combined,3,2,3,NA
3272,2009,eBird_GBIF,10,2,5,NA
3272,2009,Combined,10,2,5,NA
3272,2010,eBird_GBIF,6,4,6,NA
3272,2010,Combined,6,4,6,NA
3272,2011,eBird_GBIF,9,5,9,NA
3272,2011,Combined,9,5,9,NA
3272,2012,eBird_GBIF,31,8,30,NA
3272,2012,Combined,31,8,30,NA
3272,2013,eBird_GBIF,20,10,18,NA
3272,2013,Combined,20,10,18,NA
3272,2014,eBird_GBIF,26,9,21,NA
3272,2014,Combined,26,9,21,NA
3272,2015,eBird_GBIF,10,5,10,NA
3272,2015,Combined,10,5,10,NA
3272,2016,eBird_GBIF,61,9,52,NA
3272,2016,Combined,61,9,52,NA
3272,2017,eBird_GBIF,89,28,68,NA
3272,2017,Combined,89,28,68,NA
3272,2018,eBird_GBIF,62,21,46,NA
3272,2018,Combined,62,21,46,NA
3272,2019,eBird_GBIF,102,28,66,NA
3272,2019,Combined,102,28,66,NA
3272,2020,eBird_GBIF,107,26,79,NA
3272,2020,Combined,107,26,79,NA
3272,2021,eBird_GBIF,60,21,48,NA
3272,2021,Combined,60,21,48,NA
3272,2022,eBird_GBIF,132,31,61,NA
3272,2022,Combined,132,31,61,NA
3272,2023,eBird_GBIF,315,82,151,NA
3272,2023,Combined,315,82,151,NA
3273,2006,eBird_GBIF,1,1,1,NA
3273,2006,Combined,1,1,1,NA
3273,2016,eBird_GBIF,2,1,2,NA
3273,2016,Combined,2,1,2,NA
3273,2023,eBird_GBIF,10,10,2,NA
3273,2023,Combined,10,10,2,NA
3275,2015,eBird_GBIF,4,1,4,NA
3275,2015,Combined,4,1,4,NA
3275,2020,eBird_GBIF,1,1,1,NA
3275,2020,Combined,1,1,1,NA
3278,2018,China_Birdwatch,3,3,3,39213.92907801421
3278,2018,eBird_GBIF,3,3,1,NA
3278,2018,Combined,6,6,3,39213.92907801421
3278,2019,China_Birdwatch,1,1,1,294.42857142857144
3278,2019,eBird_GBIF,11,8,4,NA
3278,2019,Combined,12,9,4,294.42857142857144
3278,2020,China_Birdwatch,4,4,3,4195.862068965517
3278,2020,eBird_GBIF,3,2,3,NA
3278,2020,Combined,7,6,5,4195.862068965517
3278,2021,China_Birdwatch,6,5,5,5226.589285714285
3278,2021,eBird_GBIF,1,1,1,NA
3278,2021,Combined,7,6,5,5226.589285714285
3278,2022,China_Birdwatch,3,2,3,240
3278,2022,Combined,3,2,3,240
3278,2023,China_Birdwatch,34,28,20,1344.3417218543052
3278,2023,eBird_GBIF,9,7,6,NA
3278,2023,Combined,43,35,22,1344.3417218543052
3278,2024,China_Birdwatch,86,68,51,852.3973799126634
3278,2024,Combined,86,68,51,852.3973799126634
3279,2002,eBird_GBIF,1,1,1,NA
3279,2002,Combined,1,1,1,NA
3279,2006,China_Birdwatch,1,1,1,2820
3279,2006,eBird_GBIF,4,2,4,NA
3279,2006,Combined,5,3,5,2820
3279,2008,eBird_GBIF,1,1,1,NA
3279,2008,Combined,1,1,1,NA
3279,2009,eBird_GBIF,3,3,3,NA
3279,2009,Combined,3,3,3,NA
3279,2011,eBird_GBIF,8,4,8,NA
3279,2011,Combined,8,4,8,NA
3279,2012,China_Birdwatch,1,1,1,180
3279,2012,eBird_GBIF,1,1,1,NA
3279,2012,Combined,2,2,2,180
3279,2013,eBird_GBIF,8,5,8,NA
3279,2013,Combined,8,5,8,NA
3279,2014,China_Birdwatch,1,1,1,0
3279,2014,eBird_GBIF,13,9,9,NA
3279,2014,Combined,14,10,9,0
3279,2015,China_Birdwatch,3,3,3,3350734.7209302327
3279,2015,eBird_GBIF,32,10,22,NA
3279,2015,Combined,35,13,24,3350734.7209302327
3279,2016,China_Birdwatch,2,2,2,3094.8837209302324
3279,2016,eBird_GBIF,15,8,15,NA
3279,2016,Combined,17,10,16,3094.8837209302324
3279,2017,China_Birdwatch,9,6,7,2921.5555555555557
3279,2017,eBird_GBIF,45,20,35,NA
3279,2017,Combined,54,26,39,2921.5555555555557
3279,2018,China_Birdwatch,8,6,7,2216.2762237762236
3279,2018,eBird_GBIF,62,23,36,NA
3279,2018,Combined,70,29,39,2216.2762237762236
3279,2019,China_Birdwatch,20,14,16,2837.478468899522
3279,2019,eBird_GBIF,115,34,59,NA
3279,2019,Combined,135,48,67,2837.478468899522
3279,2020,China_Birdwatch,8,5,6,1185.7272727272727
3279,2020,eBird_GBIF,37,18,34,NA
3279,2020,Combined,45,23,37,1185.7272727272727
3279,2021,China_Birdwatch,51,22,39,3623.6870229007645
3279,2021,eBird_GBIF,61,26,40,NA
3279,2021,Combined,112,48,69,3623.6870229007645
3279,2022,China_Birdwatch,66,16,57,6560.236646884277
3279,2022,eBird_GBIF,33,14,30,NA
3279,2022,Combined,99,30,81,6560.236646884277
3279,2023,China_Birdwatch,251,108,113,833.2914133738602
3279,2023,eBird_GBIF,109,41,49,NA
3279,2023,Combined,360,149,129,833.2914133738602
3279,2024,China_Birdwatch,542,258,199,822.8538302666126
3279,2024,Combined,542,258,199,822.8538302666126
3280,2002,eBird_GBIF,2,2,1,NA
3280,2002,Combined,2,2,1,NA
3280,2006,eBird_GBIF,1,1,1,NA
3280,2006,Combined,1,1,1,NA
3280,2011,eBird_GBIF,2,1,2,NA
3280,2011,Combined,2,1,2,NA
3280,2013,eBird_GBIF,2,2,2,NA
3280,2013,Combined,2,2,2,NA
3280,2014,China_Birdwatch,1,1,1,46080
3280,2014,eBird_GBIF,2,2,2,NA
3280,2014,Combined,3,3,3,46080
3280,2015,eBird_GBIF,3,2,3,NA
3280,2015,Combined,3,2,3,NA
3280,2016,eBird_GBIF,6,2,6,NA
3280,2016,Combined,6,2,6,NA
3280,2018,eBird_GBIF,1,1,1,NA
3280,2018,Combined,1,1,1,NA
3280,2019,China_Birdwatch,1,1,1,1270
3280,2019,eBird_GBIF,19,14,10,NA
3280,2019,Combined,20,15,11,1270
3280,2020,eBird_GBIF,16,4,11,NA
3280,2020,Combined,16,4,11,NA
3280,2021,China_Birdwatch,6,5,6,666.5777777777779
3280,2021,eBird_GBIF,14,8,12,NA
3280,2021,Combined,20,13,18,666.5777777777779
3280,2022,China_Birdwatch,18,7,18,174.15960912052122
3280,2022,eBird_GBIF,1,1,1,NA
3280,2022,Combined,19,8,19,174.15960912052122
3280,2023,China_Birdwatch,22,17,19,148.03934426229506
3280,2023,eBird_GBIF,17,14,11,NA
3280,2023,Combined,39,31,29,148.03934426229506
3280,2024,China_Birdwatch,268,80,157,129.95584299732377
3280,2024,Combined,268,80,157,129.95584299732377
3281,2004,eBird_GBIF,1,1,1,NA
3281,2004,Combined,1,1,1,NA
3281,2015,eBird_GBIF,1,1,1,NA
3281,2015,Combined,1,1,1,NA
3281,2018,eBird_GBIF,2,2,1,NA
3281,2018,Combined,2,2,1,NA
3281,2022,eBird_GBIF,1,1,1,NA
3281,2022,Combined,1,1,1,NA
3281,2024,China_Birdwatch,17,5,15,67.66058394160584
3281,2024,Combined,17,5,15,67.66058394160584
3282,2015,eBird_GBIF,1,1,1,NA
3282,2015,Combined,1,1,1,NA
3282,2016,eBird_GBIF,2,2,2,NA
3282,2016,Combined,2,2,2,NA
3282,2017,eBird_GBIF,5,1,5,NA
3282,2017,Combined,5,1,5,NA
3282,2018,eBird_GBIF,2,1,2,NA
3282,2018,Combined,2,1,2,NA
3282,2019,eBird_GBIF,2,2,2,NA
3282,2019,Combined,2,2,2,NA
3282,2021,eBird_GBIF,1,1,1,NA
3282,2021,Combined,1,1,1,NA
3282,2023,eBird_GBIF,6,1,6,NA
3282,2023,Combined,6,1,6,NA
3282,2024,China_Birdwatch,25,10,22,362.8514056224906
3282,2024,Combined,25,10,22,362.8514056224906
3283,2015,China_Birdwatch,1,1,1,0
3283,2015,eBird_GBIF,1,1,1,NA
3283,2015,Combined,2,2,1,0
3283,2016,eBird_GBIF,1,1,1,NA
3283,2016,Combined,1,1,1,NA
3283,2017,eBird_GBIF,1,1,1,NA
3283,2017,Combined,1,1,1,NA
3283,2019,eBird_GBIF,1,1,1,NA
3283,2019,Combined,1,1,1,NA
3283,2020,eBird_GBIF,2,2,2,NA
3283,2020,Combined,2,2,2,NA
3283,2021,eBird_GBIF,1,1,1,NA
3283,2021,Combined,1,1,1,NA
3283,2022,China_Birdwatch,6,3,6,423.57042253521126
3283,2022,eBird_GBIF,3,2,3,NA
3283,2022,Combined,9,5,9,423.57042253521126
3283,2023,China_Birdwatch,5,4,5,150.43243243243242
3283,2023,eBird_GBIF,3,3,3,NA
3283,2023,Combined,8,7,7,150.43243243243242
3283,2024,China_Birdwatch,7,5,5,83.02325581395348
3283,2024,Combined,7,5,5,83.02325581395348
3284,2015,eBird_GBIF,1,1,1,NA
3284,2015,Combined,1,1,1,NA
3284,2016,eBird_GBIF,3,1,3,NA
3284,2016,Combined,3,1,3,NA
3284,2020,eBird_GBIF,3,3,3,NA
3284,2020,Combined,3,3,3,NA
3284,2022,China_Birdwatch,3,2,3,318.46153846153845
3284,2022,Combined,3,2,3,318.46153846153845
3284,2023,China_Birdwatch,20,6,19,252
3284,2023,eBird_GBIF,2,2,1,NA
3284,2023,Combined,22,8,20,252
3285,2010,eBird_GBIF,1,1,1,NA
3285,2010,Combined,1,1,1,NA
3285,2015,China_Birdwatch,1,1,1,0
3285,2015,Combined,1,1,1,0
3285,2016,eBird_GBIF,1,1,1,NA
3285,2016,Combined,1,1,1,NA
3285,2017,eBird_GBIF,2,2,2,NA
3285,2017,Combined,2,2,2,NA
3285,2018,eBird_GBIF,8,7,6,NA
3285,2018,Combined,8,7,6,NA
3285,2019,China_Birdwatch,1,1,1,360
3285,2019,eBird_GBIF,17,7,14,NA
3285,2019,Combined,18,8,15,360
3285,2020,eBird_GBIF,14,6,14,NA
3285,2020,Combined,14,6,14,NA
3285,2021,China_Birdwatch,10,3,10,293.28195488721803
3285,2021,eBird_GBIF,6,3,6,NA
3285,2021,Combined,16,6,16,293.28195488721803
3285,2022,China_Birdwatch,35,8,33,242.21448863636346
3285,2022,eBird_GBIF,14,8,13,NA
3285,2022,Combined,49,16,42,242.21448863636346
3285,2023,China_Birdwatch,55,17,49,223.13552631578958
3285,2023,eBird_GBIF,29,19,25,NA
3285,2023,Combined,84,36,66,223.13552631578958
3285,2024,China_Birdwatch,12,7,6,469.04761904761904
3285,2024,Combined,12,7,6,469.04761904761904
3286,2000,eBird_GBIF,3,2,3,NA
3286,2000,Combined,3,2,3,NA
3286,2001,eBird_GBIF,1,1,1,NA
3286,2001,Combined,1,1,1,NA
3286,2002,eBird_GBIF,5,2,5,NA
3286,2002,Combined,5,2,5,NA
3286,2003,eBird_GBIF,6,2,6,NA
3286,2003,Combined,6,2,6,NA
3286,2005,eBird_GBIF,4,2,4,NA
3286,2005,Combined,4,2,4,NA
3286,2006,eBird_GBIF,4,4,4,NA
3286,2006,Combined,4,4,4,NA
3286,2007,eBird_GBIF,4,3,4,NA
3286,2007,Combined,4,3,4,NA
3286,2008,eBird_GBIF,5,1,5,NA
3286,2008,Combined,5,1,5,NA
3286,2009,China_Birdwatch,2,2,2,69
3286,2009,eBird_GBIF,23,6,22,NA
3286,2009,Combined,25,8,24,69
3286,2010,eBird_GBIF,13,5,13,NA
3286,2010,Combined,13,5,13,NA
3286,2011,eBird_GBIF,2,2,2,NA
3286,2011,Combined,2,2,2,NA
3286,2012,eBird_GBIF,7,5,7,NA
3286,2012,Combined,7,5,7,NA
3286,2013,China_Birdwatch,1,1,1,0
3286,2013,eBird_GBIF,5,5,5,NA
3286,2013,Combined,6,6,6,0
3286,2014,China_Birdwatch,1,1,1,840
3286,2014,eBird_GBIF,22,9,20,NA
3286,2014,Combined,23,10,21,840
3286,2015,China_Birdwatch,5,4,5,515.5102040816325
3286,2015,eBird_GBIF,17,10,16,NA
3286,2015,Combined,22,14,21,515.5102040816325
3286,2016,China_Birdwatch,19,10,17,1692.5454545454545
3286,2016,eBird_GBIF,54,21,48,NA
3286,2016,Combined,73,31,64,1692.5454545454545
3286,2017,China_Birdwatch,16,7,13,118590.96000000004
3286,2017,eBird_GBIF,75,43,66,NA
3286,2017,Combined,91,50,73,118590.96000000004
3286,2018,China_Birdwatch,27,15,21,811.3333333333335
3286,2018,eBird_GBIF,179,62,119,NA
3286,2018,Combined,206,77,128,811.3333333333335
3286,2019,China_Birdwatch,49,21,43,42218.716328963055
3286,2019,eBird_GBIF,305,84,175,NA
3286,2019,Combined,354,105,184,42218.716328963055
3286,2020,China_Birdwatch,105,28,80,14634.392394483859
3286,2020,eBird_GBIF,163,44,120,NA
3286,2020,Combined,268,72,166,14634.392394483859
3286,2021,China_Birdwatch,297,62,167,20832.07922954727
3286,2021,eBird_GBIF,233,48,145,NA
3286,2021,Combined,530,110,232,20832.07922954727
3286,2022,China_Birdwatch,606,95,235,9872.923971915783
3286,2022,eBird_GBIF,234,35,158,NA
3286,2022,Combined,840,130,267,9872.923971915783
3286,2023,China_Birdwatch,1469,298,329,3818.5967336197905
3286,2023,eBird_GBIF,564,111,268,NA
3286,2023,Combined,2033,409,349,3818.5967336197905
3286,2024,China_Birdwatch,335,191,101,5383.069178771751
3286,2024,Combined,335,191,101,5383.069178771751
3287,2002,eBird_GBIF,1,1,1,NA
3287,2002,Combined,1,1,1,NA
3287,2005,eBird_GBIF,2,1,2,NA
3287,2005,Combined,2,1,2,NA
3287,2007,eBird_GBIF,3,1,3,NA
3287,2007,Combined,3,1,3,NA
3287,2008,China_Birdwatch,1,1,1,525
3287,2008,Combined,1,1,1,525
3287,2009,China_Birdwatch,2,2,2,483.3333333333333
3287,2009,eBird_GBIF,7,5,7,NA
3287,2009,Combined,9,7,9,483.3333333333333
3287,2010,China_Birdwatch,1,1,1,124.28571428571429
3287,2010,eBird_GBIF,2,2,1,NA
3287,2010,Combined,3,3,2,124.28571428571429
3287,2011,eBird_GBIF,4,2,4,NA
3287,2011,Combined,4,2,4,NA
3287,2012,China_Birdwatch,1,1,1,2880
3287,2012,Combined,1,1,1,2880
3287,2013,eBird_GBIF,1,1,1,NA
3287,2013,Combined,1,1,1,NA
3287,2014,China_Birdwatch,2,2,2,352840.5333333334
3287,2014,eBird_GBIF,11,4,9,NA
3287,2014,Combined,13,6,11,352840.5333333334
3287,2015,eBird_GBIF,32,2,31,NA
3287,2015,Combined,32,2,31,NA
3287,2016,China_Birdwatch,4,2,4,308.35616438356163
3287,2016,eBird_GBIF,6,5,6,NA
3287,2016,Combined,10,7,10,308.35616438356163
3287,2017,China_Birdwatch,4,3,4,172.5625
3287,2017,eBird_GBIF,17,13,16,NA
3287,2017,Combined,21,16,19,172.5625
3287,2018,China_Birdwatch,15,6,13,9206.011235955057
3287,2018,eBird_GBIF,38,13,35,NA
3287,2018,Combined,53,19,44,9206.011235955057
3287,2019,China_Birdwatch,34,15,32,7816.023381294963
3287,2019,eBird_GBIF,39,22,35,NA
3287,2019,Combined,73,37,66,7816.023381294963
3287,2020,China_Birdwatch,48,17,41,1794.2578534031463
3287,2020,eBird_GBIF,42,19,34,NA
3287,2020,Combined,90,36,68,1794.2578534031463
3287,2021,China_Birdwatch,124,25,89,215.98359695372005
3287,2021,eBird_GBIF,54,22,45,NA
3287,2021,Combined,178,47,117,215.98359695372005
3287,2022,China_Birdwatch,161,43,118,5294.821428571412
3287,2022,eBird_GBIF,44,14,40,NA
3287,2022,Combined,205,57,138,5294.821428571412
3287,2023,China_Birdwatch,403,133,198,6520.726041488096
3287,2023,eBird_GBIF,192,48,153,NA
3287,2023,Combined,595,181,258,6520.726041488096
3287,2024,China_Birdwatch,488,241,203,413.6380605508669
3287,2024,Combined,488,241,203,413.6380605508669
3293,2017,China_Birdwatch,1,1,1,90
3293,2017,Combined,1,1,1,90
3293,2023,China_Birdwatch,2,1,2,60
3293,2023,Combined,2,1,2,60
3293,2024,China_Birdwatch,9,8,9,154
3293,2024,Combined,9,8,9,154
3294,2004,China_Birdwatch,1,1,1,120
3294,2004,Combined,1,1,1,120
3294,2017,China_Birdwatch,3,2,3,337.5
3294,2017,Combined,3,2,3,337.5
3294,2019,China_Birdwatch,3,2,3,486.6666666666667
3294,2019,Combined,3,2,3,486.6666666666667
3294,2023,China_Birdwatch,2,2,2,103.88888888888889
3294,2023,Combined,2,2,2,103.88888888888889
3294,2024,China_Birdwatch,9,7,9,2304.3130841121492
3294,2024,Combined,9,7,9,2304.3130841121492
3295,2016,China_Birdwatch,1,1,1,720
3295,2016,Combined,1,1,1,720
3295,2017,China_Birdwatch,1,1,1,2850
3295,2017,Combined,1,1,1,2850
3295,2019,China_Birdwatch,6,3,5,2368.108108108108
3295,2019,Combined,6,3,5,2368.108108108108
3295,2023,China_Birdwatch,1,1,1,2
3295,2023,Combined,1,1,1,2
3295,2024,China_Birdwatch,6,3,6,42015.38461538461
3295,2024,Combined,6,3,6,42015.38461538461
3343,2012,eBird_GBIF,4,1,4,NA
3343,2012,Combined,4,1,4,NA
3343,2014,eBird_GBIF,4,4,2,NA
3343,2014,Combined,4,4,2,NA
3343,2017,eBird_GBIF,2,2,1,NA
3343,2017,Combined,2,2,1,NA
3343,2018,eBird_GBIF,9,4,5,NA
3343,2018,Combined,9,4,5,NA
3343,2019,eBird_GBIF,7,3,5,NA
3343,2019,Combined,7,3,5,NA
3343,2023,eBird_GBIF,6,6,3,NA
3343,2023,Combined,6,6,3,NA
3344,2006,eBird_GBIF,1,1,1,NA
3344,2006,Combined,1,1,1,NA
3344,2007,eBird_GBIF,1,1,1,NA
3344,2007,Combined,1,1,1,NA
3344,2008,eBird_GBIF,1,1,1,NA
3344,2008,Combined,1,1,1,NA
3344,2009,eBird_GBIF,1,1,1,NA
3344,2009,Combined,1,1,1,NA
3344,2012,eBird_GBIF,1,1,1,NA
3344,2012,Combined,1,1,1,NA
3344,2013,eBird_GBIF,3,2,2,NA
3344,2013,Combined,3,2,2,NA
3344,2014,eBird_GBIF,4,3,3,NA
3344,2014,Combined,4,3,3,NA
3344,2017,eBird_GBIF,2,2,1,NA
3344,2017,Combined,2,2,1,NA
3344,2018,eBird_GBIF,6,4,4,NA
3344,2018,Combined,6,4,4,NA
3344,2019,eBird_GBIF,7,4,4,NA
3344,2019,Combined,7,4,4,NA
3344,2020,eBird_GBIF,7,5,7,NA
3344,2020,Combined,7,5,7,NA
3344,2021,eBird_GBIF,13,9,8,NA
3344,2021,Combined,13,9,8,NA
3344,2022,eBird_GBIF,24,13,12,NA
3344,2022,Combined,24,13,12,NA
3344,2023,eBird_GBIF,99,38,50,NA
3344,2023,Combined,99,38,50,NA
3345,2006,eBird_GBIF,3,1,3,NA
3345,2006,Combined,3,1,3,NA
3345,2009,eBird_GBIF,2,2,1,NA
3345,2009,Combined,2,2,1,NA
3345,2011,eBird_GBIF,2,1,2,NA
3345,2011,Combined,2,1,2,NA
3345,2012,eBird_GBIF,33,6,32,NA
3345,2012,Combined,33,6,32,NA
3345,2013,eBird_GBIF,2,2,2,NA
3345,2013,Combined,2,2,2,NA
3345,2014,eBird_GBIF,1,1,1,NA
3345,2014,Combined,1,1,1,NA
3345,2016,eBird_GBIF,1,1,1,NA
3345,2016,Combined,1,1,1,NA
3345,2017,eBird_GBIF,6,4,5,NA
3345,2017,Combined,6,4,5,NA
3345,2018,eBird_GBIF,9,5,6,NA
3345,2018,Combined,9,5,6,NA
3345,2019,eBird_GBIF,31,12,25,NA
3345,2019,Combined,31,12,25,NA
3345,2020,eBird_GBIF,12,7,8,NA
3345,2020,Combined,12,7,8,NA
3345,2021,eBird_GBIF,9,6,5,NA
3345,2021,Combined,9,6,5,NA
3345,2022,eBird_GBIF,16,12,12,NA
3345,2022,Combined,16,12,12,NA
3345,2023,eBird_GBIF,32,23,17,NA
3345,2023,Combined,32,23,17,NA
3351,2023,China_Birdwatch,2,2,1,960
3351,2023,Combined,2,2,1,960
3351,2024,China_Birdwatch,1,1,1,121
3351,2024,Combined,1,1,1,121
3352,2005,eBird_GBIF,25,1,25,NA
3352,2005,Combined,25,1,25,NA
3352,2014,eBird_GBIF,2,1,2,NA
3352,2014,Combined,2,1,2,NA
3352,2015,eBird_GBIF,1,1,1,NA
3352,2015,Combined,1,1,1,NA
3352,2016,eBird_GBIF,1,1,1,NA
3352,2016,Combined,1,1,1,NA
3352,2018,China_Birdwatch,1,1,1,1200
3352,2018,eBird_GBIF,1,1,1,NA
3352,2018,Combined,2,2,2,1200
3352,2019,eBird_GBIF,8,5,5,NA
3352,2019,Combined,8,5,5,NA
3352,2020,China_Birdwatch,1,1,1,2011493
3352,2020,eBird_GBIF,1,1,1,NA
3352,2020,Combined,2,2,2,2011493
3352,2021,China_Birdwatch,8,6,8,505.83132530120486
3352,2021,eBird_GBIF,13,7,11,NA
3352,2021,Combined,21,13,19,505.83132530120486
3352,2022,China_Birdwatch,10,2,10,316.656652360515
3352,2022,Combined,10,2,10,316.656652360515
3352,2023,China_Birdwatch,20,12,17,594.7426273458449
3352,2023,eBird_GBIF,6,4,6,NA
3352,2023,Combined,26,16,21,594.7426273458449
3352,2024,China_Birdwatch,53,30,34,231.19348659003828
3352,2024,Combined,53,30,34,231.19348659003828
3353,2010,eBird_GBIF,1,1,1,NA
3353,2010,Combined,1,1,1,NA
3353,2013,eBird_GBIF,2,2,2,NA
3353,2013,Combined,2,2,2,NA
3353,2014,eBird_GBIF,3,3,3,NA
3353,2014,Combined,3,3,3,NA
3353,2015,eBird_GBIF,4,2,4,NA
3353,2015,Combined,4,2,4,NA
3353,2016,China_Birdwatch,1,1,1,1199
3353,2016,eBird_GBIF,5,3,5,NA
3353,2016,Combined,6,4,6,1199
3353,2017,eBird_GBIF,5,4,4,NA
3353,2017,Combined,5,4,4,NA
3353,2018,China_Birdwatch,3,2,3,123
3353,2018,eBird_GBIF,7,7,2,NA
3353,2018,Combined,10,9,4,123
3353,2019,China_Birdwatch,2,2,2,157
3353,2019,eBird_GBIF,33,11,23,NA
3353,2019,Combined,35,13,24,157
3353,2020,China_Birdwatch,4,3,4,423.36734693877554
3353,2020,eBird_GBIF,5,3,5,NA
3353,2020,Combined,9,6,9,423.36734693877554
3353,2021,China_Birdwatch,6,6,6,2512.2580645161293
3353,2021,eBird_GBIF,20,9,13,NA
3353,2021,Combined,26,15,16,2512.2580645161293
3353,2022,China_Birdwatch,26,12,23,704.0452261306532
3353,2022,eBird_GBIF,18,8,17,NA
3353,2022,Combined,44,20,37,704.0452261306532
3353,2023,China_Birdwatch,369,44,308,311.95997524242006
3353,2023,eBird_GBIF,21,14,18,NA
3353,2023,Combined,390,58,311,311.95997524242006
3353,2024,China_Birdwatch,662,160,325,248.06355875683496
3353,2024,Combined,662,160,325,248.06355875683496
3354,2012,eBird_GBIF,1,1,1,NA
3354,2012,Combined,1,1,1,NA
3354,2015,China_Birdwatch,15,1,15,341.0071942446043
3354,2015,eBird_GBIF,4,4,4,NA
3354,2015,Combined,19,5,19,341.0071942446043
3354,2016,eBird_GBIF,5,1,5,NA
3354,2016,Combined,5,1,5,NA
3354,2017,eBird_GBIF,3,2,3,NA
3354,2017,Combined,3,2,3,NA
3354,2018,eBird_GBIF,1,1,1,NA
3354,2018,Combined,1,1,1,NA
3354,2019,China_Birdwatch,4,2,4,170.4375
3354,2019,eBird_GBIF,18,5,15,NA
3354,2019,Combined,22,7,19,170.4375
3354,2020,China_Birdwatch,5,1,5,756.3461538461538
3354,2020,eBird_GBIF,11,7,7,NA
3354,2020,Combined,16,8,12,756.3461538461538
3354,2021,China_Birdwatch,5,4,5,122.88
3354,2021,eBird_GBIF,4,3,4,NA
3354,2021,Combined,9,7,9,122.88
3354,2022,China_Birdwatch,20,5,19,190.55955678670364
3354,2022,eBird_GBIF,6,2,6,NA
3354,2022,Combined,26,7,21,190.55955678670364
3354,2023,China_Birdwatch,48,14,45,48669.181069958766
3354,2023,eBird_GBIF,17,7,17,NA
3354,2023,Combined,65,21,53,48669.181069958766
3354,2024,China_Birdwatch,86,15,68,83.53031527890055
3354,2024,Combined,86,15,68,83.53031527890055
3355,2012,eBird_GBIF,1,1,1,NA
3355,2012,Combined,1,1,1,NA
3355,2015,eBird_GBIF,1,1,1,NA
3355,2015,Combined,1,1,1,NA
3355,2016,eBird_GBIF,2,1,2,NA
3355,2016,Combined,2,1,2,NA
3355,2017,eBird_GBIF,3,1,3,NA
3355,2017,Combined,3,1,3,NA
3355,2019,China_Birdwatch,1,1,1,80
3355,2019,eBird_GBIF,6,4,5,NA
3355,2019,Combined,7,5,6,80
3355,2020,eBird_GBIF,7,4,7,NA
3355,2020,Combined,7,4,7,NA
3355,2021,eBird_GBIF,1,1,1,NA
3355,2021,Combined,1,1,1,NA
3355,2022,China_Birdwatch,20,4,20,1622.6394230769174
3355,2022,eBird_GBIF,5,4,4,NA
3355,2022,Combined,25,8,24,1622.6394230769174
3355,2023,China_Birdwatch,25,12,23,7240.445916114791
3355,2023,eBird_GBIF,12,3,11,NA
3355,2023,Combined,37,15,30,7240.445916114791
3355,2024,China_Birdwatch,4,3,2,3474.3260869565215
3355,2024,Combined,4,3,2,3474.3260869565215
3356,2004,eBird_GBIF,1,1,1,NA
3356,2004,Combined,1,1,1,NA
3356,2011,eBird_GBIF,1,1,1,NA
3356,2011,Combined,1,1,1,NA
3356,2014,eBird_GBIF,3,3,2,NA
3356,2014,Combined,3,3,2,NA
3356,2015,eBird_GBIF,5,2,5,NA
3356,2015,Combined,5,2,5,NA
3356,2016,eBird_GBIF,10,2,10,NA
3356,2016,Combined,10,2,10,NA
3356,2018,eBird_GBIF,5,5,2,NA
3356,2018,Combined,5,5,2,NA
3356,2019,China_Birdwatch,3,3,3,6794.21052631579
3356,2019,eBird_GBIF,9,7,8,NA
3356,2019,Combined,12,10,11,6794.21052631579
3356,2020,China_Birdwatch,4,4,4,207.12328767123287
3356,2020,eBird_GBIF,14,11,11,NA
3356,2020,Combined,18,15,13,207.12328767123287
3356,2021,China_Birdwatch,7,6,6,465.8934911242603
3356,2021,eBird_GBIF,13,10,9,NA
3356,2021,Combined,20,16,15,465.8934911242603
3356,2022,China_Birdwatch,5,5,5,1461.4951456310678
3356,2022,eBird_GBIF,3,1,3,NA
3356,2022,Combined,8,6,8,1461.4951456310678
3356,2023,China_Birdwatch,16,14,15,218.34136546184732
3356,2023,eBird_GBIF,3,2,3,NA
3356,2023,Combined,19,16,18,218.34136546184732
3356,2024,China_Birdwatch,8,7,2,584.5284280936455
3356,2024,Combined,8,7,2,584.5284280936455
3357,2011,eBird_GBIF,1,1,1,NA
3357,2011,Combined,1,1,1,NA
3357,2015,eBird_GBIF,1,1,1,NA
3357,2015,Combined,1,1,1,NA
3357,2017,eBird_GBIF,1,1,1,NA
3357,2017,Combined,1,1,1,NA
3357,2020,eBird_GBIF,1,1,1,NA
3357,2020,Combined,1,1,1,NA
3357,2022,China_Birdwatch,3,2,3,220.93333333333334
3357,2022,Combined,3,2,3,220.93333333333334
3357,2023,China_Birdwatch,1,1,1,60
3357,2023,eBird_GBIF,2,2,1,NA
3357,2023,Combined,3,3,2,60
3426,2010,eBird_GBIF,1,1,1,NA
3426,2010,Combined,1,1,1,NA
3426,2012,eBird_GBIF,1,1,1,NA
3426,2012,Combined,1,1,1,NA
3426,2014,eBird_GBIF,5,1,5,NA
3426,2014,Combined,5,1,5,NA
3426,2015,eBird_GBIF,5,4,4,NA
3426,2015,Combined,5,4,4,NA
3426,2016,China_Birdwatch,1,1,1,4200
3426,2016,eBird_GBIF,14,3,12,NA
3426,2016,Combined,15,4,13,4200
3426,2017,eBird_GBIF,6,3,6,NA
3426,2017,Combined,6,3,6,NA
3426,2018,China_Birdwatch,4,4,3,951.6
3426,2018,eBird_GBIF,28,22,7,NA
3426,2018,Combined,32,26,10,951.6
3426,2019,China_Birdwatch,1,1,1,420
3426,2019,eBird_GBIF,23,9,16,NA
3426,2019,Combined,24,10,16,420
3426,2020,eBird_GBIF,33,10,22,NA
3426,2020,Combined,33,10,22,NA
3426,2021,China_Birdwatch,8,6,7,243.58403361344537
3426,2021,eBird_GBIF,6,4,5,NA
3426,2021,Combined,14,10,12,243.58403361344537
3426,2022,China_Birdwatch,14,5,13,185.2910447761194
3426,2022,eBird_GBIF,6,4,5,NA
3426,2022,Combined,20,9,15,185.2910447761194
3426,2023,China_Birdwatch,29,12,23,1523.9551282051298
3426,2023,eBird_GBIF,5,4,5,NA
3426,2023,Combined,34,16,26,1523.9551282051298
3426,2024,China_Birdwatch,1,1,1,59
3426,2024,Combined,1,1,1,59
3427,2014,eBird_GBIF,7,1,7,NA
3427,2014,Combined,7,1,7,NA
3427,2015,eBird_GBIF,1,1,1,NA
3427,2015,Combined,1,1,1,NA
3427,2016,eBird_GBIF,3,1,3,NA
3427,2016,Combined,3,1,3,NA
3427,2020,eBird_GBIF,1,1,1,NA
3427,2020,Combined,1,1,1,NA
3427,2022,China_Birdwatch,2,1,2,178.63636363636363
3427,2022,eBird_GBIF,3,1,3,NA
3427,2022,Combined,5,2,3,178.63636363636363
3427,2023,eBird_GBIF,1,1,1,NA
3427,2023,Combined,1,1,1,NA
3427,2024,China_Birdwatch,1,1,1,60
3427,2024,Combined,1,1,1,60
3497,2015,China_Birdwatch,1,1,1,0
3497,2015,eBird_GBIF,1,1,1,NA
3497,2015,Combined,2,2,2,0
3497,2017,eBird_GBIF,5,4,3,NA
3497,2017,Combined,5,4,3,NA
3497,2018,eBird_GBIF,2,2,2,NA
3497,2018,Combined,2,2,2,NA
3497,2019,eBird_GBIF,2,2,2,NA
3497,2019,Combined,2,2,2,NA
3497,2020,China_Birdwatch,6,5,5,1891.1969696969695
3497,2020,eBird_GBIF,1,1,1,NA
3497,2020,Combined,7,6,6,1891.1969696969695
3497,2021,China_Birdwatch,17,13,14,526.0527704485488
3497,2021,eBird_GBIF,40,28,23,NA
3497,2021,Combined,57,41,37,526.0527704485488
3497,2022,China_Birdwatch,25,21,22,481.7904040404038
3497,2022,eBird_GBIF,37,18,27,NA
3497,2022,Combined,62,39,44,481.7904040404038
3497,2023,China_Birdwatch,65,44,44,780.9627611262491
3497,2023,eBird_GBIF,37,25,21,NA
3497,2023,Combined,102,69,54,780.9627611262491
3497,2024,China_Birdwatch,226,153,101,935.4734886862524
3497,2024,Combined,226,153,101,935.4734886862524
3498,2013,eBird_GBIF,1,1,1,NA
3498,2013,Combined,1,1,1,NA
3498,2014,eBird_GBIF,1,1,1,NA
3498,2014,Combined,1,1,1,NA
3498,2015,eBird_GBIF,2,2,2,NA
3498,2015,Combined,2,2,2,NA
3498,2016,eBird_GBIF,3,3,2,NA
3498,2016,Combined,3,3,2,NA
3498,2017,eBird_GBIF,6,5,6,NA
3498,2017,Combined,6,5,6,NA
3498,2018,eBird_GBIF,11,8,7,NA
3498,2018,Combined,11,8,7,NA
3498,2019,China_Birdwatch,2,2,2,132
3498,2019,eBird_GBIF,10,8,9,NA
3498,2019,Combined,12,10,10,132
3498,2020,China_Birdwatch,6,2,6,318.7571428571429
3498,2020,eBird_GBIF,2,1,2,NA
3498,2020,Combined,8,3,8,318.7571428571429
3498,2021,China_Birdwatch,12,10,12,149.74324324324326
3498,2021,eBird_GBIF,27,19,20,NA
3498,2021,Combined,39,29,30,149.74324324324326
3498,2022,China_Birdwatch,55,10,49,3220.9802731411264
3498,2022,eBird_GBIF,74,15,66,NA
3498,2022,Combined,129,25,107,3220.9802731411264
3498,2023,China_Birdwatch,43,25,38,3101.2107438016524
3498,2023,eBird_GBIF,58,12,56,NA
3498,2023,Combined,101,37,84,3101.2107438016524
3498,2024,China_Birdwatch,263,128,166,376.93541058098054
3498,2024,Combined,263,128,166,376.93541058098054
3499,2006,eBird_GBIF,1,1,1,NA
3499,2006,Combined,1,1,1,NA
3499,2012,eBird_GBIF,1,1,1,NA
3499,2012,Combined,1,1,1,NA
3499,2014,eBird_GBIF,3,3,3,NA
3499,2014,Combined,3,3,3,NA
3499,2015,eBird_GBIF,2,2,2,NA
3499,2015,Combined,2,2,2,NA
3499,2016,eBird_GBIF,5,4,4,NA
3499,2016,Combined,5,4,4,NA
3499,2017,China_Birdwatch,1,1,1,64140
3499,2017,eBird_GBIF,3,2,3,NA
3499,2017,Combined,4,3,4,64140
3499,2018,eBird_GBIF,13,5,9,NA
3499,2018,Combined,13,5,9,NA
3499,2019,China_Birdwatch,2,2,2,63297.89473684211
3499,2019,eBird_GBIF,11,8,9,NA
3499,2019,Combined,13,10,11,63297.89473684211
3499,2020,China_Birdwatch,2,2,2,134.21052631578948
3499,2020,eBird_GBIF,1,1,1,NA
3499,2020,Combined,3,3,3,134.21052631578948
3499,2021,China_Birdwatch,12,4,12,149.26829268292684
3499,2021,eBird_GBIF,9,8,8,NA
3499,2021,Combined,21,12,18,149.26829268292684
3499,2022,China_Birdwatch,24,10,21,85.21611721611723
3499,2022,eBird_GBIF,18,9,17,NA
3499,2022,Combined,42,19,38,85.21611721611723
3499,2023,China_Birdwatch,54,21,49,220.5074812967581
3499,2023,eBird_GBIF,7,6,7,NA
3499,2023,Combined,61,27,55,220.5074812967581
3499,2024,China_Birdwatch,139,56,108,178.78964194373398
3499,2024,Combined,139,56,108,178.78964194373398
3568,2016,eBird_GBIF,2,2,1,NA
3568,2016,Combined,2,2,1,NA
3568,2017,eBird_GBIF,3,2,3,NA
3568,2017,Combined,3,2,3,NA
3568,2018,eBird_GBIF,2,2,1,NA
3568,2018,Combined,2,2,1,NA
3568,2019,eBird_GBIF,2,2,1,NA
3568,2019,Combined,2,2,1,NA
3568,2021,China_Birdwatch,1,1,1,780
3568,2021,Combined,1,1,1,780
3568,2022,China_Birdwatch,13,13,8,593.5
3568,2022,eBird_GBIF,8,7,7,NA
3568,2022,Combined,21,20,12,593.5
3568,2023,China_Birdwatch,33,31,23,74.78923076923077
3568,2023,eBird_GBIF,19,15,13,NA
3568,2023,Combined,52,46,30,74.78923076923077
3568,2024,China_Birdwatch,133,112,59,301.6108058608043
3568,2024,Combined,133,112,59,301.6108058608043
3569,2001,eBird_GBIF,2,2,2,NA
3569,2001,Combined,2,2,2,NA
3569,2002,eBird_GBIF,2,2,2,NA
3569,2002,Combined,2,2,2,NA
3569,2003,eBird_GBIF,4,1,4,NA
3569,2003,Combined,4,1,4,NA
3569,2004,eBird_GBIF,7,1,7,NA
3569,2004,Combined,7,1,7,NA
3569,2005,China_Birdwatch,1,1,1,2880
3569,2005,eBird_GBIF,8,1,8,NA
3569,2005,Combined,9,2,9,2880
3569,2006,eBird_GBIF,8,3,6,NA
3569,2006,Combined,8,3,6,NA
3569,2007,eBird_GBIF,14,3,14,NA
3569,2007,Combined,14,3,14,NA
3569,2008,eBird_GBIF,2,1,2,NA
3569,2008,Combined,2,1,2,NA
3569,2009,China_Birdwatch,1,1,1,6360
3569,2009,eBird_GBIF,15,6,14,NA
3569,2009,Combined,16,7,15,6360
3569,2010,eBird_GBIF,18,7,12,NA
3569,2010,Combined,18,7,12,NA
3569,2011,eBird_GBIF,1,1,1,NA
3569,2011,Combined,1,1,1,NA
3569,2012,eBird_GBIF,20,6,19,NA
3569,2012,Combined,20,6,19,NA
3569,2013,eBird_GBIF,27,4,26,NA
3569,2013,Combined,27,4,26,NA
3569,2014,eBird_GBIF,23,8,12,NA
3569,2014,Combined,23,8,12,NA
3569,2015,China_Birdwatch,1,1,1,485880
3569,2015,eBird_GBIF,14,8,12,NA
3569,2015,Combined,15,9,12,485880
3569,2016,China_Birdwatch,3,1,3,1987.1428571428573
3569,2016,eBird_GBIF,26,11,18,NA
3569,2016,Combined,29,12,21,1987.1428571428573
3569,2017,China_Birdwatch,4,4,4,3884.3076923076924
3569,2017,eBird_GBIF,53,21,34,NA
3569,2017,Combined,57,25,36,3884.3076923076924
3569,2018,China_Birdwatch,6,5,6,23627.856060606056
3569,2018,eBird_GBIF,68,35,41,NA
3569,2018,Combined,74,40,45,23627.856060606056
3569,2019,China_Birdwatch,5,2,5,597.2033898305085
3569,2019,eBird_GBIF,47,17,36,NA
3569,2019,Combined,52,19,37,597.2033898305085
3569,2020,China_Birdwatch,3,3,3,5484.299999999998
3569,2020,eBird_GBIF,45,18,33,NA
3569,2020,Combined,48,21,35,5484.299999999998
3569,2021,China_Birdwatch,58,29,46,15655.49673202616
3569,2021,eBird_GBIF,129,52,69,NA
3569,2021,Combined,187,81,97,15655.49673202616
3569,2022,China_Birdwatch,78,34,52,1020.4817295980503
3569,2022,eBird_GBIF,162,46,59,NA
3569,2022,Combined,240,80,85,1020.4817295980503
3569,2023,China_Birdwatch,194,98,118,1085.0298833819236
3569,2023,eBird_GBIF,175,68,87,NA
3569,2023,Combined,369,166,160,1085.0298833819236
3569,2024,China_Birdwatch,737,336,189,555.5483372003109
3569,2024,Combined,737,336,189,555.5483372003109
3570,2000,eBird_GBIF,1,1,1,NA
3570,2000,Combined,1,1,1,NA
3570,2003,eBird_GBIF,1,1,1,NA
3570,2003,Combined,1,1,1,NA
3570,2006,eBird_GBIF,4,3,3,NA
3570,2006,Combined,4,3,3,NA
3570,2007,eBird_GBIF,3,1,3,NA
3570,2007,Combined,3,1,3,NA
3570,2008,eBird_GBIF,1,1,1,NA
3570,2008,Combined,1,1,1,NA
3570,2009,China_Birdwatch,1,1,1,180
3570,2009,eBird_GBIF,1,1,1,NA
3570,2009,Combined,2,2,2,180
3570,2010,eBird_GBIF,2,1,2,NA
3570,2010,Combined,2,1,2,NA
3570,2015,China_Birdwatch,1,1,1,1440
3570,2015,eBird_GBIF,1,1,1,NA
3570,2015,Combined,2,2,2,1440
3570,2016,eBird_GBIF,2,2,2,NA
3570,2016,Combined,2,2,2,NA
3570,2017,China_Birdwatch,1,1,1,3600
3570,2017,Combined,1,1,1,3600
3570,2018,eBird_GBIF,2,2,2,NA
3570,2018,Combined,2,2,2,NA
3570,2019,eBird_GBIF,16,11,15,NA
3570,2019,Combined,16,11,15,NA
3570,2020,China_Birdwatch,2,2,2,98.18181818181819
3570,2020,eBird_GBIF,4,4,4,NA
3570,2020,Combined,6,6,6,98.18181818181819
3570,2021,China_Birdwatch,6,4,6,61.714285714285715
3570,2021,eBird_GBIF,27,10,22,NA
3570,2021,Combined,33,14,26,61.714285714285715
3570,2022,China_Birdwatch,29,9,28,838.5714285714289
3570,2022,eBird_GBIF,23,7,23,NA
3570,2022,Combined,52,16,51,838.5714285714289
3570,2023,China_Birdwatch,107,30,91,594.3440428380188
3570,2023,eBird_GBIF,40,17,26,NA
3570,2023,Combined,147,47,109,594.3440428380188
3570,2024,China_Birdwatch,407,198,200,4530.766936884777
3570,2024,Combined,407,198,200,4530.766936884777
3571,2012,eBird_GBIF,1,1,1,NA
3571,2012,Combined,1,1,1,NA
3571,2013,eBird_GBIF,2,2,2,NA
3571,2013,Combined,2,2,2,NA
3571,2018,China_Birdwatch,1,1,1,119
3571,2018,Combined,1,1,1,119
3571,2019,eBird_GBIF,1,1,1,NA
3571,2019,Combined,1,1,1,NA
3571,2020,China_Birdwatch,14,2,13,50.403225806451616
3571,2020,Combined,14,2,13,50.403225806451616
3571,2021,China_Birdwatch,17,2,17,127.61111111111111
3571,2021,eBird_GBIF,1,1,1,NA
3571,2021,Combined,18,3,18,127.61111111111111
3571,2022,China_Birdwatch,4,4,4,342.3404255319149
3571,2022,eBird_GBIF,1,1,1,NA
3571,2022,Combined,5,5,5,342.3404255319149
3571,2023,China_Birdwatch,10,7,10,142.43835616438355
3571,2023,Combined,10,7,10,142.43835616438355
3571,2024,China_Birdwatch,24,13,21,227.82758620689657
3571,2024,Combined,24,13,21,227.82758620689657
3641,2006,eBird_GBIF,2,2,2,NA
3641,2006,Combined,2,2,2,NA
3641,2009,eBird_GBIF,3,2,3,NA
3641,2009,Combined,3,2,3,NA
3641,2010,eBird_GBIF,3,2,3,NA
3641,2010,Combined,3,2,3,NA
3641,2012,eBird_GBIF,1,1,1,NA
3641,2012,Combined,1,1,1,NA
3641,2014,eBird_GBIF,2,1,2,NA
3641,2014,Combined,2,1,2,NA
3641,2015,China_Birdwatch,2,1,2,0
3641,2015,Combined,2,1,2,0
3641,2016,eBird_GBIF,5,4,5,NA
3641,2016,Combined,5,4,5,NA
3641,2017,eBird_GBIF,5,4,5,NA
3641,2017,Combined,5,4,5,NA
3641,2018,China_Birdwatch,3,3,3,1755.31914893617
3641,2018,eBird_GBIF,10,5,9,NA
3641,2018,Combined,13,8,11,1755.31914893617
3641,2019,China_Birdwatch,1,1,1,132.33333333333334
3641,2019,eBird_GBIF,10,3,9,NA
3641,2019,Combined,11,4,10,132.33333333333334
3641,2020,eBird_GBIF,4,4,3,NA
3641,2020,Combined,4,4,3,NA
3641,2021,China_Birdwatch,7,7,6,295.30496453900713
3641,2021,eBird_GBIF,22,21,16,NA
3641,2021,Combined,29,28,22,295.30496453900713
3641,2022,China_Birdwatch,17,11,17,4652.9662162162185
3641,2022,eBird_GBIF,42,27,25,NA
3641,2022,Combined,59,38,39,4652.9662162162185
3641,2023,China_Birdwatch,90,51,68,6621.635944700464
3641,2023,eBird_GBIF,58,28,42,NA
3641,2023,Combined,148,79,90,6621.635944700464
3641,2024,China_Birdwatch,227,120,139,461.7662337662342
3641,2024,Combined,227,120,139,461.7662337662342
3642,2007,eBird_GBIF,1,1,1,NA
3642,2007,Combined,1,1,1,NA
3642,2008,eBird_GBIF,2,1,2,NA
3642,2008,Combined,2,1,2,NA
3642,2009,eBird_GBIF,1,1,1,NA
3642,2009,Combined,1,1,1,NA
3642,2010,eBird_GBIF,5,1,5,NA
3642,2010,Combined,5,1,5,NA
3642,2012,eBird_GBIF,1,1,1,NA
3642,2012,Combined,1,1,1,NA
3642,2013,eBird_GBIF,1,1,1,NA
3642,2013,Combined,1,1,1,NA
3642,2014,eBird_GBIF,2,1,2,NA
3642,2014,Combined,2,1,2,NA
3642,2015,eBird_GBIF,5,2,5,NA
3642,2015,Combined,5,2,5,NA
3642,2016,eBird_GBIF,3,3,3,NA
3642,2016,Combined,3,3,3,NA
3642,2017,eBird_GBIF,4,3,4,NA
3642,2017,Combined,4,3,4,NA
3642,2018,China_Birdwatch,1,1,1,360
3642,2018,eBird_GBIF,6,4,6,NA
3642,2018,Combined,7,5,6,360
3642,2019,eBird_GBIF,6,4,6,NA
3642,2019,Combined,6,4,6,NA
3642,2020,eBird_GBIF,12,8,9,NA
3642,2020,Combined,12,8,9,NA
3642,2021,China_Birdwatch,9,7,9,13726.70652173913
3642,2021,eBird_GBIF,3,1,3,NA
3642,2021,Combined,12,8,11,13726.70652173913
3642,2022,China_Birdwatch,18,12,14,37244.787878787894
3642,2022,eBird_GBIF,12,8,9,NA
3642,2022,Combined,30,20,22,37244.787878787894
3642,2023,China_Birdwatch,60,44,48,1770.0748663101606
3642,2023,eBird_GBIF,38,22,27,NA
3642,2023,Combined,98,66,62,1770.0748663101606
3642,2024,China_Birdwatch,230,139,119,312.2719788297566
3642,2024,Combined,230,139,119,312.2719788297566
