covariate,species,mean,l95,u95,sig95
(Intercept),Abroscopus albogularis,-3.2452677917879034,-4.1889998941798225,-1.9776867711051098,TRUE
(Intercept),Accipiter nisus,2.3540500264528648,-2.37689865466463,4.340135543746144,FALSE
(Intercept),Accipiter soloensis,-2.636660380342144,-3.5397079047493993,-1.8462225177751448,TRUE
(Intercept),Accipiter trivirgatus,-3.140898711405521,-5.233985455024255,1.2097821254542656,FALSE
(Intercept),Accipiter virgatus,-2.5974188515886287,-3.504242075369919,-1.271612342121081,TRUE
(Intercept),Acridotheres cristatellus,-2.693136759382338,-3.4623165007930217,-1.6990135103036432,TRUE
(Intercept),Acrocephalus orientalis,-0.4601833002665689,-1.302030009154385,1.8927422636229891,FALSE
(Intercept),Actitis hypoleucos,2.24368622403806,1.1756776151853152,3.8776701738512545,TRUE
(Intercept),Aegithalos concinnus,-2.7295035481544128,-3.435680411514487,-2.054028466939637,TRUE
(Intercept),Aegithalos glaucogularis,-1.9103844879144343,-2.552697170186411,-1.3644634143257248,TRUE
(Intercept),Aethopyga christinae,-6.0622646938276565,-7.901297718861488,-3.741202224179303,TRUE
(Intercept),Aix galericulata,-0.8000328885667375,-1.6430329789589881,-0.026906079966240472,TRUE
(Intercept),Alauda arvensis,0.25386617352884866,-0.5687032169582754,0.9880731121751952,FALSE
(Intercept),Alauda gulgula,-0.4295266810101692,-1.761909612282975,2.345577271173244,FALSE
(Intercept),Alcedo atthis,0.5877976501523557,-0.31540655241675863,1.3763869288959305,FALSE
(Intercept),Amaurornis phoenicurus,-2.7395787638323768,-3.654896638249627,-1.396831946169468,TRUE
(Intercept),Anas acuta,0.5467347391788487,-0.22243429691492528,2.210727418223582,FALSE
(Intercept),Anas carolinensis,0.8311460473475428,0.05938870194005445,1.7969449141967966,TRUE
(Intercept),Anas platyrhynchos,1.7970374168260643,1.052805923920392,2.4102821268388004,TRUE
(Intercept),Anas zonorhyncha,0.02243194132152052,-1.2733944996510305,1.0082473318238498,FALSE
(Intercept),Anser anser,-0.003911039805627976,-0.9166519532140909,0.9077562466984553,FALSE
(Intercept),Anthus hodgsoni,0.8456607563308947,-0.18786277059286155,1.615137290069367,FALSE
(Intercept),Anthus richardi,1.0482944897265392,-0.05782472703233345,1.7590719802874268,FALSE
(Intercept),Anthus roseatus,-0.8294104538879656,-1.5022494766040313,0.015807571696281584,FALSE
(Intercept),Anthus rubescens,-1.2201821355470228,-1.9378066940271745,-0.36309164444078523,TRUE
(Intercept),Anthus spinoletta,1.8247285754974596,0.9215013017451096,2.7045372668279226,TRUE
(Intercept),Apus apus,1.0540531214065763,0.0492201040955369,3.1046861914195363,TRUE
(Intercept),Apus nipalensis,-3.6956083063020304,-4.768552140583271,-2.829516079142451,TRUE
(Intercept),Apus pacificus,2.319256085638164,0.5370397550082109,3.979739536783523,TRUE
(Intercept),Aquila chrysaetos,0.8469653582069245,0.07069163489751912,1.7028372645203471,TRUE
(Intercept),Ardea alba,1.555773823301129,0.6882605779897102,2.2944576683590663,TRUE
(Intercept),Ardea cinerea,1.1774301360772563,-0.24580439122799475,2.5108138864886884,FALSE
(Intercept),Ardeola bacchus,-0.5721696547828199,-1.3141178871225003,0.9400283693036787,FALSE
(Intercept),Athene noctua,1.349524285959075,0.4967271797786879,2.6019530976931087,TRUE
(Intercept),Aythya ferina,0.6299600087814181,-0.6730814012631259,3.0155073654751083,FALSE
(Intercept),Aythya fuligula,0.6759281376040598,-0.21058759121136228,1.5500401607969594,FALSE
(Intercept),Aythya nyroca,-0.025959299789347617,-2.493416257966859,0.9410711579194889,FALSE
(Intercept),Bambusicola thoracicus,-3.6220145167131905,-4.333722160222777,-2.9961717516175193,TRUE
(Intercept),Bubulcus coromandus,-0.48189903928787065,-1.6319002187614362,0.3773191497492764,FALSE
(Intercept),Buteo hemilasius,0.865808519668842,-1.6639186773598154,2.1012527698751216,FALSE
(Intercept),Buteo japonicus,1.5881558944648164,0.6575821713867103,2.3487265378685698,TRUE
(Intercept),Butorides striata,-2.2628738523000984,-3.100158778026813,-1.569587953488668,TRUE
(Intercept),Carpodacus erythrinus,1.797334912353074,0.7642644514650767,3.2005057916745288,TRUE
(Intercept),Cecropis daurica,0.31125759935816943,-1.754224097695077,1.4888744673549954,FALSE
(Intercept),Ceryle rudis,-4.712039698644542,-5.532987630016121,-2.876156341234281,TRUE
(Intercept),Chaimarrornis leucocephalus,-2.113853187573702,-3.1446575487587993,-1.0065263824475958,TRUE
(Intercept),Charadrius alexandrinus,-0.3684460396001705,-1.4054368811725286,0.4493849848133713,FALSE
(Intercept),Charadrius dubius,1.3519715221193265,0.3829037036712663,2.18173099696792,TRUE
(Intercept),Chlidonias hybrida,0.02326008334402968,-0.5970177764143456,0.7645918984207047,FALSE
(Intercept),Chloris sinica,2.1192055308268922,1.4646424376245104,2.8381244259850456,TRUE
(Intercept),Chroicocephalus ridibundus,-0.20876347874423815,-4.5243084643854985,1.1970989906104437,FALSE
(Intercept),Cinclus pallasii,-1.1033692024414579,-1.7734405428791504,0.03575516026308372,FALSE
(Intercept),Circus cyaneus,0.8729721747683288,-9.33667024062549e-5,1.6224386587846353,FALSE
(Intercept),Circus spilonotus,-0.7612365901693253,-1.6796783873406356,0.22218765225830212,FALSE
(Intercept),Cisticola juncidis,-3.0807781744162885,-3.7720780297794185,-2.4126106284180735,TRUE
(Intercept),Columba livia,1.2859318876442716,-1.2817944499117229,3.0286982570376635,FALSE
(Intercept),Columba rupestris,2.1548865880858523,1.0592134563780367,2.999025220377101,TRUE
(Intercept),Copsychus saularis,-4.775918321013104,-5.7114356295777,-3.110408966271018,TRUE
(Intercept),Corvus corax,-0.2719199018947064,-1.1186842128458585,0.6830478856323594,FALSE
(Intercept),Corvus corone,1.057078904636145,0.39030469567964926,2.0380996565483724,TRUE
(Intercept),Corvus macrorhynchos,0.038916025473094314,-2.0779465533574393,0.9800563082602854,FALSE
(Intercept),Cuculus canorus,4.677138267384836,3.581975285248261,5.931679731177638,TRUE
(Intercept),Cuculus micropterus,-1.1951573548328749,-2.0347034891929865,-0.2531222880726149,TRUE
(Intercept),Cuculus sparverioides,-1.6541229031673033,-2.6204984933482014,-0.5646803635146405,TRUE
(Intercept),Culicicapa ceylonensis,-2.957469551048038,-4.106588476526183,-2.181917994870253,TRUE
(Intercept),Cyanopica cyanus,-0.24368601523463826,-0.9296921829835442,0.37005162338983694,FALSE
(Intercept),Delichon dasypus,-0.307445267952098,-2.328753532486139,1.3689386918473005,FALSE
(Intercept),Dendrocitta formosae,-4.72982100411307,-5.536757231182622,-3.5322529701448824,TRUE
(Intercept),Dendrocopos major,0.32447764062061163,-1.40118758782289,1.1736571105052043,FALSE
(Intercept),Dicrurus hottentottus,-2.449337353763139,-3.8676677234194807,-1.0547934442947795,TRUE
(Intercept),Dicrurus leucophaeus,-2.656380332656679,-3.7523153794354656,-0.7522265627991226,TRUE
(Intercept),Dicrurus macrocercus,-1.2946344631536222,-2.086543192238565,-0.4765668886029739,TRUE
(Intercept),Egretta garzetta,-0.7403487267819006,-1.4910524977397492,-0.07193103582925162,TRUE
(Intercept),Elanus caeruleus,-3.6394885260686927,-4.565327856682275,-2.3770398620072686,TRUE
(Intercept),Emberiza cioides,8.120444565923387e-4,-0.7911519044655361,1.6166804479744168,FALSE
(Intercept),Emberiza elegans,-0.6627662778111325,-1.6874286734827482,0.16871896656637073,FALSE
(Intercept),Emberiza godlewskii,-0.021942909126858808,-1.3663599023369426,1.6514737593078574,FALSE
(Intercept),Emberiza pusilla,0.41211752323773143,-0.2217738639783296,1.1552210826321208,FALSE
(Intercept),Emberiza spodocephala,-0.1327794192182233,-0.9217868528803875,0.7763814580383043,FALSE
(Intercept),Enicurus leschenaulti,-2.6185349995550298,-3.55624347101305,-1.1265348463276146,TRUE
(Intercept),Eophona migratoria,-1.724108675913212,-2.437866296432052,-0.7677580723962697,TRUE
(Intercept),Eremophila alpestris,0.061881531006836604,-0.6653275593244489,1.0263134414183956,FALSE
(Intercept),Eudynamys scolopaceus,-2.8952160933653044,-3.8331728570835963,-1.8483270683035875,TRUE
(Intercept),Eumyias thalassinus,-3.8224156498469988,-4.759518830311362,-2.9781950918097793,TRUE
(Intercept),Falco amurensis,-0.9358066426743744,-1.6163959563541073,0.026552371873684342,FALSE
(Intercept),Falco peregrinus,1.111475908093212,-0.9091117173867189,2.33006021501784,FALSE
(Intercept),Falco subbuteo,1.745031986494597,0.9964767804119087,2.61095615232279,TRUE
(Intercept),Falco tinnunculus,2.6636052671135717,1.9748799331817173,3.3022957254701732,TRUE
(Intercept),Ficedula albicilla,1.8095989839550433,0.9943610475998793,3.0002783668637907,TRUE
(Intercept),Fringilla montifringilla,0.5118450419419658,-0.4690440315590991,1.4867563747276262,FALSE
(Intercept),Fulica atra,0.2197984567252621,-0.47575633360304753,0.9233015322284437,FALSE
(Intercept),Gallinago gallinago,0.4531582799922239,-0.2950653515422109,1.1412352047685457,FALSE
(Intercept),Gallinula chloropus,0.49402944974115853,-0.2525809698248668,1.1243859612646891,FALSE
(Intercept),Garrulax canorus,-3.0527626847002924,-5.563024255678063,2.525444831976873,FALSE
(Intercept),Garrulus glandarius,-0.601408197594487,-1.1975491960031097,0.18496098511540082,FALSE
(Intercept),Gracupica nigricollis,-5.606857492947644,-6.6463578127100895,-4.169071052149593,TRUE
(Intercept),Gyps himalayensis,-3.018879133137795,-3.7575342182952185,-1.928232383130298,TRUE
(Intercept),Halcyon smyrnensis,-6.071785977875166,-7.254924945811224,-4.749976046302087,TRUE
(Intercept),Hemixos castanonotus,-6.785329634142313,-8.837118041378021,-1.7083849141040084,TRUE
(Intercept),Himantopus himantopus,0.4341685393664534,-0.7688151170987658,1.2040863842181282,FALSE
(Intercept),Hirundo rustica,2.094105011541822,-3.197599704474755,3.8288288970596644,FALSE
(Intercept),Horornis fortipes,-2.7165811521573224,-3.4376848841945007,-1.6125204267500124,TRUE
(Intercept),Hypsipetes leucocephalus,-4.495906371588215,-5.400362108478818,-3.635958075968388,TRUE
(Intercept),Ixobrychus sinensis,-1.2911895720597002,-2.0702857628736444,0.02467370192334709,FALSE
(Intercept),Ixos mcclellandii,-4.447073762447469,-5.679619904148592,-3.24524363718918,TRUE
(Intercept),Lanius cristatus,1.4564026465425202,-1.1422234736786554,2.651811635913355,FALSE
(Intercept),Lanius schach,-2.3631259740844888,-3.226786343742529,-1.4784807940687659,TRUE
(Intercept),Lanius sphenocercus,-1.0867695401314637,-1.9392778777271762,0.1349998974411603,FALSE
(Intercept),Lanius tephronotus,-2.3734196578264917,-3.3528759691723575,-0.45546785272506857,TRUE
(Intercept),Leiothrix lutea,-2.1771263512836896,-3.0770869885293504,-1.2461084849350215,TRUE
(Intercept),Lonchura punctulata,-5.950076139278807,-7.638600891234033,-2.8343028802552146,TRUE
(Intercept),Lonchura striata,-4.412487776489678,-5.709930702123717,-1.5043696068572423,TRUE
(Intercept),Mareca falcata,-0.49270857031377124,-2.019403566569559,2.214001725250042,FALSE
(Intercept),Mareca penelope,0.17460070245826062,-0.9847694560932237,0.9453880424391029,FALSE
(Intercept),Mareca strepera,0.5254901418219746,-0.30070939060186513,1.4755159794113597,FALSE
(Intercept),Mergus merganser,1.7628614971470193,0.8910915574201316,2.922779131776694,TRUE
(Intercept),Milvus migrans,1.0079743164772226,0.2648898418857746,1.9847529662137742,TRUE
(Intercept),Monticola solitarius,-0.9307242199131311,-2.145024377296531,-0.04016894416088134,TRUE
(Intercept),Motacilla alba,4.863057119370269,2.597458159683659,7.312248522692912,TRUE
(Intercept),Motacilla cinerea,2.22155786159455,1.2002304348416057,3.2802050513200367,TRUE
(Intercept),Motacilla citreola,1.322671608394631,0.25463749530804897,2.3148985274534346,TRUE
(Intercept),Motacilla tschutschensis,1.5488668546648465,0.759256373365838,2.3307872719672456,TRUE
(Intercept),Muscicapa sibirica,1.8456267591269868,0.6116607316797497,3.183884313909195,TRUE
(Intercept),Myophonus caeruleus,-1.7644367766722764,-2.44235631445563,-1.15023138627186,TRUE
(Intercept),Nycticorax nycticorax,-0.7553690257182969,-2.0692821723110364,0.20424330071180832,FALSE
(Intercept),Oriolus chinensis,-0.9416029686533569,-1.8169945780045162,0.15315079139291948,FALSE
(Intercept),Pardaliparus venustulus,-0.8935498196703234,-2.274505890648655,-0.050053394520003396,TRUE
(Intercept),Parus minor,0.6766452856363072,-0.027915588824707637,1.3130294469307042,FALSE
(Intercept),Parus monticolus,-2.455941154887062,-3.0892285471102614,-1.6665658847359712,TRUE
(Intercept),Passer cinnamomeus,0.04849570127318241,-1.3622972091796697,3.6308373259071978,FALSE
(Intercept),Passer montanus,4.405107488086537,2.431764187451841,5.896209013966958,TRUE
(Intercept),Pericrocotus solaris,-5.4466673481023635,-6.996081135806414,-3.8874414439219755,TRUE
(Intercept),Periparus ater,0.10027113612471425,-0.7167659431582951,1.005173827867623,FALSE
(Intercept),Pernis ptilorhynchus,0.09649309878255204,-0.875501565898603,0.7707200247242737,FALSE
(Intercept),Phalacrocorax carbo,1.2045396582709549,0.024501691812859917,1.9594791148372586,TRUE
(Intercept),Phasianus colchicus,1.6784060536006138,0.627278352940049,2.309995457860377,TRUE
(Intercept),Phoenicurus auroreus,1.1023445185987368,0.42830712553682837,1.7369562218472558,TRUE
(Intercept),Phoenicurus frontalis,-2.346259845565156,-3.4114878831059654,-1.308226509690787,TRUE
(Intercept),Phoenicurus fuliginosus,-1.3012001941238427,-2.086272496741296,0.833282581582564,FALSE
(Intercept),Phoenicurus ochruros,-1.0236879346595842,-2.5663004047979117,1.830347450048944,FALSE
(Intercept),Phylloscopus fuscatus,0.5288487190556191,-0.6304566103361289,1.2741459486565394,FALSE
(Intercept),Phylloscopus humei,1.0688304222803713,0.1397649369143764,2.019097068394974,TRUE
(Intercept),Phylloscopus inornatus,-0.3865650699269641,-1.588112074897039,1.1020636657983829,FALSE
(Intercept),Phylloscopus proregulus,0.28428833492183986,-0.6199694407559111,1.048675568781073,FALSE
(Intercept),Pica serica,0.4972201983929232,-0.5360614497198563,1.6942528788334974,FALSE
(Intercept),Picoides canicapillus,-2.8773649624144073,-5.0213590172269775,-0.510968803713831,TRUE
(Intercept),Picumnus innominatus,-3.2431971322586857,-4.207809260109936,-1.8891895397226226,TRUE
(Intercept),Picus canus,0.5174149082839494,-0.2372603575111238,1.1883409161523077,FALSE
(Intercept),Platalea leucorodia,-1.3664549240575328,-2.2552992209035647,-0.44244608579138656,TRUE
(Intercept),Podiceps cristatus,0.8258640849683088,-0.04145402920787321,1.837990918251909,FALSE
(Intercept),Pomatorhinus ruficollis,-3.9228025269677254,-4.810605246664353,-3.0440478777715207,TRUE
(Intercept),Prinia flaviventris,-6.068279081299508,-10.113148602396048,-1.3933031657367136,TRUE
(Intercept),Prinia inornata,-4.239524055972215,-7.199796171414639,-1.1348411186800598,TRUE
(Intercept),Psilopogon virens,-4.04431236176864,-4.974395055283164,-2.8874430651462606,TRUE
(Intercept),Pterorhinus sannio,-3.1769459702880476,-4.256243387302552,-2.354370696502876,TRUE
(Intercept),Ptyonoprogne rupestris,1.7028001092265426,0.5273076981955226,2.728018035980057,TRUE
(Intercept),Pycnonotus aurigaster,-7.391391337378522,-9.301959937001627,-4.1536353031686195,TRUE
(Intercept),Pycnonotus jocosus,-4.910953466250605,-6.685380934588507,1.167178799456041,FALSE
(Intercept),Pycnonotus sinensis,-2.210980526467108,-4.094036055109408,-1.1714937343732037,TRUE
(Intercept),Pycnonotus xanthorrhous,-2.5213106854022653,-3.267378826389603,-1.3498415887752264,TRUE
(Intercept),Pyrrhocorax pyrrhocorax,0.630388008521833,-1.8001704412627582,1.5681786216329905,FALSE
(Intercept),Recurvirostra avosetta,-0.5761069101703848,-1.3259367674580789,0.5398198262739857,FALSE
(Intercept),Regulus regulus,0.6086549497560141,-0.26500178686975645,1.348296906934706,FALSE
(Intercept),Riparia diluta,-0.53895165573582,-1.1339345452685388,0.11375814196499151,FALSE
(Intercept),Riparia riparia,0.9714477229594554,0.10808219682367727,1.819833679588362,TRUE
(Intercept),Saxicola ferreus,-2.739255640070676,-4.026459435221585,-0.4786565362665269,TRUE
(Intercept),Saxicola maurus,0.24058244135446497,-0.8326790464436872,1.66256426531975,FALSE
(Intercept),Saxicola stejnegeri,-1.3252563504260695,-2.1335085557895463,-0.5780111266837528,TRUE
(Intercept),Sinosuthora webbiana,-1.7506469276173058,-2.54441064491409,-0.5290388729078805,TRUE
(Intercept),Sitta europaea,-1.520735414049752,-2.143782484062113,-0.9280514168497459,TRUE
(Intercept),Spatula clypeata,0.6100105669365742,-0.17765568602910012,1.7311269591813467,FALSE
(Intercept),Spilopelia chinensis,-1.2793235555740559,-1.8851881067799887,-0.6236197315390366,TRUE
(Intercept),Spizixos semitorques,-2.9644104855654265,-3.748126049471559,-2.1949673559582203,TRUE
(Intercept),Spodiopsar cineraceus,0.2698839903226491,-1.0649808342781588,1.174419794388648,FALSE
(Intercept),Spodiopsar sericeus,-3.55473228418233,-4.846258188827063,-2.464686714274459,TRUE
(Intercept),Stachyridopsis ruficeps,-4.094630329266329,-5.551380356937922,-3.0733814212560153,TRUE
(Intercept),Sterna hirundo,0.6855077755746862,0.024422889671167576,1.486270342472951,TRUE
(Intercept),Streptopelia decaocto,0.021871251931357343,-0.6960286190716624,0.9914239706217601,FALSE
(Intercept),Streptopelia orientalis,1.7387849184241524,1.1191564284207058,2.3299703302646124,TRUE
(Intercept),Tachybaptus ruficollis,0.6618010457208677,0.02258326059035004,1.596311385135046,TRUE
(Intercept),Tadorna ferruginea,1.2696943698402336,0.24303091752566056,2.270771366363826,TRUE
(Intercept),Tadorna tadorna,-0.32130781055062774,-1.2603284284507388,0.635533476373412,FALSE
(Intercept),Tarsiger cyanurus,0.030291042309369735,-1.755964551223267,1.0525532640562627,FALSE
(Intercept),Tringa erythropus,-0.4672598757377904,-1.0107424630281334,0.08731773333369602,FALSE
(Intercept),Tringa glareola,0.5178025894351858,-0.2620210757672731,1.256432609265315,FALSE
(Intercept),Tringa nebularia,0.014997004865031907,-0.6472554383934005,0.9304443877400792,FALSE
(Intercept),Tringa ochropus,1.4773575206688947,0.5709608962960171,2.2150349388528996,TRUE
(Intercept),Tringa totanus,-0.2272370054890453,-1.9013983841092532,0.7892291309592213,FALSE
(Intercept),Trochalopteron elliotii,-2.3661200074244872,-3.0641459780346514,-1.6812255729608159,TRUE
(Intercept),Troglodytes troglodytes,1.1463345307093935,-0.25216842510139126,2.563343401686078,FALSE
(Intercept),Turdus eunomus,0.10107602414809506,-0.890331203074423,1.2158653660573777,FALSE
(Intercept),Turdus hortulorum,-3.51979475272393,-4.3359308169387045,-2.56159447187921,TRUE
(Intercept),Turdus mandarinus,-2.096717644228094,-2.7621313196758552,-1.408648040209004,TRUE
(Intercept),Turdus naumanni,-0.33745593367019133,-1.2398447310235603,0.601883655308746,FALSE
(Intercept),Upupa epops,2.6825474086281003,1.6585895928656202,3.3883639054186085,TRUE
(Intercept),Urocissa erythroryncha,-3.3778762452356537,-4.6706192745175725,-1.4919766747387129,TRUE
(Intercept),Vanellus cinereus,-1.0304227581014094,-3.498341365307576,0.741560445039243,FALSE
(Intercept),Vanellus vanellus,-0.1029549069811854,-0.747973150131159,0.4133702601276079,FALSE
(Intercept),Yungipicus canicapillus,-1.4139597689765881,-2.4255508677771545,-0.7847885935588484,TRUE
(Intercept),Zosterops simplex,-3.1030433981102097,-4.206179416202071,-1.398601327036955,TRUE
bio11,Abroscopus albogularis,-0.18110359088097094,-0.812383705845193,0.3495924186178077,FALSE
bio11,Accipiter nisus,0.1751103724103225,-0.3815275836300397,0.8107201328833205,FALSE
bio11,Accipiter soloensis,0.09355229080657343,-0.3125942111463367,0.5129738241607411,FALSE
bio11,Accipiter trivirgatus,-0.07807616739337483,-0.697914368176438,0.4632725896594569,FALSE
bio11,Accipiter virgatus,-0.08154176215325419,-0.5726638846435982,0.35926909994547257,FALSE
bio11,Acridotheres cristatellus,0.34790091613296337,0.029000456304472937,0.7030506313063927,TRUE
bio11,Acrocephalus orientalis,0.4484527701576525,-0.03648270110190503,0.9991885933905454,FALSE
bio11,Actitis hypoleucos,0.2844078506798584,-0.18626317994693775,0.849526794319554,FALSE
bio11,Aegithalos concinnus,-0.21816557994042066,-0.8536084625993523,0.33915243840741405,FALSE
bio11,Aegithalos glaucogularis,0.22741188338855012,-0.1773818250409577,0.6632878005313757,FALSE
bio11,Aethopyga christinae,0.008273281741404369,-0.6128223275423419,0.5639172860530343,FALSE
bio11,Aix galericulata,-0.02530348092084026,-0.4239809099167007,0.4501914171510096,FALSE
bio11,Alauda arvensis,0.0651986236584459,-0.35487207632404366,0.5779014944147837,FALSE
bio11,Alauda gulgula,-0.24661378147475477,-0.694797576272591,0.15908422498576058,FALSE
bio11,Alcedo atthis,0.43015300568473874,0.07040511173434615,0.8280337553168842,TRUE
bio11,Amaurornis phoenicurus,0.3077258072471743,-0.08170289548348816,0.6915783124779794,FALSE
bio11,Anas acuta,0.2510050369430825,-0.19086014696587977,0.788538289585004,FALSE
bio11,Anas carolinensis,0.1203915965020921,-0.23515979660841163,0.4722479847617892,FALSE
bio11,Anas platyrhynchos,0.3596969253522577,-0.0932124414892121,0.860877249788389,FALSE
bio11,Anas zonorhyncha,0.1289884721390633,-0.2544608631579124,0.5276937410227128,FALSE
bio11,Anser anser,0.3728418389727168,-0.07047506966472927,0.8861439846477726,FALSE
bio11,Anthus hodgsoni,-0.16440071892441208,-0.46270887892368096,0.12948440870121697,FALSE
bio11,Anthus richardi,0.1487177453064782,-0.20920915093637332,0.5871816640616582,FALSE
bio11,Anthus roseatus,-0.07676739420876436,-0.437720128986686,0.3063166832192304,FALSE
bio11,Anthus rubescens,0.14377940925763313,-0.2153301615330235,0.5545535946059104,FALSE
bio11,Anthus spinoletta,0.1933724571973618,-0.30464791380793554,0.7360293982875773,FALSE
bio11,Apus apus,0.23611117595304829,-0.22092583986563258,0.7250667577966242,FALSE
bio11,Apus nipalensis,-0.021269584603478373,-0.6820264751884395,0.5237991115045649,FALSE
bio11,Apus pacificus,0.09892129039918991,-0.298966257896217,0.6296245577367648,FALSE
bio11,Aquila chrysaetos,-0.03995427268827605,-0.5243379876323268,0.41248454914273947,FALSE
bio11,Ardea alba,0.506333489291702,0.054204277774311485,1.0215705082861903,TRUE
bio11,Ardea cinerea,0.5380846918993151,0.14609506522152382,0.9185506165297215,TRUE
bio11,Ardeola bacchus,0.21641427114256942,-0.08404863168197488,0.5507214307395897,FALSE
bio11,Athene noctua,0.1617641155179829,-0.2743434272234928,0.685534126836679,FALSE
bio11,Aythya ferina,0.3221245275364029,-0.15169585537571786,0.9452216857897019,FALSE
bio11,Aythya fuligula,0.3270035904109767,-0.05881887995594881,0.8160199263308131,FALSE
bio11,Aythya nyroca,0.3653972369017706,-0.05939111202518635,0.8622714500424395,FALSE
bio11,Bambusicola thoracicus,-0.20456288817337162,-0.8404956314357057,0.3442700122423698,FALSE
bio11,Bubulcus coromandus,0.2576098964935541,-0.03882527815084448,0.5788254997287589,FALSE
bio11,Buteo hemilasius,-0.09514044738263769,-0.4757859964174824,0.2820983709087266,FALSE
bio11,Buteo japonicus,0.24456166413775346,-0.2930191655322873,0.8384182714530775,FALSE
bio11,Butorides striata,0.01845603346909809,-0.3893255629789122,0.5104796123268374,FALSE
bio11,Carpodacus erythrinus,0.07301297026212823,-0.29675496857237654,0.4887773730544849,FALSE
bio11,Cecropis daurica,0.17757859572233609,-0.20505390649413127,0.5606041701041082,FALSE
bio11,Ceryle rudis,0.15752263071975248,-0.28473669826625203,0.551454337895798,FALSE
bio11,Chaimarrornis leucocephalus,-0.48307948512960164,-1.116405554718985,0.05423120724685302,FALSE
bio11,Charadrius alexandrinus,0.04868614334358014,-0.2517937818949336,0.3668868814935148,FALSE
bio11,Charadrius dubius,0.5742853043115923,0.06655790025670821,1.1196725488552979,TRUE
bio11,Chlidonias hybrida,0.3873484324757577,0.010401414233913026,0.8329136317200476,TRUE
bio11,Chloris sinica,0.008729258437782628,-0.6028030664748902,0.6151498572965584,FALSE
bio11,Chroicocephalus ridibundus,0.6243863867189963,0.18102626848203615,1.117190486114944,TRUE
bio11,Cinclus pallasii,-0.10544702228761593,-0.4554269124402266,0.2486542780669848,FALSE
bio11,Circus cyaneus,0.3686082468849584,-0.1253563495941068,0.9207636060273048,FALSE
bio11,Circus spilonotus,0.35004276435196097,-0.007135932230859542,0.7880963615606436,FALSE
bio11,Cisticola juncidis,0.40287075693619956,0.029168821135568727,0.8399580848667456,TRUE
bio11,Columba livia,0.25739515771919314,-0.07343968836890027,0.6016526931792956,FALSE
bio11,Columba rupestris,-0.11048792334892653,-0.5717370959168849,0.5582956703952455,FALSE
bio11,Copsychus saularis,0.22990896933687047,-0.19603010099884682,0.6450082518231244,FALSE
bio11,Corvus corax,-0.3158785433091639,-0.7495253592700767,0.0949731158911832,FALSE
bio11,Corvus corone,0.1612216421911965,-0.21200492540188387,0.627183632968529,FALSE
bio11,Corvus macrorhynchos,-0.09968283432405538,-0.32466468793119146,0.1287834405281431,FALSE
bio11,Cuculus canorus,-0.005888169154774182,-0.5138211507347225,0.5229048677473964,FALSE
bio11,Cuculus micropterus,0.2900646300593923,-0.1822725598901075,0.798087309545251,FALSE
bio11,Cuculus sparverioides,-0.06195268415456262,-0.6402779654045403,0.41383232146636945,FALSE
bio11,Culicicapa ceylonensis,-0.10877783555880212,-0.7127072056234475,0.44968630072997323,FALSE
bio11,Cyanopica cyanus,-0.08431866983770207,-0.41232224460004435,0.26376710532884184,FALSE
bio11,Delichon dasypus,0.02894009211969542,-0.3513064397922996,0.38230676386139134,FALSE
bio11,Dendrocitta formosae,-0.007713309598115771,-0.5978262835849847,0.5414000792480496,FALSE
bio11,Dendrocopos major,0.41283891722542804,0.03402425677408016,0.8321680350209545,TRUE
bio11,Dicrurus hottentottus,0.368654523807385,-0.02415738422696607,0.8204046586711725,FALSE
bio11,Dicrurus leucophaeus,-0.012325112960399376,-0.567188391745821,0.45814380661789067,FALSE
bio11,Dicrurus macrocercus,0.12231275703778775,-0.24011730853573526,0.5050402843343729,FALSE
bio11,Egretta garzetta,0.30030855861598543,0.025562259089550447,0.6133708401799824,TRUE
bio11,Elanus caeruleus,0.4610593562518101,0.09410612745889052,0.8180805087347277,TRUE
bio11,Emberiza cioides,-0.10026646129691559,-0.4527976174814984,0.2696919808161613,FALSE
bio11,Emberiza elegans,0.02867682912673464,-0.2886442816630861,0.3856526018246903,FALSE
bio11,Emberiza godlewskii,0.02171016581393202,-0.30664442322098334,0.43581059288764196,FALSE
bio11,Emberiza pusilla,0.07488714660904658,-0.3172450856992191,0.5662787730612935,FALSE
bio11,Emberiza spodocephala,-0.29596848916866225,-0.6618603817252547,0.09667034781418306,FALSE
bio11,Enicurus leschenaulti,-0.20236412519487662,-0.8349647565937386,0.3456116431497129,FALSE
bio11,Eophona migratoria,0.09153348287535777,-0.3194963023061796,0.5068006082023543,FALSE
bio11,Eremophila alpestris,0.005619916679754539,-0.34140814511686857,0.3284449510044858,FALSE
bio11,Eudynamys scolopaceus,0.07609855865208089,-0.3536500983788658,0.501210470779157,FALSE
bio11,Eumyias thalassinus,0.011628417920220012,-0.5833576829726541,0.5746763726023616,FALSE
bio11,Falco amurensis,0.535628471516992,0.1149375661721755,0.9760398258625818,TRUE
bio11,Falco peregrinus,0.37379524142863946,-0.12158208803424712,0.9510768873673009,FALSE
bio11,Falco subbuteo,0.18222219590051178,-0.3329826086946965,0.8184920118060549,FALSE
bio11,Falco tinnunculus,0.44188831769922554,-0.15272070331012447,1.0466569554150003,FALSE
bio11,Ficedula albicilla,0.26153853437859875,-0.24908152694416652,0.8473611338372186,FALSE
bio11,Fringilla montifringilla,0.04665627594813146,-0.3450250700620978,0.5198132875257518,FALSE
bio11,Fulica atra,0.5285330953391715,0.16673144594810246,0.963747209029242,TRUE
bio11,Gallinago gallinago,0.10976923278396677,-0.26486918652129027,0.5084489325006665,FALSE
bio11,Gallinula chloropus,0.6040162458131241,0.20680008937379038,1.0027114297364759,TRUE
bio11,Garrulax canorus,0.1413859419841166,-0.2954956012818667,0.5359786923947056,FALSE
bio11,Garrulus glandarius,-0.03844779883664138,-0.3299053667693633,0.2542906346221343,FALSE
bio11,Gracupica nigricollis,-0.11895305997336393,-0.7347921060280171,0.4321115366178312,FALSE
bio11,Gyps himalayensis,0.038018719281174305,-0.6145540139974726,0.5466489111909157,FALSE
bio11,Halcyon smyrnensis,0.04822664978302768,-0.5506854817403111,0.5936039888921115,FALSE
bio11,Hemixos castanonotus,0.021659091132058262,-0.6082122404988592,0.5873519239148111,FALSE
bio11,Himantopus himantopus,0.7061794499420433,0.23239302271631274,1.2383400536895395,TRUE
bio11,Hirundo rustica,0.40674994638241757,-0.09352452093446575,0.8929986805600065,FALSE
bio11,Horornis fortipes,-0.25220187546214595,-0.8564768402109447,0.26029101198864496,FALSE
bio11,Hypsipetes leucocephalus,0.061242750158130264,-0.5043709361225139,0.5806554692373042,FALSE
bio11,Ixobrychus sinensis,0.7034550679036502,0.2608950546451725,1.1894870429535622,TRUE
bio11,Ixos mcclellandii,-0.03525595154855839,-0.6536175856687774,0.5138198367037441,FALSE
bio11,Lanius cristatus,0.23332660073068043,-0.2202622608652288,0.7642019294682385,FALSE
bio11,Lanius schach,0.47004820449983153,0.15334032146564788,0.7766614464535927,TRUE
bio11,Lanius sphenocercus,0.3847273509383208,-0.14160618410783515,0.9047077846017461,FALSE
bio11,Lanius tephronotus,-0.2578202842654012,-0.9637129213628141,0.26575031222752665,FALSE
bio11,Leiothrix lutea,-0.26138284959159236,-0.8586949700395775,0.2548758310352539,FALSE
bio11,Lonchura punctulata,-0.012865025925927363,-0.6683987644035148,0.5264487659310795,FALSE
bio11,Lonchura striata,-0.0848597687375112,-0.7491972045227899,0.4856343117623274,FALSE
bio11,Mareca falcata,-0.0853623534493565,-0.43323830900477484,0.28882074477377384,FALSE
bio11,Mareca penelope,-0.03878169425908178,-0.3814481516840995,0.35110616189829014,FALSE
bio11,Mareca strepera,0.12393925320521844,-0.29700148687480626,0.6396109945820265,FALSE
bio11,Mergus merganser,-0.08290464963475333,-0.5861576636515929,0.5677550980191287,FALSE
bio11,Milvus migrans,-0.005913985225567512,-0.2802625565718328,0.2600571933191043,FALSE
bio11,Monticola solitarius,0.41562362597729796,0.04090210425188034,0.7795793900659118,TRUE
bio11,Motacilla alba,0.19305459423638177,-0.28086260386848555,0.8095025170094483,FALSE
bio11,Motacilla cinerea,0.04497328690165541,-0.4206255673399558,0.659059835146367,FALSE
bio11,Motacilla citreola,0.004683603437394474,-0.3521503523551514,0.3838748989017761,FALSE
bio11,Motacilla tschutschensis,0.08335979899094428,-0.30647070299208456,0.4933087549537479,FALSE
bio11,Muscicapa sibirica,0.21168124559779314,-0.256939953087391,0.6823269963836706,FALSE
bio11,Myophonus caeruleus,-0.015215514058568422,-0.5639199773386566,0.43198024892343523,FALSE
bio11,Nycticorax nycticorax,0.15754728623717257,-0.19456505684829806,0.581754925699452,FALSE
bio11,Oriolus chinensis,-0.21926112755211224,-0.6767885544891111,0.20939085286888953,FALSE
bio11,Pardaliparus venustulus,-0.001225479400294013,-0.3432160965656117,0.3784589675772082,FALSE
bio11,Parus minor,-0.08502352812017229,-0.37010502376058013,0.23118805558181407,FALSE
bio11,Parus monticolus,-0.19964364971338144,-0.7494379896679094,0.27876012295568514,FALSE
bio11,Passer cinnamomeus,0.02490745935107009,-0.28975803603893113,0.3333334325270464,FALSE
bio11,Passer montanus,0.39697372503912093,-0.08199888972418638,1.0056564321281631,FALSE
bio11,Pericrocotus solaris,0.06594043753645093,-0.5273284538645815,0.57705726045141,FALSE
bio11,Periparus ater,-0.15367286807312797,-0.47711778338959143,0.2336476950113519,FALSE
bio11,Pernis ptilorhynchus,0.025102550793870183,-0.3044494697642478,0.3608120547288294,FALSE
bio11,Phalacrocorax carbo,0.4561034703948346,5.729029453368437e-4,0.9777496673890229,TRUE
bio11,Phasianus colchicus,0.8158780959524575,0.32432953900687034,1.373558204044574,TRUE
bio11,Phoenicurus auroreus,0.0022935681901352306,-0.41045460507319387,0.43052450413041127,FALSE
bio11,Phoenicurus frontalis,-0.31535188449677276,-0.9178865199814005,0.21539727413127782,FALSE
bio11,Phoenicurus fuliginosus,0.10664283514861579,-0.23015843858279691,0.41216039742509736,FALSE
bio11,Phoenicurus ochruros,0.0949421095805268,-0.3304578998218952,0.47261270795138133,FALSE
bio11,Phylloscopus fuscatus,0.0148463848453779,-0.3561420719619123,0.36279167769134807,FALSE
bio11,Phylloscopus humei,0.11465952191802413,-0.4083844134410013,0.7658820620247497,FALSE
bio11,Phylloscopus inornatus,0.13462359309187513,-0.23432688495041118,0.5385192611344541,FALSE
bio11,Phylloscopus proregulus,0.09202662165553992,-0.37474588257892805,0.5641121907348512,FALSE
bio11,Pica serica,0.38770740924314245,0.007554791721063671,0.7874193623039855,TRUE
bio11,Picoides canicapillus,0.08617696100818445,-0.30124052009032887,0.45536162660005697,FALSE
bio11,Picumnus innominatus,-0.05721776715074607,-0.6677355126922478,0.4405455229665318,FALSE
bio11,Picus canus,0.283120674638182,-0.06811278231487058,0.7015229026926462,FALSE
bio11,Platalea leucorodia,0.5853673564193558,0.14122859905731575,1.0896570900344762,TRUE
bio11,Podiceps cristatus,0.30207224742549543,-0.1499705693938772,0.7789444104431017,FALSE
bio11,Pomatorhinus ruficollis,-0.003914663295071801,-0.6084910223208131,0.5359033450047238,FALSE
bio11,Prinia flaviventris,0.18701212616189317,-0.34768613219192585,0.7099563976968241,FALSE
bio11,Prinia inornata,-0.05658737764229872,-0.6971111864946923,0.4642882381926151,FALSE
bio11,Psilopogon virens,-0.014560065858725676,-0.5805386617914075,0.5002173318900188,FALSE
bio11,Pterorhinus sannio,-0.16509861954410018,-0.6818801685174692,0.3344698449758801,FALSE
bio11,Ptyonoprogne rupestris,0.3249395617280181,-0.04859229034584803,0.7778185960335785,FALSE
bio11,Pycnonotus aurigaster,0.15556628355572744,-0.46835261335627726,0.7704270944817323,FALSE
bio11,Pycnonotus jocosus,0.5474057629540586,0.14194630337327982,0.9572778399038991,TRUE
bio11,Pycnonotus sinensis,0.34608384123339864,-0.025219613099392545,0.7105987639656719,FALSE
bio11,Pycnonotus xanthorrhous,-0.2428489552099152,-0.8725581391940624,0.2347759778447266,FALSE
bio11,Pyrrhocorax pyrrhocorax,0.08749785555239295,-0.24783392089767894,0.40360929064867024,FALSE
bio11,Recurvirostra avosetta,0.41528769611078653,-0.022353500641355103,0.9039444106305288,FALSE
bio11,Regulus regulus,0.16955516553221203,-0.3187136490761657,0.7149348133423284,FALSE
bio11,Riparia diluta,-0.3911941716257342,-0.8848350188179029,0.00813184210978783,FALSE
bio11,Riparia riparia,0.4060162793342043,-0.13302690195551614,0.9975723183093785,FALSE
bio11,Saxicola ferreus,0.3365498151832465,-0.10072370627812788,0.7804253584926442,FALSE
bio11,Saxicola maurus,0.2117788097100285,-0.1793788723755066,0.6480310802783048,FALSE
bio11,Saxicola stejnegeri,0.26300852723336776,-0.14770745212058123,0.7082818697803548,FALSE
bio11,Sinosuthora webbiana,-0.10377988045891341,-0.4282335207565428,0.2571944772642947,FALSE
bio11,Sitta europaea,-0.04168637429052684,-0.300139309713088,0.21235456742728215,FALSE
bio11,Spatula clypeata,0.23424933428812483,-0.20784508506769456,0.7272443292392403,FALSE
bio11,Spilopelia chinensis,0.43475414337342505,0.11432633207788208,0.7792391178718063,TRUE
bio11,Spizixos semitorques,-0.08697508600613173,-0.5709756281154209,0.33672405016278595,FALSE
bio11,Spodiopsar cineraceus,0.4167428905632332,-0.03992559712004833,0.9642571516128364,FALSE
bio11,Spodiopsar sericeus,0.3791603328616267,0.05735086632076366,0.7007147026706467,TRUE
bio11,Stachyridopsis ruficeps,-0.013805389901981928,-0.5656829058824694,0.548975709860779,FALSE
bio11,Sterna hirundo,0.39653072575432086,-0.05082515798079967,0.9135935654087901,FALSE
bio11,Streptopelia decaocto,0.6655567099575787,0.15053664581751738,1.2594657805156046,TRUE
bio11,Streptopelia orientalis,0.09475737418540427,-0.196942811007728,0.39264237044351763,FALSE
bio11,Tachybaptus ruficollis,0.6972275122644082,0.2515901806370934,1.1685640089696971,TRUE
bio11,Tadorna ferruginea,0.126351513999842,-0.28934417733136125,0.6307092894019783,FALSE
bio11,Tadorna tadorna,0.3312374918550179,-0.11933659504885075,0.8443429109409832,FALSE
bio11,Tarsiger cyanurus,0.1047421757509403,-0.24816885799449787,0.44006008449361084,FALSE
bio11,Tringa erythropus,0.4511614467236566,0.0099592615559104,0.986444693393712,TRUE
bio11,Tringa glareola,0.15902669681350848,-0.166450317534198,0.5562635854121413,FALSE
bio11,Tringa nebularia,0.13836517709890675,-0.19952564517107657,0.5077993722523988,FALSE
bio11,Tringa ochropus,0.2224830403417624,-0.24690151177744232,0.7405046434552933,FALSE
bio11,Tringa totanus,-0.046988587019092094,-0.39036133160414854,0.29657340808910554,FALSE
bio11,Trochalopteron elliotii,-0.41447271496104626,-1.0310617551887886,0.0933869780352018,FALSE
bio11,Troglodytes troglodytes,0.5851301809258773,-0.03422951439585969,1.2561004179627788,FALSE
bio11,Turdus eunomus,-0.055655297316819424,-0.4993594038091389,0.4158581348705121,FALSE
bio11,Turdus hortulorum,0.37317267866138737,-0.037513923081933354,0.8117701488699258,FALSE
bio11,Turdus mandarinus,0.24009891111361015,-0.07995351733856108,0.5594830820053419,FALSE
bio11,Turdus naumanni,0.2986887131307669,-0.11688130688193006,0.8034986435030279,FALSE
bio11,Upupa epops,0.33636671646468136,-0.11099484307823274,0.8344143218933906,FALSE
bio11,Urocissa erythroryncha,-0.00976483739172712,-0.3630389508401379,0.3394854924965329,FALSE
bio11,Vanellus cinereus,0.723251041872842,0.19534361120846339,1.280810542761503,TRUE
bio11,Vanellus vanellus,0.1101334402915751,-0.22478126963009723,0.481463701847838,FALSE
bio11,Yungipicus canicapillus,0.09388600886647708,-0.24440721388072723,0.4095786142029141,FALSE
bio11,Zosterops simplex,0.22699054833789473,-0.11731242675580775,0.5728694214335771,FALSE
bio13,Abroscopus albogularis,0.5161876199482371,-0.032606070330339305,1.0162179666968818,FALSE
bio13,Accipiter nisus,0.7732553661226816,0.08801713797918224,1.583390423280257,TRUE
bio13,Accipiter soloensis,0.9401657875355826,0.5031154019446494,1.4295139245467363,TRUE
bio13,Accipiter trivirgatus,0.6475530591560371,-0.020759984883823985,1.2882606407481734,FALSE
bio13,Accipiter virgatus,0.2975084478681171,-0.2546305167337371,0.8427186623711118,FALSE
bio13,Acridotheres cristatellus,1.085125839322746,0.808049515553471,1.4277734567075768,TRUE
bio13,Acrocephalus orientalis,0.4440151263841566,0.03101287380547266,0.9247221008049925,TRUE
bio13,Actitis hypoleucos,-0.16955910908426047,-0.6409921807485767,0.32652643733292613,FALSE
bio13,Aegithalos concinnus,0.43582476166246237,-0.04049825183010426,0.9150009016254065,FALSE
bio13,Aegithalos glaucogularis,2.608315505870085,1.952259295236223,3.3896166172073188,TRUE
bio13,Aethopyga christinae,0.5181678164488215,-0.21434501039358447,1.244260239938192,FALSE
bio13,Aix galericulata,0.6824968708834874,0.14788594444978537,1.3568138757767323,TRUE
bio13,Alauda arvensis,-0.28231643970258913,-0.6630340119854189,0.07083143094036866,FALSE
bio13,Alauda gulgula,0.31757395976460967,-4.81525648264981e-4,0.6142239869240713,FALSE
bio13,Alcedo atthis,0.53103419573954,0.22252444222483905,0.849441886015679,TRUE
bio13,Amaurornis phoenicurus,0.7380840216482267,0.3705775878195217,1.134724670455114,TRUE
bio13,Anas acuta,0.5237602639626497,0.12646511257917892,0.9926020930097704,TRUE
bio13,Anas carolinensis,0.5417007766029619,0.17663806594588866,0.9902531489945463,TRUE
bio13,Anas platyrhynchos,0.38554928331654953,-0.14949517745575494,0.884519221508728,FALSE
bio13,Anas zonorhyncha,0.5340401468398728,0.19107945763952527,0.8943420578663399,TRUE
bio13,Anser anser,-0.15352782736149967,-0.5591886338572188,0.1874412598435955,FALSE
bio13,Anthus hodgsoni,0.03170959878265282,-0.2152815124804273,0.259682426636767,FALSE
bio13,Anthus richardi,-0.31177469968245997,-0.7040761977754002,0.03204922259185717,FALSE
bio13,Anthus roseatus,1.4408722541101113,0.9957648621384728,1.8633667432124597,TRUE
bio13,Anthus rubescens,1.000135307419652,0.45852351140836367,1.5626899417372164,TRUE
bio13,Anthus spinoletta,0.6839088292482323,-0.1789571115978783,1.6356312775671025,FALSE
bio13,Apus apus,0.6511446708872618,0.17408685605487678,1.297550337558714,TRUE
bio13,Apus nipalensis,0.28812188065025324,-0.4457769365495949,0.9682116073718394,FALSE
bio13,Apus pacificus,0.1403780511518725,-0.3452202843719527,0.6769959692672347,FALSE
bio13,Aquila chrysaetos,0.6485081059630906,0.3010881314712481,0.981032501502499,TRUE
bio13,Ardea alba,0.45446180077678855,-0.13743277373063262,1.0859568468506695,FALSE
bio13,Ardea cinerea,0.20698308848724467,-0.1143496814662525,0.5715286776231815,FALSE
bio13,Ardeola bacchus,1.0072486809330388,0.6585719737097644,1.3673391936919637,TRUE
bio13,Athene noctua,0.8160238794128625,-0.02560151869961856,2.165680603720148,FALSE
bio13,Aythya ferina,0.16803660747010934,-0.21491973804079081,0.5405738680444236,FALSE
bio13,Aythya fuligula,0.30671581873507675,-0.13706690111867254,0.8413255786007272,FALSE
bio13,Aythya nyroca,0.3369791938724172,0.017221400169716673,0.6604903941008866,TRUE
bio13,Bambusicola thoracicus,0.28336299674728965,-0.328710312674082,0.8333407039687649,FALSE
bio13,Bubulcus coromandus,0.40556680024643493,0.11548046975340595,0.700338393624155,TRUE
bio13,Buteo hemilasius,0.29093308877748014,0.016725128179913715,0.5591099144200988,TRUE
bio13,Buteo japonicus,0.5692429624521987,0.11838012551834545,1.0747744295461903,TRUE
bio13,Butorides striata,0.5009012801270427,0.07730948746786671,0.9963919441303002,TRUE
bio13,Carpodacus erythrinus,0.2822728823120133,-0.04932094762064198,0.6436540295237111,FALSE
bio13,Cecropis daurica,0.601734684473834,0.1975110278595021,1.0394178011204944,TRUE
bio13,Ceryle rudis,0.9483467694002313,0.5172888121488936,1.4142899832737164,TRUE
bio13,Chaimarrornis leucocephalus,0.8839624334459174,0.4811604198163586,1.3336031607381242,TRUE
bio13,Charadrius alexandrinus,0.11370798480642469,-0.1726428833412488,0.3617167927363563,FALSE
bio13,Charadrius dubius,-0.23314412293492295,-0.6478012559874754,0.1418874656383151,FALSE
bio13,Chlidonias hybrida,-0.3270139340636118,-0.6608939158316882,-0.03257322416248866,TRUE
bio13,Chloris sinica,0.8373894796352319,0.30263001574156606,1.442995885519611,TRUE
bio13,Chroicocephalus ridibundus,0.23189690385103642,-0.08606085018698821,0.6309728464577041,FALSE
bio13,Cinclus pallasii,0.3652646866915576,0.1261294688195921,0.6346659611119219,TRUE
bio13,Circus cyaneus,0.7086554039905679,0.014720216787816705,1.4954656492253953,TRUE
bio13,Circus spilonotus,0.15711454428863256,-0.12475901728853765,0.47049028684994637,FALSE
bio13,Cisticola juncidis,1.2962965148680674,0.8077985420558689,1.8447815321128267,TRUE
bio13,Columba livia,0.43501121404331583,0.14836615187197366,0.7578288287957965,TRUE
bio13,Columba rupestris,0.15370273160847037,-0.16038619968928922,0.4846125118258209,FALSE
bio13,Copsychus saularis,0.3997298498237501,-0.24923580275600835,0.9903031609119382,FALSE
bio13,Corvus corax,-0.786238393477758,-1.2413232021728837,-0.3678791754606536,TRUE
bio13,Corvus corone,0.17318373943090903,-0.2058316388475596,0.6028950729432234,FALSE
bio13,Corvus macrorhynchos,0.2644173653764436,0.08162767859864033,0.45824830510729925,TRUE
bio13,Cuculus canorus,0.4758047770777888,-0.376809376032883,1.4107336973740694,FALSE
bio13,Cuculus micropterus,0.9563315068123803,0.43792114743848315,1.5184601682221746,TRUE
bio13,Cuculus sparverioides,1.0635943056450536,0.5885700657477007,1.5412701784988299,TRUE
bio13,Culicicapa ceylonensis,0.607482261102733,0.06082815891501062,1.181557472095638,TRUE
bio13,Cyanopica cyanus,0.9438138855782241,0.48839417596263457,1.3419558954438027,TRUE
bio13,Delichon dasypus,0.392852394642596,0.14198624561321982,0.6947118165974008,TRUE
bio13,Dendrocitta formosae,0.3258035032210947,-0.36951893798025354,1.0001763472449416,FALSE
bio13,Dendrocopos major,1.0266762548155246,0.6745377278021041,1.4318673029168454,TRUE
bio13,Dicrurus hottentottus,1.277096413228047,0.7780384011450282,1.8553564991530818,TRUE
bio13,Dicrurus leucophaeus,0.36250518667800075,-0.26512075051299944,0.9706134229105818,FALSE
bio13,Dicrurus macrocercus,1.2771731539549838,0.877320593126971,1.7162074546123847,TRUE
bio13,Egretta garzetta,0.7177910285298852,0.47207114523688976,1.0122082136510784,TRUE
bio13,Elanus caeruleus,0.9359476364975399,0.5530215709039987,1.3005094926605356,TRUE
bio13,Emberiza cioides,0.8036067032474019,0.41493493353143546,1.2116905996342215,TRUE
bio13,Emberiza elegans,1.1318210215309135,0.7508118339869002,1.5177755160345283,TRUE
bio13,Emberiza godlewskii,1.44928477871709,1.0719674811390147,1.911855907129146,TRUE
bio13,Emberiza pusilla,0.5186859249939358,0.04527209971657413,1.0649501960544039,TRUE
bio13,Emberiza spodocephala,0.3650052283805172,-0.021940346893568812,0.7622011096555823,FALSE
bio13,Enicurus leschenaulti,0.2004184158063196,-0.4202469135990945,0.7454598997468928,FALSE
bio13,Eophona migratoria,1.9930021238029663,1.241860565262092,2.7447717606495026,TRUE
bio13,Eremophila alpestris,0.615259086678645,0.32462134021521744,0.9016049652094575,TRUE
bio13,Eudynamys scolopaceus,0.8844937906486137,0.4633715844619002,1.3206116224867435,TRUE
bio13,Eumyias thalassinus,0.22681472037784678,-0.6974264305635526,1.143339241533267,FALSE
bio13,Falco amurensis,0.4080352401280891,0.07014400000783393,0.7419455687041129,TRUE
bio13,Falco peregrinus,0.7089049262490545,0.1665972235641462,1.287871060739834,TRUE
bio13,Falco subbuteo,0.3058975525137335,-0.19131103598579552,1.0193982888060928,FALSE
bio13,Falco tinnunculus,0.44172172904627616,-0.21153413781029853,1.1031607355714297,FALSE
bio13,Ficedula albicilla,0.156093301221826,-0.45229741831394027,0.8369211679438222,FALSE
bio13,Fringilla montifringilla,0.6244745104443169,0.13746044075263486,1.1106934661141563,TRUE
bio13,Fulica atra,0.5808458825698746,0.3015936213124133,0.878066933223883,TRUE
bio13,Gallinago gallinago,-0.02009269125232762,-0.37801194176612735,0.36770426169229875,FALSE
bio13,Gallinula chloropus,0.7871104187045631,0.4270349025847587,1.1920578801744293,TRUE
bio13,Garrulax canorus,0.5690746957259849,0.15942591593172506,0.9800687583418785,TRUE
bio13,Garrulus glandarius,0.19315273461289229,-0.019806969962850664,0.40060977330595265,FALSE
bio13,Gracupica nigricollis,0.6391114295449764,0.08553278741922178,1.2412572967618793,TRUE
bio13,Gyps himalayensis,2.205638494638422,0.9529527810341895,2.9677393029084964,TRUE
bio13,Halcyon smyrnensis,0.684510827882005,-0.11705037294362085,1.417362572725495,FALSE
bio13,Hemixos castanonotus,0.23881568154535898,-0.6498282089389619,0.9582912236736416,FALSE
bio13,Himantopus himantopus,0.18008872443862672,-0.2407398644108822,0.7663542507312725,FALSE
bio13,Hirundo rustica,-0.06469814543696231,-0.46940655369367057,0.3437082685802648,FALSE
bio13,Horornis fortipes,0.5323781814944406,0.1356893969619201,1.0033416330166156,TRUE
bio13,Hypsipetes leucocephalus,0.21834125110633043,-0.7456791483745003,1.0478490012570023,FALSE
bio13,Ixobrychus sinensis,1.085484140593901,0.5922362744874349,1.564492826185831,TRUE
bio13,Ixos mcclellandii,0.13589810752191978,-0.7120680959419989,0.9107211716837436,FALSE
bio13,Lanius cristatus,0.2721322868311603,-0.21167436982922394,0.7617443101949994,FALSE
bio13,Lanius schach,0.838573034087476,0.5333522035896683,1.1744944951970648,TRUE
bio13,Lanius sphenocercus,0.6275170772162424,0.09640420486971364,1.2129033562098648,TRUE
bio13,Lanius tephronotus,2.15479905420378,1.711537327498079,2.661764839757467,TRUE
bio13,Leiothrix lutea,0.31919073092319367,-0.1099233415453719,0.7696676836427747,FALSE
bio13,Lonchura punctulata,1.0212686008663672,0.45533035606216943,1.5766894446810695,TRUE
bio13,Lonchura striata,0.5984329614972648,-0.008654011764540169,1.2053680379239693,FALSE
bio13,Mareca falcata,0.49707053965883957,0.11228255866572893,0.9249491345448819,TRUE
bio13,Mareca penelope,0.5291094372117602,0.16577123865667745,0.9460626740122069,TRUE
bio13,Mareca strepera,0.07517435366429005,-0.2629376060604258,0.4165573386118633,FALSE
bio13,Mergus merganser,1.5688504356211561,0.21734135617276454,2.5388811975012455,TRUE
bio13,Milvus migrans,-0.12887117965820907,-0.34083127529233415,0.08855873847951168,FALSE
bio13,Monticola solitarius,0.7578467731484156,0.4252443874631261,1.0998519678695333,TRUE
bio13,Motacilla alba,0.21515105619009967,-0.3379509923234461,0.8460103729771623,FALSE
bio13,Motacilla cinerea,-0.0021871709779789517,-0.3691911822291827,0.41119271550262654,FALSE
bio13,Motacilla citreola,-0.048475807811795314,-0.3390085919069252,0.23343611857066532,FALSE
bio13,Motacilla tschutschensis,0.01008871381682274,-0.38087055135640413,0.4122747635384951,FALSE
bio13,Muscicapa sibirica,-0.035400490750427595,-0.6003953877957775,0.5554806285113716,FALSE
bio13,Myophonus caeruleus,0.48703758573619865,0.10520124530140351,0.8730451786469431,TRUE
bio13,Nycticorax nycticorax,1.1833354598115788,0.825857407392431,1.6049116380249264,TRUE
bio13,Oriolus chinensis,1.7382284967931267,0.9719287262075323,2.7072891823288434,TRUE
bio13,Pardaliparus venustulus,1.4757864013466193,1.0283254576585208,1.9920282689304372,TRUE
bio13,Parus minor,0.6191071060903199,0.3272621404723979,0.9278779352638961,TRUE
bio13,Parus monticolus,0.391558771207837,-0.04046081248377209,0.833583673257645,FALSE
bio13,Passer cinnamomeus,0.6252809559979702,0.37634720226466994,0.9034076252597445,TRUE
bio13,Passer montanus,0.9486555723761285,0.2901708770368013,1.7440127516399233,TRUE
bio13,Pericrocotus solaris,0.2187946418219627,-0.8162631171308191,1.1563441686263727,FALSE
bio13,Periparus ater,1.1735099230499033,0.6380571138570179,1.7710981884893535,TRUE
bio13,Pernis ptilorhynchus,0.23660480463317665,-0.11760593006242501,0.5742240772608079,FALSE
bio13,Phalacrocorax carbo,-0.10385519133190609,-0.4349136301783368,0.2222110260293445,FALSE
bio13,Phasianus colchicus,1.1578127394745845,0.6136549000072502,1.780628984588052,TRUE
bio13,Phoenicurus auroreus,0.23051899920038002,-0.11001390747779201,0.57186691132137,FALSE
bio13,Phoenicurus frontalis,1.4381639046136794,0.9170607324859541,1.9642998712113866,TRUE
bio13,Phoenicurus fuliginosus,0.6398312650165151,0.3398172927921006,0.9477187897349569,TRUE
bio13,Phoenicurus ochruros,1.498757855340248,1.0948503528951483,1.8983777674926408,TRUE
bio13,Phylloscopus fuscatus,0.3678098970464195,-0.023045858161331517,0.7975009222520322,FALSE
bio13,Phylloscopus humei,1.1229346039705494,0.7409381583639436,1.5450965164717996,TRUE
bio13,Phylloscopus inornatus,0.3661145213319984,-0.047855312289199745,0.8213211475257776,FALSE
bio13,Phylloscopus proregulus,0.4601768067676255,-0.16109769102141014,1.140692903782668,FALSE
bio13,Pica serica,0.8571755435604401,0.4957602578198084,1.2623634884135286,TRUE
bio13,Picoides canicapillus,1.0163451380984103,0.6580238601368525,1.3942160700539725,TRUE
bio13,Picumnus innominatus,0.07007767080453169,-0.726357112106185,0.8106191746637651,FALSE
bio13,Picus canus,0.7787716623976636,0.4291579928031071,1.2040080255731263,TRUE
bio13,Platalea leucorodia,-0.26594130310194936,-0.6006852148465808,0.07379681392575121,FALSE
bio13,Podiceps cristatus,0.7182249042345152,0.197887722968552,1.4721812899801272,TRUE
bio13,Pomatorhinus ruficollis,0.1334449844843178,-0.6939157293404624,0.884669530053814,FALSE
bio13,Prinia flaviventris,-0.042283666064147525,-1.1473020282000101,0.9754400488964429,FALSE
bio13,Prinia inornata,0.7050990194468496,0.152880358403997,1.2785824219641655,TRUE
bio13,Psilopogon virens,0.32967022834350723,-0.3453662269650068,1.0331303323525824,FALSE
bio13,Pterorhinus sannio,0.18462779484250752,-0.271607860551282,0.6623961377728249,FALSE
bio13,Ptyonoprogne rupestris,1.2302133589122923,0.8580311012032438,1.6282632241479766,TRUE
bio13,Pycnonotus aurigaster,1.1671994606968878,0.2663006436781261,1.9574075662180581,TRUE
bio13,Pycnonotus jocosus,1.0354787775582408,0.49959124677391475,1.5820103311636537,TRUE
bio13,Pycnonotus sinensis,2.0855605386647382,1.51084502355032,2.7925469532204765,TRUE
bio13,Pycnonotus xanthorrhous,0.36977547215693013,-0.10319357839106476,0.8452500815680027,FALSE
bio13,Pyrrhocorax pyrrhocorax,0.8763715477746369,0.6094641392902128,1.1598663600149666,TRUE
bio13,Recurvirostra avosetta,0.08949253831029452,-0.23319463272340285,0.4068440463773388,FALSE
bio13,Regulus regulus,2.0924491956415334,1.4043026673511978,2.865772937161781,TRUE
bio13,Riparia diluta,0.046503234747768005,-0.27897602912304176,0.3607200399781752,FALSE
bio13,Riparia riparia,0.07455106119435476,-0.33594756365299794,0.5649343757059201,FALSE
bio13,Saxicola ferreus,0.23988539128854203,-0.43574856431824854,0.8546957048647491,FALSE
bio13,Saxicola maurus,-0.016465724595672655,-0.44823939451744726,0.3935772409772211,FALSE
bio13,Saxicola stejnegeri,0.3357370273356987,-0.11305763647870272,0.7862083910932167,FALSE
bio13,Sinosuthora webbiana,2.07644958260774,1.5073844189681793,2.7205729216450627,TRUE
bio13,Sitta europaea,0.2849579214236461,0.07881596786463418,0.47159024679813905,TRUE
bio13,Spatula clypeata,-0.04954226575983854,-0.42455944051685257,0.36900798338342283,FALSE
bio13,Spilopelia chinensis,1.891398322698606,1.3966079830756473,2.406133095348144,TRUE
bio13,Spizixos semitorques,0.8331718239372551,0.5061167510328495,1.1733648558602727,TRUE
bio13,Spodiopsar cineraceus,0.5905298201983263,0.1137601181231406,1.15457167259707,TRUE
bio13,Spodiopsar sericeus,0.98007385136986,0.667218834937573,1.3423379271032445,TRUE
bio13,Stachyridopsis ruficeps,0.184229681366089,-0.7548166202773232,1.0645058811842292,FALSE
bio13,Sterna hirundo,0.22484941726492616,-0.09458291370388737,0.557579724630833,FALSE
bio13,Streptopelia decaocto,2.2813631011387985,1.6300823556689035,2.9958106597848526,TRUE
bio13,Streptopelia orientalis,0.060714504034397335,-0.20783294737700486,0.37742209783177805,FALSE
bio13,Tachybaptus ruficollis,0.7186498627328298,0.34410848788861703,1.111972749459242,TRUE
bio13,Tadorna ferruginea,0.42186441325558605,0.11579506438626155,0.7610094421610493,TRUE
bio13,Tadorna tadorna,0.006791637419628277,-0.2848526641129466,0.29651217326323387,FALSE
bio13,Tarsiger cyanurus,0.6779570148562405,0.2454535231662601,1.1388489352422753,TRUE
bio13,Tringa erythropus,0.16782033027561727,-0.13635991304259057,0.5027409376083375,FALSE
bio13,Tringa glareola,0.016555424837302282,-0.29101447071369757,0.32371515341876983,FALSE
bio13,Tringa nebularia,0.18141715357940874,-0.0520425342290981,0.4311435483611523,FALSE
bio13,Tringa ochropus,0.5968303383618209,0.20939711550562032,1.048025499137223,TRUE
bio13,Tringa totanus,-0.007273086618950375,-0.26238891384737534,0.25792859271865265,FALSE
bio13,Trochalopteron elliotii,0.5569784149303358,0.18679002364659186,0.9277228391466492,TRUE
bio13,Troglodytes troglodytes,1.768870514885752,0.784086971740235,2.504828041800786,TRUE
bio13,Turdus eunomus,1.4366524597231578,0.7401729026264834,2.1371356425599206,TRUE
bio13,Turdus hortulorum,0.46598125764061865,0.10491085017432358,0.7953935974207366,TRUE
bio13,Turdus mandarinus,1.039624953272739,0.7471911423447463,1.3667672904636772,TRUE
bio13,Turdus naumanni,0.673078185581374,0.15370275318501886,1.29469849023019,TRUE
bio13,Upupa epops,1.2920748096524366,0.5650289412446884,2.16454195017172,TRUE
bio13,Urocissa erythroryncha,0.9616926907088958,0.6387043861430781,1.2660343737479696,TRUE
bio13,Vanellus cinereus,0.31330333327039667,-0.0434885908068208,0.6891419385527421,FALSE
bio13,Vanellus vanellus,-0.4699145295770832,-0.7176196743349145,-0.2180209472269951,TRUE
bio13,Yungipicus canicapillus,0.9183597512817555,0.6101453214057183,1.3033885672884933,TRUE
bio13,Zosterops simplex,1.2346632058018845,0.8455814147187166,1.7146318670457488,TRUE
bio7,Abroscopus albogularis,0.024395728346859682,-0.5540381221789495,0.5508673635448169,FALSE
bio7,Accipiter nisus,0.03284286013710003,-0.5720199335701607,0.5743322192210979,FALSE
bio7,Accipiter soloensis,-0.1133559775460381,-0.6185929451345621,0.422399272667127,FALSE
bio7,Accipiter trivirgatus,0.15043992407830922,-0.4488721321223719,0.754579222670376,FALSE
bio7,Accipiter virgatus,-0.04752298058423025,-0.6893740984380926,0.47770746420784416,FALSE
bio7,Acridotheres cristatellus,0.263815976157208,-0.12075449656494186,0.6253980120072862,FALSE
bio7,Acrocephalus orientalis,-0.08456396783742486,-0.5767034731655423,0.39332735927822343,FALSE
bio7,Actitis hypoleucos,0.18252183736682578,-0.2072962777103261,0.577896344601338,FALSE
bio7,Aegithalos concinnus,0.1062779740357562,-0.40473840206965905,0.6280487357414203,FALSE
bio7,Aegithalos glaucogularis,-0.6715715618037512,-1.1696777984536444,-0.2085893449919995,TRUE
bio7,Aethopyga christinae,0.07185310105455726,-0.5122313264749374,0.7209758069144804,FALSE
bio7,Aix galericulata,0.09594007485583751,-0.38661303001604846,0.5270987597089916,FALSE
bio7,Alauda arvensis,0.44813385382015086,-4.9048354558342256e-5,0.8619902892456033,FALSE
bio7,Alauda gulgula,-0.011539927940228865,-0.36894093573803854,0.39358328190018005,FALSE
bio7,Alcedo atthis,0.20609741867307396,-0.20985227626427677,0.6749271256500468,FALSE
bio7,Amaurornis phoenicurus,0.05820706579343817,-0.4312450826797478,0.5333266697618853,FALSE
bio7,Anas acuta,0.043685488161168164,-0.35406303627985186,0.4174551353245189,FALSE
bio7,Anas carolinensis,0.565435165784288,0.21319439236402096,0.9394742843011721,TRUE
bio7,Anas platyrhynchos,-0.04667854948226343,-0.4719185666033623,0.4626863822888824,FALSE
bio7,Anas zonorhyncha,-0.13670083482310866,-0.5193748997336564,0.23912756887331058,FALSE
bio7,Anser anser,0.11368760181570056,-0.33342612938727445,0.5653501525581388,FALSE
bio7,Anthus hodgsoni,0.2872980374724541,-0.04526620444592628,0.6167591720880389,FALSE
bio7,Anthus richardi,0.4373269382922564,0.0870373158691426,0.8159574402140354,TRUE
bio7,Anthus roseatus,-0.33773738327219704,-0.8699853276201603,0.1615765772544258,FALSE
bio7,Anthus rubescens,0.5465334138422016,0.06506351107551651,1.0607620489081218,TRUE
bio7,Anthus spinoletta,0.298305692035361,-0.26555104520849354,0.8512283486074737,FALSE
bio7,Apus apus,0.072929151807485465,-0.49979448774831514,0.6694548133642106,FALSE
bio7,Apus nipalensis,0.10936626743040498,-0.5107609736336522,0.7198216029588494,FALSE
bio7,Apus pacificus,0.13076037520331243,-0.3047231937621294,0.5329905260526444,FALSE
bio7,Aquila chrysaetos,-0.038948357074364504,-0.48591432158183484,0.3754632974494784,FALSE
bio7,Ardea alba,0.0759712758807771,-0.3412351216647263,0.4564413591980284,FALSE
bio7,Ardea cinerea,0.270160958828735,-0.05868661776480651,0.6043751737842726,FALSE
bio7,Ardeola bacchus,-0.22724682539065072,-0.5610116637763642,0.1107395795533335,FALSE
bio7,Athene noctua,0.20860381711320294,-0.4191042291282337,0.803751847448712,FALSE
bio7,Aythya ferina,-0.10946825481881164,-0.5587801039030326,0.38671572608269916,FALSE
bio7,Aythya fuligula,0.20122761246076276,-0.2446605373569915,0.6605311484664386,FALSE
bio7,Aythya nyroca,-0.04179437466833321,-0.5135256882150624,0.3985892122998738,FALSE
bio7,Bambusicola thoracicus,-0.057661785033875854,-0.5319933174352203,0.4524998948633222,FALSE
bio7,Bubulcus coromandus,0.1928102900856502,-0.18883180301404115,0.5579622609128225,FALSE
bio7,Buteo hemilasius,-0.4037931818181795,-0.7647932875956861,-0.0321702330738544,TRUE
bio7,Buteo japonicus,0.159363874227078,-0.21678859651128993,0.5425696429098206,FALSE
bio7,Butorides striata,-0.30268184849626767,-0.7991303283327593,0.22806664520348574,FALSE
bio7,Carpodacus erythrinus,-0.38119774708220777,-0.7885639868508532,-0.01118631803602577,TRUE
bio7,Cecropis daurica,0.049203048834537515,-0.3725030493817799,0.4775995221902477,FALSE
bio7,Ceryle rudis,-0.0740148355112588,-0.5438710941597323,0.36504019442503227,FALSE
bio7,Chaimarrornis leucocephalus,0.015386461938943344,-0.44806304637986133,0.44080885771699446,FALSE
bio7,Charadrius alexandrinus,0.051645085315589444,-0.2615332095128161,0.3669037957514156,FALSE
bio7,Charadrius dubius,0.34047105326203553,-0.03857119383095609,0.7402534337651243,FALSE
bio7,Chlidonias hybrida,0.05133969248247376,-0.2913139758862351,0.3993032558493093,FALSE
bio7,Chloris sinica,-0.048863433709269,-0.5102041963119386,0.47138657706897663,FALSE
bio7,Chroicocephalus ridibundus,0.3601837567154856,-0.011855941425580947,0.6822917643281181,FALSE
bio7,Cinclus pallasii,-0.4748386178553749,-0.8343312644467431,-0.15974798471568283,TRUE
bio7,Circus cyaneus,0.08198827200719681,-0.36849796575637395,0.5631999353390676,FALSE
bio7,Circus spilonotus,0.1636113218919528,-0.2037752660138065,0.5088924423157292,FALSE
bio7,Cisticola juncidis,0.10698732916218316,-0.41709218959321903,0.6102029975195661,FALSE
bio7,Columba livia,0.24600374617302087,-0.06664135849336317,0.5763785856598691,FALSE
bio7,Columba rupestris,-0.6138512949831795,-1.0485045362479863,-0.14363816760220033,TRUE
bio7,Copsychus saularis,-0.11414114880537252,-0.698594829929066,0.4543660488666687,FALSE
bio7,Corvus corax,0.23197935242345064,-0.1331817104030364,0.6183082882967579,FALSE
bio7,Corvus corone,0.24891792309418878,-0.1296306028239396,0.6475273557674436,FALSE
bio7,Corvus macrorhynchos,-0.12022403418863024,-0.34530337695038527,0.0894631177115356,FALSE
bio7,Cuculus canorus,0.32451407825305445,-0.31875306098811373,0.8964876252233316,FALSE
bio7,Cuculus micropterus,-0.035954279816028674,-0.5310899735893969,0.45158995904260557,FALSE
bio7,Cuculus sparverioides,0.011690722031214998,-0.5357664472992864,0.5523084175391816,FALSE
bio7,Culicicapa ceylonensis,0.04635207369088168,-0.4710445305024132,0.6016359457626042,FALSE
bio7,Cyanopica cyanus,0.15459832333859544,-0.23572773933400978,0.563011732554894,FALSE
bio7,Delichon dasypus,0.20552360780989742,-0.14637500138776957,0.579479755564777,FALSE
bio7,Dendrocitta formosae,-0.04600603312376354,-0.6221612010936657,0.5136392808161923,FALSE
bio7,Dendrocopos major,0.18268960482838736,-0.2099903466543701,0.5502957669229517,FALSE
bio7,Dicrurus hottentottus,0.03763986984108314,-0.46412203220332215,0.571096451668329,FALSE
bio7,Dicrurus leucophaeus,0.08633983912225757,-0.49536966497935914,0.6718609131408039,FALSE
bio7,Dicrurus macrocercus,0.003957881126690745,-0.46124695185010167,0.47578333697621333,FALSE
bio7,Egretta garzetta,0.001730728857106278,-0.2768232297197607,0.2948733280703573,FALSE
bio7,Elanus caeruleus,0.09149220400097773,-0.38695031654617074,0.5884922375962018,FALSE
bio7,Emberiza cioides,-0.04048114513849816,-0.444069407512992,0.38091121446647713,FALSE
bio7,Emberiza elegans,-0.09789719971877472,-0.45973035073675317,0.28171329187250327,FALSE
bio7,Emberiza godlewskii,-0.26413240282214506,-0.6323741624777134,0.11424125316396372,FALSE
bio7,Emberiza pusilla,0.2678722356082858,-0.22131797337132425,0.7442143188756424,FALSE
bio7,Emberiza spodocephala,0.20268579920843033,-0.21123686492040153,0.6566484727692716,FALSE
bio7,Enicurus leschenaulti,0.008387167643855177,-0.49913287189754013,0.5088192891350759,FALSE
bio7,Eophona migratoria,-0.5802125167412215,-1.052939217736933,-0.11373678471490473,TRUE
bio7,Eremophila alpestris,-0.138499670944684,-0.4651673819515209,0.22693132983497036,FALSE
bio7,Eudynamys scolopaceus,-0.10516696510131814,-0.6422998272252353,0.4325750394873706,FALSE
bio7,Eumyias thalassinus,0.05239723440081861,-0.5116969639067191,0.7327023715728304,FALSE
bio7,Falco amurensis,-0.012812855016896016,-0.33608843086682294,0.2904298633349214,FALSE
bio7,Falco peregrinus,0.09335000655803094,-0.2638018048832435,0.44482594928151203,FALSE
bio7,Falco subbuteo,0.18116468358081964,-0.26635084197041364,0.6432886598033083,FALSE
bio7,Falco tinnunculus,0.04982127936701813,-0.46851024092127613,0.5676218730857905,FALSE
bio7,Ficedula albicilla,-0.1146959715552014,-0.654867840648691,0.3562180320145006,FALSE
bio7,Fringilla montifringilla,0.3073483274038781,-0.13182829640683402,0.7109131360494857,FALSE
bio7,Fulica atra,0.05929699714862165,-0.26512033235742805,0.38331540327252833,FALSE
bio7,Gallinago gallinago,0.24217739949350517,-0.17509716564927674,0.631609257416347,FALSE
bio7,Gallinula chloropus,0.3210718657442087,-0.054605648392572544,0.6765899740586352,FALSE
bio7,Garrulax canorus,0.12578136655247102,-0.35108793311808145,0.6304061126697277,FALSE
bio7,Garrulus glandarius,0.12201393179989524,-0.13810415618297925,0.38647762828774457,FALSE
bio7,Gracupica nigricollis,0.06023040400917856,-0.5339102197822823,0.6555898253818169,FALSE
bio7,Gyps himalayensis,0.029394720150860528,-0.6390288793228209,0.6510845542131608,FALSE
bio7,Halcyon smyrnensis,0.0792316154286285,-0.5183216579927987,0.684003518200256,FALSE
bio7,Hemixos castanonotus,0.02247581409872812,-0.594080426557376,0.6153498938271746,FALSE
bio7,Himantopus himantopus,0.3693531880377573,-0.018584470304138324,0.7445679597792003,FALSE
bio7,Hirundo rustica,0.1622660868711381,-0.22507878794253652,0.5391940943272552,FALSE
bio7,Horornis fortipes,0.02896634441689331,-0.45169868467934493,0.49609426902084736,FALSE
bio7,Hypsipetes leucocephalus,0.039065467611281754,-0.5733227349879951,0.6962353640465386,FALSE
bio7,Ixobrychus sinensis,-0.1666903065425816,-0.6435492721940915,0.31588379278039336,FALSE
bio7,Ixos mcclellandii,0.03843590615597042,-0.5515587922645666,0.633320114272873,FALSE
bio7,Lanius cristatus,-0.18482059562945824,-0.6578291952583812,0.2904737624332163,FALSE
bio7,Lanius schach,0.20891525479860398,-0.153344270243278,0.6029877771344595,FALSE
bio7,Lanius sphenocercus,-0.3632060893162188,-0.8108817719947636,0.08199057287289917,FALSE
bio7,Lanius tephronotus,-0.26994281809683407,-0.7709199035786706,0.2511836691878906,FALSE
bio7,Leiothrix lutea,0.1718048857826754,-0.3062778884131551,0.6613358972409529,FALSE
bio7,Lonchura punctulata,0.18560004160851756,-0.45335900916617206,0.7797051279329775,FALSE
bio7,Lonchura striata,0.1304149679789794,-0.45744515670158403,0.736517061355809,FALSE
bio7,Mareca falcata,-0.01795564768267924,-0.4624384568143051,0.388851934593482,FALSE
bio7,Mareca penelope,0.25659054271514775,-0.13100999686559406,0.6501860975556913,FALSE
bio7,Mareca strepera,0.10771497031324867,-0.3382767250318224,0.6022199846384171,FALSE
bio7,Mergus merganser,-0.2719717861948577,-0.903374987908456,0.6449928814372198,FALSE
bio7,Milvus migrans,0.17065844383750908,-0.07689106203452853,0.4405671562035186,FALSE
bio7,Monticola solitarius,0.25452330056141537,-0.22119145199094084,0.7007681660281923,FALSE
bio7,Motacilla alba,0.0920582982995606,-0.4513724276806905,0.5992742067116393,FALSE
bio7,Motacilla cinerea,-0.11032950850322228,-0.5081243366284611,0.24892987206416822,FALSE
bio7,Motacilla citreola,-0.028275845844912197,-0.39941294948210676,0.32473760038222654,FALSE
bio7,Motacilla tschutschensis,-0.04729198709884638,-0.4257536241822331,0.30578751506442015,FALSE
bio7,Muscicapa sibirica,0.03257967506601646,-0.5189025205086789,0.6207021310389305,FALSE
bio7,Myophonus caeruleus,0.2554088302360743,-0.2548121763297545,0.7840859293469995,FALSE
bio7,Nycticorax nycticorax,-0.5023975884173144,-0.8846159172368616,-0.14706451905173173,TRUE
bio7,Oriolus chinensis,0.025143952510413434,-0.5175015593462798,0.647293191267988,FALSE
bio7,Pardaliparus venustulus,-0.2574448808939478,-0.688722241342286,0.1560252642503678,FALSE
bio7,Parus minor,-0.13146566513264699,-0.4140929831940507,0.15368068175646452,FALSE
bio7,Parus monticolus,-0.05011677513583907,-0.439199902933688,0.3466429163598925,FALSE
bio7,Passer cinnamomeus,-0.2248289657634203,-0.5879852888792828,0.10725094602570201,FALSE
bio7,Passer montanus,-0.11632791018676314,-0.6163040750742094,0.39471244474251493,FALSE
bio7,Pericrocotus solaris,0.04607215498516382,-0.5809175180997614,0.6477207263781598,FALSE
bio7,Periparus ater,-0.4663504493441415,-0.7741211833937632,-0.1758326915458149,TRUE
bio7,Pernis ptilorhynchus,0.2707984357130269,-0.061903731067463864,0.6384063563251692,FALSE
bio7,Phalacrocorax carbo,0.08544864582972135,-0.2641471408973273,0.43822467596202413,FALSE
bio7,Phasianus colchicus,0.39504359938303946,0.023906841321720433,0.8257613248153041,TRUE
bio7,Phoenicurus auroreus,0.023208778859409477,-0.3359689285460827,0.4107876431505919,FALSE
bio7,Phoenicurus frontalis,-0.3257999736880096,-0.8991805318012918,0.15184386466429736,FALSE
bio7,Phoenicurus fuliginosus,-0.0359694249537682,-0.40023939776002404,0.30549476776056605,FALSE
bio7,Phoenicurus ochruros,0.13602907973075484,-0.29796529850156056,0.5969268343696132,FALSE
bio7,Phylloscopus fuscatus,0.40213395542944547,-0.02259799735928764,0.8235296943515615,FALSE
bio7,Phylloscopus humei,-0.5156389053790216,-1.0071573458269834,-0.06316036731511779,TRUE
bio7,Phylloscopus inornatus,-0.21866760272746572,-0.6523101109421181,0.22359797244816715,FALSE
bio7,Phylloscopus proregulus,0.12040446523233637,-0.44823296830347903,0.680452996217759,FALSE
bio7,Pica serica,0.19003185517397003,-0.17091505270480345,0.5669196771238871,FALSE
bio7,Picoides canicapillus,-0.23819853416613698,-0.7134496349041891,0.24359587381120842,FALSE
bio7,Picumnus innominatus,0.0548333613409001,-0.4870074926813421,0.6237480861647017,FALSE
bio7,Picus canus,-0.1441337067631802,-0.5221577050822499,0.1963435223379263,FALSE
bio7,Platalea leucorodia,-0.17079359416737153,-0.5859998295314317,0.20017711128982968,FALSE
bio7,Podiceps cristatus,0.07118780734455606,-0.37038721054191326,0.4518230878348672,FALSE
bio7,Pomatorhinus ruficollis,0.04527420158614044,-0.5444157723429949,0.6708155583115446,FALSE
bio7,Prinia flaviventris,-0.09407676791859469,-0.7322374234734678,0.5046700161072457,FALSE
bio7,Prinia inornata,0.19426909745485463,-0.36760499236447647,0.7695739911133903,FALSE
bio7,Psilopogon virens,-0.02342778389245829,-0.6245726142624405,0.5546794279092285,FALSE
bio7,Pterorhinus sannio,0.07826318899917788,-0.4161658143694336,0.4954282698180104,FALSE
bio7,Ptyonoprogne rupestris,-0.316868694941335,-0.8029519671001987,0.16874418535347452,FALSE
bio7,Pycnonotus aurigaster,0.06242063985734044,-0.590604501396234,0.7164417666970174,FALSE
bio7,Pycnonotus jocosus,-0.028234299340857385,-0.6390549789017987,0.5643044656105679,FALSE
bio7,Pycnonotus sinensis,-0.6175354968537997,-0.9597559399489533,-0.2676199840453891,TRUE
bio7,Pycnonotus xanthorrhous,8.533848123049763e-4,-0.4412495715940236,0.40293932278292494,FALSE
bio7,Pyrrhocorax pyrrhocorax,-0.42048427010404876,-0.8077970349182414,-0.02817798921896116,TRUE
bio7,Recurvirostra avosetta,-0.44263375677259537,-0.8551352476106222,-0.028837069646516833,TRUE
bio7,Regulus regulus,-0.06646392225977754,-0.4377999495582893,0.30065320288134556,FALSE
bio7,Riparia diluta,-0.053085542740723024,-0.4004921708114037,0.3119776787145627,FALSE
bio7,Riparia riparia,0.15947074642627623,-0.3179864563473852,0.6180627743130616,FALSE
bio7,Saxicola ferreus,-0.06154714418044707,-0.6227063632454165,0.4755403678244258,FALSE
bio7,Saxicola maurus,-0.049322496468856857,-0.49677295990947284,0.3960007519779332,FALSE
bio7,Saxicola stejnegeri,-0.007091461417467951,-0.45303396460112694,0.44311595413758004,FALSE
bio7,Sinosuthora webbiana,-0.6793411150552586,-1.0647926698306398,-0.31960332034116495,TRUE
bio7,Sitta europaea,-0.2404596784869312,-0.4590111196641712,-0.012455718965368744,TRUE
bio7,Spatula clypeata,0.22627661166216265,-0.1798394413662177,0.636787592780227,FALSE
bio7,Spilopelia chinensis,-0.35785518705716324,-0.6802755488702696,-0.04776050267830928,TRUE
bio7,Spizixos semitorques,-0.17279721038023646,-0.526030670023414,0.17937368951442162,FALSE
bio7,Spodiopsar cineraceus,0.06857921178513803,-0.3676558193345646,0.4784540501652621,FALSE
bio7,Spodiopsar sericeus,0.21227464705623772,-0.19363733176366912,0.6460087109148961,FALSE
bio7,Stachyridopsis ruficeps,0.03549415062938871,-0.5969994275628361,0.6353233267041614,FALSE
bio7,Sterna hirundo,-0.0180507573800274,-0.5154702937372866,0.44079466009768536,FALSE
bio7,Streptopelia decaocto,-0.6344660570814571,-1.0342879221680377,-0.24511324056311856,TRUE
bio7,Streptopelia orientalis,0.4599333238748342,0.14832864089525022,0.7798730319395543,TRUE
bio7,Tachybaptus ruficollis,0.21965568165734192,-0.17027769845223495,0.608868832515389,FALSE
bio7,Tadorna ferruginea,-0.37262570770746894,-0.7172494907939017,0.005385908491180385,FALSE
bio7,Tadorna tadorna,0.04221252145973833,-0.28623993603151976,0.375822106972928,FALSE
bio7,Tarsiger cyanurus,0.038712317883641836,-0.3784764593705802,0.49042228743642824,FALSE
bio7,Tringa erythropus,-0.18201785294962905,-0.5629734965966413,0.17924080495731964,FALSE
bio7,Tringa glareola,0.19651354284276076,-0.16982232332478303,0.5436954298724477,FALSE
bio7,Tringa nebularia,0.05989816611181098,-0.2541806094188567,0.3933954950155243,FALSE
bio7,Tringa ochropus,0.08224942746464224,-0.30058992076834234,0.4840821973191242,FALSE
bio7,Tringa totanus,0.19351922216548903,-0.07644025550289221,0.48707678990471,FALSE
bio7,Trochalopteron elliotii,-0.1235070821430905,-0.5110137288246082,0.24708727097238534,FALSE
bio7,Troglodytes troglodytes,-0.2808760571447255,-0.8900760022052538,0.1494371777838862,FALSE
bio7,Turdus eunomus,-0.07439014380477552,-0.5380266365368783,0.3674724097351731,FALSE
bio7,Turdus hortulorum,0.02076572824077657,-0.3571480161191416,0.4325095898948515,FALSE
bio7,Turdus mandarinus,0.04534943606032156,-0.31083481137044877,0.39975083266597994,FALSE
bio7,Turdus naumanni,0.26785431164036616,-0.17739051110910142,0.6897267021825206,FALSE
bio7,Upupa epops,0.41631346697935906,-0.17332233535230684,0.987031316598262,FALSE
bio7,Urocissa erythroryncha,-0.1107368637587648,-0.4539438626981005,0.27563173981763534,FALSE
bio7,Vanellus cinereus,-0.4808706650975944,-0.9992954209460823,0.008136823717265151,FALSE
bio7,Vanellus vanellus,0.3339449467298113,-0.00809557068667673,0.6758439180351112,FALSE
bio7,Yungipicus canicapillus,-0.20417779723388835,-0.5740178035755531,0.14983833426354837,FALSE
bio7,Zosterops simplex,-0.014811217002443228,-0.4728670853778269,0.4454891946405469,FALSE
centroid_lat,Abroscopus albogularis,-2.5030409106446974,-3.11937012447002,-2.0053028784524405,TRUE
centroid_lat,Accipiter nisus,2.5775223298142453,1.962754300642787,3.19845999266726,TRUE
centroid_lat,Accipiter soloensis,-1.925030441568865,-2.5515555088245963,-1.3688589566356921,TRUE
centroid_lat,Accipiter trivirgatus,-5.905850445594281,-6.991807833999817,-4.738415986358089,TRUE
centroid_lat,Accipiter virgatus,-4.35013212829643,-5.211344818576593,-3.5556925147181393,TRUE
centroid_lat,Acridotheres cristatellus,-2.92312739601375,-3.335912562434495,-2.5406003646999475,TRUE
centroid_lat,Acrocephalus orientalis,0.5944540256025566,0.33963784339806125,0.8629312498013229,TRUE
centroid_lat,Actitis hypoleucos,0.4248262793601437,0.1663926369831792,0.7286617517305171,TRUE
centroid_lat,Aegithalos concinnus,-3.2403049782582873,-3.8175002040667074,-2.7189943211382928,TRUE
centroid_lat,Aegithalos glaucogularis,2.2133385164476507,1.8391020506305,2.632467675135944,TRUE
centroid_lat,Aethopyga christinae,-3.8669880629055866,-4.3786824191518665,-3.3616668709890067,TRUE
centroid_lat,Aix galericulata,0.9516480489193447,0.6460774143766068,1.3041132581363113,TRUE
centroid_lat,Alauda arvensis,2.1165827722547226,1.767988931592391,2.4879532010926364,TRUE
centroid_lat,Alauda gulgula,-0.7890193381414321,-1.0385940792473758,-0.5369097285206458,TRUE
centroid_lat,Alcedo atthis,-0.6940967922306347,-0.9704857206298361,-0.4348194628580483,TRUE
centroid_lat,Amaurornis phoenicurus,-3.1006259731987966,-3.5676576954265347,-2.6675050886213776,TRUE
centroid_lat,Anas acuta,0.6137049686053244,0.3595556877876989,0.8946128520038065,TRUE
centroid_lat,Anas carolinensis,0.9499109297362851,0.6642964227765539,1.2181320528703983,TRUE
centroid_lat,Anas platyrhynchos,1.6490261436355682,1.3745946016470167,1.947077716288595,TRUE
centroid_lat,Anas zonorhyncha,1.0434227098899025,0.8199737438968355,1.278945894269745,TRUE
centroid_lat,Anser anser,1.5211354529164804,1.200853590289212,1.8440895148926921,TRUE
centroid_lat,Anthus hodgsoni,-1.9637703392155876,-2.382192050587972,-1.585445411692735,TRUE
centroid_lat,Anthus richardi,0.3349829593208765,0.0837540000877632,0.6032930687930549,TRUE
centroid_lat,Anthus roseatus,0.3151615503568299,0.03192116979737627,0.6366114368181862,TRUE
centroid_lat,Anthus rubescens,-0.5435259460490566,-0.9671034176207538,-0.12960487833792184,TRUE
centroid_lat,Anthus spinoletta,2.6339417024806386,2.1267769866036184,3.2159849686144715,TRUE
centroid_lat,Apus apus,5.0286260735952615,4.331926801014534,5.813407101278029,TRUE
centroid_lat,Apus nipalensis,-3.952126128378399,-4.4421524057908615,-3.4513633984897867,TRUE
centroid_lat,Apus pacificus,-0.06653416522431267,-0.5416066811537742,0.4560148015467764,FALSE
centroid_lat,Aquila chrysaetos,3.0565721420295713,2.5508647536868927,3.653922762250795,TRUE
centroid_lat,Ardea alba,0.46960283219197335,0.2778219756060237,0.6820473196351972,TRUE
centroid_lat,Ardea cinerea,0.5938659363685962,0.40955120094292435,0.7794890390085432,TRUE
centroid_lat,Ardeola bacchus,-2.2481375648386446,-2.5675303001722343,-1.931822682551465,TRUE
centroid_lat,Athene noctua,5.230311483388503,4.382422568823731,6.235809856966628,TRUE
centroid_lat,Aythya ferina,1.4333818522721051,1.173529535938785,1.6938378199992778,TRUE
centroid_lat,Aythya fuligula,1.1211946280018326,0.8548760114400812,1.4083097687831423,TRUE
centroid_lat,Aythya nyroca,1.327915982826548,0.9647930903533574,1.6854629132528416,TRUE
centroid_lat,Bambusicola thoracicus,-1.8268068975449128,-2.1334607752438903,-1.5456310745983306,TRUE
centroid_lat,Bubulcus coromandus,-2.363656132771627,-2.76420670732926,-2.028716198994944,TRUE
centroid_lat,Buteo hemilasius,3.127019928579542,2.7119697538201337,3.594555339261384,TRUE
centroid_lat,Buteo japonicus,0.24905214177040913,-0.07506807745837553,0.5633717003511524,FALSE
centroid_lat,Butorides striata,-3.0190492178481745,-3.6583723900716234,-2.4176212235147916,TRUE
centroid_lat,Carpodacus erythrinus,1.1211933739688436,0.8427731295456384,1.4313814398693945,TRUE
centroid_lat,Cecropis daurica,-2.6939691594879434,-3.3199867173111577,-2.164639211976177,TRUE
centroid_lat,Ceryle rudis,-2.127611442827844,-2.496728922025224,-1.7849209949079747,TRUE
centroid_lat,Chaimarrornis leucocephalus,-0.5727928022257961,-0.7815742924525674,-0.37274452906898486,TRUE
centroid_lat,Charadrius alexandrinus,0.3406799394279131,0.1597683439241968,0.5191681875170752,TRUE
centroid_lat,Charadrius dubius,0.8738678758040425,0.6596083794597442,1.100303659805118,TRUE
centroid_lat,Chlidonias hybrida,0.932809236394456,0.6980323345126976,1.1591921813384722,TRUE
centroid_lat,Chloris sinica,1.4548950485165635,1.048674987726577,1.816496816779989,TRUE
centroid_lat,Chroicocephalus ridibundus,0.8327545701527026,0.6646349873061757,1.0147391793198905,TRUE
centroid_lat,Cinclus pallasii,-0.7118726714149809,-0.9091924780554813,-0.5411810488289146,TRUE
centroid_lat,Circus cyaneus,1.5931960374917657,1.217013279722863,1.968244827831653,TRUE
centroid_lat,Circus spilonotus,0.4489214097259267,0.23563767033117894,0.6577599172861576,TRUE
centroid_lat,Cisticola juncidis,-2.4241220120704403,-3.4883439263337324,-1.7336372760488281,TRUE
centroid_lat,Columba livia,0.5496288987549184,0.3306775242443187,0.7756736003447882,TRUE
centroid_lat,Columba rupestris,5.135233248982036,4.443975451890021,5.875978962036341,TRUE
centroid_lat,Copsychus saularis,-6.39148287107898,-7.368805872004702,-5.459574849537557,TRUE
centroid_lat,Corvus corax,2.8910564749974803,2.395939466201189,3.4865308135670756,TRUE
centroid_lat,Corvus corone,1.4451409729782603,1.222883263587788,1.6837119212784206,TRUE
centroid_lat,Corvus macrorhynchos,-0.2865509963750274,-0.45456131937152666,-0.11578211092482815,TRUE
centroid_lat,Cuculus canorus,3.541871793799218,2.9839567823520627,4.18600713025555,TRUE
centroid_lat,Cuculus micropterus,-3.723724271390326,-4.552088178727489,-2.937096009772651,TRUE
centroid_lat,Cuculus sparverioides,-2.4237284545545976,-3.29694071337351,-1.7703368945620297,TRUE
centroid_lat,Culicicapa ceylonensis,-2.0968696649234095,-2.4744822452731476,-1.7742291148781566,TRUE
centroid_lat,Cyanopica cyanus,2.126454206428042,1.8232322220247754,2.452969942265302,TRUE
centroid_lat,Delichon dasypus,-1.0240487203122046,-1.2954374736781784,-0.7796107635689453,TRUE
centroid_lat,Dendrocitta formosae,-3.5275631104868235,-4.149363058230913,-2.9830859585324117,TRUE
centroid_lat,Dendrocopos major,1.4245972469966945,1.1958486664818726,1.6701636149288637,TRUE
centroid_lat,Dicrurus hottentottus,-4.1135792960941435,-5.159431697907598,-3.081023124515838,TRUE
centroid_lat,Dicrurus leucophaeus,-4.582529604152696,-5.649281932210189,-3.588119652571861,TRUE
centroid_lat,Dicrurus macrocercus,-3.8361527289751454,-4.440110110236865,-3.260802014489691,TRUE
centroid_lat,Egretta garzetta,-2.0792908681008537,-2.387438758920179,-1.7952435180787072,TRUE
centroid_lat,Elanus caeruleus,-2.157739204555136,-2.444960894575502,-1.868538973012282,TRUE
centroid_lat,Emberiza cioides,1.9558211612712741,1.6520795274250002,2.271623078760923,TRUE
centroid_lat,Emberiza elegans,0.3648407042977735,0.13075103323568396,0.5931160057393071,TRUE
centroid_lat,Emberiza godlewskii,1.157953620023604,0.864419917035993,1.4721605932676949,TRUE
centroid_lat,Emberiza pusilla,-1.2025649083697587,-1.7539617825997544,-0.7323519479459202,TRUE
centroid_lat,Emberiza spodocephala,0.18475580136593991,-0.16010160133404625,0.5017544719605548,FALSE
centroid_lat,Enicurus leschenaulti,-2.0215260266945316,-2.369693092450708,-1.6914665389803567,TRUE
centroid_lat,Eophona migratoria,-0.37351249711787965,-0.6662436248484748,-0.08511361361490238,TRUE
centroid_lat,Eremophila alpestris,4.651068072406968,4.007430480531123,5.310927654412735,TRUE
centroid_lat,Eudynamys scolopaceus,-5.3888141028684675,-6.528909198790547,-4.217510023986244,TRUE
centroid_lat,Eumyias thalassinus,-3.610367820060996,-4.370167225657286,-2.9684550436473427,TRUE
centroid_lat,Falco amurensis,1.1713368269947664,0.9302988969478095,1.4136205890524547,TRUE
centroid_lat,Falco peregrinus,-0.03829777212821861,-0.3964450826519315,0.37939480481774324,FALSE
centroid_lat,Falco subbuteo,1.466198655170307,1.1683261193197358,1.8005842236587764,TRUE
centroid_lat,Falco tinnunculus,1.2508276461369567,0.9740659361456182,1.5249667273553162,TRUE
centroid_lat,Ficedula albicilla,-0.5883963839676362,-1.0522698700227628,-0.11683305912618654,TRUE
centroid_lat,Fringilla montifringilla,1.2577238086508142,0.9809943186393942,1.5702800312055694,TRUE
centroid_lat,Fulica atra,0.8702978684583991,0.6669315373987535,1.0943260465341569,TRUE
centroid_lat,Gallinago gallinago,0.2110245913393581,-0.033613967312561624,0.4756558581568097,FALSE
centroid_lat,Gallinula chloropus,-0.11687522714840864,-0.32703327005789457,0.11014816266064122,FALSE
centroid_lat,Garrulax canorus,-2.012307546197523,-2.4981408143532673,-1.6204944452190337,TRUE
centroid_lat,Garrulus glandarius,-0.4964463528941137,-0.6934363688847924,-0.3123953682911484,TRUE
centroid_lat,Gracupica nigricollis,-3.1893742117288433,-3.7151412959686496,-2.7193343366986373,TRUE
centroid_lat,Gyps himalayensis,1.6982114510669801,1.212416687735841,2.270837506191776,TRUE
centroid_lat,Halcyon smyrnensis,-5.0941062129925125,-6.005919402461384,-4.264207307710739,TRUE
centroid_lat,Hemixos castanonotus,-5.318074891048381,-6.110474737936894,-4.5804527842924845,TRUE
centroid_lat,Himantopus himantopus,1.027622891692343,0.8078500335994212,1.2224118487485884,TRUE
centroid_lat,Hirundo rustica,0.5058063220567406,0.25510995971563505,0.7752255941588191,TRUE
centroid_lat,Horornis fortipes,-2.6528144171125665,-3.249052950608611,-2.171726274684574,TRUE
centroid_lat,Hypsipetes leucocephalus,-5.590017111803701,-6.521117771514025,-4.742281016447634,TRUE
centroid_lat,Ixobrychus sinensis,-0.990298646469028,-1.3681260209881398,-0.6493269452260443,TRUE
centroid_lat,Ixos mcclellandii,-4.4424196224528,-5.126501485915566,-3.75387563932717,TRUE
centroid_lat,Lanius cristatus,-0.06206983417865144,-0.4045592344616689,0.306281275712091,FALSE
centroid_lat,Lanius schach,-3.4223599375473954,-3.794780870233557,-3.067008817479362,TRUE
centroid_lat,Lanius sphenocercus,2.723153319794218,2.3026271905983857,3.1558315354656736,TRUE
centroid_lat,Lanius tephronotus,0.1812749983316825,-0.07289237181012799,0.45559662171014104,FALSE
centroid_lat,Leiothrix lutea,-2.075670808648388,-2.5664854100660306,-1.6606980317846685,TRUE
centroid_lat,Lonchura punctulata,-6.777329553853548,-7.6968758618544,-5.839621402509437,TRUE
centroid_lat,Lonchura striata,-5.654304680060328,-6.590169421292132,-4.8826185817355165,TRUE
centroid_lat,Mareca falcata,0.9865054010893537,0.7026667402297414,1.2704433360785332,TRUE
centroid_lat,Mareca penelope,0.6723487034989037,0.397092733099569,0.9433145925166515,TRUE
centroid_lat,Mareca strepera,1.5689331590416928,1.2881744918374665,1.8699893656822124,TRUE
centroid_lat,Mergus merganser,2.887478819911797,2.4152378296093615,3.399516346603722,TRUE
centroid_lat,Milvus migrans,0.07013157614455601,-0.10917979367203282,0.26569774551652486,FALSE
centroid_lat,Monticola solitarius,-2.0016213737717634,-2.380761349198288,-1.658923211532998,TRUE
centroid_lat,Motacilla alba,-1.1219892878870776,-2.2700979679465987,0.019980897325829874,FALSE
centroid_lat,Motacilla cinerea,-0.24961746182195715,-0.5735716507347863,0.1368705564016875,FALSE
centroid_lat,Motacilla citreola,1.1594965499294747,0.904014015255764,1.4221991896614241,TRUE
centroid_lat,Motacilla tschutschensis,0.5444675244756484,0.23662750586713396,0.8563850562515604,TRUE
centroid_lat,Muscicapa sibirica,-4.087613682710883,-5.674545333690789,-2.6137640987514295,TRUE
centroid_lat,Myophonus caeruleus,-3.199531817765028,-3.7391959364721146,-2.675294211457919,TRUE
centroid_lat,Nycticorax nycticorax,-0.769475362225559,-1.003159840067979,-0.5574488188557852,TRUE
centroid_lat,Oriolus chinensis,-2.7197230759767845,-3.582027215801155,-1.8402162757478946,TRUE
centroid_lat,Pardaliparus venustulus,0.035707242946103834,-0.21621814881350776,0.2915488417186148,FALSE
centroid_lat,Parus minor,-3.1284738485351506,-3.6829036619308204,-2.539455522229469,TRUE
centroid_lat,Parus monticolus,-1.0410131002336354,-1.2396482285553656,-0.8563984433451882,TRUE
centroid_lat,Passer cinnamomeus,-1.2715435029730648,-1.5846254916463278,-0.9953745073546735,TRUE
centroid_lat,Passer montanus,1.850211057213455,1.2498667347891477,2.497008100076186,TRUE
centroid_lat,Pericrocotus solaris,-5.113224618261736,-6.1489836387836165,-4.175417045206906,TRUE
centroid_lat,Periparus ater,1.1066139785833633,0.8699416746780196,1.3566175188928358,TRUE
centroid_lat,Pernis ptilorhynchus,-0.5413276046778192,-0.8128486948309452,-0.27139691056629445,TRUE
centroid_lat,Phalacrocorax carbo,1.0767771008693816,0.8498407094076962,1.3047906803708071,TRUE
centroid_lat,Phasianus colchicus,1.938992589215117,1.6497272183826122,2.2374108191950635,TRUE
centroid_lat,Phoenicurus auroreus,-3.1443010437105,-3.9470049567666243,-2.3511878770820984,TRUE
centroid_lat,Phoenicurus frontalis,0.14840427230285538,-0.12696919810008062,0.42500821687064577,FALSE
centroid_lat,Phoenicurus fuliginosus,-1.908853980767153,-2.225494824451446,-1.6292567763690518,TRUE
centroid_lat,Phoenicurus ochruros,1.8509277176470424,1.5172037962244542,2.228568924158615,TRUE
centroid_lat,Phylloscopus fuscatus,-0.9154463426259962,-1.232977975377398,-0.5838923473091716,TRUE
centroid_lat,Phylloscopus humei,1.6843909315368044,1.2800744422950798,2.1450049948892924,TRUE
centroid_lat,Phylloscopus inornatus,-3.2033689812040738,-3.81236165001549,-2.623844803229183,TRUE
centroid_lat,Phylloscopus proregulus,-2.2689252497056343,-2.8527429331358625,-1.6864694814255046,TRUE
centroid_lat,Pica serica,0.877787357176993,0.6492434181031538,1.108717393122133,TRUE
centroid_lat,Picoides canicapillus,0.20500700558212825,-0.07423963573120809,0.47648890935058613,FALSE
centroid_lat,Picumnus innominatus,-4.1352428455768475,-5.707220516529329,-2.997075317243299,TRUE
centroid_lat,Picus canus,1.125159682792837,0.8558999361659133,1.390787605945774,TRUE
centroid_lat,Platalea leucorodia,1.0848537824717468,0.8139297501996583,1.3633175718828245,TRUE
centroid_lat,Podiceps cristatus,1.4372743438855693,1.1894670815925756,1.709264722656157,TRUE
centroid_lat,Pomatorhinus ruficollis,-4.229108856199254,-4.848184292555413,-3.6839940322678104,TRUE
centroid_lat,Prinia flaviventris,-6.527814575723386,-7.58415162283248,-5.666715764220827,TRUE
centroid_lat,Prinia inornata,-6.379328455022092,-7.4204793021590625,-5.319064600786411,TRUE
centroid_lat,Psilopogon virens,-3.3359120364487396,-4.0303423826652045,-2.7110709607538155,TRUE
centroid_lat,Pterorhinus sannio,-1.882102977225848,-2.155710335835918,-1.6411442200652975,TRUE
centroid_lat,Ptyonoprogne rupestris,3.5292469943103213,2.9259472024092523,4.1813162941974795,TRUE
centroid_lat,Pycnonotus aurigaster,-6.530664010203662,-7.4439207167308625,-5.673364973090349,TRUE
centroid_lat,Pycnonotus jocosus,-4.2749279855500495,-4.8022915526878185,-3.814340033766233,TRUE
centroid_lat,Pycnonotus sinensis,-2.045320525469727,-2.3716704975428637,-1.7148681877777971,TRUE
centroid_lat,Pycnonotus xanthorrhous,-1.6140228387270534,-1.8303783807810572,-1.4020003925642741,TRUE
centroid_lat,Pyrrhocorax pyrrhocorax,3.1401532156679965,2.7194254329353673,3.6310580812468354,TRUE
centroid_lat,Recurvirostra avosetta,0.9530526394177086,0.699737836125816,1.2272501667769786,TRUE
centroid_lat,Regulus regulus,1.2896002035583403,0.9726845361922265,1.654544227535443,TRUE
centroid_lat,Riparia diluta,0.19981976372413948,-0.017452786382293306,0.4280535942958324,FALSE
centroid_lat,Riparia riparia,1.3818029868037969,1.0869221152377804,1.7153713587411887,TRUE
centroid_lat,Saxicola ferreus,-2.739648979237609,-3.3411895514475565,-2.2833986902460235,TRUE
centroid_lat,Saxicola maurus,-0.10893683634451984,-0.4092445349883396,0.2189860742584508,FALSE
centroid_lat,Saxicola stejnegeri,-1.3747134661080698,-1.7763244830711957,-0.988984129804627,TRUE
centroid_lat,Sinosuthora webbiana,-0.06114237435363472,-0.30379369181339533,0.1832373280712222,FALSE
centroid_lat,Sitta europaea,1.1243204071483643,0.9199174573742419,1.3311253424729799,TRUE
centroid_lat,Spatula clypeata,0.9107610089523441,0.6787291526712368,1.1416694717364801,TRUE
centroid_lat,Spilopelia chinensis,-2.0132070088654017,-2.363577590478699,-1.7016922685697622,TRUE
centroid_lat,Spizixos semitorques,-1.3552634008693356,-1.558431359322687,-1.1753455173098153,TRUE
centroid_lat,Spodiopsar cineraceus,1.0758022354114485,0.7930642689577964,1.3548517756004164,TRUE
centroid_lat,Spodiopsar sericeus,-2.513493088570949,-2.975823876979262,-2.0998026254708666,TRUE
centroid_lat,Stachyridopsis ruficeps,-3.727088145292079,-4.283521938615394,-3.1744622854806117,TRUE
centroid_lat,Sterna hirundo,1.790864484440435,1.5318329990942021,2.0782080658339246,TRUE
centroid_lat,Streptopelia decaocto,2.968158164884824,2.586900783975346,3.341161542505409,TRUE
centroid_lat,Streptopelia orientalis,-0.12214033483519138,-0.3989958128225394,0.15234236745770038,FALSE
centroid_lat,Tachybaptus ruficollis,-0.37081972419356773,-0.5957409012035886,-0.14133364643493998,TRUE
centroid_lat,Tadorna ferruginea,1.8623985480804865,1.5956944981448633,2.1265186494423207,TRUE
centroid_lat,Tadorna tadorna,1.5553553048104887,1.2662408923910127,1.8927047881227201,TRUE
centroid_lat,Tarsiger cyanurus,-0.5724916604043625,-0.9583455234015676,-0.21216421445373368,TRUE
centroid_lat,Tringa erythropus,0.6845177257637373,0.4332563934432564,0.9396127826551648,TRUE
centroid_lat,Tringa glareola,0.5642333197765431,0.3521984844745493,0.8021971646213418,TRUE
centroid_lat,Tringa nebularia,0.22370884277302924,0.030925051492898682,0.41351672654551624,TRUE
centroid_lat,Tringa ochropus,0.49782576984358035,0.17450026184567177,0.8426921235580191,TRUE
centroid_lat,Tringa totanus,0.5887054900721905,0.4142258424762094,0.7687383587008203,TRUE
centroid_lat,Trochalopteron elliotii,-0.11845601290104786,-0.2828099872823288,0.04988457500313987,FALSE
centroid_lat,Troglodytes troglodytes,1.4982670468490553,0.9344612583155221,2.617349043309318,TRUE
centroid_lat,Turdus eunomus,0.9486463349394464,0.6157766777560513,1.2923893693358302,TRUE
centroid_lat,Turdus hortulorum,-2.4597051673361796,-3.01879449383881,-1.8987730773764613,TRUE
centroid_lat,Turdus mandarinus,-2.555045459771355,-2.9624433784153914,-2.2070407620866077,TRUE
centroid_lat,Turdus naumanni,1.6477825944516784,1.3336343360918759,2.012896595357146,TRUE
centroid_lat,Upupa epops,2.021555052201429,1.7021209378795457,2.3515106202070335,TRUE
centroid_lat,Urocissa erythroryncha,-1.3668207375221189,-1.6340615651600505,-1.1353606002414092,TRUE
centroid_lat,Vanellus cinereus,-0.361840273022484,-0.6806287073580312,-0.06197704203978725,TRUE
centroid_lat,Vanellus vanellus,1.2259138094641913,1.0141898710409623,1.4507940528066896,TRUE
centroid_lat,Yungipicus canicapillus,-0.4954844223890663,-0.7042493383965932,-0.27150339405162566,TRUE
centroid_lat,Zosterops simplex,-5.438572221805764,-6.322510117745031,-4.546756773683893,TRUE
centroid_lon,Abroscopus albogularis,1.448302126646515,1.1262841923136069,1.797468034605129,TRUE
centroid_lon,Accipiter nisus,-1.4151688877881876,-2.003087247114641,-0.8304728895638777,TRUE
centroid_lon,Accipiter soloensis,3.4814522128059515,2.854889080180674,4.221477278621387,TRUE
centroid_lon,Accipiter trivirgatus,2.8223294707034965,2.1005161287507175,3.5025785146731634,TRUE
centroid_lon,Accipiter virgatus,1.8095794198739283,1.1856240513320953,2.5721679351259334,TRUE
centroid_lon,Acridotheres cristatellus,3.286183613692124,2.905965186741058,3.7172532277860353,TRUE
centroid_lon,Acrocephalus orientalis,2.67896042433748,2.3272481939604264,3.0770654304940885,TRUE
centroid_lon,Actitis hypoleucos,0.9661533542130692,0.6755520789748011,1.2790462928639077,TRUE
centroid_lon,Aegithalos concinnus,1.7669149515363032,1.4736345222817135,2.08849052879201,TRUE
centroid_lon,Aegithalos glaucogularis,2.217380385218163,1.8933204587092993,2.5461821310618022,TRUE
centroid_lon,Aethopyga christinae,2.2467383113402715,1.8275057451079988,2.6497888352954218,TRUE
centroid_lon,Aix galericulata,2.9221448808249053,2.4818220881478905,3.452417649341054,TRUE
centroid_lon,Alauda arvensis,1.380422147329698,1.090206705699065,1.6715438226844104,TRUE
centroid_lon,Alauda gulgula,-0.6071790241888526,-0.8345721214284465,-0.40082945774956025,TRUE
centroid_lon,Alcedo atthis,2.356735603169266,1.9771986181597414,2.752650824363739,TRUE
centroid_lon,Amaurornis phoenicurus,2.398376414400892,1.9795702517375504,2.829093795242425,TRUE
centroid_lon,Anas acuta,0.3250819946208179,0.0995998513090007,0.5587760214311117,TRUE
centroid_lon,Anas carolinensis,1.2225446006899516,0.9799679711330099,1.4696837976297703,TRUE
centroid_lon,Anas platyrhynchos,0.61614385383886106,0.39263740993197316,0.8434290401680914,TRUE
centroid_lon,Anas zonorhyncha,2.3846436331583334,2.1176647592554603,2.6882257853000584,TRUE
centroid_lon,Anser anser,0.19729194302435807,-0.0519053273517221,0.43936922636202097,FALSE
centroid_lon,Anthus hodgsoni,1.9413797345757995,1.6336352676020263,2.3223385695832652,TRUE
centroid_lon,Anthus richardi,1.2598555666218612,0.9122512492030657,1.6181997968708857,TRUE
centroid_lon,Anthus roseatus,-3.6076809627979265,-4.248049845099243,-3.003592387835971,TRUE
centroid_lon,Anthus rubescens,3.390847637372801,2.804883777760832,4.0584175378641705,TRUE
centroid_lon,Anthus spinoletta,0.9310320671662212,0.4795777810602376,1.3613200654715403,TRUE
centroid_lon,Apus apus,-1.1477681464974412,-1.5363326401669184,-0.76289027519469,TRUE
centroid_lon,Apus nipalensis,0.22750525234091848,-0.08675618471047887,0.5437180184340602,FALSE
centroid_lon,Apus pacificus,2.6205937838508437,1.4133467264299824,4.214380158266703,TRUE
centroid_lon,Aquila chrysaetos,-4.056269906443151,-4.639498635042004,-3.4766974966583244,TRUE
centroid_lon,Ardea alba,1.1734464771670874,0.9246419969078101,1.4210465239390415,TRUE
centroid_lon,Ardea cinerea,1.4131754311783935,1.1957772808975389,1.6340709317166957,TRUE
centroid_lon,Ardeola bacchus,2.515826758152417,2.184595114277178,2.856366213515897,TRUE
centroid_lon,Athene noctua,-2.219256452727839,-2.7484335153621386,-1.7440110879054953,TRUE
centroid_lon,Aythya ferina,0.36414601291635235,0.1447136137758924,0.5853118058224015,TRUE
centroid_lon,Aythya fuligula,0.34998767969299666,0.11216305953278395,0.6199583902904278,TRUE
centroid_lon,Aythya nyroca,-0.6799264135671367,-1.0275698352847253,-0.40930456170447393,TRUE
centroid_lon,Bambusicola thoracicus,1.6813630217811817,1.4074775791369196,1.9781588238305523,TRUE
centroid_lon,Bubulcus coromandus,1.743145785552401,1.4134691083354862,2.057332492872405,TRUE
centroid_lon,Buteo hemilasius,-3.296555657969487,-3.7773419280806264,-2.8844876158268375,TRUE
centroid_lon,Buteo japonicus,1.900590730964937,1.4997473047422547,2.3952738270351412,TRUE
centroid_lon,Butorides striata,4.732576129720309,3.8676634640601972,5.665946982962806,TRUE
centroid_lon,Carpodacus erythrinus,-2.3135274578550997,-2.7358143349365296,-1.8964961517919627,TRUE
centroid_lon,Cecropis daurica,4.735135111787632,4.089698455185843,5.426816284295251,TRUE
centroid_lon,Ceryle rudis,3.5369011388340987,3.00162240741934,4.081206370171058,TRUE
centroid_lon,Chaimarrornis leucocephalus,-1.3507169300468795,-1.7499768457615317,-1.0503105239659993,TRUE
centroid_lon,Charadrius alexandrinus,0.6656300109555024,0.46951099401001845,0.8848457881165818,TRUE
centroid_lon,Charadrius dubius,1.4422577627903108,1.187329479507666,1.7111095131547112,TRUE
centroid_lon,Chlidonias hybrida,1.4792869874221046,1.2195730855053026,1.7367347039227876,TRUE
centroid_lon,Chloris sinica,6.17328948881187,5.300575039723847,7.181369955071885,TRUE
centroid_lon,Chroicocephalus ridibundus,0.5504082031446299,0.3860378699936223,0.7203684334617617,TRUE
centroid_lon,Cinclus pallasii,0.3750815701061173,0.20244323082492086,0.5483366521101721,TRUE
centroid_lon,Circus cyaneus,0.3738701328768232,0.07492660050335927,0.6767944902306808,TRUE
centroid_lon,Circus spilonotus,1.6532985900679855,1.3916340735395174,1.9287768975688133,TRUE
centroid_lon,Cisticola juncidis,4.491068064361169,3.4380274246242717,5.996703411409589,TRUE
centroid_lon,Columba livia,-0.6334351094222587,-0.8800682941290756,-0.40275063624168383,TRUE
centroid_lon,Columba rupestris,-5.025267708451243,-5.705982664077105,-4.345349800768232,TRUE
centroid_lon,Copsychus saularis,3.6362896904476116,3.0345442645539906,4.3037892717294985,TRUE
centroid_lon,Corvus corax,-5.488295021484021,-6.349122105639475,-4.75174609908673,TRUE
centroid_lon,Corvus corone,-0.5469558638596512,-0.8027354092752859,-0.32289843727727224,TRUE
centroid_lon,Corvus macrorhynchos,0.522720000410815,0.3803804438411126,0.6672490767294458,TRUE
centroid_lon,Cuculus canorus,-2.3450894915915312,-2.9133424795423477,-1.8046934570343993,TRUE
centroid_lon,Cuculus micropterus,6.2228917896076466,5.079650643018454,7.294480632580292,TRUE
centroid_lon,Cuculus sparverioides,1.2806283277404396,0.7579955538159793,1.9296642779011595,TRUE
centroid_lon,Culicicapa ceylonensis,-0.4433026848407848,-0.7399648322094889,-0.17609449087830617,TRUE
centroid_lon,Cyanopica cyanus,2.401035427648878,2.0915754898305123,2.7124551130689145,TRUE
centroid_lon,Delichon dasypus,-0.2601962459014496,-0.4626934622872077,-0.04185724079868719,TRUE
centroid_lon,Dendrocitta formosae,2.3190882917917395,1.9036619273053843,2.7620165611412135,TRUE
centroid_lon,Dendrocopos major,1.4342587568993965,1.2092968099585526,1.665661996945599,TRUE
centroid_lon,Dicrurus hottentottus,3.035965453910008,2.2408387582952733,3.874784807058756,TRUE
centroid_lon,Dicrurus leucophaeus,1.5116048437818104,0.9079665591306957,2.1467923993946654,TRUE
centroid_lon,Dicrurus macrocercus,3.435372727310348,2.921894215283559,3.95059439459028,TRUE
centroid_lon,Egretta garzetta,2.430062104780414,2.1576891829954015,2.727970832031535,TRUE
centroid_lon,Elanus caeruleus,2.035397013831507,1.7018417241846606,2.404399124508796,TRUE
centroid_lon,Emberiza cioides,2.039191729381927,1.7089851348189598,2.412104464506179,TRUE
centroid_lon,Emberiza elegans,2.068615345417956,1.8099533196336175,2.3619837088404116,TRUE
centroid_lon,Emberiza godlewskii,-2.7378381954697093,-3.3097558880762565,-2.227519886293359,TRUE
centroid_lon,Emberiza pusilla,3.227076778284272,2.5344620809563074,3.9036275060320236,TRUE
centroid_lon,Emberiza spodocephala,3.3400585245079273,2.8349752485576416,3.882184149595274,TRUE
centroid_lon,Enicurus leschenaulti,0.9340560937483116,0.6594922867725463,1.210929076427088,TRUE
centroid_lon,Eophona migratoria,3.329024539871584,2.8713175934260127,3.8233637634760056,TRUE
centroid_lon,Eremophila alpestris,-6.414722315232984,-7.471232421491265,-5.606760754952023,TRUE
centroid_lon,Eudynamys scolopaceus,4.653833390018188,3.6177918062789027,5.864888524805194,TRUE
centroid_lon,Eumyias thalassinus,-0.019662160299469524,-0.3617777207084204,0.29958931730283594,FALSE
centroid_lon,Falco amurensis,2.2176377404275187,1.9636787468784476,2.482524284881329,TRUE
centroid_lon,Falco peregrinus,0.8114189930912562,0.42376630481770156,1.317835538475539,TRUE
centroid_lon,Falco subbuteo,0.9783261097244047,0.6644056212046318,1.2895550921989103,TRUE
centroid_lon,Falco tinnunculus,-0.45128370571781856,-0.7829182961361707,-0.12366332743695148,TRUE
centroid_lon,Ficedula albicilla,3.2993650853887657,2.3358452432331798,4.9592520150416295,TRUE
centroid_lon,Fringilla montifringilla,1.8903051165912939,1.5611446245909555,2.2420552749478135,TRUE
centroid_lon,Fulica atra,0.7798134366330208,0.5984816857108982,0.9693037707679335,TRUE
centroid_lon,Gallinago gallinago,1.6812192381360545,1.3563510239286072,1.9884987089017427,TRUE
centroid_lon,Gallinula chloropus,1.3521983580278463,1.0824072269444305,1.6436498075753718,TRUE
centroid_lon,Garrulax canorus,2.7204530081543643,2.2651321498155568,3.2284366255116437,TRUE
centroid_lon,Garrulus glandarius,1.3765931578919268,1.1603808993741327,1.5885282374089222,TRUE
centroid_lon,Gracupica nigricollis,3.2982976800899872,2.821015505726124,3.812211642130617,TRUE
centroid_lon,Gyps himalayensis,-7.340178902466262,-8.688158107163868,-6.243252451337469,TRUE
centroid_lon,Halcyon smyrnensis,2.3201898088739177,1.8804978289974688,2.8124828320536053,TRUE
centroid_lon,Hemixos castanonotus,4.7295681515353625,4.087315289900898,5.44102471057554,TRUE
centroid_lon,Himantopus himantopus,1.0111805232222184,0.7898110114071956,1.2267605101406158,TRUE
centroid_lon,Hirundo rustica,2.042992226130497,1.731579179743746,2.43696141208137,TRUE
centroid_lon,Horornis fortipes,1.8842305050283665,1.5431882300227433,2.2780198968921592,TRUE
centroid_lon,Hypsipetes leucocephalus,1.590061246748314,1.2340512127255576,2.0015789242533075,TRUE
centroid_lon,Ixobrychus sinensis,3.287000895529726,2.7296043745486207,3.909930630600367,TRUE
centroid_lon,Ixos mcclellandii,1.6837607426138272,1.341172407199858,2.0179911662807184,TRUE
centroid_lon,Lanius cristatus,3.5717876973954557,3.0320761619732686,4.177510556398605,TRUE
centroid_lon,Lanius schach,2.7056242303965257,2.367780335019157,2.9964619553308567,TRUE
centroid_lon,Lanius sphenocercus,2.775714204497085,2.4012903463727695,3.1845036554101562,TRUE
centroid_lon,Lanius tephronotus,-4.489826053300187,-5.065232245793473,-3.864065274732584,TRUE
centroid_lon,Leiothrix lutea,0.8758819015310295,0.6232782754116107,1.1726998790087306,TRUE
centroid_lon,Lonchura punctulata,3.0917123531792967,2.561243347395547,3.6203572239430697,TRUE
centroid_lon,Lonchura striata,3.174109906647566,2.582589887219526,3.823620933274775,TRUE
centroid_lon,Mareca falcata,2.602166116652764,2.263903275936557,2.976738532740921,TRUE
centroid_lon,Mareca penelope,0.7025628068969213,0.46382730688974116,0.9616951229737761,TRUE
centroid_lon,Mareca strepera,0.31556812262700823,0.09155322620003548,0.544293091361104,TRUE
centroid_lon,Mergus merganser,-1.1945053584041656,-1.555893841040633,-0.8714412070593647,TRUE
centroid_lon,Milvus migrans,-0.9128234355628649,-1.1778916696725255,-0.6650817341312801,TRUE
centroid_lon,Monticola solitarius,0.6029035471670545,0.3212196060314821,0.9021825553876222,TRUE
centroid_lon,Motacilla alba,-0.9771367314865013,-2.2622151796386962,-0.3244460908489862,TRUE
centroid_lon,Motacilla cinerea,1.158706965797478,0.7397882784299545,1.6991714374436035,TRUE
centroid_lon,Motacilla citreola,-2.4279764463698688,-2.861688639714633,-2.0117959064219826,TRUE
centroid_lon,Motacilla tschutschensis,2.358534513569311,1.910727697323022,2.8510570489442797,TRUE
centroid_lon,Muscicapa sibirica,4.782097856980936,3.212583351507695,6.622343062964331,TRUE
centroid_lon,Myophonus caeruleus,0.5084701562402197,0.214442032608486,0.8305146288844186,TRUE
centroid_lon,Nycticorax nycticorax,1.608964952563194,1.3840376841669244,1.859470091809864,TRUE
centroid_lon,Oriolus chinensis,6.362560541287581,5.096699698881835,7.956867195453081,TRUE
centroid_lon,Pardaliparus venustulus,2.057507963005759,1.7406550050735738,2.4231442336856888,TRUE
centroid_lon,Parus minor,3.4270668243401756,2.905917221005625,3.920556145681477,TRUE
centroid_lon,Parus monticolus,-0.8095853529149531,-1.0277589260368376,-0.6214037548548174,TRUE
centroid_lon,Passer cinnamomeus,0.4608287704901821,0.2542128762761709,0.660493555612553,TRUE
centroid_lon,Passer montanus,1.9525753347076584,1.3695082271086771,2.548609501130076,TRUE
centroid_lon,Pericrocotus solaris,1.3006182640195039,0.9621278024481948,1.6407311031044955,TRUE
centroid_lon,Periparus ater,0.3081935631056541,0.1271857905767714,0.47524335755315583,TRUE
centroid_lon,Pernis ptilorhynchus,0.5879838873062705,0.27959684149910274,0.8676807361691455,TRUE
centroid_lon,Phalacrocorax carbo,0.8384621697797426,0.6155999372699732,1.0691198091648848,TRUE
centroid_lon,Phasianus colchicus,2.2090617098802334,1.9172770808003357,2.5398107575022264,TRUE
centroid_lon,Phoenicurus auroreus,4.464498315015527,3.622925644804364,5.348767208092578,TRUE
centroid_lon,Phoenicurus frontalis,-3.7708010488574377,-4.356458076711522,-3.2594114768088693,TRUE
centroid_lon,Phoenicurus fuliginosus,0.3795612824602403,0.18643874463842874,0.5692038132690449,TRUE
centroid_lon,Phoenicurus ochruros,-5.145094057590015,-5.856997889494577,-4.521391274652802,TRUE
centroid_lon,Phylloscopus fuscatus,2.1188626024523805,1.72772790223077,2.5490767684842752,TRUE
centroid_lon,Phylloscopus humei,-4.058130778938661,-4.812360121474153,-3.3909822578132496,TRUE
centroid_lon,Phylloscopus inornatus,5.48349534391319,4.686369548975568,6.429943175024503,TRUE
centroid_lon,Phylloscopus proregulus,5.152665933595525,4.273518866417382,6.273421208757361,TRUE
centroid_lon,Pica serica,2.903649536477234,2.590275655479117,3.2256005725147006,TRUE
centroid_lon,Picoides canicapillus,2.111846170496422,1.726240223108611,2.4930602874141345,TRUE
centroid_lon,Picumnus innominatus,1.493673757238664,0.9485566948021997,2.277280469988091,TRUE
centroid_lon,Picus canus,1.2535579449133294,1.0408987447664324,1.5066294205008195,TRUE
centroid_lon,Platalea leucorodia,2.442584229478637,2.0770629699678813,2.8167994102643075,TRUE
centroid_lon,Podiceps cristatus,0.25463840778553626,0.07335464697924404,0.4303546758352021,TRUE
centroid_lon,Pomatorhinus ruficollis,1.091847989072841,0.7993389717879534,1.3812415546679262,TRUE
centroid_lon,Prinia flaviventris,3.4559273491889955,2.8591825122906274,4.127519415775564,TRUE
centroid_lon,Prinia inornata,4.339657815308106,3.538896222409356,5.093687427327744,TRUE
centroid_lon,Psilopogon virens,0.39773130601535706,0.12765832795299514,0.6773458472722228,TRUE
centroid_lon,Pterorhinus sannio,0.6173175113688668,0.43019250872993453,0.8134202730125556,TRUE
centroid_lon,Ptyonoprogne rupestris,-6.98078268170842,-8.072725550776608,-5.956588920724761,TRUE
centroid_lon,Pycnonotus aurigaster,0.33151939511103035,0.003459718972657289,0.6544496248180164,TRUE
centroid_lon,Pycnonotus jocosus,0.9145624264583861,0.6420899407592556,1.2216478004911628,TRUE
centroid_lon,Pycnonotus sinensis,4.591115441694894,4.080029425315227,5.1350263924182284,TRUE
centroid_lon,Pycnonotus xanthorrhous,0.2839529105577637,0.09482156581814612,0.4701996362132609,TRUE
centroid_lon,Pyrrhocorax pyrrhocorax,-5.225573178831337,-5.850246993080626,-4.594483805401501,TRUE
centroid_lon,Recurvirostra avosetta,1.0616362920210705,0.8245253645962528,1.3179826372957422,TRUE
centroid_lon,Regulus regulus,-0.27626613360519875,-0.5552799273903325,-0.030382765899538082,TRUE
centroid_lon,Riparia diluta,-1.4517819978016007,-1.725322915253988,-1.1958774011326896,TRUE
centroid_lon,Riparia riparia,-0.070053275628839,-0.45976049522266754,0.28783446090781784,FALSE
centroid_lon,Saxicola ferreus,-0.6136265254427642,-0.9277358768084363,-0.32476667101054374,TRUE
centroid_lon,Saxicola maurus,-3.355295919881086,-4.178026747071062,-2.709647025047538,TRUE
centroid_lon,Saxicola stejnegeri,5.214952498467278,4.52716829133061,6.010378996943319,TRUE
centroid_lon,Sinosuthora webbiana,3.432829393982742,3.0283404772992215,3.89087533239267,TRUE
centroid_lon,Sitta europaea,0.8818983101396622,0.7002137668469028,1.0548788780145364,TRUE
centroid_lon,Spatula clypeata,0.725090288967854,0.5004569032069748,0.9656770152565698,TRUE
centroid_lon,Spilopelia chinensis,3.1640383637290173,2.8167490212761597,3.5392498832373724,TRUE
centroid_lon,Spizixos semitorques,1.8512532118829257,1.620418245343267,2.1044953818765064,TRUE
centroid_lon,Spodiopsar cineraceus,3.519736324134242,3.081371858142042,4.032715058761506,TRUE
centroid_lon,Spodiopsar sericeus,3.2611278534443566,2.821354615068893,3.8105061605590302,TRUE
centroid_lon,Stachyridopsis ruficeps,0.644748049889462,0.3617419746382436,0.9368454252895818,TRUE
centroid_lon,Sterna hirundo,-0.49960054692881106,-0.714549749520612,-0.2850939987499647,TRUE
centroid_lon,Streptopelia decaocto,-0.5843306319813122,-0.8098679934459642,-0.3458283324043214,TRUE
centroid_lon,Streptopelia orientalis,1.0824021076249748,0.8421601459170964,1.3072881800561618,TRUE
centroid_lon,Tachybaptus ruficollis,1.9558754412002661,1.707571923635459,2.225044792306642,TRUE
centroid_lon,Tadorna ferruginea,-2.085145707391584,-2.3798125467020057,-1.8170094068105336,TRUE
centroid_lon,Tadorna tadorna,0.8935551416580552,0.6486837824295142,1.126711129560438,TRUE
centroid_lon,Tarsiger cyanurus,2.8487059514536033,2.3708938706929534,3.403309150576821,TRUE
centroid_lon,Tringa erythropus,1.7463315383685063,1.4442060156051808,2.0675822561799317,TRUE
centroid_lon,Tringa glareola,1.2363095826361665,0.9821476692404081,1.5388766042361137,TRUE
centroid_lon,Tringa nebularia,1.1644154103782138,0.9622775324582477,1.4028052732576897,TRUE
centroid_lon,Tringa ochropus,1.0569015786492983,0.7279565557811518,1.3971143438116151,TRUE
centroid_lon,Tringa totanus,-0.6956579015780804,-0.884104364214696,-0.5149188482045304,TRUE
centroid_lon,Trochalopteron elliotii,-0.9015210787457292,-1.1166328259700515,-0.6865826528151853,TRUE
centroid_lon,Troglodytes troglodytes,-1.1570066450302543,-2.522465174840715,-0.6065413676769451,TRUE
centroid_lon,Turdus eunomus,2.172978729429969,1.8010891152987534,2.5408192912132845,TRUE
centroid_lon,Turdus hortulorum,5.139473872354067,4.3117015589773535,5.978209327004908,TRUE
centroid_lon,Turdus mandarinus,2.9920196625569857,2.6396182250369726,3.362998638203426,TRUE
centroid_lon,Turdus naumanni,2.434133953502863,2.0743018136254796,2.8125755950947977,TRUE
centroid_lon,Upupa epops,-1.1592688657126555,-1.5196095137951973,-0.8340333546815959,TRUE
centroid_lon,Urocissa erythroryncha,1.9114816064911404,1.637258455566437,2.2125156379180995,TRUE
centroid_lon,Vanellus cinereus,2.5720046038506283,2.1849240784656105,2.979435530514514,TRUE
centroid_lon,Vanellus vanellus,1.1295792341623414,0.9159283111549782,1.354893447338383,TRUE
centroid_lon,Yungipicus canicapillus,1.0848162771081484,0.8452590584104049,1.3400156539834631,TRUE
centroid_lon,Zosterops simplex,5.133477866175488,4.209619953467153,6.025250332100386,TRUE
elev_mean,Abroscopus albogularis,-1.324395719576466,-2.479482089545128,-0.2813390875564788,TRUE
elev_mean,Accipiter nisus,-0.7112340333646149,-1.7797378303369868,0.5139501747623655,FALSE
elev_mean,Accipiter soloensis,-1.9984429794786989,-3.023038754153271,-1.0340591568403408,TRUE
elev_mean,Accipiter trivirgatus,-1.26027552548491,-2.9537858349116375,0.14709059872666008,FALSE
elev_mean,Accipiter virgatus,-1.5428107722393198,-3.0631817604383667,-0.1254010012777829,TRUE
elev_mean,Acridotheres cristatellus,-1.8364952216438168,-2.5090187106648356,-1.2409824102892029,TRUE
elev_mean,Acrocephalus orientalis,-0.5226260344496636,-1.0859516389143689,0.16824327044602924,FALSE
elev_mean,Actitis hypoleucos,0.14273347833490177,-0.5008948027246785,0.9108679440667223,FALSE
elev_mean,Aegithalos concinnus,-0.8848288473002356,-1.7920773302858,-0.0923949095035866,TRUE
elev_mean,Aegithalos glaucogularis,-3.2403365835794933,-4.093813557339859,-2.5229620470422174,TRUE
elev_mean,Aethopyga christinae,-1.069004929079617,-2.748920466728658,0.23833187571382347,FALSE
elev_mean,Aix galericulata,-1.274610447920724,-2.0359841293393095,-0.4183856184084505,TRUE
elev_mean,Alauda arvensis,-0.07442714729737625,-0.7958774046955563,0.909791208933639,FALSE
elev_mean,Alauda gulgula,-1.1990310601611327,-1.8069861807792613,-0.646723771016746,TRUE
elev_mean,Alcedo atthis,-0.6105312619808446,-1.1457897092840788,0.004965049833952298,FALSE
elev_mean,Amaurornis phoenicurus,-1.4127571596133568,-2.3885244782359627,-0.5004894450809242,TRUE
elev_mean,Anas acuta,-0.4358297635546135,-0.995309868662777,0.1487826863447792,FALSE
elev_mean,Anas carolinensis,-0.706792818165419,-1.2588732558404723,-0.1610272750469999,TRUE
elev_mean,Anas platyrhynchos,-0.4969669523618987,-1.1645826681460647,0.20333127638193602,FALSE
elev_mean,Anas zonorhyncha,-0.6699396611708385,-1.1523053075873104,-0.15530439026365017,TRUE
elev_mean,Anser anser,-0.22619961384817897,-0.8346665595445617,0.6511303124744874,FALSE
elev_mean,Anthus hodgsoni,-1.1285995320075746,-1.5503033176089627,-0.7107002531065353,TRUE
elev_mean,Anthus richardi,0.4312992882427386,-0.08815896700331452,1.0357123583558752,FALSE
elev_mean,Anthus roseatus,-3.7512447255355355,-4.579680190971748,-3.0005097998326735,TRUE
elev_mean,Anthus rubescens,0.2457899532135291,-0.6321941678597035,1.1414014733779647,FALSE
elev_mean,Anthus spinoletta,-1.1352632035173238,-2.158623208790058,0.10166431094197238,FALSE
elev_mean,Apus apus,-1.1713000466752943,-2.197444446455503,0.7929566834736663,FALSE
elev_mean,Apus nipalensis,-1.1497212930999148,-2.865136973601284,0.24548710405832366,FALSE
elev_mean,Apus pacificus,-0.5111455457889094,-1.2444385760566428,0.15602546407497764,FALSE
elev_mean,Aquila chrysaetos,-1.3107615423377021,-2.0500270497946222,-0.6175278744032616,TRUE
elev_mean,Ardea alba,0.6506193728960677,0.10566387155163087,1.3190889746215297,TRUE
elev_mean,Ardea cinerea,0.0689859589326515,-0.3551589655777502,0.47029336847924946,FALSE
elev_mean,Ardeola bacchus,-1.224789814738711,-1.7040922827086313,-0.721892872900273,TRUE
elev_mean,Athene noctua,-1.6820062403266545,-2.778497260550226,-0.3730898861096582,TRUE
elev_mean,Aythya ferina,-0.3818450052114761,-0.962305711697576,0.3356139171800652,FALSE
elev_mean,Aythya fuligula,-0.47692826157987084,-1.1865874586221687,0.37510301231834237,FALSE
elev_mean,Aythya nyroca,-1.2991826380967113,-1.9512736724815238,-0.6163865111239741,TRUE
elev_mean,Bambusicola thoracicus,-1.1967904918303829,-2.101399657413064,-0.41441699266108223,TRUE
elev_mean,Bubulcus coromandus,-1.0730560486443388,-1.6764876431719646,-0.5398769964294851,TRUE
elev_mean,Buteo hemilasius,-0.19131009288220532,-0.7705375931623536,0.40126852217347075,FALSE
elev_mean,Buteo japonicus,-0.2504367827741394,-0.8005702055939407,0.2928760738561959,FALSE
elev_mean,Butorides striata,-0.5081916157132825,-1.302080481203208,0.2842208646788358,FALSE
elev_mean,Carpodacus erythrinus,-0.3011706573037179,-0.8376581910364883,0.21874488092493213,FALSE
elev_mean,Cecropis daurica,0.390328183556729,-0.4169756499261105,1.3163332650139288,FALSE
elev_mean,Ceryle rudis,-2.0533612185926593,-3.034412428615061,-1.146502079421844,TRUE
elev_mean,Chaimarrornis leucocephalus,-2.068945303759916,-2.954591935918036,-1.4144949831852263,TRUE
elev_mean,Charadrius alexandrinus,0.08902764474458587,-0.29748355003974436,0.5539865700494225,FALSE
elev_mean,Charadrius dubius,0.7188019268871797,0.16702085934159636,1.2870844920914337,TRUE
elev_mean,Chlidonias hybrida,0.2568224560795869,-0.24645756978755284,0.7276976000169947,FALSE
elev_mean,Chloris sinica,-3.3529694650792683,-4.281166413412309,-2.3958599214016854,TRUE
elev_mean,Chroicocephalus ridibundus,-0.07022219630241687,-0.5244029832582894,0.472207614466325,FALSE
elev_mean,Cinclus pallasii,-0.3013487246818704,-0.7766775672815827,0.1677638708817525,FALSE
elev_mean,Circus cyaneus,-0.7427630036103368,-1.5714265928267903,0.3042037677864872,FALSE
elev_mean,Circus spilonotus,-0.24010386464543254,-0.7021281055848504,0.2343438226570066,FALSE
elev_mean,Cisticola juncidis,-2.8889452650453777,-4.0321931289202935,-1.9271290435144153,TRUE
elev_mean,Columba livia,-0.3542198915895016,-0.8152490906197665,0.10821441846381585,FALSE
elev_mean,Columba rupestris,-1.1127032957827367,-1.7972308431080743,-0.4217252807768196,TRUE
elev_mean,Copsychus saularis,-1.3519573012032031,-2.847858240710162,0.08180899086439097,FALSE
elev_mean,Corvus corax,-0.2076489561651313,-0.8090393946398416,0.38830804697644566,FALSE
elev_mean,Corvus corone,0.1312929621553564,-0.5495606177675608,1.045431762866207,FALSE
elev_mean,Corvus macrorhynchos,-0.7248780085381828,-1.0120005030357027,-0.4265359239796824,TRUE
elev_mean,Cuculus canorus,-1.4332846438626266,-2.44699046673196,-0.20725145135868658,TRUE
elev_mean,Cuculus micropterus,-0.5123197443466488,-1.3521140617333205,0.5493670136764276,FALSE
elev_mean,Cuculus sparverioides,-1.8688947853874585,-3.1224806727729373,-0.7659413475958979,TRUE
elev_mean,Culicicapa ceylonensis,-1.4763279284852122,-2.671392374999323,-0.4059036921869764,TRUE
elev_mean,Cyanopica cyanus,-1.7101667961095715,-2.2787427370948348,-1.1180555536124377,TRUE
elev_mean,Delichon dasypus,-1.171609424919069,-1.6776173601137772,-0.7111847496205858,TRUE
elev_mean,Dendrocitta formosae,-1.2714791241098462,-2.6306301493526236,-0.0557605210965912,TRUE
elev_mean,Dendrocopos major,-1.9944300582948526,-2.5197777751242634,-1.4888865632746129,TRUE
elev_mean,Dicrurus hottentottus,-1.9511961029909606,-3.141783950464132,-0.9734562173872643,TRUE
elev_mean,Dicrurus leucophaeus,-0.5761696248440217,-1.99033379438021,0.5232181686120593,FALSE
elev_mean,Dicrurus macrocercus,-2.432350276931456,-3.4291867922756065,-1.56688254682621,TRUE
elev_mean,Egretta garzetta,-0.7592543380742188,-1.1570853475582157,-0.360424434449627,TRUE
elev_mean,Elanus caeruleus,-2.0005201434682762,-3.109502087014317,-0.9450313324364209,TRUE
elev_mean,Emberiza cioides,-1.3154319930969107,-1.963918152111466,-0.7074504452309206,TRUE
elev_mean,Emberiza elegans,-0.7244653390321808,-1.2140126068596269,-0.1785463105903666,TRUE
elev_mean,Emberiza godlewskii,-2.8176429655055943,-3.545989422766931,-2.2079969609287695,TRUE
elev_mean,Emberiza pusilla,-0.2754839127604254,-1.000441493322784,0.4302266388125248,FALSE
elev_mean,Emberiza spodocephala,-1.2566713184831044,-1.913432604891311,-0.6413314782428451,TRUE
elev_mean,Enicurus leschenaulti,-1.1505461472295997,-2.3029088741420027,-0.24340312389694566,TRUE
elev_mean,Eophona migratoria,-1.8606910866956583,-2.660029409296943,-1.1244419802031107,TRUE
elev_mean,Eremophila alpestris,-0.08083585946610644,-0.682402526220377,0.47487815669967665,FALSE
elev_mean,Eudynamys scolopaceus,-1.9736310132967403,-2.987307952876171,-1.054734280288322,TRUE
elev_mean,Eumyias thalassinus,-0.9095039575226395,-2.447107946378362,0.38885855445995776,FALSE
elev_mean,Falco amurensis,-0.492668972151305,-0.9526781546028075,-0.05231918499093548,TRUE
elev_mean,Falco peregrinus,-0.6615162996456523,-1.275332619368568,-0.034568577522137704,TRUE
elev_mean,Falco subbuteo,-0.016130299037137637,-0.7764792747604794,0.9627141498346414,FALSE
elev_mean,Falco tinnunculus,1.7400087035420452e-5,-0.7845222214363411,0.9460625271826453,FALSE
elev_mean,Ficedula albicilla,-0.3272076363613559,-1.1492483042626453,0.51259694159037406,FALSE
elev_mean,Fringilla montifringilla,-0.5535650499636395,-1.12682755798858,0.015287615350279456,FALSE
elev_mean,Fulica atra,-0.6229587809632785,-1.0413018984155364,-0.2357540081407325,TRUE
elev_mean,Gallinago gallinago,-0.2862786263308498,-0.8359970640878436,0.2991753165958315,FALSE
elev_mean,Gallinula chloropus,-0.14098939531147955,-0.6141427179491067,0.380304817082988,FALSE
elev_mean,Garrulax canorus,-1.5018123142691535,-2.368801788177147,-0.6516248999955934,TRUE
elev_mean,Garrulus glandarius,-0.6709285356105514,-1.0352064518971706,-0.3006699569543762,TRUE
elev_mean,Gracupica nigricollis,-1.4161954353014536,-2.6414750279456007,-0.38648182270776715,TRUE
elev_mean,Gyps himalayensis,-5.0484514060398915,-6.073466233009028,-3.876589967892668,TRUE
elev_mean,Halcyon smyrnensis,-0.8393297706691358,-2.433448003651225,0.5318475483851173,FALSE
elev_mean,Hemixos castanonotus,-1.0880811293569472,-2.361264475422716,0.13087432117042452,FALSE
elev_mean,Himantopus himantopus,0.24389343200721159,-0.2697392754189101,0.9040698356450201,FALSE
elev_mean,Hirundo rustica,1.0940126252995224,0.5723209197995044,1.662403580012392,TRUE
elev_mean,Horornis fortipes,-1.0640004900494477,-1.9197032603032809,-0.3504183986729402,TRUE
elev_mean,Hypsipetes leucocephalus,-0.5998751933283389,-2.471674062952635,0.8412012384982518,FALSE
elev_mean,Ixobrychus sinensis,-0.7377885508528884,-1.659365699056358,0.25500697891521157,FALSE
elev_mean,Ixos mcclellandii,-1.0356406170950523,-2.431337858904689,0.3781044724817795,FALSE
elev_mean,Lanius cristatus,-0.3126443888646661,-0.9773196712559867,0.3674628881860762,FALSE
elev_mean,Lanius schach,-1.777187323928658,-2.459250727268116,-1.1667863245710755,TRUE
elev_mean,Lanius sphenocercus,-1.0749344975536879,-1.7376779590830271,-0.41752821440555465,TRUE
elev_mean,Lanius tephronotus,-5.07313145424639,-6.010919386392317,-4.176624805179134,TRUE
elev_mean,Leiothrix lutea,-0.9512622654561607,-1.8701973608200393,-0.13705845063987807,TRUE
elev_mean,Lonchura punctulata,-0.7428894158515938,-2.2553159909812366,0.7447131815487432,FALSE
elev_mean,Lonchura striata,-1.0271630731225474,-2.376293455242941,0.20159022310526342,FALSE
elev_mean,Mareca falcata,-0.8021131214555787,-1.4204934729792797,-0.1608158961399855,TRUE
elev_mean,Mareca penelope,-0.3575404870620893,-0.858278658156521,0.21086749103991254,FALSE
elev_mean,Mareca strepera,-0.4711992311237231,-1.142627435521375,0.5604287916631379,FALSE
elev_mean,Mergus merganser,-2.298003995020017,-3.4646319401599035,-0.11441245387289935,TRUE
elev_mean,Milvus migrans,-0.3008158414239507,-0.6600875628938032,0.12038712269893391,FALSE
elev_mean,Monticola solitarius,-1.1309673415983583,-1.8938030716289507,-0.4893332152157994,TRUE
elev_mean,Motacilla alba,-0.6279947196460752,-1.568228566108789,0.11921864587344086,FALSE
elev_mean,Motacilla cinerea,0.4867407303353047,-0.0577734362574729,1.1529025820372563,FALSE
elev_mean,Motacilla citreola,-0.27801189106268,-0.893185151013055,0.38707434764292453,FALSE
elev_mean,Motacilla tschutschensis,0.04028511428867049,-0.5636294026752298,0.6619057311143562,FALSE
elev_mean,Muscicapa sibirica,-0.137044431275778,-1.0593338619002866,0.9072504673414785,FALSE
elev_mean,Myophonus caeruleus,-0.6863949922599218,-1.601543556850243,0.15700886950359802,FALSE
elev_mean,Nycticorax nycticorax,-0.6669884624878201,-1.2170303077779634,-0.20056963017813564,TRUE
elev_mean,Oriolus chinensis,-1.432644684014797,-2.672300447804206,0.2827599524722498,FALSE
elev_mean,Pardaliparus venustulus,-1.866072039595406,-2.4993545604936096,-1.2400477551690574,TRUE
elev_mean,Parus minor,-0.828291573379991,-1.2429771182563436,-0.4303096893877298,TRUE
elev_mean,Parus monticolus,-1.2237885923435219,-1.857890106773082,-0.6596265334609802,TRUE
elev_mean,Passer cinnamomeus,-1.218061327464475,-1.7631965519351658,-0.7110381028188201,TRUE
elev_mean,Passer montanus,-0.87849189631058755,-1.732147857029873,-0.030601120229888885,TRUE
elev_mean,Pericrocotus solaris,-0.7831467946815635,-2.4422263131690416,0.7619860255963548,FALSE
elev_mean,Periparus ater,-0.4861046810446068,-0.8985851191105679,-0.004192364888678031,TRUE
elev_mean,Pernis ptilorhynchus,-0.7712376408545277,-1.2134050560036842,-0.29506085921615643,TRUE
elev_mean,Phalacrocorax carbo,0.020671691054909902,-0.4833933935839877,0.5899849936823441,FALSE
elev_mean,Phasianus colchicus,-0.8522196086012654,-1.4213353093324672,-0.3000447576062964,TRUE
elev_mean,Phoenicurus auroreus,-1.5018000326447207,-2.0023573392009286,-0.9725277333384242,TRUE
elev_mean,Phoenicurus frontalis,-4.363776599832318,-5.309457295063637,-3.4922835324064927,TRUE
elev_mean,Phoenicurus fuliginosus,-1.3071563612374437,-2.1263192176974233,-0.6176439080217999,TRUE
elev_mean,Phoenicurus ochruros,-4.1189120172713585,-4.794582167168099,-3.4418362385024572,TRUE
elev_mean,Phylloscopus fuscatus,-0.9827389401952021,-1.5112123408997495,-0.45933228009410026,TRUE
elev_mean,Phylloscopus humei,-1.1694752307555947,-2.0275145710908378,-0.2254883228161214,TRUE
elev_mean,Phylloscopus inornatus,-0.32259809482350593,-1.0510526342604416,0.44828503808805215,FALSE
elev_mean,Phylloscopus proregulus,-0.39451985883717083,-1.4022197658534803,0.8491655340203623,FALSE
elev_mean,Pica serica,-1.1461542131595897,-1.6170197915016298,-0.6126095113183129,TRUE
elev_mean,Picoides canicapillus,-1.3828920537700338,-2.1433348850399963,-0.621445133249961,TRUE
elev_mean,Picumnus innominatus,-1.096830827390391,-2.4912414436843404,0.161878107764853,FALSE
elev_mean,Picus canus,-1.7021900628471776,-2.1759017047303266,-1.2208289306565832,TRUE
elev_mean,Platalea leucorodia,0.2494886843207076,-0.36647012619393887,0.8127172250145579,FALSE
elev_mean,Podiceps cristatus,-0.8984102238699989,-1.4104954499658788,-0.29044225237497334,TRUE
elev_mean,Pomatorhinus ruficollis,-1.0515244414384946,-2.459076400888329,0.23552840483574214,FALSE
elev_mean,Prinia flaviventris,-1.2964499155499307,-3.1350318657783873,0.2883380560017324,FALSE
elev_mean,Prinia inornata,-1.618566236825149,-3.238562244141763,-0.3435820900755486,TRUE
elev_mean,Psilopogon virens,-1.2002052009155353,-3.0506468449780177,0.3127392235121862,FALSE
elev_mean,Pterorhinus sannio,-1.250056214990425,-2.476014825417745,-0.38213036150961605,TRUE
elev_mean,Ptyonoprogne rupestris,-1.072575076458915,-2.0109121230165643,-0.15980734047691061,TRUE
elev_mean,Pycnonotus aurigaster,-0.6894337027812674,-2.5527265218462043,0.9772953410932854,FALSE
elev_mean,Pycnonotus jocosus,-1.1772328078646375,-2.7121329729256,0.3736708736220722,FALSE
elev_mean,Pycnonotus sinensis,-2.5018392906468305,-3.147073404817294,-1.8838636016291233,TRUE
elev_mean,Pycnonotus xanthorrhous,-1.2269310628662657,-2.097298994418051,-0.4718751185483332,TRUE
elev_mean,Pyrrhocorax pyrrhocorax,-0.12947358364137856,-0.6078705727345157,0.3879533569985537,FALSE
elev_mean,Recurvirostra avosetta,0.019418282737238467,-0.4921718194151855,0.5301606011801155,FALSE
elev_mean,Regulus regulus,-1.211573155429066,-1.793622374040339,-0.6285284054239387,TRUE
elev_mean,Riparia diluta,-0.379344367987315,-0.8667707235701477,0.1850493392869733,FALSE
elev_mean,Riparia riparia,-0.08568086632088637,-0.8893551867823858,0.6672702433127795,FALSE
elev_mean,Saxicola ferreus,-1.277181551747241,-2.7103312804961486,-0.12852529787866185,TRUE
elev_mean,Saxicola maurus,-0.6327043646323991,-1.6270634184137311,0.33475216073181,FALSE
elev_mean,Saxicola stejnegeri,-0.10232502598380261,-0.8675235608995666,0.7313121940712877,FALSE
elev_mean,Sinosuthora webbiana,-2.3628306319088033,-3.0038057887682976,-1.7752537916764244,TRUE
elev_mean,Sitta europaea,-0.6608174569492056,-0.9527346247183102,-0.3560873600461561,TRUE
elev_mean,Spatula clypeata,-0.15156259380291304,-0.7129027928293027,0.5962231220629988,FALSE
elev_mean,Spilopelia chinensis,-2.233843207786477,-2.8241563802798364,-1.6868050491706152,TRUE
elev_mean,Spizixos semitorques,-1.681040652945241,-2.308739613763913,-1.054769960850943,TRUE
elev_mean,Spodiopsar cineraceus,-0.6444565589566379,-1.27927553078839,-0.05675452778742699,TRUE
elev_mean,Spodiopsar sericeus,-2.228639718282426,-3.0771081245372915,-1.4896391547558134,TRUE
elev_mean,Stachyridopsis ruficeps,-1.0114519431598257,-2.8283457309671687,0.35357972518527137,FALSE
elev_mean,Sterna hirundo,-1.0213816315598032,-1.6023122298990347,-0.33145469406515454,TRUE
elev_mean,Streptopelia decaocto,-0.750453081286159,-1.238527818076341,-0.19345110945152175,TRUE
elev_mean,Streptopelia orientalis,-0.15165094994846817,-0.6152015355881232,0.36522274970242496,FALSE
elev_mean,Tachybaptus ruficollis,0.018665571575556726,-0.47173369015188943,0.5310303010004355,FALSE
elev_mean,Tadorna ferruginea,-0.6123050219728362,-1.1774576772855008,-0.01595316000877238,TRUE
elev_mean,Tadorna tadorna,-0.23413576362920538,-0.7188229428577979,0.2756002954519544,FALSE
elev_mean,Tarsiger cyanurus,-1.5917064349504186,-2.367224777784247,-0.9298428238226657,TRUE
elev_mean,Tringa erythropus,-0.18135000667718032,-0.734394642458858,0.3986106834136931,FALSE
elev_mean,Tringa glareola,-0.5181619685407818,-1.023955620307669,-0.07324796993854853,TRUE
elev_mean,Tringa nebularia,-0.0808475992069802,-0.5609564616796678,0.3572142814654302,FALSE
elev_mean,Tringa ochropus,-0.5453122639913572,-1.1295301468069296,0.014742025725487124,FALSE
elev_mean,Tringa totanus,-0.17966545557124164,-0.541717699310952,0.21869872802057888,FALSE
elev_mean,Trochalopteron elliotii,-1.6780815421303155,-2.2666275499829047,-1.1128860009972392,TRUE
elev_mean,Troglodytes troglodytes,-1.841394138175445,-2.622844055140829,-1.1214746383605991,TRUE
elev_mean,Turdus eunomus,-1.3534143898802558,-2.1090012592276057,-0.5876607872484735,TRUE
elev_mean,Turdus hortulorum,-0.21551552380300343,-0.8473764366434933,0.437135865036703,FALSE
elev_mean,Turdus mandarinus,-2.0538071213799096,-2.6861551035947397,-1.4508613598490234,TRUE
elev_mean,Turdus naumanni,-0.6005514131330625,-1.2015724677600317,-0.027155813637402132,TRUE
elev_mean,Upupa epops,-1.4235883716579676,-2.1843339986980865,-0.3054016430113209,TRUE
elev_mean,Urocissa erythroryncha,-1.371295714848282,-2.008897385112868,-0.7857728668915002,TRUE
elev_mean,Vanellus cinereus,0.06826957847559528,-0.6729316999681932,0.8512239393615838,FALSE
elev_mean,Vanellus vanellus,0.022794034497801027,-0.41462274382874525,0.4934712037885277,FALSE
elev_mean,Yungipicus canicapillus,-1.311074994615933,-1.8619652189160032,-0.7760592345265248,TRUE
elev_mean,Zosterops simplex,-2.300052151114215,-3.142007014003181,-1.4529586546715743,TRUE
elev_sd,Abroscopus albogularis,0.08338871406969764,-0.24899774639099398,0.39550795690678947,FALSE
elev_sd,Accipiter nisus,0.053894921935445796,-0.311350835263854,0.4096299960216164,FALSE
elev_sd,Accipiter soloensis,0.05174516868778303,-0.22963507417701678,0.32014628043248544,FALSE
elev_sd,Accipiter trivirgatus,0.133292297405114,-0.2220854733552365,0.46381967036564276,FALSE
elev_sd,Accipiter virgatus,0.07742489094483755,-0.2720851170499116,0.40446406195254814,FALSE
elev_sd,Acridotheres cristatellus,0.15363669185326467,-0.08629894548885952,0.3720266211929888,FALSE
elev_sd,Acrocephalus orientalis,0.0635516133580925,-0.23972295102943897,0.3895467263472328,FALSE
elev_sd,Actitis hypoleucos,0.17803007261883766,-0.12874518249280414,0.4892436673280653,FALSE
elev_sd,Aegithalos concinnus,0.08259075191940218,-0.23954531425827083,0.3854087336098695,FALSE
elev_sd,Aegithalos glaucogularis,-0.026948721138223844,-0.3575450145666641,0.2988521590087097,FALSE
elev_sd,Aethopyga christinae,0.10462728476138904,-0.25189456370969476,0.46130702824480563,FALSE
elev_sd,Aix galericulata,0.060864300308700325,-0.23422107558117958,0.4081829229681617,FALSE
elev_sd,Alauda arvensis,0.20456805083966273,-0.10050584249716135,0.4957373684912671,FALSE
elev_sd,Alauda gulgula,-0.06298090213195207,-0.35416395715263077,0.18986384852655924,FALSE
elev_sd,Alcedo atthis,0.2025696978419802,-0.1451436737838488,0.5480208487530488,FALSE
elev_sd,Amaurornis phoenicurus,0.09257707136224182,-0.1781286720637495,0.36054475245465284,FALSE
elev_sd,Anas acuta,0.02744289483922775,-0.2570978608078641,0.3501151916938114,FALSE
elev_sd,Anas carolinensis,0.09084016717224101,-0.1765664817071487,0.3724803476561435,FALSE
elev_sd,Anas platyrhynchos,0.12283640168552068,-0.19171352126416394,0.4455203161629614,FALSE
elev_sd,Anas zonorhyncha,0.036092317458261934,-0.23696475556913832,0.2773197143186968,FALSE
elev_sd,Anser anser,0.22483201192387636,-0.09740436086169332,0.5701505364945154,FALSE
elev_sd,Anthus hodgsoni,0.04568824704889474,-0.18105998545040186,0.28618739181678654,FALSE
elev_sd,Anthus richardi,0.17451286860337317,-0.09747673267072116,0.43074327534688056,FALSE
elev_sd,Anthus roseatus,-0.0159712843547676,-0.3298458968136237,0.30801773393427406,FALSE
elev_sd,Anthus rubescens,-0.07530968473741963,-0.4350012674382251,0.2610657876813595,FALSE
elev_sd,Anthus spinoletta,0.08408735011941894,-0.259028752772062,0.4268805673464149,FALSE
elev_sd,Apus apus,0.2089765515826976,-0.1095776003547849,0.5321828099818051,FALSE
elev_sd,Apus nipalensis,0.05116779539931381,-0.326022668550895,0.38253877735083996,FALSE
elev_sd,Apus pacificus,-0.12202197227894586,-0.40033928401177094,0.1830642248039437,FALSE
elev_sd,Aquila chrysaetos,-0.1343785689009602,-0.45028962481735907,0.1277971115288694,FALSE
elev_sd,Ardea alba,0.33528374364391333,0.040623447431241584,0.6696054721078689,TRUE
elev_sd,Ardea cinerea,0.25700514892203463,0.00853176932486881,0.5269157054277535,TRUE
elev_sd,Ardeola bacchus,0.032947067644308034,-0.18786752316464553,0.257990007217225,FALSE
elev_sd,Athene noctua,-0.04473592480924289,-0.4034691815122631,0.32035439405951455,FALSE
elev_sd,Aythya ferina,0.1564339402691232,-0.16193186954331534,0.4801378121731858,FALSE
elev_sd,Aythya fuligula,0.1488188198945054,-0.18747180117019907,0.48916026511890626,FALSE
elev_sd,Aythya nyroca,0.23962076280356095,-0.04166529944148542,0.5883381063270354,FALSE
elev_sd,Bambusicola thoracicus,0.06362452253569519,-0.2603521095231481,0.3746164186750251,FALSE
elev_sd,Bubulcus coromandus,-0.08349295463917257,-0.3332395727629733,0.13684524005235948,FALSE
elev_sd,Buteo hemilasius,0.1321098046811057,-0.1685680188147059,0.43774437567354113,FALSE
elev_sd,Buteo japonicus,0.16765555423459552,-0.10352440021725558,0.47090320418346193,FALSE
elev_sd,Butorides striata,0.11942347013322434,-0.17743554000960468,0.425117142821025,FALSE
elev_sd,Carpodacus erythrinus,0.10009464580262302,-0.1720578219205816,0.37956222057566336,FALSE
elev_sd,Cecropis daurica,0.004927506597486047,-0.27319846338361314,0.3100746577291888,FALSE
elev_sd,Ceryle rudis,0.1014571981386391,-0.19558374524889718,0.41514252323037054,FALSE
elev_sd,Chaimarrornis leucocephalus,-0.0028670901586360354,-0.30573961144680073,0.3012955996355517,FALSE
elev_sd,Charadrius alexandrinus,0.05798699714438198,-0.17250134608965367,0.2983672481331505,FALSE
elev_sd,Charadrius dubius,0.1609511173501241,-0.1265706391312309,0.47240779223511614,FALSE
elev_sd,Chlidonias hybrida,0.15508569210054066,-0.12951040709200828,0.4307565123521492,FALSE
elev_sd,Chloris sinica,0.04661910289275541,-0.3217250060548443,0.3918535190293105,FALSE
elev_sd,Chroicocephalus ridibundus,0.2276400937569194,-0.04517671944469455,0.5116700579779581,FALSE
elev_sd,Cinclus pallasii,-0.03846399590637749,-0.2712623651692623,0.2108584413053927,FALSE
elev_sd,Circus cyaneus,0.14850184597737587,-0.19460854747671363,0.5064566991797623,FALSE
elev_sd,Circus spilonotus,-0.028868151254751916,-0.2828783807780122,0.23498156046952517,FALSE
elev_sd,Cisticola juncidis,0.009326042533531597,-0.2827337192453713,0.30042854147936965,FALSE
elev_sd,Columba livia,0.046449764358477294,-0.17448333485561743,0.2975524152560183,FALSE
elev_sd,Columba rupestris,-0.03189629930369534,-0.3462135920950258,0.2899555825617259,FALSE
elev_sd,Copsychus saularis,0.08433273778376703,-0.25895042726138573,0.4273582553332257,FALSE
elev_sd,Corvus corax,0.13156962748303877,-0.11248279575644317,0.3715594942929364,FALSE
elev_sd,Corvus corone,0.20465361937715443,-0.10074741020929859,0.5466452030746805,FALSE
elev_sd,Corvus macrorhynchos,0.07604802049947862,-0.09143203917905503,0.24122571109076169,FALSE
elev_sd,Cuculus canorus,0.006329160005017093,-0.363185928759235,0.3873096659497561,FALSE
elev_sd,Cuculus micropterus,-0.0630643503845835,-0.41124198184550703,0.3114738712738609,FALSE
elev_sd,Cuculus sparverioides,0.1210617271644361,-0.18349043651177485,0.4151423873600971,FALSE
elev_sd,Culicicapa ceylonensis,0.07103240886202522,-0.29209343277074873,0.40140047568013987,FALSE
elev_sd,Cyanopica cyanus,0.07673154079919367,-0.1829904431350458,0.3435526930539109,FALSE
elev_sd,Delichon dasypus,-0.011860284043750356,-0.25614245227689053,0.23237954951375794,FALSE
elev_sd,Dendrocitta formosae,0.08748627044636957,-0.26836670402027063,0.41340142237417626,FALSE
elev_sd,Dendrocopos major,0.11332653031123101,-0.1311095370783536,0.37208265900627585,FALSE
elev_sd,Dicrurus hottentottus,0.09852445648812137,-0.18138142036354585,0.38004255487116995,FALSE
elev_sd,Dicrurus leucophaeus,0.06663779298454814,-0.263077668907842,0.3927989007506287,FALSE
elev_sd,Dicrurus macrocercus,0.2631802711390033,-0.007876948662067418,0.5314246229757397,FALSE
elev_sd,Egretta garzetta,0.015426899604331322,-0.1868413443799221,0.2484375299103127,FALSE
elev_sd,Elanus caeruleus,0.19829485676089273,-0.11699683752878567,0.48787735939479243,FALSE
elev_sd,Emberiza cioides,-0.03872476237842268,-0.31310486923967634,0.2614501912289043,FALSE
elev_sd,Emberiza elegans,0.005260681495780576,-0.2690111569335637,0.30423772142732597,FALSE
elev_sd,Emberiza godlewskii,0.13383475864674144,-0.12909542154244014,0.40649174215167677,FALSE
elev_sd,Emberiza pusilla,-0.001290931054669112,-0.34295860268422695,0.3193281179272272,FALSE
elev_sd,Emberiza spodocephala,0.03801328454740585,-0.23072843230596043,0.32927770000298057,FALSE
elev_sd,Enicurus leschenaulti,0.06205174134717753,-0.2837290219061774,0.36996384838321145,FALSE
elev_sd,Eophona migratoria,-0.2157925122499509,-0.5288141060856999,0.12808132298206482,FALSE
elev_sd,Eremophila alpestris,0.0933425157153861,-0.12685359092809081,0.33940322765787007,FALSE
elev_sd,Eudynamys scolopaceus,0.14121442195939615,-0.15328415103249088,0.4638643321759464,FALSE
elev_sd,Eumyias thalassinus,0.07055955507246563,-0.2703282127705023,0.44722918942701717,FALSE
elev_sd,Falco amurensis,0.02828967092477106,-0.20965755778973397,0.26859677752564165,FALSE
elev_sd,Falco peregrinus,0.1511606246198685,-0.1166084991700284,0.4396366689577234,FALSE
elev_sd,Falco subbuteo,0.11813506905111251,-0.16572478722775974,0.4335873846975563,FALSE
elev_sd,Falco tinnunculus,0.07256909325110042,-0.26561670116419456,0.423443447861145,FALSE
elev_sd,Ficedula albicilla,0.0475615999848208,-0.25988312287818977,0.3881352214118776,FALSE
elev_sd,Fringilla montifringilla,0.16140911616597886,-0.11272849388851769,0.4417403960114372,FALSE
elev_sd,Fulica atra,0.12907420730707408,-0.11114135774647549,0.38980533228448333,FALSE
elev_sd,Gallinago gallinago,0.3036133197953098,0.0228336944247064,0.6103551876981479,TRUE
elev_sd,Gallinula chloropus,0.2721183089250358,-0.0039032097996426355,0.565054239798275,FALSE
elev_sd,Garrulax canorus,0.11257391347489444,-0.18154502979693046,0.3893597606914202,FALSE
elev_sd,Garrulus glandarius,0.1610399937031909,-0.04055867774407156,0.37827942345447424,FALSE
elev_sd,Gracupica nigricollis,0.13700744119048525,-0.18546702787819766,0.45218013660788353,FALSE
elev_sd,Gyps himalayensis,0.02016836815615461,-0.36393884077349375,0.4011068525022704,FALSE
elev_sd,Halcyon smyrnensis,0.11497430747814265,-0.21752964530740787,0.47101725674404427,FALSE
elev_sd,Hemixos castanonotus,0.06734471666937242,-0.31591762386001465,0.44930062172438917,FALSE
elev_sd,Himantopus himantopus,0.2858983371180733,-0.008450086333925496,0.61906975715847,FALSE
elev_sd,Hirundo rustica,0.18227615090561278,-0.09508325121389782,0.508409465407542,FALSE
elev_sd,Horornis fortipes,0.05706833970485209,-0.24277711959828427,0.34531646478503436,FALSE
elev_sd,Hypsipetes leucocephalus,0.06586556739174618,-0.2907870563349587,0.44835955219025303,FALSE
elev_sd,Ixobrychus sinensis,0.022595616193600603,-0.3135913030752149,0.3695117106749746,FALSE
elev_sd,Ixos mcclellandii,0.0593125041667871,-0.313371455065635,0.3906805859680199,FALSE
elev_sd,Lanius cristatus,0.07312251505464869,-0.21731622573536238,0.378352071976799,FALSE
elev_sd,Lanius schach,0.209060310462277,-0.01666981803229128,0.42895751558457923,FALSE
elev_sd,Lanius sphenocercus,-0.13099211488606452,-0.43596027035629986,0.17289913527416542,FALSE
elev_sd,Lanius tephronotus,-0.10686254550278634,-0.4642001605253199,0.19758503721712584,FALSE
elev_sd,Leiothrix lutea,0.19005911032360964,-0.057469569197817975,0.4543237528097989,FALSE
elev_sd,Lonchura punctulata,0.18830054921067294,-0.17079680807782588,0.5344821935582263,FALSE
elev_sd,Lonchura striata,0.14340148473094255,-0.20708269256208492,0.4834458688261561,FALSE
elev_sd,Mareca falcata,0.0708003414901024,-0.22501110024304466,0.3725970297025764,FALSE
elev_sd,Mareca penelope,0.07516762886221802,-0.19527004740350415,0.33838560325667866,FALSE
elev_sd,Mareca strepera,0.11865590692441463,-0.19285833380438308,0.42120420035991635,FALSE
elev_sd,Mergus merganser,0.14173212918680195,-0.2189023966729569,0.4846261735346699,FALSE
elev_sd,Milvus migrans,0.03044651918831874,-0.150652317255693,0.2567633688782075,FALSE
elev_sd,Monticola solitarius,-0.021700307389610422,-0.3011481036880062,0.2441574926711046,FALSE
elev_sd,Motacilla alba,0.019554047063614823,-0.28762984400551905,0.35922557669818056,FALSE
elev_sd,Motacilla cinerea,0.010548572708834377,-0.2398396170414703,0.27971881355246364,FALSE
elev_sd,Motacilla citreola,-0.005953410788276173,-0.23273876047294967,0.2332390934593045,FALSE
elev_sd,Motacilla tschutschensis,0.10671595224220393,-0.18679068511760158,0.43401295955300595,FALSE
elev_sd,Muscicapa sibirica,0.10094483039526195,-0.1954016006291962,0.39794299803712546,FALSE
elev_sd,Myophonus caeruleus,0.09745896032191594,-0.20980304852059461,0.40545704784565567,FALSE
elev_sd,Nycticorax nycticorax,-0.2756570031988569,-0.5220242464402016,-0.028757086826263486,TRUE
elev_sd,Oriolus chinensis,0.002384578226744523,-0.39845261279926586,0.36483283590396987,FALSE
elev_sd,Pardaliparus venustulus,-0.05942818799283395,-0.32335167106230683,0.20948730087438178,FALSE
elev_sd,Parus minor,0.018648296564850227,-0.1976404075461764,0.22725025527461024,FALSE
elev_sd,Parus monticolus,0.021326038114383845,-0.2922771057301972,0.3166726888805196,FALSE
elev_sd,Passer cinnamomeus,0.12737857988184995,-0.09920015147199748,0.34040700798497614,FALSE
elev_sd,Passer montanus,0.06177218658967499,-0.27342438074261505,0.4161741654140877,FALSE
elev_sd,Pericrocotus solaris,0.07242782585360105,-0.3024772281969879,0.43086862322156,FALSE
elev_sd,Periparus ater,-0.1264908791088345,-0.36332476592162116,0.10080909435127548,FALSE
elev_sd,Pernis ptilorhynchus,0.12995698033996475,-0.12998113125680877,0.4073994591636648,FALSE
elev_sd,Phalacrocorax carbo,0.1394276037772975,-0.16540279456856344,0.45306130789016524,FALSE
elev_sd,Phasianus colchicus,-0.013242718935012558,-0.28307756147686297,0.2674718949248074,FALSE
elev_sd,Phoenicurus auroreus,0.21316075731454623,-0.07967092963646824,0.5201903569985933,FALSE
elev_sd,Phoenicurus frontalis,-0.056975880531546265,-0.38775679503325194,0.2639361485824554,FALSE
elev_sd,Phoenicurus fuliginosus,0.10624224176172246,-0.16075581037862025,0.3483055425513858,FALSE
elev_sd,Phoenicurus ochruros,-0.026780939341727,-0.32555746056331875,0.2698896573904278,FALSE
elev_sd,Phylloscopus fuscatus,0.02495597346528142,-0.23242982071838447,0.29157609745592444,FALSE
elev_sd,Phylloscopus humei,-0.07003993999023533,-0.33178893235237705,0.22987391581603844,FALSE
elev_sd,Phylloscopus inornatus,0.15505453058665614,-0.17350958020544022,0.49208514539321296,FALSE
elev_sd,Phylloscopus proregulus,0.04207707243236902,-0.2703796260192659,0.3962790655306198,FALSE
elev_sd,Pica serica,-0.09936804372787753,-0.4082445401560774,0.17622122910183163,FALSE
elev_sd,Picoides canicapillus,0.04421412141622322,-0.2181024661197682,0.34563527635903846,FALSE
elev_sd,Picumnus innominatus,0.0676297678328342,-0.2983684642443618,0.4458059676017283,FALSE
elev_sd,Picus canus,0.1671075510156721,-0.07598877862812177,0.4219442658437519,FALSE
elev_sd,Platalea leucorodia,-0.03396264066241016,-0.32013968005632837,0.2531215402269652,FALSE
elev_sd,Podiceps cristatus,0.04140518864223598,-0.23307281013022507,0.3303085618647569,FALSE
elev_sd,Pomatorhinus ruficollis,0.07219438881349015,-0.3070870726008402,0.45102407410819484,FALSE
elev_sd,Prinia flaviventris,0.03993304340479632,-0.3471922114881376,0.4075012721142657,FALSE
elev_sd,Prinia inornata,0.13267046653261783,-0.1998839572329674,0.4650039975190236,FALSE
elev_sd,Psilopogon virens,0.09386995060940492,-0.27097156234599923,0.42489728486278877,FALSE
elev_sd,Pterorhinus sannio,0.037971914597823744,-0.266078515879398,0.31736120652781935,FALSE
elev_sd,Ptyonoprogne rupestris,0.1699698488372896,-0.11448247147818734,0.47549403204999646,FALSE
elev_sd,Pycnonotus aurigaster,0.13829236444863977,-0.21627309328700658,0.5298711589385797,FALSE
elev_sd,Pycnonotus jocosus,0.19678029187297263,-0.15625580932163394,0.49008298946029283,FALSE
elev_sd,Pycnonotus sinensis,-0.05120796472535762,-0.27508437219576476,0.18002252455414097,FALSE
elev_sd,Pycnonotus xanthorrhous,0.08801777404544342,-0.21094591189614353,0.3672297313453028,FALSE
elev_sd,Pyrrhocorax pyrrhocorax,-0.05932473567040767,-0.317904111959021,0.16897914634762273,FALSE
elev_sd,Recurvirostra avosetta,0.2706041334915708,0.03285211100256482,0.5442849248199662,TRUE
elev_sd,Regulus regulus,-0.1724528239297998,-0.4757207821748048,0.16046725781177876,FALSE
elev_sd,Riparia diluta,-0.008346287437884039,-0.2533185202175707,0.25350293328565043,FALSE
elev_sd,Riparia riparia,-0.03754304314465278,-0.3626936117873674,0.33848018765963295,FALSE
elev_sd,Saxicola ferreus,0.042700552034948644,-0.290697827512308,0.41287301393209797,FALSE
elev_sd,Saxicola maurus,0.15028055323475442,-0.1496164297370629,0.4787830208897173,FALSE
elev_sd,Saxicola stejnegeri,-0.03253098655568403,-0.36197859900858087,0.2969826561068057,FALSE
elev_sd,Sinosuthora webbiana,-0.25075079078036555,-0.5509610455769857,0.028006969110211152,FALSE
elev_sd,Sitta europaea,0.26919117099111617,0.09164101045283553,0.48326415514661736,TRUE
elev_sd,Spatula clypeata,0.27497656637797246,-0.05100329682964745,0.603858907884277,FALSE
elev_sd,Spilopelia chinensis,-0.13876060832842846,-0.361469258550473,0.08948622854316456,FALSE
elev_sd,Spizixos semitorques,0.15334309302504068,-0.09987315744873108,0.3811554710779536,FALSE
elev_sd,Spodiopsar cineraceus,0.02503791188618021,-0.28956692162650866,0.3280472499584181,FALSE
elev_sd,Spodiopsar sericeus,0.27140878050266476,0.0016336999244500993,0.5452272868775592,TRUE
elev_sd,Stachyridopsis ruficeps,0.053819436430883154,-0.31501352448605674,0.4193907000320913,FALSE
elev_sd,Sterna hirundo,0.0816938661609065,-0.1753452840083534,0.3566850942920346,FALSE
elev_sd,Streptopelia decaocto,0.014700453004286204,-0.27935727915612274,0.3674291182366415,FALSE
elev_sd,Streptopelia orientalis,0.0939794161393085,-0.1763085056267353,0.39375332113896677,FALSE
elev_sd,Tachybaptus ruficollis,0.11076163668198535,-0.13399347054075714,0.3846047652034355,FALSE
elev_sd,Tadorna ferruginea,-0.00893693603460831,-0.2780977797754408,0.27822423607724284,FALSE
elev_sd,Tadorna tadorna,0.3014723193926247,-0.009846545571817703,0.6251321220896969,FALSE
elev_sd,Tarsiger cyanurus,-0.0423776523974407,-0.3306470971313052,0.2544834958600642,FALSE
elev_sd,Tringa erythropus,0.09371832737805387,-0.17471486245790074,0.3529677009635803,FALSE
elev_sd,Tringa glareola,-0.0025402385061273815,-0.2658369118340615,0.26978288203795076,FALSE
elev_sd,Tringa nebularia,0.11713991787724655,-0.12637693111213869,0.3911801918963347,FALSE
elev_sd,Tringa ochropus,-0.008585437947344,-0.32215989556125646,0.2852702859346028,FALSE
elev_sd,Tringa totanus,-0.026822223302584318,-0.2392207304758292,0.19265031792880227,FALSE
elev_sd,Trochalopteron elliotii,-0.04875097871615562,-0.302131380926327,0.22651807292183343,FALSE
elev_sd,Troglodytes troglodytes,-0.13941904118748388,-0.5273922092115458,0.2764730450478121,FALSE
elev_sd,Turdus eunomus,0.10790875580752186,-0.19328942494205503,0.41718903529748647,FALSE
elev_sd,Turdus hortulorum,-0.06052350067409401,-0.3461198423539454,0.23254998228060522,FALSE
elev_sd,Turdus mandarinus,0.2297782641664105,0.012454634992912633,0.44219574971887665,TRUE
elev_sd,Turdus naumanni,-6.550434495243502e-4,-0.29418261150610414,0.29093362708845744,FALSE
elev_sd,Upupa epops,-0.10875342452569181,-0.41084846000473957,0.20405612878133772,FALSE
elev_sd,Urocissa erythroryncha,0.16924526734272177,-0.05610002281928801,0.40729947616511564,FALSE
elev_sd,Vanellus cinereus,-0.003474231973338434,-0.29333696535071446,0.3148858717214662,FALSE
elev_sd,Vanellus vanellus,0.07209713420253987,-0.15739150032903396,0.31995201176153265,FALSE
elev_sd,Yungipicus canicapillus,0.04750103679014607,-0.18089626280234578,0.3053889206702357,FALSE
elev_sd,Zosterops simplex,0.25035440863103764,-0.0020268491788358657,0.5205267717928412,FALSE
habitat_diversity_shannon,Abroscopus albogularis,-0.09381810993471344,-0.4722713055778406,0.30978213607953237,FALSE
habitat_diversity_shannon,Accipiter nisus,-0.23044282511793926,-0.6683294215048827,0.19064297861850135,FALSE
habitat_diversity_shannon,Accipiter soloensis,-0.009474551045525187,-0.3664650811137667,0.35216545824997253,FALSE
habitat_diversity_shannon,Accipiter trivirgatus,-0.12945571299503789,-0.5242475824928992,0.2632522648476631,FALSE
habitat_diversity_shannon,Accipiter virgatus,-0.22030720114364025,-0.5982876332327445,0.16878335200498298,FALSE
habitat_diversity_shannon,Acridotheres cristatellus,-0.24807310152925255,-0.5511295558043154,0.03088431309805678,FALSE
habitat_diversity_shannon,Acrocephalus orientalis,-0.12359548531900771,-0.507228050234469,0.24732417264149875,FALSE
habitat_diversity_shannon,Actitis hypoleucos,0.03506031344668131,-0.2690382568179258,0.3710221251735345,FALSE
habitat_diversity_shannon,Aegithalos concinnus,-0.13451035145162024,-0.4953945663235503,0.23241923611833992,FALSE
habitat_diversity_shannon,Aegithalos glaucogularis,-0.4792569253907976,-0.8195719711725205,-0.12082559852334762,TRUE
habitat_diversity_shannon,Aethopyga christinae,-0.1561792616510098,-0.578056294055738,0.27030829956737046,FALSE
habitat_diversity_shannon,Aix galericulata,-0.1971614195230067,-0.5621082583892786,0.15504624822153612,FALSE
habitat_diversity_shannon,Alauda arvensis,-0.16176002327886463,-0.5383168688052394,0.21720337238917065,FALSE
habitat_diversity_shannon,Alauda gulgula,-0.20737844640566208,-0.487545350203401,0.08324992243678318,FALSE
habitat_diversity_shannon,Alcedo atthis,-0.1686750985625113,-0.4826112490348544,0.16129470930763523,FALSE
habitat_diversity_shannon,Amaurornis phoenicurus,-0.09364978721194273,-0.46188706882679215,0.25924945099825836,FALSE
habitat_diversity_shannon,Anas acuta,-0.40053122901521665,-0.7369973495366644,-0.06357642528225722,TRUE
habitat_diversity_shannon,Anas carolinensis,-0.33444375067572724,-0.6550601820098363,0.002369557451165691,FALSE
habitat_diversity_shannon,Anas platyrhynchos,-0.18240623970356543,-0.5549737919917556,0.21742833859056118,FALSE
habitat_diversity_shannon,Anas zonorhyncha,-0.26880153256536987,-0.5617374902779855,0.015941496570657732,FALSE
habitat_diversity_shannon,Anser anser,-0.21921451264627803,-0.6151479162497308,0.17578724837525758,FALSE
habitat_diversity_shannon,Anthus hodgsoni,-0.10094850749968969,-0.35047398612874436,0.15768922880449152,FALSE
habitat_diversity_shannon,Anthus richardi,0.06118545193139101,-0.2573950313587377,0.38187365739224155,FALSE
habitat_diversity_shannon,Anthus roseatus,-0.08087358536898476,-0.4362580499771129,0.2827635062507315,FALSE
habitat_diversity_shannon,Anthus rubescens,-0.37117615059684794,-0.7819338198365666,0.013273218061757281,FALSE
habitat_diversity_shannon,Anthus spinoletta,-0.25012424603060135,-0.6871414502819775,0.18794100318055584,FALSE
habitat_diversity_shannon,Apus apus,-0.020558343537026513,-0.43975492341133926,0.42287551862466294,FALSE
habitat_diversity_shannon,Apus nipalensis,-0.28372690198652284,-0.7238026570539855,0.1394097926456353,FALSE
habitat_diversity_shannon,Apus pacificus,-0.1420056222485325,-0.5118237804759607,0.20725484305206252,FALSE
habitat_diversity_shannon,Aquila chrysaetos,-0.05579026139616203,-0.39831097041183716,0.27071481655467483,FALSE
habitat_diversity_shannon,Ardea alba,0.11346269190662488,-0.18791677140227733,0.4481311533109538,FALSE
habitat_diversity_shannon,Ardea cinerea,-0.028065376200123008,-0.2935275016138217,0.23656270561191245,FALSE
habitat_diversity_shannon,Ardeola bacchus,-0.17590436695074815,-0.43274183564100854,0.09171912602182146,FALSE
habitat_diversity_shannon,Athene noctua,-0.3366043444064457,-0.77493602023376,0.0621591814106463,FALSE
habitat_diversity_shannon,Aythya ferina,-0.3114612773061675,-0.6391170263998665,0.023972489191164605,FALSE
habitat_diversity_shannon,Aythya fuligula,-0.18966150964804734,-0.5213554351284722,0.15590613710589551,FALSE
habitat_diversity_shannon,Aythya nyroca,-0.4565381390301952,-0.847243365889693,-0.10229323174273221,TRUE
habitat_diversity_shannon,Bambusicola thoracicus,-0.1540560431085063,-0.5028575865942145,0.18571644954207864,FALSE
habitat_diversity_shannon,Bubulcus coromandus,-0.2934625940850222,-0.5819592661676456,-0.018230167370368908,TRUE
habitat_diversity_shannon,Buteo hemilasius,-0.2596172665063592,-0.5828965385955566,0.034098714682186886,FALSE
habitat_diversity_shannon,Buteo japonicus,-0.11732256179262601,-0.45709425712403695,0.1856287069650662,FALSE
habitat_diversity_shannon,Butorides striata,-0.14750752760268712,-0.4749032944722718,0.2085196371540261,FALSE
habitat_diversity_shannon,Carpodacus erythrinus,-0.2639691496491602,-0.5799462752496407,0.027930228580726392,FALSE
habitat_diversity_shannon,Cecropis daurica,-0.12780908153653708,-0.4238267081077779,0.17609653005176007,FALSE
habitat_diversity_shannon,Ceryle rudis,-0.07220303017128395,-0.393380007853131,0.27407190163564854,FALSE
habitat_diversity_shannon,Chaimarrornis leucocephalus,-0.27051214496844367,-0.5721589324912532,0.04573022007371455,FALSE
habitat_diversity_shannon,Charadrius alexandrinus,-0.08116015228508311,-0.3360411771072457,0.17901059163031918,FALSE
habitat_diversity_shannon,Charadrius dubius,0.1643910051129079,-0.15956289827229217,0.48220964247413917,FALSE
habitat_diversity_shannon,Chlidonias hybrida,-0.239544146630571,-0.5258442834961669,0.079736736147858,FALSE
habitat_diversity_shannon,Chloris sinica,-0.004639386953873262,-0.38171214159618727,0.38016092465369034,FALSE
habitat_diversity_shannon,Chroicocephalus ridibundus,-0.2083755195417172,-0.48043888076602853,0.0817385051436111,FALSE
habitat_diversity_shannon,Cinclus pallasii,0.026004761646844163,-0.24190833941227582,0.2786229536726461,FALSE
habitat_diversity_shannon,Circus cyaneus,-0.14510544547016105,-0.5457938928077002,0.2083994889991511,FALSE
habitat_diversity_shannon,Circus spilonotus,0.12403245211632768,-0.1666350545776598,0.40384206602104755,FALSE
habitat_diversity_shannon,Cisticola juncidis,-0.1595634567326092,-0.5224375865455244,0.18509964869593065,FALSE
habitat_diversity_shannon,Columba livia,-0.14371782420824047,-0.3902868554387158,0.1139724018365003,FALSE
habitat_diversity_shannon,Columba rupestris,-0.03235756928067013,-0.3590127717298972,0.34707165493641473,FALSE
habitat_diversity_shannon,Copsychus saularis,-0.17061479844986724,-0.5772942662936688,0.23249348714917434,FALSE
habitat_diversity_shannon,Corvus corax,-0.32079662471564474,-0.6155189400594164,-0.026749683528368894,TRUE
habitat_diversity_shannon,Corvus corone,-0.1513979444271316,-0.4646299391641212,0.15757397597153372,FALSE
habitat_diversity_shannon,Corvus macrorhynchos,-0.09826257399180378,-0.27655277190218636,0.08286882138762032,FALSE
habitat_diversity_shannon,Cuculus canorus,-0.027724205813172913,-0.4819488454857912,0.43840073631886456,FALSE
habitat_diversity_shannon,Cuculus micropterus,0.030140557781408017,-0.364303803435213,0.3878658878229261,FALSE
habitat_diversity_shannon,Cuculus sparverioides,-0.1325681385806092,-0.5135968303743162,0.2450331395845689,FALSE
habitat_diversity_shannon,Culicicapa ceylonensis,-0.11330231860207259,-0.48027015638234294,0.268530691071794,FALSE
habitat_diversity_shannon,Cyanopica cyanus,-0.4684794760786297,-0.8344304916794733,-0.10084360042767894,TRUE
habitat_diversity_shannon,Delichon dasypus,-0.18145949027219838,-0.45612956712475194,0.10441873434288067,FALSE
habitat_diversity_shannon,Dendrocitta formosae,-0.1665482435221899,-0.5658519493757083,0.24793263353441167,FALSE
habitat_diversity_shannon,Dendrocopos major,-0.348718740188474,-0.6420092067721387,-0.06989907798228584,TRUE
habitat_diversity_shannon,Dicrurus hottentottus,-0.0571008276096703,-0.437242112467496,0.3576067966796027,FALSE
habitat_diversity_shannon,Dicrurus leucophaeus,-0.19058590452879903,-0.6220529021577168,0.20065764949177956,FALSE
habitat_diversity_shannon,Dicrurus macrocercus,-0.047630545562840076,-0.37280680113328646,0.29374069530054064,FALSE
habitat_diversity_shannon,Egretta garzetta,-0.12017275756466134,-0.3675033729241059,0.10996860871470807,FALSE
habitat_diversity_shannon,Elanus caeruleus,0.03526972445361378,-0.310536475212571,0.41465500831472313,FALSE
habitat_diversity_shannon,Emberiza cioides,-0.3510803793353154,-0.6641784498664612,-0.042601093576569216,TRUE
habitat_diversity_shannon,Emberiza elegans,-0.3530332203980115,-0.6505835911442285,-0.060174400061765276,TRUE
habitat_diversity_shannon,Emberiza godlewskii,-0.23133008164477076,-0.5555584302439276,0.09073462859201378,FALSE
habitat_diversity_shannon,Emberiza pusilla,-0.14477851955619783,-0.5213575104806121,0.20681875057555982,FALSE
habitat_diversity_shannon,Emberiza spodocephala,0.0062242147957660724,-0.35144333150409285,0.36819811030102695,FALSE
habitat_diversity_shannon,Enicurus leschenaulti,-0.16274634159136958,-0.561199956680126,0.18700278666044595,FALSE
habitat_diversity_shannon,Eophona migratoria,-0.21661889375613216,-0.5838492062368813,0.11095803530779233,FALSE
habitat_diversity_shannon,Eremophila alpestris,0.04947753001143121,-0.2237725219760537,0.34721034455638516,FALSE
habitat_diversity_shannon,Eudynamys scolopaceus,0.08351496415459397,-0.28265512075721017,0.4571559984185972,FALSE
habitat_diversity_shannon,Eumyias thalassinus,-0.1907009267854915,-0.5951605031312793,0.2298402296631005,FALSE
habitat_diversity_shannon,Falco amurensis,-0.21472338906246774,-0.5112156642016232,0.056793398000607766,FALSE
habitat_diversity_shannon,Falco peregrinus,-0.27516347703596267,-0.6300878705230946,0.047229025931886506,FALSE
habitat_diversity_shannon,Falco subbuteo,-0.025533985286457266,-0.39091144671594114,0.38552155105738517,FALSE
habitat_diversity_shannon,Falco tinnunculus,-0.14813492723278962,-0.5337844760475176,0.19135843907230235,FALSE
habitat_diversity_shannon,Ficedula albicilla,-0.04613511436616103,-0.4101126480571875,0.32231578401527144,FALSE
habitat_diversity_shannon,Fringilla montifringilla,-0.3423177166746006,-0.6474530561577317,-0.04426755182937421,TRUE
habitat_diversity_shannon,Fulica atra,-0.2418527362212629,-0.5200393571116168,0.04645119528901206,FALSE
habitat_diversity_shannon,Gallinago gallinago,-0.06868884013281659,-0.3574301157524875,0.23573034256211023,FALSE
habitat_diversity_shannon,Gallinula chloropus,-0.19817770268628404,-0.4852129703557446,0.10691248791215106,FALSE
habitat_diversity_shannon,Garrulax canorus,-0.10352655943042616,-0.42977251157685015,0.23285115130029993,FALSE
habitat_diversity_shannon,Garrulus glandarius,-0.0028755829172386676,-0.22780304267868637,0.22250991917480348,FALSE
habitat_diversity_shannon,Gracupica nigricollis,-0.13001061038900533,-0.5040377774249946,0.26229505910045176,FALSE
habitat_diversity_shannon,Gyps himalayensis,-0.35134666864081887,-0.7332867839964216,0.03801796844345864,FALSE
habitat_diversity_shannon,Halcyon smyrnensis,-0.1368031293986302,-0.5723646052139568,0.29624485597015193,FALSE
habitat_diversity_shannon,Hemixos castanonotus,-0.17053146030908925,-0.5876114339453304,0.2716173570173157,FALSE
habitat_diversity_shannon,Himantopus himantopus,-0.08145813548230674,-0.36716481546997265,0.21709802326023986,FALSE
habitat_diversity_shannon,Hirundo rustica,0.18467224672850366,-0.10308287503623727,0.5119573069638981,FALSE
habitat_diversity_shannon,Horornis fortipes,-0.12863106283660888,-0.4640786157644641,0.21389830821086706,FALSE
habitat_diversity_shannon,Hypsipetes leucocephalus,-0.18037012216436718,-0.6069376341166937,0.2918309769710209,FALSE
habitat_diversity_shannon,Ixobrychus sinensis,-0.28000694968569245,-0.6697828003708962,0.11115615099431445,FALSE
habitat_diversity_shannon,Ixos mcclellandii,-0.17233271712615794,-0.610349067330212,0.25039887623610113,FALSE
habitat_diversity_shannon,Lanius cristatus,-0.14053168552188175,-0.49335595300208657,0.23394127697679706,FALSE
habitat_diversity_shannon,Lanius schach,-0.12615800650092343,-0.3873574392884426,0.15030527139100383,FALSE
habitat_diversity_shannon,Lanius sphenocercus,-0.2830620019369264,-0.6381375510304751,0.03216141527508843,FALSE
habitat_diversity_shannon,Lanius tephronotus,-0.18063247569819743,-0.5608344614075853,0.2019298337846357,FALSE
habitat_diversity_shannon,Leiothrix lutea,-0.26079311952470074,-0.6197156989190676,0.07818942763038816,FALSE
habitat_diversity_shannon,Lonchura punctulata,-0.10837888678250195,-0.5484743180699947,0.3395408317849637,FALSE
habitat_diversity_shannon,Lonchura striata,-0.12977128839770605,-0.5484913594027614,0.2896686920382018,FALSE
habitat_diversity_shannon,Mareca falcata,-0.14819260701520712,-0.48460787677785205,0.1916528373387529,FALSE
habitat_diversity_shannon,Mareca penelope,-0.2863123681247813,-0.5891854191017889,0.017440520583689396,FALSE
habitat_diversity_shannon,Mareca strepera,-0.3261595826645437,-0.6725252948380359,0.027678373241281737,FALSE
habitat_diversity_shannon,Mergus merganser,-0.13499864866781863,-0.5016500718535719,0.24949726647937942,FALSE
habitat_diversity_shannon,Milvus migrans,0.05570228541003748,-0.1697544150259563,0.31564909381570616,FALSE
habitat_diversity_shannon,Monticola solitarius,-0.3151887397730457,-0.6541977642569999,0.0052621422049735234,FALSE
habitat_diversity_shannon,Motacilla alba,-0.19417235126907156,-0.5493307790189097,0.13497579153296888,FALSE
habitat_diversity_shannon,Motacilla cinerea,0.10221278739254827,-0.20597713661627495,0.4454518576741178,FALSE
habitat_diversity_shannon,Motacilla citreola,0.16795942040480025,-0.1419693183497054,0.4727479066751097,FALSE
habitat_diversity_shannon,Motacilla tschutschensis,0.22505924108525438,-0.1118292022692048,0.5897434466693209,FALSE
habitat_diversity_shannon,Muscicapa sibirica,-0.15681420215267536,-0.524340585831515,0.20837173540168985,FALSE
habitat_diversity_shannon,Myophonus caeruleus,0.05197021320768829,-0.28957699782176377,0.42590608044086875,FALSE
habitat_diversity_shannon,Nycticorax nycticorax,-0.14323403817792038,-0.4137368011352784,0.12464876891981878,FALSE
habitat_diversity_shannon,Oriolus chinensis,-0.36329450812084885,-0.7969179524422049,0.04699276651931784,FALSE
habitat_diversity_shannon,Pardaliparus venustulus,-0.3088668204585215,-0.6225781483266212,-0.019621582595009825,TRUE
habitat_diversity_shannon,Parus minor,-0.25582803408847776,-0.5039651278672445,-0.036518672849810106,TRUE
habitat_diversity_shannon,Parus monticolus,-0.20260830609199654,-0.5084255901434219,0.11760106967216032,FALSE
habitat_diversity_shannon,Passer cinnamomeus,-0.06727325505246809,-0.3201631266242139,0.16667064330060377,FALSE
habitat_diversity_shannon,Passer montanus,-0.038402316956476425,-0.3986566033767054,0.39689831725918656,FALSE
habitat_diversity_shannon,Pericrocotus solaris,-0.16921716975944087,-0.5576646586826018,0.24809780654766364,FALSE
habitat_diversity_shannon,Periparus ater,-0.39756190935127855,-0.6405519262894046,-0.14481457800736022,TRUE
habitat_diversity_shannon,Pernis ptilorhynchus,-0.25111868938339976,-0.5245252594568611,0.009779030627304293,FALSE
habitat_diversity_shannon,Phalacrocorax carbo,-0.36917761653441206,-0.7062870526711158,-0.05269449698840393,TRUE
habitat_diversity_shannon,Phasianus colchicus,-0.48283735107604836,-0.7961957284262007,-0.16844662903471277,TRUE
habitat_diversity_shannon,Phoenicurus auroreus,-0.4178610606458896,-0.7837790047837371,-0.08397358510653218,TRUE
habitat_diversity_shannon,Phoenicurus frontalis,-0.41073187846019493,-0.8182922011122411,-0.021226065172977156,TRUE
habitat_diversity_shannon,Phoenicurus fuliginosus,-0.050598146004392955,-0.3190050347578713,0.2118132336127646,FALSE
habitat_diversity_shannon,Phoenicurus ochruros,-0.1922419459001398,-0.5186055917417344,0.1544631097568297,FALSE
habitat_diversity_shannon,Phylloscopus fuscatus,-0.03156974590662938,-0.40371849343500027,0.2922055873070664,FALSE
habitat_diversity_shannon,Phylloscopus humei,-0.27800508999015366,-0.6208829010914563,0.05904501612510458,FALSE
habitat_diversity_shannon,Phylloscopus inornatus,-0.2516431499337795,-0.6132803851832801,0.07918824850232933,FALSE
habitat_diversity_shannon,Phylloscopus proregulus,-0.384132877613825,-0.7922423466463014,-0.003776712740215756,TRUE
habitat_diversity_shannon,Pica serica,-0.2998172321806045,-0.5603351251585917,-0.03719538760253973,TRUE
habitat_diversity_shannon,Picoides canicapillus,-0.11146085654162213,-0.4188738650567505,0.20075764450640887,FALSE
habitat_diversity_shannon,Picumnus innominatus,-0.1498639908173269,-0.5752605995180942,0.2364210918680566,FALSE
habitat_diversity_shannon,Picus canus,-0.10482054825784143,-0.38330933112570315,0.22810032168284392,FALSE
habitat_diversity_shannon,Platalea leucorodia,-0.18944358552870602,-0.510986421888034,0.10511432720313085,FALSE
habitat_diversity_shannon,Podiceps cristatus,-0.482574431420969,-0.8049055565043146,-0.13446867575829347,TRUE
habitat_diversity_shannon,Pomatorhinus ruficollis,-0.17604521660040556,-0.6098491382496289,0.23543700005145263,FALSE
habitat_diversity_shannon,Prinia flaviventris,-0.16290437297478566,-0.5872267444210036,0.26179418996479675,FALSE
habitat_diversity_shannon,Prinia inornata,-0.14349323750075635,-0.5193748730146946,0.26933105021788517,FALSE
habitat_diversity_shannon,Psilopogon virens,-0.16870987039738577,-0.545072540008239,0.2506314032413302,FALSE
habitat_diversity_shannon,Pterorhinus sannio,-0.21454635019151613,-0.5472024329975506,0.12000783283942604,FALSE
habitat_diversity_shannon,Ptyonoprogne rupestris,-0.1732555034352583,-0.5387452208438018,0.18494254068188723,FALSE
habitat_diversity_shannon,Pycnonotus aurigaster,-0.15968255471584045,-0.5797393911738469,0.24858464574609432,FALSE
habitat_diversity_shannon,Pycnonotus jocosus,-0.05151523854326942,-0.4649738722300982,0.37818451101251627,FALSE
habitat_diversity_shannon,Pycnonotus sinensis,-0.29705541510998634,-0.5902403491921875,-0.014608804522147686,TRUE
habitat_diversity_shannon,Pycnonotus xanthorrhous,-0.13672099666002854,-0.4541364167093309,0.18142126149431018,FALSE
habitat_diversity_shannon,Pyrrhocorax pyrrhocorax,-0.40407483357231233,-0.701445374713389,-0.11806480421519078,TRUE
habitat_diversity_shannon,Recurvirostra avosetta,-0.09561211304362034,-0.37232607440278487,0.1944586749749382,FALSE
habitat_diversity_shannon,Regulus regulus,-0.3172210939379196,-0.6258368645532344,0.006171573050160976,FALSE
habitat_diversity_shannon,Riparia diluta,0.0036895437472606106,-0.2831960771584984,0.3228847087103163,FALSE
habitat_diversity_shannon,Riparia riparia,-0.16829108387547523,-0.572783589467672,0.2144531923030846,FALSE
habitat_diversity_shannon,Saxicola ferreus,-0.19005374772079595,-0.6018224309949132,0.1784288860530068,FALSE
habitat_diversity_shannon,Saxicola maurus,-0.49954835850193685,-0.8428774189229336,-0.14468263179086463,TRUE
habitat_diversity_shannon,Saxicola stejnegeri,-0.25190959630868026,-0.6479955278058009,0.08927276612201128,FALSE
habitat_diversity_shannon,Sinosuthora webbiana,-0.3423517032404425,-0.6498023625803676,-0.05117127056723916,TRUE
habitat_diversity_shannon,Sitta europaea,-0.08522040437594074,-0.29059091156394534,0.12465623116775296,FALSE
habitat_diversity_shannon,Spatula clypeata,-0.19483482634645607,-0.5436535573057336,0.13833915852731907,FALSE
habitat_diversity_shannon,Spilopelia chinensis,-0.31618432240333966,-0.5882619384306985,-0.059986608602300664,TRUE
habitat_diversity_shannon,Spizixos semitorques,-0.053569400849921255,-0.32041662148902883,0.22197937220621547,FALSE
habitat_diversity_shannon,Spodiopsar cineraceus,-0.3373341460033463,-0.6806796344928233,-0.0029688001116089154,TRUE
habitat_diversity_shannon,Spodiopsar sericeus,-0.1700338436489346,-0.4864493551885633,0.13093694855681276,FALSE
habitat_diversity_shannon,Stachyridopsis ruficeps,-0.17776628459897448,-0.581263129262008,0.2456135523303684,FALSE
habitat_diversity_shannon,Sterna hirundo,-0.16938717629741937,-0.5371430054917051,0.16466352820354932,FALSE
habitat_diversity_shannon,Streptopelia decaocto,-0.18091338971891316,-0.5061933677068136,0.1369625158539104,FALSE
habitat_diversity_shannon,Streptopelia orientalis,-0.17125588993159754,-0.452231144239162,0.09697217375701417,FALSE
habitat_diversity_shannon,Tachybaptus ruficollis,-0.17850840864475914,-0.4575589160599608,0.08017721894119532,FALSE
habitat_diversity_shannon,Tadorna ferruginea,-0.23411552848654324,-0.5657476748439173,0.07438489137683799,FALSE
habitat_diversity_shannon,Tadorna tadorna,-0.12082170365487453,-0.5036252267782744,0.23298589509224255,FALSE
habitat_diversity_shannon,Tarsiger cyanurus,-0.2734114753839311,-0.6319692965201816,0.0721918034491347,FALSE
habitat_diversity_shannon,Tringa erythropus,-0.1443615369717647,-0.4473070048415515,0.17905195961550535,FALSE
habitat_diversity_shannon,Tringa glareola,-0.23382887501204785,-0.5460118251911393,0.06442015784577246,FALSE
habitat_diversity_shannon,Tringa nebularia,-0.06073328579295887,-0.31637222320007463,0.2194359327246586,FALSE
habitat_diversity_shannon,Tringa ochropus,-0.14105551863261193,-0.4538258582313011,0.18298746745316324,FALSE
habitat_diversity_shannon,Tringa totanus,-0.09769542753102405,-0.3052501297531989,0.13475831539159674,FALSE
habitat_diversity_shannon,Trochalopteron elliotii,-0.32510413013134853,-0.5936402816340581,-0.06199981995219747,TRUE
habitat_diversity_shannon,Troglodytes troglodytes,-0.5515032138670436,-0.9466827691637567,-0.13682454099391514,TRUE
habitat_diversity_shannon,Turdus eunomus,-0.39630974982785205,-0.782292903325336,-0.027146487304580625,TRUE
habitat_diversity_shannon,Turdus hortulorum,-0.2382722079654415,-0.5341086122024725,0.0865984000151574,FALSE
habitat_diversity_shannon,Turdus mandarinus,-0.11133481667978276,-0.3952244002352228,0.16451683320751584,FALSE
habitat_diversity_shannon,Turdus naumanni,-0.3259991144788379,-0.7088444441015843,0.04065954207171861,FALSE
habitat_diversity_shannon,Upupa epops,-0.3120893499945997,-0.7102193613866989,0.07629673664390381,FALSE
habitat_diversity_shannon,Urocissa erythroryncha,-0.053516217454818625,-0.31887736126680033,0.21623537557551284,FALSE
habitat_diversity_shannon,Vanellus cinereus,-0.1342692252263241,-0.4393613969812406,0.1855462752938385,FALSE
habitat_diversity_shannon,Vanellus vanellus,-0.21524267332681182,-0.46919061564328984,0.048708734604436685,FALSE
habitat_diversity_shannon,Yungipicus canicapillus,-0.2525498856531377,-0.551544144626513,0.04157777520079268,FALSE
habitat_diversity_shannon,Zosterops simplex,-0.1928180310239829,-0.5585194698898108,0.1266310939089007,FALSE
hfi_mean,Abroscopus albogularis,-0.23217436256119117,-0.7617788153062266,0.2641266337911748,FALSE
hfi_mean,Accipiter nisus,-0.014628551122519417,-0.6213012783739974,0.6537158535227561,FALSE
hfi_mean,Accipiter soloensis,0.18007078620485245,-0.36470589420076616,0.774299896254901,FALSE
hfi_mean,Accipiter trivirgatus,-0.18446989847390358,-0.8163778007965619,0.4411114572113816,FALSE
hfi_mean,Accipiter virgatus,-0.050078687514328896,-0.6288427120120466,0.5547426585224036,FALSE
hfi_mean,Acridotheres cristatellus,-0.17107141207325102,-0.5505971262606705,0.2228265290382937,FALSE
hfi_mean,Acrocephalus orientalis,0.04329153454679289,-0.4518154921593266,0.568200370631661,FALSE
hfi_mean,Actitis hypoleucos,-0.06299743663952558,-0.5440913647680072,0.417982796809021,FALSE
hfi_mean,Aegithalos concinnus,-0.3226278282849876,-0.8009508017104471,0.18888568105029385,FALSE
hfi_mean,Aegithalos glaucogularis,-0.2599069144863455,-0.801848853008396,0.2694088701020196,FALSE
hfi_mean,Aethopyga christinae,-0.14181566321958575,-0.7725325903308268,0.40795073723454717,FALSE
hfi_mean,Aix galericulata,0.04014705163698586,-0.5308901343917909,0.5796482513355312,FALSE
hfi_mean,Alauda arvensis,0.010503292583434489,-0.577611880380682,0.570452708023914,FALSE
hfi_mean,Alauda gulgula,-0.1438586661418737,-0.5817865233093558,0.23743633536988432,FALSE
hfi_mean,Alcedo atthis,-0.012511162252745876,-0.4694293083242781,0.42558265809282886,FALSE
hfi_mean,Amaurornis phoenicurus,-0.16839663039288838,-0.6656941146945893,0.32010254419346645,FALSE
hfi_mean,Anas acuta,0.20937013250476788,-0.3342960858166672,0.7666445625551083,FALSE
hfi_mean,Anas carolinensis,-0.3636314849820824,-0.8294233622428516,0.11213306725329933,FALSE
hfi_mean,Anas platyrhynchos,0.07886187748048275,-0.5026425041045136,0.7008512210581093,FALSE
hfi_mean,Anas zonorhyncha,-0.07240263345294047,-0.5340486146752272,0.39463572655454904,FALSE
hfi_mean,Anser anser,-0.11695857871081558,-0.6279768982602285,0.40110774485878337,FALSE
hfi_mean,Anthus hodgsoni,-0.4778991386178792,-0.8201435366275501,-0.10884991510716684,TRUE
hfi_mean,Anthus richardi,-0.05118020754431569,-0.5625561009365156,0.44894154236479905,FALSE
hfi_mean,Anthus roseatus,0.010203785570645467,-0.5407711587642073,0.5354795270440261,FALSE
hfi_mean,Anthus rubescens,-0.07703712314334961,-0.6911421299043853,0.522538269844614,FALSE
hfi_mean,Anthus spinoletta,-0.15620044867648644,-0.7675882799541416,0.45377800522000117,FALSE
hfi_mean,Apus apus,0.14087940033489096,-0.49020972402212265,0.7634029266987347,FALSE
hfi_mean,Apus nipalensis,-0.38709276137514037,-1.0582098713197503,0.2558835754337004,FALSE
hfi_mean,Apus pacificus,-0.2046241920688051,-0.7573673443831398,0.3253150140170071,FALSE
hfi_mean,Aquila chrysaetos,-0.23487072308038612,-0.7400462527087045,0.22451920238438633,FALSE
hfi_mean,Ardea alba,0.7173107292516644,0.14321251214174388,1.2370512492222512,TRUE
hfi_mean,Ardea cinerea,0.18222986888884407,-0.24489711413165083,0.570304035482854,FALSE
hfi_mean,Ardeola bacchus,-0.23144382363313984,-0.6324193806643991,0.1716476979174713,FALSE
hfi_mean,Athene noctua,-0.7766378576679774,-1.3335212912959185,-0.19063872557755734,TRUE
hfi_mean,Aythya ferina,-0.02253673034449127,-0.479821188086807,0.49183098252173285,FALSE
hfi_mean,Aythya fuligula,-0.19948715717344623,-0.6741474623337569,0.31163392717951055,FALSE
hfi_mean,Aythya nyroca,-0.33239140879760426,-0.8661676306622574,0.1913534633079147,FALSE
hfi_mean,Bambusicola thoracicus,-0.32089181876321854,-0.843895099755078,0.1787600012055412,FALSE
hfi_mean,Bubulcus coromandus,-0.19405061799739717,-0.6028232773133373,0.21809406519624133,FALSE
hfi_mean,Buteo hemilasius,-0.23859892756263107,-0.6918430171433572,0.23344611158415626,FALSE
hfi_mean,Buteo japonicus,0.026101691193000837,-0.4191792931403663,0.4999016515475102,FALSE
hfi_mean,Butorides striata,0.07540327702382466,-0.45559944805014835,0.63336249473551,FALSE
hfi_mean,Carpodacus erythrinus,-0.09781166185997091,-0.5421483355892486,0.31969689628936593,FALSE
hfi_mean,Cecropis daurica,0.22040755615160162,-0.22884325773637457,0.6886305942061866,FALSE
hfi_mean,Ceryle rudis,-0.3508777512820931,-0.856540335608992,0.14915163935883483,FALSE
hfi_mean,Chaimarrornis leucocephalus,-0.20374317549889032,-0.6727645183312696,0.23834674399366831,FALSE
hfi_mean,Charadrius alexandrinus,0.28786544375170103,-0.15063343244784305,0.7079896349760105,FALSE
hfi_mean,Charadrius dubius,0.1966114235666036,-0.2850895198556527,0.7355573386907985,FALSE
hfi_mean,Chlidonias hybrida,0.0633937315213313,-0.34054344794460334,0.48333969695839796,FALSE
hfi_mean,Chloris sinica,0.020954192056778655,-0.49543822772673957,0.5286245132837282,FALSE
hfi_mean,Chroicocephalus ridibundus,-0.0616965566142844,-0.46532633236346294,0.3271372436309326,FALSE
hfi_mean,Cinclus pallasii,0.33222616395255555,-0.05567299275548038,0.7427042687836849,FALSE
hfi_mean,Circus cyaneus,-0.23437993049111058,-0.8788740739778816,0.40346724517091564,FALSE
hfi_mean,Circus spilonotus,-0.29686021451551564,-0.7594658970772638,0.18039169541484912,FALSE
hfi_mean,Cisticola juncidis,-0.14242990753811155,-0.662378239164869,0.33447751351920485,FALSE
hfi_mean,Columba livia,0.08168128863171441,-0.2872213672404098,0.42436580600066054,FALSE
hfi_mean,Columba rupestris,-0.3012806360271077,-0.7913873078962126,0.17423733716662995,FALSE
hfi_mean,Copsychus saularis,-0.18136446629640823,-0.734728848750624,0.40277737605329245,FALSE
hfi_mean,Corvus corax,-0.4627115814995168,-0.9680719109775686,0.03447844744432057,FALSE
hfi_mean,Corvus corone,0.14606730744045596,-0.3176941372594004,0.5854891090728271,FALSE
hfi_mean,Corvus macrorhynchos,-0.18993851879704754,-0.46294072408361286,0.06937133214105531,FALSE
hfi_mean,Cuculus canorus,-0.07295349952955404,-0.7759428443183402,0.6504021017370294,FALSE
hfi_mean,Cuculus micropterus,-7.3075713331924e-4,-0.5690693160589994,0.5841227933210007,FALSE
hfi_mean,Cuculus sparverioides,0.00819790872212061,-0.5380994336499388,0.5937178306172184,FALSE
hfi_mean,Culicicapa ceylonensis,-0.20566112196762248,-0.750948284364404,0.28995489612018105,FALSE
hfi_mean,Cyanopica cyanus,0.03778841359111297,-0.4035729176494418,0.48478021544483785,FALSE
hfi_mean,Delichon dasypus,-0.0034579741170069674,-0.3661210913823422,0.38410855096755325,FALSE
hfi_mean,Dendrocitta formosae,-0.047792631162701625,-0.6693704828443428,0.49134155385145273,FALSE
hfi_mean,Dendrocopos major,-0.06279387810283718,-0.4964808072630212,0.37666918255273907,FALSE
hfi_mean,Dicrurus hottentottus,0.07482688571367486,-0.43148654124758945,0.6179195838009647,FALSE
hfi_mean,Dicrurus leucophaeus,-0.2940090980808845,-0.9562377756260582,0.3180069258103543,FALSE
hfi_mean,Dicrurus macrocercus,0.08864715269434556,-0.35805349932511643,0.5106758451933522,FALSE
hfi_mean,Egretta garzetta,-0.016663498812103307,-0.3976972484821042,0.3590752056352306,FALSE
hfi_mean,Elanus caeruleus,0.09498290229457337,-0.3460936082009497,0.5710949782621696,FALSE
hfi_mean,Emberiza cioides,-0.11218052261820767,-0.5452345602177083,0.34551412477272386,FALSE
hfi_mean,Emberiza elegans,0.5055648757781216,0.09987072486309699,0.9554136289487749,TRUE
hfi_mean,Emberiza godlewskii,0.3712930501123891,-0.08545646152557336,0.8024454449722642,FALSE
hfi_mean,Emberiza pusilla,-0.060436518089819105,-0.5594316375246458,0.4742476527571934,FALSE
hfi_mean,Emberiza spodocephala,4.4893708261978265e-4,-0.535141487139202,0.5156291450657013,FALSE
hfi_mean,Enicurus leschenaulti,-0.31488403061746295,-0.8641399266955873,0.17232808082877668,FALSE
hfi_mean,Eophona migratoria,-0.3078683893382575,-0.7981893653117814,0.15747050766643728,FALSE
hfi_mean,Eremophila alpestris,0.18145664998386446,-0.25352962854712097,0.6232159390038429,FALSE
hfi_mean,Eudynamys scolopaceus,-0.1528494870292961,-0.7296247309799588,0.38153796808231244,FALSE
hfi_mean,Eumyias thalassinus,-0.14576261491302714,-0.7887527491989547,0.5020020641648194,FALSE
hfi_mean,Falco amurensis,0.07078375148241661,-0.34609533800191317,0.5008119463733121,FALSE
hfi_mean,Falco peregrinus,0.16034679723156636,-0.31963683897011125,0.6373936578830954,FALSE
hfi_mean,Falco subbuteo,0.2477118256360776,-0.3075781159413294,0.8562561244144248,FALSE
hfi_mean,Falco tinnunculus,0.15782371043092888,-0.3883505729585303,0.7685439779999679,FALSE
hfi_mean,Ficedula albicilla,-0.18395684833535578,-0.7251213603102002,0.3551951630195128,FALSE
hfi_mean,Fringilla montifringilla,-0.083609788318312,-0.5973359524914584,0.5237947809407728,FALSE
hfi_mean,Fulica atra,-0.07601186626229157,-0.461458119487113,0.31857546303404877,FALSE
hfi_mean,Gallinago gallinago,-0.18698039669395874,-0.6834488453453804,0.2656069948364992,FALSE
hfi_mean,Gallinula chloropus,0.45036882370807363,-0.03403159777200372,0.9449217217897234,FALSE
hfi_mean,Garrulax canorus,-0.4027659368823745,-0.8915021527440549,0.04594930047145905,FALSE
hfi_mean,Garrulus glandarius,0.002281576836937715,-0.3202624477835058,0.3473918197777764,FALSE
hfi_mean,Gracupica nigricollis,-0.24059218586261022,-0.7751382750436541,0.2939814898370071,FALSE
hfi_mean,Gyps himalayensis,-0.7255421349283724,-1.4137435100751592,-0.1187083590911613,TRUE
hfi_mean,Halcyon smyrnensis,-0.10059134838621119,-0.7660683396175645,0.5563260493009109,FALSE
hfi_mean,Hemixos castanonotus,-0.14998620723708883,-0.75350277343956,0.46269878437708745,FALSE
hfi_mean,Himantopus himantopus,-0.054713401686896666,-0.530028897679547,0.4256199233252278,FALSE
hfi_mean,Hirundo rustica,0.2658983452699444,-0.23343627263175465,0.785349694893778,FALSE
hfi_mean,Horornis fortipes,-0.20793121988523555,-0.6745208764201821,0.241251598606663,FALSE
hfi_mean,Hypsipetes leucocephalus,-0.12818344467918064,-0.7517714444490314,0.46133127827719894,FALSE
hfi_mean,Ixobrychus sinensis,0.1679627262065147,-0.3718202278552362,0.7357486535429794,FALSE
hfi_mean,Ixos mcclellandii,-0.20961774492661026,-0.8465016230973298,0.43578696134967126,FALSE
hfi_mean,Lanius cristatus,0.18967744526119293,-0.3141275001333074,0.7175266235768971,FALSE
hfi_mean,Lanius schach,-0.44855783895100504,-0.8518663502297791,-0.06563821982456515,TRUE
hfi_mean,Lanius sphenocercus,-0.13379923667980104,-0.5696107610402813,0.32016646979346275,FALSE
hfi_mean,Lanius tephronotus,-0.6060690391827097,-1.1287955449280311,-0.0982887774351089,TRUE
hfi_mean,Leiothrix lutea,-0.3630773024837489,-0.9091255954084169,0.15264839304033503,FALSE
hfi_mean,Lonchura punctulata,-0.11345749483459754,-0.7514470215057453,0.5622248950363125,FALSE
hfi_mean,Lonchura striata,-0.19806592403136095,-0.8348131081766473,0.38193180975785285,FALSE
hfi_mean,Mareca falcata,-0.10657620582483791,-0.5613769970295928,0.36434711080440185,FALSE
hfi_mean,Mareca penelope,0.12105224315005818,-0.3757767969841611,0.6070405292759193,FALSE
hfi_mean,Mareca strepera,-0.207813604818563,-0.6949766975671923,0.2813501787568657,FALSE
hfi_mean,Mergus merganser,-0.576899317234043,-1.084775365764384,-0.07864637817885214,TRUE
hfi_mean,Milvus migrans,-0.5289980883218194,-0.8830341289562244,-0.19199629932546552,TRUE
hfi_mean,Monticola solitarius,-0.011312093661667001,-0.5240570761525807,0.4805114089688731,FALSE
hfi_mean,Motacilla alba,-0.060042994966934625,-0.6242504196646496,0.49886096023438625,FALSE
hfi_mean,Motacilla cinerea,0.07351268623545416,-0.3678057375373192,0.478560188027323,FALSE
hfi_mean,Motacilla citreola,-0.2401502813137695,-0.6603101543583899,0.20434697877577293,FALSE
hfi_mean,Motacilla tschutschensis,0.20649097473867453,-0.34134446981031125,0.6944388065726983,FALSE
hfi_mean,Muscicapa sibirica,-0.0030040999423687625,-0.5806739435185322,0.5837731915765619,FALSE
hfi_mean,Myophonus caeruleus,0.24451300067846155,-0.2547988704947775,0.7469503180404915,FALSE
hfi_mean,Nycticorax nycticorax,0.06041325466452208,-0.34191076609101956,0.5048619020985923,FALSE
hfi_mean,Oriolus chinensis,0.10967715604332941,-0.49757916918523154,0.7288490940235548,FALSE
hfi_mean,Pardaliparus venustulus,0.07817520164690078,-0.3989831481449765,0.5299550833953284,FALSE
hfi_mean,Parus minor,0.039750728949270765,-0.30808897353117565,0.4230807983542071,FALSE
hfi_mean,Parus monticolus,-0.32006488636254377,-0.7649340686583436,0.1229864942926825,FALSE
hfi_mean,Passer cinnamomeus,0.013109081684435161,-0.35286734310830387,0.4112117866182822,FALSE
hfi_mean,Passer montanus,0.20675269105320881,-0.3729585596614155,0.9019413343023592,FALSE
hfi_mean,Pericrocotus solaris,-0.049299437771203755,-0.69993387283446,0.5853869512968789,FALSE
hfi_mean,Periparus ater,0.3567714201276986,-0.022115116172621584,0.7432928104896105,FALSE
hfi_mean,Pernis ptilorhynchus,0.033597026181311766,-0.3820117759191294,0.4695540517876846,FALSE
hfi_mean,Phalacrocorax carbo,-0.08129796961916318,-0.5000209367916283,0.39495400925464025,FALSE
hfi_mean,Phasianus colchicus,0.2915128609754341,-0.22897353988736327,0.8300416091303179,FALSE
hfi_mean,Phoenicurus auroreus,-0.23442578822914656,-0.692073275608052,0.23052325886336458,FALSE
hfi_mean,Phoenicurus frontalis,-0.787408149388054,-1.376345793370302,-0.2831029967674974,TRUE
hfi_mean,Phoenicurus fuliginosus,0.009421697504731881,-0.3437082551137289,0.3662063327066819,FALSE
hfi_mean,Phoenicurus ochruros,-0.2767481236862683,-0.7860210295619496,0.24674218962154695,FALSE
hfi_mean,Phylloscopus fuscatus,-0.21122088008159914,-0.6486473594596169,0.24022179437772115,FALSE
hfi_mean,Phylloscopus humei,0.3533868912959718,-0.21652993169706847,0.8524087612635459,FALSE
hfi_mean,Phylloscopus inornatus,-0.01936763923038625,-0.47700802288508987,0.47566200671000264,FALSE
hfi_mean,Phylloscopus proregulus,0.15056713633694616,-0.37685687200202195,0.6916908325126303,FALSE
hfi_mean,Pica serica,0.02489541370867861,-0.3789823999152939,0.4429642684212431,FALSE
hfi_mean,Picoides canicapillus,0.1926329591618587,-0.29883786182696176,0.6688621362321345,FALSE
hfi_mean,Picumnus innominatus,-0.203162319391906,-0.8721381435423855,0.4213083963733673,FALSE
hfi_mean,Picus canus,-0.4986530700150977,-0.9212374058406194,-0.06846296807201009,TRUE
hfi_mean,Platalea leucorodia,-0.21237247205924784,-0.6621087694103778,0.2771413444341416,FALSE
hfi_mean,Podiceps cristatus,-0.008497885571210739,-0.5165208890198126,0.5606638172660071,FALSE
hfi_mean,Pomatorhinus ruficollis,-0.20299305890502903,-0.8429713503628897,0.38011290076809773,FALSE
hfi_mean,Prinia flaviventris,0.22587095479791938,-0.47272964748029317,0.8621414524721781,FALSE
hfi_mean,Prinia inornata,0.05658221712929593,-0.47203170803006483,0.563489364821656,FALSE
hfi_mean,Psilopogon virens,-0.01115626924595942,-0.6211940541426069,0.5582906622832501,FALSE
hfi_mean,Pterorhinus sannio,-0.3424934225449099,-0.8652895792721943,0.15108623278474595,FALSE
hfi_mean,Ptyonoprogne rupestris,0.5586413866014291,0.011300849144832441,1.1154701831569744,TRUE
hfi_mean,Pycnonotus aurigaster,-0.0460714237048817,-0.7281941454138875,0.6301329669234125,FALSE
hfi_mean,Pycnonotus jocosus,-0.15381056622652237,-0.7406738994354666,0.3885553997264849,FALSE
hfi_mean,Pycnonotus sinensis,-0.3333796832863005,-0.6911626546628102,0.012005439735637728,FALSE
hfi_mean,Pycnonotus xanthorrhous,-0.3246877876795163,-0.7516426532910544,0.1380967479166011,FALSE
hfi_mean,Pyrrhocorax pyrrhocorax,0.8358738071894817,0.42045780305664987,1.2667936736326673,TRUE
hfi_mean,Recurvirostra avosetta,0.04837945080965793,-0.44426025393006163,0.5211224119095439,FALSE
hfi_mean,Regulus regulus,-0.06360010830753883,-0.5921903057551084,0.4435925002506021,FALSE
hfi_mean,Riparia diluta,-0.051909766977033346,-0.4735962674886305,0.38731424436565387,FALSE
hfi_mean,Riparia riparia,-0.003512315401803784,-0.5278194954214016,0.5795346549527002,FALSE
hfi_mean,Saxicola ferreus,-0.2849966503339156,-0.8262920207629528,0.25960467566264867,FALSE
hfi_mean,Saxicola maurus,0.1810074491127641,-0.33646147471652676,0.7159134176367733,FALSE
hfi_mean,Saxicola stejnegeri,-0.2935145289309496,-0.8657794661594235,0.25568340054443095,FALSE
hfi_mean,Sinosuthora webbiana,-0.08568535465399628,-0.5097308354728363,0.3468889458553935,FALSE
hfi_mean,Sitta europaea,-0.18671693374989448,-0.49390880048711533,0.1199319467236956,FALSE
hfi_mean,Spatula clypeata,-0.2805492017591155,-0.7469461810537072,0.17009483320487714,FALSE
hfi_mean,Spilopelia chinensis,0.17568839095239197,-0.18189955870062557,0.5351491057290547,FALSE
hfi_mean,Spizixos semitorques,-0.4168522001886376,-0.81003441789691,-0.008648316894598544,TRUE
hfi_mean,Spodiopsar cineraceus,0.06699328299693673,-0.46822127182782386,0.5866574016947493,FALSE
hfi_mean,Spodiopsar sericeus,-0.35821502864740884,-0.7606868651082124,0.03605806587932975,FALSE
hfi_mean,Stachyridopsis ruficeps,-0.14440053093674796,-0.816410149971945,0.460222651783667,FALSE
hfi_mean,Sterna hirundo,-0.4805082925594245,-1.0107988825301035,0.026559699260845684,FALSE
hfi_mean,Streptopelia decaocto,0.37705824301450336,-0.15115145299613567,0.9076755054837216,FALSE
hfi_mean,Streptopelia orientalis,-0.05302674441432392,-0.47777193539428253,0.37957650118284275,FALSE
hfi_mean,Tachybaptus ruficollis,0.4790384611472021,0.014759675423070998,0.9465805688004424,TRUE
hfi_mean,Tadorna ferruginea,-0.22415143975825588,-0.6731113054073234,0.20092277742997458,FALSE
hfi_mean,Tadorna tadorna,-0.09856281567218537,-0.4900104790473884,0.36518558796296485,FALSE
hfi_mean,Tarsiger cyanurus,-0.8440383087333814,-1.3708700897193071,-0.33400048552453393,TRUE
hfi_mean,Tringa erythropus,-0.08282369702002791,-0.5697175506595806,0.4200570552103252,FALSE
hfi_mean,Tringa glareola,-0.13741426760782932,-0.6550369539977313,0.2959211614563702,FALSE
hfi_mean,Tringa nebularia,-0.08729269207652295,-0.48706746538465523,0.3602402451693237,FALSE
hfi_mean,Tringa ochropus,0.20686420100009176,-0.3613157112347049,0.7998743555026243,FALSE
hfi_mean,Tringa totanus,-0.0018109508341555359,-0.3326976230272794,0.37368013136484035,FALSE
hfi_mean,Trochalopteron elliotii,-0.2657129812086119,-0.6623417208357837,0.14842594179955718,FALSE
hfi_mean,Troglodytes troglodytes,-0.12982019740978837,-0.7425204620370168,0.46380012143432,FALSE
hfi_mean,Turdus eunomus,-0.07847430034545545,-0.6161254788824999,0.43388711669294944,FALSE
hfi_mean,Turdus hortulorum,0.06665953398893819,-0.39646660663172933,0.5594983547802763,FALSE
hfi_mean,Turdus mandarinus,-0.42659217164532537,-0.8333334112871517,-0.032044004254795165,TRUE
hfi_mean,Turdus naumanni,-0.053564325155724485,-0.5119920800302336,0.4269565318332562,FALSE
hfi_mean,Upupa epops,-0.2543632899713545,-0.7748914825469594,0.2943366540555408,FALSE
hfi_mean,Urocissa erythroryncha,-0.01875678935262298,-0.41717053454331654,0.39049647732023524,FALSE
hfi_mean,Vanellus cinereus,0.38152902866372895,-0.20673602243446948,0.9644280180062424,FALSE
hfi_mean,Vanellus vanellus,-0.21753459479606418,-0.6447525636207362,0.1744234039731746,FALSE
hfi_mean,Yungipicus canicapillus,0.010863490593970883,-0.39130469674465373,0.42749677123187185,FALSE
hfi_mean,Zosterops simplex,-0.13696307431927976,-0.5564747691135601,0.35941703222406274,FALSE
landcover_grassland,Abroscopus albogularis,-0.35820759623458415,-1.1512403835584266,0.36222982704536977,FALSE
landcover_grassland,Accipiter nisus,-0.15282106386975883,-0.9862197511001072,0.7016569306409891,FALSE
landcover_grassland,Accipiter soloensis,-0.41285187569134224,-0.9938104443945582,0.24801689614846062,FALSE
landcover_grassland,Accipiter trivirgatus,-0.2380861507406944,-1.064269258429979,0.6874082932013572,FALSE
landcover_grassland,Accipiter virgatus,-0.1444841599989255,-1.0283143619303299,0.7728532437685777,FALSE
landcover_grassland,Acridotheres cristatellus,-0.5213652225659924,-1.0505783865005478,-0.029343176237947247,TRUE
landcover_grassland,Acrocephalus orientalis,0.12768855294965992,-0.2890295391645916,0.5386366698714175,FALSE
landcover_grassland,Actitis hypoleucos,0.2813826466544048,-0.1633553540655326,0.7971012411182441,FALSE
landcover_grassland,Aegithalos concinnus,-0.40614805797821446,-1.0036607403477151,0.19596344343192978,FALSE
landcover_grassland,Aegithalos glaucogularis,-1.2393340905733292,-1.7049777955903926,-0.7969996184957046,TRUE
landcover_grassland,Aethopyga christinae,-0.1712407573159607,-1.102667304732135,0.6566107572127116,FALSE
landcover_grassland,Aix galericulata,-0.14894042297890525,-0.7299480186072255,0.3992233565616209,FALSE
landcover_grassland,Alauda arvensis,0.5357980422156902,-0.07167783768339005,1.157377794473534,FALSE
landcover_grassland,Alauda gulgula,-0.3190365653107296,-0.7002771759912325,0.0326205195980995,FALSE
landcover_grassland,Alcedo atthis,0.5065811681115142,0.09866846040961767,0.8630466863025801,TRUE
landcover_grassland,Amaurornis phoenicurus,-0.36898604562785764,-1.176092818124949,0.37316517622916245,FALSE
landcover_grassland,Anas acuta,0.3577873062583323,-0.223809059399331,1.1222420882394073,FALSE
landcover_grassland,Anas carolinensis,-0.1358915221288039,-0.5320177491416159,0.24385239581298315,FALSE
landcover_grassland,Anas platyrhynchos,0.3392103359179601,-0.22676446433054573,1.0226197577782996,FALSE
landcover_grassland,Anas zonorhyncha,-0.12626918963733433,-0.46153567180988964,0.1905639445815403,FALSE
landcover_grassland,Anser anser,0.4419415754563148,-0.15227920117714006,1.061896410632313,FALSE
landcover_grassland,Anthus hodgsoni,0.21440542880464628,-0.08982065366315672,0.5101621441267078,FALSE
landcover_grassland,Anthus richardi,0.4123013264402009,0.05371357346783198,0.8093802731521648,TRUE
landcover_grassland,Anthus roseatus,-1.175586884818562,-1.7738695287754878,-0.5934417499965409,TRUE
landcover_grassland,Anthus rubescens,-0.11031980310447188,-0.7456694228140786,0.526172187674169,FALSE
landcover_grassland,Anthus spinoletta,0.14213995332554907,-0.5983148930719233,0.9058917874061521,FALSE
landcover_grassland,Apus apus,-0.08859907401265876,-0.9569504006468272,0.7421483751595378,FALSE
landcover_grassland,Apus nipalensis,-0.2249083636069833,-1.1236806847919851,0.5966018481909532,FALSE
landcover_grassland,Apus pacificus,0.12590756090196673,-0.2523775907405084,0.533081448308957,FALSE
landcover_grassland,Aquila chrysaetos,-0.25120624506665024,-0.7498104434643822,0.2615001580883798,FALSE
landcover_grassland,Ardea alba,0.3977776049078356,-0.04113228136736466,0.8949937260179012,FALSE
landcover_grassland,Ardea cinerea,0.2293874514212067,-0.050679413812144705,0.5288900830328432,FALSE
landcover_grassland,Ardeola bacchus,0.10006928523088655,-0.2530516923985536,0.415327205560188,FALSE
landcover_grassland,Athene noctua,-0.39607864189794473,-1.4098464157083863,0.5783457008703967,FALSE
landcover_grassland,Aythya ferina,0.2765121854582534,-0.2254047531840769,0.9300844877298259,FALSE
landcover_grassland,Aythya fuligula,0.13634581758451925,-0.40094975362655705,0.7359853546794103,FALSE
landcover_grassland,Aythya nyroca,-0.10761989499508276,-0.5114829019605428,0.39414702134529667,FALSE
landcover_grassland,Bambusicola thoracicus,-0.3344647026341976,-1.0105323025318327,0.24138897554486863,FALSE
landcover_grassland,Bubulcus coromandus,-0.11877996732673565,-0.51772268507926,0.2406046758875319,FALSE
landcover_grassland,Buteo hemilasius,0.07216714335335925,-0.3922434170864322,0.5788106083645256,FALSE
landcover_grassland,Buteo japonicus,-0.09536490779740485,-0.4556590720701084,0.2542954997878447,FALSE
landcover_grassland,Butorides striata,0.18094016697206056,-0.3412882228340212,0.7366561113033331,FALSE
landcover_grassland,Carpodacus erythrinus,0.23547036131831386,-0.11418203780404262,0.6704340690087739,FALSE
landcover_grassland,Cecropis daurica,-0.30679209231667554,-0.7418966985028433,0.1367327057674613,FALSE
landcover_grassland,Ceryle rudis,-0.4945577611273995,-1.2282249889152572,0.09439792112563127,FALSE
landcover_grassland,Chaimarrornis leucocephalus,-0.6730626528987451,-1.218868838592837,-0.20755785562464457,TRUE
landcover_grassland,Charadrius alexandrinus,0.34835633444563385,0.020157643331606773,0.7168544987903168,TRUE
landcover_grassland,Charadrius dubius,0.2801959535135622,-0.11121739334032436,0.7987652280391612,FALSE
landcover_grassland,Chlidonias hybrida,0.2520583154045905,-0.05616314492359387,0.6153048948908653,FALSE
landcover_grassland,Chloris sinica,0.05247695900069655,-0.6398787517386624,0.5779223545750413,FALSE
landcover_grassland,Chroicocephalus ridibundus,0.6139863055463791,0.21671988023107033,1.0864584520355758,TRUE
landcover_grassland,Cinclus pallasii,-0.08028145043122713,-0.42698320786167804,0.25084537226062253,FALSE
landcover_grassland,Circus cyaneus,-0.3265430345585009,-0.9703485419681355,0.3513389063575591,FALSE
landcover_grassland,Circus spilonotus,0.1072206091961725,-0.23617743109025316,0.48144770777050044,FALSE
landcover_grassland,Cisticola juncidis,-0.5522074747281587,-1.2599910937991154,0.06531498339324546,FALSE
landcover_grassland,Columba livia,-0.10068929595334865,-0.4123414751808915,0.22885849332008631,FALSE
landcover_grassland,Columba rupestris,0.1571257675420163,-0.3433145728448396,0.6893626274628785,FALSE
landcover_grassland,Copsychus saularis,-0.2096511986168327,-1.1186248008500976,0.6514334075731131,FALSE
landcover_grassland,Corvus corax,-0.06816429181628063,-0.4497631358383721,0.3303274145542863,FALSE
landcover_grassland,Corvus corone,0.22250485542560192,-0.3367867617019097,0.8924004519074622,FALSE
landcover_grassland,Corvus macrorhynchos,0.06491489359231134,-0.1220743730583377,0.27900115745871884,FALSE
landcover_grassland,Cuculus canorus,-0.23095454254522768,-0.927041949058292,0.5083414103554444,FALSE
landcover_grassland,Cuculus micropterus,0.08299659766889865,-0.5163739662389294,0.6907949002361908,FALSE
landcover_grassland,Cuculus sparverioides,-0.5242661938838812,-1.322262233253475,0.1571669317022752,FALSE
landcover_grassland,Culicicapa ceylonensis,-0.17801973930772433,-0.9052392369766995,0.4684761718534758,FALSE
landcover_grassland,Cyanopica cyanus,-0.5564637524857085,-0.9811171389475835,-0.15682457634689845,TRUE
landcover_grassland,Delichon dasypus,-0.21507898834805467,-0.5722340154500212,0.1461418910129641,FALSE
landcover_grassland,Dendrocitta formosae,-0.24198141011033705,-1.0479159202812827,0.523233729941248,FALSE
landcover_grassland,Dendrocopos major,-0.14683390921438305,-0.4470235486441017,0.16373331971149535,FALSE
landcover_grassland,Dicrurus hottentottus,-0.4057620672491859,-1.1927446872612655,0.36711413997400816,FALSE
landcover_grassland,Dicrurus leucophaeus,-0.18232671910803766,-1.0581765754136654,0.5684420185460503,FALSE
landcover_grassland,Dicrurus macrocercus,-0.6216016555743328,-1.3367009243578711,0.02319050728940061,FALSE
landcover_grassland,Egretta garzetta,-0.06647112648348806,-0.36495653647745446,0.2261602887024089,FALSE
landcover_grassland,Elanus caeruleus,-0.4098833313142392,-1.0977533816868417,0.2236787380119309,FALSE
landcover_grassland,Emberiza cioides,-0.10609051764787505,-0.4935229296242751,0.3124411666885209,FALSE
landcover_grassland,Emberiza elegans,-0.6920440564447232,-1.0847930799410987,-0.27890611501832113,TRUE
landcover_grassland,Emberiza godlewskii,-0.5881601690642919,-1.0023834754654581,-0.2050845114948842,TRUE
landcover_grassland,Emberiza pusilla,-0.2528917104427326,-0.7048909841003086,0.20935907222381492,FALSE
landcover_grassland,Emberiza spodocephala,-0.2603468755274146,-0.6848369763832449,0.2206032113220158,FALSE
landcover_grassland,Enicurus leschenaulti,-0.3474503361056713,-0.9811499346977255,0.3073585762247676,FALSE
landcover_grassland,Eophona migratoria,-0.47980810367901205,-0.971329455652461,0.018112369366470465,FALSE
landcover_grassland,Eremophila alpestris,-0.2590552998362156,-0.6444823949643015,0.18134735248981843,FALSE
landcover_grassland,Eudynamys scolopaceus,-0.42375571560718106,-1.150267968569176,0.2766697527774261,FALSE
landcover_grassland,Eumyias thalassinus,-0.1586177741703216,-1.0185445276151335,0.7049763625123956,FALSE
landcover_grassland,Falco amurensis,-0.015302264303683219,-0.3649493945971049,0.34652085296223706,FALSE
landcover_grassland,Falco peregrinus,0.1033354365944513,-0.2989408987762737,0.5620009958600543,FALSE
landcover_grassland,Falco subbuteo,0.2517725998910526,-0.30834406603481906,0.9010025362008786,FALSE
landcover_grassland,Falco tinnunculus,0.17911390496687246,-0.46285169872503573,0.9463512643109218,FALSE
landcover_grassland,Ficedula albicilla,0.16449578933550454,-0.3757665239290029,0.7095692401434804,FALSE
landcover_grassland,Fringilla montifringilla,-0.13068548284544368,-0.49598302108501624,0.25465245806060477,FALSE
landcover_grassland,Fulica atra,-0.05629606193562564,-0.32676127198071114,0.2354964655341898,FALSE
landcover_grassland,Gallinago gallinago,0.6097276109600722,0.28316591656785817,0.9421624731386814,TRUE
landcover_grassland,Gallinula chloropus,0.5439403033647633,0.17676807985259757,0.9521729108113882,TRUE
landcover_grassland,Garrulax canorus,-0.4516056809177163,-1.1110534265418177,0.14894382628185013,FALSE
landcover_grassland,Garrulus glandarius,-0.02094521415466475,-0.26216700261019155,0.21089344128857584,FALSE
landcover_grassland,Gracupica nigricollis,-0.3002367452219766,-1.0556475622219714,0.41349481104092,FALSE
landcover_grassland,Gyps himalayensis,-0.7170135518994675,-1.5166189869433095,0.2180508651918717,FALSE
landcover_grassland,Halcyon smyrnensis,-0.14671794050445025,-1.011880507283445,0.7124087320839163,FALSE
landcover_grassland,Hemixos castanonotus,-0.17989975255602572,-1.0449486990503416,0.6192827907547052,FALSE
landcover_grassland,Himantopus himantopus,0.26826984677664834,-0.12263380955043744,0.796992047573585,FALSE
landcover_grassland,Hirundo rustica,0.4159149642709429,0.015129295639822809,0.8922041138379873,TRUE
landcover_grassland,Horornis fortipes,-0.5110731816951919,-1.2191150575722098,0.12427043883456758,FALSE
landcover_grassland,Hypsipetes leucocephalus,-0.10064568517689304,-1.1529600775193276,0.7871138283230477,FALSE
landcover_grassland,Ixobrychus sinensis,-0.009551174657119464,-0.6835449502318852,0.6737676916797911,FALSE
landcover_grassland,Ixos mcclellandii,-0.20368445702796192,-1.0181361916275429,0.5853446563939347,FALSE
landcover_grassland,Lanius cristatus,0.21685350042860058,-0.2618666054979243,0.6486652567718044,FALSE
landcover_grassland,Lanius schach,-0.3005945302556989,-0.8510401020951798,0.1607699766055627,FALSE
landcover_grassland,Lanius sphenocercus,-0.21678606093190247,-0.6204953200659243,0.1882444340594347,FALSE
landcover_grassland,Lanius tephronotus,-1.8239716927543332,-2.386198871719403,-1.2512482401059735,TRUE
landcover_grassland,Leiothrix lutea,-0.11224657129754563,-0.7559099617506486,0.4470291015044603,FALSE
landcover_grassland,Lonchura punctulata,-0.18547549346043024,-1.0272093399898428,0.647153668708935,FALSE
landcover_grassland,Lonchura striata,-0.20143174692901528,-1.024555807275304,0.5940270469604378,FALSE
landcover_grassland,Mareca falcata,-0.01473448709406185,-0.503226885654264,0.4222892185875435,FALSE
landcover_grassland,Mareca penelope,-0.06625812737541018,-0.48516175016700186,0.35310388839544354,FALSE
landcover_grassland,Mareca strepera,0.15555801666844982,-0.3990265892136073,0.7359535811302444,FALSE
landcover_grassland,Mergus merganser,-0.26094063601020706,-1.5605842166309802,0.5790597450819658,FALSE
landcover_grassland,Milvus migrans,0.11785261219035861,-0.1443602032050872,0.40759641307008554,FALSE
landcover_grassland,Monticola solitarius,-0.021317163507586008,-0.507506812868302,0.45150942879263395,FALSE
landcover_grassland,Motacilla alba,-0.4275118960969499,-0.83135636976798,-0.021768483911595266,TRUE
landcover_grassland,Motacilla cinerea,0.23310434034366664,-0.12633422780045014,0.6677389776072644,FALSE
landcover_grassland,Motacilla citreola,0.06420990376243933,-0.41274023387421416,0.5440641928528201,FALSE
landcover_grassland,Motacilla tschutschensis,0.35931391492967923,-0.004324799930330712,0.7268525176698749,FALSE
landcover_grassland,Muscicapa sibirica,0.833804075697196,0.3319480719464707,1.4802564972345928,TRUE
landcover_grassland,Myophonus caeruleus,-0.10896129866634467,-0.814716576728273,0.5599312543040691,FALSE
landcover_grassland,Nycticorax nycticorax,0.11789084849659166,-0.19440407480405966,0.4444321091814459,FALSE
landcover_grassland,Oriolus chinensis,-0.3895990241227084,-1.1555190586594732,0.4708176785096769,FALSE
landcover_grassland,Pardaliparus venustulus,-0.5695765331350973,-1.0113483800018446,-0.13883614267225522,TRUE
landcover_grassland,Parus minor,-0.228783619997871,-0.5071186260866439,0.039237799495567126,FALSE
landcover_grassland,Parus monticolus,-0.13345013296721409,-0.5785010419410876,0.25284617707336976,FALSE
landcover_grassland,Passer cinnamomeus,-0.02540968234938204,-0.3871101799977219,0.30547909171863746,FALSE
landcover_grassland,Passer montanus,-0.3755904790491031,-0.8317354120492133,0.11093695415829438,FALSE
landcover_grassland,Pericrocotus solaris,-0.05510779498077721,-0.9611497054858134,0.7687602239209923,FALSE
landcover_grassland,Periparus ater,-0.41701247516059065,-0.6961732645442394,-0.12242735449161005,TRUE
landcover_grassland,Pernis ptilorhynchus,-0.029108677014999397,-0.31145551375430114,0.26389179361691667,FALSE
landcover_grassland,Phalacrocorax carbo,0.4163346555702753,-0.01534537977472124,0.9161616388883541,FALSE
landcover_grassland,Phasianus colchicus,-0.10833208974391705,-0.4465283219317443,0.235720331146854,FALSE
landcover_grassland,Phoenicurus auroreus,0.032346326627835285,-0.37275870850507026,0.412841257315359,FALSE
landcover_grassland,Phoenicurus frontalis,-1.5979876315071457,-2.1892522299898824,-1.00331347133914,TRUE
landcover_grassland,Phoenicurus fuliginosus,-0.5989504342895053,-1.3184236194910384,-0.04708732215727865,TRUE
landcover_grassland,Phoenicurus ochruros,-0.9058051139426059,-1.3135356089878962,-0.4840357045842852,TRUE
landcover_grassland,Phylloscopus fuscatus,0.09986406304610286,-0.25334793804477146,0.5148443545193844,FALSE
landcover_grassland,Phylloscopus humei,-0.4625626664062569,-1.0679957425593511,0.08024571065235796,FALSE
landcover_grassland,Phylloscopus inornatus,0.5369005057670793,0.09578878018700464,1.0639756126872462,TRUE
landcover_grassland,Phylloscopus proregulus,0.4607273056134798,-0.16846046547033383,1.159630025185784,FALSE
landcover_grassland,Pica serica,0.030334028650693838,-0.2929919254042089,0.33480655784017,FALSE
landcover_grassland,Picoides canicapillus,-0.5198499105964786,-0.9933614770122917,-0.0279405928940045,TRUE
landcover_grassland,Picumnus innominatus,-0.18288243618678318,-1.0641067423789128,0.5644543384405979,FALSE
landcover_grassland,Picus canus,-0.0807514767561397,-0.38337139830783923,0.2547253030105427,FALSE
landcover_grassland,Platalea leucorodia,0.2568912218232149,-0.10614943262030475,0.6118436369140698,FALSE
landcover_grassland,Podiceps cristatus,0.20713976374179835,-0.26429099857498145,0.7385424171405423,FALSE
landcover_grassland,Pomatorhinus ruficollis,-0.21914266102871807,-1.2149772682307378,0.6715776670443335,FALSE
landcover_grassland,Prinia flaviventris,-0.05417446611660238,-0.9443802464495712,0.9350966268770585,FALSE
landcover_grassland,Prinia inornata,-0.303103189797193,-1.1971549021098495,0.4976835858840462,FALSE
landcover_grassland,Psilopogon virens,-0.23351001794994358,-1.1163451856356437,0.6276335878050191,FALSE
landcover_grassland,Pterorhinus sannio,-0.33016948722159306,-0.9998338664346295,0.25517481193757424,FALSE
landcover_grassland,Ptyonoprogne rupestris,-0.42547141453716686,-1.0406100400224367,0.2240471846013616,FALSE
landcover_grassland,Pycnonotus aurigaster,-0.02965157993570345,-0.9595280562863266,0.8555758546463385,FALSE
landcover_grassland,Pycnonotus jocosus,-0.1510865986583838,-0.9275301001842882,0.6779637289719342,FALSE
landcover_grassland,Pycnonotus sinensis,-0.46634953125919076,-0.8000093996985459,-0.12252896349813931,TRUE
landcover_grassland,Pycnonotus xanthorrhous,-0.32255461442479827,-0.9470311292458743,0.17328212548586341,FALSE
landcover_grassland,Pyrrhocorax pyrrhocorax,-0.6833641654050387,-1.0446566780328697,-0.3110977907718146,TRUE
landcover_grassland,Recurvirostra avosetta,0.35039698441408235,0.016547035834158664,0.7284098738787024,TRUE
landcover_grassland,Regulus regulus,-0.4622303045300228,-0.7791405262691921,-0.14734594811356166,TRUE
landcover_grassland,Riparia diluta,-0.0037177857000460714,-0.35032345504918183,0.36921985006669716,FALSE
landcover_grassland,Riparia riparia,0.25480215136639894,-0.2535360158864257,0.8346636806179387,FALSE
landcover_grassland,Saxicola ferreus,-0.23613732332987772,-1.025100388949756,0.49693110291772313,FALSE
landcover_grassland,Saxicola maurus,-0.18967820264502472,-0.7410594652846966,0.3605665536196117,FALSE
landcover_grassland,Saxicola stejnegeri,0.26065703941480767,-0.27989885586933577,0.8962972037123403,FALSE
landcover_grassland,Sinosuthora webbiana,-0.9911402460075414,-1.3975051639869343,-0.6188840006798466,TRUE
landcover_grassland,Sitta europaea,-0.022989543161563066,-0.22056885817680574,0.15907632609457634,FALSE
landcover_grassland,Spatula clypeata,0.6490167053931564,0.18822495100762401,1.194448232530003,TRUE
landcover_grassland,Spilopelia chinensis,-0.14359222203299774,-0.47465147930495205,0.20417419659512637,FALSE
landcover_grassland,Spizixos semitorques,-0.47196346483748086,-0.950906846167789,-0.05167795651677069,TRUE
landcover_grassland,Spodiopsar cineraceus,-0.1627299647789515,-0.6316443460723012,0.2760437465805578,FALSE
landcover_grassland,Spodiopsar sericeus,-0.6067590477960805,-1.2806017333806585,-0.023227669363004442,TRUE
landcover_grassland,Stachyridopsis ruficeps,-0.15236748326295768,-0.9779024023021763,0.6799330700195257,FALSE
landcover_grassland,Sterna hirundo,0.1593049663373464,-0.30594796618020104,0.7004853285485195,FALSE
landcover_grassland,Streptopelia decaocto,-0.586304360519241,-0.8907336452316208,-0.2651237443096874,TRUE
landcover_grassland,Streptopelia orientalis,0.2383447262518966,-0.11041796227740701,0.6308588003682137,FALSE
landcover_grassland,Tachybaptus ruficollis,0.1888137665092568,-0.1525712455016669,0.5067440375828988,FALSE
landcover_grassland,Tadorna ferruginea,0.043289693384114404,-0.4320040541094325,0.5292709005756996,FALSE
landcover_grassland,Tadorna tadorna,0.3284638547008684,-0.04601692615602653,0.743471139759703,FALSE
landcover_grassland,Tarsiger cyanurus,-0.19313268433952466,-0.6355574769343455,0.2579409247612027,FALSE
landcover_grassland,Tringa erythropus,0.3667032743103637,0.010695997424524283,0.7442180156538305,TRUE
landcover_grassland,Tringa glareola,0.49731143498705666,0.13359729701785492,0.9680726284392878,TRUE
landcover_grassland,Tringa nebularia,0.2036159569250098,-0.14347292643553008,0.5412377832391714,FALSE
landcover_grassland,Tringa ochropus,0.1342161238180427,-0.24619416558738644,0.6157841436267376,FALSE
landcover_grassland,Tringa totanus,0.2090544498693672,-0.10174864276425427,0.5727160299533772,FALSE
landcover_grassland,Trochalopteron elliotii,-0.5598635230513983,-0.9949821032696263,-0.17919099022329324,TRUE
landcover_grassland,Troglodytes troglodytes,-0.19442038576813422,-0.6711663871380307,0.6917408572536716,FALSE
landcover_grassland,Turdus eunomus,-0.4541584766201846,-0.9292166538752075,0.0042173551191695075,FALSE
landcover_grassland,Turdus hortulorum,-0.16366361580672506,-0.6072732683721266,0.2729772163811811,FALSE
landcover_grassland,Turdus mandarinus,-0.21903179453803762,-0.5830857053885103,0.1417381144524313,FALSE
landcover_grassland,Turdus naumanni,-0.4392381295992211,-0.9437270257133612,0.03698889274160018,FALSE
landcover_grassland,Upupa epops,-0.17624141662030582,-1.0222386325073785,0.5408839964128145,FALSE
landcover_grassland,Urocissa erythroryncha,-0.5499512586512324,-1.006607028062396,-0.09527227128160154,TRUE
landcover_grassland,Vanellus cinereus,0.15461859905508082,-0.3470126518342526,0.6835547045085497,FALSE
landcover_grassland,Vanellus vanellus,0.3621176551562791,0.06356704450624054,0.6717639245638206,TRUE
landcover_grassland,Yungipicus canicapillus,-0.2792221964212527,-0.7095310245697724,0.10203922442320665,FALSE
landcover_grassland,Zosterops simplex,-0.4479048786785633,-1.1441521829002759,0.17984730590903836,FALSE
landcover_shrubs,Abroscopus albogularis,-0.21623158292783431,-0.8516375611695217,0.30062057205204495,FALSE
landcover_shrubs,Accipiter nisus,-0.36943615002629365,-0.9558302952278689,0.3881083427496894,FALSE
landcover_shrubs,Accipiter soloensis,-0.11976590778377148,-0.6807847925858543,0.3684179015935608,FALSE
landcover_shrubs,Accipiter trivirgatus,-0.17460297656799872,-0.7782216470008294,0.4061875427083103,FALSE
landcover_shrubs,Accipiter virgatus,-0.1780298575088485,-0.846292322798566,0.403278640790358,FALSE
landcover_shrubs,Acridotheres cristatellus,-0.008070506857462157,-0.40061180575136357,0.3383226767351455,FALSE
landcover_shrubs,Acrocephalus orientalis,-0.049819593968528246,-0.4386159929788421,0.3380319016571828,FALSE
landcover_shrubs,Actitis hypoleucos,0.3389724510832312,-0.09243521994765622,0.9544536024479102,FALSE
landcover_shrubs,Aegithalos concinnus,-0.31683704563382936,-0.907100029973686,0.17954871171707792,FALSE
landcover_shrubs,Aegithalos glaucogularis,-1.075096190795891,-1.646994160145972,-0.6211973289589434,TRUE
landcover_shrubs,Aethopyga christinae,-0.16865329966587397,-0.8553808083998214,0.4236548303962216,FALSE
landcover_shrubs,Aix galericulata,-0.0863360902164557,-0.3922140738435618,0.3225895961108393,FALSE
landcover_shrubs,Alauda arvensis,-0.077319902491953807,-0.5359441708871302,0.49523884744440705,FALSE
landcover_shrubs,Alauda gulgula,-0.5722675556964683,-1.1185060755889056,-0.1301560688647926,TRUE
landcover_shrubs,Alcedo atthis,-0.036766732775989644,-0.31755864833114816,0.27640823897970707,FALSE
landcover_shrubs,Amaurornis phoenicurus,0.03808640158656477,-0.46931984676683036,0.49908681612130196,FALSE
landcover_shrubs,Anas acuta,-0.07943749088088392,-0.4066346502687891,0.33710025085114664,FALSE
landcover_shrubs,Anas carolinensis,-0.1767350131653043,-0.3947782504520541,0.06425989880225648,FALSE
landcover_shrubs,Anas platyrhynchos,0.07491428057697067,-0.2777145991458461,0.6105199935308444,FALSE
landcover_shrubs,Anas zonorhyncha,-0.19429914722897815,-0.4774621018090176,0.0943649802036352,FALSE
landcover_shrubs,Anser anser,-0.06747989536834417,-0.39655334002947623,0.3210607820829389,FALSE
landcover_shrubs,Anthus hodgsoni,0.27272093269542574,0.03633584826501872,0.5418477697286925,TRUE
landcover_shrubs,Anthus richardi,0.1361726070725161,-0.18072242226765114,0.5367107254293901,FALSE
landcover_shrubs,Anthus roseatus,-0.1944769645154356,-0.7715039886867467,0.3519937388580716,FALSE
landcover_shrubs,Anthus rubescens,-0.1221154097455575,-0.609562843950457,0.3785368475825291,FALSE
landcover_shrubs,Anthus spinoletta,-0.2207282444353335,-0.7292118059713409,0.34382733059159676,FALSE
landcover_shrubs,Apus apus,0.06009651695249286,-0.38478962594254623,0.6561553901768126,FALSE
landcover_shrubs,Apus nipalensis,-0.1309756388215803,-0.8333289548090258,0.4766958262260525,FALSE
landcover_shrubs,Apus pacificus,0.17184872367639667,-0.19566681963401014,0.6547922773329893,FALSE
landcover_shrubs,Aquila chrysaetos,-0.09776790681601877,-0.5935561153716153,0.4246294626457306,FALSE
landcover_shrubs,Ardea alba,0.45995764973828634,0.0033892940892371283,1.1713798739493062,TRUE
landcover_shrubs,Ardea cinerea,-0.037306505505739405,-0.2300800574542677,0.1984339090703528,FALSE
landcover_shrubs,Ardeola bacchus,-0.1418331538673288,-0.44183783747950456,0.16372489002721863,FALSE
landcover_shrubs,Athene noctua,-0.17087034684259336,-0.7145149656673864,0.4136473389832561,FALSE
landcover_shrubs,Aythya ferina,-0.14579476304888211,-0.47249170743685776,0.2787806825915141,FALSE
landcover_shrubs,Aythya fuligula,0.10947864907236737,-0.21783766187009912,0.6116849399960991,FALSE
landcover_shrubs,Aythya nyroca,0.12366169494271932,-0.2391653370794227,0.5404907756533432,FALSE
landcover_shrubs,Bambusicola thoracicus,-0.3592393719140772,-1.0261179678628136,0.18076234679492173,FALSE
landcover_shrubs,Bubulcus coromandus,0.30058167412508013,0.0010686253511121128,0.6408492221958357,TRUE
landcover_shrubs,Buteo hemilasius,0.04394173755196096,-0.23569411847869298,0.3984430435027433,FALSE
landcover_shrubs,Buteo japonicus,0.1043732558699076,-0.24951849219373606,0.5310503454764456,FALSE
landcover_shrubs,Butorides striata,0.07806189930394217,-0.34624303077398066,0.6116679204311747,FALSE
landcover_shrubs,Carpodacus erythrinus,-0.12760828156085094,-0.42439053595533,0.22301151499366198,FALSE
landcover_shrubs,Cecropis daurica,0.11394661263988809,-0.18683880700277747,0.5738741890289217,FALSE
landcover_shrubs,Ceryle rudis,-0.31787651373010395,-0.905624301360721,0.1892979327383655,FALSE
landcover_shrubs,Chaimarrornis leucocephalus,-0.7048092824757598,-1.3067274891100975,-0.21201000268176606,TRUE
landcover_shrubs,Charadrius alexandrinus,-0.34811028790496984,-0.6302004658057131,-0.09440662241474816,TRUE
landcover_shrubs,Charadrius dubius,0.23209891265742422,-0.15960091914951657,0.7862892444570564,FALSE
landcover_shrubs,Chlidonias hybrida,-0.2825607133680302,-0.5454622319445157,-0.0450675815215959,TRUE
landcover_shrubs,Chloris sinica,-0.05946882137967476,-0.41370228935049946,0.2942215128512709,FALSE
landcover_shrubs,Chroicocephalus ridibundus,-0.2015967793710858,-0.41887444224483084,0.019681690029492323,FALSE
landcover_shrubs,Cinclus pallasii,-0.15935689314300647,-0.4979307967673364,0.10168141136941691,FALSE
landcover_shrubs,Circus cyaneus,0.027586405827574004,-0.38877664243561855,0.5973747984334196,FALSE
landcover_shrubs,Circus spilonotus,-0.07974940053850776,-0.3006056747006114,0.15358759527279275,FALSE
landcover_shrubs,Cisticola juncidis,0.21109175767733526,-0.3013294028640914,0.7237879920287064,FALSE
landcover_shrubs,Columba livia,0.07637382889614322,-0.18740438262607118,0.4680341986844151,FALSE
landcover_shrubs,Columba rupestris,-0.1138004185035292,-0.39196209110499164,0.19798748221582405,FALSE
landcover_shrubs,Copsychus saularis,-0.15645812151130264,-0.819550957766974,0.4311516619563938,FALSE
landcover_shrubs,Corvus corax,0.185446580034318,-0.18042330459562653,0.609866554355923,FALSE
landcover_shrubs,Corvus corone,0.15290584080933142,-0.1684942097092891,0.6748296516958898,FALSE
landcover_shrubs,Corvus macrorhynchos,-0.10238156525853213,-0.2588380803667039,0.0595866198518206,FALSE
landcover_shrubs,Cuculus canorus,0.017702596907196198,-0.4663906018737003,0.6115906937390339,FALSE
landcover_shrubs,Cuculus micropterus,-0.009423063577920924,-0.5054727454172604,0.5262034317780896,FALSE
landcover_shrubs,Cuculus sparverioides,-0.24166951557866817,-0.8447352734348548,0.3119128671039662,FALSE
landcover_shrubs,Culicicapa ceylonensis,-0.2244713780718097,-0.7676741122463165,0.2478133407595509,FALSE
landcover_shrubs,Cyanopica cyanus,-0.4919777840677313,-0.7335127335930163,-0.24653884103262486,TRUE
landcover_shrubs,Delichon dasypus,-0.39528541099132614,-0.8648491054706863,0.013087658376992453,FALSE
landcover_shrubs,Dendrocitta formosae,-0.056522003547793,-0.7407122603503782,0.5339635035679439,FALSE
landcover_shrubs,Dendrocopos major,-0.05472031481172855,-0.3845734887311378,0.40548992155147856,FALSE
landcover_shrubs,Dicrurus hottentottus,-0.14396876934652855,-0.8095247744314688,0.38949330352400935,FALSE
landcover_shrubs,Dicrurus leucophaeus,-0.2390126083982933,-0.9052236909847242,0.3285657656918717,FALSE
landcover_shrubs,Dicrurus macrocercus,-0.43197670519530856,-1.0014572196684792,0.06555239350778862,FALSE
landcover_shrubs,Egretta garzetta,-0.03201866659319796,-0.27282989350485487,0.24793370098703058,FALSE
landcover_shrubs,Elanus caeruleus,-0.18800163335132095,-0.8154846102929981,0.31208538202936453,FALSE
landcover_shrubs,Emberiza cioides,0.24456317797365193,-0.29120604979028875,0.8524126911631931,FALSE
landcover_shrubs,Emberiza elegans,-0.1768030622653784,-0.5009990607621024,0.1514133338148642,FALSE
landcover_shrubs,Emberiza godlewskii,-0.8501849943214023,-1.4380911821560418,-0.17760153615384847,TRUE
landcover_shrubs,Emberiza pusilla,-0.025448708944743208,-0.46755631151136473,0.44333329716797915,FALSE
landcover_shrubs,Emberiza spodocephala,-0.05523048750540035,-0.28514237564614203,0.23325773456878415,FALSE
landcover_shrubs,Enicurus leschenaulti,-0.2951582822443892,-0.8964639066563724,0.22494069833724314,FALSE
landcover_shrubs,Eophona migratoria,-0.430616963620618,-0.9010544526102968,-0.03805831489210576,TRUE
landcover_shrubs,Eremophila alpestris,-0.3613043828461655,-0.8023678789554408,-0.004464011684547717,TRUE
landcover_shrubs,Eudynamys scolopaceus,-0.08126946112550293,-0.6656654644944023,0.4546327715497589,FALSE
landcover_shrubs,Eumyias thalassinus,-0.13211876508516474,-0.7983816743161694,0.46936810279342833,FALSE
landcover_shrubs,Falco amurensis,-0.01796669607684409,-0.21160427382234348,0.23401094960651708,FALSE
landcover_shrubs,Falco peregrinus,-0.48747005040384705,-0.9173737636636055,-0.07500344131865509,TRUE
landcover_shrubs,Falco subbuteo,0.27112358510765067,-0.14105860923609231,0.9194340379850121,FALSE
landcover_shrubs,Falco tinnunculus,0.125431568007516,-0.28141985538827596,0.6959752590561908,FALSE
landcover_shrubs,Ficedula albicilla,0.4128812747917527,0.02020602579009645,0.8667542331854748,TRUE
landcover_shrubs,Fringilla montifringilla,0.022177856630457515,-0.3247899942418193,0.49282888221648646,FALSE
landcover_shrubs,Fulica atra,-0.00994568086313036,-0.1981138130242746,0.2101445245806034,FALSE
landcover_shrubs,Gallinago gallinago,0.1762969314047166,-0.12402569507535173,0.5605580407339227,FALSE
landcover_shrubs,Gallinula chloropus,-0.2155084084695654,-0.5292790505219839,0.16643660922225048,FALSE
landcover_shrubs,Garrulax canorus,-0.21929563682970538,-0.8255319978608012,0.2597221831842235,FALSE
landcover_shrubs,Garrulus glandarius,0.02785184338850271,-0.1677640976502837,0.272151896305517,FALSE
landcover_shrubs,Gracupica nigricollis,-0.22380429223242942,-0.8713060096773488,0.3223001773447035,FALSE
landcover_shrubs,Gyps himalayensis,-0.2871765803556301,-1.0716977658419282,0.3359503368396195,FALSE
landcover_shrubs,Halcyon smyrnensis,-0.12629821803893584,-0.8028511435107945,0.5017904676578012,FALSE
landcover_shrubs,Hemixos castanonotus,-0.13323344352000283,-0.7918136627351848,0.45277109866482984,FALSE
landcover_shrubs,Himantopus himantopus,-0.07429161909771459,-0.3070984764670609,0.2496166293004711,FALSE
landcover_shrubs,Hirundo rustica,0.6381922922138085,0.15687301725376898,1.29545017918855,TRUE
landcover_shrubs,Horornis fortipes,-0.24480416249485107,-0.9492907102782312,0.22617685203972027,FALSE
landcover_shrubs,Hypsipetes leucocephalus,-0.11500725166706295,-0.8168961088319775,0.5036971665192619,FALSE
landcover_shrubs,Ixobrychus sinensis,-0.04193335473614386,-0.46507937795613385,0.46663560614316824,FALSE
landcover_shrubs,Ixos mcclellandii,-0.12873432657416156,-0.7992269730927727,0.451976884300541,FALSE
landcover_shrubs,Lanius cristatus,0.14197512103566326,-0.25987917785813675,0.5415513279117327,FALSE
landcover_shrubs,Lanius schach,0.1667499005477201,-0.12336204405054303,0.48521177872899657,FALSE
landcover_shrubs,Lanius sphenocercus,-0.2652239290142503,-0.5234390511362771,0.01477235405212512,FALSE
landcover_shrubs,Lanius tephronotus,-0.6511964233576928,-1.6415671308625257,0.09714795906221455,FALSE
landcover_shrubs,Leiothrix lutea,-0.33218475594049113,-0.9830994158542125,0.18580814610878355,FALSE
landcover_shrubs,Lonchura punctulata,-0.1476868786395181,-0.832608240231687,0.48357011674910283,FALSE
landcover_shrubs,Lonchura striata,-0.1617696732068873,-0.8942097589118068,0.4284980142862587,FALSE
landcover_shrubs,Mareca falcata,-0.1696023865189699,-0.44426309584291934,0.1309038088860846,FALSE
landcover_shrubs,Mareca penelope,-0.2229638839421098,-0.5241457637590989,0.08051215891981663,FALSE
landcover_shrubs,Mareca strepera,-0.11560979604424018,-0.4389430837772441,0.2948443250945441,FALSE
landcover_shrubs,Mergus merganser,0.13325896910065313,-0.34672613878075065,0.7328094393240709,FALSE
landcover_shrubs,Milvus migrans,0.2726055667266152,-0.052375042360637954,0.7437052336099994,FALSE
landcover_shrubs,Monticola solitarius,0.14911911424296873,-0.2698836147472972,0.5220192524295973,FALSE
landcover_shrubs,Motacilla alba,0.20183986291478986,-0.15217592509102765,0.6870525235952103,FALSE
landcover_shrubs,Motacilla cinerea,0.4917929685138603,-0.0011319079313922003,1.087948347428445,FALSE
landcover_shrubs,Motacilla citreola,0.09946711014855318,-0.2593736708874594,0.5614816066853078,FALSE
landcover_shrubs,Motacilla tschutschensis,0.17028901868977311,-0.22714420791019013,0.6623708011768883,FALSE
landcover_shrubs,Muscicapa sibirica,-0.05128997000627507,-0.528327905405593,0.502899980216342,FALSE
landcover_shrubs,Myophonus caeruleus,0.05835804573340043,-0.40018346387725173,0.4304282936525514,FALSE
landcover_shrubs,Nycticorax nycticorax,-0.2782017779446062,-0.5839452418087211,0.08406156010352621,FALSE
landcover_shrubs,Oriolus chinensis,-0.17091329395164517,-0.6935483833678936,0.4190490974710664,FALSE
landcover_shrubs,Pardaliparus venustulus,-0.20616622601646226,-0.5516495189748984,0.11806645140153813,FALSE
landcover_shrubs,Parus minor,-0.13502025312039903,-0.3509305641768807,0.10290082534580158,FALSE
landcover_shrubs,Parus monticolus,-0.6021106811149627,-1.2786842064203985,-0.136738389088371,TRUE
landcover_shrubs,Passer cinnamomeus,-0.045111402644312106,-0.35775959727550266,0.2472447759417175,FALSE
landcover_shrubs,Passer montanus,0.09568537569936597,-0.36005090296978953,0.6985342855893619,FALSE
landcover_shrubs,Pericrocotus solaris,-0.1075037978116682,-0.7909818274336455,0.5598565459029776,FALSE
landcover_shrubs,Periparus ater,-0.06971662254185183,-0.3788064533393038,0.4085257319717887,FALSE
landcover_shrubs,Pernis ptilorhynchus,0.15728930028915636,-0.1151773661072273,0.5118061735182208,FALSE
landcover_shrubs,Phalacrocorax carbo,0.14845531155106978,-0.1515539467223282,0.5385188003240069,FALSE
landcover_shrubs,Phasianus colchicus,-0.4318021045992946,-0.6920058181976966,-0.09383202118997426,TRUE
landcover_shrubs,Phoenicurus auroreus,0.15523049311412734,-0.0979954745271249,0.5368501476488555,FALSE
landcover_shrubs,Phoenicurus frontalis,-0.6155808493105901,-1.251118303861194,-6.766370496340767e-4,TRUE
landcover_shrubs,Phoenicurus fuliginosus,-0.3914430474344622,-0.9613823858960903,0.03722100152667494,FALSE
landcover_shrubs,Phoenicurus ochruros,-0.053530454424584685,-0.4080387938175164,0.2893019812894515,FALSE
landcover_shrubs,Phylloscopus fuscatus,0.4692017855389596,0.11635903467595894,0.8890908896279313,TRUE
landcover_shrubs,Phylloscopus humei,-0.02004933202214958,-0.3521376703319076,0.3995505664309306,FALSE
landcover_shrubs,Phylloscopus inornatus,-0.15537652856450082,-0.5907459882706099,0.38292992919200924,FALSE
landcover_shrubs,Phylloscopus proregulus,-0.414000978574719,-0.9748197576374588,0.27092004505578055,FALSE
landcover_shrubs,Pica serica,0.015531393570135131,-0.2958444452719375,0.27598025258402115,FALSE
landcover_shrubs,Picoides canicapillus,-0.23060660134586364,-0.5529478037638264,0.08133901022774882,FALSE
landcover_shrubs,Picumnus innominatus,-0.12705356638490017,-0.7978779098737202,0.546110494843246,FALSE
landcover_shrubs,Picus canus,-0.06998203804775317,-0.3647748240682792,0.27841168541987343,FALSE
landcover_shrubs,Platalea leucorodia,0.2647060233400278,-0.005304938948620291,0.5444953320551642,FALSE
landcover_shrubs,Podiceps cristatus,-0.008208301321148635,-0.28521159116265077,0.3663781610977279,FALSE
landcover_shrubs,Pomatorhinus ruficollis,-0.1785126496917456,-0.8559664067590772,0.43046750985540483,FALSE
landcover_shrubs,Prinia flaviventris,0.06325222530973554,-0.5469412500101809,0.6905564378903924,FALSE
landcover_shrubs,Prinia inornata,-0.2044128040309282,-0.8707442667879646,0.3909974365655785,FALSE
landcover_shrubs,Psilopogon virens,-0.029456514096666504,-0.6521213992975452,0.5182831081420064,FALSE
landcover_shrubs,Pterorhinus sannio,-0.3207083190696406,-0.957766297932668,0.16196315511192505,FALSE
landcover_shrubs,Ptyonoprogne rupestris,-0.3468981859290061,-0.8451817611383091,0.1472683973327819,FALSE
landcover_shrubs,Pycnonotus aurigaster,-0.07098157714188993,-0.7439852136105101,0.580145213123071,FALSE
landcover_shrubs,Pycnonotus jocosus,-0.15789116144806714,-0.7831222604390363,0.43704288529954316,FALSE
landcover_shrubs,Pycnonotus sinensis,0.08983124815651804,-0.16313822077156614,0.3987301602552443,FALSE
landcover_shrubs,Pycnonotus xanthorrhous,-0.387259528518104,-0.9314676816951125,0.10372127385721337,FALSE
landcover_shrubs,Pyrrhocorax pyrrhocorax,-0.5370437908460038,-1.128004612887889,-0.13670994150511312,TRUE
landcover_shrubs,Recurvirostra avosetta,-0.1384954014048124,-0.3774650064275811,0.10956296573503257,FALSE
landcover_shrubs,Regulus regulus,-0.11015681260178373,-0.4380606642157995,0.3452153347317663,FALSE
landcover_shrubs,Riparia diluta,-0.2131423010486214,-0.5177813685963036,0.1356676892812762,FALSE
landcover_shrubs,Riparia riparia,-0.25938532395169894,-0.6221116901974753,0.27165279853190094,FALSE
landcover_shrubs,Saxicola ferreus,-0.19057652946501122,-0.8196417655555834,0.37692569808565757,FALSE
landcover_shrubs,Saxicola maurus,0.02492303751066592,-0.35189756495479496,0.439651640745525,FALSE
landcover_shrubs,Saxicola stejnegeri,0.6070049399159048,-0.09171120911124965,1.242920749297532,FALSE
landcover_shrubs,Sinosuthora webbiana,-0.12744051200383724,-0.3897281945897561,0.14227346259374823,FALSE
landcover_shrubs,Sitta europaea,0.20229280738854485,-0.03553525355831623,0.5374948209655278,FALSE
landcover_shrubs,Spatula clypeata,0.215721016416818,-0.12425056736425975,0.6860210714494804,FALSE
landcover_shrubs,Spilopelia chinensis,-0.2419586284880853,-0.5525356226887957,0.02818144543951918,FALSE
landcover_shrubs,Spizixos semitorques,-0.6388244026856722,-1.2802034631906478,-0.13174093343176269,TRUE
landcover_shrubs,Spodiopsar cineraceus,-0.38562579585864476,-0.7379144124674739,0.0034739808562688716,FALSE
landcover_shrubs,Spodiopsar sericeus,-0.27569214234524164,-0.7923403510245072,0.21342134054492573,FALSE
landcover_shrubs,Stachyridopsis ruficeps,-0.1501044395647448,-0.7665388538402428,0.38938367475850155,FALSE
landcover_shrubs,Sterna hirundo,0.07750538396532636,-0.31603891456343347,0.47511561042811246,FALSE
landcover_shrubs,Streptopelia decaocto,-0.17251203640670365,-0.49271029518258674,0.3295368367927674,FALSE
landcover_shrubs,Streptopelia orientalis,-0.027108083097581538,-0.30618880556720646,0.4063268920936423,FALSE
landcover_shrubs,Tachybaptus ruficollis,-0.23266711186206396,-0.49260215103505395,0.02091760580690275,FALSE
landcover_shrubs,Tadorna ferruginea,0.057435644458709426,-0.2381390612318537,0.4597035974032107,FALSE
landcover_shrubs,Tadorna tadorna,-0.14380092942269934,-0.3421859342413597,0.07779720843716006,FALSE
landcover_shrubs,Tarsiger cyanurus,0.4556955722899306,0.14732486538288495,0.8517483571569956,TRUE
landcover_shrubs,Tringa erythropus,0.012385166138275961,-0.2235432680127795,0.35857017602887675,FALSE
landcover_shrubs,Tringa glareola,0.011886153996641542,-0.2243785878497268,0.2951955857304033,FALSE
landcover_shrubs,Tringa nebularia,-0.10298268856261296,-0.3195692407999669,0.1238025360343525,FALSE
landcover_shrubs,Tringa ochropus,-0.09780050657444352,-0.4423021068029118,0.2935746815622661,FALSE
landcover_shrubs,Tringa totanus,0.023852831361824804,-0.1744963288924031,0.24931840605615027,FALSE
landcover_shrubs,Trochalopteron elliotii,-1.0000737568784128,-1.7480145530408902,-0.46035940887649734,TRUE
landcover_shrubs,Troglodytes troglodytes,-0.5257135272067389,-1.0676704454985928,0.03702763013308515,FALSE
landcover_shrubs,Turdus eunomus,-0.16791764568032413,-0.5290539593246578,0.2858886995007484,FALSE
landcover_shrubs,Turdus hortulorum,0.04841270242976288,-0.3537881349219638,0.6450991837986522,FALSE
landcover_shrubs,Turdus mandarinus,0.0337158493655199,-0.31144526576022025,0.35165107004553364,FALSE
landcover_shrubs,Turdus naumanni,-0.4049197208096281,-0.7710516125984882,-0.009510525701085609,TRUE
landcover_shrubs,Upupa epops,-0.014349368787385122,-0.37769243311397405,0.5437103465417089,FALSE
landcover_shrubs,Urocissa erythroryncha,-0.37290561865193816,-0.8679440006638948,0.02255542580870239,FALSE
landcover_shrubs,Vanellus cinereus,-0.24594149493936143,-0.5912991058496386,0.10933472159582855,FALSE
landcover_shrubs,Vanellus vanellus,0.0793584912909496,-0.14746644672210352,0.3655282093317299,FALSE
landcover_shrubs,Yungipicus canicapillus,-0.05785849305345398,-0.4066577581129407,0.2564503668930326,FALSE
landcover_shrubs,Zosterops simplex,-0.1095845930388204,-0.6530407236347927,0.32725089783521105,FALSE
landcover_trees,Abroscopus albogularis,-0.9269340983336634,-1.6681679282249877,-0.27123818715466824,TRUE
landcover_trees,Accipiter nisus,-0.30496371852250836,-1.0351905345743524,0.5842137587387668,FALSE
landcover_trees,Accipiter soloensis,-0.1769004448051754,-0.7280797862623687,0.3609226475889245,FALSE
landcover_trees,Accipiter trivirgatus,-0.5266456619066585,-1.2509874899622042,0.17564472840371584,FALSE
landcover_trees,Accipiter virgatus,-0.22383509955552441,-0.8749685349418833,0.45452156600417803,FALSE
landcover_trees,Acridotheres cristatellus,-0.8063386863325922,-1.2062633115083927,-0.4080099554854626,TRUE
landcover_trees,Acrocephalus orientalis,0.11188769262969547,-0.4640379401937703,0.6643570067755534,FALSE
landcover_trees,Actitis hypoleucos,0.329258961960322,-0.2385160637199841,1.0136480979991014,FALSE
landcover_trees,Aegithalos concinnus,-1.0009523196725751,-1.6640558590667425,-0.3992976784797789,TRUE
landcover_trees,Aegithalos glaucogularis,-0.6638581974953762,-1.315140944576258,-0.14825327396652999,TRUE
landcover_trees,Aethopyga christinae,-0.40385713755120256,-1.1411377226842745,0.3728245525464618,FALSE
landcover_trees,Aix galericulata,-0.6076730585756348,-1.1232179641673155,-0.029742607976465302,TRUE
landcover_trees,Alauda arvensis,-0.4057678354128598,-0.9828558714597082,0.2092178330326503,FALSE
landcover_trees,Alauda gulgula,-0.7321405905538322,-1.171573236948282,-0.305888140305365,TRUE
landcover_trees,Alcedo atthis,-0.7029078883895652,-1.199562159479861,-0.26701705820427557,TRUE
landcover_trees,Amaurornis phoenicurus,-0.301991442823365,-0.8281271490162525,0.19692112098760195,FALSE
landcover_trees,Anas acuta,-0.2271091751635108,-0.6792303281633693,0.24903281363526233,FALSE
landcover_trees,Anas carolinensis,-0.46039239918301295,-0.8826534999427382,-0.04347667710880357,TRUE
landcover_trees,Anas platyrhynchos,-0.0927536194102199,-0.6503649661733424,0.6362363289043454,FALSE
landcover_trees,Anas zonorhyncha,-0.3567548287666417,-0.7859970560620165,0.14493760261480235,FALSE
landcover_trees,Anser anser,-0.49432285698550166,-0.9634019560908104,0.020222395638003897,FALSE
landcover_trees,Anthus hodgsoni,-0.1554280182029324,-0.5034037123115382,0.17921211552997415,FALSE
landcover_trees,Anthus richardi,0.04089920948912117,-0.48829113692008547,0.5664298082072586,FALSE
landcover_trees,Anthus roseatus,-0.7806542546271675,-1.4400781829176534,-0.1558924670374622,TRUE
landcover_trees,Anthus rubescens,-0.3648035016752097,-1.0243732588249028,0.24824866180120547,FALSE
landcover_trees,Anthus spinoletta,-0.6493045101125816,-1.3811704651595988,0.22457938109872494,FALSE
landcover_trees,Apus apus,-0.9558575846435967,-1.498286600000843,-0.44179016701536816,TRUE
landcover_trees,Apus nipalensis,-0.41848555599320475,-1.0872471221844002,0.25068698689821645,FALSE
landcover_trees,Apus pacificus,-0.6255520999908599,-1.2754547063981854,-0.043635520196712074,TRUE
landcover_trees,Aquila chrysaetos,-0.5967956864325724,-1.1165131540021465,-0.05893274086863664,TRUE
landcover_trees,Ardea alba,0.20150936760279956,-0.3034373994936812,0.8238508897083127,FALSE
landcover_trees,Ardea cinerea,-0.05398087850569199,-0.44573561775690823,0.376662774613072,FALSE
landcover_trees,Ardeola bacchus,-0.2911240900749912,-0.651944185747589,0.07311119291546496,FALSE
landcover_trees,Athene noctua,-0.759268889798101,-1.4863456417027459,-0.05669740924561122,TRUE
landcover_trees,Aythya ferina,-0.5042864103078352,-1.0525027324377445,0.0877982110080472,FALSE
landcover_trees,Aythya fuligula,-0.1863183864795556,-0.6905626164956162,0.40427723920859987,FALSE
landcover_trees,Aythya nyroca,-0.5044446147274197,-1.0205205311096979,0.03909093945297136,FALSE
landcover_trees,Bambusicola thoracicus,-1.032507592940669,-1.7799848265284153,-0.3827611727746006,TRUE
landcover_trees,Bubulcus coromandus,-0.38322762755777995,-0.7751911640426541,-0.015836226095774845,TRUE
landcover_trees,Buteo hemilasius,-0.32890825485223396,-0.7115215687706256,0.0696161880084709,FALSE
landcover_trees,Buteo japonicus,-0.2744772367298101,-0.7517792042176608,0.20532234231885513,FALSE
landcover_trees,Butorides striata,0.2510213318693374,-0.2742565657547647,0.7272196330912626,FALSE
landcover_trees,Carpodacus erythrinus,0.19139047904727213,-0.24573485977533885,0.6293800326970562,FALSE
landcover_trees,Cecropis daurica,-0.2605251062241044,-0.7055166980748341,0.17351460776011815,FALSE
landcover_trees,Ceryle rudis,-0.9846166077514708,-1.61749584887555,-0.4366847354536725,TRUE
landcover_trees,Chaimarrornis leucocephalus,-1.170758296793694,-1.7795459582176048,-0.6576614925867762,TRUE
landcover_trees,Charadrius alexandrinus,0.13670519434655626,-0.2311692575312105,0.5186103571877273,FALSE
landcover_trees,Charadrius dubius,0.2540169583295313,-0.26324437762846115,0.8093062506391647,FALSE
landcover_trees,Chlidonias hybrida,0.05278996697643753,-0.5060260477623977,0.5913162516645687,FALSE
landcover_trees,Chloris sinica,-0.17495079776257014,-0.7228194216811799,0.4081266215833441,FALSE
landcover_trees,Chroicocephalus ridibundus,-0.1432478541094922,-0.5416468838787565,0.2678749000242151,FALSE
landcover_trees,Cinclus pallasii,-0.3312819111571789,-0.6616652339690221,0.02236712311247632,FALSE
landcover_trees,Circus cyaneus,0.2464810343653453,-0.3881554382321904,0.9453994834112747,FALSE
landcover_trees,Circus spilonotus,0.05402683391495236,-0.37359432105425083,0.48681973865550365,FALSE
landcover_trees,Cisticola juncidis,-0.46713734418446756,-1.0164050653844863,0.09786680053062244,FALSE
landcover_trees,Columba livia,-0.10265502960289008,-0.4349772692601907,0.23480022383193294,FALSE
landcover_trees,Columba rupestris,0.39505645743634527,-0.11227173996347176,0.866608075989492,FALSE
landcover_trees,Copsychus saularis,-0.9007151561842044,-1.6341385902431562,-0.20481053868748356,TRUE
landcover_trees,Corvus corax,-0.43690620916150813,-0.9283074093315521,0.07538697638230837,FALSE
landcover_trees,Corvus corone,0.09091030364240611,-0.3488034507709725,0.6081144695111034,FALSE
landcover_trees,Corvus macrorhynchos,-0.13584016587925296,-0.42070215767370567,0.1265818743954836,FALSE
landcover_trees,Cuculus canorus,-0.3188060901321608,-1.1015089159019433,0.592720179456932,FALSE
landcover_trees,Cuculus micropterus,-0.6705905841145117,-1.2932253360336787,-0.058363918124010525,TRUE
landcover_trees,Cuculus sparverioides,-0.2519438014779712,-0.857298069530133,0.35856152166804467,FALSE
landcover_trees,Culicicapa ceylonensis,-0.7613333046744987,-1.4610324832456187,-0.0777107680727471,TRUE
landcover_trees,Cyanopica cyanus,-0.7855409698671116,-1.1768758260119359,-0.36888189827126566,TRUE
landcover_trees,Delichon dasypus,-0.5235103871854684,-0.9683218451315174,-0.1407171066193457,TRUE
landcover_trees,Dendrocitta formosae,-0.6202726467366156,-1.3033090304772668,0.12100462820427701,FALSE
landcover_trees,Dendrocopos major,-0.7491262871254007,-1.1582734232230882,-0.3521835949771324,TRUE
landcover_trees,Dicrurus hottentottus,-0.4845438849712588,-1.0930119393032938,0.1276658798046587,FALSE
landcover_trees,Dicrurus leucophaeus,-0.08511857146839959,-0.8311741903690762,0.5722269370057472,FALSE
landcover_trees,Dicrurus macrocercus,-0.4603652011318504,-0.9546254420443767,0.03286102802253597,FALSE
landcover_trees,Egretta garzetta,0.0033565970619811036,-0.323095370249194,0.34649888237433446,FALSE
landcover_trees,Elanus caeruleus,-0.7316893282050793,-1.2757577818366292,-0.22417566063779515,TRUE
landcover_trees,Emberiza cioides,-0.5542192431092955,-0.9922438145741195,-0.08961271987079474,TRUE
landcover_trees,Emberiza elegans,-0.28526118662341504,-0.7021572773070844,0.1546249890618739,FALSE
landcover_trees,Emberiza godlewskii,-0.04469217813769762,-0.5076091149522183,0.3920983214967441,FALSE
landcover_trees,Emberiza pusilla,0.20495813817716182,-0.425700192042837,0.7435378455606313,FALSE
landcover_trees,Emberiza spodocephala,-0.6814546727535584,-1.2002864797667527,-0.15505609779082258,TRUE
landcover_trees,Enicurus leschenaulti,-1.019192763181145,-1.6813501663542119,-0.3123428606084471,TRUE
landcover_trees,Eophona migratoria,-0.7311265876940897,-1.2316814105782765,-0.22189679049673455,TRUE
landcover_trees,Eremophila alpestris,-0.3284330975908179,-0.7307477928620022,0.07825046262787737,FALSE
landcover_trees,Eudynamys scolopaceus,-0.7727581820190043,-1.3292404535685092,-0.21995719699365684,TRUE
landcover_trees,Eumyias thalassinus,-0.6140522685371573,-1.4324832800533984,0.17897134622924263,FALSE
landcover_trees,Falco amurensis,0.05428650422720821,-0.3480637744268619,0.45795635957643777,FALSE
landcover_trees,Falco peregrinus,-0.22354456285528754,-0.6945971947134821,0.2482219270779993,FALSE
landcover_trees,Falco subbuteo,0.10260635048066766,-0.4727384345444194,0.7479670744044276,FALSE
landcover_trees,Falco tinnunculus,0.12803240043260322,-0.5316696544927861,0.9213974242030442,FALSE
landcover_trees,Ficedula albicilla,0.06223633709238333,-0.5494161054172044,0.6753033629308834,FALSE
landcover_trees,Fringilla montifringilla,0.06849986384676743,-0.4101152717662256,0.5377741192809339,FALSE
landcover_trees,Fulica atra,-0.6906593386528326,-1.098727116439547,-0.2870661737876323,TRUE
landcover_trees,Gallinago gallinago,-0.12527426811961576,-0.6622389901622875,0.391178395598866,FALSE
landcover_trees,Gallinula chloropus,-0.2838791310630149,-0.6915848184498281,0.1321338294032295,FALSE
landcover_trees,Garrulax canorus,-0.788718712648814,-1.3631384183819495,-0.2487178681939497,TRUE
landcover_trees,Garrulus glandarius,-0.04854579800500438,-0.3686716800754394,0.2335241298126302,FALSE
landcover_trees,Gracupica nigricollis,-0.6906056459039566,-1.3975828059842423,-0.011508459561478128,TRUE
landcover_trees,Gyps himalayensis,-1.6490438933434182,-2.3728295946918845,-0.8956878444401685,TRUE
landcover_trees,Halcyon smyrnensis,-0.35812334120327544,-1.1461074852078232,0.4153614835826938,FALSE
landcover_trees,Hemixos castanonotus,-0.5898936733102201,-1.4162683494431054,0.18045810451333216,FALSE
landcover_trees,Himantopus himantopus,0.15897690698880174,-0.2810501425026546,0.6601431383120326,FALSE
landcover_trees,Hirundo rustica,0.36142931018898056,-0.13206426190366885,0.9877026927422088,FALSE
landcover_trees,Horornis fortipes,-0.8650470806366678,-1.4702862826176235,-0.28987424636973913,TRUE
landcover_trees,Hypsipetes leucocephalus,-0.5771895277516427,-1.4410351779446011,0.2297634923150258,FALSE
landcover_trees,Ixobrychus sinensis,-0.10578788404988132,-0.6262450049905404,0.39918588907672803,FALSE
landcover_trees,Ixos mcclellandii,-0.6734521601725154,-1.4090554063220877,0.05508390190843359,FALSE
landcover_trees,Lanius cristatus,-0.3804078004109509,-0.9443033584341541,0.15713410882741993,FALSE
landcover_trees,Lanius schach,-1.1068369116461707,-1.532222030935464,-0.7084386819998105,TRUE
landcover_trees,Lanius sphenocercus,-0.19527350288389825,-0.7346323310997246,0.3822889568445386,FALSE
landcover_trees,Lanius tephronotus,-1.8871026138702787,-2.4793378076884,-1.2851279759849534,TRUE
landcover_trees,Leiothrix lutea,-0.48540116420784724,-1.0929907339413014,0.07547276192557376,FALSE
landcover_trees,Lonchura punctulata,-0.23594861049626437,-1.0450681885381685,0.5498322371098904,FALSE
landcover_trees,Lonchura striata,-0.5796119771903765,-1.3095214186515736,0.1536008692582355,FALSE
landcover_trees,Mareca falcata,-0.6404565495110234,-1.1831759027025044,-0.14660676108807777,TRUE
landcover_trees,Mareca penelope,-0.2572220716813897,-0.7007164827098585,0.18744216482770906,FALSE
landcover_trees,Mareca strepera,-0.366034089536826,-0.7983484492196545,0.1179783133251099,FALSE
landcover_trees,Mergus merganser,-0.6234550930219565,-1.1605757026969314,0.053934488645030344,FALSE
landcover_trees,Milvus migrans,-0.1271913200699518,-0.4211971702796601,0.18042319434886608,FALSE
landcover_trees,Monticola solitarius,0.1370935610240458,-0.32888283852370276,0.5995219773965612,FALSE
landcover_trees,Motacilla alba,-0.04683777964939241,-0.8032094222987499,0.6741873212079545,FALSE
landcover_trees,Motacilla cinerea,-0.1864302217408343,-0.6359543817540548,0.267529142731989,FALSE
landcover_trees,Motacilla citreola,0.12865380670071946,-0.2736256115828127,0.5684347350407183,FALSE
landcover_trees,Motacilla tschutschensis,0.11216876295099434,-0.381568103046337,0.5651282226616956,FALSE
landcover_trees,Muscicapa sibirica,-0.008681957473141653,-0.7059065744762443,0.724449418063748,FALSE
landcover_trees,Myophonus caeruleus,-0.18919875171856457,-0.7387427006657304,0.3819655663666339,FALSE
landcover_trees,Nycticorax nycticorax,-0.17333299962517515,-0.5955920750614778,0.22188969570164924,FALSE
landcover_trees,Oriolus chinensis,-0.7768757479243092,-1.4653539831661573,-0.20387049058152923,TRUE
landcover_trees,Pardaliparus venustulus,-0.38105275186728,-0.8213037025278573,0.05071822136752979,FALSE
landcover_trees,Parus minor,0.10238970344803686,-0.23384308595727105,0.4282450245913598,FALSE
landcover_trees,Parus monticolus,-0.9877861449490816,-1.5805748310837624,-0.44222632076324986,TRUE
landcover_trees,Passer cinnamomeus,-0.5224902132792357,-0.9014153298625758,-0.15442445961055368,TRUE
landcover_trees,Passer montanus,-0.037990803809169894,-0.7309933732572191,0.8535191866474344,FALSE
landcover_trees,Pericrocotus solaris,-0.5432795644231045,-1.5079061719086124,0.34258211952218953,FALSE
landcover_trees,Periparus ater,0.05842326933695626,-0.27984638921536115,0.42564627035166447,FALSE
landcover_trees,Pernis ptilorhynchus,0.2866274510593094,-0.15105437704847377,0.7865042194933846,FALSE
landcover_trees,Phalacrocorax carbo,-0.3323079680679606,-0.8732772550833374,0.22199713683701783,FALSE
landcover_trees,Phasianus colchicus,-0.16840584581337825,-0.7278689680839804,0.4560835891312994,FALSE
landcover_trees,Phoenicurus auroreus,0.00866131856015814,-0.5785389662645614,0.6258288315545195,FALSE
landcover_trees,Phoenicurus frontalis,-1.8832373733468601,-2.4885073535249203,-1.2813460284517266,TRUE
landcover_trees,Phoenicurus fuliginosus,-0.804326246819751,-1.2576356206121233,-0.35327675162251837,TRUE
landcover_trees,Phoenicurus ochruros,-1.2791373714195087,-1.8382113769297959,-0.7402753160917056,TRUE
landcover_trees,Phylloscopus fuscatus,-0.15025638215312564,-0.6166446998110218,0.32311977863374897,FALSE
landcover_trees,Phylloscopus humei,-0.05994161694934905,-0.5895918803680584,0.4248492405647709,FALSE
landcover_trees,Phylloscopus inornatus,-0.2516411632778321,-0.7818909345885732,0.23838944062423859,FALSE
landcover_trees,Phylloscopus proregulus,-0.14903087511703356,-0.8026307596796378,0.5485889654453618,FALSE
landcover_trees,Pica serica,-0.2097453509967209,-0.609670358007992,0.20273910843799806,FALSE
landcover_trees,Picoides canicapillus,-0.6760478550024472,-1.2048557081093332,-0.2206029663992447,TRUE
landcover_trees,Picumnus innominatus,-0.7791770817379933,-1.593041445812933,0.06808254256558323,FALSE
landcover_trees,Picus canus,-0.6782601157873714,-1.0747134211890075,-0.3014389554435856,TRUE
landcover_trees,Platalea leucorodia,-0.1280425853910549,-0.6220591890201531,0.37435434281019075,FALSE
landcover_trees,Podiceps cristatus,-0.4318254784233585,-0.8944897707632606,0.1141921257972954,FALSE
landcover_trees,Pomatorhinus ruficollis,-0.7287678230852253,-1.5160506431851197,0.021008099979260803,FALSE
landcover_trees,Prinia flaviventris,-0.4819744289356912,-1.373021447444957,0.3467591824631702,FALSE
landcover_trees,Prinia inornata,-0.6681965380495601,-1.4103269101207188,0.0021310120314250143,FALSE
landcover_trees,Psilopogon virens,-0.6331891034077165,-1.3620299265508584,0.08975985620318713,FALSE
landcover_trees,Pterorhinus sannio,-0.5449261182599738,-1.1198926314960937,-0.023251752765222334,TRUE
landcover_trees,Ptyonoprogne rupestris,-0.046968863715193473,-0.5839425309709597,0.4778548072512752,FALSE
landcover_trees,Pycnonotus aurigaster,0.02773978094860239,-0.8555075325085366,0.9339126814179715,FALSE
landcover_trees,Pycnonotus jocosus,-0.04589077062519873,-0.8075161914809019,0.6253484840970811,FALSE
landcover_trees,Pycnonotus sinensis,-0.6556552378249318,-1.0989976424794548,-0.27077811654829853,TRUE
landcover_trees,Pycnonotus xanthorrhous,-0.9557593625001907,-1.5851474105088714,-0.3945413297392685,TRUE
landcover_trees,Pyrrhocorax pyrrhocorax,-0.14015894459509878,-0.5542853860553979,0.24902980610370393,FALSE
landcover_trees,Recurvirostra avosetta,-0.28126272545077424,-0.676335738037084,0.143015041051453,FALSE
landcover_trees,Regulus regulus,0.18681152949933746,-0.3685514162991846,0.8443593875796557,FALSE
landcover_trees,Riparia diluta,-0.6963335515850183,-1.101659669488894,-0.2622199998503282,TRUE
landcover_trees,Riparia riparia,-0.6048015613663146,-1.1993369467930715,0.09290842497582785,FALSE
landcover_trees,Saxicola ferreus,-0.7628353886999196,-1.5168062271276264,-0.05818890005813434,TRUE
landcover_trees,Saxicola maurus,-0.18492422308799986,-0.6474284983756623,0.34685583484386534,FALSE
landcover_trees,Saxicola stejnegeri,0.10309022813173638,-0.4511312826537485,0.695584557914996,FALSE
landcover_trees,Sinosuthora webbiana,0.04119780368182417,-0.3325392813085547,0.4460129023771523,FALSE
landcover_trees,Sitta europaea,-0.12460269349309838,-0.39063065443427153,0.1484533367640658,FALSE
landcover_trees,Spatula clypeata,0.02076309633898342,-0.4632832272604945,0.5536470895061228,FALSE
landcover_trees,Spilopelia chinensis,-0.45531404998874203,-0.830755815346341,-0.07118478319191962,TRUE
landcover_trees,Spizixos semitorques,-1.2869672395288754,-1.7918595499778944,-0.7962253623295001,TRUE
landcover_trees,Spodiopsar cineraceus,-0.5577758716220353,-1.1842664512393326,0.025665600582712434,FALSE
landcover_trees,Spodiopsar sericeus,-0.80986695233462,-1.2697987200339738,-0.3388336508558835,TRUE
landcover_trees,Stachyridopsis ruficeps,-0.5927492543506327,-1.4249079688688369,0.2207043094967862,FALSE
landcover_trees,Sterna hirundo,-0.5343112351451617,-0.9969292690404344,-0.03563256253163728,TRUE
landcover_trees,Streptopelia decaocto,0.42330926262494833,-0.1301511631998971,1.0021752066889296,FALSE
landcover_trees,Streptopelia orientalis,-0.28370411374384935,-0.6312700691927573,0.08979604548388759,FALSE
landcover_trees,Tachybaptus ruficollis,-0.01402636543715031,-0.40673149529472785,0.3700251647503551,FALSE
landcover_trees,Tadorna ferruginea,-0.178565507154216,-0.5638811546661654,0.2105968598358163,FALSE
landcover_trees,Tadorna tadorna,-0.36465490406904294,-0.8510366710254845,0.15889555189709462,FALSE
landcover_trees,Tarsiger cyanurus,-0.5977050729580885,-1.1226167352385905,-0.11275299467871612,TRUE
landcover_trees,Tringa erythropus,-0.3988399484747984,-0.9540127373138905,0.13832896599678976,FALSE
landcover_trees,Tringa glareola,-0.1829293511508588,-0.6060561702168173,0.2533406774247099,FALSE
landcover_trees,Tringa nebularia,-0.39586916971823394,-0.7701354954409017,-0.05164161687419047,TRUE
landcover_trees,Tringa ochropus,-0.4663306014012586,-1.0052005235475558,0.10251518242989988,FALSE
landcover_trees,Tringa totanus,0.352764852927175,0.01622584304195768,0.7313102600417757,TRUE
landcover_trees,Trochalopteron elliotii,-1.1039487790046605,-1.633948389409732,-0.6899615994237032,TRUE
landcover_trees,Troglodytes troglodytes,0.5190132365848802,-0.26194202976119846,1.418015792130095,FALSE
landcover_trees,Turdus eunomus,-0.07606266249057457,-0.6239512451327439,0.4811177115112354,FALSE
landcover_trees,Turdus hortulorum,0.05751693123345354,-0.4735663302413046,0.5232785291611857,FALSE
landcover_trees,Turdus mandarinus,-0.9107912971074243,-1.2864020889687613,-0.5390601848988845,TRUE
landcover_trees,Turdus naumanni,0.005923924384768025,-0.5579112331778402,0.5567057420578845,FALSE
landcover_trees,Upupa epops,-0.3064720413100755,-0.9153285347279718,0.44254929131084497,FALSE
landcover_trees,Urocissa erythroryncha,-0.37989987673433917,-0.7854760556431657,0.033119520629472383,FALSE
landcover_trees,Vanellus cinereus,-0.47139606900253556,-0.9541132007140561,0.04046003003891477,FALSE
landcover_trees,Vanellus vanellus,-0.15956658237854915,-0.5621778712584002,0.2562289930826794,FALSE
landcover_trees,Yungipicus canicapillus,-0.18307325497211846,-0.5719569854327681,0.2018056141251251,FALSE
landcover_trees,Zosterops simplex,-0.2539042430430878,-0.744415228972349,0.23526154675296718,FALSE
landcover_water,Abroscopus albogularis,-0.29023585815990427,-0.6432745621333852,0.018904882596631693,FALSE
landcover_water,Accipiter nisus,-0.18289069326472723,-0.5142220476716297,0.1981248350569673,FALSE
landcover_water,Accipiter soloensis,-0.27673366334875776,-0.6360427761664627,0.06483200108032357,FALSE
landcover_water,Accipiter trivirgatus,-0.22322738912654327,-0.6209711000634687,0.13464283016159034,FALSE
landcover_water,Accipiter virgatus,0.05585740351095902,-0.198885602122475,0.34130055725964487,FALSE
landcover_water,Acridotheres cristatellus,-0.14788812974051846,-0.3482250451910166,0.04430599483054609,FALSE
landcover_water,Acrocephalus orientalis,-0.06088394809805183,-0.31323310063341375,0.23379994904759627,FALSE
landcover_water,Actitis hypoleucos,-0.1692169825862749,-0.4225584915453243,0.18862967344564924,FALSE
landcover_water,Aegithalos concinnus,-0.2926887380316475,-0.6628102478348438,-0.0025045156384540367,TRUE
landcover_water,Aegithalos glaucogularis,-0.2844744735734567,-0.5263334241806725,-0.01984232011743749,TRUE
landcover_water,Aethopyga christinae,-0.22367485671955353,-0.6304814549894233,0.14658762032501782,FALSE
landcover_water,Aix galericulata,-0.37092992630289967,-0.7230425574830068,-0.013387964749589447,TRUE
landcover_water,Alauda arvensis,-0.05335832118491738,-0.32091632620137023,0.30470540894016934,FALSE
landcover_water,Alauda gulgula,-0.31782048467440543,-0.6266303182960422,-0.07572135647203382,TRUE
landcover_water,Alcedo atthis,-0.17533386925497066,-0.38183214286254197,0.11192454943256984,FALSE
landcover_water,Amaurornis phoenicurus,-0.22537661761464362,-0.5448429654059354,0.0661570377061684,FALSE
landcover_water,Anas acuta,-0.13905808399450975,-0.379916252485974,0.2034955760810761,FALSE
landcover_water,Anas carolinensis,-0.23128888844970147,-0.47444864542392456,0.06037756572863643,FALSE
landcover_water,Anas platyrhynchos,-0.1294578145461998,-0.39699926576870176,0.19363319818778266,FALSE
landcover_water,Anas zonorhyncha,-0.20847807934161094,-0.39512279344801643,0.012870298292089006,FALSE
landcover_water,Anser anser,-0.12525236914127139,-0.35191958208213214,0.21574311965147347,FALSE
landcover_water,Anthus hodgsoni,0.04528052041178206,-0.17241436764360107,0.326555823305801,FALSE
landcover_water,Anthus richardi,0.20968324156459409,-0.028888776908516958,0.490671083685799,FALSE
landcover_water,Anthus roseatus,-0.1156339243138885,-0.34594824416202363,0.15407794160825294,FALSE
landcover_water,Anthus rubescens,0.07368267824694583,-0.23548517164310862,0.48510859855027016,FALSE
landcover_water,Anthus spinoletta,-0.21361794921250343,-0.560489844714888,0.19222259352635504,FALSE
landcover_water,Apus apus,-0.02925002091171876,-0.31122888609952926,0.3456424697358139,FALSE
landcover_water,Apus nipalensis,-0.23367151566884295,-0.6111486971903914,0.09327818260450058,FALSE
landcover_water,Apus pacificus,-0.18071826389983964,-0.5134087323534047,0.17799380313696753,FALSE
landcover_water,Aquila chrysaetos,-0.46855357314966695,-0.8344576251850774,-0.15126526770583548,TRUE
landcover_water,Ardea alba,0.11067350599669508,-0.15903892958327195,0.45054792874745747,FALSE
landcover_water,Ardea cinerea,-0.1753454210868658,-0.3459571948512978,0.06440015883523763,FALSE
landcover_water,Ardeola bacchus,-0.21639871338187605,-0.3966231937703159,-0.04666155675093132,TRUE
landcover_water,Athene noctua,-0.12536257672540738,-0.49314357456516217,0.29251731821798643,FALSE
landcover_water,Aythya ferina,-0.2914929577186713,-0.5183476212034637,-0.0620296198577669,TRUE
landcover_water,Aythya fuligula,-0.13261283544810637,-0.38128763393120313,0.24611542659245672,FALSE
landcover_water,Aythya nyroca,-0.30435875622486824,-0.5764914751880871,-0.0343407214091539,TRUE
landcover_water,Bambusicola thoracicus,-0.3136559761386811,-0.6602108846712756,-0.0323931442157392,TRUE
landcover_water,Bubulcus coromandus,-0.3116859562116511,-0.5753310491243037,-0.06298580268559541,TRUE
landcover_water,Buteo hemilasius,-0.2647334449609053,-0.4637784096063858,-0.015238323512005087,TRUE
landcover_water,Buteo japonicus,-0.13354261976871243,-0.4348642946058472,0.22928755688681363,FALSE
landcover_water,Butorides striata,-0.3083679520920976,-0.667787065564419,0.0066377677563111415,FALSE
landcover_water,Carpodacus erythrinus,-0.30962237698703604,-0.5384231478164908,-0.04667734485183676,TRUE
landcover_water,Cecropis daurica,-0.10240704335848104,-0.31644257480184884,0.13721016357446505,FALSE
landcover_water,Ceryle rudis,-0.2639308713489675,-0.5983793807975144,0.0037975003138341163,FALSE
landcover_water,Chaimarrornis leucocephalus,-0.4681952099861304,-0.8349553260228636,-0.18106224141511182,TRUE
landcover_water,Charadrius alexandrinus,-0.1881752170896572,-0.42169732706303925,0.03353981054824207,FALSE
landcover_water,Charadrius dubius,0.03292548764376911,-0.24891822784697584,0.4183680553264863,FALSE
landcover_water,Chlidonias hybrida,-0.36682313036264047,-0.5872983048824724,-0.12036051126787288,TRUE
landcover_water,Chloris sinica,-0.3314617895339692,-0.616973222024754,-0.012782682385779086,TRUE
landcover_water,Chroicocephalus ridibundus,-0.18388975939953767,-0.37022778245561866,0.002719807616676761,FALSE
landcover_water,Cinclus pallasii,-0.3034400752028546,-0.6279982547738427,-0.04025592578789339,TRUE
landcover_water,Circus cyaneus,-0.08041578742479721,-0.3904857444985714,0.3177048745111382,FALSE
landcover_water,Circus spilonotus,-0.05222960442829278,-0.319394789047134,0.24034743851680274,FALSE
landcover_water,Cisticola juncidis,-0.2278978685963384,-0.5658647090016058,0.17941081525200647,FALSE
landcover_water,Columba livia,1.70554091785393e-4,-0.2397302861608485,0.3326981697435124,FALSE
landcover_water,Columba rupestris,-0.08099913097878902,-0.31093141347868014,0.20038959927092362,FALSE
landcover_water,Copsychus saularis,-0.1760368630595205,-0.548303136264972,0.15241060634761722,FALSE
landcover_water,Corvus corax,-0.2736369037932588,-0.6095641900608081,0.0035671297113843248,FALSE
landcover_water,Corvus corone,0.006729621206704655,-0.20803429749805416,0.3336134868096735,FALSE
landcover_water,Corvus macrorhynchos,-0.06699704795553911,-0.21375323363729393,0.08653384330777199,FALSE
landcover_water,Cuculus canorus,-0.16501835369867093,-0.529129229248567,0.2902493901009052,FALSE
landcover_water,Cuculus micropterus,-0.062150121937784006,-0.32718138869353497,0.24141486664869574,FALSE
landcover_water,Cuculus sparverioides,-0.3260862305647503,-0.7136186412010503,-0.002739293214993327,TRUE
landcover_water,Culicicapa ceylonensis,-0.30168667866010884,-0.663337096894754,-3.714291134727804e-4,TRUE
landcover_water,Cyanopica cyanus,-0.3079326627861802,-0.528130510772065,-0.08497927114296552,TRUE
landcover_water,Delichon dasypus,-0.35516307474601544,-0.6513146980680324,-0.1006769103245286,TRUE
landcover_water,Dendrocitta formosae,-0.2581905976202959,-0.6590191802240544,0.09166445388158276,FALSE
landcover_water,Dendrocopos major,-0.3118061305231168,-0.5012911886341751,-0.0575148317123139,TRUE
landcover_water,Dicrurus hottentottus,-0.1394236695176133,-0.4772563008718324,0.18298042119970806,FALSE
landcover_water,Dicrurus leucophaeus,-0.24642383591164402,-0.645277655708535,0.08680539040653189,FALSE
landcover_water,Dicrurus macrocercus,-0.07990390724296798,-0.28169183900059136,0.15360860931667342,FALSE
landcover_water,Egretta garzetta,-0.11040837241279444,-0.2695090601750234,0.0871776050763379,FALSE
landcover_water,Elanus caeruleus,-0.23932794636745985,-0.5236722381962182,0.019340796883326364,FALSE
landcover_water,Emberiza cioides,-0.09951273027792143,-0.3264379576578286,0.19756747339342662,FALSE
landcover_water,Emberiza elegans,-0.3159822659264377,-0.5373798532785935,-0.06691285557399165,TRUE
landcover_water,Emberiza godlewskii,0.028483700042424873,-0.1652140973685776,0.2814601570117476,FALSE
landcover_water,Emberiza pusilla,-0.16908257795393547,-0.39722313895080374,0.09016161842842922,FALSE
landcover_water,Emberiza spodocephala,-0.26030256149651265,-0.5026878488243457,0.005015947021195435,FALSE
landcover_water,Enicurus leschenaulti,-0.311385171243692,-0.651114175525098,-0.00870489198553635,TRUE
landcover_water,Eophona migratoria,-0.3905826824796336,-0.6782691035655702,-0.07631381543285841,TRUE
landcover_water,Eremophila alpestris,0.02559751036194072,-0.1610760095389622,0.22223866831479377,FALSE
landcover_water,Eudynamys scolopaceus,-0.08065689611798084,-0.3366851146415529,0.1913686054981211,FALSE
landcover_water,Eumyias thalassinus,-0.22307976506436109,-0.5999143112071709,0.12367047375399864,FALSE
landcover_water,Falco amurensis,-0.008291893006137335,-0.19866989623514794,0.20969300852529804,FALSE
landcover_water,Falco peregrinus,-0.03040416041327918,-0.3289667475897063,0.31836003132539065,FALSE
landcover_water,Falco subbuteo,0.04250627601118831,-0.22443395454995016,0.3525508287535164,FALSE
landcover_water,Falco tinnunculus,-0.004030761985688562,-0.2460527944983889,0.3098915748276009,FALSE
landcover_water,Ficedula albicilla,-0.11394299300453947,-0.4465422252322604,0.21750738468832487,FALSE
landcover_water,Fringilla montifringilla,-0.06343011813842359,-0.3744418660727674,0.28095040843144803,FALSE
landcover_water,Fulica atra,-0.24751366740159966,-0.4284919773521781,-0.052529996019105706,TRUE
landcover_water,Gallinago gallinago,0.02648449707480187,-0.17959046022393446,0.25605420780741855,FALSE
landcover_water,Gallinula chloropus,-0.058934398649485915,-0.2680178827815337,0.18979592470626516,FALSE
landcover_water,Garrulax canorus,-0.24024852132348726,-0.5513745741428351,0.04135994153636563,FALSE
landcover_water,Garrulus glandarius,-0.2608956899607216,-0.49999167335924477,-0.04591114437797783,TRUE
landcover_water,Gracupica nigricollis,-0.23229854490519874,-0.620188064382913,0.07348615370815186,FALSE
landcover_water,Gyps himalayensis,-0.37919920736536294,-0.732095233828509,-0.07343964425754824,TRUE
landcover_water,Halcyon smyrnensis,-0.21244733032474125,-0.6224324960124539,0.17651917541999343,FALSE
landcover_water,Hemixos castanonotus,-0.21113803571585657,-0.5967212298303313,0.15524889550363008,FALSE
landcover_water,Himantopus himantopus,-0.011418366117370952,-0.2632080069714761,0.3431271891843504,FALSE
landcover_water,Hirundo rustica,0.17998918204448267,-0.06266654346115365,0.4863147373887474,FALSE
landcover_water,Horornis fortipes,-0.3199188251520026,-0.6679081220425557,-0.006001148534893075,TRUE
landcover_water,Hypsipetes leucocephalus,-0.20625612314460523,-0.5959772577406538,0.17634583185018463,FALSE
landcover_water,Ixobrychus sinensis,-0.0635554204921827,-0.3206770401772963,0.2721939741309505,FALSE
landcover_water,Ixos mcclellandii,-0.24323368805896722,-0.6163988552499603,0.0610477617269371,FALSE
landcover_water,Lanius cristatus,-0.022842925997261454,-0.28251159039551854,0.26776624660137455,FALSE
landcover_water,Lanius schach,-0.28626553870399746,-0.5593117253995229,-0.051555621545904144,TRUE
landcover_water,Lanius sphenocercus,-0.4314924202121395,-0.685710278205176,-0.09581653542158186,TRUE
landcover_water,Lanius tephronotus,-0.48597187436020256,-0.924693726783576,-0.162740874618899,TRUE
landcover_water,Leiothrix lutea,-0.2759364771173386,-0.6482050247224088,0.017780335530411237,FALSE
landcover_water,Lonchura punctulata,-0.20093402101610708,-0.6430139375353647,0.1827486963168844,FALSE
landcover_water,Lonchura striata,-0.2177044061365951,-0.6183899017829937,0.12134632031117555,FALSE
landcover_water,Mareca falcata,-0.1741984465901962,-0.44069198831300793,0.11421905303803766,FALSE
landcover_water,Mareca penelope,-0.071884389070543,-0.31477829501282084,0.1961295565512418,FALSE
landcover_water,Mareca strepera,-0.08928634969978329,-0.355504145107113,0.2221607656251923,FALSE
landcover_water,Mergus merganser,-0.5329902813502315,-0.8677801869147257,-0.04253740829406594,TRUE
landcover_water,Milvus migrans,0.05385844072673699,-0.15627908088740716,0.3333006763890771,FALSE
landcover_water,Monticola solitarius,-0.3390676389385816,-0.6759704702910696,-0.045879201156501834,TRUE
landcover_water,Motacilla alba,-0.10188091499480881,-0.39895019227025696,0.26212799848093904,FALSE
landcover_water,Motacilla cinerea,0.07866758169538124,-0.15397251354852282,0.35687996953912476,FALSE
landcover_water,Motacilla citreola,-0.26351411083358,-0.5575504820076976,0.0017588647574926417,FALSE
landcover_water,Motacilla tschutschensis,-0.22526659451569583,-0.4970229287625097,0.07814360933604067,FALSE
landcover_water,Muscicapa sibirica,-0.0988581066398469,-0.4034347940880746,0.2543975220479905,FALSE
landcover_water,Myophonus caeruleus,-0.23254616627679442,-0.5980445112813376,0.06523077522956496,FALSE
landcover_water,Nycticorax nycticorax,-0.1550757560265197,-0.36580225189138016,0.08650934671472753,FALSE
landcover_water,Oriolus chinensis,-0.29236989544196945,-0.6241925007652811,0.07921839928813952,FALSE
landcover_water,Pardaliparus venustulus,-0.3787591733527767,-0.6237354347250433,-0.09030383061279233,TRUE
landcover_water,Parus minor,-0.022586282977737904,-0.2462370492341639,0.2159190071913939,FALSE
landcover_water,Parus monticolus,-0.3696026188992415,-0.7102856438766604,-0.07003431628793023,TRUE
landcover_water,Passer cinnamomeus,-0.03516416534209845,-0.20542579808472544,0.1642040564038403,FALSE
landcover_water,Passer montanus,-0.27455151912153614,-0.555410776297321,0.12153281431377988,FALSE
landcover_water,Pericrocotus solaris,-0.1894481369415644,-0.5721169276926701,0.18101596638946096,FALSE
landcover_water,Periparus ater,-0.08977803083048685,-0.2943943998686821,0.11963715581109953,FALSE
landcover_water,Pernis ptilorhynchus,-0.13992416134025107,-0.38732168905395425,0.12587824843176365,FALSE
landcover_water,Phalacrocorax carbo,-0.04529092898008361,-0.2565777051921628,0.20921112722304494,FALSE
landcover_water,Phasianus colchicus,-0.16104036571037272,-0.42380286539228557,0.1639739306558093,FALSE
landcover_water,Phoenicurus auroreus,-0.019052497174197797,-0.281855267071842,0.27346543533863316,FALSE
landcover_water,Phoenicurus frontalis,-0.5520083327380981,-1.0370358917796403,-0.18962316725896905,TRUE
landcover_water,Phoenicurus fuliginosus,-0.15350022037157146,-0.35722313737610567,0.031131125175466023,FALSE
landcover_water,Phoenicurus ochruros,-0.21859809739197977,-0.43996551530193,-0.014328734929185844,TRUE
landcover_water,Phylloscopus fuscatus,-0.16963557580949906,-0.40228745345896744,0.08052771613823656,FALSE
landcover_water,Phylloscopus humei,-0.16190355784309676,-0.44000977637126226,0.14682808626204324,FALSE
landcover_water,Phylloscopus inornatus,-0.35763335646310007,-0.643268821776684,-0.05715245145718542,TRUE
landcover_water,Phylloscopus proregulus,-0.16979924222813067,-0.4144122419310284,0.14620056567486273,FALSE
landcover_water,Pica serica,-0.1506617496097583,-0.3371992854548487,0.049950729003856754,FALSE
landcover_water,Picoides canicapillus,-0.18165077266717358,-0.40716403413353225,0.07375907188340687,FALSE
landcover_water,Picumnus innominatus,-0.24616133716735764,-0.6713271369700664,0.1102258156219256,FALSE
landcover_water,Picus canus,-0.1863211436806857,-0.39518218824077184,0.06302817776705041,FALSE
landcover_water,Platalea leucorodia,-0.0810299953068312,-0.27825681764467614,0.15223166697019389,FALSE
landcover_water,Podiceps cristatus,-0.20750662957880767,-0.4265418216855174,0.07810106090969325,FALSE
landcover_water,Pomatorhinus ruficollis,-0.2435810221131366,-0.6360713802710763,0.09288225787703236,FALSE
landcover_water,Prinia flaviventris,-0.18502757103841627,-0.5967742664961472,0.1721925134310958,FALSE
landcover_water,Prinia inornata,-0.21586345556320402,-0.5882280217391256,0.10430024593770504,FALSE
landcover_water,Psilopogon virens,-0.25989900682126993,-0.656306468906452,0.07364148996220166,FALSE
landcover_water,Pterorhinus sannio,-0.3301981592026353,-0.6980855291497345,-0.03648273275617066,TRUE
landcover_water,Ptyonoprogne rupestris,-0.14398269189411586,-0.39752206855173167,0.12970784592599863,FALSE
landcover_water,Pycnonotus aurigaster,-0.17682749650615276,-0.5864532564123354,0.2134991396050407,FALSE
landcover_water,Pycnonotus jocosus,-0.06852349456491522,-0.4450194242619188,0.2700439990551997,FALSE
landcover_water,Pycnonotus sinensis,-0.30007625473689986,-0.47784867272165793,-0.08136534090243144,TRUE
landcover_water,Pycnonotus xanthorrhous,-0.33611307647569405,-0.6884635720100458,-0.07047311868064522,TRUE
landcover_water,Pyrrhocorax pyrrhocorax,-0.16369361968480234,-0.34029258482858554,0.04762993869893932,FALSE
landcover_water,Recurvirostra avosetta,-0.06772261889628216,-0.2841687742431675,0.18108366182079802,FALSE
landcover_water,Regulus regulus,-0.2645374301502941,-0.518017054289049,-0.012962209639115081,TRUE
landcover_water,Riparia diluta,-0.3836749476568319,-0.7016100397641515,-0.07270026129163686,TRUE
landcover_water,Riparia riparia,-0.15951595196534984,-0.44733870422867794,0.2495655180834544,FALSE
landcover_water,Saxicola ferreus,-0.1993074202907259,-0.5552451154280155,0.07763691880754248,FALSE
landcover_water,Saxicola maurus,-0.3282856737931357,-0.6020506857584491,-0.046671005204362515,TRUE
landcover_water,Saxicola stejnegeri,-0.35706363702654526,-0.6619545788179634,0.01927084740837169,FALSE
landcover_water,Sinosuthora webbiana,-0.044656538625416436,-0.3041716190202993,0.22480161914663296,FALSE
landcover_water,Sitta europaea,-0.1436529271569841,-0.3110785329608587,0.02190312697266983,FALSE
landcover_water,Spatula clypeata,-0.028288377308090265,-0.30073220478310414,0.28929759995536264,FALSE
landcover_water,Spilopelia chinensis,-0.09853808663192253,-0.30480892835766565,0.1465422038052824,FALSE
landcover_water,Spizixos semitorques,-0.3319483923182007,-0.6612709057989683,-0.08943570532698157,TRUE
landcover_water,Spodiopsar cineraceus,-0.24900762708915322,-0.5074025842506673,0.030383047669818943,FALSE
landcover_water,Spodiopsar sericeus,-0.13263277956607689,-0.36820457081404123,0.09674397054945569,FALSE
landcover_water,Stachyridopsis ruficeps,-0.23316551260444993,-0.6330366401539695,0.10233116328580347,FALSE
landcover_water,Sterna hirundo,-0.0873205797429945,-0.3648882033391576,0.29592356981694495,FALSE
landcover_water,Streptopelia decaocto,-7.327607360906166e-4,-0.22191787226362372,0.29935603705181274,FALSE
landcover_water,Streptopelia orientalis,-0.08425109727489492,-0.2911632059799487,0.19861858382190184,FALSE
landcover_water,Tachybaptus ruficollis,0.0937173546728209,-0.133702226882758,0.3416911243963015,FALSE
landcover_water,Tadorna ferruginea,-0.13998491461553017,-0.3419170363700878,0.18221938356945583,FALSE
landcover_water,Tadorna tadorna,-0.16706180744665203,-0.3663321609109277,0.04641282089371125,FALSE
landcover_water,Tarsiger cyanurus,-0.4364618272614178,-0.7139030087000743,-0.12104110629892378,TRUE
landcover_water,Tringa erythropus,-0.13430770465949127,-0.36004471428524976,0.09982129334555832,FALSE
landcover_water,Tringa glareola,-0.32140644154710085,-0.551695075681239,-0.08119127416125309,TRUE
landcover_water,Tringa nebularia,-0.2588618835048852,-0.5193408357510376,-0.014871848151002317,TRUE
landcover_water,Tringa ochropus,-0.006092548532802739,-0.3164526728606492,0.3870133435706796,FALSE
landcover_water,Tringa totanus,-0.13879037724638216,-0.31826265663745323,0.055641501339442546,FALSE
landcover_water,Trochalopteron elliotii,-0.4884191098235793,-0.8318755176422528,-0.21765476799485672,TRUE
landcover_water,Troglodytes troglodytes,-0.17426322886719567,-0.3796005996176128,0.07188709809615425,FALSE
landcover_water,Turdus eunomus,-0.38943979784264954,-0.75235576165228,-0.02013635845406566,TRUE
landcover_water,Turdus hortulorum,-0.30856178894001035,-0.6639370645468383,0.008940244875342366,FALSE
landcover_water,Turdus mandarinus,-0.21005904155143248,-0.4131908276972871,-0.014258985184037721,TRUE
landcover_water,Turdus naumanni,-0.46020328757687523,-0.804580409787443,-0.0646402413022008,TRUE
landcover_water,Upupa epops,-0.1161738637072987,-0.4098938050758578,0.24364181661570478,FALSE
landcover_water,Urocissa erythroryncha,-0.06673406776365214,-0.25962911370987696,0.1478577736150419,FALSE
landcover_water,Vanellus cinereus,-0.06511393525758842,-0.2795741712727796,0.2115059573712858,FALSE
landcover_water,Vanellus vanellus,-0.03584864685457803,-0.23747654917263047,0.22751961704708182,FALSE
landcover_water,Yungipicus canicapillus,-0.13107510363262612,-0.3409417616130074,0.06669784030296691,FALSE
landcover_water,Zosterops simplex,-0.17356388305461506,-0.4158345039411739,0.040542816437478126,FALSE
npp_mean,Abroscopus albogularis,-0.09915969157805977,-0.6515969102406912,0.48480673488082127,FALSE
npp_mean,Accipiter nisus,-0.041759401461151376,-0.8074684293574644,0.68953955779172,FALSE
npp_mean,Accipiter soloensis,-0.7192018699157722,-1.2431893782493972,-0.2077844686220452,TRUE
npp_mean,Accipiter trivirgatus,-0.40023969454231517,-1.0792665346399117,0.31009060786006076,FALSE
npp_mean,Accipiter virgatus,-0.47748087509696086,-1.14841491898953,0.11233738247027023,FALSE
npp_mean,Acridotheres cristatellus,-0.22644311373083523,-0.5937921386740018,0.14923044379517644,FALSE
npp_mean,Acrocephalus orientalis,-0.12211883567675666,-0.6780562507381371,0.4623208375688468,FALSE
npp_mean,Actitis hypoleucos,-0.1646381613242699,-0.6903383047579003,0.41659859353330453,FALSE
npp_mean,Aegithalos concinnus,0.006705226663113236,-0.4853698643394486,0.48217880492476495,FALSE
npp_mean,Aegithalos glaucogularis,-1.440634171681789,-2.134120767440637,-0.7218223530915305,TRUE
npp_mean,Aethopyga christinae,-0.11999078009434867,-0.8313946229608192,0.5382525545460389,FALSE
npp_mean,Aix galericulata,-0.06696527860691032,-0.6417009478735454,0.5029312993855758,FALSE
npp_mean,Alauda arvensis,0.35847462527542656,-0.1934160408144348,0.9125968401924515,FALSE
npp_mean,Alauda gulgula,0.07711318149028824,-0.33813053151049194,0.4852168023295544,FALSE
npp_mean,Alcedo atthis,0.06656812589313026,-0.41249042454264667,0.5996656029625073,FALSE
npp_mean,Amaurornis phoenicurus,-0.32991664145236255,-0.8103778732925704,0.1409522993473564,FALSE
npp_mean,Anas acuta,-0.16056581769346742,-0.6327591145883408,0.32586370212319454,FALSE
npp_mean,Anas carolinensis,0.19485329934376833,-0.25474047048694654,0.7299469014052508,FALSE
npp_mean,Anas platyrhynchos,-0.04331225689189247,-0.6457771739528995,0.5860459868956123,FALSE
npp_mean,Anas zonorhyncha,0.06271670015629147,-0.45769805468266433,0.5850059414608358,FALSE
npp_mean,Anser anser,0.32370439638260906,-0.19485082142309165,0.8885091403724988,FALSE
npp_mean,Anthus hodgsoni,0.1482161216903898,-0.22302725989748098,0.5328970168995713,FALSE
npp_mean,Anthus richardi,0.1925616126744337,-0.36156001190537773,0.7689132048165513,FALSE
npp_mean,Anthus roseatus,-0.999978980263346,-1.5407693763103059,-0.43972975858431806,TRUE
npp_mean,Anthus rubescens,-0.19114193241115868,-0.7658283670547736,0.391030903680655,FALSE
npp_mean,Anthus spinoletta,-0.0428115927211528,-0.8116384073684956,0.7369874208881687,FALSE
npp_mean,Apus apus,-0.3928406096836667,-1.016943887564029,0.2202866945034596,FALSE
npp_mean,Apus nipalensis,-0.033834895003630676,-0.792487582786502,0.684865384619104,FALSE
npp_mean,Apus pacificus,-0.20627994518949547,-0.9304701377692993,0.45741018795781874,FALSE
npp_mean,Aquila chrysaetos,-0.21838162277838608,-0.6775925849034938,0.24196719419092105,FALSE
npp_mean,Ardea alba,0.038097168510798654,-0.5416510937253388,0.621799760569345,FALSE
npp_mean,Ardea cinerea,0.28127846352680363,-0.13729569355806168,0.6847254193071642,FALSE
npp_mean,Ardeola bacchus,-0.1946546591604753,-0.5632326692454869,0.1517857221162178,FALSE
npp_mean,Athene noctua,-0.05946140782108314,-0.69816637189574,0.6452005692897216,FALSE
npp_mean,Aythya ferina,0.2541984512419732,-0.26050543135431875,0.8118666752137165,FALSE
npp_mean,Aythya fuligula,-0.12975591046392462,-0.6961402908835036,0.5239364707188103,FALSE
npp_mean,Aythya nyroca,-0.05318256990785589,-0.5747847218778237,0.44949476150207845,FALSE
npp_mean,Bambusicola thoracicus,-0.15646978546413326,-0.6789821316939879,0.39607925479940986,FALSE
npp_mean,Bubulcus coromandus,0.031877251616029216,-0.3733249353235216,0.3931817243317636,FALSE
npp_mean,Buteo hemilasius,0.1084174525998491,-0.30043096729259505,0.49221495121264075,FALSE
npp_mean,Buteo japonicus,0.155945359955825,-0.3458863591851352,0.6931745627421069,FALSE
npp_mean,Butorides striata,-0.2895486326624765,-0.754946976449971,0.18621417200674958,FALSE
npp_mean,Carpodacus erythrinus,-0.06640337244774586,-0.48207277906855645,0.38633811260029477,FALSE
npp_mean,Cecropis daurica,-0.19518341061787398,-0.6927882574932889,0.2889129706192752,FALSE
npp_mean,Ceryle rudis,-0.4917540482303746,-0.9757289889805543,-0.014641737111527192,TRUE
npp_mean,Chaimarrornis leucocephalus,-0.07133572093407502,-0.6027697998717519,0.40061954518053033,FALSE
npp_mean,Charadrius alexandrinus,-0.08615886046952038,-0.4485760764371638,0.30607586438427653,FALSE
npp_mean,Charadrius dubius,0.1731423459070673,-0.31058972637475846,0.7223329054441918,FALSE
npp_mean,Chlidonias hybrida,0.16591476579810735,-0.3161982665388427,0.6298343114880888,FALSE
npp_mean,Chloris sinica,0.2963317101326715,-0.4189570817040974,0.9894875407509056,FALSE
npp_mean,Chroicocephalus ridibundus,0.26575212936964426,-0.1372035855169918,0.6684080536461608,FALSE
npp_mean,Cinclus pallasii,-0.3030135604339217,-0.6734815259725586,0.02700730614107629,FALSE
npp_mean,Circus cyaneus,-0.23162952890201058,-0.8411001301889404,0.41126076123812194,FALSE
npp_mean,Circus spilonotus,-0.13337406149391248,-0.5608222492243778,0.3137501631116045,FALSE
npp_mean,Cisticola juncidis,-0.9933232065967035,-1.493286070867445,-0.509862524684455,TRUE
npp_mean,Columba livia,-0.26957500478363317,-0.6186911822906842,0.11670846550063513,FALSE
npp_mean,Columba rupestris,-0.44495423555965274,-0.9275538879332493,0.023697770311215605,FALSE
npp_mean,Copsychus saularis,0.1306618761450935,-0.5010494479377057,0.8080713547423639,FALSE
npp_mean,Corvus corax,0.3578682244138267,-0.1292059625680253,0.8598169877713022,FALSE
npp_mean,Corvus corone,-0.04194206916696242,-0.5142897339038406,0.41192235789720977,FALSE
npp_mean,Corvus macrorhynchos,-0.2212873291046207,-0.5054102624070089,0.07248199925930554,FALSE
npp_mean,Cuculus canorus,-0.08049089143636955,-0.8650796641309942,0.7402614604766922,FALSE
npp_mean,Cuculus micropterus,-0.2911961016694902,-0.880316648335292,0.3038790033697649,FALSE
npp_mean,Cuculus sparverioides,-0.9534574545952822,-1.4846190303139386,-0.44298962937254516,TRUE
npp_mean,Culicicapa ceylonensis,-0.32615665841496055,-0.961290508386454,0.29035176267538115,FALSE
npp_mean,Cyanopica cyanus,-0.2973629991158382,-0.8303491166187719,0.20022921083985945,FALSE
npp_mean,Delichon dasypus,-0.07550022628885747,-0.4417806026568992,0.32931821756443613,FALSE
npp_mean,Dendrocitta formosae,-0.18169172295428943,-0.814884494338314,0.4539769131260964,FALSE
npp_mean,Dendrocopos major,-0.4360694066707784,-0.9257043793125296,0.05956084880045979,FALSE
npp_mean,Dicrurus hottentottus,-0.937741183731601,-1.4959649874099565,-0.35163223195086,TRUE
npp_mean,Dicrurus leucophaeus,-0.3679807167328182,-1.037270011258065,0.29800414218969934,FALSE
npp_mean,Dicrurus macrocercus,-0.941105624885294,-1.3951376979737902,-0.49677716452792897,TRUE
npp_mean,Egretta garzetta,-0.44420012674412024,-0.7721581495740982,-0.11205190904216707,TRUE
npp_mean,Elanus caeruleus,-0.6067377914905707,-1.1083557820871461,-0.13350889028029317,TRUE
npp_mean,Emberiza cioides,-0.27624500751938996,-0.810818985008836,0.27912823851188034,FALSE
npp_mean,Emberiza elegans,-0.5100896385146909,-1.012363645042839,-0.020538996176292387,TRUE
npp_mean,Emberiza godlewskii,-1.121567058975552,-1.516471390623691,-0.7121251184420858,TRUE
npp_mean,Emberiza pusilla,-0.26116123200524977,-0.8227517498231107,0.31656062646488986,FALSE
npp_mean,Emberiza spodocephala,0.2819743620591604,-0.3587099066834182,0.912697513591355,FALSE
npp_mean,Enicurus leschenaulti,-0.10565637966292472,-0.6149856082202653,0.44916987448219126,FALSE
npp_mean,Eophona migratoria,-0.6473650194812849,-1.1652621493072175,-0.14314727906093982,TRUE
npp_mean,Eremophila alpestris,-0.03941419743382604,-0.43778115584578997,0.36030531563834145,FALSE
npp_mean,Eudynamys scolopaceus,-0.7536039732578834,-1.2634368722819047,-0.278637002689349,TRUE
npp_mean,Eumyias thalassinus,-0.25481665847252133,-1.0168051753074352,0.5050935788342984,FALSE
npp_mean,Falco amurensis,-0.24113386092719913,-0.6450098596958874,0.16966211241152404,FALSE
npp_mean,Falco peregrinus,-0.13999576354952067,-0.6145362117653159,0.3704730636779275,FALSE
npp_mean,Falco subbuteo,0.05654866218177941,-0.5659111883463639,0.7005516051618804,FALSE
npp_mean,Falco tinnunculus,-0.03500873250761275,-0.6478017890318435,0.527072203839319,FALSE
npp_mean,Ficedula albicilla,-0.1590288565630767,-0.7729197941815703,0.4802675111373694,FALSE
npp_mean,Fringilla montifringilla,-0.3632741498038397,-0.9063674982052276,0.19465012171742843,FALSE
npp_mean,Fulica atra,0.13922328017689936,-0.27307928130552284,0.5601787373445288,FALSE
npp_mean,Gallinago gallinago,0.03767690853252386,-0.49593859448779976,0.5568262530563954,FALSE
npp_mean,Gallinula chloropus,0.24150840439160107,-0.1890674241010767,0.6821448930387924,FALSE
npp_mean,Garrulax canorus,-0.17902515631467927,-0.6528271940668681,0.32367895123455964,FALSE
npp_mean,Garrulus glandarius,-0.45444252871427693,-0.8052066820364335,-0.12944866319840198,TRUE
npp_mean,Gracupica nigricollis,-0.17069084742833346,-0.7861623811153414,0.41123568268848626,FALSE
npp_mean,Gyps himalayensis,-0.6227043867527885,-1.2821277911511757,0.03509747108175722,FALSE
npp_mean,Halcyon smyrnensis,-0.07317290462264832,-0.8960071327135989,0.7293184628598249,FALSE
npp_mean,Hemixos castanonotus,-0.31440525297425476,-1.025465161368345,0.44492262178794345,FALSE
npp_mean,Himantopus himantopus,0.17617533903444502,-0.2927978541651581,0.6215469511745132,FALSE
npp_mean,Hirundo rustica,0.26981267849844287,-0.26396388333668475,0.7700820533666212,FALSE
npp_mean,Horornis fortipes,-0.13148710000041092,-0.6054520691723546,0.3693333953349939,FALSE
npp_mean,Hypsipetes leucocephalus,-0.273864745335797,-1.0809734893076606,0.48881344495965673,FALSE
npp_mean,Ixobrychus sinensis,-0.520628672037986,-1.0283931897618341,-0.023449897422999706,TRUE
npp_mean,Ixos mcclellandii,-0.28270712722252345,-1.025774735825399,0.4513898802646634,FALSE
npp_mean,Lanius cristatus,0.2689450700092477,-0.3634688858293757,0.92552221301627,FALSE
npp_mean,Lanius schach,-0.2200075988501521,-0.5912285415725717,0.1329400688047596,FALSE
npp_mean,Lanius sphenocercus,-0.05279148834606051,-0.6682494771827864,0.4784993273809541,FALSE
npp_mean,Lanius tephronotus,-0.34998099668183275,-0.9027077955261547,0.2154224858804614,FALSE
npp_mean,Leiothrix lutea,0.136108466366255,-0.36508283670958075,0.6334348515987371,FALSE
npp_mean,Lonchura punctulata,0.031872715367914174,-0.7282971018696236,0.804053723195288,FALSE
npp_mean,Lonchura striata,-0.10360511126813654,-0.8294037654906402,0.5917353772028715,FALSE
npp_mean,Mareca falcata,0.011191315658459627,-0.5235420514825687,0.55184953775089,FALSE
npp_mean,Mareca penelope,0.06342963045767173,-0.4153768059027496,0.5759507952900491,FALSE
npp_mean,Mareca strepera,0.15201691823494093,-0.340397008043945,0.6580059938696184,FALSE
npp_mean,Mergus merganser,-0.37192630762206147,-1.069866248491943,0.33806466014674297,FALSE
npp_mean,Milvus migrans,0.2015019170112998,-0.1495716724771191,0.5304066229095616,FALSE
npp_mean,Monticola solitarius,-0.6329372037830313,-1.1057845706688436,-0.14559817730696809,TRUE
npp_mean,Motacilla alba,-0.31157423561085906,-1.0403027397504814,0.3986342442167163,FALSE
npp_mean,Motacilla cinerea,0.027798680584044808,-0.4697705778011504,0.5628285903653586,FALSE
npp_mean,Motacilla citreola,0.047077947452020395,-0.3479161784244056,0.4594551954503116,FALSE
npp_mean,Motacilla tschutschensis,-0.4534656143425636,-1.0798127806196922,0.12311036976134629,FALSE
npp_mean,Muscicapa sibirica,0.2016324068066839,-0.48275853572848076,0.8329098604662338,FALSE
npp_mean,Myophonus caeruleus,-0.37092244477245234,-0.9093490759389795,0.13796269564968697,FALSE
npp_mean,Nycticorax nycticorax,-0.14365746589852066,-0.5792429630541317,0.3122331725539291,FALSE
npp_mean,Oriolus chinensis,-0.3199477073145287,-0.9938777821648874,0.35352089996387165,FALSE
npp_mean,Pardaliparus venustulus,-0.767507263034073,-1.2859142968816866,-0.20097188354793205,TRUE
npp_mean,Parus minor,-0.66365414151667,-1.0491975768021935,-0.27452383571937194,TRUE
npp_mean,Parus monticolus,-0.00893067692928307,-0.48120527680083364,0.4422424941098605,FALSE
npp_mean,Passer cinnamomeus,-0.3561157042888602,-0.7189000593992341,0.011033531285828159,FALSE
npp_mean,Passer montanus,-0.010687789185857373,-0.7307692722648603,0.6810331509823434,FALSE
npp_mean,Pericrocotus solaris,-0.24402707750979055,-1.0593073259222616,0.545740469361227,FALSE
npp_mean,Periparus ater,-0.47242436358452594,-0.8930187658679218,-0.03322663102388719,TRUE
npp_mean,Pernis ptilorhynchus,-0.3387534593376883,-0.7894543736102836,0.11089076412574,FALSE
npp_mean,Phalacrocorax carbo,0.5255486537991353,-0.019909442687030206,1.115830408133795,FALSE
npp_mean,Phasianus colchicus,0.292177599473219,-0.2821036406520086,0.8680987940341544,FALSE
npp_mean,Phoenicurus auroreus,-0.2533931952231353,-0.7964878303161778,0.3852598694649096,FALSE
npp_mean,Phoenicurus frontalis,-0.07716704176149658,-0.595999690706444,0.46422286579734545,FALSE
npp_mean,Phoenicurus fuliginosus,-0.23998735108994138,-0.6091450336025303,0.09523690615760942,FALSE
npp_mean,Phoenicurus ochruros,-0.3957893585547754,-0.8787264805470344,0.07759973271994958,FALSE
npp_mean,Phylloscopus fuscatus,0.07902808843810621,-0.4590939225097819,0.5979811074433099,FALSE
npp_mean,Phylloscopus humei,-0.5451944731453876,-1.0608028655232251,-0.0313512827980373,TRUE
npp_mean,Phylloscopus inornatus,-0.07911930393804664,-0.5539843414640666,0.3957655355913064,FALSE
npp_mean,Phylloscopus proregulus,0.19141404407010587,-0.43072379621410006,0.7663562459881068,FALSE
npp_mean,Pica serica,-0.2478958353392588,-0.8269503899557757,0.2830806252937299,FALSE
npp_mean,Picoides canicapillus,-0.7387592496080001,-1.2503932287376003,-0.2168389950727973,TRUE
npp_mean,Picumnus innominatus,-0.255719766682854,-0.9625831611191238,0.4043480412077993,FALSE
npp_mean,Picus canus,-0.6160526442825079,-1.070588095196829,-0.18279483605925018,TRUE
npp_mean,Platalea leucorodia,0.09189710611463206,-0.3370421390515558,0.5283804371409201,FALSE
npp_mean,Podiceps cristatus,0.28080270545235764,-0.25331318409618225,0.8470343780368849,FALSE
npp_mean,Pomatorhinus ruficollis,-0.29444653846875174,-0.9805900157683325,0.3578511656381445,FALSE
npp_mean,Prinia flaviventris,0.29855288822033715,-0.5164395697894446,1.1247734514034595,FALSE
npp_mean,Prinia inornata,-0.48290297991576075,-1.1302964354678542,0.1763700801018584,FALSE
npp_mean,Psilopogon virens,0.16459246071085287,-0.5226275293687398,0.8514298366251892,FALSE
npp_mean,Pterorhinus sannio,-0.06751575626589357,-0.5635576000035003,0.4210514892856563,FALSE
npp_mean,Ptyonoprogne rupestris,-1.0781215762864307,-1.5647897766765964,-0.6124203686418305,TRUE
npp_mean,Pycnonotus aurigaster,0.10774924519177885,-0.7148335659559701,0.9520891630191031,FALSE
npp_mean,Pycnonotus jocosus,-0.08547060800686596,-0.7318405541661539,0.5535715962582931,FALSE
npp_mean,Pycnonotus sinensis,-0.8192391394428957,-1.2185436427229606,-0.38282282110664007,TRUE
npp_mean,Pycnonotus xanthorrhous,-0.019926283371803348,-0.49161769603855965,0.4265056809420311,FALSE
npp_mean,Pyrrhocorax pyrrhocorax,-0.8722625450054039,-1.2555025336575016,-0.49815130550919756,TRUE
npp_mean,Recurvirostra avosetta,-0.019329113640373513,-0.48162690283587206,0.392892631694619,FALSE
npp_mean,Regulus regulus,0.3006968666844984,-0.2472624205654486,0.862295609935836,FALSE
npp_mean,Riparia diluta,0.143488708566227,-0.2615520036326832,0.561787239728604,FALSE
npp_mean,Riparia riparia,0.5853526600917054,-0.006023403225639021,1.1477848187363018,FALSE
npp_mean,Saxicola ferreus,-0.3143533040839908,-1.0269375231906992,0.34676387470485687,FALSE
npp_mean,Saxicola maurus,-0.03877871316599628,-0.5363470168378351,0.43546802883293834,FALSE
npp_mean,Saxicola stejnegeri,-0.18322778470890688,-0.7597116613380869,0.34388008699465883,FALSE
npp_mean,Sinosuthora webbiana,-1.6523835329057093,-2.1889646682619706,-1.1589996572989427,TRUE
npp_mean,Sitta europaea,-0.3554518228081006,-0.6708662231739784,-0.06273316416765448,TRUE
npp_mean,Spatula clypeata,0.12938160202490273,-0.3526554634449254,0.6143039844154096,FALSE
npp_mean,Spilopelia chinensis,-1.0414507662847783,-1.420639791991898,-0.6388952102615727,TRUE
npp_mean,Spizixos semitorques,-0.07619460199316562,-0.450385246513711,0.2938819819576624,FALSE
npp_mean,Spodiopsar cineraceus,-0.015106359545756644,-0.6928711767866743,0.6285203869691347,FALSE
npp_mean,Spodiopsar sericeus,-0.4200564761660671,-0.843118495018036,-0.0026936480259094893,TRUE
npp_mean,Stachyridopsis ruficeps,-0.2788980023901876,-1.0004768380924651,0.518568521237687,FALSE
npp_mean,Sterna hirundo,0.14757367580026348,-0.3217710953392364,0.6155852580271389,FALSE
npp_mean,Streptopelia decaocto,-0.4396226865525646,-0.8857184139419279,-0.007557107060817752,TRUE
npp_mean,Streptopelia orientalis,0.08034543496576697,-0.30776734338998357,0.5085917465750976,FALSE
npp_mean,Tachybaptus ruficollis,-0.1697130753153201,-0.5733560500843076,0.24869190076243783,FALSE
npp_mean,Tadorna ferruginea,-0.008029302610351383,-0.4016232934163948,0.3673723819960182,FALSE
npp_mean,Tadorna tadorna,0.3901213569519042,-0.08686781290579687,0.8811612856883524,FALSE
npp_mean,Tarsiger cyanurus,-0.07113859615689738,-0.663391689133572,0.4558964986769239,FALSE
npp_mean,Tringa erythropus,-0.15958071149780872,-0.6873773953786679,0.38417525166299055,FALSE
npp_mean,Tringa glareola,0.2258686390225471,-0.2608236102619794,0.6595796617281301,FALSE
npp_mean,Tringa nebularia,0.22272081894346352,-0.15961627436067305,0.632530603863036,FALSE
npp_mean,Tringa ochropus,0.048987784733941504,-0.47830333818907544,0.63396477402698,FALSE
npp_mean,Tringa totanus,0.014713667911400946,-0.3181910700305672,0.3834537865585437,FALSE
npp_mean,Trochalopteron elliotii,-0.0634630836904169,-0.46497812748077955,0.3308917028604302,FALSE
npp_mean,Troglodytes troglodytes,0.19183262393673187,-0.37948776424222047,0.7901297594073078,FALSE
npp_mean,Turdus eunomus,-0.3363678019506217,-0.9940544760991874,0.39229819864470034,FALSE
npp_mean,Turdus hortulorum,-0.18301842969859572,-0.6160619126924621,0.2420070399947235,FALSE
npp_mean,Turdus mandarinus,-0.2656887639074421,-0.6473866258090869,0.08212514051455777,FALSE
npp_mean,Turdus naumanni,-0.03930357069372913,-0.6257508742245086,0.5568383616327082,FALSE
npp_mean,Upupa epops,0.03187214242700866,-0.5770595206970563,0.6783312292170449,FALSE
npp_mean,Urocissa erythroryncha,-0.609552294560287,-1.0138886088942123,-0.2091064621291741,TRUE
npp_mean,Vanellus cinereus,0.041751954893627166,-0.45061004134429294,0.5234133276313301,FALSE
npp_mean,Vanellus vanellus,0.43189830168082444,0.03810685456659617,0.8464079923336786,TRUE
npp_mean,Yungipicus canicapillus,-0.5329260325178341,-0.8990543579194782,-0.1496535722281804,TRUE
npp_mean,Zosterops simplex,-0.8778321952151763,-1.3021378410631237,-0.45528370819998926,TRUE
texture_contrast,Abroscopus albogularis,-0.04444238097590647,-0.4204033182623176,0.29144404015744424,FALSE
texture_contrast,Accipiter nisus,0.004034609801780628,-0.3930723596561952,0.3993440235464063,FALSE
texture_contrast,Accipiter soloensis,-0.037717025223223434,-0.4364656020187048,0.35434957268176465,FALSE
texture_contrast,Accipiter trivirgatus,0.029175135640667097,-0.404413993693022,0.4266435582584436,FALSE
texture_contrast,Accipiter virgatus,0.10146883325824582,-0.3039136589210042,0.5035503837658601,FALSE
texture_contrast,Acridotheres cristatellus,-0.12377113136447038,-0.4356691148257217,0.16024290400161273,FALSE
texture_contrast,Acrocephalus orientalis,0.1760289462917861,-0.0895268525788882,0.4795209531171067,FALSE
texture_contrast,Actitis hypoleucos,0.28993309461489075,-0.025540360013486467,0.6648304636686762,FALSE
texture_contrast,Aegithalos concinnus,-0.06989304281794598,-0.46172274903558774,0.25322275876948275,FALSE
texture_contrast,Aegithalos glaucogularis,0.1371476657024759,-0.1584550452281859,0.4535687212119224,FALSE
texture_contrast,Aethopyga christinae,0.0328065347259182,-0.32252763043785654,0.42375622205813146,FALSE
texture_contrast,Aix galericulata,0.13384028354976948,-0.191818426020034,0.494637195719233,FALSE
texture_contrast,Alauda arvensis,0.08091865745054266,-0.25757402201284196,0.43159601328106717,FALSE
texture_contrast,Alauda gulgula,-0.08703309882926158,-0.42450561707685047,0.20991089277301467,FALSE
texture_contrast,Alcedo atthis,0.16589934588593575,-0.12631684092691287,0.5058370231621658,FALSE
texture_contrast,Amaurornis phoenicurus,0.06316673835512736,-0.28116916291034066,0.4162628587333277,FALSE
texture_contrast,Anas acuta,0.36115267168621706,0.061431875946316356,0.7168798947186599,TRUE
texture_contrast,Anas carolinensis,0.1934442147938985,-0.04773851883205112,0.4483485416012069,FALSE
texture_contrast,Anas platyrhynchos,0.16405400720405106,-0.17027745363106098,0.5076638330788648,FALSE
texture_contrast,Anas zonorhyncha,0.14215281578598815,-0.0854372376099894,0.36754812780484303,FALSE
texture_contrast,Anser anser,0.1956858911252114,-0.08135343614804177,0.541457790454021,FALSE
texture_contrast,Anthus hodgsoni,0.1622383101303957,-0.08428460448352228,0.4285451117426419,FALSE
texture_contrast,Anthus richardi,-0.11167628245833637,-0.447201328836453,0.22598723206467977,FALSE
texture_contrast,Anthus roseatus,0.48106746251741267,0.15981427547458935,0.8208555126994449,TRUE
texture_contrast,Anthus rubescens,0.08196203220904705,-0.28114761292799745,0.43167544976716676,FALSE
texture_contrast,Anthus spinoletta,0.15277838421187914,-0.18352644969843612,0.49537502935741173,FALSE
texture_contrast,Apus apus,0.1627737926870302,-0.20873393060287887,0.514512556612459,FALSE
texture_contrast,Apus nipalensis,0.03929087446418126,-0.34933571170480293,0.4168264262880689,FALSE
texture_contrast,Apus pacificus,0.15596505028898677,-0.19629278901653827,0.5120449802870851,FALSE
texture_contrast,Aquila chrysaetos,-0.3307309610713206,-0.7049767046068873,0.052255533183051,FALSE
texture_contrast,Ardea alba,0.2050494294927863,-0.1070393615603523,0.530723289785572,FALSE
texture_contrast,Ardea cinerea,0.1068111012505423,-0.13379735616805125,0.36477408464228533,FALSE
texture_contrast,Ardeola bacchus,0.22872262218997289,-0.026005206276643728,0.4932383116056811,FALSE
texture_contrast,Athene noctua,-0.19256674125611595,-0.6211449131152467,0.16058981968063793,FALSE
texture_contrast,Aythya ferina,0.14025913559169528,-0.11720736067546833,0.4037863947428496,FALSE
texture_contrast,Aythya fuligula,0.17025285078725558,-0.12813367624219027,0.48149011490723737,FALSE
texture_contrast,Aythya nyroca,0.1210411422365775,-0.1648482374717956,0.4658716667525906,FALSE
texture_contrast,Bambusicola thoracicus,-0.019759085253045976,-0.3968465782649176,0.3239551571991607,FALSE
texture_contrast,Bubulcus coromandus,-0.014455112354726081,-0.32169927132602827,0.2661588836726007,FALSE
texture_contrast,Buteo hemilasius,0.0807533524658818,-0.25395819029835065,0.4100033742472847,FALSE
texture_contrast,Buteo japonicus,0.14534306876843775,-0.16995292939242657,0.45260691651842616,FALSE
texture_contrast,Butorides striata,0.08186795524608419,-0.24132841331691265,0.4371844397446941,FALSE
texture_contrast,Carpodacus erythrinus,-0.048771791040434685,-0.38290295215876374,0.2675087820702245,FALSE
texture_contrast,Cecropis daurica,0.04810292179363066,-0.23929511469051432,0.35003400252352307,FALSE
texture_contrast,Ceryle rudis,-0.046245974181743664,-0.40877858332085354,0.29326589162901606,FALSE
texture_contrast,Chaimarrornis leucocephalus,-0.0364730179194162,-0.40835878800929026,0.29074912305485456,FALSE
texture_contrast,Charadrius alexandrinus,0.004302106293600012,-0.24999206380002753,0.2690597451148426,FALSE
texture_contrast,Charadrius dubius,0.12420394749126519,-0.2259025686684842,0.5067172686925904,FALSE
texture_contrast,Chlidonias hybrida,0.06075149880610493,-0.20549875573111034,0.34827604519234784,FALSE
texture_contrast,Chloris sinica,-0.048383893206326224,-0.4294934850467283,0.3212948975691585,FALSE
texture_contrast,Chroicocephalus ridibundus,0.1474355377766105,-0.0813421669969606,0.405103862582004,FALSE
texture_contrast,Cinclus pallasii,-0.04618161292971015,-0.3104632143263039,0.19210353559687962,FALSE
texture_contrast,Circus cyaneus,0.20738770779422533,-0.11338253741870016,0.6159480423869799,FALSE
texture_contrast,Circus spilonotus,0.18179141523654865,-0.08871126308198489,0.47474510819333454,FALSE
texture_contrast,Cisticola juncidis,0.08340568343827215,-0.2859719438825471,0.4293464439485155,FALSE
texture_contrast,Columba livia,-0.01486795561908879,-0.2526688980292235,0.2319984931403679,FALSE
texture_contrast,Columba rupestris,-0.18127880223790155,-0.5088779016082731,0.11975940594269492,FALSE
texture_contrast,Copsychus saularis,0.10947386953156575,-0.24037443741428427,0.46335912083295183,FALSE
texture_contrast,Corvus corax,0.06729124181455878,-0.20343420760598288,0.3480261450110273,FALSE
texture_contrast,Corvus corone,0.2845498818190875,-0.03800005437250113,0.6133382118142366,FALSE
texture_contrast,Corvus macrorhynchos,0.12090831431409486,-0.05915625458123438,0.3116483945677052,FALSE
texture_contrast,Cuculus canorus,0.057585859576518524,-0.3583956982351697,0.44914799451175835,FALSE
texture_contrast,Cuculus micropterus,0.052918336826218285,-0.33457242641169055,0.41759706853695844,FALSE
texture_contrast,Cuculus sparverioides,0.0015444791806684492,-0.3667887735140059,0.3193044099363962,FALSE
texture_contrast,Culicicapa ceylonensis,0.0231166304062636,-0.3592705463580101,0.3721817924606297,FALSE
texture_contrast,Cyanopica cyanus,0.22148048798782108,-0.031060116305940008,0.5059355572388599,FALSE
texture_contrast,Delichon dasypus,-0.061935054701397034,-0.35114806723331327,0.2286997604213198,FALSE
texture_contrast,Dendrocitta formosae,-9.634372845572618e-4,-0.37751423618292324,0.38169452359607514,FALSE
texture_contrast,Dendrocopos major,0.19166662357153452,-0.07486752315001285,0.4840300923351157,FALSE
texture_contrast,Dicrurus hottentottus,0.09262640385734114,-0.268080474219927,0.4493522565796081,FALSE
texture_contrast,Dicrurus leucophaeus,0.21044975335249344,-0.14791707036471835,0.5638325007158645,FALSE
texture_contrast,Dicrurus macrocercus,-0.03732152074440901,-0.37431138199550307,0.2802730251630966,FALSE
texture_contrast,Egretta garzetta,-0.07355233966802015,-0.32393678015977934,0.16809395159513985,FALSE
texture_contrast,Elanus caeruleus,-0.026764742391961725,-0.35459218433747475,0.32255733232942213,FALSE
texture_contrast,Emberiza cioides,0.2845445991280382,1.692264417055835e-5,0.5850656905332254,TRUE
texture_contrast,Emberiza elegans,0.1402917350681939,-0.13078655876332215,0.4294301229615292,FALSE
texture_contrast,Emberiza godlewskii,0.22130602834370233,-0.0854958198014086,0.5355616723341813,FALSE
texture_contrast,Emberiza pusilla,0.021996574047536563,-0.31184378211037533,0.3262761223582169,FALSE
texture_contrast,Emberiza spodocephala,0.17669454211875682,-0.149098526165891,0.5404492369721507,FALSE
texture_contrast,Enicurus leschenaulti,-0.018622774315922318,-0.38697555602079814,0.3277612056541187,FALSE
texture_contrast,Eophona migratoria,-0.03845970077888106,-0.3513080808571128,0.3007133780801366,FALSE
texture_contrast,Eremophila alpestris,0.016582914855926084,-0.2940266847795506,0.31864484335326476,FALSE
texture_contrast,Eudynamys scolopaceus,-0.036093651075641955,-0.4014905775761813,0.3003836911493277,FALSE
texture_contrast,Eumyias thalassinus,0.06032956813077594,-0.3461448088138071,0.4153537542945975,FALSE
texture_contrast,Falco amurensis,0.12374607908582065,-0.10368062606450021,0.38943389736918654,FALSE
texture_contrast,Falco peregrinus,0.09710605027285357,-0.18656423181616494,0.3793441952944907,FALSE
texture_contrast,Falco subbuteo,0.1597701251086966,-0.1658796432811051,0.49667961549376516,FALSE
texture_contrast,Falco tinnunculus,0.14276614942089877,-0.23439413635091788,0.5217424789533057,FALSE
texture_contrast,Ficedula albicilla,-0.09245844514791589,-0.4587276596236611,0.25020192819297005,FALSE
texture_contrast,Fringilla montifringilla,0.24299646422791624,-0.05870932737462338,0.6007003240701269,FALSE
texture_contrast,Fulica atra,0.09792413474483104,-0.12246185353530385,0.32451544401895427,FALSE
texture_contrast,Gallinago gallinago,-0.046134759273203936,-0.3794362917701646,0.26007514490202993,FALSE
texture_contrast,Gallinula chloropus,0.19053710609223884,-0.12397486997449915,0.5434506996180665,FALSE
texture_contrast,Garrulax canorus,-0.023132278563459122,-0.36902428804742937,0.32841062468267446,FALSE
texture_contrast,Garrulus glandarius,0.08205912859801762,-0.13900536237538985,0.3175255752685036,FALSE
texture_contrast,Gracupica nigricollis,-0.027944734777234817,-0.38823874633023253,0.33134546219717687,FALSE
texture_contrast,Gyps himalayensis,0.05682046435356427,-0.29655447607018853,0.4329807767677941,FALSE
texture_contrast,Halcyon smyrnensis,0.06411136071876329,-0.310265257321025,0.42489049245077165,FALSE
texture_contrast,Hemixos castanonotus,0.03223015985697736,-0.3861644719652632,0.4349467967883359,FALSE
texture_contrast,Himantopus himantopus,0.10623517800848291,-0.2005079582788569,0.42055370271075443,FALSE
texture_contrast,Hirundo rustica,0.15993194251793996,-0.1862191702316186,0.5048053398071949,FALSE
texture_contrast,Horornis fortipes,-0.12077430829030168,-0.5052906157021286,0.203726421990018,FALSE
texture_contrast,Hypsipetes leucocephalus,0.04773443872834489,-0.3545423160640368,0.43053772513485544,FALSE
texture_contrast,Ixobrychus sinensis,0.23118872373166321,-0.10103076196690837,0.590549274974352,FALSE
texture_contrast,Ixos mcclellandii,0.03663215112294009,-0.40532309320889076,0.45522011422083886,FALSE
texture_contrast,Lanius cristatus,-0.04925222509613972,-0.36457153101885104,0.2721991771605394,FALSE
texture_contrast,Lanius schach,-0.04184316755610982,-0.3414441591752173,0.2382820415538733,FALSE
texture_contrast,Lanius sphenocercus,0.2506065965627533,0.00873204014732656,0.5281529120126124,TRUE
texture_contrast,Lanius tephronotus,-0.05795114157540482,-0.39371622407477225,0.28561154168389774,FALSE
texture_contrast,Leiothrix lutea,-0.007445785439462984,-0.3726003452394652,0.3178613888123886,FALSE
texture_contrast,Lonchura punctulata,0.03668996528324418,-0.3671754113640412,0.4821373092681044,FALSE
texture_contrast,Lonchura striata,0.010907621305063033,-0.39296540311951617,0.36826615814479857,FALSE
texture_contrast,Mareca falcata,0.23188191119788618,-0.07578732158640414,0.5612487541570533,FALSE
texture_contrast,Mareca penelope,0.16565103200887138,-0.10628036434305344,0.4933803108861357,FALSE
texture_contrast,Mareca strepera,0.1781929107921884,-0.11580017283605573,0.4709337352956925,FALSE
texture_contrast,Mergus merganser,0.1367313970346694,-0.1817370213230578,0.4673432798696853,FALSE
texture_contrast,Milvus migrans,0.10992432272481242,-0.1485648643533924,0.4116050824677396,FALSE
texture_contrast,Monticola solitarius,0.03320642822513373,-0.27837736366893095,0.3559401872974242,FALSE
texture_contrast,Motacilla alba,0.07358183893422185,-0.2481831583042693,0.4207570438460787,FALSE
texture_contrast,Motacilla cinerea,0.1840806603619435,-0.12343130983100627,0.5059809593127186,FALSE
texture_contrast,Motacilla citreola,0.03726594039513235,-0.24312578679409444,0.33713314499981206,FALSE
texture_contrast,Motacilla tschutschensis,-0.016721521488771023,-0.3345407101565551,0.29283670174505655,FALSE
texture_contrast,Muscicapa sibirica,0.11646526405222696,-0.24598903254155327,0.48708801662400403,FALSE
texture_contrast,Myophonus caeruleus,-0.009811374915420692,-0.35714840157487915,0.319160212895471,FALSE
texture_contrast,Nycticorax nycticorax,0.01699559456720652,-0.23813288741159291,0.3113638834569102,FALSE
texture_contrast,Oriolus chinensis,0.1502807661616003,-0.20033862796078655,0.5006874186386248,FALSE
texture_contrast,Pardaliparus venustulus,0.03758284869167178,-0.25705449277078063,0.38926311110976,FALSE
texture_contrast,Parus minor,0.06046843596923465,-0.1714960269809651,0.2873527429164313,FALSE
texture_contrast,Parus monticolus,0.02391972684473136,-0.32002407649450576,0.33030182901486926,FALSE
texture_contrast,Passer cinnamomeus,-0.003536231728505349,-0.26669355357101104,0.26664472623418545,FALSE
texture_contrast,Passer montanus,0.10117212817410118,-0.22683562609025232,0.4650803338327739,FALSE
texture_contrast,Pericrocotus solaris,0.05744722245890647,-0.34225127880170336,0.48411166360742597,FALSE
texture_contrast,Periparus ater,0.08136458492440672,-0.15319986510204073,0.33737805956592776,FALSE
texture_contrast,Pernis ptilorhynchus,0.07830730128197633,-0.22559015146541733,0.3823514710820346,FALSE
texture_contrast,Phalacrocorax carbo,0.18146788446728354,-0.10993440541349896,0.524779711232585,FALSE
texture_contrast,Phasianus colchicus,0.3216311013012795,-0.034910962387983926,0.6687965551389189,FALSE
texture_contrast,Phoenicurus auroreus,0.12402604731052749,-0.21044335300242975,0.4589920494525109,FALSE
texture_contrast,Phoenicurus frontalis,0.022632305790506374,-0.3118225600074076,0.3555995452787534,FALSE
texture_contrast,Phoenicurus fuliginosus,-0.04157731886033282,-0.37163545334970766,0.2533400946330712,FALSE
texture_contrast,Phoenicurus ochruros,-0.219088113387223,-0.6137469351588924,0.13253547643295027,FALSE
texture_contrast,Phylloscopus fuscatus,0.19486954062138173,-0.10158598882467382,0.5099948697623552,FALSE
texture_contrast,Phylloscopus humei,0.14974573773285377,-0.16592968889049642,0.4670419563759563,FALSE
texture_contrast,Phylloscopus inornatus,0.1798253555875355,-0.1491106628582984,0.5458340488337317,FALSE
texture_contrast,Phylloscopus proregulus,0.08158890293403852,-0.2549187205558929,0.43464873599593973,FALSE
texture_contrast,Pica serica,0.1710974602652561,-0.042620282428810184,0.3932219037787146,FALSE
texture_contrast,Picoides canicapillus,0.02970062451332304,-0.3168535361104056,0.35504280652245257,FALSE
texture_contrast,Picumnus innominatus,0.023462613148476842,-0.3397876256709408,0.36805793019686933,FALSE
texture_contrast,Picus canus,-0.030233666757448794,-0.2888373694487424,0.25699962440859725,FALSE
texture_contrast,Platalea leucorodia,0.12791603413949026,-0.11624217753678567,0.3824607056707102,FALSE
texture_contrast,Podiceps cristatus,0.2579974014410254,0.010118168907814603,0.5777438657421601,TRUE
texture_contrast,Pomatorhinus ruficollis,0.02952756198251218,-0.3728482197300148,0.42856209624267405,FALSE
texture_contrast,Prinia flaviventris,0.08758471391993684,-0.28157455553242433,0.4416494495878138,FALSE
texture_contrast,Prinia inornata,0.10258505350517293,-0.2906275421833876,0.4656142347281369,FALSE
texture_contrast,Psilopogon virens,0.032342947957166655,-0.328448546482812,0.4308765652917321,FALSE
texture_contrast,Pterorhinus sannio,-0.07070889930304175,-0.4547884614901455,0.2609565021481964,FALSE
texture_contrast,Ptyonoprogne rupestris,0.32257012001481483,-0.017918732368655058,0.6843815649556171,FALSE
texture_contrast,Pycnonotus aurigaster,0.07635848077798359,-0.34349144188660924,0.4790914181971201,FALSE
texture_contrast,Pycnonotus jocosus,0.10008797113326186,-0.27738789941475106,0.5061738043187488,FALSE
texture_contrast,Pycnonotus sinensis,0.0114067589885578,-0.22989550776034381,0.2576139626962583,FALSE
texture_contrast,Pycnonotus xanthorrhous,-0.014924115156294535,-0.3606255531681581,0.30693665737185544,FALSE
texture_contrast,Pyrrhocorax pyrrhocorax,0.12087664807754933,-0.1388400559441007,0.39498416221558963,FALSE
texture_contrast,Recurvirostra avosetta,0.08065464863065204,-0.16407830981613275,0.35928341999279617,FALSE
texture_contrast,Regulus regulus,-0.11278151455257614,-0.44409806114337347,0.20558588976705142,FALSE
texture_contrast,Riparia diluta,0.010031042664465263,-0.2720110628346892,0.30889632616902085,FALSE
texture_contrast,Riparia riparia,-0.08141370183861474,-0.47247450796940865,0.30861115223143926,FALSE
texture_contrast,Saxicola ferreus,0.055384607532868606,-0.313882002821484,0.41773425306701484,FALSE
texture_contrast,Saxicola maurus,0.15382201759480713,-0.16947435840263325,0.5110145726986061,FALSE
texture_contrast,Saxicola stejnegeri,0.1676111361570054,-0.20419231284134567,0.574608528606147,FALSE
texture_contrast,Sinosuthora webbiana,-0.005377319866289817,-0.3036584516233023,0.29978378887450696,FALSE
texture_contrast,Sitta europaea,0.05681273616426728,-0.15375781058685412,0.2751412957555357,FALSE
texture_contrast,Spatula clypeata,0.2449339882164011,-0.04257332938804995,0.5884338362870746,FALSE
texture_contrast,Spilopelia chinensis,-0.13699295773205167,-0.3944750016728042,0.10186110206141252,FALSE
texture_contrast,Spizixos semitorques,-0.07873180162115695,-0.4101381502013418,0.20408330817942866,FALSE
texture_contrast,Spodiopsar cineraceus,0.003064234273255615,-0.3134825469855517,0.3123349973087805,FALSE
texture_contrast,Spodiopsar sericeus,-0.1144635701828236,-0.4382636980313162,0.17900995816616166,FALSE
texture_contrast,Stachyridopsis ruficeps,0.047803434078618395,-0.3085799485541467,0.4297257669067998,FALSE
texture_contrast,Sterna hirundo,0.10951977283491952,-0.16362184019459833,0.4472191568793985,FALSE
texture_contrast,Streptopelia decaocto,0.06088829228141165,-0.21347219452867694,0.37315668364114324,FALSE
texture_contrast,Streptopelia orientalis,0.3319478793649337,0.01702661069995007,0.6872716301323597,TRUE
texture_contrast,Tachybaptus ruficollis,0.030287960501105517,-0.19027194322358115,0.25591541807462725,FALSE
texture_contrast,Tadorna ferruginea,0.08541504509538876,-0.16958661514895382,0.3753894041293957,FALSE
texture_contrast,Tadorna tadorna,0.041797941165783815,-0.2249171086950726,0.31487354863064815,FALSE
texture_contrast,Tarsiger cyanurus,-0.26047781372646106,-0.636328172722519,0.07102219354271885,FALSE
texture_contrast,Tringa erythropus,0.09829455963122334,-0.2165531209446558,0.41076879419763845,FALSE
texture_contrast,Tringa glareola,0.05584820578464834,-0.2007862843447471,0.3344321518387114,FALSE
texture_contrast,Tringa nebularia,0.1959244414362874,-0.07782813175155591,0.49424235108087283,FALSE
texture_contrast,Tringa ochropus,0.14234646347589808,-0.11217947303191673,0.44548635965445227,FALSE
texture_contrast,Tringa totanus,0.04144600325111689,-0.21023567981099053,0.31412709921110243,FALSE
texture_contrast,Trochalopteron elliotii,0.01784463447616662,-0.2975021160067186,0.31158766813984257,FALSE
texture_contrast,Troglodytes troglodytes,-0.01412406982965869,-0.3674149230203726,0.37072790928887833,FALSE
texture_contrast,Turdus eunomus,0.18767608303117686,-0.11419438875797118,0.5107702543497372,FALSE
texture_contrast,Turdus hortulorum,-0.0037459721386559706,-0.3152553504101899,0.307425038079629,FALSE
texture_contrast,Turdus mandarinus,-0.0962854474934494,-0.3752137756924318,0.16540606152460524,FALSE
texture_contrast,Turdus naumanni,0.22065895884507003,-0.05549092094099294,0.5089584971007621,FALSE
texture_contrast,Upupa epops,-0.04918342436418969,-0.3971970872681329,0.3355627364483904,FALSE
texture_contrast,Urocissa erythroryncha,0.11205159298699671,-0.1501342861403797,0.39163746068055905,FALSE
texture_contrast,Vanellus cinereus,0.03602573054000992,-0.2925291931226327,0.37152501467396,FALSE
texture_contrast,Vanellus vanellus,-0.012001726927571834,-0.2885603594544722,0.29303342818278816,FALSE
texture_contrast,Yungipicus canicapillus,0.049421180350031735,-0.21549914284040714,0.3099833391785048,FALSE
texture_contrast,Zosterops simplex,-0.049124810803548864,-0.3879354998585991,0.26761875107211286,FALSE
year_scaled,Abroscopus albogularis,0.5493778510130504,0.19325595290658562,0.9132702149163479,TRUE
year_scaled,Accipiter nisus,0.5346741700849023,0.09564851755914375,0.9578654802809192,TRUE
year_scaled,Accipiter soloensis,0.28074276369706946,-0.12802303970923085,0.7316483306391036,FALSE
year_scaled,Accipiter trivirgatus,0.5334090104510397,0.08017614715827692,1.0077358184048397,TRUE
year_scaled,Accipiter virgatus,0.481124137995098,0.04893645436493296,0.863016581446727,TRUE
year_scaled,Acridotheres cristatellus,0.42214946687463195,0.08970739608238233,0.7966709986712011,TRUE
year_scaled,Acrocephalus orientalis,0.5770313370545176,0.12780389788712226,1.0012395237663512,TRUE
year_scaled,Actitis hypoleucos,0.32172230448272476,-0.10835880027045922,0.7377482503468408,FALSE
year_scaled,Aegithalos concinnus,0.3169736714045303,0.004987465496485659,0.6285019579814415,TRUE
year_scaled,Aegithalos glaucogularis,0.6066173482480821,0.23422946475394313,0.9543426731566896,TRUE
year_scaled,Aethopyga christinae,0.7003960751421078,0.18014536335092246,1.189313451317619,TRUE
year_scaled,Aix galericulata,0.582800324125823,0.16096811829017207,0.9709910072709221,TRUE
year_scaled,Alauda arvensis,0.6279068512901651,0.20857226668958634,1.0193293784328195,TRUE
year_scaled,Alauda gulgula,0.16358866287595722,-0.28211733310746473,0.6852322781328062,FALSE
year_scaled,Alcedo atthis,0.35487074404755065,0.016295903093363463,0.6585282252979453,TRUE
year_scaled,Amaurornis phoenicurus,0.4095260768765953,0.04335875113867976,0.7985276804298042,TRUE
year_scaled,Anas acuta,0.38615977235650273,0.010498302495797134,0.764523411961964,TRUE
year_scaled,Anas carolinensis,0.45739523504325347,0.10087876434536698,0.8169304384353554,TRUE
year_scaled,Anas platyrhynchos,0.5361971098501995,0.1759231665441566,0.8953106002535066,TRUE
year_scaled,Anas zonorhyncha,0.5000652548704037,0.10207347285987099,0.8613876940645567,TRUE
year_scaled,Anser anser,0.4546833872092858,0.11908204080669298,0.7698484712274104,TRUE
year_scaled,Anthus hodgsoni,0.15640234563614622,-0.25158575309183184,0.6362035325848785,FALSE
year_scaled,Anthus richardi,0.1938108184542665,-0.1961580588564236,0.5485451253654899,FALSE
year_scaled,Anthus roseatus,0.35801945657580364,-0.04349636681785076,0.7355939143813738,FALSE
year_scaled,Anthus rubescens,0.5434631532911158,0.12423222386766479,0.906177279415616,TRUE
year_scaled,Anthus spinoletta,0.5233233631980754,0.09779316863289093,0.9023934941686153,TRUE
year_scaled,Apus apus,0.2366721984388769,-0.13842335629254388,0.6449937856033078,FALSE
year_scaled,Apus nipalensis,0.49982740627164163,0.12988714606960397,0.8452086590006337,TRUE
year_scaled,Apus pacificus,0.283441068396662,-0.15734052012196503,0.7428591703215349,FALSE
year_scaled,Aquila chrysaetos,0.26070149177387614,-0.07385194066192187,0.6223620831216491,FALSE
year_scaled,Ardea alba,0.42193893678478184,0.11648708877764076,0.7343321181475504,TRUE
year_scaled,Ardea cinerea,0.560455549961622,0.1533478876512078,0.910241966279642,TRUE
year_scaled,Ardeola bacchus,0.28215699307486397,-0.06170465316639832,0.6163169253096805,FALSE
year_scaled,Athene noctua,0.29762190933009436,-0.13259165891676186,0.7677037884185937,FALSE
year_scaled,Aythya ferina,0.4103569738550281,0.03962593395360536,0.7766399443071172,TRUE
year_scaled,Aythya fuligula,0.27464956427708626,-0.0748934484577748,0.6551043117846197,FALSE
year_scaled,Aythya nyroca,0.4727502421235225,0.08754757730084019,0.828024834858891,TRUE
year_scaled,Bambusicola thoracicus,0.434368610471491,0.0920562762655804,0.7874952129584791,TRUE
year_scaled,Bubulcus coromandus,0.23524215211005953,-0.21282125838843347,0.7159341326404642,FALSE
year_scaled,Buteo hemilasius,0.3599988784512823,-0.0409746557369453,0.7719996992898033,FALSE
year_scaled,Buteo japonicus,0.5042689867157802,0.07634280278722329,0.9027331857267119,TRUE
year_scaled,Butorides striata,0.3737369393766084,-0.004325885077989138,0.7687368054545471,FALSE
year_scaled,Carpodacus erythrinus,0.28475712834475503,-0.07829184298868225,0.6543448746714767,FALSE
year_scaled,Cecropis daurica,0.26253304295559254,-0.1373417088568556,0.7238449408567212,FALSE
year_scaled,Ceryle rudis,0.5353703149348388,0.13738190507702058,0.9001316655825392,TRUE
year_scaled,Chaimarrornis leucocephalus,0.09450485280636525,-0.33571711423274864,0.5772871760401472,FALSE
year_scaled,Charadrius alexandrinus,0.3682016566632827,0.051971871219313806,0.6902512171381457,TRUE
year_scaled,Charadrius dubius,0.42797519891187474,0.08011410606585273,0.7676021124294418,TRUE
year_scaled,Chlidonias hybrida,0.6627896548723861,0.23963267676613217,1.0229297640496755,TRUE
year_scaled,Chloris sinica,0.4199930067448844,0.07399289032051178,0.7476748547510843,TRUE
year_scaled,Chroicocephalus ridibundus,0.49198111152225404,0.10294443526482863,0.8348412464841682,TRUE
year_scaled,Cinclus pallasii,0.21400821229316083,-0.10576893818310629,0.6180122342654405,FALSE
year_scaled,Circus cyaneus,0.5343788947735683,0.14102752545032243,0.9132790948307299,TRUE
year_scaled,Circus spilonotus,0.38972194676675176,-0.0546662375878056,0.8072639732656759,FALSE
year_scaled,Cisticola juncidis,0.21712556276013562,-0.18762960088508457,0.63294650879952,FALSE
year_scaled,Columba livia,0.2784510716378166,-0.26779201640345934,0.8017215177732103,FALSE
year_scaled,Columba rupestris,0.44609729802331,0.05667871134501871,0.8172807705651116,TRUE
year_scaled,Copsychus saularis,0.40711984908287807,0.02235155604107399,0.7639006495887459,TRUE
year_scaled,Corvus corax,0.2131800234248795,-0.16523924370872906,0.6488158371167247,FALSE
year_scaled,Corvus corone,0.44133659611372306,0.11088902804859686,0.7760350219770722,TRUE
year_scaled,Corvus macrorhynchos,0.2887960099335319,-0.07502586996217152,0.6752528640211138,FALSE
year_scaled,Cuculus canorus,0.673184659444166,0.18071862270554476,1.132718453201068,TRUE
year_scaled,Cuculus micropterus,0.5809354118641852,0.16198133994596803,0.9830000930081729,TRUE
year_scaled,Cuculus sparverioides,0.136583351207806,-0.3562530094820034,0.6417912338162112,FALSE
year_scaled,Culicicapa ceylonensis,0.2797827548611949,-0.08958553018229029,0.6544522418483334,FALSE
year_scaled,Cyanopica cyanus,0.38346984700473974,0.08199890048573598,0.7265761836591865,TRUE
year_scaled,Delichon dasypus,0.1866320157231408,-0.3083156739106487,0.6956175319893383,FALSE
year_scaled,Dendrocitta formosae,0.4523843649524328,0.10836668840556288,0.7762146325360059,TRUE
year_scaled,Dendrocopos major,0.2831212165429123,-0.05177885990747271,0.7312155864472236,FALSE
year_scaled,Dicrurus hottentottus,0.16588416791595165,-0.26785014772345106,0.5937991579746502,FALSE
year_scaled,Dicrurus leucophaeus,0.33407032403724485,-0.03687539520598595,0.7354171112684301,FALSE
year_scaled,Dicrurus macrocercus,0.1471236720715675,-0.2547957494145307,0.6128041603311404,FALSE
year_scaled,Egretta garzetta,0.5352071714964249,0.16587598198011763,0.8191378983791452,TRUE
year_scaled,Elanus caeruleus,0.4984917559378064,0.10559855915857178,0.8902067712642504,TRUE
year_scaled,Emberiza cioides,0.4039442030110099,0.05411044222664555,0.7981165153275881,TRUE
year_scaled,Emberiza elegans,0.3414361410846517,-0.09840274760888332,0.7576703971194927,FALSE
year_scaled,Emberiza godlewskii,0.11141246679793537,-0.2822790600855953,0.5951867069467857,FALSE
year_scaled,Emberiza pusilla,0.39912808704787606,0.051881378345917155,0.7683210770423641,TRUE
year_scaled,Emberiza spodocephala,0.4143543645372772,0.03331911446016957,0.7609498914936174,TRUE
year_scaled,Enicurus leschenaulti,0.31521577643645293,-0.0062071167412912276,0.6643997402692919,FALSE
year_scaled,Eophona migratoria,0.33306359706716865,-0.007313630202242962,0.6840723102596973,FALSE
year_scaled,Eremophila alpestris,0.23937441150850564,-0.12529937547082998,0.6337488171577804,FALSE
year_scaled,Eudynamys scolopaceus,0.5700696881452284,0.1453572677380722,0.9838118938600285,TRUE
year_scaled,Eumyias thalassinus,0.34783004168293963,-0.012955792450020376,0.7154451452338076,FALSE
year_scaled,Falco amurensis,0.6553841289617763,0.24734936091867726,1.0101901309784898,TRUE
year_scaled,Falco peregrinus,0.3493076932148598,-0.06780490732795647,0.8091333084464707,FALSE
year_scaled,Falco subbuteo,0.34606375474199985,-0.027054871844090847,0.7454168479737695,FALSE
year_scaled,Falco tinnunculus,0.5997680794120183,0.21850586858493584,0.9466353094182431,TRUE
year_scaled,Ficedula albicilla,0.27107555620243295,-0.15832649458361447,0.7241361618701965,FALSE
year_scaled,Fringilla montifringilla,0.6972410199528845,0.22542694506287164,1.067111001736432,TRUE
year_scaled,Fulica atra,0.714073860495781,0.27984148299102485,1.085581521960182,TRUE
year_scaled,Gallinago gallinago,0.3722114857805845,0.01392677412144114,0.7029248438567379,TRUE
year_scaled,Gallinula chloropus,0.648354230773736,0.266116249059929,0.9600080918231898,TRUE
year_scaled,Garrulax canorus,0.5873402044483272,0.10356409918728404,1.1366666691467153,TRUE
year_scaled,Garrulus glandarius,0.2467700237393835,-0.060380544582256584,0.6371756006472703,FALSE
year_scaled,Gracupica nigricollis,0.5374908164082143,0.11628352307434166,0.8970686329727973,TRUE
year_scaled,Gyps himalayensis,0.2275787235933072,-0.11269655468982774,0.6441219720325063,FALSE
year_scaled,Halcyon smyrnensis,0.4654544477719811,0.11201108414626042,0.8182623588085881,TRUE
year_scaled,Hemixos castanonotus,0.6914207073941911,0.23999817002320037,1.1275187933523367,TRUE
year_scaled,Himantopus himantopus,0.6700629965115389,0.28515984540186656,0.9934438117221058,TRUE
year_scaled,Hirundo rustica,0.5127050274837236,0.1675202903727327,0.8447116645074999,TRUE
year_scaled,Horornis fortipes,0.43203432825954186,0.10013665952064782,0.7818925872314116,TRUE
year_scaled,Hypsipetes leucocephalus,0.34505731753619234,-0.0043997656862696626,0.6901319652879796,FALSE
year_scaled,Ixobrychus sinensis,0.45560368772536647,0.1140970513831033,0.8272844279552514,TRUE
year_scaled,Ixos mcclellandii,0.6971541083837974,0.22782764170461964,1.1018751815386862,TRUE
year_scaled,Lanius cristatus,0.2791782135968332,-0.1349609730148801,0.7093683553203591,FALSE
year_scaled,Lanius schach,0.5259332318746228,0.15247201565590082,0.8552332365210491,TRUE
year_scaled,Lanius sphenocercus,0.6297900772780679,0.16314938231467593,1.074131605381449,TRUE
year_scaled,Lanius tephronotus,0.21930736700839562,-0.15653850710107295,0.6388032404507493,FALSE
year_scaled,Leiothrix lutea,0.19960509206746746,-0.19428317716168308,0.6383213733924485,FALSE
year_scaled,Lonchura punctulata,0.6019834091925363,0.08373192609634841,1.0893748413649746,TRUE
year_scaled,Lonchura striata,0.5289803645561987,0.1635641274961258,0.9052008673129198,TRUE
year_scaled,Mareca falcata,0.533421262968638,0.0831417836384055,0.9990098276073189,TRUE
year_scaled,Mareca penelope,0.399002121619063,-0.005943138791432533,0.7874552957133278,FALSE
year_scaled,Mareca strepera,0.46036971895914763,0.07633664852987707,0.8350588942298387,TRUE
year_scaled,Mergus merganser,0.381635015875656,0.022169933775299182,0.7477043846960174,TRUE
year_scaled,Milvus migrans,0.30447587396256764,-0.03939488124501071,0.6903988275822909,FALSE
year_scaled,Monticola solitarius,0.19347969650527497,-0.19246627384291454,0.6544973010894624,FALSE
year_scaled,Motacilla alba,0.46111433195752183,0.0182475905284217,0.8699354578702283,TRUE
year_scaled,Motacilla cinerea,0.3630518395945462,-0.05205508211603711,0.7783106776126558,FALSE
year_scaled,Motacilla citreola,0.4338524587152379,0.034974981411004,0.7655740163387134,TRUE
year_scaled,Motacilla tschutschensis,0.4456309940203809,0.07985303586497235,0.787287352452651,TRUE
year_scaled,Muscicapa sibirica,0.2517920665304714,-0.2520745639939407,0.6957714920610452,FALSE
year_scaled,Myophonus caeruleus,0.32068585893147317,-0.016459645509674024,0.6232780629719706,FALSE
year_scaled,Nycticorax nycticorax,0.5080013788307026,0.16519551841667204,0.8409218596023698,TRUE
year_scaled,Oriolus chinensis,0.5134086109402894,0.10144071988656235,0.9485757039208349,TRUE
year_scaled,Pardaliparus venustulus,0.22235883722759478,-0.2009604830033875,0.6858761637119645,FALSE
year_scaled,Parus minor,0.37022135011548396,0.0018695275492779514,0.7041888661761767,TRUE
year_scaled,Parus monticolus,0.19724361023827441,-0.0905982378010813,0.5394920491058309,FALSE
year_scaled,Passer cinnamomeus,0.38728735434029216,0.0018254151515419534,0.8995317614374515,TRUE
year_scaled,Passer montanus,0.6468562206856134,0.20556949368024396,1.0719645920245995,TRUE
year_scaled,Pericrocotus solaris,0.6438022908819627,0.2016336658503425,1.0441585600309629,TRUE
year_scaled,Periparus ater,0.1671708348880753,-0.135712106501356,0.5377390187908465,FALSE
year_scaled,Pernis ptilorhynchus,0.46649352126324284,0.11451176284744728,0.8209756927078351,TRUE
year_scaled,Phalacrocorax carbo,0.4419927936480651,0.11983010524164411,0.7572302634947128,TRUE
year_scaled,Phasianus colchicus,0.5628631137323469,0.2069031207493249,0.9042630473289129,TRUE
year_scaled,Phoenicurus auroreus,0.3183923326393828,-0.030931675459037477,0.6894102802683942,FALSE
year_scaled,Phoenicurus frontalis,0.23227144671985234,-0.10002124068104117,0.6325719617213543,FALSE
year_scaled,Phoenicurus fuliginosus,0.35219442118950756,0.074003914211108,0.6908792204492253,TRUE
year_scaled,Phoenicurus ochruros,0.2886941591182435,-0.08429981865565465,0.7041136511032627,FALSE
year_scaled,Phylloscopus fuscatus,0.30721970491491246,-0.0985573701475011,0.7108134301178025,FALSE
year_scaled,Phylloscopus humei,0.28404409449618123,-0.09428339209391551,0.6763687195725266,FALSE
year_scaled,Phylloscopus inornatus,0.5441103476145747,0.1210275799932364,0.9489915097886317,TRUE
year_scaled,Phylloscopus proregulus,0.4159946134559282,0.03059281667013223,0.8206508743752376,TRUE
year_scaled,Pica serica,0.7882035597049346,0.29753253596287194,1.179354853318466,TRUE
year_scaled,Picoides canicapillus,0.5436863443837834,0.02445338230027229,1.0579939717490214,TRUE
year_scaled,Picumnus innominatus,0.3993598501416688,0.007945444915899826,0.7655026580040333,TRUE
year_scaled,Picus canus,0.2534490686984675,-0.08558564730690629,0.6390110378451233,FALSE
year_scaled,Platalea leucorodia,0.5729779168399247,0.040478182332984156,1.0560174538792388,TRUE
year_scaled,Podiceps cristatus,0.541107003358237,0.17061130063851354,0.8785103333171145,TRUE
year_scaled,Pomatorhinus ruficollis,0.45936885485105333,0.11095029464715842,0.790180309589223,TRUE
year_scaled,Prinia flaviventris,0.5437607893920108,0.04798186657213714,0.9817993505502252,TRUE
year_scaled,Prinia inornata,0.5525622575439673,0.08099123340969316,1.0363486311881331,TRUE
year_scaled,Psilopogon virens,0.5521676350695892,0.14508058555899173,0.9033257715492174,TRUE
year_scaled,Pterorhinus sannio,0.5902022288644552,0.2210935252458732,0.9067161312943005,TRUE
year_scaled,Ptyonoprogne rupestris,0.2984323737076398,-0.09539712745630244,0.7120494487554251,FALSE
year_scaled,Pycnonotus aurigaster,0.6065102892297045,0.14109251657910696,1.0461146624529305,TRUE
year_scaled,Pycnonotus jocosus,0.5423894595488263,0.19738751024404919,0.8769638947233717,TRUE
year_scaled,Pycnonotus sinensis,0.47950517906075457,0.11157047576041886,0.8053087238185734,TRUE
year_scaled,Pycnonotus xanthorrhous,0.40286600321371635,0.08157472479922466,0.7181667537641608,TRUE
year_scaled,Pyrrhocorax pyrrhocorax,0.2659775680846969,-0.0806998271548751,0.6617481828298263,FALSE
year_scaled,Recurvirostra avosetta,0.5789225982122124,0.14294458942102695,0.9259522660180916,TRUE
year_scaled,Regulus regulus,0.06412343877893405,-0.3489021386738841,0.538740425874089,FALSE
year_scaled,Riparia diluta,0.2981569628079781,-0.07133884121303231,0.6909536443952492,FALSE
year_scaled,Riparia riparia,0.5068743119063704,0.1590858659000683,0.8596349058694338,TRUE
year_scaled,Saxicola ferreus,0.34114585102866923,-0.03423835296494864,0.739888212214818,FALSE
year_scaled,Saxicola maurus,0.547119695236322,0.07410371810714332,0.9920629169796445,TRUE
year_scaled,Saxicola stejnegeri,0.6008334848658436,0.14408584726735166,1.0347996759771556,TRUE
year_scaled,Sinosuthora webbiana,0.5286549822284999,0.1832690175624802,0.8398252556532315,TRUE
year_scaled,Sitta europaea,0.3097273599746551,-0.041494246903397175,0.6959408795348697,FALSE
year_scaled,Spatula clypeata,0.4555811675460143,0.0797669047957507,0.806483833755861,TRUE
year_scaled,Spilopelia chinensis,0.7284654261133479,0.28149465093439757,1.0849982907926163,TRUE
year_scaled,Spizixos semitorques,0.4790035220709594,0.18573423306269976,0.7713522790754804,TRUE
year_scaled,Spodiopsar cineraceus,0.7418274406616,0.2500399064328332,1.1931255414526505,TRUE
year_scaled,Spodiopsar sericeus,0.6603774458135999,0.2200229931207867,1.0563282194733206,TRUE
year_scaled,Stachyridopsis ruficeps,0.23115580609838018,-0.14942411094696684,0.6955805987419844,FALSE
year_scaled,Sterna hirundo,0.44597670682141893,0.09387135613540534,0.7663546463683653,TRUE
year_scaled,Streptopelia decaocto,0.526014757747443,0.1834982053396089,0.8370292572386185,TRUE
year_scaled,Streptopelia orientalis,0.4499348775371158,0.11838425003588206,0.7946081063025429,TRUE
year_scaled,Tachybaptus ruficollis,0.6152012135220591,0.2198123574012396,0.9249993668477853,TRUE
year_scaled,Tadorna ferruginea,0.5749500746986921,0.21505387562001924,0.9151593458297125,TRUE
year_scaled,Tadorna tadorna,0.47459075773130494,0.10213830824559032,0.8138464721648642,TRUE
year_scaled,Tarsiger cyanurus,0.34981201982691357,-0.0339506131180451,0.7125753097428,FALSE
year_scaled,Tringa erythropus,0.500785417492549,0.17288610865491033,0.821933024057464,TRUE
year_scaled,Tringa glareola,0.3005506478208082,-0.09455861336607643,0.7282806420455521,FALSE
year_scaled,Tringa nebularia,0.3460523987330388,0.043708409113420284,0.6904578615488015,TRUE
year_scaled,Tringa ochropus,0.47378553409765756,0.05853968917704828,0.8515724155707285,TRUE
year_scaled,Tringa totanus,0.31755617182316936,0.012505334117726214,0.6426676299796391,TRUE
year_scaled,Trochalopteron elliotii,0.05676010665840382,-0.26052142751646534,0.464150768611349,FALSE
year_scaled,Troglodytes troglodytes,0.13350812318290778,-0.2646706885897829,0.6060856487833082,FALSE
year_scaled,Turdus eunomus,0.28147633418693396,-0.06579913492734281,0.6730024793581182,FALSE
year_scaled,Turdus hortulorum,0.46788529389880995,0.0574264330931831,0.8481012751036998,TRUE
year_scaled,Turdus mandarinus,0.5431950089743283,0.19254601186981818,0.8733132293947294,TRUE
year_scaled,Turdus naumanni,0.5784062587560878,0.19428751281155493,0.9643710300561402,TRUE
year_scaled,Upupa epops,0.5280299246421516,0.1943861751330944,0.8431734414888292,TRUE
year_scaled,Urocissa erythroryncha,0.6318264625823559,0.11948473413102292,1.2684992343174473,TRUE
year_scaled,Vanellus cinereus,0.6852244627424691,0.20859011594352686,1.0923725182276818,TRUE
year_scaled,Vanellus vanellus,0.4528780813010668,0.11125086613693648,0.8514548772457124,TRUE
year_scaled,Yungipicus canicapillus,0.3120697827859171,-0.033628001939855844,0.7139830521955857,FALSE
year_scaled,Zosterops simplex,0.40637527340907886,0.037641870446690644,0.808725992999984,TRUE
