grid_cell,block_id,block_label,centroid_lon,centroid_lat,detection_prob_comm_mean,detection_prob_comm_median,detection_prob_comm_l95,detection_prob_comm_u95,log_events_ref,log_observers_ref,duration_min_ref
55,3,2010-2014,121.76672167788523,53.220628624847755,NA,NA,NA,NA,0.6931471805599453,0.6931471805599453,NA
56,3,2010-2014,122.6259880512578,53.26185729168209,NA,NA,NA,NA,0.6931471805599453,0.6931471805599453,NA
56,5,2020-2024,122.6259880512578,53.26185729168209,0.3484567312663521,0.348075142594631,0.21468889831383306,0.5098607945032613,2.585241997519076,2.381086967398878,191.26666666666665
57,3,2010-2014,123.50381425901432,53.28723680119337,NA,NA,NA,NA,1.0986122886681098,0.6931471805599453,NA
57,5,2020-2024,123.50381425901432,53.28723680119337,0.2713245631792845,0.2600947840538894,0.07398600163902817,0.5811730428058154,2.1383330595080277,2.0126758453675744,399.4047619047619
128,3,2010-2014,122.62003628231469,52.82123800100551,NA,NA,NA,NA,0.6931471805599453,0.6931471805599453,NA
128,4,2015-2019,122.62003628231469,52.82123800100551,NA,NA,NA,NA,0.6931471805599453,0.6931471805599453,NA
128,5,2020-2024,122.62003628231469,52.82123800100551,0.20156485513378697,0.20204466409066046,0.1484111969178451,0.2668229190116825,1.791759469228055,1.7005986908310775,94.25
129,5,2020-2024,123.51835156643419,52.82123800100551,0.11502405319813132,0.11546121225421203,0.09077990121159978,0.14220668693904218,1.0986122886681098,1.0986122886681098,60
130,5,2020-2024,124.41644529384645,52.82108709522525,0.08040630164076219,0.08033214644587716,0.06303523420246096,0.10004928093486849,0.6931471805599453,0.6931471805599453,60
198,5,2020-2024,120.96829322790097,52.282076961806844,NA,NA,NA,NA,0.6931471805599453,0.6931471805599453,NA
199,4,2015-2019,121.72172099819515,52.27498606676315,NA,NA,NA,NA,2.1972245773362196,1.0986122886681098,NA
199,5,2020-2024,121.72172099819515,52.27498606676315,0.17503104541715653,0.1758388867923401,0.13824055118250667,0.21711976766486235,1.666102255087602,1.1512925464970227,63.333333333333336
203,5,2020-2024,125.31498213467323,52.27498606676315,0.3126746072843939,0.08896728022879924,1.6487169145608178e-5,0.9968974570103841,1.0986122886681098,1.0986122886681098,2259
204,5,2020-2024,126.03928756661632,52.24244350881215,0.08040630164076219,0.08033214644587716,0.06303523420246096,0.10004928093486849,0.6931471805599453,0.6931471805599453,60
270,3,2010-2014,120.8482612732761,51.70552270449054,0.3166488603304651,0.05712285080136907,1.1575591213839914e-6,0.9993198033225512,0.6931471805599453,0.6931471805599453,2820
270,4,2015-2019,120.8482612732761,51.70552270449054,0.11432542816467216,0.07486574116969338,0.007451477617039551,0.4343009408935076,0.6931471805599453,0.6931471805599453,630
270,5,2020-2024,120.8482612732761,51.70552270449054,0.3552219755672966,0.19241276799604828,2.7426182314520774e-4,0.9928047959235509,1.9356005054539454,1.9356005054539454,1767.9333333333334
271,3,2010-2014,121.72172099819515,51.72191801112358,NA,NA,NA,NA,0.6931471805599453,0.6931471805599453,NA
271,4,2015-2019,121.72172099819515,51.72191801112358,NA,NA,NA,NA,1.0986122886681098,1.0986122886681098,NA
271,5,2020-2024,121.72172099819515,51.72191801112358,0.2945818431845843,0.19449882794490977,0.004094753899110302,0.9182389279646375,1.9033312448851598,1.4978661367769954,1070.625
272,3,2010-2014,122.62003628231469,51.72191801112358,NA,NA,NA,NA,0.6931471805599453,0.6931471805599453,NA
272,4,2015-2019,122.62003628231469,51.72191801112358,NA,NA,NA,NA,0.6931471805599453,0.6931471805599453,NA
272,5,2020-2024,122.62003628231469,51.72191801112358,0.125078659516158,0.112766018145047,0.03423460103614452,0.29586585546687016,1.0986122886681098,1.0986122886681098,345
274,5,2020-2024,124.41666685055372,51.72191801112358,0.11581851042288101,0.11527524442907727,0.10354605234138907,0.1306577181942167,1.0986122886681098,1.0986122886681098,5
276,5,2020-2024,126.17024356538282,51.702582948461824,0.09415893142657113,0.09330606968498567,0.06702940093116924,0.1259289895982932,0.8958797346140275,0.6931471805599453,90
277,5,2020-2024,126.70987310416244,51.494570334539254,0.18510207053102576,0.07133764464813391,7.628442181383958e-4,0.8486744307468645,0.6931471805599453,0.6931471805599453,1200
341,5,2020-2024,120.05288481088691,51.1289574617765,0.2130368704071852,0.20740061791615994,0.09707308629796631,0.37863998573186297,1.8444397270569683,1.732867951399863,246.5
342,5,2020-2024,120.82340571407563,51.1620009602833,0.14514230352729085,0.14101025231867292,0.0725029670372595,0.24660835018762564,1.354025100551105,1.354025100551105,202.5
343,3,2010-2014,121.72172099819515,51.1620009602833,0.08066418086995945,0.0794241801112486,0.05134818944227062,0.11538702979271058,0.6931471805599453,0.6931471805599453,120
343,4,2015-2019,121.72172099819515,51.1620009602833,0.08645822336846111,0.07828510891049537,0.02742775702611936,0.194283452164545,0.6931471805599453,0.6931471805599453,300
343,5,2020-2024,121.72172099819515,51.1620009602833,0.20383438631586237,0.20026056415732302,0.11991437759011499,0.3099015920643988,1.8187930798631928,1.5890269151739729,169.11111111111111
344,5,2020-2024,122.62003628231469,51.1620009602833,NA,NA,NA,NA,0.6931471805599453,0.6931471805599453,NA
345,5,2020-2024,123.51835156643419,51.1620009602833,0.08645822336846111,0.07828510891049537,0.02742775702611936,0.194283452164545,0.6931471805599453,0.6931471805599453,300
347,5,2020-2024,125.31498213467323,51.1620009602833,0.12508449368957036,0.11686843504385917,0.044403737851307,0.2613082120510018,1.1512925464970227,1.0397207708399179,285.125
412,5,2020-2024,119.34348521922756,50.476663395402674,0.13008411170620368,0.12964397470421413,0.09286441356903392,0.17580784904326244,1.2424533248940002,1.2424533248940002,97
413,5,2020-2024,119.92545525326737,50.594981556312646,0.17348081550043076,0.17345922032603206,0.11533702739387007,0.2465999073344451,1.5890269151739727,1.5890269151739727,126.71428571428571
414,3,2010-2014,120.82340571407563,50.59520423372765,NA,NA,NA,NA,0.6931471805599453,0.6931471805599453,NA
414,5,2020-2024,120.82340571407563,50.59520423372765,0.44772795726849446,0.06311022068709896,2.0170921161310587e-17,0.9999999999999124,1.4978661367769954,1.4978661367769954,9210.464285714284
415,3,2010-2014,121.72172099819515,50.59520423372765,NA,NA,NA,NA,0.6931471805599453,0.6931471805599453,NA
415,4,2015-2019,121.72172099819515,50.59520423372765,0.11027055723532693,0.11029346594573236,0.0937669464962948,0.12813942004609538,1.0986122886681098,0.6931471805599453,30
415,5,2020-2024,121.72172099819515,50.59520423372765,0.13529716386842103,0.12600989272542795,0.04583857187650832,0.288728161804436,1.2424533248940002,1.0986122886681098,300
416,1,2000-2004,122.62003628231469,50.59520423372765,NA,NA,NA,NA,1.0986122886681098,0.6931471805599453,NA
416,5,2020-2024,122.62003628231469,50.59520423372765,NA,NA,NA,NA,0.6931471805599453,0.6931471805599453,NA
417,5,2020-2024,123.51835156643419,50.59520423372765,0.08040630164076219,0.08033214644587716,0.06303523420246096,0.10004928093486849,0.6931471805599453,0.6931471805599453,60
418,4,2015-2019,124.41666685055372,50.59520423372765,NA,NA,NA,NA,0.6931471805599453,0.6931471805599453,NA
418,5,2020-2024,124.41666685055372,50.59520423372765,0.14339081997459324,0.12619773634214299,0.03180695562890302,0.36476784461417744,1.2424533248940002,1.1512925464970227,397
483,2,2005-2009,118.46972250206176,49.791925528401364,NA,NA,NA,NA,1.0986122886681098,0.6931471805599453,NA
483,4,2015-2019,118.46972250206176,49.791925528401364,NA,NA,NA,NA,0.6931471805599453,0.6931471805599453,NA
484,4,2015-2019,119.13284538063802,49.9216220029174,NA,NA,NA,NA,1.3862943611198906,1.0986122886681098,NA
484,5,2020-2024,119.13284538063802,49.9216220029174,0.3620322148753721,0.3653861893128515,0.2520949180981707,0.49302813377364657,2.6390573296152584,2.4849066497880004,145.89285714285714
485,1,2000-2004,119.9250904299561,50.021499450700304,NA,NA,NA,NA,1.3862943611198906,0.6931471805599453,NA
485,2,2005-2009,119.9250904299561,50.021499450700304,NA,NA,NA,NA,0.6931471805599453,0.6931471805599453,NA
485,4,2015-2019,119.9250904299561,50.021499450700304,0.11432542816467216,0.07486574116969338,0.007451477617039551,0.4343009408935076,0.6931471805599453,0.6931471805599453,630
485,5,2020-2024,119.9250904299561,50.021499450700304,0.08142036476784675,0.07925014493435875,0.043953697898693654,0.13056533483049207,0.6931471805599453,0.6931471805599453,165.05718475073314
486,5,2020-2024,120.82340571407563,50.021499450700304,NA,NA,NA,NA,0.6931471805599453,0.6931471805599453,NA
487,4,2015-2019,121.72172099819515,50.021499450700304,NA,NA,NA,NA,2.0794415416798357,0.6931471805599453,NA
487,5,2020-2024,121.72172099819515,50.021499450700304,0.08043515898164054,0.0793364620123122,0.05655442847570672,0.10794747038831573,0.6931471805599453,0.6931471805599453,91.83333333333334
488,4,2015-2019,122.62003628231469,50.021499450700304,NA,NA,NA,NA,0.6931471805599453,0.6931471805599453,NA
493,3,2010-2014,127.07175202779695,50.015963241049114,0.2539018928007205,0.06478544966846667,4.6903777364582916e-5,0.9839608221616827,0.6931471805599453,0.6931471805599453,1896
493,5,2020-2024,127.07175202779695,50.015963241049114,0.12995073217652442,0.12636607314419446,0.07243402582309563,0.20450799288470226,1.2424533248940002,1.1512925464970227,168
554,3,2010-2014,117.19879746264533,49.400794096827376,0.10679911227720928,0.09393461986217982,0.026487353478544456,0.2663661853858968,0.8958797346140275,0.8958797346140275,360
554,4,2015-2019,117.19879746264533,49.400794096827376,0.11084373445203055,0.11039721741237978,0.09975455115864344,0.12483705515791371,1.0986122886681098,0.6931471805599453,0
554,5,2020-2024,117.19879746264533,49.400794096827376,0.29323534002771456,0.2877162938349409,0.11527595254283535,0.5439847614070549,2.3269801750787615,1.8920948169591307,314.4
555,4,2015-2019,118.16546798198165,49.407414090645936,0.17825297641424576,0.10127644765324467,0.0040665371923152595,0.7162249121634815,1.0986122886681098,0.6931471805599453,870
555,5,2020-2024,118.16546798198165,49.407414090645936,0.199765703357782,0.20046797102725955,0.15334274642019696,0.2519072178434255,1.7776740307447068,1.7005986908310775,75
556,3,2010-2014,119.0267751458366,49.440860638347424,NA,NA,NA,NA,0.6931471805599453,0.6931471805599453,NA
556,5,2020-2024,119.0267751458366,49.440860638347424,0.3212700469140471,0.3167085989975849,0.1164243399392164,0.6045291437201795,2.470821211304652,1.9944920232821373,346.3333333333333
557,1,2000-2004,119.9250904299561,49.440860638347424,NA,NA,NA,NA,0.6931471805599453,0.6931471805599453,NA
557,2,2005-2009,119.9250904299561,49.440860638347424,NA,NA,NA,NA,0.6931471805599453,0.6931471805599453,NA
557,3,2010-2014,119.9250904299561,49.440860638347424,NA,NA,NA,NA,1.0986122886681098,0.6931471805599453,NA
557,4,2015-2019,119.9250904299561,49.440860638347424,0.19775530221082488,0.18747188796223896,0.06803134286985951,0.40669454478068545,1.791759469228055,1.0986122886681098,315
557,5,2020-2024,119.9250904299561,49.440860638347424,0.42646156425644927,0.35815764372648634,0.002309631475915673,0.9900307817674238,2.833213344056216,2.1972245773362196,1440
558,4,2015-2019,120.82340571407563,49.440860638347424,NA,NA,NA,NA,1.8444397270569683,0.8958797346140275,NA
558,5,2020-2024,120.82340571407563,49.440860638347424,0.1794738887362096,0.1740237557411491,0.08324554617702065,0.3182045160953549,1.6094379124341003,1.6094379124341003,232.25
559,3,2010-2014,121.72172099819515,49.440860638347424,NA,NA,NA,NA,2.6364997792818734,1.868834809141684,NA
559,4,2015-2019,121.72172099819515,49.440860638347424,0.49646971060152756,0.4434256100654616,9.920119629843827e-7,0.9999963059682322,3.5553480614894135,2.3978952727983707,3540
559,5,2020-2024,121.72172099819515,49.440860638347424,0.6225062605084647,0.7085586513010519,0.0699183152035562,0.98529546833108,4.343805421853684,3.044522437723423,929.1153846153845
560,4,2015-2019,122.62003628231469,49.440860638347424,NA,NA,NA,NA,2.021525633917275,0.8958797346140275,NA
560,5,2020-2024,122.62003628231469,49.440860638347424,0.24434440425766618,0.13296010211970788,0.0021589705360689493,0.892391126072259,1.3862943611198906,1.3862943611198906,1114.5
561,5,2020-2024,123.51835156643419,49.440860638347424,0.25956380858657835,0.10828978601277314,4.5266899400001943e-4,0.9576116754405607,1.2424533248940002,0.8958797346140275,1456.6666666666665
563,4,2015-2019,125.31498213467326,49.440860638347424,NA,NA,NA,NA,0.6931471805599453,0.6931471805599453,NA
563,5,2020-2024,125.31498213467326,49.440860638347424,0.11497049806291938,0.1147903499919156,0.08562016853844238,0.15046409715942377,1.0986122886681098,1.0986122886681098,81.58333333333334
564,4,2015-2019,126.21329741879276,49.440860638347424,NA,NA,NA,NA,1.3862943611198906,0.6931471805599453,NA
566,5,2020-2024,127.9870705312759,49.362860946853445,0.14711398777574328,0.14744775730536383,0.12100726799336965,0.17493257603215212,1.3862943611198906,1.3862943611198906,41.333333333333336
567,5,2020-2024,128.8311491841014,49.30378025244225,0.14683906537091912,0.1466208490452532,0.10255653384074045,0.2019057655005016,1.3862943611198906,1.3862943611198906,106.66666666666666
568,5,2020-2024,129.4888550168273,49.242159287071196,0.17220943034927774,0.17285686221321855,0.13208165894925133,0.21825992398055993,1.6094379124341003,1.3862943611198906,74.75
592,2,2005-2009,86.92038426779793,48.81714642002576,0.11520212324189126,0.11426373810206839,0.07583733423152329,0.16330492452562237,1.0986122886681098,1.0986122886681098,118
592,3,2010-2014,86.92038426779793,48.81714642002576,NA,NA,NA,NA,1.4451858789480823,1.2424533248940002,NA
592,4,2015-2019,86.92038426779793,48.81714642002576,0.2822287587433396,0.18504255196739994,0.0047340384442832945,0.8985469270885423,1.791759469228055,1.791759469228055,1020
592,5,2020-2024,86.92038426779793,48.81714642002576,0.5024441860760385,0.5226029980175866,0.15017478123919276,0.8603491978490205,3.341054298724904,2.9907071056272403,496.07936507936506
593,3,2010-2014,87.51750421515183,48.81971384764546,0.08645822336846111,0.07828510891049537,0.02742775702611936,0.194283452164545,0.6931471805599453,0.6931471805599453,300
593,4,2015-2019,87.51750421515183,48.81971384764546,0.17056168217606105,0.10793691638956962,0.007061063310810073,0.6398363503452875,1.1512925464970227,0.8958797346140275,750
593,5,2020-2024,87.51750421515183,48.81971384764546,0.31020032477418563,0.30666092316872645,0.18000348116146866,0.4685312365071977,2.445174564110877,1.9033312448851598,199.07142857142856
625,5,2020-2024,116.39460587608608,48.83263639573477,0.11502405319813132,0.11546121225421203,0.09077990121159978,0.14220668693904218,1.0986122886681098,1.0986122886681098,60
626,2,2005-2009,117.23014457759756,48.85326434139967,NA,NA,NA,NA,0.6931471805599453,0.6931471805599453,NA
626,3,2010-2014,117.23014457759756,48.85326434139967,NA,NA,NA,NA,1.1512925464970227,1.0397207708399179,NA
626,4,2015-2019,117.23014457759756,48.85326434139967,0.2964688384382086,0.15035695596252907,7.123724209964626e-4,0.9690704478231775,1.6094379124341003,1.3862943611198906,1440
626,5,2020-2024,117.23014457759756,48.85326434139967,0.2024811161094164,0.20371060345494374,0.14344162439460995,0.2767030972122565,1.844439727056968,1.3862943611198906,110
627,3,2010-2014,118.12845986171706,48.85326434139967,0.0803957208056947,0.07991688210815558,0.05888681329754662,0.10494998277229037,0.6931471805599453,0.6931471805599453,80
627,4,2015-2019,118.12845986171706,48.85326434139967,NA,NA,NA,NA,0.6931471805599453,0.6931471805599453,NA
627,5,2020-2024,118.12845986171706,48.85326434139967,0.08040630164076219,0.08033214644587716,0.06303523420246096,0.10004928093486849,0.6931471805599453,0.6931471805599453,60
628,4,2015-2019,119.0267751458366,48.85326434139967,NA,NA,NA,NA,1.4451858789480823,0.8958797346140275,NA
628,5,2020-2024,119.0267751458366,48.85326434139967,0.1468102842959189,0.14715269350113658,0.11325244988483603,0.18570205794403682,1.3862943611198906,1.3862943611198906,70
629,4,2015-2019,119.9250904299561,48.85326434139967,0.4386843329260689,0.036215341496572434,1.2415064113003456e-17,0.9999999999998216,0.8958797346140275,0.8958797346140275,9180
629,5,2020-2024,119.9250904299561,48.85326434139967,0.21428300022467742,0.2026729232789149,0.06290556694304762,0.46629483384963544,1.791759469228055,1.791759469228055,360
630,5,2020-2024,120.82340571407563,48.85326434139967,0.26571913243028034,0.17449704489879256,0.005545526683331342,0.8685017119099724,1.7482537807332403,1.4451858789480825,959.1
631,5,2020-2024,121.72172099819515,48.85326434139967,0.11752248947541226,0.11339958949098547,0.055535829284927875,0.20737584326687417,1.0986122886681098,1.0986122886681098,210
632,4,2015-2019,122.62003628231469,48.85326434139967,NA,NA,NA,NA,1.6094379124341003,1.0986122886681098,NA
632,5,2020-2024,122.62003628231469,48.85326434139967,NA,NA,NA,NA,0.6931471805599453,0.6931471805599453,NA
634,5,2020-2024,124.41666685055372,48.85326434139967,0.08040630164076219,0.08033214644587716,0.06303523420246096,0.10004928093486849,0.6931471805599453,0.6931471805599453,60
635,4,2015-2019,125.31498213467323,48.85326434139967,NA,NA,NA,NA,0.6931471805599453,0.6931471805599453,NA
635,5,2020-2024,125.31498213467323,48.85326434139967,0.13006471942263267,0.13047523012896164,0.09980845063508269,0.16633552707450072,1.2424533248940002,1.2424533248940002,72
636,3,2010-2014,126.21329741879276,48.85326434139967,NA,NA,NA,NA,0.6931471805599453,0.6931471805599453,NA
636,4,2015-2019,126.21329741879276,48.85326434139967,NA,NA,NA,NA,1.791759469228055,0.6931471805599453,NA
636,5,2020-2024,126.21329741879276,48.85326434139967,0.14757127386943866,0.1447462724886362,0.08752310114087304,0.22346899738768297,1.3862943611198906,1.3862943611198906,155
637,4,2015-2019,127.11161270291227,48.85326434139967,NA,NA,NA,NA,2.3978952727983707,0.6931471805599453,NA
640,5,2020-2024,129.74978890357295,48.8156476885638,0.19888064373374487,0.19426451007938902,0.09624014948030278,0.3418725129697824,1.7776740307447068,1.5222612188617115,224.66666666666669
663,2,2005-2009,85.91403161482862,48.1666332575863,NA,NA,NA,NA,1.0986122886681098,0.6931471805599453,NA
663,4,2015-2019,85.91403161482862,48.1666332575863,0.1006942077331649,0.09177798716866103,0.03248571391980831,0.22296476262799902,0.8958797346140275,0.6931471805599453,300
663,5,2020-2024,85.91403161482862,48.1666332575863,0.2612252734323668,0.26265458226494187,0.1937330200678505,0.3413376917695354,2.2154083994216567,1.5222612188617115,100.4857142857143
664,2,2005-2009,86.70494138203597,48.24542684123918,NA,NA,NA,NA,0.6931471805599453,0.6931471805599453,NA
664,3,2010-2014,86.70494138203597,48.24542684123918,0.16766820279682917,0.1015720321844869,0.0056522749689349805,0.6539129851189737,1.0986122886681098,0.6931471805599453,787.5
664,4,2015-2019,86.70494138203597,48.24542684123918,0.414784395587621,0.1765737932301149,1.3217441920989692e-6,0.99993637388243,2.0794415416798357,1.6094379124341003,3120
664,5,2020-2024,86.70494138203597,48.24542684123918,0.8092725059822449,0.8236140935716116,0.6864986924789928,0.9072956131347977,4.894879393603892,3.800950979937583,201.0385115794952
665,2,2005-2009,87.5854653835774,48.25850293624259,NA,NA,NA,NA,1.354025100551105,0.8958797346140275,NA
665,3,2010-2014,87.5854653835774,48.25850293624259,NA,NA,NA,NA,0.6931471805599453,0.6931471805599453,NA
665,4,2015-2019,87.5854653835774,48.25850293624259,0.18843895270181546,0.16900576076496288,0.04068144285027239,0.46645473902265067,1.6094379124341003,1.354025100551105,420
665,5,2020-2024,87.5854653835774,48.25850293624259,0.4549259712345858,0.4655382319278827,0.13771211258640495,0.8122258213435181,3.0868930519509683,2.8650498914867875,461.8125
666,3,2010-2014,88.37023631929351,48.17729154222778,NA,NA,NA,NA,0.6931471805599453,0.6931471805599453,NA
666,4,2015-2019,88.37023631929351,48.17729154222778,NA,NA,NA,NA,0.6931471805599453,0.6931471805599453,NA
666,5,2020-2024,88.37023631929351,48.17729154222778,0.2452464928435264,0.24159495781412302,0.13297015114403382,0.3910856968554058,2.0471722811110507,1.9356005054539454,204.85714285714286
696,5,2020-2024,115.74076704484135,48.17980940524789,0.0837148517133282,0.07854255202180517,0.03385822143864105,0.16342354257307154,0.6931471805599453,0.6931471805599453,240
698,3,2010-2014,117.23014457759756,48.25868973324162,NA,NA,NA,NA,0.6931471805599453,0.6931471805599453,NA
698,4,2015-2019,117.23014457759756,48.25868973324162,0.27178325394928454,0.22351616306495362,0.025361880410027664,0.7431490830283454,2.0794415416798357,1.3862943611198906,645
698,5,2020-2024,117.23014457759756,48.25868973324162,0.1717873511590761,0.17151236945893694,0.11371807912266542,0.24441199535507308,1.6094379124341003,1.354025100551105,126.375
699,1,2000-2004,118.13010294352483,48.27411166076685,NA,NA,NA,NA,0.6931471805599453,0.6931471805599453,NA
699,4,2015-2019,118.13010294352483,48.27411166076685,NA,NA,NA,NA,1.6094379124341003,1.0986122886681098,NA
699,5,2020-2024,118.13010294352483,48.27411166076685,0.14709573172346524,0.14661946289628658,0.09503215437992223,0.21212663963689846,1.3862943611198906,1.3862943611198906,130
700,4,2015-2019,119.0267751458366,48.25868973324162,NA,NA,NA,NA,0.6931471805599453,0.6931471805599453,NA
700,5,2020-2024,119.0267751458366,48.25868973324162,0.08040630164076219,0.08033214644587716,0.06303523420246096,0.10004928093486849,0.6931471805599453,0.6931471805599453,60
701,5,2020-2024,119.9250904299561,48.25868973324162,0.08040630164076219,0.08033214644587716,0.06303523420246096,0.10004928093486849,0.6931471805599453,0.6931471805599453,60
702,3,2010-2014,120.82340571407563,48.25868973324162,0.13683904891550708,0.10977981269011722,0.020206440952875833,0.4029223148793735,1.0986122886681098,1.0986122886681098,480
702,5,2020-2024,120.82340571407563,48.25868973324162,NA,NA,NA,NA,0.6931471805599453,0.6931471805599453,NA
704,5,2020-2024,122.62003628231469,48.25868973324162,0.442640413628826,0.043418937706260624,5.05025848190717e-18,0.9999999999999457,1.1512925464970227,0.8958797346140275,9460.375
705,4,2015-2019,123.51835156643419,48.25868973324162,NA,NA,NA,NA,1.0986122886681098,1.0986122886681098,NA
705,5,2020-2024,123.51835156643419,48.25868973324162,0.14551095370495426,0.14646062356063438,0.1155925511680625,0.1801063226096076,1.4451858789480823,0.8958797346140275,60.3
706,5,2020-2024,124.41666685055372,48.25868973324162,0.10997414144884017,0.1106861293234177,0.08706110217129853,0.1357761556698287,1.0986122886681098,0.6931471805599453,60
708,4,2015-2019,126.21329741879276,48.25868973324162,NA,NA,NA,NA,1.3862943611198906,0.6931471805599453,NA
708,5,2020-2024,126.21329741879276,48.25868973324162,0.08040630164076219,0.08033214644587716,0.06303523420246096,0.10004928093486849,0.6931471805599453,0.6931471805599453,60
710,5,2020-2024,128.0099279870318,48.25868973324162,0.22868002461292877,0.20710494816732478,0.04717677174431908,0.5532313080241782,1.9459101490553132,1.0986122886681098,445.8333333333333
711,5,2020-2024,128.90824327115132,48.25868973324162,0.36958963614948276,0.2649652550326289,0.0020563831990369785,0.9791874795682097,2.312486406642136,2.178354413344796,1355.0875
712,3,2010-2014,129.80655855527084,48.25868973324162,0.08177550833508929,0.07924709081503394,0.04173421004223165,0.13663425527550296,0.6931471805599453,0.6931471805599453,180
712,4,2015-2019,129.80655855527084,48.25868973324162,0.4668692544369948,1.1630219882981874e-5,3.1645388594587256e-155,1,1.0986122886681098,1.0986122886681098,88380
712,5,2020-2024,129.80655855527084,48.25868973324162,0.19753485697754994,0.19834963297614544,0.1442827243385003,0.26427494321529665,1.791759469228055,1.4978661367769954,98.7
713,5,2020-2024,130.47762028155964,48.25677265003447,0.12030417397179922,0.1132279166951008,0.04517996362684879,0.24411315405817485,1.0986122886681098,1.0986122886681098,270
716,5,2020-2024,133.48180480723113,48.04970621356855,0.1580856176635073,0.08668271655751655,0.003656815246227916,0.666069124835556,0.8958797346140275,0.6931471805599453,852.5
717,4,2015-2019,134.26502508655216,48.1583027702985,NA,NA,NA,NA,1.791759469228055,0.6931471805599453,NA
717,5,2020-2024,134.26502508655216,48.1583027702985,0.13693400045377108,0.13403883560969723,0.08205267069312387,0.20518791249614848,1.3862943611198906,0.6931471805599453,146.16666666666669
718,5,2020-2024,134.86357339341086,48.35386964713098,0.08040630164076219,0.08033214644587716,0.06303523420246096,0.10004928093486849,0.6931471805599453,0.6931471805599453,60
735,4,2015-2019,85.9057616561927,47.66575732713293,0.2606763052131125,0.06403745943037449,3.349888815877311e-5,0.9879345934881306,0.6931471805599453,0.6931471805599453,1980
735,5,2020-2024,85.9057616561927,47.66575732713293,0.32841081344352424,0.32731553387127976,0.19916559322941102,0.48602849432627465,2.4849066497880004,2.3269801750787615,191.35
736,2,2005-2009,86.68742491753382,47.65711872820361,NA,NA,NA,NA,0.8958797346140275,0.8958797346140275,NA
736,3,2010-2014,86.68742491753382,47.65711872820361,NA,NA,NA,NA,1.7005986908310775,0.8958797346140275,NA
736,4,2015-2019,86.68742491753382,47.65711872820361,0.4171172703167557,0.4155405300084578,0.07521700216827762,0.844008510511691,2.9444389791664403,2.302585092994046,580
736,5,2020-2024,86.68742491753382,47.65711872820361,0.7279434178195787,0.7399026998400591,0.590540641652315,0.8507700357662482,4.333495778252316,3.7461015213093707,183.01590909090902
737,3,2010-2014,87.58574020165334,47.65711872820361,0.21506570821599552,0.15869843849763787,0.014863462188999003,0.6797349477795074,1.629048269010741,1.1512925464970227,675
737,4,2015-2019,87.58574020165334,47.65711872820361,0.3506385746800933,0.35038135962284767,0.17857851362573565,0.5642514992258185,2.6390573296152584,2.0794415416798357,255
737,5,2020-2024,87.58574020165334,47.65711872820361,0.6542566089221878,0.6628266300540993,0.5148837460395455,0.7874010772635252,3.964203013090267,3.352819547430001,166.73533333333333
738,1,2000-2004,88.48405548577286,47.65711872820361,NA,NA,NA,NA,0.6931471805599453,0.6931471805599453,NA
738,2,2005-2009,88.48405548577286,47.65711872820361,NA,NA,NA,NA,1.0986122886681098,1.0986122886681098,NA
738,3,2010-2014,88.48405548577286,47.65711872820361,NA,NA,NA,NA,1.0986122886681098,0.6931471805599453,NA
738,4,2015-2019,88.48405548577286,47.65711872820361,0.35868752781784913,0.27463862560957636,0.005327299501075579,0.9552149190528229,2.3978952727983707,1.791759469228055,1122.25
738,5,2020-2024,88.48405548577286,47.65711872820361,0.7294930722744515,0.7605623522493841,0.47389062491705675,0.9207950554583828,4.485152476495878,3.760388207531399,364.591667986694
770,4,2015-2019,117.25333674409598,47.84932937050915,NA,NA,NA,NA,0.6931471805599453,0.6931471805599453,NA
772,1,2000-2004,119.14461179231826,47.746832981076295,NA,NA,NA,NA,0.6931471805599453,0.6931471805599453,NA
772,2,2005-2009,119.14461179231826,47.746832981076295,NA,NA,NA,NA,0.6931471805599453,0.6931471805599453,NA
772,5,2020-2024,119.14461179231826,47.746832981076295,0.08039637936188354,0.080259215003758,0.06218427484785966,0.10101425917829099,0.6931471805599453,0.6931471805599453,64
773,5,2020-2024,119.9250904299561,47.65711872820361,0.20339800611928396,0.2041210365507697,0.14395257811639114,0.2782390570996039,1.791759469228055,1.791759469228055,111.6
774,5,2020-2024,120.82340571407563,47.65711872820361,0.13982566324160062,0.07400506049568599,0.0032231782038669088,0.616011536164479,0.6931471805599453,0.6931471805599453,840
775,5,2020-2024,121.72172099819515,47.65711872820361,0.09685148238186947,0.09721419828426033,0.08528282294625195,0.10908657811530416,0.8958797346140275,0.8958797346140275,12.5
776,5,2020-2024,122.62003628231469,47.65711872820361,0.12811003836672175,0.12867356103280464,0.10127271161573982,0.15756929060153854,1.2424533248940002,1.0986122886681098,60
777,2,2005-2009,123.51835156643419,47.65711872820361,NA,NA,NA,NA,0.6931471805599453,0.6931471805599453,NA
777,4,2015-2019,123.51835156643419,47.65711872820361,NA,NA,NA,NA,1.5890269151739727,1.2424533248940002,NA
777,5,2020-2024,123.51835156643419,47.65711872820361,0.20116996600731776,0.20186115246992342,0.1547815133885164,0.2571611503442078,1.9356005054539454,0.6931471805599453,78.68571428571428
778,4,2015-2019,124.41666685055372,47.65711872820361,0.11796670892654076,0.11769231856705167,0.1057796192780479,0.13258074041363885,1.1512925464970227,0.8958797346140275,0
778,5,2020-2024,124.41666685055372,47.65711872820361,0.1075573860633328,0.1080851990210014,0.08509100451500569,0.13281201838704487,1.0397207708399179,0.8958797346140275,60
783,4,2015-2019,128.90824327115132,47.65711872820361,0.45530876934059644,0.004495553711576657,2.5158897241276626e-49,1,0.6931471805599453,0.6931471805599453,27360
783,5,2020-2024,128.90824327115132,47.65711872820361,0.18450069277368314,0.1525009840163965,0.026199984670570692,0.5206904930382867,1.4978661367769954,1.354025100551105,509.1666666666667
784,5,2020-2024,129.80655855527084,47.65711872820361,0.08040630164076219,0.08033214644587716,0.06303523420246096,0.10004928093486849,0.6931471805599453,0.6931471805599453,60
785,4,2015-2019,130.64864130222608,47.623905376174484,NA,NA,NA,NA,1.0986122886681098,0.6931471805599453,NA
787,5,2020-2024,132.56093963875017,47.59131145915964,0.08040630164076219,0.08033214644587716,0.06303523420246096,0.10004928093486849,0.6931471805599453,0.6931471805599453,60
788,4,2015-2019,133.39981969174895,47.65711872820361,NA,NA,NA,NA,1.3862943611198906,1.3862943611198906,NA
804,3,2010-2014,83.19545008831771,46.925180777739406,NA,NA,NA,NA,0.6931471805599453,0.6931471805599453,NA
804,4,2015-2019,83.19545008831771,46.925180777739406,0.26343366670864593,0.1938858791726843,0.012514811926013183,0.8019753774511131,1.9033312448851598,1.354025100551105,785
804,5,2020-2024,83.19545008831771,46.925180777739406,0.41728683665562677,0.41993800887163635,0.2633265178750725,0.5970160718688354,2.8995463272302633,2.6590599969221085,203.23958333333334
805,4,2015-2019,83.98253854029164,46.85777678553751,0.17880942369745942,0.16441619160552104,0.04952375189535922,0.4070550777817194,1.6094379124341003,1.0986122886681098,360
805,5,2020-2024,83.98253854029164,46.85777678553751,0.454971079478821,0.459728952978523,0.2600641160183548,0.6736112450162076,3.0992393582461544,2.6287476860138907,254.09883720930233
806,4,2015-2019,84.91359827764438,46.859687925056605,NA,NA,NA,NA,0.6931471805599453,0.6931471805599453,NA
806,5,2020-2024,84.91359827764438,46.859687925056605,0.14390682895861404,0.1402926701122183,0.07688824047708696,0.2329912871202153,1.3862943611198906,1.0986122886681098,182.21428571428567
807,4,2015-2019,85.84648414140125,47.01863791029721,NA,NA,NA,NA,1.3862943611198906,1.2424533248940002,NA
807,5,2020-2024,85.84648414140125,47.01863791029721,0.5841618618876689,0.5889885208831501,0.46289199794550523,0.7035144152722789,3.6430958573511907,3.00194353355327,131.01041666666666
808,2,2005-2009,86.68742491753382,47.04853609489743,NA,NA,NA,NA,1.0986122886681098,1.0986122886681098,NA
808,3,2010-2014,86.68742491753382,47.04853609489743,0.1820512832703745,0.12710055739424986,0.01111795152098115,0.6238310425241537,1.3862943611198906,0.6931471805599453,680
808,4,2015-2019,86.68742491753382,47.04853609489743,0.28418782458054836,0.18492197067295546,0.004370837120726446,0.9047688071264036,1.791759469228055,1.791759469228055,1040
808,5,2020-2024,86.68742491753382,47.04853609489743,0.4525287777109981,0.4550705851184658,0.34721049169613305,0.5637801387920311,3.0546237913821823,2.6711671259824055,112.94945054945055
809,2,2005-2009,87.58574020165334,47.04853609489743,NA,NA,NA,NA,1.0397207708399179,0.6931471805599453,NA
809,3,2010-2014,87.58574020165334,47.04853609489743,0.13222478540800214,0.07416642916497761,0.004096481087512058,0.5651493852741931,0.6931471805599453,0.6931471805599453,780
809,4,2015-2019,87.58574020165334,47.04853609489743,0.3335195989447735,0.32998227679518477,0.1103374046828779,0.6412860605784697,2.5649493574615367,1.791759469228055,375
809,5,2020-2024,87.58574020165334,47.04853609489743,0.6899542986384423,0.7179305787838656,0.43560151278373593,0.8955969356835485,4.276666119016055,3.367295829986474,344.5115303983228
810,2,2005-2009,88.48405548577286,47.04853609489743,NA,NA,NA,NA,0.6931471805599453,0.6931471805599453,NA
810,4,2015-2019,88.48405548577286,47.04853609489743,NA,NA,NA,NA,1.3862943611198906,1.3862943611198906,NA
810,5,2020-2024,88.48405548577286,47.04853609489743,0.43871107989035785,0.43991315693247723,0.34360554784741415,0.534979256932104,2.995732273553991,2.596478425445105,97.09604519774011
811,3,2010-2014,89.38237076989238,47.04853609489743,NA,NA,NA,NA,0.6931471805599453,0.6931471805599453,NA
811,4,2015-2019,89.38237076989238,47.04853609489743,0.11443827401614765,0.09004532760821575,0.016089984809691083,0.3505113072156061,0.8958797346140275,0.6931471805599453,480
811,5,2020-2024,89.38237076989238,47.04853609489743,0.25798853671906963,0.25337348426926304,0.11856231436945872,0.4502605747992305,2.1383330595080277,1.791759469228055,256.8636363636364
812,3,2010-2014,90.24011320475564,47.028391080479636,NA,NA,NA,NA,0.6931471805599453,0.6931471805599453,NA
812,4,2015-2019,90.24011320475564,47.028391080479636,0.08645822336846111,0.07828510891049537,0.02742775702611936,0.194283452164545,0.6931471805599453,0.6931471805599453,300
812,5,2020-2024,90.24011320475564,47.028391080479636,0.09633622630726521,0.09662361134360398,0.07613274635514146,0.11970905459950999,0.8958797346140275,0.8958797346140275,60
813,5,2020-2024,90.82158165956677,46.83991145494528,0.08066418086995945,0.0794241801112486,0.05134818944227062,0.11538702979271058,0.6931471805599453,0.6931471805599453,120
845,4,2015-2019,120.03510788525112,47.0862193370112,NA,NA,NA,NA,0.6931471805599453,0.6931471805599453,NA
845,5,2020-2024,120.03510788525112,47.0862193370112,0.20629860869038438,0.19343495714442793,0.06030763558328115,0.4517587269525127,1.791759469228055,1.3862943611198906,357.4375
846,2,2005-2009,120.82340571407563,47.04853609489743,NA,NA,NA,NA,1.3862943611198906,0.6931471805599453,NA
846,5,2020-2024,120.82340571407563,47.04853609489743,0.08045383716293113,0.08059443223234697,0.06542091721169971,0.09691123820910362,0.6931471805599453,0.6931471805599453,49
847,5,2020-2024,121.72172099819515,47.04853609489743,0.08645822336846111,0.07828510891049537,0.02742775702611936,0.194283452164545,0.6931471805599453,0.6931471805599453,300
848,2,2005-2009,122.62003628231469,47.04853609489743,NA,NA,NA,NA,0.6931471805599453,0.6931471805599453,NA
848,5,2020-2024,122.62003628231469,47.04853609489743,NA,NA,NA,NA,0.6931471805599453,0.6931471805599453,NA
849,4,2015-2019,123.51835156643419,47.04853609489743,NA,NA,NA,NA,1.791759469228055,0.6931471805599453,NA
849,5,2020-2024,123.51835156643419,47.04853609489743,0.15105915788716878,0.15170106258811994,0.11190014695747594,0.19801501992047096,1.4978661367769954,0.8958797346140275,86.19642857142857
850,1,2000-2004,124.41666685055372,47.04853609489743,NA,NA,NA,NA,0.6931471805599453,0.6931471805599453,NA
850,2,2005-2009,124.41666685055372,47.04853609489743,0.13623532722229517,0.10974913417829538,0.02002315369101663,0.40187566062631386,1.1512925464970227,0.6931471805599453,480
850,3,2010-2014,124.41666685055372,47.04853609489743,NA,NA,NA,NA,1.6094379124341003,1.3862943611198906,NA
850,4,2015-2019,124.41666685055372,47.04853609489743,0.21779001294368508,0.2174163708230382,0.14131908783193645,0.3135064990687891,1.9356005054539454,1.4978661367769954,141
850,5,2020-2024,124.41666685055372,47.04853609489743,0.2705384458132326,0.26325336927967125,0.09954051034316294,0.5214162523689567,2.1972245773362196,1.791759469228055,323.77619047619044
851,5,2020-2024,125.31498213467323,47.04853609489743,0.09422776747935159,0.09440140717559675,0.07693008961145086,0.11327634843582637,0.8958797346140275,0.6931471805599453,47.5
854,5,2020-2024,128.0099279870318,47.04853609489743,0.08040630164076219,0.08033214644587716,0.06303523420246096,0.10004928093486849,0.6931471805599453,0.6931471805599453,60
855,2,2005-2009,128.90824327115132,47.04853609489743,0.16166487001473784,0.1577721262870242,0.08722044860851114,0.25825552360189785,1.6094379124341003,0.6931471805599453,180.75
855,4,2015-2019,128.90824327115132,47.04853609489743,0.4748911943848432,1.4610203909313546e-18,0,1,1.0397207708399179,0.8958797346140275,381600
855,5,2020-2024,128.90824327115132,47.04853609489743,0.29046754068643227,0.2882349758445165,0.13585319452421163,0.4951075372576083,2.3978952727983707,1.3862943611198906,258.9090909090909
856,5,2020-2024,129.80655855527084,47.04853609489743,0.14795406758232,0.14416702313183638,0.08327952872293498,0.2316168198147846,1.3862943611198906,1.3862943611198906,170
857,4,2015-2019,130.70487383939036,47.04853609489743,NA,NA,NA,NA,1.3862943611198906,1.0986122886681098,NA
857,5,2020-2024,130.70487383939036,47.04853609489743,0.1114519682474198,0.10878011944680695,0.05814565626984155,0.1830761325471221,1.0986122886681098,0.6931471805599453,180
858,3,2010-2014,131.60318912350988,47.04853609489743,NA,NA,NA,NA,1.0986122886681098,0.6931471805599453,NA
858,4,2015-2019,131.60318912350988,47.04853609489743,NA,NA,NA,NA,1.0986122886681098,0.6931471805599453,NA
858,5,2020-2024,131.60318912350988,47.04853609489743,0.08818227888015016,0.07815769689922777,0.024310294295671792,0.2118809244498333,0.6931471805599453,0.6931471805599453,331
859,3,2010-2014,132.5015044076294,47.04853609489743,NA,NA,NA,NA,0.6931471805599453,0.6931471805599453,NA
860,4,2015-2019,133.39981969174895,47.04853609489743,NA,NA,NA,NA,1.354025100551105,0.8958797346140275,NA
860,5,2020-2024,133.39981969174895,47.04853609489743,0.08040630164076219,0.08033214644587716,0.06303523420246096,0.10004928093486849,0.6931471805599453,0.6931471805599453,60
861,4,2015-2019,133.97661507066962,47.09988953712776,NA,NA,NA,NA,1.0986122886681098,1.0986122886681098,NA
861,5,2020-2024,133.97661507066962,47.09988953712776,0.1149988547829165,0.11542744545512104,0.08970610039640634,0.14452664984901128,1.0986122886681098,1.0986122886681098,65
876,4,2015-2019,83.11049774530622,46.42516013734052,0.1780956701606191,0.12702332596053328,0.012515351865720097,0.5981226685693043,1.354025100551105,0.8958797346140275,650
876,5,2020-2024,83.11049774530622,46.42516013734052,0.37443608131031597,0.37877443304950476,0.2714686907185905,0.49612925207201225,2.7403194616709956,2.2154083994216567,129.48
877,4,2015-2019,83.99247906517525,46.432929570401384,0.2583149755750381,0.2510717995272337,0.09703403633352431,0.4972565435919422,2.0794415416798357,2.0794415416798357,315
877,5,2020-2024,83.99247906517525,46.432929570401384,0.5890274042124003,0.5951429633581671,0.4535819988084645,0.7251247928613072,3.617088589874924,3.401197381662155,153.10370370370373
878,5,2020-2024,84.89079434929477,46.432929570401384,0.3189384758428145,0.20701634090820525,0.0024859267828661693,0.9540941162565557,1.9459101490553132,1.9459101490553132,1220
879,3,2010-2014,85.7891096334143,46.432929570401384,NA,NA,NA,NA,1.0986122886681098,1.0986122886681098,NA
879,4,2015-2019,85.7891096334143,46.432929570401384,0.36093458502352144,0.3567081420534127,0.0999022496373697,0.7141716197135421,2.668769039850659,2.0794415416798357,435
879,5,2020-2024,85.7891096334143,46.432929570401384,0.5075203058803195,0.5163027222212864,0.3377143573533489,0.6920083765952454,3.295836866004329,2.995732273553991,209.73696145124717
881,5,2020-2024,87.58574020165334,46.432929570401384,0.15057013038500439,0.1257610700776813,0.025182700423273766,0.420066235269002,1.2424533248940002,1.2424533248940002,460
882,4,2015-2019,88.48405548577286,46.432929570401384,0.08645822336846111,0.07828510891049537,0.02742775702611936,0.194283452164545,0.6931471805599453,0.6931471805599453,300
882,5,2020-2024,88.48405548577286,46.432929570401384,0.18370964243107804,0.10527537608921644,0.004296491390901677,0.7261872981888083,1.0986122886681098,1.0986122886681098,870
883,2,2005-2009,89.38237076989238,46.432929570401384,NA,NA,NA,NA,0.6931471805599453,0.6931471805599453,NA
883,3,2010-2014,89.38237076989238,46.432929570401384,NA,NA,NA,NA,1.0986122886681098,1.0986122886681098,NA
883,4,2015-2019,89.38237076989238,46.432929570401384,NA,NA,NA,NA,0.6931471805599453,0.6931471805599453,NA
883,5,2020-2024,89.38237076989238,46.432929570401384,0.25671711371302314,0.2448019970035873,0.07153288200575894,0.5520604962966204,2.0871936349478184,1.732867951399863,387.85714285714283
884,2,2005-2009,90.2806860540119,46.432929570401384,NA,NA,NA,NA,1.6094379124341003,1.0986122886681098,NA
884,4,2015-2019,90.2806860540119,46.432929570401384,NA,NA,NA,NA,1.0986122886681098,0.6931471805599453,NA
884,5,2020-2024,90.2806860540119,46.432929570401384,0.21712884747951533,0.21786657365051543,0.17349178489921216,0.26679941090119863,1.9459101490553132,1.3862943611198906,60
885,4,2015-2019,90.85298257785247,46.45790096260353,NA,NA,NA,NA,0.6931471805599453,0.6931471805599453,NA
885,5,2020-2024,90.85298257785247,46.45790096260353,0.2629802997426389,0.2595563071678476,0.12455668419261559,0.44974904426063517,2.2154083994216567,1.4978661367769954,247.66666666666669
916,5,2020-2024,119.00873357391136,46.397846166082076,0.25302503447594027,0.1628151971095046,0.0052461560146372455,0.8533916762720125,1.7005986908310775,1.0397207708399179,948.875
917,4,2015-2019,119.95010177131829,46.41015562645002,NA,NA,NA,NA,1.0986122886681098,1.0986122886681098,NA
917,5,2020-2024,119.95010177131829,46.41015562645002,0.14688336480834566,0.1473456920408459,0.11590642086862674,0.18019191223874503,1.3862943611198906,1.3862943611198906,60
918,5,2020-2024,120.82340571407563,46.432929570401384,0.09415640984301445,0.09442198191145616,0.07415802525004171,0.11652458452517918,0.8958797346140275,0.6931471805599453,60
919,3,2010-2014,121.72172099819515,46.432929570401384,NA,NA,NA,NA,0.6931471805599453,0.6931471805599453,NA
919,4,2015-2019,121.72172099819515,46.432929570401384,NA,NA,NA,NA,0.6931471805599453,0.6931471805599453,NA
920,1,2000-2004,122.62003628231469,46.43292957040138,NA,NA,NA,NA,0.6931471805599453,0.6931471805599453,NA
920,2,2005-2009,122.62003628231469,46.43292957040138,NA,NA,NA,NA,0.6931471805599453,0.6931471805599453,NA
920,3,2010-2014,122.62003628231469,46.43292957040138,NA,NA,NA,NA,1.5890269151739727,1.3862943611198906,NA
920,4,2015-2019,122.62003628231469,46.43292957040138,NA,NA,NA,NA,0.6931471805599453,0.6931471805599453,NA
920,5,2020-2024,122.62003628231469,46.43292957040138,0.17781533158264448,0.17329569180549104,0.0962499183065577,0.2851119598931835,1.6479184330021646,1.354025100551105,186.9375
921,3,2010-2014,123.51835156643419,46.4329295704014,NA,NA,NA,NA,0.6931471805599453,0.6931471805599453,NA
921,4,2015-2019,123.51835156643419,46.4329295704014,0.3598824261114588,0.15094190244926575,3.3359974395631954e-5,0.9981680569320969,1.791759469228055,1.0986122886681098,2234
921,5,2020-2024,123.51835156643419,46.4329295704014,0.28687091318634683,0.28332978423639577,0.15678456240311373,0.4514808220890825,2.302585092994046,1.9459101490553132,212.77777777777777
922,5,2020-2024,124.41666685055372,46.432929570401384,0.09562676567074237,0.092965342525576,0.04912690082327854,0.15894783678951196,0.8958797346140275,0.6931471805599453,181
923,2,2005-2009,125.31498213467323,46.432929570401384,NA,NA,NA,NA,0.6931471805599453,0.6931471805599453,NA
923,4,2015-2019,125.31498213467323,46.432929570401384,0.1571316678275017,0.10647694505900943,0.009918248564111115,0.5593155207296897,1.0986122886681098,1.0986122886681098,660
923,5,2020-2024,125.31498213467323,46.432929570401384,0.2373674393221557,0.22211147438641676,0.06033740705746332,0.5341304681168292,1.9756218592907135,1.5222612188617115,401.875
926,4,2015-2019,128.0099279870318,46.432929570401384,NA,NA,NA,NA,0.6931471805599453,0.6931471805599453,NA
927,5,2020-2024,128.90824327115132,46.432929570401384,0.442110559550053,0.07634293141694787,4.5096299059637514e-14,0.9999999999335876,1.6094379124341003,0.6931471805599453,7280.75
929,5,2020-2024,130.70487383939036,46.432929570401384,0.08040630164076219,0.08033214644587716,0.06303523420246096,0.10004928093486849,0.6931471805599453,0.6931471805599453,60
930,5,2020-2024,131.60318912350988,46.432929570401384,0.14234127541162567,0.14295471753577965,0.10775944818130018,0.1846666761792765,1.3862943611198906,1.0986122886681098,79.66666666666667
931,4,2015-2019,132.5015044076294,46.432929570401384,0.4392409495786534,0.03427759026663939,3.491649313872517e-18,0.9999999999999369,0.8958797346140275,0.6931471805599453,9490
931,5,2020-2024,132.5015044076294,46.432929570401384,0.11242824042249341,0.11300045541879378,0.08585058776392264,0.14425030936550676,1.0986122886681098,0.8958797346140275,72.5
947,5,2020-2024,82.4897768333536,45.77478480430008,0.19976639231131105,0.20012988398235831,0.14892981890102966,0.26159789901220665,1.791759469228055,1.6094379124341003,89
948,4,2015-2019,83.09416378105573,45.81028997508631,0.10943510488514831,0.07541735127938565,0.00891251219888329,0.3959791065245358,0.6931471805599453,0.6931471805599453,585
948,5,2020-2024,83.09416378105573,45.81028997508631,0.08062721437282855,0.07939722833070265,0.05193979116905151,0.11448383479406643,0.6931471805599453,0.6931471805599453,116.66666666666667
949,4,2015-2019,83.99247906517525,45.81028997508631,NA,NA,NA,NA,1.3862943611198906,1.0986122886681098,NA
949,5,2020-2024,83.99247906517525,45.81028997508631,0.08141910477421475,0.07925016074539526,0.04396240459767005,0.13054255595292433,0.6931471805599453,0.6931471805599453,165
950,1,2000-2004,84.89079434929477,45.81028997508631,NA,NA,NA,NA,0.6931471805599453,0.6931471805599453,NA
950,2,2005-2009,84.89079434929477,45.81028997508631,NA,NA,NA,NA,1.0986122886681098,1.0986122886681098,NA
950,3,2010-2014,84.89079434929477,45.81028997508631,0.2049639826032457,0.13458418217131968,0.008205922169655664,0.7194008258617776,1.3862943611198906,1.3862943611198906,780
950,4,2015-2019,84.89079434929477,45.81028997508631,0.4749999999999999,5.569119079443721e-99,0,1,0.8958797346140275,0.8958797346140275,2229030
950,5,2020-2024,84.89079434929477,45.81028997508631,0.4810217236094208,0.48464601411199293,0.37792862473578515,0.5896126229794125,3.295836866004329,1.9459101490553132,109.42307692307685
951,2,2005-2009,85.7891096334143,45.81028997508631,NA,NA,NA,NA,1.6094379124341003,1.0986122886681098,NA
951,3,2010-2014,85.7891096334143,45.81028997508631,NA,NA,NA,NA,1.0986122886681098,1.0986122886681098,NA
951,4,2015-2019,85.7891096334143,45.81028997508631,0.2646719229138456,0.26623812418177994,0.1939472081417927,0.3509951368423027,2.1972245773362196,1.791759469228055,105
951,5,2020-2024,85.7891096334143,45.81028997508631,0.545993274236407,0.5475865206189079,0.4393283625424383,0.6486568245017478,3.448852471564318,3.005633587202081,105.10714285714286
952,4,2015-2019,86.68742491753382,45.81028997508631,0.43643392589846175,0.029364704814397423,4.9227559649894005e-18,0.9999999999998822,0.6931471805599453,0.6931471805599453,9360
953,5,2020-2024,87.58574020165334,45.81028997508631,0.13016545573271873,0.12937302699633774,0.08926541349060226,0.18050214021704877,1.2424533248940002,1.2424533248940002,109
955,1,2000-2004,89.38237076989238,45.81028997508631,NA,NA,NA,NA,0.6931471805599453,0.6931471805599453,NA
955,2,2005-2009,89.38237076989238,45.81028997508631,NA,NA,NA,NA,0.6931471805599453,0.6931471805599453,NA
955,3,2010-2014,89.38237076989238,45.81028997508631,NA,NA,NA,NA,0.6931471805599453,0.6931471805599453,NA
955,5,2020-2024,89.38237076989238,45.81028997508631,0.08040630164076219,0.08033214644587716,0.06303523420246096,0.10004928093486849,0.6931471805599453,0.6931471805599453,60
956,5,2020-2024,90.26959692641908,45.815557637080644,0.2480538679327526,0.08075025936820579,1.6540841606679332e-4,0.96816815097998,0.8958797346140275,0.8958797346140275,1632.5
985,4,2015-2019,116.43440554552899,45.769338757864524,NA,NA,NA,NA,0.6931471805599453,0.6931471805599453,NA
986,4,2015-2019,117.23014457759756,45.81028997508631,NA,NA,NA,NA,0.6931471805599453,0.6931471805599453,NA
986,5,2020-2024,117.23014457759756,45.81028997508631,0.12811003836672175,0.12867356103280464,0.10127271161573982,0.15756929060153854,1.2424533248940002,1.0986122886681098,60
987,5,2020-2024,118.12845986171706,45.81028997508631,0.09415640984301445,0.09442198191145616,0.07415802525004171,0.11652458452517918,0.8958797346140275,0.6931471805599453,60
988,4,2015-2019,119.0267751458366,45.81028997508631,NA,NA,NA,NA,0.8958797346140275,0.8958797346140275,NA
988,5,2020-2024,119.0267751458366,45.81028997508631,0.12543273392984847,0.1255035271503177,0.10254504759302754,0.15093911949214872,1.2424533248940002,0.8958797346140275,46.5
989,4,2015-2019,119.9250904299561,45.81028997508631,NA,NA,NA,NA,0.6931471805599453,0.6931471805599453,NA
989,5,2020-2024,119.9250904299561,45.81028997508631,0.1423407021799878,0.14294763051701037,0.10764334818922855,0.1848563724126949,1.3862943611198906,1.0986122886681098,80
991,1,2000-2004,121.72172099819512,45.810289975086306,NA,NA,NA,NA,0.6931471805599453,0.6931471805599453,NA
991,3,2010-2014,121.72172099819512,45.810289975086306,NA,NA,NA,NA,0.6931471805599453,0.6931471805599453,NA
991,4,2015-2019,121.72172099819512,45.810289975086306,NA,NA,NA,NA,1.6479184330021646,0.8958797346140275,NA
991,5,2020-2024,121.72172099819512,45.810289975086306,0.24043182086959608,0.15487645457057297,0.00603878905469427,0.822388847383162,1.5890269151739727,1.354025100551105,900
992,2,2005-2009,122.62003628231469,45.81028997508631,NA,NA,NA,NA,1.3862943611198906,0.6931471805599453,NA
992,3,2010-2014,122.62003628231469,45.81028997508631,NA,NA,NA,NA,1.5222612188617115,1.354025100551105,NA
992,4,2015-2019,122.62003628231469,45.81028997508631,NA,NA,NA,NA,2.04717228111105,0.8958797346140275,NA
992,5,2020-2024,122.62003628231469,45.81028997508631,0.3181085098201589,0.24364464943528577,0.01095478476720239,0.890776861501943,2.1972245773362196,1.791759469228055,897.375
993,2,2005-2009,123.51835156643419,45.81028997508631,NA,NA,NA,NA,0.6931471805599453,0.6931471805599453,NA
993,3,2010-2014,123.51835156643419,45.81028997508631,NA,NA,NA,NA,1.0986122886681098,0.8958797346140275,NA
993,4,2015-2019,123.51835156643419,45.81028997508631,NA,NA,NA,NA,0.6931471805599453,0.6931471805599453,NA
993,5,2020-2024,123.51835156643419,45.81028997508631,0.13008395158014557,0.13047635378981143,0.10091839286925836,0.163975274297226,1.2424533248940002,1.2424533248940002,67.3
994,4,2015-2019,124.41666685055372,45.81028997508631,NA,NA,NA,NA,0.6931471805599453,0.6931471805599453,NA
994,5,2020-2024,124.41666685055372,45.81028997508631,0.14244265776230752,0.14315316134324427,0.11282782585881551,0.17554195394876146,1.3862943611198906,1.0986122886681098,60
995,5,2020-2024,125.31498213467323,45.81028997508631,0.14244265776230752,0.14315316134324427,0.11282782585881551,0.17554195394876146,1.3862943611198906,1.0986122886681098,60
996,1,2000-2004,126.21329741879276,45.81028997508631,NA,NA,NA,NA,0.6931471805599453,0.6931471805599453,NA
996,2,2005-2009,126.21329741879276,45.81028997508631,NA,NA,NA,NA,0.6931471805599453,0.6931471805599453,NA
996,3,2010-2014,126.21329741879276,45.81028997508631,0.4746256593565589,2.104368101437872e-15,0,1,1.0986122886681098,0.8958797346140275,309600
996,4,2015-2019,126.21329741879276,45.81028997508631,0.20554962002720112,0.1977852720174299,0.08067887829613195,0.3963971313997689,1.791759469228055,1.6094379124341003,285
996,5,2020-2024,126.21329741879276,45.81028997508631,0.42394123105501796,0.42970163934408334,0.17050025320282708,0.7231819945693657,2.995732273553991,2.302585092994046,360
997,4,2015-2019,127.11161270291227,45.81028997508631,0.08125031023182347,0.07925268251523945,0.04519681982097607,0.12738900300770137,0.6931471805599453,0.6931471805599453,157
997,5,2020-2024,127.11161270291227,45.81028997508631,0.354060039211749,0.35546763256728425,0.23314101023612013,0.4977086941951539,2.7212088552608966,1.6479184330021646,164.30275229357798
999,4,2015-2019,128.90824327115132,45.81028997508631,NA,NA,NA,NA,1.1512925464970227,0.6931471805599453,NA
999,5,2020-2024,128.90824327115132,45.81028997508631,0.08040630164076219,0.08033214644587716,0.06303523420246096,0.10004928093486849,0.6931471805599453,0.6931471805599453,60
1001,4,2015-2019,130.70487383939036,45.81028997508631,NA,NA,NA,NA,3.7885609654383394,1.0986122886681098,NA
1001,5,2020-2024,130.70487383939036,45.81028997508631,0.0803890084348552,0.08033233538818092,0.06099398318941604,0.10239662621704475,0.6931471805599453,0.6931471805599453,69.68181818181819
1002,5,2020-2024,131.60318912350988,45.81028997508631,0.08040630164076219,0.08033214644587716,0.06303523420246096,0.10004928093486849,0.6931471805599453,0.6931471805599453,60
1003,5,2020-2024,132.5015044076294,45.81028997508631,NA,NA,NA,NA,0.6931471805599453,0.6931471805599453,NA
1004,4,2015-2019,133.23339736163274,45.861512421990504,NA,NA,NA,NA,1.0986122886681098,1.0986122886681098,NA
1018,4,2015-2019,81.34731204983994,45.053165163352595,NA,NA,NA,NA,0.6931471805599453,0.6931471805599453,NA
1018,5,2020-2024,81.34731204983994,45.053165163352595,0.08066418086995945,0.0794241801112486,0.05134818944227062,0.11538702979271058,0.6931471805599453,0.6931471805599453,120
1019,4,2015-2019,82.21419247651669,45.095296652992374,0.09633218237013093,0.09658513342326185,0.07594896684212184,0.1201077690788564,0.8958797346140275,0.8958797346140275,61
1019,5,2020-2024,82.21419247651669,45.095296652992374,0.1762440228241008,0.17650213529333503,0.12095902156287697,0.24584105679226836,1.6094379124341003,1.6094379124341003,117.5
1020,4,2015-2019,83.09416378105573,45.18061132785785,0.09202222704543282,0.07790649886724005,0.019284234520251048,0.24851016228911038,0.6931471805599453,0.6931471805599453,390
1021,5,2020-2024,83.99247906517525,45.18061132785785,0.32031268572934046,0.3149843113942389,0.10132381223926235,0.6305584196792446,2.4849066497880004,1.791759469228055,381.3636363636364
1022,3,2010-2014,84.89079434929477,45.18061132785785,NA,NA,NA,NA,1.0986122886681098,1.0986122886681098,NA
1022,4,2015-2019,84.89079434929477,45.18061132785785,NA,NA,NA,NA,1.6094379124341003,1.6094379124341003,NA
1022,5,2020-2024,84.89079434929477,45.18061132785785,0.403247299509388,0.40700011778982703,0.29623876326465276,0.525657825374549,2.833213344056216,2.5649493574615367,126.9090909090909
1023,4,2015-2019,85.7891096334143,45.18061132785785,NA,NA,NA,NA,1.0397207708399179,1.0397207708399179,NA
1023,5,2020-2024,85.7891096334143,45.18061132785785,0.08111482229027246,0.07925539380513252,0.04630400114441703,0.12468323174854998,0.6931471805599453,0.6931471805599453,150
1025,4,2015-2019,87.58574020165334,45.18061132785785,0.08177550833508929,0.07924709081503394,0.04173421004223165,0.13663425527550296,0.6931471805599453,0.6931471805599453,180
1025,5,2020-2024,87.58574020165334,45.18061132785785,0.23119239696961846,0.22970366884649351,0.18767502672016154,0.2770991223641589,1.9560115027140732,1.9560115027140732,49.611111111111114
1026,4,2015-2019,88.48405548577286,45.18061132785785,0.08177550833508929,0.07924709081503394,0.04173421004223165,0.13663425527550296,0.6931471805599453,0.6931471805599453,180
1027,2,2005-2009,89.38237076989238,45.18061132785785,NA,NA,NA,NA,0.6931471805599453,0.6931471805599453,NA
1027,3,2010-2014,89.38237076989238,45.18061132785785,NA,NA,NA,NA,0.6931471805599453,0.6931471805599453,NA
1027,4,2015-2019,89.38237076989238,45.18061132785785,NA,NA,NA,NA,1.0986122886681098,1.0986122886681098,NA
1027,5,2020-2024,89.38237076989238,45.18061132785785,0.11502405319813132,0.11546121225421203,0.09077990121159978,0.14220668693904218,1.0986122886681098,1.0986122886681098,60
1028,2,2005-2009,90.280079781943,45.18018877226891,NA,NA,NA,NA,2.3978952727983707,0.6931471805599453,NA
1028,4,2015-2019,90.280079781943,45.18018877226891,NA,NA,NA,NA,0.6931471805599453,0.6931471805599453,NA
1028,5,2020-2024,90.280079781943,45.18018877226891,0.08040630164076219,0.08033214644587716,0.06303523420246096,0.10004928093486849,0.6931471805599453,0.6931471805599453,60
1029,5,2020-2024,91.11924389018857,45.03682262394007,0.12347887638271622,0.1066081342281334,0.026056755365861318,0.3250620234915482,1.0397207708399179,1.0397207708399179,400.3333333333333
1055,5,2020-2024,114.61875009255158,45.096011210306386,0.08043595559844342,0.07933914259044492,0.056522207380028645,0.10799022221347451,0.6931471805599453,0.6931471805599453,92
1057,1,2000-2004,116.33182929347802,45.18061132785785,NA,NA,NA,NA,0.6931471805599453,0.6931471805599453,NA
1057,5,2020-2024,116.33182929347802,45.18061132785785,0.278505819680138,0.2619483045261617,0.0663885725203392,0.6165876697861622,2.302585092994046,1.0986122886681098,433.1111111111111
1058,1,2000-2004,117.23014457759756,45.18061132785785,NA,NA,NA,NA,0.6931471805599453,0.6931471805599453,NA
1058,5,2020-2024,117.23014457759756,45.18061132785785,0.13981980891769596,0.1365573123449369,0.08240959389858563,0.21204640227997118,1.354025100551105,1.0986122886681098,153.75
1061,4,2015-2019,119.9250904299561,45.18061132785785,0.1821121574161482,0.13302962250537892,0.014312182809249504,0.5938542999841875,1.3862943611198906,1.0986122886681098,630
1063,3,2010-2014,121.72172099819515,45.18061132785785,NA,NA,NA,NA,1.0986122886681098,0.6931471805599453,NA
1063,4,2015-2019,121.72172099819515,45.18061132785785,NA,NA,NA,NA,1.0986122886681098,0.6931471805599453,NA
1063,5,2020-2024,121.72172099819515,45.18061132785785,0.09873877845141271,0.0949578324247612,0.04573701774852329,0.17660309656658402,0.8958797346140275,0.8958797346140275,210
1064,1,2000-2004,122.62003628231469,45.18061132785785,NA,NA,NA,NA,1.0986122886681098,1.0986122886681098,NA
1064,2,2005-2009,122.62003628231469,45.18061132785785,NA,NA,NA,NA,1.666102255087602,1.0397207708399179,NA
1064,3,2010-2014,122.62003628231469,45.18061132785785,NA,NA,NA,NA,1.7005986908310775,1.2424533248940002,NA
1064,4,2015-2019,122.62003628231469,45.18061132785785,0.1583087739437347,0.11808441691010765,0.015117319877031424,0.512309811001956,1.2424533248940002,0.8958797346140275,578
1064,5,2020-2024,122.62003628231469,45.18061132785785,0.1498973794522013,0.14786014544765985,0.09306976575281077,0.22093241301014813,1.4451858789480825,1.1512925464970227,140.75
1065,4,2015-2019,123.51835156643419,45.18061132785785,NA,NA,NA,NA,0.6931471805599453,0.6931471805599453,NA
1065,5,2020-2024,123.51835156643419,45.18061132785785,0.1707015667322226,0.14685082956640821,0.03135693398691626,0.4527445485889476,1.4978661367769954,0.8958797346140275,447.5
1066,4,2015-2019,124.4166668505537,45.18061132785784,NA,NA,NA,NA,1.5890269151739729,0.6931471805599453,NA
1066,5,2020-2024,124.4166668505537,45.18061132785784,0.10513554050099223,0.10554719145985714,0.08195156991324165,0.1311470472462569,1.0397207708399179,0.6931471805599453,64.24528301886792
1068,5,2020-2024,126.21329741879276,45.18061132785785,0.32704634464802124,0.30457816960794604,0.053590380953518944,0.7501772721938915,2.5649493574615367,1.0986122886681098,546.9166666666667
1069,1,2000-2004,127.11161270291227,45.18061132785785,NA,NA,NA,NA,0.6931471805599453,0.6931471805599453,NA
1069,3,2010-2014,127.11161270291227,45.18061132785785,NA,NA,NA,NA,1.0986122886681098,0.8958797346140275,NA
1069,4,2015-2019,127.11161270291227,45.18061132785785,0.4749929909979433,4.8377532277968304e-26,0,1,0.6931471805599453,0.6931471805599453,550290
1069,5,2020-2024,127.11161270291227,45.18061132785785,0.150087912976044,0.1327567363304752,0.035316155420090985,0.3712374957546056,1.3862943611198906,0.6931471805599453,385.71428571428567
1070,3,2010-2014,128.0099279870318,45.18061132785785,NA,NA,NA,NA,1.6094379124341003,0.6931471805599453,NA
1070,4,2015-2019,128.0099279870318,45.18061132785785,NA,NA,NA,NA,0.6931471805599453,0.6931471805599453,NA
1070,5,2020-2024,128.0099279870318,45.18061132785785,0.27666116981313843,0.27232249042481416,0.16519691887875054,0.41359033356220476,2.2975599250672953,1.5890269151739727,179.8125
1073,5,2020-2024,130.69971981771184,45.184596299341166,0.4607188572583128,0.002867712319981187,2.077989037215831e-65,1,1.2424533248940002,1.2424533248940002,36750
1075,3,2010-2014,132.53934003056156,45.30072740850681,NA,NA,NA,NA,1.3862943611198906,0.6931471805599453,NA
1075,4,2015-2019,132.53934003056156,45.30072740850681,0.3670894274475622,0.10707266086289365,1.8367306418914999e-6,0.9997285848327936,1.4978661367769956,0.6931471805599453,2880
1075,5,2020-2024,132.53934003056156,45.30072740850681,0.179591568162131,0.17402424966003285,0.08255725345317835,0.32011086580589715,1.6094379124341003,1.6094379124341003,234.75
1076,4,2015-2019,133.01573445121124,45.29575085566888,NA,NA,NA,NA,1.0986122886681098,0.6931471805599453,NA
1089,5,2020-2024,80.57044385834435,44.58246346072545,0.11502405319813132,0.11546121225421203,0.09077990121159978,0.14220668693904218,1.0986122886681098,1.0986122886681098,60
1090,2,2005-2009,81.29753321281669,44.54389096157551,0.08348433679827288,0.07856908549208409,0.03457627897631155,0.16056522841712695,0.6931471805599453,0.6931471805599453,234
1090,3,2010-2014,81.29753321281669,44.54389096157551,0.12984465488252464,0.11232310583975885,0.027108322238555367,0.3415254251626385,1.0986122886681098,1.0986122886681098,405
1090,4,2015-2019,81.29753321281669,44.54389096157551,0.20241835046440113,0.19548582557479294,0.08363198924195524,0.3804314702753502,1.7776740307447068,1.5890269151739727,270
1090,5,2020-2024,81.29753321281669,44.54389096157551,0.45855648247120656,0.46625179944045314,0.22152009035765846,0.7246817629526224,3.097202695552336,2.831480240067973,318.9155844155845
1091,3,2010-2014,82.19584849693621,44.54389096157551,0.08264317365446945,0.07883010479629571,0.03759824448486907,0.14953512586943882,0.6931471805599453,0.6931471805599453,210
1091,4,2015-2019,82.19584849693621,44.54389096157551,NA,NA,NA,NA,1.0986122886681098,0.6931471805599453,NA
1091,5,2020-2024,82.19584849693621,44.54389096157551,0.08077712947362659,0.0795624077477754,0.049782599803490125,0.11785671463940052,0.6931471805599453,0.6931471805599453,129
1092,4,2015-2019,83.09416378105573,44.54389096157551,NA,NA,NA,NA,2.0794415416798357,0.6931471805599453,NA
1092,5,2020-2024,83.09416378105573,44.54389096157551,0.28737404767135133,0.2904465994189,0.20505524962801427,0.3894769390340527,2.34106561356211,1.732867951399863,121.25
1093,3,2010-2014,83.99247906517525,44.54389096157551,NA,NA,NA,NA,0.6931471805599453,0.6931471805599453,NA
1093,4,2015-2019,83.99247906517525,44.54389096157551,0.12619516592664137,0.1126770637125902,0.03229943778322176,0.30694876247113473,1.0986122886681098,1.0986122886681098,360
1093,5,2020-2024,83.99247906517525,44.54389096157551,0.19089635630808147,0.126330921779948,0.008385923011066073,0.6802692944025889,1.3862943611198906,0.6931471805599453,751
1094,2,2005-2009,84.89079434929477,44.54389096157551,NA,NA,NA,NA,0.6931471805599453,0.6931471805599453,NA
1094,3,2010-2014,84.89079434929477,44.54389096157551,NA,NA,NA,NA,0.6931471805599453,0.6931471805599453,NA
1094,4,2015-2019,84.89079434929477,44.54389096157551,0.32457392368268007,0.23458255592191313,0.005430678384485835,0.9321300578170445,2.1972245773362196,1.3862943611198906,1060
1094,5,2020-2024,84.89079434929477,44.54389096157551,0.4968463139320449,0.5023022434131781,0.3731677330753277,0.6310935470823575,3.258096538021482,2.772588722239781,139.39166666666665
1095,3,2010-2014,85.7891096334143,44.54389096157551,0.12811003836672175,0.12867356103280464,0.10127271161573982,0.15756929060153854,1.2424533248940002,1.0986122886681098,60
1095,4,2015-2019,85.7891096334143,44.54389096157551,0.43891490319592,0.42372895598075555,0.03451528497789568,0.9304132407686279,3.044522437723423,2.3978952727983707,810
1095,5,2020-2024,85.7891096334143,44.54389096157551,0.6856560657309562,0.7150275218607139,0.42534577778406407,0.895147620782399,4.276666119016055,3.2188758248682006,349.90625
1096,4,2015-2019,86.68742491753382,44.54389096157551,0.08177550833508929,0.07924709081503394,0.04173421004223165,0.13663425527550296,0.6931471805599453,0.6931471805599453,180
1096,5,2020-2024,86.68742491753382,44.54389096157551,0.22044494932127118,0.2199762753645505,0.1443008205524337,0.3164250461785157,1.9033312448851598,1.844439727056968,140.76086956521738
1097,3,2010-2014,87.58574020165334,44.54389096157551,0.09778578406178107,0.0949592578609908,0.050720948672828066,0.16181136090440834,0.8958797346140275,0.8958797346140275,180
1097,4,2015-2019,87.58574020165334,44.54389096157551,0.37562300109701435,0.3791418893652798,0.26004647522544283,0.5122374910426143,2.8029010331479984,1.844439727056968,150
1097,5,2020-2024,87.58574020165334,44.54389096157551,0.5853727316522319,0.5978834032367998,0.39012993167779103,0.7817299527427919,3.64820663438696,3.319937916913268,244.54690431519697
1098,3,2010-2014,88.48405548577286,44.54389096157551,NA,NA,NA,NA,0.8958797346140275,0.8958797346140275,NA
1098,4,2015-2019,88.48405548577286,44.54389096157551,0.11649987359760958,0.11340325136303045,0.06151853014206231,0.19060339343823252,1.0986122886681098,1.0986122886681098,180
1098,5,2020-2024,88.48405548577286,44.54389096157551,0.15556924493271088,0.1555490256488316,0.12856599192664053,0.1842503727434575,1.4978661367769954,1.1512925464970227,41.25
1099,5,2020-2024,89.38237076989238,44.54389096157551,0.11502405319813132,0.11546121225421203,0.09077990121159978,0.14220668693904218,1.0986122886681098,1.0986122886681098,60
1100,3,2010-2014,90.2806860540119,44.54389096157551,NA,NA,NA,NA,0.6931471805599453,0.6931471805599453,NA
1100,5,2020-2024,90.2806860540119,44.54389096157551,0.08040630164076219,0.08033214644587716,0.06303523420246096,0.10004928093486849,0.6931471805599453,0.6931471805599453,60
1101,4,2015-2019,91.17900133813141,44.54389096157551,0.12274789693178598,0.12083110672490709,0.07989755493971037,0.1749183410527734,1.2424533248940002,0.6931471805599453,120
1101,5,2020-2024,91.17900133813141,44.54389096157551,0.20992088064105907,0.06917736729965504,3.134199892545604e-4,0.9232476967964718,0.6931471805599453,0.6931471805599453,1422
1103,5,2020-2024,92.97563190637047,44.54389096157551,0.19031671024173144,0.07089919096496647,6.382775175232475e-4,0.8672892696390823,0.6931471805599453,0.6931471805599453,1244.5
1125,5,2020-2024,112.7287242016119,44.53407803276611,0.10405207065623737,0.07607786154775831,0.011000796613008273,0.35245970354223005,0.6931471805599453,0.6931471805599453,532
1126,5,2020-2024,113.65301107345489,44.51662216025089,0.08040630164076219,0.08033214644587716,0.06303523420246096,0.10004928093486849,0.6931471805599453,0.6931471805599453,60
1127,5,2020-2024,114.53519872523898,44.54389096157551,0.14265227342700823,0.14147553738690596,0.09198877157897162,0.2054822993175183,1.3862943611198906,1.0986122886681098,128.16666666666666
1128,4,2015-2019,115.43351400935852,44.54389096157551,NA,NA,NA,NA,0.6931471805599453,0.6931471805599453,NA
1128,5,2020-2024,115.43351400935852,44.54389096157551,0.11496651085888883,0.11106411922550428,0.05398366407530844,0.20333309515188175,1.0986122886681098,0.8958797346140275,210
1129,5,2020-2024,116.33182929347802,44.54389096157551,0.08111482229027246,0.07925539380513252,0.04630400114441703,0.12468323174854998,0.6931471805599453,0.6931471805599453,150
1130,5,2020-2024,117.23014457759756,44.54389096157551,0.11700080819250448,0.11730086898007301,0.09096302974107004,0.147319037523448,1.1512925464970227,0.8958797346140275,67.5
1131,5,2020-2024,118.12845986171706,44.54389096157551,0.08040630164076219,0.08033214644587716,0.06303523420246096,0.10004928093486849,0.6931471805599453,0.6931471805599453,60
1132,5,2020-2024,119.0267751458366,44.54389096157551,0.11502405319813132,0.11546121225421203,0.09077990121159978,0.14220668693904218,1.0986122886681098,1.0986122886681098,60
1133,4,2015-2019,119.9250904299561,44.54389096157551,0.20853564084862194,0.12682680513168393,0.0051632152978072655,0.7709391713250828,1.354025100551105,1.0397207708399179,877.5
1133,5,2020-2024,119.9250904299561,44.54389096157551,0.10483640676659535,0.07597740499628394,0.01065703940157576,0.35889354857502154,0.6931471805599453,0.6931471805599453,540
1134,4,2015-2019,120.82340571407563,44.54389096157551,NA,NA,NA,NA,0.6931471805599453,0.6931471805599453,NA
1136,5,2020-2024,122.62003628231469,44.54389096157551,0.08040630164076219,0.08033214644587716,0.06303523420246096,0.10004928093486849,0.6931471805599453,0.6931471805599453,60
1137,5,2020-2024,123.51835156643419,44.54389096157551,0.08256303540510962,0.07889423252160607,0.03792728073010386,0.14842282027587536,0.6931471805599453,0.6931471805599453,207.5
1138,5,2020-2024,124.41666685055372,44.54389096157551,0.08375405337185658,0.07853814375905821,0.03373995451955605,0.16390388893764601,0.6931471805599453,0.6931471805599453,241
1139,5,2020-2024,125.31498213467323,44.54389096157551,0.11059563074572334,0.10812341816044643,0.06545463349178907,0.1664392848884312,1.0986122886681098,0.6931471805599453,145.16666666666669
1140,5,2020-2024,126.21329741879276,44.54389096157551,0.11076778632684901,0.10774507209693521,0.05817784846450469,0.18185656931531657,1.0397207708399179,1.0397207708399179,180
1141,4,2015-2019,127.11161270291227,44.54389096157551,0.2699230964735301,0.06298428608164397,2.0711641439604437e-5,0.9919797492932694,0.6931471805599453,0.6931471805599453,2100
1141,5,2020-2024,127.11161270291227,44.54389096157551,0.11019127501927772,0.10812872414371036,0.071258713976765,0.15733368916985696,1.0986122886681098,0.6931471805599453,120
1142,5,2020-2024,128.0099279870318,44.54389096157551,0.09633622630726521,0.09662361134360398,0.07613274635514146,0.11970905459950999,0.8958797346140275,0.8958797346140275,60
1143,4,2015-2019,128.90824327115132,44.54389096157551,NA,NA,NA,NA,0.6931471805599453,0.6931471805599453,NA
1143,5,2020-2024,128.90824327115132,44.54389096157551,0.16243797426621348,0.15265894101456157,0.05376155800992302,0.3465149477033032,1.4451858789480825,1.4451858789480825,314.5
1144,4,2015-2019,129.80655855527084,44.54389096157551,NA,NA,NA,NA,0.6931471805599453,0.6931471805599453,NA
1144,5,2020-2024,129.80655855527084,44.54389096157551,0.23739852583359333,0.2329746169770373,0.13505019606456453,0.36543671196094346,2.0794415416798357,1.3862943611198906,185.14285714285714
1145,5,2020-2024,130.67266316622576,44.52925365650356,NA,NA,NA,NA,1.0986122886681098,0.6931471805599453,NA
1146,5,2020-2024,131.17264778661928,44.27633982077136,0.08040630164076219,0.08033214644587716,0.06303523420246096,0.10004928093486849,0.6931471805599453,0.6931471805599453,60
1161,4,2015-2019,80.67543360366552,43.94148370985015,NA,NA,NA,NA,1.0986122886681098,0.6931471805599453,NA
1161,5,2020-2024,80.67543360366552,43.94148370985015,0.3029857811830189,0.30000767093056335,0.15473642192256187,0.4927848366665336,2.418140953475739,1.7776740307447068,237.66203703703704
1162,1,2000-2004,81.29753321281669,43.90012963839316,NA,NA,NA,NA,0.6931471805599453,0.6931471805599453,NA
1162,2,2005-2009,81.29753321281669,43.90012963839316,NA,NA,NA,NA,1.0986122886681098,0.6931471805599453,NA
1162,3,2010-2014,81.29753321281669,43.90012963839316,NA,NA,NA,NA,1.0986122886681098,0.6931471805599453,NA
1162,4,2015-2019,81.29753321281669,43.90012963839316,0.13683904891550708,0.10977981269011722,0.020206440952875833,0.4029223148793735,1.0986122886681098,1.0986122886681098,480
1162,5,2020-2024,81.29753321281669,43.90012963839316,0.45458448988063943,0.4266730560434373,0.008926085319154446,0.9807034632907158,3.0827089271157098,2.6735537653587347,1171.5416666666665
1163,5,2020-2024,82.19584849693621,43.90012963839316,0.1721983638017345,0.1725825701158058,0.12083195649685455,0.23652094382946212,1.6094379124341003,1.3862943611198906,108.72222222222223
1164,5,2020-2024,83.09416378105573,43.90012963839316,0.2869428516118087,0.2837197723038489,0.1461483651826262,0.47040008953793505,2.2924837393352857,1.9944920232821373,235.22222222222223
1165,4,2015-2019,83.99247906517525,43.90012963839316,0.2061163681598424,0.1046109552845377,0.0020922201066113514,0.8330032184238787,1.0986122886681098,1.0986122886681098,1050
1165,5,2020-2024,83.99247906517525,43.90012963839316,0.22928553179557656,0.22331840170586276,0.10090208454858339,0.41347377114052913,1.9459101490553132,1.791759469228055,261.16111111111115
1166,3,2010-2014,84.89079434929477,43.90012963839316,NA,NA,NA,NA,0.6931471805599453,0.6931471805599453,NA
1166,4,2015-2019,84.89079434929477,43.90012963839316,0.10903194070671554,0.10615821518704263,0.057022944081911144,0.17925583913092416,1.0397207708399179,0.8958797346140275,180
1166,5,2020-2024,84.89079434929477,43.90012963839316,0.3027779983271942,0.3063791051302258,0.21586334636783983,0.40974817810106773,2.3978952727983707,1.9459101490553132,124.27586206896551
1167,3,2010-2014,85.7891096334143,43.90012963839316,NA,NA,NA,NA,0.6931471805599453,0.6931471805599453,NA
1167,4,2015-2019,85.7891096334143,43.90012963839316,0.47759760592506856,0.46723973692896825,0.007009611648297537,0.988581218493945,3.295836866004329,2.5649493574615367,1275
1167,5,2020-2024,85.7891096334143,43.90012963839316,0.6211564919202909,0.6435150736253664,0.3745741769285368,0.84341245479746,3.9512437185814275,2.772588722239781,315.1448763250884
1168,4,2015-2019,86.68742491753382,43.90012963839316,NA,NA,NA,NA,0.6931471805599453,0.6931471805599453,NA
1168,5,2020-2024,86.68742491753382,43.90012963839316,0.18063371968094893,0.18102257626384294,0.12511792746880368,0.25055003134086773,1.6479184330021646,1.5890269151739727,115.16666666666666
1169,1,2000-2004,87.58574020165334,43.90012963839316,NA,NA,NA,NA,0.8958797346140275,0.6931471805599453,NA
1169,2,2005-2009,87.58574020165334,43.90012963839316,NA,NA,NA,NA,1.354025100551105,1.0986122886681098,NA
1169,3,2010-2014,87.58574020165334,43.90012963839316,0.22552033381340705,0.21511810863097416,0.07366477076573984,0.46722678597129175,1.9459101490553132,1.3862943611198906,337.5
1169,4,2015-2019,87.58574020165334,43.90012963839316,0.5532569137829861,0.5622113944787513,0.3597366805000655,0.7510481046840153,3.58351893845611,2.6390573296152584,240
1169,5,2020-2024,87.58574020165334,43.90012963839316,0.5428525015956034,0.6251275809896196,2.768569288097659e-4,0.9998458786932927,4.0943445622221,3.332204510175204,2283.0573529411754
1170,1,2000-2004,88.48405548577286,43.90012963839316,NA,NA,NA,NA,0.6931471805599453,0.6931471805599453,NA
1170,2,2005-2009,88.48405548577286,43.90012963839316,NA,NA,NA,NA,1.0397207708399179,0.8958797346140275,NA
1170,3,2010-2014,88.48405548577286,43.90012963839316,0.1395812569331976,0.12560601643891808,0.0364576939910766,0.33380807318462224,1.2424533248940002,1.0986122886681098,360
1170,4,2015-2019,88.48405548577286,43.90012963839316,NA,NA,NA,NA,1.0986122886681098,1.0986122886681098,NA
1170,5,2020-2024,88.48405548577286,43.90012963839316,0.21838142353697668,0.21338927008471456,0.10696884193347113,0.3722210739487071,1.868834809141684,1.868834809141684,228
1171,3,2010-2014,89.38237076989238,43.90012963839316,NA,NA,NA,NA,0.8958797346140275,0.6931471805599453,NA
1171,5,2020-2024,89.38237076989238,43.90012963839316,0.15523616076396926,0.15127289166021432,0.07935386980657644,0.2594818082559527,1.4451858789480825,1.3862943611198906,198.5
1172,4,2015-2019,90.2806860540119,43.90012963839316,NA,NA,NA,NA,2.0794415416798357,0.6931471805599453,NA
1172,5,2020-2024,90.2806860540119,43.90012963839316,0.13239485944058912,0.10213939500900968,0.01633387401627768,0.4138389200730815,1.0397207708399179,0.8958797346140275,514.3333333333334
1173,4,2015-2019,91.17900133813141,43.90012963839316,NA,NA,NA,NA,2.995732273553991,0.6931471805599453,NA
1175,4,2015-2019,92.97563190637047,43.90012963839316,NA,NA,NA,NA,0.6931471805599453,0.6931471805599453,NA
1175,5,2020-2024,92.97563190637047,43.90012963839316,0.15410860925667663,0.1543723667357349,0.11549398706112012,0.20120275233282964,1.4451858789480823,1.4451858789480823,82.85714285714286
1196,2,2005-2009,111.9969999272614,43.9350891746222,NA,NA,NA,NA,1.6094379124341003,0.6931471805599453,NA
1196,3,2010-2014,111.9969999272614,43.9350891746222,NA,NA,NA,NA,0.6931471805599453,0.6931471805599453,NA
1196,4,2015-2019,111.9969999272614,43.9350891746222,NA,NA,NA,NA,1.0986122886681098,0.6931471805599453,NA
1196,5,2020-2024,111.9969999272614,43.9350891746222,0.09644576582605428,0.09530844971610082,0.06502336351052891,0.13393029075466603,0.8958797346140275,0.8958797346140275,107.25
1197,5,2020-2024,112.73856815699993,43.90012963839316,0.08066418086995945,0.0794241801112486,0.05134818944227062,0.11538702979271058,0.6931471805599453,0.6931471805599453,120
1198,5,2020-2024,113.63688344111945,43.90012963839316,0.10997414144884017,0.1106861293234177,0.08706110217129853,0.1357761556698287,1.0986122886681098,0.6931471805599453,60
1199,4,2015-2019,114.53519872523898,43.90012963839316,0.474839078703963,3.4551319630534647e-16,0,1,1.6094379124341003,1.0986122886681098,332194.75
1199,5,2020-2024,114.53519872523898,43.90012963839316,0.2709668940180856,0.20777442755466305,0.016059960366500863,0.7917415188328721,1.965912816362163,1.5890269151739727,743.5
1200,3,2010-2014,115.43351400935852,43.90012963839316,NA,NA,NA,NA,0.6931471805599453,0.6931471805599453,NA
1200,4,2015-2019,115.43351400935852,43.90012963839316,NA,NA,NA,NA,2.0126758453675744,1.4978661367769954,NA
1200,5,2020-2024,115.43351400935852,43.90012963839316,0.11003031286319272,0.1106111366125982,0.08909364364429544,0.13385837317530422,1.0986122886681098,0.6931471805599453,51.5
1201,1,2000-2004,116.33182929347802,43.90012963839316,NA,NA,NA,NA,1.3862943611198906,0.6931471805599453,NA
1201,3,2010-2014,116.33182929347802,43.90012963839316,NA,NA,NA,NA,1.3862943611198906,0.6931471805599453,NA
1201,4,2015-2019,116.33182929347802,43.90012963839316,0.3471640389444672,0.08205596857567676,1.3701858973643176e-6,0.9996319306841654,1.0986122886681098,1.0986122886681098,2880
1201,5,2020-2024,116.33182929347802,43.90012963839316,0.1774310271673791,0.16456551884086865,0.05293107117755045,0.3923394505217282,1.6094379124341003,1.0986122886681098,342.52173913043475
1202,4,2015-2019,117.23014457759756,43.90012963839316,NA,NA,NA,NA,1.629048269010741,1.3195286648076292,NA
1202,5,2020-2024,117.23014457759756,43.90012963839316,0.14903701543714096,0.1076295189704767,0.012976349636210655,0.500137497841818,1.0986122886681098,1.0986122886681098,592.2291666666666
1203,5,2020-2024,118.12845986171706,43.90012963839316,0.27294539131999723,0.2695911679077422,0.14215395128529118,0.4437999977660575,2.1972245773362196,2.0794415416798357,225
1204,5,2020-2024,119.0267751458366,43.90012963839316,0.08040630164076219,0.08033214644587716,0.06303523420246096,0.10004928093486849,0.6931471805599453,0.6931471805599453,60
1205,3,2010-2014,119.9250904299561,43.90012963839316,NA,NA,NA,NA,0.6931471805599453,0.6931471805599453,NA
1205,4,2015-2019,119.9250904299561,43.90012963839316,0.46259950118810367,0.0013176323520608165,3.303824628428255e-79,1,1.354025100551105,0.8958797346140275,44700
1205,5,2020-2024,119.9250904299561,43.90012963839316,0.15244667207755497,0.1516677784796338,0.09743824718036541,0.2212194517241531,1.4451858789480825,1.3195286648076292,133.625
1206,4,2015-2019,120.82340571407563,43.90012963839316,0.1431992925317229,0.1379886059611949,0.06153287127577305,0.26629782953798053,1.3862943611198906,0.8958797346140275,240
1206,5,2020-2024,120.82340571407563,43.90012963839316,0.11502405319813132,0.11546121225421203,0.09077990121159978,0.14220668693904218,1.0986122886681098,1.0986122886681098,60
1207,4,2015-2019,121.72172099819515,43.90012963839316,0.09921727773953297,0.07673744795173595,0.013518257306781191,0.31201150178145315,0.6931471805599453,0.6931471805599453,480
1207,5,2020-2024,121.72172099819515,43.90012963839316,0.09415640984301445,0.09442198191145616,0.07415802525004171,0.11652458452517918,0.8958797346140275,0.6931471805599453,60
1208,3,2010-2014,122.62003628231469,43.90012963839316,NA,NA,NA,NA,1.0986122886681098,1.0986122886681098,NA
1208,4,2015-2019,122.62003628231469,43.90012963839316,NA,NA,NA,NA,0.6931471805599453,0.6931471805599453,NA
1208,5,2020-2024,122.62003628231469,43.90012963839316,0.1287839855968749,0.12923120471906607,0.09894649587168754,0.16452571647653405,1.2424533248940002,1.1512925464970227,72
1209,5,2020-2024,123.51835156643419,43.90012963839316,0.12471750896094734,0.12138249849847331,0.06093825982178637,0.21405711023820104,1.2424533248940002,0.6931471805599453,200.4
1210,5,2020-2024,124.41666685055372,43.90012963839316,0.18795741581189115,0.1390593332456113,0.015270595929405818,0.6029601428944256,1.4451858789480823,1.0986122886681098,626.4
1211,2,2005-2009,125.31498213467323,43.90012963839316,NA,NA,NA,NA,0.6931471805599453,0.6931471805599453,NA
1211,3,2010-2014,125.31498213467323,43.90012963839316,NA,NA,NA,NA,1.791759469228055,1.3862943611198906,NA
1211,4,2015-2019,125.31498213467323,43.90012963839316,0.218810444397079,0.2120213078792856,0.09232577436485472,0.4049861474874727,1.868834809141684,1.791759469228055,270
1211,5,2020-2024,125.31498213467323,43.90012963839316,0.39073259012533196,0.39028943290237944,0.2353048108496827,0.5715922200888278,2.833213344056216,2.1972245773362196,210
1212,2,2005-2009,126.21329741879276,43.90012963839316,NA,NA,NA,NA,0.6931471805599453,0.6931471805599453,NA
1212,3,2010-2014,126.21329741879276,43.90012963839316,NA,NA,NA,NA,0.8958797346140275,0.6931471805599453,NA
1212,4,2015-2019,126.21329741879276,43.90012963839316,0.18738134998427775,0.11769312726308001,0.0066836039076536785,0.6941883058966045,1.2424533248940002,1.0986122886681098,790.5
1212,5,2020-2024,126.21329741879276,43.90012963839316,0.4260130288966255,0.43135373417983564,0.1892230239139371,0.7039785582520502,2.9856309198952315,2.4414009612931853,330.853813559322
1213,3,2010-2014,127.11161270291227,43.90012963839316,NA,NA,NA,NA,1.0986122886681098,0.6931471805599453,NA
1213,4,2015-2019,127.11161270291227,43.90012963839316,0.10827360363058011,0.10782075907880945,0.09711237771549798,0.12190869514731288,1.0397207708399179,0.8958797346140275,6
1213,5,2020-2024,127.11161270291227,43.90012963839316,0.3121278022548389,0.3157519659449371,0.2244018198726882,0.4190597809829735,2.4414009612931853,2.0036665926162356,121.5952380952381
1214,5,2020-2024,128.0099279870318,43.90012963839316,0.13637744755929349,0.13737779986899296,0.1086103379417147,0.1691493491892771,1.3862943611198906,0.6931471805599453,60
1215,4,2015-2019,128.90824327115132,43.90012963839316,NA,NA,NA,NA,1.0986122886681098,1.0986122886681098,NA
1215,5,2020-2024,128.90824327115132,43.90012963839316,0.08066418086995945,0.0794241801112486,0.05134818944227062,0.11538702979271058,0.6931471805599453,0.6931471805599453,120
1216,5,2020-2024,129.80655855527084,43.90012963839316,0.08040630164076219,0.08033214644587716,0.06303523420246096,0.10004928093486849,0.6931471805599453,0.6931471805599453,60
1234,3,2010-2014,81.29753321281669,43.24933166475007,NA,NA,NA,NA,0.6931471805599453,0.6931471805599453,NA
1234,4,2015-2019,81.29753321281669,43.24933166475007,0.2171839201907737,0.2177940110580634,0.17462035886907984,0.2656686645556034,1.9459101490553132,1.3862943611198906,57
1234,5,2020-2024,81.29753321281669,43.24933166475007,0.4094865719547184,0.41540827018541937,0.2807071354596078,0.5580931041529006,2.908555579981602,2.2975599250672953,163.23745173745175
1235,3,2010-2014,82.19584849693621,43.24933166475007,0.1645893131978426,0.10583835302486144,0.00781341175962386,0.6103893792515491,1.0986122886681098,1.0986122886681098,720
1235,4,2015-2019,82.19584849693621,43.24933166475007,0.11513647532948289,0.1141856289030829,0.07737526601579735,0.16113306381552356,1.0986122886681098,1.0986122886681098,112
1235,5,2020-2024,82.19584849693621,43.24933166475007,0.4122525723567285,0.3794835834755462,0.023718897757363012,0.9312336197182794,2.865049891486787,2.255429753258425,862.4642857142857
1236,4,2015-2019,83.09416378105573,43.24933166475007,0.08103120063878097,0.08082434438459271,0.07311136747684517,0.09126305161572455,0.6931471805599453,0.6931471805599453,0
1236,5,2020-2024,83.09416378105573,43.24933166475007,0.4272715277867974,0.4261913320487595,0.06447363165833142,0.8728911861823728,2.962127898707266,2.57083177825133,634.2672619047618
1237,3,2010-2014,83.99247906517525,43.24933166475007,0.10994597275281927,0.1096178686775493,0.07906128852390941,0.14665775725239727,1.0986122886681098,0.6931471805599453,89
1237,4,2015-2019,83.99247906517525,43.24933166475007,0.19245572658306834,0.16881279300496385,0.03555457624637943,0.4989739882049854,1.6094379124341003,1.3862943611198906,456
1237,5,2020-2024,83.99247906517525,43.24933166475007,0.49378938407656114,0.5048578182351839,0.2516325260181684,0.7528259816183832,3.295836866004329,2.70805020110221,316.2691358024691
1238,3,2010-2014,84.89079434929477,43.24933166475007,0.08103120063878097,0.08082434438459271,0.07311136747684517,0.09126305161572455,0.6931471805599453,0.6931471805599453,0
1238,4,2015-2019,84.89079434929477,43.24933166475007,0.10786801983964575,0.07560309282113267,0.009460052229717976,0.3834599322353953,0.6931471805599453,0.6931471805599453,570
1238,5,2020-2024,84.89079434929477,43.24933166475007,0.2778197067664814,0.2740865470542799,0.15461976236101696,0.4329571118433592,2.2608942885245202,1.868834809141684,204.27272727272728
1239,5,2020-2024,85.7891096334143,43.24933166475007,0.08040123435896138,0.0798323529348833,0.05838664826776753,0.10557705709153573,0.6931471805599453,0.6931471805599453,82.5
1240,3,2010-2014,86.68742491753382,43.24933166475007,NA,NA,NA,NA,0.6931471805599453,0.6931471805599453,NA
1240,4,2015-2019,86.68742491753382,43.24933166475007,0.3630992026252498,0.0991590023390678,1.4837194643974913e-6,0.9997367209268729,1.354025100551105,1.0397207708399179,2913.75
1240,5,2020-2024,86.68742491753382,43.24933166475007,0.24951879712427677,0.24859475387943514,0.15945274492960623,0.362066578859045,2.0948273710132126,1.844439727056968,153.75
1241,1,2000-2004,87.58574020165334,43.24933166475007,NA,NA,NA,NA,0.6931471805599453,0.6931471805599453,NA
1241,2,2005-2009,87.58574020165334,43.24933166475007,NA,NA,NA,NA,1.1512925464970227,0.8958797346140275,NA
1241,3,2010-2014,87.58574020165334,43.24933166475007,0.14502838189217543,0.1380953529108475,0.05704453258822836,0.28450368184881397,1.354025100551105,1.1512925464970227,265
1241,4,2015-2019,87.58574020165334,43.24933166475007,0.4071188892903289,0.4097727440438503,0.2208608688451815,0.6249985573419974,2.8903717578961645,2.3978952727983707,254.43333333333334
1241,5,2020-2024,87.58574020165334,43.24933166475007,0.5323042534712014,0.5705586922140089,0.022377848075096157,0.98481806856242,3.6888794541139363,2.995732273553991,1081.6674342105264
1242,3,2010-2014,88.48405548577286,43.24933166475007,NA,NA,NA,NA,0.8958797346140275,0.8958797346140275,NA
1242,4,2015-2019,88.48405548577286,43.24933166475007,0.15322735139815216,0.08858978268132087,0.004729115061565695,0.6256132184508836,0.8958797346140275,0.8958797346140275,795
1242,5,2020-2024,88.48405548577286,43.24933166475007,0.25530801944186987,0.2573574977028362,0.19785519042863078,0.3213421219681947,2.1972245773362196,1.3862943611198906,79.13333333333334
1243,1,2000-2004,89.38237076989238,43.24933166475007,NA,NA,NA,NA,0.6931471805599453,0.6931471805599453,NA
1243,2,2005-2009,89.38237076989238,43.24933166475007,NA,NA,NA,NA,0.8958797346140275,0.8958797346140275,NA
1243,3,2010-2014,89.38237076989238,43.24933166475007,NA,NA,NA,NA,1.6094379124341003,1.0986122886681098,NA
1243,4,2015-2019,89.38237076989238,43.24933166475007,NA,NA,NA,NA,1.0986122886681098,0.6931471805599453,NA
1243,5,2020-2024,89.38237076989238,43.24933166475007,0.28193178091688215,0.28458826205195903,0.20170487691526026,0.3797039960990672,2.2499048351651325,2.1383330595080277,117.25
1244,5,2020-2024,90.2806860540119,43.24933166475007,0.09657927242500797,0.0950226693026842,0.062270243012377026,0.1379186358065242,0.8958797346140275,0.8958797346140275,120
1245,4,2015-2019,91.17900133813141,43.24933166475007,NA,NA,NA,NA,0.6931471805599453,0.6931471805599453,NA
1245,5,2020-2024,91.17900133813141,43.24933166475007,0.08040630164076219,0.08033214644587716,0.06303523420246096,0.10004928093486849,0.6931471805599453,0.6931471805599453,60
1246,5,2020-2024,92.07731662225093,43.24933166475007,0.14235407985139062,0.1422854619246889,0.10253181332723803,0.19138713509445965,1.3862943611198906,1.0986122886681098,95
1247,5,2020-2024,92.97563190637047,43.24933166475007,0.08167539258571041,0.07924769796223162,0.042317591849773475,0.1349867852049614,0.6931471805599453,0.6931471805599453,176
1248,4,2015-2019,93.87394719048999,43.24933166475007,NA,NA,NA,NA,0.6931471805599453,0.6931471805599453,NA
1248,5,2020-2024,93.87394719048999,43.24933166475007,0.17222628998391912,0.17279792268859773,0.13280796500253958,0.216706121621324,1.6094379124341003,1.3862943611198906,72.33333333333333
1249,5,2020-2024,94.7722624746095,43.24933166475007,0.08545595282847225,0.07836933191482359,0.029426948455629705,0.1835317736298062,0.6931471805599453,0.6931471805599453,280
1268,4,2015-2019,111.85198069558065,43.23987055820486,NA,NA,NA,NA,0.6931471805599453,0.6931471805599453,NA
1268,5,2020-2024,111.85198069558065,43.23987055820486,0.10924663954309147,0.10909775042701952,0.08151255160741094,0.14252662170771552,1.0397207708399179,1.0397207708399179,80
1269,5,2020-2024,112.73856815699993,43.24933166475007,0.10997414144884017,0.1106861293234177,0.08706110217129853,0.1357761556698287,1.0986122886681098,0.6931471805599453,60
1270,5,2020-2024,113.63688344111945,43.24933166475007,0.08040630164076219,0.08033214644587716,0.06303523420246096,0.10004928093486849,0.6931471805599453,0.6931471805599453,60
1271,3,2010-2014,114.53519872523898,43.24933166475007,NA,NA,NA,NA,1.3862943611198906,0.6931471805599453,NA
1271,4,2015-2019,114.53519872523898,43.24933166475007,NA,NA,NA,NA,1.0986122886681098,1.0986122886681098,NA
1271,5,2020-2024,114.53519872523898,43.24933166475007,0.20098344253161193,0.16492420113070744,0.025895955072262944,0.5700137968917509,1.6094379124341003,1.3862943611198906,537.5
1272,3,2010-2014,115.43351400935852,43.24933166475007,0.41856816794260704,0.03993149705650305,8.085570288039872e-13,0.9999999964592601,0.6931471805599453,0.6931471805599453,6360
1272,4,2015-2019,115.43351400935852,43.24933166475007,0.16956153726518616,0.1657017045464066,0.08362921454963836,0.2885288440537687,1.6094379124341003,1.0986122886681098,210
1272,5,2020-2024,115.43351400935852,43.24933166475007,0.28964332267599224,0.19886240201389116,0.005830933899554433,0.8956526164805958,1.9459101490553132,1.3862943611198906,987.5
1273,2,2005-2009,116.33182929347802,43.24933166475007,NA,NA,NA,NA,0.8958797346140275,0.6931471805599453,NA
1273,3,2010-2014,116.33182929347802,43.24933166475007,NA,NA,NA,NA,1.0986122886681098,1.0986122886681098,NA
1273,4,2015-2019,116.33182929347802,43.24933166475007,0.09657927242500797,0.0950226693026842,0.062270243012377026,0.1379186358065242,0.8958797346140275,0.8958797346140275,120
1273,5,2020-2024,116.33182929347802,43.24933166475007,0.3238920376350316,0.2596181449139031,0.015375041404012085,0.8747504545456883,2.255429753258425,2.0036665926162356,831.5806451612905
1274,3,2010-2014,117.23014457759756,43.24933166475007,NA,NA,NA,NA,1.0397207708399179,1.0397207708399179,NA
1274,4,2015-2019,117.23014457759756,43.24933166475007,NA,NA,NA,NA,0.6931471805599453,0.6931471805599453,NA
1274,5,2020-2024,117.23014457759756,43.24933166475007,0.20248798616795086,0.1977646132669187,0.09811707031673353,0.34780224696157286,1.791759469228055,1.6094379124341003,225.66666666666666
1275,4,2015-2019,118.12845986171706,43.24933166475007,0.10503410963362607,0.07595233306275714,0.010572774224312135,0.36051008243141003,0.6931471805599453,0.6931471805599453,542
1275,5,2020-2024,118.12845986171706,43.24933166475007,0.3277288506633363,0.08968428168952777,7.692738383508728e-6,0.9984966398531018,1.1512925464970227,1.0397207708399179,2458.75
1276,4,2015-2019,119.0267751458366,43.24933166475007,NA,NA,NA,NA,1.0986122886681098,0.6931471805599453,NA
1276,5,2020-2024,119.0267751458366,43.24933166475007,0.20949939958128286,0.19478132725360509,0.05457588982495279,0.47785799242950405,1.7631802623080808,1.629048269010741,385.875
1277,5,2020-2024,119.9250904299561,43.24933166475007,0.0899795465113003,0.07810263396075559,0.02169763008700062,0.22937314966171918,0.6931471805599453,0.6931471805599453,360
1279,5,2020-2024,121.72172099819515,43.24933166475007,0.08177550833508929,0.07924709081503394,0.04173421004223165,0.13663425527550296,0.6931471805599453,0.6931471805599453,180
1280,5,2020-2024,122.62003628231469,43.24933166475007,0.09424662331335189,0.07751291113892697,0.01713465617691438,0.26868717059556735,0.6931471805599453,0.6931471805599453,420
1281,4,2015-2019,123.51835156643413,43.24933166475005,NA,NA,NA,NA,0.6931471805599453,0.6931471805599453,NA
1281,5,2020-2024,123.51835156643413,43.24933166475005,0.46236132528413015,0.14756051008307175,1.0089439322102112e-15,0.9999999999995133,2.5619819897016294,1.0986122886681098,8451.428571428572
1282,5,2020-2024,124.41666685055367,43.249331664750066,0.23274295027033312,0.23375020904385413,0.18148528564142197,0.2930362229711879,2.0871936349478184,1.1512925464970227,75
1283,5,2020-2024,125.31498213467323,43.24933166475007,0.3707040901316667,0.37451744439154055,0.2743614875213025,0.4805296652361381,2.770631772579213,1.868834809141684,118.57142857142857
1284,4,2015-2019,126.21329741879276,43.24933166475007,NA,NA,NA,NA,1.4451858789480823,0.6931471805599453,NA
1284,5,2020-2024,126.21329741879276,43.24933166475007,0.11640186900445354,0.11340433441477454,0.062219364075233735,0.18880529974845722,1.0986122886681098,1.0986122886681098,176.66666666666666
1285,5,2020-2024,127.11161270291227,43.24933166475007,0.08040630164076219,0.08033214644587716,0.06303523420246096,0.10004928093486849,0.6931471805599453,0.6931471805599453,60
1286,5,2020-2024,128.0099279870318,43.24933166475007,0.08040630164076219,0.08033214644587716,0.06303523420246096,0.10004928093486849,0.6931471805599453,0.6931471805599453,60
1287,4,2015-2019,128.90824327115132,43.24933166475007,NA,NA,NA,NA,0.6931471805599453,0.6931471805599453,NA
1288,1,2000-2004,129.80282953456566,43.25764311816396,NA,NA,NA,NA,0.6931471805599453,0.6931471805599453,NA
1288,4,2015-2019,129.80282953456566,43.25764311816396,NA,NA,NA,NA,1.0397207708399179,0.6931471805599453,NA
1288,5,2020-2024,129.80282953456566,43.25764311816396,0.14765260651103296,0.14479629991403847,0.08653364447249452,0.2250619362281695,1.3862943611198906,1.3862943611198906,158.4375
1289,4,2015-2019,130.6892633290516,43.258387339853094,0.20545498280514585,0.06958090487789997,3.7086777037543037e-4,0.91237220097643,0.6931471805599453,0.6931471805599453,1380
1289,5,2020-2024,130.6892633290516,43.258387339853094,0.3189034705161612,0.2770015094599382,0.030026444674796975,0.8083752640218242,2.302585092994046,2.0794415416798357,673.7617647058823
1305,3,2010-2014,80.5331751534424,42.57090486771486,0.24843207232646972,0.09929040740716528,4.38845296856572e-4,0.9506099660871609,1.0986122886681098,1.0986122886681098,1440
1305,4,2015-2019,80.5331751534424,42.57090486771486,0.10483640676659535,0.07597740499628394,0.01065703940157576,0.35889354857502154,0.6931471805599453,0.6931471805599453,540
1305,5,2020-2024,80.5331751534424,42.57090486771486,0.27922360661866213,0.27635021148611816,0.1341118713066908,0.47195014308047056,2.302585092994046,1.5890269151739727,248.66176470588235
1306,5,2020-2024,81.29753321281669,42.59150500572618,0.14314491163866905,0.13985691437722825,0.08434707133473726,0.21715765754651975,1.3862943611198906,1.0986122886681098,154.41666666666669
1307,4,2015-2019,82.19584849693621,42.59150500572618,0.44653567541742284,0.017428443726691313,8.52199289547287e-27,1,0.6931471805599453,0.6931471805599453,14400
1307,5,2020-2024,82.19584849693621,42.59150500572618,0.3260822356806723,0.07956300174914109,4.219153699154797e-6,0.9988845253424796,1.0397207708399179,0.8958797346140275,2579.5
1308,4,2015-2019,83.09416378105573,42.59150500572618,0.12482566115097704,0.0743288644961661,0.0052052420369238725,0.5128777219614847,0.6931471805599453,0.6931471805599453,720
1308,5,2020-2024,83.09416378105573,42.59150500572618,0.1149821536153464,0.11437608219148848,0.0838169687995163,0.15266934225209097,1.0986122886681098,1.0986122886681098,88
1309,3,2010-2014,83.99247906517525,42.59150500572618,0.10840807526366769,0.10812387589043551,0.09734206535974627,0.12186459977549842,1.0397207708399179,0.8958797346140275,0
1309,4,2015-2019,83.99247906517525,42.59150500572618,0.18510207053102576,0.07133764464813391,7.628442181383958e-4,0.8486744307468645,0.6931471805599453,0.6931471805599453,1200
1309,5,2020-2024,83.99247906517525,42.59150500572618,0.24353405656351299,0.24005913245990512,0.14499944247829027,0.3670257077098542,2.04717228111105,1.8920948169591307,175.3125
1312,3,2010-2014,86.68742491753382,42.59150500572618,0.12587926850715173,0.1064329869120581,0.024225008259164408,0.342220600103106,1.0986122886681098,0.6931471805599453,420
1312,5,2020-2024,86.68742491753382,42.59150500572618,0.11499676067699642,0.11541827737098725,0.08959936098519962,0.14476037185072674,1.0986122886681098,1.0986122886681098,65.5
1313,5,2020-2024,87.58574020165334,42.59150500572618,0.2854829126942442,0.2801270477151197,0.11697381293995773,0.5220359834587897,2.282174095733918,1.9033312448851598,299.8306451612903
1314,2,2005-2009,88.48405548577286,42.59150500572618,NA,NA,NA,NA,1.0986122886681098,0.6931471805599453,NA
1314,3,2010-2014,88.48405548577286,42.59150500572618,NA,NA,NA,NA,1.0986122886681098,1.0986122886681098,NA
1314,4,2015-2019,88.48405548577286,42.59150500572618,NA,NA,NA,NA,0.6931471805599453,0.6931471805599453,NA
1314,5,2020-2024,88.48405548577286,42.59150500572618,0.3123125156365398,0.31392525738465127,0.232700403742961,0.4045161459575706,2.418140953475739,2.158744056768155,102.375
1315,2,2005-2009,89.38237076989238,42.59150500572618,NA,NA,NA,NA,0.6931471805599453,0.6931471805599453,NA
1315,3,2010-2014,89.38237076989238,42.59150500572618,NA,NA,NA,NA,1.2424533248940002,0.8958797346140275,NA
1315,4,2015-2019,89.38237076989238,42.59150500572618,0.21108093871073963,0.21212801028664793,0.16880878910745648,0.26099708445631425,1.9459101490553132,1.0986122886681098,61
1315,5,2020-2024,89.38237076989238,42.59150500572618,0.20230542323358033,0.19776517556508694,0.09951451434547084,0.34436088388798475,1.791759469228055,1.6094379124341003,221.33333333333334
1316,3,2010-2014,90.2806860540119,42.59150500572618,NA,NA,NA,NA,1.0986122886681098,0.6931471805599453,NA
1316,5,2020-2024,90.2806860540119,42.59150500572618,0.17206985300685207,0.17242991953185227,0.1336626476818573,0.2153505085626697,1.629048269010741,1.2424533248940002,70
1319,5,2020-2024,92.97563190637047,42.59150500572618,0.17851109867648193,0.1740233995604848,0.08960501867319341,0.30151042493390356,1.6094379124341003,1.6094379124341003,210
1320,5,2020-2024,93.87394719048999,42.59150500572618,0.29769742840306707,0.29174466348683487,0.11228702963362339,0.5598541258482642,2.34106561356211,1.9560115027140732,327.0181818181818
1321,4,2015-2019,94.7722624746095,42.59150500572618,NA,NA,NA,NA,0.6931471805599453,0.6931471805599453,NA
1321,5,2020-2024,94.7722624746095,42.59150500572618,0.13813055815622366,0.1352386894114886,0.07085860895930991,0.2290427295999786,1.3862943611198906,0.6931471805599453,190
1322,5,2020-2024,95.67057775872902,42.59150500572618,0.16779641408018559,0.16673247721555878,0.1429842164227112,0.19476879060108387,1.6094379124341003,1.0986122886681098,30
1328,3,2010-2014,101.02375502830922,42.437641356510476,NA,NA,NA,NA,0.6931471805599453,0.6931471805599453,NA
1328,4,2015-2019,101.02375502830922,42.437641356510476,0.10293808814626386,0.09423318147128314,0.03344176693039731,0.2272865160111698,0.8958797346140275,0.8958797346140275,300
1328,5,2020-2024,101.02375502830922,42.437641356510476,0.1517407350193725,0.14001125808967718,0.04622420175376979,0.3375090069538216,1.3862943611198906,1.0986122886681098,329.5625
1339,5,2020-2024,110.9422339890988,42.59128760984968,0.1243420167508631,0.07433973154974186,0.005288983188069557,0.5093700569406374,0.6931471805599453,0.6931471805599453,716
1340,5,2020-2024,111.84025287288041,42.59150500572618,0.08264317365446945,0.07883010479629571,0.03759824448486907,0.14953512586943882,0.6931471805599453,0.6931471805599453,210
1341,4,2015-2019,112.73856815699993,42.59150500572618,NA,NA,NA,NA,0.6931471805599453,0.6931471805599453,NA
1341,5,2020-2024,112.73856815699993,42.59150500572618,0.14238261265844532,0.14234651690232564,0.10043901031745046,0.19402024977915405,1.3862943611198906,1.0986122886681098,101.33333333333333
1342,5,2020-2024,113.63688344111945,42.59150500572618,0.0829262308650308,0.07863829653906085,0.03649995089479976,0.15336840755368442,0.6931471805599453,0.6931471805599453,218.5
1344,4,2015-2019,115.43351400935852,42.59150500572618,NA,NA,NA,NA,1.9459101490553132,1.0986122886681098,NA
1344,5,2020-2024,115.43351400935852,42.59150500572618,0.08048204137883486,0.0794686366781123,0.05499577624506114,0.11005991212314324,0.6931471805599453,0.6931471805599453,100
1345,3,2010-2014,116.33182929347802,42.59150500572618,NA,NA,NA,NA,0.6931471805599453,0.6931471805599453,NA
1345,4,2015-2019,116.33182929347802,42.59150500572618,NA,NA,NA,NA,0.6931471805599453,0.6931471805599453,NA
1345,5,2020-2024,116.33182929347802,42.59150500572618,0.17546783424532011,0.17034548452919135,0.08108915205639045,0.3114002689657637,1.6094379124341003,1.3862943611198906,231.03125
1346,3,2010-2014,117.23014457759753,42.59150500572617,NA,NA,NA,NA,1.3862943611198906,1.0986122886681098,NA
1346,4,2015-2019,117.23014457759753,42.59150500572617,0.2366743734069562,0.23284193752163657,0.12917034528955285,0.37590439856205327,2.0126758453675744,1.791759469228055,200
1346,5,2020-2024,117.23014457759753,42.59150500572617,0.265951854699067,0.24789349332512803,0.05548560694752313,0.6189429895356353,2.0794415416798357,1.9459101490553132,461
1348,5,2020-2024,119.02677514583662,42.59150500572619,0.35189829610918644,0.2932197212694386,0.016238212091267322,0.9015231746620342,2.5053176470481278,1.6479184330021646,859.9958333333332
1349,4,2015-2019,119.92509042995613,42.591505005726184,NA,NA,NA,NA,1.3862943611198906,0.6931471805599453,NA
1349,5,2020-2024,119.92509042995613,42.591505005726184,0.08040630164076219,0.08033214644587716,0.06303523420246096,0.10004928093486849,0.6931471805599453,0.6931471805599453,60
1350,5,2020-2024,120.82340571407569,42.591505005726155,0.11502405319813132,0.11546121225421203,0.09077990121159978,0.14220668693904218,1.0986122886681098,1.0986122886681098,60
1351,5,2020-2024,121.72172099819512,42.59150500572617,0.10997414144884017,0.1106861293234177,0.08706110217129853,0.1357761556698287,1.0986122886681098,0.6931471805599453,60
1352,3,2010-2014,122.62003628231479,42.59150500572619,NA,NA,NA,NA,0.6931471805599453,0.6931471805599453,NA
1352,4,2015-2019,122.62003628231479,42.59150500572619,NA,NA,NA,NA,1.0986122886681098,0.6931471805599453,NA
1352,5,2020-2024,122.62003628231479,42.59150500572619,0.1749926395893665,0.17184358014155635,0.10314546455567863,0.26607423971756006,1.6094379124341003,1.4978661367769954,162.45454545454544
1353,3,2010-2014,123.51835156643413,42.59150500572614,NA,NA,NA,NA,1.354025100551105,0.6931471805599453,NA
1353,4,2015-2019,123.51835156643413,42.59150500572614,NA,NA,NA,NA,1.9356005054539454,0.6931471805599453,NA
1353,5,2020-2024,123.51835156643413,42.59150500572614,0.23284395518584888,0.18362875439380252,0.02138493504283195,0.6789409791566562,1.791759469228055,1.3862943611198906,626
1354,4,2015-2019,124.41666685055367,42.59150500572617,NA,NA,NA,NA,0.6931471805599453,0.6931471805599453,NA
1354,5,2020-2024,124.41666685055367,42.59150500572617,0.28950897679435894,0.28920455333762496,0.23488863892863177,0.35348538038549976,2.3978952727983707,1.3862943611198906,60
1355,5,2020-2024,125.3149821346733,42.59150500572618,0.1286011313332808,0.10591303471229532,0.02153697911013544,0.366297420341731,1.0986122886681098,0.6931471805599453,450
1356,4,2015-2019,126.21329741879276,42.59150500572618,NA,NA,NA,NA,1.6094379124341003,0.6931471805599453,NA
1357,4,2015-2019,127.11161270291227,42.59150500572618,NA,NA,NA,NA,1.0986122886681098,1.0986122886681098,NA
1357,5,2020-2024,127.11161270291227,42.59150500572618,0.21385000696675774,0.20926152742139909,0.09665810787364196,0.3796720163423435,1.9356005054539454,1.1512925464970227,245.7142857142857
1358,2,2005-2009,128.0099279870318,42.59150500572618,NA,NA,NA,NA,0.6931471805599453,0.6931471805599453,NA
1358,4,2015-2019,128.0099279870318,42.59150500572618,0.08040825975251645,0.07969826723416429,0.0578904766518038,0.10620744055335803,0.6931471805599453,0.6931471805599453,85
1358,5,2020-2024,128.0099279870318,42.59150500572618,0.4616604128129653,0.4669016881619903,0.33446670597621186,0.6032329738156357,3.100254587021345,2.71467281447722,150.08928571428572
1359,5,2020-2024,128.8937674453087,42.60165678720912,0.12462501313169623,0.11691996150664978,0.0456410016133679,0.25595996480861505,1.1512925464970227,1.0397207708399179,277.17647058823525
1360,4,2015-2019,129.58599097017577,42.68677562277046,NA,NA,NA,NA,1.0986122886681098,1.0986122886681098,NA
1360,5,2020-2024,129.58599097017577,42.68677562277046,0.5174656615118836,0.5179644668415342,0.4201127221491024,0.6106891975373879,3.295836866004329,3.091042453358316,89.34714285714284
1361,4,2015-2019,130.48234378358893,42.77421233740516,0.47488215550043356,3.871255086141318e-15,0,1,2.302585092994046,1.6094379124341003,314640
1361,5,2020-2024,130.48234378358893,42.77421233740516,0.6435922374093294,0.7173901643375336,0.14283616390425266,0.971171899032209,4.271430469082408,3.569433499972762,732.5993690851735
1377,3,2010-2014,80.4252834827464,41.90783570222138,NA,NA,NA,NA,1.6094379124341003,1.0986122886681098,NA
1377,5,2020-2024,80.4252834827464,41.90783570222138,0.11511702587560028,0.1149316703687536,0.09342348594804617,0.13877748158100622,1.0986122886681098,1.0986122886681098,47.91666666666667
1379,3,2010-2014,82.19584849693621,41.92666139845996,NA,NA,NA,NA,1.0986122886681098,1.0986122886681098,NA
1379,5,2020-2024,82.19584849693621,41.92666139845996,0.23550540041572965,0.23135443065146516,0.12593991428864212,0.3789324997433822,2.0036665926162356,1.791759469228055,205.875
1380,1,2000-2004,83.09416378105573,41.92666139845996,NA,NA,NA,NA,0.6931471805599453,0.6931471805599453,NA
1380,3,2010-2014,83.09416378105573,41.92666139845996,NA,NA,NA,NA,1.2424533248940002,1.0986122886681098,NA
1380,5,2020-2024,83.09416378105573,41.92666139845996,0.21141177520565924,0.21283316561911614,0.14607495099308412,0.2935248903568939,1.8920948169591307,1.4978661367769954,120
1381,4,2015-2019,83.99247906517525,41.92666139845996,NA,NA,NA,NA,1.791759469228055,0.6931471805599453,NA
1381,5,2020-2024,83.99247906517525,41.92666139845996,NA,NA,NA,NA,1.0986122886681098,1.0986122886681098,NA
1382,3,2010-2014,84.89079434929477,41.92666139845996,NA,NA,NA,NA,1.0986122886681098,1.0986122886681098,NA
1382,4,2015-2019,84.89079434929477,41.92666139845996,NA,NA,NA,NA,1.6094379124341003,1.6094379124341003,NA
1382,5,2020-2024,84.89079434929477,41.92666139845996,0.13918981306916453,0.10280736319399827,0.013902982795291004,0.45753299634832756,1.0397207708399179,1.0397207708399179,560
1383,2,2005-2009,85.7891096334143,41.92666139845996,NA,NA,NA,NA,0.8958797346140275,0.8958797346140275,NA
1383,3,2010-2014,85.7891096334143,41.92666139845996,NA,NA,NA,NA,0.8958797346140275,0.6931471805599453,NA
1383,4,2015-2019,85.7891096334143,41.92666139845996,0.1503990661495789,0.14116210228668175,0.05221756231998951,0.31497029824618444,1.3862943611198906,1.1512925464970227,298.5
1383,5,2020-2024,85.7891096334143,41.92666139845996,0.309203185188374,0.30975049333278437,0.19685604993043135,0.4468307305740747,2.3978952727983707,2.1972245773362196,169.39999999999998
1384,1,2000-2004,86.68742491753382,41.92666139845996,NA,NA,NA,NA,1.0986122886681098,0.6931471805599453,NA
1384,2,2005-2009,86.68742491753382,41.92666139845996,NA,NA,NA,NA,2.302585092994046,0.6931471805599453,NA
1384,3,2010-2014,86.68742491753382,41.92666139845996,0.11370881923363532,0.10818474307110931,0.04732575156044981,0.21668539525103872,1.0986122886681098,0.6931471805599453,240
1384,4,2015-2019,86.68742491753382,41.92666139845996,0.09921727773953297,0.07673744795173595,0.013518257306781191,0.31201150178145315,0.6931471805599453,0.6931471805599453,480
1384,5,2020-2024,86.68742491753382,41.92666139845996,0.19510264468711863,0.19189635867485377,0.11506012778977234,0.2966621412901926,1.732867951399863,1.732867951399863,167.5
1385,5,2020-2024,87.58574020165334,41.92666139845996,0.08040630164076219,0.08033214644587716,0.06303523420246096,0.10004928093486849,0.6931471805599453,0.6931471805599453,60
1386,4,2015-2019,88.48405548577286,41.92666139845996,NA,NA,NA,NA,1.0986122886681098,1.0986122886681098,NA
1386,5,2020-2024,88.48405548577286,41.92666139845996,NA,NA,NA,NA,0.6931471805599453,0.6931471805599453,NA
1393,5,2020-2024,94.77226247460953,41.92666139845996,NA,NA,NA,NA,0.6931471805599453,0.6931471805599453,NA
1400,4,2015-2019,101.06046946344617,41.92666139845996,0.46616068048380016,9.84307940341313e-6,2.1788872958048787e-154,1,0.8958797346140275,0.6931471805599453,87840
1400,5,2020-2024,101.06046946344617,41.92666139845996,0.10777938563261172,0.10615377029197501,0.06990143700125762,0.15375889507364052,1.0397207708399179,0.8958797346140275,120
1401,5,2020-2024,101.94256955315814,41.91035170672058,0.08066418086995945,0.0794241801112486,0.05134818944227062,0.11538702979271058,0.6931471805599453,0.6931471805599453,120
1410,4,2015-2019,110.04362230464137,41.92666139845996,0.08103120063878097,0.08082434438459271,0.07311136747684517,0.09126305161572455,0.6931471805599453,0.6931471805599453,0
1412,5,2020-2024,111.84025287288041,41.92666139845996,0.08040630164076219,0.08033214644587716,0.06303523420246096,0.10004928093486849,0.6931471805599453,0.6931471805599453,60
1413,3,2010-2014,112.73856815699993,41.92666139845996,NA,NA,NA,NA,0.6931471805599453,0.6931471805599453,NA
1413,4,2015-2019,112.73856815699993,41.92666139845996,NA,NA,NA,NA,0.6931471805599453,0.6931471805599453,NA
1413,5,2020-2024,112.73856815699993,41.92666139845996,0.22120639269009107,0.18630762615677446,0.029548550396787044,0.6060578150482866,1.732867951399863,1.666102255087602,540
1414,3,2010-2014,113.63688344111945,41.92666139845996,NA,NA,NA,NA,0.6931471805599453,0.6931471805599453,NA
1414,4,2015-2019,113.63688344111945,41.92666139845996,NA,NA,NA,NA,1.0986122886681098,0.6931471805599453,NA
1415,5,2020-2024,114.53519872523898,41.92666139845997,0.16112798172351825,0.1502540227593827,0.050919549608374116,0.3510114395263872,1.4451858789480825,1.3195286648076292,324.5172413793104
1416,4,2015-2019,115.43351400935853,41.92666139845998,0.08043595559844342,0.07933914259044492,0.056522207380028645,0.10799022221347451,0.6931471805599453,0.6931471805599453,92
1416,5,2020-2024,115.43351400935853,41.92666139845998,0.21451925892829016,0.21583412337440672,0.14930304073607661,0.29683800256970694,1.8920948169591307,1.6479184330021646,119.046875
1417,4,2015-2019,116.331829293478,41.92666139845996,0.4167182615739622,0.07030169920431592,1.593081066938112e-10,0.9999998654793878,1.2424533248940002,0.6931471805599453,5160
1417,5,2020-2024,116.331829293478,41.92666139845996,0.22500698642749709,0.22504606639322086,0.149621418578482,0.3197334115768508,1.9560115027140732,1.7005986908310775,135.68487394957984
1418,4,2015-2019,117.2301445775976,41.92666139845996,NA,NA,NA,NA,0.6931471805599453,0.6931471805599453,NA
1418,5,2020-2024,117.2301445775976,41.92666139845996,0.23065845725730086,0.23147760814006435,0.18561989933214784,0.2843973902818363,2.0794415416798357,1.0986122886681098,59.83333333333333
1419,5,2020-2024,118.12845986171706,41.92666139845996,0.1551792579664666,0.14387554154733845,0.0474766506967632,0.3439745617642733,1.3862943611198906,1.3195286648076292,330.07142857142856
1420,5,2020-2024,119.02677514583667,41.92666139845996,0.14244265776230752,0.14315316134324427,0.11282782585881551,0.17554195394876146,1.3862943611198906,1.0986122886681098,60
1421,4,2015-2019,119.925090429956,41.926661398459956,NA,NA,NA,NA,1.9459101490553132,1.0986122886681098,NA
1421,5,2020-2024,119.925090429956,41.926661398459956,NA,NA,NA,NA,0.6931471805599453,0.6931471805599453,NA
1422,4,2015-2019,120.82340571407559,41.92666139845994,NA,NA,NA,NA,1.1512925464970227,0.8958797346140275,NA
1422,5,2020-2024,120.82340571407559,41.92666139845994,0.14649883660952887,0.14080298660956792,0.06221631019434147,0.27466914941573073,1.3862943611198906,1.0986122886681098,245.03030303030303
1423,5,2020-2024,121.72172099819515,41.92666139845996,0.3210671252188929,0.3167134858153624,0.1895388000802824,0.47838754613775686,2.5619819897016294,1.5222612188617115,193.77777777777774
1424,5,2020-2024,122.62003628231469,41.92666139845996,0.14870962211675112,0.14487448923365356,0.07691751933033791,0.2468441052593659,1.3862943611198906,1.3862943611198906,193.84821428571428
1425,2,2005-2009,123.51835156643419,41.92666139845996,NA,NA,NA,NA,2.983073369561846,0.6931471805599453,NA
1425,3,2010-2014,123.51835156643419,41.92666139845996,NA,NA,NA,NA,2.0794415416798357,1.0986122886681098,NA
1425,4,2015-2019,123.51835156643419,41.92666139845996,0.3047021132501933,0.3021956049650679,0.15357472927933208,0.49710323538272927,2.4849066497880004,1.3862943611198906,240
1425,5,2020-2024,123.51835156643419,41.92666139845996,0.83358966848361,0.8715891207672762,0.6115717578972798,0.9651030011209846,5.493061443340548,2.70805020110221,408.43150046598174
1426,4,2015-2019,124.41666685055372,41.92666139845996,NA,NA,NA,NA,1.3862943611198906,0.6931471805599453,NA
1426,5,2020-2024,124.41666685055372,41.92666139845996,0.40689899758085346,0.408428422502104,0.2573610018679935,0.5784959430257384,2.9115229477415094,2.2154083994216567,196.525
1427,5,2020-2024,125.31498213467323,41.92666139845996,0.1392950495182325,0.14027228065838693,0.106233762076717,0.17796062319828782,1.3862943611198906,0.8958797346140275,75.8
1428,5,2020-2024,126.21241742183055,41.92729743213694,0.2553495160513836,0.2580513603870442,0.17933616963684984,0.3508884411419096,2.158744056768155,1.666102255087602,122.60714285714286
1429,4,2015-2019,127.1314378326078,41.95053035244625,NA,NA,NA,NA,2.0794415416798357,1.3862943611198906,NA
1429,5,2020-2024,127.1314378326078,41.95053035244625,0.3820605329764474,0.38441848942667345,0.3000491669268817,0.4709116881735752,2.80473589759248,1.9944920232821373,87.75
1430,1,2000-2004,127.92669354099488,41.961172216350825,NA,NA,NA,NA,1.0986122886681098,0.6931471805599453,NA
1430,2,2005-2009,127.92669354099488,41.961172216350825,NA,NA,NA,NA,1.0986122886681098,1.0986122886681098,NA
1430,3,2010-2014,127.92669354099488,41.961172216350825,0.0837148517133282,0.07854255202180517,0.03385822143864105,0.16342354257307154,0.6931471805599453,0.6931471805599453,240
1430,4,2015-2019,127.92669354099488,41.961172216350825,NA,NA,NA,NA,1.354025100551105,1.2424533248940002,NA
1430,5,2020-2024,127.92669354099488,41.961172216350825,0.32917080279901995,0.3326869830339647,0.23577137741333298,0.4418959108428279,2.5119402604231382,2.158744056768155,126
1431,5,2020-2024,128.75771641227084,42.14630382251301,0.09063993406730346,0.07817107966391373,0.020862013049006263,0.2356351207265273,0.6931471805599453,0.6931471805599453,370
1447,5,2020-2024,78.64059998735392,41.20882902995585,0.08040630164076219,0.08033214644587716,0.06303523420246096,0.10004928093486849,0.6931471805599453,0.6931471805599453,60
1448,5,2020-2024,79.50090264457765,41.25481646431225,0.10759437037255624,0.10645882217942781,0.07455428711954058,0.1472307627752557,1.0397207708399179,0.8958797346140275,100.83333333333333
1449,3,2010-2014,80.39921792869717,41.25481646431225,NA,NA,NA,NA,1.1512925464970227,0.8958797346140275,NA
1449,5,2020-2024,80.39921792869717,41.25481646431225,0.13641187545735733,0.13497184155227543,0.09219910279461024,0.1902507215910222,1.3862943611198906,0.6931471805599453,110.92307692307693
1450,5,2020-2024,81.29753321281669,41.25481646431225,0.2110976592720481,0.2121043431873248,0.16917621958326284,0.26062512021133233,1.9459101490553132,1.0986122886681098,60
1452,5,2020-2024,83.09416378105573,41.25481646431225,0.12171518661989861,0.11863979708303522,0.06559528791164572,0.1963331598339484,1.1512925464970227,1.1512925464970227,175.75
1453,2,2005-2009,83.99247906517525,41.25481646431225,NA,NA,NA,NA,0.8958797346140275,0.8958797346140275,NA
1453,3,2010-2014,83.99247906517525,41.25481646431225,NA,NA,NA,NA,1.6094379124341003,0.6931471805599453,NA
1453,4,2015-2019,83.99247906517525,41.25481646431225,0.20453540430830575,0.15095185100707473,0.014724603053650436,0.6534781671268669,1.5890269151739727,0.8958797346140275,660
1453,5,2020-2024,83.99247906517525,41.25481646431225,0.2544920748913535,0.2472247241704691,0.10063839143618035,0.48002804760962925,2.0794415416798357,1.9459101490553132,300
1454,4,2015-2019,84.89079434929477,41.25481646431225,NA,NA,NA,NA,0.6931471805599453,0.6931471805599453,NA
1454,5,2020-2024,84.89079434929477,41.25481646431225,0.08040630164076219,0.08033214644587716,0.06303523420246096,0.10004928093486849,0.6931471805599453,0.6931471805599453,60
1455,2,2005-2009,85.7891096334143,41.25481646431225,NA,NA,NA,NA,0.8958797346140275,0.8958797346140275,NA
1455,3,2010-2014,85.7891096334143,41.25481646431225,0.15927339639912516,0.1393593157950007,0.03261601678221768,0.4116756350139031,1.3862943611198906,1.0986122886681098,420
1455,4,2015-2019,85.7891096334143,41.25481646431225,NA,NA,NA,NA,0.6931471805599453,0.6931471805599453,NA
1455,5,2020-2024,85.7891096334143,41.25481646431225,0.11533207856762448,0.11375987070058631,0.07339120806639642,0.16689474153478917,1.0986122886681098,1.0986122886681098,127.77777777777777
1456,4,2015-2019,86.68742491753382,41.25481646431225,0.2898144890488852,0.2536362275378616,0.03482458203812013,0.7393845948096972,2.171902710926842,1.868834809141684,600
1456,5,2020-2024,86.68742491753382,41.25481646431225,0.14715800070444096,0.14616729802654105,0.09379304075003934,0.21391271752863794,1.3862943611198906,1.3862943611198906,134
1462,5,2020-2024,92.07731662225093,41.25481646431225,0.08040630164076219,0.08033214644587716,0.06303523420246096,0.10004928093486849,0.6931471805599453,0.6931471805599453,60
1465,3,2010-2014,94.7722624746095,41.25481646431225,NA,NA,NA,NA,1.0986122886681098,1.0986122886681098,NA
1466,5,2020-2024,95.67057775872902,41.25481646431225,0.12973107050002897,0.07422045554426651,0.004437103711890921,0.5478280834728126,0.6931471805599453,0.6931471805599453,760
1468,5,2020-2024,97.46720832696808,41.25481646431225,0.08040630164076219,0.08033214644587716,0.06303523420246096,0.10004928093486849,0.6931471805599453,0.6931471805599453,60
1471,5,2020-2024,100.16215417932663,41.25481646431225,0.14344168758367148,0.13961951271713752,0.08107211444444469,0.22318052926610746,1.3862943611198906,1.0986122886681098,166.33333333333334
1476,5,2020-2024,104.65301825389886,41.25414743364127,0.08040630164076219,0.08033214644587716,0.06303523420246096,0.10004928093486849,0.6931471805599453,0.6931471805599453,60
1477,4,2015-2019,105.55204588404376,41.25481646431225,NA,NA,NA,NA,0.6931471805599453,0.6931471805599453,NA
1479,5,2020-2024,107.34867645228282,41.25481646431225,0.08042683747420176,0.07943085365268995,0.056910003744378795,0.10747818347836958,0.6931471805599453,0.6931471805599453,90
1480,5,2020-2024,108.24699173640234,41.25481646431225,0.11523380316832312,0.11556726436406134,0.09575842493899854,0.13594134777180744,1.0986122886681098,1.0986122886681098,37.5
1481,3,2010-2014,109.14530702052186,41.25481646431225,NA,NA,NA,NA,1.0397207708399179,0.8958797346140275,NA
1481,4,2015-2019,109.14530702052186,41.25481646431225,NA,NA,NA,NA,1.0986122886681098,0.6931471805599453,NA
1481,5,2020-2024,109.14530702052186,41.25481646431225,0.08116190022461739,0.07925437140721478,0.04590564318913152,0.1256438746862984,0.6931471805599453,0.6931471805599453,152.5
1482,5,2020-2024,110.04362230464137,41.25481646431225,0.08066418086995945,0.0794241801112486,0.05134818944227062,0.11538702979271058,0.6931471805599453,0.6931471805599453,120
1483,2,2005-2009,110.9419375887609,41.25481646431225,NA,NA,NA,NA,0.6931471805599453,0.6931471805599453,NA
1483,3,2010-2014,110.9419375887609,41.25481646431225,0.08042683747420176,0.07943085365268995,0.056910003744378795,0.10747818347836958,0.6931471805599453,0.6931471805599453,90
1483,4,2015-2019,110.9419375887609,41.25481646431225,0.09991857884149681,0.09454804592937513,0.041222204732709884,0.19243659038597394,0.8958797346140275,0.8958797346140275,240
1483,5,2020-2024,110.9419375887609,41.25481646431225,0.13551893325408598,0.12851961681821178,0.05186697330799854,0.2710564198025851,1.2424533248940002,1.2424533248940002,270
1484,2,2005-2009,111.84025287288041,41.25481646431225,NA,NA,NA,NA,0.6931471805599453,0.6931471805599453,NA
1484,3,2010-2014,111.84025287288041,41.25481646431225,0.08060638205768508,0.08089156585168308,0.06852773360214819,0.09312978066290027,0.6931471805599453,0.6931471805599453,30
1484,4,2015-2019,111.84025287288041,41.25481646431225,NA,NA,NA,NA,0.6931471805599453,0.6931471805599453,NA
1484,5,2020-2024,111.84025287288041,41.25481646431225,0.23895335270821352,0.21939547180591534,0.050054664308709806,0.5701786887352827,1.9459101490553132,1.6094379124341003,447.66271186440673
1485,4,2015-2019,112.73856815699993,41.25481646431225,NA,NA,NA,NA,0.6931471805599453,0.6931471805599453,NA
1485,5,2020-2024,112.73856815699993,41.25481646431225,0.20342789876793102,0.20389513312759167,0.15217318031325758,0.265057609710204,1.791759469228055,1.791759469228055,86.66666666666666
1486,4,2015-2019,113.63688344111951,41.25481646431225,NA,NA,NA,NA,0.6931471805599453,0.6931471805599453,NA
1486,5,2020-2024,113.63688344111951,41.25481646431225,0.10993441689914915,0.10720681112447716,0.06525563793788065,0.16548613245697477,1.0397207708399179,1.0397207708399179,146.22727272727272
1487,4,2015-2019,114.53519872523898,41.25481646431224,0.30234773527977926,0.1303608160938709,2.3761759081827652e-4,0.98426450457291,1.4978661367769954,1.0986122886681098,1680
1487,5,2020-2024,114.53519872523898,41.25481646431224,0.13049479688540686,0.11206645934293594,0.026325881718090596,0.3474688555134633,1.0986122886681098,1.0986122886681098,412.5
1488,4,2015-2019,115.43351400935852,41.25481646431225,0.1187867134471204,0.10494212995115618,0.029458168196966856,0.2940720637019305,1.0397207708399179,0.8958797346140275,364
1488,5,2020-2024,115.43351400935852,41.25481646431225,0.44249845962772055,0.44775916886855804,0.22604948230973604,0.6891484562589283,3.0546237913821823,2.5344521011101158,290.77777777777806
1489,3,2010-2014,116.331829293478,41.254816464312285,0.09991857884149681,0.09454804592937513,0.041222204732709884,0.19243659038597394,0.8958797346140275,0.8958797346140275,240
1489,4,2015-2019,116.331829293478,41.254816464312285,0.4749999999999999,3.5501622370177805e-97,0,1,1.0986122886681098,1.0986122886681098,2189525.5
1489,5,2020-2024,116.331829293478,41.254816464312285,0.23276785472697015,0.19621301464421925,0.029570732344798123,0.6354971866823009,1.791759469228055,1.791759469228055,556.875
1490,4,2015-2019,117.23014457759756,41.25481646431225,NA,NA,NA,NA,0.6931471805599453,0.6931471805599453,NA
1490,5,2020-2024,117.23014457759756,41.25481646431225,0.08040630164076219,0.08033214644587716,0.06303523420246096,0.10004928093486849,0.6931471805599453,0.6931471805599453,60
1491,1,2000-2004,118.12845986171706,41.25481646431225,NA,NA,NA,NA,0.6931471805599453,0.6931471805599453,NA
1491,3,2010-2014,118.12845986171706,41.25481646431225,NA,NA,NA,NA,0.6931471805599453,0.6931471805599453,NA
1491,4,2015-2019,118.12845986171706,41.25481646431225,NA,NA,NA,NA,0.8958797346140275,0.8958797346140275,NA
1491,5,2020-2024,118.12845986171706,41.25481646431225,0.3931340580520359,0.2118896790701792,5.69257707697739e-5,0.9986764560319766,2.1972245773362196,1.6094379124341003,2206.2636363636366
1492,3,2010-2014,119.02677514583652,41.25481646431225,NA,NA,NA,NA,0.6931471805599453,0.6931471805599453,NA
1492,5,2020-2024,119.02677514583652,41.25481646431225,0.25838677709296093,0.06429246336427764,3.758900146663276e-5,0.9866980777867781,0.6931471805599453,0.6931471805599453,1951.25
1493,5,2020-2024,119.9250904299561,41.25481646431225,0.2436296784025256,0.24399784687898346,0.1676155004384277,0.3357622276081289,2.1972245773362196,0.8958797346140275,122.875
1494,1,2000-2004,120.82216989505226,41.25588716926287,NA,NA,NA,NA,0.6931471805599453,0.6931471805599453,NA
1494,3,2010-2014,120.82216989505226,41.25588716926287,NA,NA,NA,NA,0.6931471805599453,0.6931471805599453,NA
1494,4,2015-2019,120.82216989505226,41.25588716926287,NA,NA,NA,NA,1.2424533248940002,0.6931471805599453,NA
1494,5,2020-2024,120.82216989505226,41.25588716926287,0.2780432689454026,0.279820778057718,0.2118442586182479,0.3523688513709884,2.302585092994046,1.6094379124341003,89.18214285714286
1495,1,2000-2004,121.71997996611455,41.2651205477055,NA,NA,NA,NA,1.3862943611198906,1.0986122886681098,NA
1495,3,2010-2014,121.71997996611455,41.2651205477055,NA,NA,NA,NA,1.666102255087602,1.2424533248940002,NA
1495,4,2015-2019,121.71997996611455,41.2651205477055,0.5485571922085877,0.6493750872616135,1.478184879184104e-4,0.9999288682087126,4.48863636973214,1.6094379124341003,2467
1495,5,2020-2024,121.71997996611455,41.2651205477055,0.6504810529180124,0.71056338144428,0.20074673768019205,0.9556955019183616,4.406719247264253,2.302585092994046,616.6206896551724
1496,4,2015-2019,122.62003628231469,41.25481646431225,NA,NA,NA,NA,1.4978661367769954,1.2424533248940002,NA
1496,5,2020-2024,122.62003628231469,41.25481646431225,0.19561499913980915,0.195088294953077,0.12645298155649143,0.28224096482434763,1.791759469228055,1.3862943611198906,137.7
1497,2,2005-2009,123.51835156643419,41.25481646431225,NA,NA,NA,NA,1.2424533248940002,0.8958797346140275,NA
1497,3,2010-2014,123.51835156643419,41.25481646431225,NA,NA,NA,NA,1.3862943611198906,1.0986122886681098,NA
1497,4,2015-2019,123.51835156643419,41.25481646431225,0.10483640676659535,0.07597740499628394,0.01065703940157576,0.35889354857502154,0.6931471805599453,0.6931471805599453,540
1497,5,2020-2024,123.51835156643419,41.25481646431225,0.48659389375346906,0.5034414673316148,0.10082602837344949,0.8894293327188484,3.4657359027997265,1.6094379124341003,589.703488372093
1498,2,2005-2009,124.41666685055372,41.25481646431225,NA,NA,NA,NA,0.6931471805599453,0.6931471805599453,NA
1498,3,2010-2014,124.41666685055372,41.25481646431225,NA,NA,NA,NA,1.3862943611198906,1.3862943611198906,NA
1498,4,2015-2019,124.41666685055372,41.25481646431225,NA,NA,NA,NA,0.6931471805599453,0.6931471805599453,NA
1498,5,2020-2024,124.41666685055372,41.25481646431225,0.36352169076159907,0.3520310928903675,0.06727467147327224,0.7812763389991364,2.6390573296152584,2.1972245773362196,540
1499,3,2010-2014,125.31498213467323,41.25481646431225,NA,NA,NA,NA,0.6931471805599453,0.6931471805599453,NA
1499,5,2020-2024,125.31498213467323,41.25481646431225,0.10784613830674515,0.10793259015301737,0.0914363906670997,0.12515549105273938,1.0397207708399179,0.8958797346140275,30
1500,2,2005-2009,126.0842883269079,41.320702301277144,0.2668268834112604,0.09182088032684896,1.4947849394399558e-4,0.9777924114174422,1.0986122886681098,0.6931471805599453,1695
1500,3,2010-2014,126.0842883269079,41.320702301277144,0.36066415629323917,0.07968538201578321,4.120479464531575e-7,0.9998687121385911,1.0986122886681098,1.0986122886681098,3180
1500,4,2015-2019,126.0842883269079,41.320702301277144,NA,NA,NA,NA,0.6931471805599453,0.6931471805599453,NA
1500,5,2020-2024,126.0842883269079,41.320702301277144,0.2692374165570138,0.2686775983338229,0.21686702445071313,0.3257453927909457,2.1972245773362196,1.9459101490553132,57.5
1502,4,2015-2019,127.89547759389878,41.4968853546392,NA,NA,NA,NA,1.3862943611198906,1.0986122886681098,NA
1502,5,2020-2024,127.89547759389878,41.4968853546392,0.08040630164076219,0.08033214644587716,0.06303523420246096,0.10004928093486849,0.6931471805599453,0.6931471805599453,60
1518,5,2020-2024,77.7042720763386,40.575989819444416,0.11546449542313472,0.10747517526622921,0.04192846245242306,0.23825629705083248,1.0986122886681098,0.6931471805599453,275
1520,5,2020-2024,79.50090264457765,40.575989819444416,0.10929251197774384,0.1097238320751119,0.08628160811335393,0.13533026535680012,1.0397207708399179,1.0397207708399179,60
1521,3,2010-2014,80.39921792869717,40.575989819444416,NA,NA,NA,NA,1.0986122886681098,1.0986122886681098,NA
1521,4,2015-2019,80.39921792869717,40.575989819444416,NA,NA,NA,NA,1.0986122886681098,0.6931471805599453,NA
1521,5,2020-2024,80.39921792869717,40.575989819444416,0.13477179766775968,0.13545871216430988,0.10673293428911768,0.1661027865074921,1.3195286648076292,1.0397207708399179,60
1522,3,2010-2014,81.29753321281669,40.575989819444416,NA,NA,NA,NA,0.8958797346140275,0.8958797346140275,NA
1522,4,2015-2019,81.29753321281669,40.575989819444416,NA,NA,NA,NA,1.0986122886681098,0.6931471805599453,NA
1522,5,2020-2024,81.29753321281669,40.575989819444416,0.19334195410221885,0.18856180126150618,0.08740092192641186,0.34505691421650914,1.791759469228055,1.0986122886681098,240
1523,4,2015-2019,82.19584849693621,40.575989819444416,NA,NA,NA,NA,1.3862943611198906,0.6931471805599453,NA
1523,5,2020-2024,82.19584849693621,40.575989819444416,0.08040630164076219,0.08033214644587716,0.06303523420246096,0.10004928093486849,0.6931471805599453,0.6931471805599453,60
1528,4,2015-2019,86.68742491753382,40.575989819444416,0.08089569665466413,0.0806711546987556,0.07265503089829696,0.09113666477578956,0.6931471805599453,0.6931471805599453,8
1528,5,2020-2024,86.68742491753382,40.575989819444416,0.15066633188574938,0.14487678258600792,0.06585787030058224,0.2781699584054215,1.3862943611198906,1.3862943611198906,240
1529,4,2015-2019,87.58574020165334,40.575989819444416,NA,NA,NA,NA,1.0986122886681098,0.6931471805599453,NA
1529,5,2020-2024,87.58574020165334,40.575989819444416,0.08040630164076219,0.08033214644587716,0.06303523420246096,0.10004928093486849,0.6931471805599453,0.6931471805599453,60
1533,5,2020-2024,91.17900133813141,40.575989819444416,0.2483495600596738,0.1277940174981363,0.001540910319965671,0.9122720373504373,1.3862943611198906,1.0986122886681098,1189
1535,2,2005-2009,92.97563190637047,40.575989819444416,NA,NA,NA,NA,0.6931471805599453,0.6931471805599453,NA
1535,5,2020-2024,92.97563190637047,40.575989819444416,NA,NA,NA,NA,0.6931471805599453,0.6931471805599453,NA
1536,2,2005-2009,93.87394719048999,40.575989819444416,NA,NA,NA,NA,0.6931471805599453,0.6931471805599453,NA
1536,4,2015-2019,93.87394719048999,40.575989819444416,0.1311701803481927,0.1308994842178,0.11689372168475819,0.14713014414506925,1.2424533248940002,1.2424533248940002,0
1536,5,2020-2024,93.87394719048999,40.575989819444416,0.11540229987835428,0.11352577654778413,0.07227655876853262,0.16858873955681591,1.0986122886681098,1.0986122886681098,132.33333333333334
1537,3,2010-2014,94.7722624746095,40.575989819444416,NA,NA,NA,NA,0.6931471805599453,0.6931471805599453,NA
1537,4,2015-2019,94.7722624746095,40.575989819444416,NA,NA,NA,NA,0.6931471805599453,0.6931471805599453,NA
1538,4,2015-2019,95.67057775872902,40.575989819444416,NA,NA,NA,NA,0.6931471805599453,0.6931471805599453,NA
1538,5,2020-2024,95.67057775872902,40.575989819444416,0.17218021662924485,0.17272635347542414,0.13051558669563987,0.22166310534260558,1.6094379124341003,1.3862943611198906,80
1539,4,2015-2019,96.56889304284854,40.575989819444416,0.47499268479575435,6.125782473184902e-26,0,1,0.6931471805599453,0.6931471805599453,547933.5
1539,5,2020-2024,96.56889304284854,40.575989819444416,0.09633622630726521,0.09662361134360398,0.07613274635514146,0.11970905459950999,0.8958797346140275,0.8958797346140275,60
1540,3,2010-2014,97.46720832696808,40.575989819444416,NA,NA,NA,NA,1.6094379124341003,0.6931471805599453,NA
1540,5,2020-2024,97.46720832696808,40.575989819444416,0.12151995612318164,0.10695198700051355,0.029794324346159633,0.30165949344587534,1.0986122886681098,0.6931471805599453,367
1542,5,2020-2024,99.26383889520712,40.575989819444416,0.14608916973366465,0.14298859400151046,0.08739758582595278,0.21950311750401577,1.4451858789480823,0.8958797346140275,149.4
1549,5,2020-2024,105.55204588404376,40.575989819444416,0.08754698351495217,0.07820247224787366,0.025379589997852822,0.205506466198941,0.6931471805599453,0.6931471805599453,320
1550,4,2015-2019,106.45036116816328,40.575989819444416,NA,NA,NA,NA,1.0986122886681098,0.6931471805599453,NA
1550,5,2020-2024,106.45036116816328,40.575989819444416,0.2992988520757032,0.30060616010832575,0.2356382874345513,0.3714853810499597,2.4260151319598084,1.5890269151739727,75.63333333333333
1551,2,2005-2009,107.34867645228282,40.575989819444416,NA,NA,NA,NA,0.6931471805599453,0.6931471805599453,NA
1551,3,2010-2014,107.34867645228282,40.575989819444416,NA,NA,NA,NA,0.6931471805599453,0.6931471805599453,NA
1551,4,2015-2019,107.34867645228282,40.575989819444416,0.4529131158283005,0.01875682830790622,7.742826623210085e-32,1,1.1512925464970227,0.6931471805599453,17400
1551,5,2020-2024,107.34867645228282,40.575989819444416,0.1481920746659466,0.14411268766951157,0.08105397998871036,0.23674396969041395,1.3862943611198906,1.3862943611198906,178.1470588235294
1552,5,2020-2024,108.24699173640234,40.575989819444416,0.1203706220515902,0.12081277971334492,0.09498150528483403,0.14860260311283868,1.1512925464970227,1.1512925464970227,60
1553,3,2010-2014,109.14530702052186,40.575989819444416,0.33315689020750894,0.06839410741744628,1.1508562086771906e-6,0.9995368487817142,0.8958797346140275,0.8958797346140275,2872.5
1553,4,2015-2019,109.14530702052186,40.575989819444416,0.10483640676659535,0.07597740499628394,0.01065703940157576,0.35889354857502154,0.6931471805599453,0.6931471805599453,540
1553,5,2020-2024,109.14530702052186,40.575989819444416,0.16661691144528126,0.14327253416006444,0.03014970232515142,0.44605905546915164,1.3862943611198906,1.3862943611198906,450
1554,3,2010-2014,110.04362230464137,40.575989819444416,0.08066418086995945,0.0794241801112486,0.05134818944227062,0.11538702979271058,0.6931471805599453,0.6931471805599453,120
1554,4,2015-2019,110.04362230464137,40.575989819444416,0.2008855776768122,0.19661288028168328,0.11706686553990574,0.3061045977107807,1.868834809141684,1.0986122886681098,168.5
1554,5,2020-2024,110.04362230464137,40.575989819444416,0.3206165390550215,0.32491502634320046,0.2259863139250099,0.436138212506914,2.5119402604231382,1.8444397270569683,131.7297297297297
1555,2,2005-2009,110.9419375887609,40.575989819444416,NA,NA,NA,NA,0.6931471805599453,0.6931471805599453,NA
1555,4,2015-2019,110.9419375887609,40.575989819444416,NA,NA,NA,NA,0.6931471805599453,0.6931471805599453,NA
1555,5,2020-2024,110.9419375887609,40.575989819444416,0.24155472116157206,0.2431165583328747,0.17529142233531014,0.32445261109490264,2.0794415416798357,1.6094379124341003,107.17857142857143
1556,2,2005-2009,111.84025287288043,40.57598981944442,NA,NA,NA,NA,0.6931471805599453,0.6931471805599453,NA
1556,3,2010-2014,111.84025287288043,40.57598981944442,NA,NA,NA,NA,0.6931471805599453,0.6931471805599453,NA
1556,4,2015-2019,111.84025287288043,40.57598981944442,NA,NA,NA,NA,0.6931471805599453,0.6931471805599453,NA
1556,5,2020-2024,111.84025287288043,40.57598981944442,0.23724917129070916,0.23285111946242695,0.13775591027129944,0.3613658706005774,2.0794415416798357,1.3862943611198906,178.80158730158723
1557,3,2010-2014,112.73856815699993,40.575989819444416,0.08040630164076219,0.08033214644587716,0.06303523420246096,0.10004928093486849,0.6931471805599453,0.6931471805599453,60
1557,4,2015-2019,112.73856815699993,40.575989819444416,NA,NA,NA,NA,0.8958797346140275,0.6931471805599453,NA
1557,5,2020-2024,112.73856815699993,40.575989819444416,0.37373773334430527,0.37626735693113156,0.2779198030997447,0.4833605398376785,2.70805020110221,2.3978952727983707,114.14285714285714
1558,4,2015-2019,113.63688344111941,40.57598981944441,NA,NA,NA,NA,1.0986122886681098,0.6931471805599453,NA
1558,5,2020-2024,113.63688344111941,40.57598981944441,0.18848344824073038,0.1890331643269415,0.1291712598400129,0.2632808877204591,1.700598690831078,1.6479184330021646,120
1559,3,2010-2014,114.53519872523903,40.575989819444416,NA,NA,NA,NA,0.6931471805599453,0.6931471805599453,NA
1559,4,2015-2019,114.53519872523903,40.575989819444416,NA,NA,NA,NA,0.6931471805599453,0.6931471805599453,NA
1559,5,2020-2024,114.53519872523903,40.575989819444416,0.24819053564605217,0.2438970693002192,0.11965245570065644,0.4232805892296125,2.0794415416798357,1.791759469228055,240
1560,1,2000-2004,115.43351400935846,40.575989819444416,NA,NA,NA,NA,1.5890269151739727,1.3862943611198906,NA
1560,2,2005-2009,115.43351400935846,40.575989819444416,0.2317031895968587,0.22034024414049747,0.06968137336530993,0.4937368454111573,1.9459101490553132,1.6094379124341003,360
1560,3,2010-2014,115.43351400935846,40.575989819444416,0.4597232824815792,0.4691978956928649,0.08024423705273907,0.8859561765961085,3.1354942159291497,2.772588722239781,620
1560,4,2015-2019,115.43351400935846,40.575989819444416,0.6917730340669387,0.7691017610235752,0.20679546001029392,0.9743189919206257,4.532599493153256,3.9318256327243257,690
1560,5,2020-2024,115.43351400935846,40.575989819444416,0.8793350372796448,0.9392719359808707,0.5581128723768888,0.9943782625353618,6.1675164908883415,5.062595033026967,689.6448598130858
1561,1,2000-2004,116.33182929347794,40.57598981944444,NA,NA,NA,NA,1.791759469228055,1.791759469228055,NA
1561,2,2005-2009,116.33182929347794,40.57598981944444,0.43243065376999745,0.43554762014990167,0.26041918540513304,0.6326325057038917,2.9444389791664403,2.8903717578961645,227.5
1561,3,2010-2014,116.33182929347794,40.57598981944444,0.5435505974271889,0.5638949677833154,0.25672417869977104,0.8232794143862113,3.4965075614664802,3.2188758248682006,370.5
1561,4,2015-2019,116.33182929347794,40.57598981944444,0.7983776396028007,0.8278609462009507,0.5873754984250945,0.9451793940003684,4.875197323201151,4.382026634673881,352.5
1561,5,2020-2024,116.33182929347794,40.57598981944444,0.9231031061213276,0.942764668442744,0.8130988949600038,0.9850776620661611,6.2324480165505225,4.867534450455582,379.39336492890976
1562,1,2000-2004,117.2301445775976,40.57598981944442,NA,NA,NA,NA,1.7776740307447068,1.4978661367769954,NA
1562,2,2005-2009,117.2301445775976,40.57598981944442,NA,NA,NA,NA,1.9459101490553132,1.791759469228055,NA
1562,3,2010-2014,117.2301445775976,40.57598981944442,0.3383178575946861,0.2996299405778867,0.03146785530589012,0.8327875896136239,2.3978952727983707,2.302585092994046,690
1562,4,2015-2019,117.2301445775976,40.57598981944442,0.7386130865897739,0.7595562526071891,0.5508973430562027,0.8934496582240955,4.499809670330265,3.4965075614664802,270
1562,5,2020-2024,117.2301445775976,40.57598981944442,0.8823807414596135,0.925084461281448,0.6551482321345192,0.9870992350829567,5.905361848054571,4.762173934797756,520.6875
1563,3,2010-2014,118.12845986171706,40.575989819444416,NA,NA,NA,NA,1.0986122886681098,0.6931471805599453,NA
1563,4,2015-2019,118.12845986171706,40.575989819444416,NA,NA,NA,NA,0.8958797346140275,0.6931471805599453,NA
1563,5,2020-2024,118.12845986171706,40.575989819444416,0.22536962921894466,0.22677596975920705,0.1594835653099878,0.30832158753191224,1.9459101490553132,1.791759469228055,115
1564,3,2010-2014,119.0267751458366,40.575989819444416,NA,NA,NA,NA,0.6931471805599453,0.6931471805599453,NA
1564,4,2015-2019,119.0267751458366,40.575989819444416,NA,NA,NA,NA,1.791759469228055,1.0986122886681098,NA
1564,5,2020-2024,119.0267751458366,40.575989819444416,0.21671043300285497,0.21778281382077078,0.1572076122439626,0.28516855366263094,2.04717228111105,0.6931471805599453,100.0909090909091
1565,5,2020-2024,119.92509042995613,40.57598981944442,0.17051947415992527,0.1717375933832591,0.13607892065434044,0.21128533880391442,1.666102255087602,0.8958797346140275,60
1566,4,2015-2019,120.61234233380678,40.68549259791854,NA,NA,NA,NA,1.6094379124341003,1.0986122886681098,NA
1566,5,2020-2024,120.61234233380678,40.68549259791854,0.24405492472897347,0.2278987972546228,0.05632984478042704,0.5633264012173204,1.9459101490553132,1.9459101490553132,427.9935064935064
1567,3,2010-2014,122.02589094299846,40.72590444389098,NA,NA,NA,NA,1.1512925464970227,0.8958797346140275,NA
1567,4,2015-2019,122.02589094299846,40.72590444389098,NA,NA,NA,NA,1.791759469228055,1.0986122886681098,NA
1567,5,2020-2024,122.02589094299846,40.72590444389098,0.47833192892434995,0.48178457329118946,0.29714142543794886,0.6749418569375115,3.258096538021482,2.302585092994046,227.5157894736842
1568,4,2015-2019,122.62548561802468,40.57713045674373,0.14254490172846995,0.14181641440058326,0.09449048106147369,0.20194135201883334,1.3862943611198906,1.0986122886681098,120
1568,5,2020-2024,122.62548561802468,40.57713045674373,0.4128272494664624,0.1698462249891486,1.105541419137506e-6,0.9999404393282809,2.0794415416798357,1.2424533248940002,3152.111904761904
1569,3,2010-2014,123.51835156643419,40.575989819444416,NA,NA,NA,NA,1.0986122886681098,0.6931471805599453,NA
1569,5,2020-2024,123.51835156643419,40.575989819444416,0.11141030946623509,0.10774191470350891,0.05433307315773058,0.1925330933962334,1.0397207708399179,1.0397207708399179,200
1570,2,2005-2009,124.39390369952042,40.59409763666985,NA,NA,NA,NA,1.0986122886681098,1.0986122886681098,NA
1570,3,2010-2014,124.39390369952042,40.59409763666985,NA,NA,NA,NA,1.0986122886681098,0.6931471805599453,NA
1570,5,2020-2024,124.39390369952042,40.59409763666985,0.3389018343074115,0.34152238974902105,0.23378132606627208,0.4638526690973901,2.6990813507588767,1.2424533248940002,141.51041666666666
1571,5,2020-2024,125.20295537831663,40.746934829261306,0.16711314670574004,0.16769442028818166,0.12354554629798002,0.2206980302901282,1.6094379124341003,1.0986122886681098,90
1586,3,2010-2014,74.25934101094575,39.837567898663394,0.08645822336846111,0.07828510891049537,0.02742775702611936,0.194283452164545,0.6931471805599453,0.6931471805599453,300
1586,5,2020-2024,74.25934101094575,39.837567898663394,0.08040630164076219,0.08033214644587716,0.06303523420246096,0.10004928093486849,0.6931471805599453,0.6931471805599453,60
1587,3,2010-2014,75.00937408415673,39.890168402415775,0.08645822336846111,0.07828510891049537,0.02742775702611936,0.194283452164545,0.6931471805599453,0.6931471805599453,300
1587,5,2020-2024,75.00937408415673,39.890168402415775,0.11622695774962549,0.11078475386793421,0.04869640826756715,0.22092000624131689,1.0986122886681098,0.8958797346140275,240
1588,2,2005-2009,75.90764150809956,39.8902051834657,NA,NA,NA,NA,1.3862943611198906,0.6931471805599453,NA
1588,3,2010-2014,75.90764150809956,39.8902051834657,NA,NA,NA,NA,1.0986122886681098,1.0986122886681098,NA
1588,4,2015-2019,75.90764150809956,39.8902051834657,NA,NA,NA,NA,0.6931471805599453,0.6931471805599453,NA
1588,5,2020-2024,75.90764150809956,39.8902051834657,0.11564959427120902,0.11282601372527602,0.06902581583083059,0.17375311244637412,1.0986122886681098,1.0986122886681098,146
1589,2,2005-2009,76.80595679221908,39.8902051834657,NA,NA,NA,NA,1.3862943611198906,0.6931471805599453,NA
1589,5,2020-2024,76.80595679221908,39.8902051834657,0.08072280494152789,0.08086630597018624,0.07018810819394995,0.09099014328336383,0.6931471805599453,0.6931471805599453,20
1590,5,2020-2024,77.7042720763386,39.8902051834657,0.15670741433562058,0.1568457882079864,0.11112453919363581,0.2133703610157576,1.4978661367769954,1.2424533248940002,102.5
1591,3,2010-2014,78.60258736045813,39.8902051834657,NA,NA,NA,NA,1.0986122886681098,1.0986122886681098,NA
1591,5,2020-2024,78.60258736045813,39.8902051834657,0.14244265776230752,0.14315316134324427,0.11282782585881551,0.17554195394876146,1.3862943611198906,1.0986122886681098,60
1592,5,2020-2024,79.50090264457765,39.8902051834657,0.08043756888138369,0.07934450585251628,0.056457817040425844,0.10807577060330313,0.6931471805599453,0.6931471805599453,92.33333333333333
1593,5,2020-2024,80.39921792869717,39.8902051834657,0.12436325961565588,0.11282595415720995,0.03558637143092711,0.28860768764608963,1.0986122886681098,1.0986122886681098,335
1594,4,2015-2019,81.29753321281669,39.8902051834657,NA,NA,NA,NA,1.0986122886681098,1.0986122886681098,NA
1594,5,2020-2024,81.29753321281669,39.8902051834657,0.33186568925653726,0.06681924950392336,1.0820250690504435e-6,0.9995390292311725,0.8958797346140275,0.6931471805599453,2881
1597,5,2020-2024,83.99247906517525,39.8902051834657,NA,NA,NA,NA,0.6931471805599453,0.6931471805599453,NA
1599,5,2020-2024,85.7891096334143,39.8902051834657,NA,NA,NA,NA,0.6931471805599453,0.6931471805599453,NA
1602,4,2015-2019,88.48405548577286,39.8902051834657,NA,NA,NA,NA,1.2424533248940002,0.8958797346140275,NA
1608,4,2015-2019,93.87394719048999,39.8902051834657,0.09991857884149681,0.09454804592937513,0.041222204732709884,0.19243659038597394,0.8958797346140275,0.8958797346140275,240
1608,5,2020-2024,93.87394719048999,39.8902051834657,0.18948788970218075,0.1899997529084551,0.12984537612315625,0.2648008424408396,1.7005986908310775,1.7005986908310775,120.5
1609,1,2000-2004,94.7722624746095,39.8902051834657,NA,NA,NA,NA,0.6931471805599453,0.6931471805599453,NA
1609,2,2005-2009,94.7722624746095,39.8902051834657,NA,NA,NA,NA,1.791759469228055,1.3862943611198906,NA
1609,3,2010-2014,94.7722624746095,39.8902051834657,NA,NA,NA,NA,1.6094379124341003,1.0986122886681098,NA
1609,4,2015-2019,94.7722624746095,39.8902051834657,NA,NA,NA,NA,1.5890269151739727,1.2424533248940002,NA
1609,5,2020-2024,94.7722624746095,39.8902051834657,0.19993113943001134,0.19986418814253193,0.13194902752777407,0.28544784057893635,1.791759469228055,1.6094379124341003,133.32432432432432
1610,1,2000-2004,95.67057775872902,39.8902051834657,NA,NA,NA,NA,0.6931471805599453,0.6931471805599453,NA
1610,4,2015-2019,95.67057775872902,39.8902051834657,0.11593835459937621,0.11570437710868335,0.10361533255130792,0.1300581782483962,1.0986122886681098,1.0986122886681098,0
1610,5,2020-2024,95.67057775872902,39.8902051834657,0.14729212915964737,0.14530452264745336,0.09145857590762767,0.21736660557440945,1.3862943611198906,1.3862943611198906,141.66666666666669
1611,5,2020-2024,96.56889304284854,39.8902051834657,0.10483640676659535,0.07597740499628394,0.01065703940157576,0.35889354857502154,0.6931471805599453,0.6931471805599453,540
1612,5,2020-2024,97.46720832696808,39.8902051834657,0.12262572132510088,0.1213008175073243,0.08301524668827816,0.17052649149285762,1.2424533248940002,0.6931471805599453,108.5
1613,2,2005-2009,98.3655236110876,39.8902051834657,NA,NA,NA,NA,0.6931471805599453,0.6931471805599453,NA
1613,3,2010-2014,98.3655236110876,39.8902051834657,NA,NA,NA,NA,1.3862943611198906,1.0986122886681098,NA
1613,4,2015-2019,98.3655236110876,39.8902051834657,0.11593835459937621,0.11570437710868335,0.10361533255130792,0.1300581782483962,1.0986122886681098,1.0986122886681098,0
1613,5,2020-2024,98.3655236110876,39.8902051834657,0.2033887633089361,0.20388118933604332,0.1489438338919001,0.27011502707424767,1.791759469228055,1.791759469228055,96.32352941176471
1614,4,2015-2019,99.26383889520712,39.8902051834657,NA,NA,NA,NA,0.6931471805599453,0.6931471805599453,NA
1614,5,2020-2024,99.26383889520712,39.8902051834657,0.21862990630363596,0.20889599237350553,0.07053232418896117,0.4573265229685021,1.8444397270569683,1.732867951399863,338.8888888888889
1616,5,2020-2024,101.06046946344617,39.8902051834657,NA,NA,NA,NA,0.6931471805599453,0.6931471805599453,NA
1617,5,2020-2024,101.95878474756569,39.8902051834657,0.3132523007659956,0.057503489108054695,1.472037411139378e-6,0.9991641492906188,0.6931471805599453,0.6931471805599453,2760
1618,2,2005-2009,102.8571000316852,39.8902051834657,NA,NA,NA,NA,1.3862943611198906,0.6931471805599453,NA
1618,5,2020-2024,102.8571000316852,39.8902051834657,0.08040630164076219,0.08033214644587716,0.06303523420246096,0.10004928093486849,0.6931471805599453,0.6931471805599453,60
1619,5,2020-2024,103.75541531580473,39.8902051834657,0.10997414144884017,0.1106861293234177,0.08706110217129853,0.1357761556698287,1.0986122886681098,0.6931471805599453,60
1620,2,2005-2009,104.65373059992424,39.8902051834657,NA,NA,NA,NA,1.0986122886681098,0.6931471805599453,NA
1620,5,2020-2024,104.65373059992424,39.8902051834657,0.25312851586863044,0.23565584773125609,0.05760622394409037,0.5816106935309773,2.0715673631957663,1.4978661367769954,434.16666666666663
1621,5,2020-2024,105.55204588404376,39.8902051834657,0.08038866957472801,0.08012414515099388,0.0601036680148907,0.10345843285156875,0.6931471805599453,0.6931471805599453,74
1622,4,2015-2019,106.45036116816328,39.8902051834657,NA,NA,NA,NA,0.6931471805599453,0.6931471805599453,NA
1622,5,2020-2024,106.45036116816328,39.8902051834657,0.11558699701540565,0.11311271944468222,0.06977197726570789,0.17253700568214803,1.0986122886681098,1.0986122886681098,142.81111111111107
1623,5,2020-2024,107.34867645228282,39.8902051834657,0.08040630164076219,0.08033214644587716,0.06303523420246096,0.10004928093486849,0.6931471805599453,0.6931471805599453,60
1624,3,2010-2014,108.24699173640234,39.8902051834657,NA,NA,NA,NA,0.6931471805599453,0.6931471805599453,NA
1624,5,2020-2024,108.24699173640234,39.8902051834657,0.13637744755929349,0.13737779986899296,0.1086103379417147,0.1691493491892771,1.3862943611198906,0.6931471805599453,60
1625,3,2010-2014,109.14530702052186,39.8902051834657,0.11084373445203055,0.11039721741237978,0.09975455115864344,0.12483705515791371,1.0986122886681098,0.6931471805599453,0
1625,4,2015-2019,109.14530702052186,39.8902051834657,NA,NA,NA,NA,0.8958797346140275,0.6931471805599453,NA
1625,5,2020-2024,109.14530702052186,39.8902051834657,0.14726132390184116,0.14549165002073033,0.0919615732397024,0.216612343086791,1.3862943611198906,1.3862943611198906,140
1626,2,2005-2009,110.04362230464137,39.8902051834657,NA,NA,NA,NA,0.6931471805599453,0.6931471805599453,NA
1626,4,2015-2019,110.04362230464137,39.8902051834657,NA,NA,NA,NA,1.666102255087602,0.6931471805599453,NA
1626,5,2020-2024,110.04362230464137,39.8902051834657,0.25145262420520176,0.2530091271842173,0.18377446960613553,0.335002627153615,2.1242476210246792,1.732867951399863,104.54807692307692
1627,4,2015-2019,110.9419375887609,39.8902051834657,NA,NA,NA,NA,1.6094379124341003,0.6931471805599453,NA
1627,5,2020-2024,110.9419375887609,39.8902051834657,0.08040630164076219,0.08033214644587716,0.06303523420246096,0.10004928093486849,0.6931471805599453,0.6931471805599453,60
1628,5,2020-2024,111.84025287288041,39.8902051834657,0.08040630164076219,0.08033214644587716,0.06303523420246096,0.10004928093486849,0.6931471805599453,0.6931471805599453,60
1629,1,2000-2004,112.73856815699993,39.8902051834657,NA,NA,NA,NA,0.6931471805599453,0.6931471805599453,NA
1629,2,2005-2009,112.73856815699993,39.8902051834657,NA,NA,NA,NA,1.0986122886681098,1.0986122886681098,NA
1629,3,2010-2014,112.73856815699993,39.8902051834657,0.09633501553257587,0.0954753192242268,0.06892892396182104,0.12869022067224273,0.8958797346140275,0.8958797346140275,90
1629,4,2015-2019,112.73856815699993,39.8902051834657,0.11678018967823568,0.11340100263218472,0.05966302312669919,0.19552354409085687,1.0986122886681098,1.0986122886681098,189
1629,5,2020-2024,112.73856815699993,39.8902051834657,0.22879242243083675,0.22922161259994317,0.15489361162395196,0.32223909224404323,1.9459101490553132,1.9459101490553132,132.02500000000003
1630,2,2005-2009,113.6368834411194,39.8902051834657,NA,NA,NA,NA,1.0986122886681098,1.0986122886681098,NA
1630,3,2010-2014,113.6368834411194,39.8902051834657,0.08040630164076219,0.08033214644587716,0.06303523420246096,0.10004928093486849,0.6931471805599453,0.6931471805599453,60
1630,4,2015-2019,113.6368834411194,39.8902051834657,NA,NA,NA,NA,1.732867951399863,1.0986122886681098,NA
1630,5,2020-2024,113.6368834411194,39.8902051834657,0.37871466474993387,0.3784072397521522,0.2339530934176868,0.5485800098873914,2.7647145437557117,2.2386684072391034,197.5
1631,4,2015-2019,114.53519872523897,39.89020518346567,NA,NA,NA,NA,1.9459101490553132,0.6931471805599453,NA
1631,5,2020-2024,114.53519872523897,39.89020518346567,0.20003859243424724,0.19948266902199924,0.1286221038639021,0.2898864467890506,1.791759469228055,1.6094379124341003,141.42857142857142
1632,1,2000-2004,115.4335140093583,39.890205183465675,NA,NA,NA,NA,1.0986122886681098,0.6931471805599453,NA
1632,2,2005-2009,115.4335140093583,39.890205183465675,0.12619516592664137,0.1126770637125902,0.03229943778322176,0.30694876247113473,1.0986122886681098,1.0986122886681098,360
1632,3,2010-2014,115.4335140093583,39.890205183465675,0.4019327465235437,0.3993991297099754,0.08464969097554376,0.8084158954912567,2.833213344056216,2.4849066497880004,530
1632,4,2015-2019,115.4335140093583,39.890205183465675,0.6977301289768124,0.7508473819106463,0.31692349426350064,0.9481710642195263,4.454347296253507,3.5263605246161616,515.4166666666666
1632,5,2020-2024,115.4335140093583,39.890205183465675,0.88043168244153025,0.9162511331880574,0.6791957289668449,0.9830469814296121,5.7899601708972535,4.718498871295094,467.1578947368421
1633,1,2000-2004,116.3318292934779,39.890205183465646,0.4822377707073455,0.4805666173657348,0.4033386730094403,0.5621704349403547,3.1780538303479458,2.70805020110221,62.5
1633,2,2005-2009,116.3318292934779,39.890205183465646,0.7224490496416944,0.7405279605720055,0.5687589807425462,0.8588782109947848,4.30406509320417,3.828641396489095,207.5
1633,3,2010-2014,116.3318292934779,39.890205183465646,0.7891598986762159,0.9019488379416059,0.2239111427578324,0.996051817089729,5.673323267171493,4.48863636973214,931.5925925925924
1633,4,2015-2019,116.3318292934779,39.890205183465646,0.5086919844617188,0.6404921132202843,2.4303684442750656e-46,1,7.022868086082641,5.43372200355424,27184.037735849062
1633,5,2020-2024,116.3318292934779,39.890205183465646,0.737741395527659,0.9921159674755171,5.912610972856003e-4,0.999999932653656,8.874308038583354,6.0063531596017325,3225.6499538603666
1634,2,2005-2009,117.23014457759714,39.89020518346546,NA,NA,NA,NA,0.6931471805599453,0.6931471805599453,NA
1634,3,2010-2014,117.23014457759714,39.89020518346546,0.47449120788512134,3.2288894230351223e-13,0,1,1.666102255087602,1.0986122886681098,264570
1634,4,2015-2019,117.23014457759714,39.89020518346546,0.4121055559428688,0.4170074495373877,0.28120512575797313,0.5628836884414308,2.995732273553991,1.791759469228055,165
1634,5,2020-2024,117.23014457759714,39.89020518346546,0.8160353511125887,0.83803784140128,0.6662374598307115,0.9297331679863869,4.983606621708336,3.9318256327243257,260.3333333333333
1635,2,2005-2009,118.12845986171706,39.89020518346571,NA,NA,NA,NA,0.6931471805599453,0.6931471805599453,NA
1635,3,2010-2014,118.12845986171706,39.89020518346571,NA,NA,NA,NA,0.6931471805599453,0.6931471805599453,NA
1635,4,2015-2019,118.12845986171706,39.89020518346571,NA,NA,NA,NA,0.8958797346140275,0.6931471805599453,NA
1635,5,2020-2024,118.12845986171706,39.89020518346571,0.14624844349355623,0.14080167974122593,0.06328763714919154,0.27116631906249833,1.3862943611198906,1.0986122886681098,240
1636,1,2000-2004,119.00073545077201,39.90789231187076,NA,NA,NA,NA,1.3862943611198906,0.6931471805599453,NA
1636,2,2005-2009,119.00073545077201,39.90789231187076,NA,NA,NA,NA,2.995732273553991,2.0794415416798357,NA
1636,3,2010-2014,119.00073545077201,39.90789231187076,NA,NA,NA,NA,2.4849066497880004,1.6094379124341003,NA
1636,4,2015-2019,119.00073545077201,39.90789231187076,0.28997260774632194,0.28706973589993834,0.24201760582021023,0.343279417388499,2.3978952727983707,1.3862943611198906,45
1636,5,2020-2024,119.00073545077201,39.90789231187076,0.3875964098592725,0.27083527496234394,9.323169185196676e-4,0.9906167571698784,2.3978952727983707,2.0794415416798357,1567.953781512605
1637,1,2000-2004,119.7804023709991,40.1006206181111,NA,NA,NA,NA,3.1780538303479458,1.0986122886681098,NA
1637,2,2005-2009,119.7804023709991,40.1006206181111,0.6325250886044975,0.6748217373262895,0.26437416612593273,0.9171362216224483,4.174387269895637,2.3978952727983707,480
1637,3,2010-2014,119.7804023709991,40.1006206181111,NA,NA,NA,NA,3.912023005428146,2.4849066497880004,NA
1637,4,2015-2019,119.7804023709991,40.1006206181111,0.5771821538743764,0.6068735616510473,0.25791454558068966,0.864123215130458,3.828641396489095,2.302585092994046,410
1637,5,2020-2024,119.7804023709991,40.1006206181111,0.760818303617233,0.7815260607237153,0.5725838106911062,0.9075157708240199,4.762173934797756,2.772588722239781,281.0337078651686
1639,2,2005-2009,121.85466958923632,39.80204695682132,NA,NA,NA,NA,1.0986122886681098,1.0986122886681098,NA
1639,3,2010-2014,121.85466958923632,39.80204695682132,NA,NA,NA,NA,0.8958797346140275,0.6931471805599453,NA
1639,4,2015-2019,121.85466958923632,39.80204695682132,0.11498835290327958,0.11439173933156839,0.08326203545216082,0.1533621111318862,1.0986122886681098,1.0986122886681098,90
1639,5,2020-2024,121.85466958923632,39.80204695682132,0.2273010395376765,0.222541893754116,0.11710995653232703,0.37481570574735085,1.9459101490553132,1.791759469228055,215
1640,2,2005-2009,122.60493927939766,39.903840186787164,NA,NA,NA,NA,0.6931471805599453,0.6931471805599453,NA
1640,3,2010-2014,122.60493927939766,39.903840186787164,NA,NA,NA,NA,0.6931471805599453,0.6931471805599453,NA
1640,4,2015-2019,122.60493927939766,39.903840186787164,0.11330879754098432,0.10849170470129788,0.04881714092805526,0.2113726279620888,1.0986122886681098,0.6931471805599453,231
1640,5,2020-2024,122.60493927939766,39.903840186787164,0.4025479830328319,0.36599875019134065,0.023088824084978254,0.9251871773273896,2.8903717578961645,1.6094379124341003,852.9
1641,1,2000-2004,123.48726626738137,40.009069455030215,NA,NA,NA,NA,2.3978952727983707,0.6931471805599453,NA
1641,3,2010-2014,123.48726626738137,40.009069455030215,NA,NA,NA,NA,2.9144728088051037,0.6931471805599453,NA
1641,4,2015-2019,123.48726626738137,40.009069455030215,NA,NA,NA,NA,0.6931471805599453,0.6931471805599453,NA
1641,5,2020-2024,123.48726626738137,40.009069455030215,0.29694083044000735,0.29816650186557164,0.23415087697506337,0.3693370080807753,2.433767225227791,1.4451858789480823,75.48
1642,1,2000-2004,124.1510042904868,40.067070772951645,NA,NA,NA,NA,1.9459101490553132,0.6931471805599453,NA
1642,2,2005-2009,124.1510042904868,40.067070772951645,NA,NA,NA,NA,2.0794415416798357,1.3862943611198906,NA
1642,3,2010-2014,124.1510042904868,40.067070772951645,NA,NA,NA,NA,1.9459101490553132,0.6931471805599453,NA
1642,4,2015-2019,124.1510042904868,40.067070772951645,0.12857955550528638,0.11250256759977027,0.028741605426033892,0.3297880951268176,1.0986122886681098,1.0986122886681098,390
1642,5,2020-2024,124.1510042904868,40.067070772951645,0.5164656802292229,0.5203017627883124,0.4044015907144934,0.6292433234249293,3.4011973816621555,2.3978952727983707,120
1658,5,2020-2024,74.147793195727,39.20028357467078,0.12876885020491152,0.12884504028440794,0.09586213290932744,0.16909608979420007,1.2424533248940002,1.1512925464970227,83.6
1659,1,2000-2004,75.00932622398004,39.197490485790226,NA,NA,NA,NA,0.6931471805599453,0.6931471805599453,NA
1659,3,2010-2014,75.00932622398004,39.197490485790226,0.09633622630726521,0.09662361134360398,0.07613274635514146,0.11970905459950999,0.8958797346140275,0.8958797346140275,60
1659,4,2015-2019,75.00932622398004,39.197490485790226,NA,NA,NA,NA,0.6931471805599453,0.6931471805599453,NA
1659,5,2020-2024,75.00932622398004,39.197490485790226,0.26475514811873213,0.2658476360292896,0.19744530273405542,0.34371498409379964,2.1972245773362196,1.791759469228055,96.5
1660,1,2000-2004,75.90764150809956,39.197490485790226,NA,NA,NA,NA,0.6931471805599453,0.6931471805599453,NA
1660,2,2005-2009,75.90764150809956,39.197490485790226,NA,NA,NA,NA,1.0986122886681098,1.0986122886681098,NA
1660,3,2010-2014,75.90764150809956,39.197490485790226,0.1945486849631654,0.16422408735501126,0.029460672154622624,0.5331500791484259,1.5890269151739727,1.3862943611198906,500
1660,4,2015-2019,75.90764150809956,39.197490485790226,0.4012292456756352,0.07019271328652141,2.3524052682740537e-9,0.9999984413099658,1.0986122886681098,1.0986122886681098,4470
1660,5,2020-2024,75.90764150809956,39.197490485790226,0.48417976692494735,0.49196003275912126,0.32294257640891605,0.6602535365920051,3.246119917510236,2.5375869076169133,199.04545454545456
1661,4,2015-2019,76.80595679221908,39.197490485790226,NA,NA,NA,NA,0.6931471805599453,0.6931471805599453,NA
1662,5,2020-2024,77.7042720763386,39.197490485790226,0.36983347707789593,0.37370327307152923,0.24345741771875615,0.5200806838794868,2.70805020110221,2.302585092994046,172
1666,4,2015-2019,81.29753321281669,39.197490485790226,0.132116052191331,0.08766350176852172,0.008365354738748105,0.49056487391963827,0.8958797346140275,0.6931471805599453,645
1666,5,2020-2024,81.29753321281669,39.197490485790226,0.10948210890241418,0.1098028269065433,0.09092974863073264,0.12920409931613927,1.0397207708399179,1.0397207708399179,38
1669,4,2015-2019,83.99247906517525,39.197490485790226,NA,NA,NA,NA,0.6931471805599453,0.6931471805599453,NA
1669,5,2020-2024,83.99247906517525,39.197490485790226,0.2041467613484167,0.14735009566418056,0.013704280291615016,0.661217695321877,1.4978661367769954,1.3862943611198906,675
1672,5,2020-2024,86.68742491753382,39.197490485790226,NA,NA,NA,NA,1.791759469228055,0.6931471805599453,NA
1674,3,2010-2014,88.48405548577286,39.197490485790226,NA,NA,NA,NA,0.8958797346140275,0.6931471805599453,NA
1674,4,2015-2019,88.48405548577286,39.197490485790226,0.4749999999999999,1.2104850884874567e-123,0,1,2.0471722811110507,1.3862943611198906,2806408
1674,5,2020-2024,88.48405548577286,39.197490485790226,0.2844772476826133,0.20665361027140816,0.010034618680926097,0.8543187859243832,1.9459101490553132,1.791759469228055,864.8333333333334
1675,4,2015-2019,89.38237076989238,39.197490485790226,NA,NA,NA,NA,1.0986122886681098,1.0986122886681098,NA
1676,4,2015-2019,90.2806860540119,39.197490485790226,NA,NA,NA,NA,1.0986122886681098,1.0986122886681098,NA
1676,5,2020-2024,90.2806860540119,39.197490485790226,0.11845812159414813,0.09159523139543939,0.015459902701431386,0.36996707392768585,0.8958797346140275,0.8958797346140275,497
1678,5,2020-2024,92.07731662225093,39.197490485790226,0.2238778649776291,0.06786817274113632,1.8028415377239254e-4,0.9508113393801725,0.6931471805599453,0.6931471805599453,1560
1679,4,2015-2019,92.97563190637048,39.19749048579023,0.11593835459937621,0.11570437710868335,0.10361533255130792,0.1300581782483962,1.0986122886681098,1.0986122886681098,0
1680,3,2010-2014,93.87394719049,39.19749048579023,NA,NA,NA,NA,1.0986122886681098,0.6931471805599453,NA
1680,4,2015-2019,93.87394719049,39.19749048579023,0.09709360151183014,0.09689910919141523,0.08723626179094628,0.1091573727145617,0.8958797346140275,0.8958797346140275,0
1680,5,2020-2024,93.87394719049,39.19749048579023,0.1467686067060389,0.14657781547097545,0.10810542134998245,0.19482314294769923,1.3862943611198906,1.3862943611198906,90
1681,3,2010-2014,94.7722624746095,39.197490485790226,NA,NA,NA,NA,1.0986122886681098,0.6931471805599453,NA
1681,5,2020-2024,94.7722624746095,39.197490485790226,0.09643668487006557,0.09630097220559261,0.07908232225165136,0.11491758594945356,0.8958797346140275,0.8958797346140275,44.25
1684,3,2010-2014,97.46720832696808,39.197490485790226,NA,NA,NA,NA,0.6931471805599453,0.6931471805599453,NA
1684,5,2020-2024,97.46720832696808,39.197490485790226,0.08454117934266969,0.07845514502740045,0.031567342908182444,0.17324716966943518,0.6931471805599453,0.6931471805599453,260
1685,2,2005-2009,98.3655236110876,39.19749048579022,NA,NA,NA,NA,0.6931471805599453,0.6931471805599453,NA
1685,5,2020-2024,98.3655236110876,39.19749048579022,0.22904316360964028,0.22935404674167426,0.1782696534157767,0.28297174880872145,1.9459101490553132,1.9459101490553132,70
1686,4,2015-2019,99.26383889520712,39.19749048579023,0.11593835459937621,0.11570437710868335,0.10361533255130792,0.1300581782483962,1.0986122886681098,1.0986122886681098,0
1686,5,2020-2024,99.26383889520712,39.19749048579023,0.3295674853949863,0.32845653849541717,0.265410392266917,0.3967983313135403,2.4849066497880004,2.302585092994046,62.72727272727273
1687,2,2005-2009,100.16215417932663,39.197490485790226,NA,NA,NA,NA,0.6931471805599453,0.6931471805599453,NA
1687,3,2010-2014,100.16215417932663,39.197490485790226,NA,NA,NA,NA,2.4849066497880004,0.6931471805599453,NA
1687,4,2015-2019,100.16215417932663,39.197490485790226,0.1295642879598847,0.12636798539534808,0.0690644356060145,0.2103726671762406,1.2424533248940002,1.0986122886681098,180
1687,5,2020-2024,100.16215417932663,39.197490485790226,0.2528157054174622,0.24720376287312912,0.11195640957013363,0.45127627349947436,2.0794415416798357,1.9459101490553132,267.0625
1688,5,2020-2024,101.06046946344617,39.197490485790226,0.11538583423226645,0.1135788390819076,0.07252801461203227,0.16820329097310596,1.0986122886681098,1.0986122886681098,131.3
1689,5,2020-2024,101.95878474756569,39.197490485790226,0.08057042731804981,0.07935204706586457,0.05296034786988053,0.11296255823276595,0.6931471805599453,0.6931471805599453,111
1691,5,2020-2024,103.75541531580473,39.197490485790226,0.08783256251349594,0.07818206050740106,0.02488798069506847,0.2083861738762087,0.6931471805599453,0.6931471805599453,325
1692,5,2020-2024,104.65373059992424,39.197490485790226,0.13477981911468273,0.1339437718291707,0.09277110403028571,0.18629317320587557,1.3195286648076292,1.0397207708399179,107.33333333333334
1693,3,2010-2014,105.55204588404376,39.197490485790226,0.14275442369271762,0.10363246797037451,0.012644599633419993,0.4814158953820137,1.0986122886681098,0.6931471805599453,585
1693,4,2015-2019,105.55204588404376,39.197490485790226,0.17163555224701282,0.17233544365991038,0.1316165861813133,0.21759152352887112,1.6094379124341003,1.354025100551105,75
1693,5,2020-2024,105.55204588404376,39.197490485790226,0.3507730474168732,0.35508172957475465,0.24724964734506932,0.47496397610097363,2.6390573296152584,2.0794415416798357,137.5
1694,3,2010-2014,106.45036116816328,39.197490485790226,0.15908764386690347,0.10181574647625158,0.007396641286856286,0.5985430410277384,1.0986122886681098,0.6931471805599453,720
1694,5,2020-2024,106.45036116816328,39.197490485790226,0.18403869487315397,0.1807017331267966,0.10402559529509589,0.2870555533013293,1.666102255087602,1.5890269151739727,177.02000000000004
1695,5,2020-2024,107.34867645228282,39.197490485790226,0.1773175060489667,0.178439468935864,0.14136080175993063,0.21921972815996646,1.7005986908310775,1.0397207708399179,60
1696,1,2000-2004,108.24699173640234,39.197490485790226,NA,NA,NA,NA,0.6931471805599453,0.6931471805599453,NA
1696,5,2020-2024,108.24699173640234,39.197490485790226,0.16728885879060532,0.1682725330766392,0.13302335692845013,0.20655278490536155,1.6094379124341003,1.0986122886681098,60
1697,4,2015-2019,109.14530702052186,39.19749048579022,NA,NA,NA,NA,2.1972245773362196,0.6931471805599453,NA
1698,2,2005-2009,110.04362230464137,39.197490485790226,NA,NA,NA,NA,1.0986122886681098,0.6931471805599453,NA
1698,3,2010-2014,110.04362230464137,39.197490485790226,0.13746775246656726,0.13703471226921968,0.12308380338182262,0.15467083665585646,1.3862943611198906,0.6931471805599453,0
1698,4,2015-2019,110.04362230464137,39.197490485790226,NA,NA,NA,NA,1.2424533248940002,1.0397207708399179,NA
1698,5,2020-2024,110.04362230464137,39.197490485790226,0.31194486406543714,0.22810664795628072,0.007877933313300584,0.9034595978029595,2.0794415416798357,1.9459101490553132,960
1699,3,2010-2014,110.9419375887609,39.197490485790226,NA,NA,NA,NA,0.6931471805599453,0.6931471805599453,NA
1699,5,2020-2024,110.9419375887609,39.197490485790226,0.16728885879060532,0.1682725330766392,0.13302335692845013,0.20655278490536155,1.6094379124341003,1.0986122886681098,60
1700,3,2010-2014,111.84025287288041,39.197490485790226,NA,NA,NA,NA,1.0986122886681098,0.6931471805599453,NA
1700,5,2020-2024,111.84025287288041,39.197490485790226,0.26809357202732953,0.14401510571718648,0.001550577709050179,0.931727277120911,1.4978661367769956,1.4978661367769956,1225.2777777777778
1701,4,2015-2019,112.73856815699993,39.197490485790226,NA,NA,NA,NA,1.2424533248940002,0.6931471805599453,NA
1701,5,2020-2024,112.73856815699993,39.197490485790226,0.1051225548943748,0.10541729699647263,0.08078976619336758,0.13300410108573404,1.0397207708399179,0.6931471805599453,68.53333333333333
1702,2,2005-2009,113.63688344111945,39.19749048579021,NA,NA,NA,NA,0.6931471805599453,0.6931471805599453,NA
1702,3,2010-2014,113.63688344111945,39.19749048579021,0.08040630164076219,0.08033214644587716,0.06303523420246096,0.10004928093486849,0.6931471805599453,0.6931471805599453,60
1702,4,2015-2019,113.63688344111945,39.19749048579021,NA,NA,NA,NA,1.3862943611198906,0.6931471805599453,NA
1702,5,2020-2024,113.63688344111945,39.19749048579021,0.2743477942362103,0.2673593502570806,0.1033678191725319,0.5227767354958062,2.2154083994216567,1.8444397270569683,319.05
1703,4,2015-2019,114.53519872523894,39.19749048579022,NA,NA,NA,NA,1.0986122886681098,0.6931471805599453,NA
1703,5,2020-2024,114.53519872523894,39.19749048579022,0.1134945104938358,0.10834705995898007,0.048109363287114355,0.21386245098100537,1.0986122886681098,0.6931471805599453,235.23809523809527
1704,4,2015-2019,115.43351400935846,39.197490485790226,NA,NA,NA,NA,1.0986122886681098,1.0986122886681098,NA
1704,5,2020-2024,115.43351400935846,39.197490485790226,0.23564295134469337,0.2294268909208787,0.09209316330528494,0.4477438122751003,2.0794415416798357,1.0986122886681098,292.5
1705,2,2005-2009,116.33182929347797,39.197490485790226,NA,NA,NA,NA,0.6931471805599453,0.6931471805599453,NA
1705,4,2015-2019,116.33182929347797,39.197490485790226,NA,NA,NA,NA,1.0986122886681098,1.0986122886681098,NA
1705,5,2020-2024,116.33182929347797,39.197490485790226,0.4271164764593431,0.4271310175188162,0.25666733054622926,0.6136838490249914,3.1780538303479458,1.0986122886681098,215.23809523809527
1706,1,2000-2004,117.22811942118358,39.19904247634852,0.08645822336846111,0.07828510891049537,0.02742775702611936,0.194283452164545,0.6931471805599453,0.6931471805599453,300
1706,2,2005-2009,117.22811942118358,39.19904247634852,NA,NA,NA,NA,1.0986122886681098,1.0986122886681098,NA
1706,3,2010-2014,117.22811942118358,39.19904247634852,0.3111059017683556,0.2670825977057028,0.030163351901616522,0.7946352115425593,2.3978952727983707,1.0986122886681098,660
1706,4,2015-2019,117.22811942118358,39.19904247634852,0.625990184164472,0.6308999201718338,0.5139985605427337,0.7327580189615567,3.912023005428146,2.5649493574615367,121.23333333333333
1706,5,2020-2024,117.22811942118358,39.19904247634852,0.7308090200714087,0.9084315226163053,0.04271047074987565,0.9994080371731902,5.993961427306569,3.4339872044851463,1431.570680628274
1707,2,2005-2009,118.14480720010033,39.3189207712947,0.0899795465113003,0.07810263396075559,0.02169763008700062,0.22937314966171918,0.6931471805599453,0.6931471805599453,360
1707,3,2010-2014,118.14480720010033,39.3189207712947,NA,NA,NA,NA,5.717027701406222,1.791759469228055,NA
1707,4,2015-2019,118.14480720010033,39.3189207712947,0.5911524916534364,0.8437162914151146,6.266570568035863e-6,0.9999995431130674,5.641907070938114,3.4965075614664802,3571.666666666667
1707,5,2020-2024,118.14480720010033,39.3189207712947,0.8551486632024199,0.9272740171301694,0.4684525831331636,0.9940187218737475,6.118097198041348,3.828641396489095,726.9259259259259
1708,1,2000-2004,118.85978714318792,39.35643137479748,NA,NA,NA,NA,2.0794415416798357,1.0986122886681098,NA
1708,2,2005-2009,118.85978714318792,39.35643137479748,NA,NA,NA,NA,4.0943445622221,2.1972245773362196,NA
1708,3,2010-2014,118.85978714318792,39.35643137479748,NA,NA,NA,NA,2.833213344056216,1.9459101490553132,NA
1708,4,2015-2019,118.85978714318792,39.35643137479748,NA,NA,NA,NA,3.6109179126442243,2.302585092994046,NA
1708,5,2020-2024,118.85978714318792,39.35643137479748,0.22852349351715623,0.2223107517079814,0.09730878639992113,0.418996903708872,1.9560115027140728,1.666102255087602,269.54473304473305
1710,3,2010-2014,121.19495217085127,39.00802925609208,NA,NA,NA,NA,0.8958797346140275,0.8958797346140275,NA
1710,4,2015-2019,121.19495217085127,39.00802925609208,0.255380624885078,0.15703833932291894,0.00398044103068752,0.8743644889203652,1.6094379124341003,1.3862943611198906,1010
1710,5,2020-2024,121.19495217085127,39.00802925609208,0.3569273305631391,0.34514774945264837,0.06864838220300012,0.7673633194586632,2.6390573296152584,1.9459101490553132,526.0588235294117
1711,2,2005-2009,121.74797157941651,39.25228723413623,0.332702128537375,0.33054078343005755,0.2893934398100427,0.37906438149970995,2.596478425445105,1.6094379124341003,31
1711,3,2010-2014,121.74797157941651,39.25228723413623,NA,NA,NA,NA,4.795790545596741,1.3862943611198906,NA
1711,4,2015-2019,121.74797157941651,39.25228723413623,0.6241205095103097,0.6376250622525691,0.46102671995886035,0.7789112599786906,4.02535169073515,1.9459101490553132,195
1711,5,2020-2024,121.74797157941651,39.25228723413623,0.5908187985465144,0.6244933087099287,0.23815028388019135,0.8918599921500487,3.871201010907891,2.70805020110221,459.4444444444445
1712,3,2010-2014,122.40786611290778,39.40946029764842,NA,NA,NA,NA,1.6094379124341003,0.6931471805599453,NA
1712,4,2015-2019,122.40786611290778,39.40946029764842,0.19334195410221885,0.18856180126150618,0.08740092192641186,0.34505691421650914,1.791759469228055,1.0986122886681098,240
1712,5,2020-2024,122.40786611290778,39.40946029764842,0.14678545943143445,0.1465224819195423,0.10593418035029452,0.1976406912952156,1.3862943611198906,1.3862943611198906,96.6842105263158
1713,2,2005-2009,123.13892765582007,39.06840079332711,NA,NA,NA,NA,0.6931471805599453,0.6931471805599453,NA
1713,3,2010-2014,123.13892765582007,39.06840079332711,0.2238778649776291,0.06786817274113632,1.8028415377239254e-4,0.9508113393801725,0.6931471805599453,0.6931471805599453,1560
1713,4,2015-2019,123.13892765582007,39.06840079332711,NA,NA,NA,NA,1.0986122886681098,1.0986122886681098,NA
1713,5,2020-2024,123.13892765582007,39.06840079332711,0.30706354302939354,0.3049506069557728,0.15937543391989037,0.495812976068276,2.3978952727983707,2.0794415416798357,235.5
1731,1,2000-2004,75.082974025480965,38.52881378024169,NA,NA,NA,NA,0.6931471805599453,0.6931471805599453,NA
1731,2,2005-2009,75.082974025480965,38.52881378024169,NA,NA,NA,NA,0.6931471805599453,0.6931471805599453,NA
1731,3,2010-2014,75.082974025480965,38.52881378024169,0.19704588060702766,0.19636024153329656,0.17530322100931525,0.22181390666199355,1.791759469228055,1.3862943611198906,5
1731,4,2015-2019,75.082974025480965,38.52881378024169,NA,NA,NA,NA,0.6931471805599453,0.6931471805599453,NA
1731,5,2020-2024,75.082974025480965,38.52881378024169,0.29578986008020475,0.2924976020041107,0.16719946251689102,0.4558341499108862,2.34106561356211,2.04717228111105,204.86486486486484
1732,5,2020-2024,75.90764150809956,38.49787796933202,0.08044603612111706,0.07937136429140723,0.056136900289556466,0.1085044082725688,0.6931471805599453,0.6931471805599453,94
1733,5,2020-2024,76.80595679221908,38.49787796933202,0.1693124677214466,0.17002533718510454,0.1341598526863304,0.20817109838662318,1.5890269151739727,1.354025100551105,60
1734,1,2000-2004,77.7042720763386,38.49787796933202,NA,NA,NA,NA,0.6931471805599453,0.6931471805599453,NA
1734,2,2005-2009,77.7042720763386,38.49787796933202,NA,NA,NA,NA,0.6931471805599453,0.6931471805599453,NA
1734,3,2010-2014,77.7042720763386,38.49787796933202,NA,NA,NA,NA,1.6094379124341003,1.0986122886681098,NA
1734,5,2020-2024,77.7042720763386,38.49787796933202,0.11502405319813132,0.11546121225421203,0.09077990121159978,0.14220668693904218,1.0986122886681098,1.0986122886681098,60
1737,5,2020-2024,80.39921792869717,38.49787796933202,0.08040630164076219,0.08033214644587716,0.06303523420246096,0.10004928093486849,0.6931471805599453,0.6931471805599453,60
1738,5,2020-2024,81.29753321281669,38.49787796933202,NA,NA,NA,NA,1.3862943611198906,0.6931471805599453,NA
1739,5,2020-2024,82.19584849693621,38.49787796933202,0.08040630164076219,0.08033214644587716,0.06303523420246096,0.10004928093486849,0.6931471805599453,0.6931471805599453,60
1743,5,2020-2024,85.7891096334143,38.49787796933202,0.3041857005679813,0.30240989912982025,0.24787167250267936,0.3657304704723297,2.3978952727983707,1.9459101490553132,55.5
1748,4,2015-2019,90.2806860540119,38.49787796933202,NA,NA,NA,NA,0.6931471805599453,0.6931471805599453,NA
1748,5,2020-2024,90.2806860540119,38.49787796933202,0.11700824084201152,0.1133999536910525,0.058289409633940276,0.19932300942177125,1.0986122886681098,1.0986122886681098,195.83333333333331
1749,2,2005-2009,91.17900133813141,38.49787796933202,NA,NA,NA,NA,0.6931471805599453,0.6931471805599453,NA
1749,3,2010-2014,91.17900133813141,38.49787796933202,NA,NA,NA,NA,0.6931471805599453,0.6931471805599453,NA
1749,4,2015-2019,91.17900133813141,38.49787796933202,NA,NA,NA,NA,1.6094379124341003,1.0986122886681098,NA
1749,5,2020-2024,91.17900133813141,38.49787796933202,0.12419146660904887,0.11868538360105829,0.05260408904978634,0.23466636606500704,1.1512925464970227,1.1512925464970227,240.5
1753,5,2020-2024,94.77226247460953,38.49787796933202,0.08040630164076219,0.08033214644587716,0.06303523420246096,0.10004928093486849,0.6931471805599453,0.6931471805599453,60
1755,4,2015-2019,96.56889304284853,38.49787796933202,NA,NA,NA,NA,0.6931471805599453,0.6931471805599453,NA
1756,4,2015-2019,97.46720832696808,38.49787796933202,NA,NA,NA,NA,1.7005986908310775,0.8958797346140275,NA
1756,5,2020-2024,97.46720832696808,38.49787796933202,0.14688336480834566,0.1473456920408459,0.11590642086862674,0.18019191223874503,1.3862943611198906,1.3862943611198906,60
1757,4,2015-2019,98.3655236110876,38.49787796933202,NA,NA,NA,NA,1.1512925464970227,0.8958797346140275,NA
1757,5,2020-2024,98.3655236110876,38.49787796933202,0.1159195482763765,0.11288250835816475,0.0662091292244362,0.17914835278472635,1.0986122886681098,1.0986122886681098,158.33333333333334
1758,3,2010-2014,99.26383889520712,38.49787796933202,NA,NA,NA,NA,0.6931471805599453,0.6931471805599453,NA
1758,4,2015-2019,99.26383889520712,38.49787796933202,NA,NA,NA,NA,1.2424533248940002,0.8958797346140275,NA
1758,5,2020-2024,99.26383889520712,38.49787796933202,0.3610669158168372,0.35956353148561404,0.2158249862068967,0.5331728145528827,2.6876392038420827,2.1383330595080277,203.8207547169811
1759,2,2005-2009,100.16215417932663,38.49787796933202,NA,NA,NA,NA,0.6931471805599453,0.6931471805599453,NA
1759,3,2010-2014,100.16215417932663,38.49787796933202,NA,NA,NA,NA,1.0397207708399179,0.8958797346140275,NA
1759,4,2015-2019,100.16215417932663,38.49787796933202,0.42952401975520943,0.11950177485247687,1.705364105587608e-9,0.9999996332949044,1.7776740307447068,1.354025100551105,4707
1759,5,2020-2024,100.16215417932663,38.49787796933202,0.27798291768987227,0.2684300953455042,0.08054230689211422,0.5808890563396804,2.1972245773362196,1.9459101490553132,387
1760,4,2015-2019,101.06046946344617,38.49787796933202,NA,NA,NA,NA,0.6931471805599453,0.6931471805599453,NA
1760,5,2020-2024,101.06046946344617,38.49787796933202,0.2762224283436104,0.27670951764805257,0.218294973441728,0.34225547296997577,2.3025850929940455,1.5222612188617115,71.05263157894737
1761,4,2015-2019,101.95878474756569,38.49787796933202,NA,NA,NA,NA,0.6931471805599453,0.6931471805599453,NA
1761,5,2020-2024,101.95878474756569,38.49787796933202,0.11253661570904719,0.11146687119588031,0.0768532564461066,0.15560061275211604,1.0986122886681098,0.8958797346140275,105.75
1762,5,2020-2024,102.8571000316852,38.49787796933202,0.22107063570053642,0.21659780721471927,0.11864063407470961,0.3540621985872917,1.9756218592907135,1.3195286648076292,198.70833333333331
1764,5,2020-2024,104.65373059992424,38.49787796933202,0.163694872855684,0.16072961988163673,0.09655846368460703,0.24876904910884268,1.5222612188617115,1.4451858789480823,159.83333333333331
1765,1,2000-2004,105.55204588404376,38.49787796933202,NA,NA,NA,NA,0.6931471805599453,0.6931471805599453,NA
1765,2,2005-2009,105.55204588404376,38.49787796933202,NA,NA,NA,NA,1.0986122886681098,0.6931471805599453,NA
1765,3,2010-2014,105.55204588404376,38.49787796933202,0.11245903627228902,0.10877145256837484,0.05247247352214001,0.19934933816491568,1.0986122886681098,0.6931471805599453,210
1765,4,2015-2019,105.55204588404376,38.49787796933202,0.308825776669918,0.30381103625742323,0.10553991059409229,0.5978210087734694,2.3767950955531822,2.1097538525880535,357.3333333333333
1765,5,2020-2024,105.55204588404376,38.49787796933202,0.45685710499808607,0.46757937741941613,0.17499590390811268,0.7725128423955002,3.1354942159291497,2.5649493574615367,391.4285714285714
1766,2,2005-2009,106.45036116816328,38.49787796933202,NA,NA,NA,NA,0.6931471805599453,0.6931471805599453,NA
1766,3,2010-2014,106.45036116816328,38.49787796933202,0.1295642879598847,0.12636798539534808,0.0690644356060145,0.2103726671762406,1.2424533248940002,1.0986122886681098,180
1766,4,2015-2019,106.45036116816328,38.49787796933202,0.3591572751260921,0.22362270005118828,7.353000727241214e-4,0.9875635677225576,2.1972245773362196,1.3862943611198906,1560
1766,5,2020-2024,106.45036116816328,38.49787796933202,0.6337989753008505,0.6415381046393425,0.4998987361193148,0.7640499074334082,3.871201010907891,3.2188758248682006,155.5882352941177
1767,5,2020-2024,107.34867645228282,38.49787796933202,0.13629365043105585,0.13631666918685303,0.09867867455393134,0.18147665562381274,1.3862943611198906,0.6931471805599453,90.20512820512822
1769,4,2015-2019,109.14530702052186,38.49787796933202,NA,NA,NA,NA,0.6931471805599453,0.6931471805599453,NA
1769,5,2020-2024,109.14530702052186,38.49787796933202,0.11505823069962284,0.1140401233019033,0.0797358714177153,0.15791918951938286,1.0986122886681098,1.0986122886681098,103
1770,2,2005-2009,110.04362230464139,38.49787796933202,NA,NA,NA,NA,0.6931471805599453,0.6931471805599453,NA
1770,4,2015-2019,110.04362230464139,38.49787796933202,NA,NA,NA,NA,0.6931471805599453,0.6931471805599453,NA
1770,5,2020-2024,110.04362230464139,38.49787796933202,0.41389146761496143,0.13262494522134638,8.498121259725712e-8,0.9999898128922977,1.791759469228055,1.3862943611198906,3735
1771,5,2020-2024,110.9419375887609,38.49787796933201,0.10483640676659535,0.07597740499628394,0.01065703940157576,0.35889354857502154,0.6931471805599453,0.6931471805599453,540
1772,3,2010-2014,111.84025287288041,38.49787796933202,NA,NA,NA,NA,0.6931471805599453,0.6931471805599453,NA
1772,5,2020-2024,111.84025287288041,38.49787796933202,0.20480689152319215,0.19823778968995598,0.0828668482479723,0.38767877991252847,1.8444397270569683,1.2424533248940002,274.47619047619054
1773,4,2015-2019,112.73856815699993,38.49787796933202,NA,NA,NA,NA,1.354025100551105,0.8958797346140275,NA
1773,5,2020-2024,112.73856815699993,38.49787796933202,0.16911301405203796,0.16534451907523967,0.08692841155556284,0.2801893800056626,1.6094379124341003,1.0986122886681098,198.32142857142858
1774,3,2010-2014,113.63688344111945,38.49787796933202,NA,NA,NA,NA,1.0986122886681098,0.6931471805599453,NA
1774,4,2015-2019,113.63688344111945,38.49787796933202,0.41403394277483446,0.062087876745810636,9.683517384321283e-11,0.9999998889988282,1.0986122886681098,0.6931471805599453,5253
1774,5,2020-2024,113.63688344111945,38.49787796933202,0.08677805034205703,0.07825997870072463,0.026802592585809977,0.1976239090169864,0.6931471805599453,0.6931471805599453,306.04166666666663
1775,3,2010-2014,114.53519872523898,38.49787796933202,NA,NA,NA,NA,1.0986122886681098,1.0986122886681098,NA
1775,4,2015-2019,114.53519872523898,38.49787796933202,0.17163964635914722,0.13490566809094573,0.020407992629834584,0.5160140141604131,1.3862943611198906,1.0986122886681098,540
1775,5,2020-2024,114.53519872523898,38.49787796933202,0.173437312162734,0.1692141934804084,0.0966331489770604,0.2728858172378159,1.6094379124341003,1.3862943611198906,177.89999999999998
1776,4,2015-2019,115.43351400935852,38.49787796933202,0.11886044792981376,0.11837681350809146,0.0861002753425559,0.15853177036609456,1.1512925464970227,1.0397207708399179,90
1776,5,2020-2024,115.43351400935852,38.49787796933202,0.14237968882931365,0.1423411987194575,0.10061377019963444,0.19379745266333295,1.3862943611198906,1.0986122886681098,100.8
1777,4,2015-2019,116.33182929347802,38.49787796933202,NA,NA,NA,NA,0.6931471805599453,0.6931471805599453,NA
1777,5,2020-2024,116.33182929347802,38.49787796933202,0.19486149441038042,0.18231677599488832,0.056013061184551995,0.4329058839006249,1.666102255087602,1.629048269010741,357.9230769230769
1778,2,2005-2009,117.19606211349272,38.484419821991175,NA,NA,NA,NA,0.6931471805599453,0.6931471805599453,NA
1778,3,2010-2014,117.19606211349272,38.484419821991175,0.40752382742227816,0.14581283173404164,4.789451884435261e-7,0.9999603862918032,1.868834809141684,1.3862943611198906,3320
1778,4,2015-2019,117.19606211349272,38.484419821991175,0.43099601700008355,0.43658667541251905,0.11632633846923657,0.8043151194482961,2.995732273553991,2.5649493574615367,480
1778,5,2020-2024,117.19606211349272,38.484419821991175,0.6340985672891201,0.69004955451513,0.19398823025855522,0.9488885165510819,4.143134726391533,3.295836866004329,603.7034883720938
1779,3,2010-2014,117.76128056688434,38.22139190176955,NA,NA,NA,NA,1.0986122886681098,1.0986122886681098,NA
1779,5,2020-2024,117.76128056688434,38.22139190176955,0.22962594088465937,0.23007404725527048,0.15397026044503845,0.32443059738771346,2.0036665926162356,1.5890269151739727,133.125
1780,5,2020-2024,118.73626261306819,38.154081067510944,NA,NA,NA,NA,0.6931471805599453,0.6931471805599453,NA
1782,2,2005-2009,121.09710835058704,38.69710904849821,NA,NA,NA,NA,0.6931471805599453,0.6931471805599453,NA
1782,3,2010-2014,121.09710835058704,38.69710904849821,NA,NA,NA,NA,2.2499048351651325,1.5890269151739727,NA
1782,4,2015-2019,121.09710835058704,38.69710904849821,0.46307295119998754,0.42544642337930794,0.0019091601174735405,0.9951796054773201,3.2188758248682006,1.9459101490553132,1563
1782,5,2020-2024,121.09710835058704,38.69710904849821,0.5961532661734005,0.6291101639113095,0.26779512633384,0.8796537024334188,3.8918202981106265,2.6390573296152584,422.42857142857144
1783,4,2015-2019,121.3744435909699,38.831015037886615,NA,NA,NA,NA,1.6094379124341003,1.0986122886681098,NA
1783,5,2020-2024,121.3744435909699,38.831015037886615,0.33420207686359027,0.3361984693137864,0.26123879150524726,0.4137609318846923,2.5649493574615367,1.9459101490553132,82.26923076923077
1803,3,2010-2014,75.21016357482502,37.81558003289568,0.3124646902741959,0.10162282742641482,3.534217215717399e-5,0.995289987047224,1.2424533248940002,1.0986122886681098,2100
1803,4,2015-2019,75.21016357482502,37.81558003289568,NA,NA,NA,NA,0.6931471805599453,0.6931471805599453,NA
1803,5,2020-2024,75.21016357482502,37.81558003289568,0.41175419948513536,0.27298099563374895,1.8829283409286648e-4,0.997932089446699,2.463626842578602,2.2154083994216567,1986.2666666666664
1804,5,2020-2024,75.90764150809956,37.79140429115398,0.12548996516314875,0.12403607871507877,0.08197380020868478,0.1787739684336809,1.2424533248940002,0.8958797346140275,120.57142857142857
1805,5,2020-2024,76.80595679221908,37.79140429115398,0.11520693625416052,0.11228327419350903,0.06669217095208946,0.1756816876024851,1.1512925464970227,0.6931471805599453,152.14285714285714
1806,3,2010-2014,77.7042720763386,37.79140429115398,NA,NA,NA,NA,0.6931471805599453,0.6931471805599453,NA
1806,5,2020-2024,77.7042720763386,37.79140429115398,0.3210601194494558,0.24289305825695184,0.0085318409777071,0.9080449218815875,2.282174095733918,1.0986122886681098,955.2525252525252
1807,3,2010-2014,78.60258736045813,37.79140429115398,NA,NA,NA,NA,0.6931471805599453,0.6931471805599453,NA
1807,5,2020-2024,78.60258736045813,37.79140429115398,0.12524248781532266,0.12594254763898127,0.09446129979555726,0.1621875664730759,1.2424533248940002,0.8958797346140275,77.66666666666666
1808,5,2020-2024,79.50090264457765,37.79140429115398,0.11455699912342748,0.11307059158589511,0.07652864972096879,0.16042569410800556,1.1512925464970227,0.6931471805599453,111.25
1809,5,2020-2024,80.39921792869717,37.79140429115398,0.1404480226198602,0.13996717785028207,0.12211020474821725,0.1606393504994899,1.354025100551105,1.1512925464970227,23
1815,5,2020-2024,85.7891096334143,37.79140429115398,0.08040630164076219,0.08033214644587716,0.06303523420246096,0.10004928093486849,0.6931471805599453,0.6931471805599453,60
1816,5,2020-2024,86.68742491753382,37.79140429115398,0.29755002421596616,0.11899570697278757,1.7202723901605342e-4,0.9856672326050648,1.3862943611198906,1.0986122886681098,1736.3333333333333
1819,5,2020-2024,89.38237076989238,37.79140429115398,0.12204753702564569,0.11303972575904185,0.04071916657405954,0.264058261908502,1.0986122886681098,1.0986122886681098,300
1820,5,2020-2024,90.2806860540119,37.79140429115398,0.13005618760460055,0.12957719039669602,0.09527323368697706,0.172807553796342,1.2424533248940002,1.2424533248940002,89.2
1821,5,2020-2024,91.17900133813144,37.79140429115399,0.08040630164076219,0.08033214644587716,0.06303523420246096,0.10004928093486849,0.6931471805599453,0.6931471805599453,60
1822,4,2015-2019,92.07731662225093,37.79140429115398,NA,NA,NA,NA,0.6931471805599453,0.6931471805599453,NA
1823,5,2020-2024,92.97563190637047,37.79140429115398,0.11497691820331495,0.11530962106106546,0.08825734387665884,0.14716374643174193,1.0986122886681098,1.0986122886681098,71.83333333333333
1824,4,2015-2019,93.87394719048999,37.79140429115398,NA,NA,NA,NA,0.6931471805599453,0.6931471805599453,NA
1824,5,2020-2024,93.87394719048999,37.79140429115398,0.1916287512668763,0.18720019966012164,0.09739219650216106,0.32065502330084,1.700598690831078,1.700598690831078,210
1825,5,2020-2024,94.7722624746095,37.79140429115398,0.08096141727316367,0.08060688982864858,0.07332800315143112,0.091168887444945515,0.6931471805599453,0.6931471805599453,4
1826,3,2010-2014,95.67057775872902,37.79140429115398,NA,NA,NA,NA,0.6931471805599453,0.6931471805599453,NA
1826,4,2015-2019,95.67057775872902,37.79140429115398,NA,NA,NA,NA,0.6931471805599453,0.6931471805599453,NA
1826,5,2020-2024,95.67057775872902,37.79140429115398,0.17620268603083875,0.17680389738070754,0.13454098602339906,0.22463117161139592,1.6094379124341003,1.6094379124341003,75.625
1827,5,2020-2024,96.56889304284854,37.79140429115398,0.10997414144884017,0.1106861293234177,0.08706110217129853,0.1357761556698287,1.0986122886681098,0.6931471805599453,60
1828,3,2010-2014,97.46720832696808,37.79140429115398,0.0899795465113003,0.07810263396075559,0.02169763008700062,0.22937314966171918,0.6931471805599453,0.6931471805599453,360
1828,4,2015-2019,97.46720832696808,37.79140429115398,NA,NA,NA,NA,1.3862943611198906,1.3862943611198906,NA
1828,5,2020-2024,97.46720832696808,37.79140429115398,0.09415893142657113,0.09330606968498567,0.06702940093116924,0.1259289895982932,0.8958797346140275,0.6931471805599453,90
1829,4,2015-2019,98.3655236110876,37.79140429115398,NA,NA,NA,NA,0.6931471805599453,0.6931471805599453,NA
1829,5,2020-2024,98.3655236110876,37.79140429115398,0.11247393642111014,0.11305278148792892,0.0890273824901632,0.13851798772350837,1.0986122886681098,0.8958797346140275,60
1830,4,2015-2019,99.26383889520712,37.79140429115398,NA,NA,NA,NA,1.0397207708399179,0.6931471805599453,NA
1831,4,2015-2019,100.16215417932663,37.79140429115398,0.2544726286704653,0.09356864524858349,2.6194593662692644e-4,0.964553822023891,1.0986122886681098,0.6931471805599453,1555
1831,5,2020-2024,100.16215417932663,37.79140429115398,0.16741304779989763,0.16211834274118112,0.07776945418406045,0.2971387626108786,1.5222612188617115,1.5222612188617115,228.4095238095238
1832,1,2000-2004,101.06046946344617,37.79140429115398,NA,NA,NA,NA,0.6931471805599453,0.6931471805599453,NA
1832,3,2010-2014,101.06046946344617,37.79140429115398,NA,NA,NA,NA,0.6931471805599453,0.6931471805599453,NA
1832,4,2015-2019,101.06046946344617,37.79140429115398,0.16839257085698778,0.15205102780021024,0.04027660156241932,0.40867575076970886,1.4451858789480823,1.4451858789480823,390
1832,5,2020-2024,101.06046946344617,37.79140429115398,0.4539082041040322,0.46126063398311085,0.22175090929420482,0.715171711406307,3.1354942159291497,2.3978952727983707,311.25
1833,4,2015-2019,101.95878474756569,37.79140429115398,0.08103120063878097,0.08082434438459271,0.07311136747684517,0.09126305161572455,0.6931471805599453,0.6931471805599453,0
1833,5,2020-2024,101.95878474756569,37.79140429115398,0.2616675024389208,0.2384699454179876,0.04707741801336972,0.6353798912295843,2.0794415416798357,1.6094379124341003,492.75
1834,3,2010-2014,102.8571000316852,37.79140429115398,NA,NA,NA,NA,0.6931471805599453,0.6931471805599453,NA
1834,5,2020-2024,102.8571000316852,37.79140429115398,0.1762962601973512,0.14803486531425047,0.02816098466740184,0.48551496170631137,1.4978661367769954,1.0397207708399179,480
1835,5,2020-2024,103.75541531580473,37.79140429115398,0.09450146128661421,0.09285445918937879,0.059014768488664104,0.13734633032068186,0.8958797346140275,0.6931471805599453,127.5
1836,2,2005-2009,104.65373059992424,37.79140429115398,NA,NA,NA,NA,1.791759469228055,1.3862943611198906,NA
1836,3,2010-2014,104.65373059992424,37.79140429115398,NA,NA,NA,NA,0.6931471805599453,0.6931471805599453,NA
1836,4,2015-2019,104.65373059992424,37.79140429115398,0.17756652735651426,0.17704139748109163,0.14651944996801938,0.21212330350203765,1.7005986908310775,1.0397207708399179,44
1836,5,2020-2024,104.65373059992424,37.79140429115398,0.2299038980321532,0.22061853521219832,0.07647113447318064,0.47183348861249036,1.9459101490553132,1.6094379124341003,335
1837,2,2005-2009,105.55204588404376,37.79140429115398,NA,NA,NA,NA,0.6931471805599453,0.6931471805599453,NA
1837,3,2010-2014,105.55204588404376,37.79140429115398,NA,NA,NA,NA,0.6931471805599453,0.6931471805599453,NA
1837,4,2015-2019,105.55204588404376,37.79140429115398,0.13635537480484822,0.13709667577450552,0.10780221258599237,0.1699643953007621,1.3862943611198906,0.6931471805599453,63
1837,5,2020-2024,105.55204588404376,37.79140429115398,0.23471498398448717,0.23105205153920624,0.13811848507389007,0.35604871585553705,2.0036665926162356,1.791759469228055,176.51612903225808
1838,3,2010-2014,106.45036116816328,37.79140429115398,NA,NA,NA,NA,1.0397207708399179,0.6931471805599453,NA
1838,4,2015-2019,106.45036116816328,37.79140429115398,NA,NA,NA,NA,0.6931471805599453,0.6931471805599453,NA
1838,5,2020-2024,106.45036116816328,37.79140429115398,0.20803260806190796,0.2075605558446572,0.1341271710005488,0.3009820482558444,1.8444397270569683,1.6479184330021646,142.19396551724137
1839,4,2015-2019,107.34867645228282,37.79140429115398,NA,NA,NA,NA,0.6931471805599453,0.6931471805599453,NA
1839,5,2020-2024,107.34867645228282,37.79140429115398,0.16066381522016351,0.16109885629091147,0.12578181741794356,0.20009305586194281,1.545521226679158,1.1512925464970227,66.15384615384616
1840,5,2020-2024,108.24699173640235,37.79140429115398,0.14775803313752017,0.1485857047255498,0.11723650861510738,0.18237987774987247,1.4451858789480823,1.0397207708399179,60
1841,2,2005-2009,109.14530702052186,37.79140429115398,NA,NA,NA,NA,1.0986122886681098,0.6931471805599453,NA
1841,4,2015-2019,109.14530702052186,37.79140429115398,NA,NA,NA,NA,0.6931471805599453,0.6931471805599453,NA
1841,5,2020-2024,109.14530702052186,37.79140429115398,0.14956908154692078,0.1448719281085592,0.07141092326297038,0.26157869902182135,1.3862943611198906,1.3862943611198906,216
1842,5,2020-2024,110.04362230464137,37.79140429115398,0.11502405319813132,0.11546121225421203,0.09077990121159978,0.14220668693904218,1.0986122886681098,1.0986122886681098,60
1843,5,2020-2024,110.94193758876088,37.79140429115397,0.4686324528410142,1.2714245167910977e-5,1.8365173738847028e-161,1,1.6094379124341003,1.3862943611198906,92088.5
1844,2,2005-2009,111.84025287288041,37.79140429115398,NA,NA,NA,NA,0.6931471805599453,0.6931471805599453,NA
1844,3,2010-2014,111.84025287288041,37.79140429115398,NA,NA,NA,NA,2.7058230259275198,2.2975599250672953,NA
1844,4,2015-2019,111.84025287288041,37.79140429115398,0.31534744068069753,0.3101892261350103,0.10177088909118935,0.6194425084175834,2.3978952727983707,2.1972245773362196,375
1844,5,2020-2024,111.84025287288041,37.79140429115398,0.24926442063363227,0.25106433784431986,0.1797853968097292,0.33467910685236135,2.0794415416798357,1.9459101490553132,109
1845,3,2010-2014,112.73856815699993,37.79140429115398,0.08040630164076219,0.08033214644587716,0.06303523420246096,0.10004928093486849,0.6931471805599453,0.6931471805599453,60
1845,4,2015-2019,112.73856815699993,37.79140429115398,0.23190153530969126,0.20629580586414442,0.041384168267571145,0.5826440305375968,1.9459101490553132,1.0986122886681098,480
1845,5,2020-2024,112.73856815699993,37.79140429115398,0.6101432967417781,0.6157759993782865,0.49562603921255766,0.720455797927808,3.871201010907891,2.302585092994046,123.22222222222223
1846,3,2010-2014,113.63688344111951,37.79140429115398,NA,NA,NA,NA,0.6931471805599453,0.6931471805599453,NA
1846,4,2015-2019,113.63688344111951,37.79140429115398,0.29372752670528557,0.08765088358430145,3.751588848033813e-5,0.9931095068632361,1.0986122886681098,0.6931471805599453,2040
1846,5,2020-2024,113.63688344111951,37.79140429115398,0.2646340452207127,0.26478332382635905,0.17425567424600588,0.3771171413141313,2.1972245773362196,1.791759469228055,146.5099206349206
1847,4,2015-2019,114.53519872523898,37.79140429115398,NA,NA,NA,NA,1.3862943611198906,1.0986122886681098,NA
1847,5,2020-2024,114.53519872523898,37.79140429115398,0.7576534029429857,0.7671872137878388,0.6438584725901352,0.854459666769531,4.812184355372417,1.6094379124341003,150.29427083333331
1848,3,2010-2014,115.43351400935852,37.79140429115398,NA,NA,NA,NA,1.791759469228055,1.6094379124341003,NA
1848,4,2015-2019,115.43351400935852,37.79140429115398,NA,NA,NA,NA,2.1972245773362196,1.6094379124341003,NA
1848,5,2020-2024,115.43351400935852,37.79140429115398,0.2071890199521767,0.20700143415408817,0.13546600871340977,0.29733297072608783,1.844439727056968,1.6094379124341003,137.45454545454544
1849,4,2015-2019,116.33182929347802,37.79140429115398,NA,NA,NA,NA,0.6931471805599453,0.6931471805599453,NA
1849,5,2020-2024,116.33182929347802,37.79140429115398,0.2528704458818257,0.2536923410716794,0.19397144681715556,0.3172545692233774,2.11705325229863,1.8317808230648231,80.77272727272728
1850,5,2020-2024,117.23014457759756,37.79140429115398,0.23668029292966972,0.23830409103549116,0.18032247279907376,0.30103063478261305,2.0794415416798357,1.3862943611198906,85
1851,2,2005-2009,118.11952184177386,37.757896886637774,NA,NA,NA,NA,1.3862943611198906,0.6931471805599453,NA
1851,5,2020-2024,118.11952184177386,37.757896886637774,0.3790255775013238,0.36807988016265936,0.06288625859897697,0.8139102003416538,2.7297927570720795,2.1653666701431655,576.6304347826087
1852,2,2005-2009,118.81183235760908,37.77612038801182,0.08060638205768508,0.08089156585168308,0.06852773360214819,0.09312978066290027,0.6931471805599453,0.6931471805599453,30
1852,3,2010-2014,118.81183235760908,37.77612038801182,NA,NA,NA,NA,1.0986122886681098,1.0986122886681098,NA
1852,4,2015-2019,118.81183235760908,37.77612038801182,0.2877498632583518,0.12968912510893482,4.20016601725445e-4,0.9732835504261714,1.4451858789480823,1.2424533248940002,1531.25
1852,5,2020-2024,118.81183235760908,37.77612038801182,0.5159393566710997,0.5457036718059947,0.002910229223871822,0.9972397167796714,3.6888794541139363,2.6390573296152584,1583.413793103448
1853,5,2020-2024,120.27570256275236,37.54207252184061,NA,NA,NA,NA,1.0986122886681098,0.6931471805599453,NA
1854,3,2010-2014,120.77334839029187,37.604058266737006,0.13222478540800214,0.07416642916497761,0.004096481087512058,0.5651493852741931,0.6931471805599453,0.6931471805599453,780
1854,4,2015-2019,120.77334839029187,37.604058266737006,0.47576060137791587,0.06266525032181838,7.933500469891693e-53,1,4.089740092679445,1.3862943611198906,30138
1854,5,2020-2024,120.77334839029187,37.604058266737006,0.2665054534529127,0.2675793867902335,0.19701901943575326,0.34980382515819475,2.178354413344796,1.9944920232821373,99.65
1855,1,2000-2004,121.6562053402167,37.49852734243046,NA,NA,NA,NA,0.6931471805599453,0.6931471805599453,NA
1855,2,2005-2009,121.6562053402167,37.49852734243046,NA,NA,NA,NA,0.6931471805599453,0.6931471805599453,NA
1855,3,2010-2014,121.6562053402167,37.49852734243046,NA,NA,NA,NA,0.6931471805599453,0.6931471805599453,NA
1855,4,2015-2019,121.6562053402167,37.49852734243046,NA,NA,NA,NA,1.9459101490553132,1.0986122886681098,NA
1855,5,2020-2024,121.6562053402167,37.49852734243046,0.28684897010795724,0.28302596725754164,0.12406476587942587,0.5098736464714805,2.34106561356211,1.5890269151739727,282.5
1856,2,2005-2009,122.19804630974411,37.447606875230626,0.0837148517133282,0.07854255202180517,0.03385822143864105,0.16342354257307154,0.6931471805599453,0.6931471805599453,240
1856,3,2010-2014,122.19804630974411,37.447606875230626,NA,NA,NA,NA,0.6931471805599453,0.6931471805599453,NA
1856,4,2015-2019,122.19804630974411,37.447606875230626,NA,NA,NA,NA,0.8958797346140275,0.6931471805599453,NA
1856,5,2020-2024,122.19804630974411,37.447606875230626,0.1151111413602166,0.11414288690465393,0.07805707134772491,0.16019025170984227,1.0986122886681098,1.0986122886681098,109.375
1875,3,2010-2014,75.09454051938708,37.183915901525914,0.09418530646075154,0.0946483532498493,0.07566521172595812,0.1145553201591334,0.8958797346140275,0.6931471805599453,54
1875,4,2015-2019,75.09454051938708,37.183915901525914,NA,NA,NA,NA,0.6931471805599453,0.6931471805599453,NA
1875,5,2020-2024,75.09454051938708,37.183915901525914,0.2021939033312421,0.19776567212918464,0.10040004428794666,0.3422106719496864,1.791759469228055,1.6094379124341003,218.6153846153846
1876,3,2010-2014,75.91626844227284,37.08768825256086,0.08053975165175467,0.08051042839883416,0.0673673115069208,0.09445082806199472,0.6931471805599453,0.6931471805599453,37
1876,5,2020-2024,75.91626844227284,37.08768825256086,0.15746020954743747,0.12174663112276787,0.018317180285151852,0.48502636252486797,1.2424533248940002,1.1512925464970227,538
1877,5,2020-2024,76.80595679221908,37.07811061967602,0.16712711660459575,0.1675232119588807,0.11967465546973512,0.2260811615458766,1.6094379124341003,1.0986122886681098,100
1878,5,2020-2024,77.7042720763386,37.07811061967602,0.08040630164076219,0.08033214644587716,0.06303523420246096,0.10004928093486849,0.6931471805599453,0.6931471805599453,60
1879,5,2020-2024,78.60258736045813,37.07811061967602,0.10515370393562858,0.10572399905087346,0.08311678131416007,0.12967040459606052,1.0397207708399179,0.6931471805599453,60
1880,4,2015-2019,79.50090264457765,37.07811061967602,NA,NA,NA,NA,0.6931471805599453,0.6931471805599453,NA
1880,5,2020-2024,79.50090264457765,37.07811061967602,0.29292610595970214,0.29397856930154087,0.22259361692011215,0.37101860076434084,2.302585092994046,2.1972245773362196,88.75
1881,5,2020-2024,80.39921792869717,37.07811061967602,0.22559933669036766,0.22633436656954875,0.17400793701134526,0.2817714270561353,1.9459101490553132,1.791759469228055,75
1882,5,2020-2024,81.29753321281669,37.07811061967602,0.25928228598669334,0.2529613613745527,0.10153132803892441,0.48861868936404557,2.171902710926842,1.5222612188617115,301.95
1884,4,2015-2019,83.09416378105573,37.07811061967602,0.0899795465113003,0.07810263396075559,0.02169763008700062,0.22937314966171918,0.6931471805599453,0.6931471805599453,360
1884,5,2020-2024,83.09416378105573,37.07811061967602,0.1571316678275017,0.10647694505900943,0.009918248564111115,0.5593155207296897,1.0986122886681098,1.0986122886681098,660
1892,5,2020-2024,90.28068605401192,37.078110619676025,0.2360244098677514,0.21378622517840518,0.045655942281013,0.5776731599090206,1.9459101490553132,1.3862943611198906,464.1666666666667
1895,4,2015-2019,92.97563190637047,37.07811061967602,NA,NA,NA,NA,0.8958797346140275,0.8958797346140275,NA
1895,5,2020-2024,92.97563190637047,37.07811061967602,NA,NA,NA,NA,0.6931471805599453,0.6931471805599453,NA
1896,4,2015-2019,93.87394719048999,37.07811061967602,NA,NA,NA,NA,0.8958797346140275,0.8958797346140275,NA
1897,5,2020-2024,94.7722624746095,37.07811061967602,0.1761898323711203,0.17641314093987404,0.12387852715956345,0.2421435232714987,1.6094379124341003,1.6094379124341003,110
1898,5,2020-2024,95.67057775872902,37.07811061967602,NA,NA,NA,NA,0.6931471805599453,0.6931471805599453,NA
1899,3,2010-2014,96.56889304284854,37.07811061967602,NA,NA,NA,NA,0.6931471805599453,0.6931471805599453,NA
1899,4,2015-2019,96.56889304284854,37.07811061967602,0.14824913502000578,0.14417471919047242,0.08055544662784037,0.2379209395029095,1.3862943611198906,1.3862943611198906,180
1899,5,2020-2024,96.56889304284854,37.07811061967602,0.4435262316092583,0.44797656987918766,0.25149817548766334,0.664441276432902,2.995732273553991,2.9444389791664403,254.8297872340425
1900,1,2000-2004,97.46720832696808,37.07811061967602,NA,NA,NA,NA,0.6931471805599453,0.6931471805599453,NA
1900,2,2005-2009,97.46720832696808,37.07811061967602,NA,NA,NA,NA,0.6931471805599453,0.6931471805599453,NA
1900,4,2015-2019,97.46720832696808,37.07811061967602,0.19657473947189838,0.1591219439325523,0.024490613959554913,0.5652613256994845,1.6094379124341003,1.0986122886681098,542
1900,5,2020-2024,97.46720832696808,37.07811061967602,0.23662930527340106,0.23762233979266081,0.1750257371934004,0.3112035007673349,2.04717228111105,1.6094379124341003,97.5
1901,3,2010-2014,98.3655236110876,37.07811061967602,NA,NA,NA,NA,0.6931471805599453,0.6931471805599453,NA
1901,4,2015-2019,98.3655236110876,37.07811061967602,NA,NA,NA,NA,1.0986122886681098,1.0986122886681098,NA
1901,5,2020-2024,98.3655236110876,37.07811061967602,0.34372915658930026,0.345446856019045,0.2592773040937479,0.4380323554825062,2.5619819897016294,2.3269801750787615,100.6
1902,1,2000-2004,99.26383889520712,37.07811061967602,NA,NA,NA,NA,2.1972245773362196,1.791759469228055,NA
1902,2,2005-2009,99.26383889520712,37.07811061967602,NA,NA,NA,NA,1.791759469228055,1.3862943611198906,NA
1902,3,2010-2014,99.26383889520712,37.07811061967602,NA,NA,NA,NA,2.833213344056216,2.0794415416798357,NA
1902,4,2015-2019,99.26383889520712,37.07811061967602,0.642061637525734,0.6693409484576333,0.37499015955061404,0.8701887206213581,4.060443010546419,2.9444389791664403,346
1902,5,2020-2024,99.26383889520712,37.07811061967602,0.7351151766950903,0.7571773801072061,0.539083484542209,0.8969113058044413,4.442651256490317,3.8066624897703196,282.8955223880598
1903,1,2000-2004,100.16215417932663,37.07811061967602,0.4749999999999999,0,0,1,1.9356005054539454,1.666102255087602,12305760
1903,2,2005-2009,100.16215417932663,37.07811061967602,NA,NA,NA,NA,1.666102255087602,1.354025100551105,NA
1903,3,2010-2014,100.16215417932663,37.07811061967602,0.32066093912409865,0.31771056994779845,0.13689827985871678,0.5665834470225608,2.4849066497880004,1.9459101490553132,300
1903,4,2015-2019,100.16215417932663,37.07811061967602,0.45579148105722567,0.4356194409354427,0.014402013023595301,0.9718622155601546,3.091042453358316,2.772588722239781,1056
1903,5,2020-2024,100.16215417932663,37.07811061967602,0.572257838860833,0.7325046204387351,1.097994019059376e-4,0.9999757650773411,4.6443908991413725,3.9889840465642745,2656.1111111111118
1904,2,2005-2009,101.06046946344617,37.07811061967602,NA,NA,NA,NA,0.8958797346140275,0.8958797346140275,NA
1904,3,2010-2014,101.06046946344617,37.07811061967602,NA,NA,NA,NA,1.0986122886681098,0.6931471805599453,NA
1904,4,2015-2019,101.06046946344617,37.07811061967602,0.46273491859030663,0.17396820393811363,1.6248813945432682e-13,0.9999999999663495,2.5649493574615367,1.6094379124341003,7200
1904,5,2020-2024,101.06046946344617,37.07811061967602,0.44435581600372537,0.448625139483351,0.2507828640822095,0.6639992632692475,3.044522437723423,2.6390573296152584,255
1905,1,2000-2004,101.95878474756569,37.07811061967602,NA,NA,NA,NA,1.9459101490553132,1.791759469228055,NA
1905,2,2005-2009,101.95878474756569,37.07811061967602,NA,NA,NA,NA,1.0986122886681098,0.6931471805599453,NA
1905,3,2010-2014,101.95878474756569,37.07811061967602,0.22647049545503153,0.17903381164429694,0.02148841622236425,0.6626551726234996,1.791759469228055,1.0986122886681098,615
1905,4,2015-2019,101.95878474756569,37.07811061967602,0.4894133966071113,0.44907393217663993,6.862047925684529e-5,0.9998252250413717,3.4339872044851463,2.302585092994046,2452.5
1905,5,2020-2024,101.95878474756569,37.07811061967602,0.7797724010839311,0.8139318791178567,0.5339653491179407,0.9456997914411442,4.8283137373023015,3.9889840465642745,386.8494318181822
1906,1,2000-2004,102.8571000316852,37.07811061967602,NA,NA,NA,NA,1.0986122886681098,1.0986122886681098,NA
1906,2,2005-2009,102.8571000316852,37.07811061967602,NA,NA,NA,NA,0.6931471805599453,0.6931471805599453,NA
1906,3,2010-2014,102.8571000316852,37.07811061967602,NA,NA,NA,NA,2.0794415416798357,1.6094379124341003,NA
1906,4,2015-2019,102.8571000316852,37.07811061967602,0.3092857232613913,0.3034647731003237,0.09868451293772122,0.6121767268683218,2.3978952727983707,1.9459101490553132,375
1906,5,2020-2024,102.8571000316852,37.07811061967602,0.5487121524308121,0.5821282552269733,0.1473626686093876,0.9096950739970268,3.6109179126442243,3.1354942159291497,565.1829268292686
1907,2,2005-2009,103.75541531580473,37.07811061967602,NA,NA,NA,NA,0.6931471805599453,0.6931471805599453,NA
1907,5,2020-2024,103.75541531580473,37.07811061967602,0.08040630164076219,0.08033214644587716,0.06303523420246096,0.10004928093486849,0.6931471805599453,0.6931471805599453,60
1908,4,2015-2019,104.65373059992424,37.07811061967602,0.4727584922423256,9.971836279819274e-12,0,1,0.6931471805599453,0.6931471805599453,221760
1908,5,2020-2024,104.65373059992424,37.07811061967602,0.09718991986575029,0.09472332420772524,0.05507458305551701,0.15071111068480017,0.8958797346140275,0.8958797346140275,156
1909,3,2010-2014,105.55204588404376,37.07811061967602,NA,NA,NA,NA,0.6931471805599453,0.6931471805599453,NA
1909,4,2015-2019,105.55204588404376,37.07811061967602,NA,NA,NA,NA,0.6931471805599453,0.6931471805599453,NA
1909,5,2020-2024,105.55204588404376,37.07811061967602,0.18784969280362443,0.1877107126396224,0.12265289768324339,0.26952049325930605,1.732867951399863,1.3862943611198906,133.33333333333334
1910,3,2010-2014,106.45036116816327,37.07811061967602,NA,NA,NA,NA,0.6931471805599453,0.6931471805599453,NA
1910,4,2015-2019,106.45036116816327,37.07811061967602,NA,NA,NA,NA,0.6931471805599453,0.6931471805599453,NA
1910,5,2020-2024,106.45036116816327,37.07811061967602,0.09415640984301445,0.09442198191145616,0.07415802525004171,0.11652458452517918,0.8958797346140275,0.6931471805599453,60
1911,5,2020-2024,107.34867645228282,37.07811061967602,0.08079042949300633,0.08128456118473452,0.07102629626784802,0.09103178251730791,0.6931471805599453,0.6931471805599453,15
1912,5,2020-2024,108.24699173640234,37.07811061967602,0.32946430948947425,0.3291474609930096,0.27008890419186604,0.399660299130889,2.6390573296152584,1.2424533248940002,60.34615384615385
1913,5,2020-2024,109.14530702052186,37.07811061967602,0.11502405319813132,0.11546121225421203,0.09077990121159978,0.14220668693904218,1.0986122886681098,1.0986122886681098,60
1914,5,2020-2024,110.04362230464137,37.07811061967602,0.1898052925202516,0.19086668498335524,0.14156005791008386,0.24769632071187966,1.791759469228055,1.0986122886681098,90
1915,5,2020-2024,110.9419375887609,37.07811061967602,0.1169958407615834,0.11660197943860448,0.08458123133000807,0.1560078141262168,1.1512925464970227,0.8958797346140275,89.5
1916,2,2005-2009,111.84025287288041,37.07811061967602,NA,NA,NA,NA,0.6931471805599453,0.6931471805599453,NA
1916,3,2010-2014,111.84025287288041,37.07811061967602,0.0837148517133282,0.07854255202180517,0.03385822143864105,0.16342354257307154,0.6931471805599453,0.6931471805599453,240
1916,4,2015-2019,111.84025287288041,37.07811061967602,0.4304743637203513,0.0652558601926336,1.7405225708100517e-12,0.9999999974350399,1.2424533248940002,1.0397207708399179,6300
1916,5,2020-2024,111.84025287288041,37.07811061967602,0.3364065097904777,0.32868244490338516,0.08872527352714359,0.6884008551838003,2.5649493574615367,1.791759469228055,435.3263157894736
1917,3,2010-2014,112.73856815699993,37.07811061967602,NA,NA,NA,NA,0.6931471805599453,0.6931471805599453,NA
1917,4,2015-2019,112.73856815699993,37.07811061967602,NA,NA,NA,NA,1.732867951399863,1.0397207708399179,NA
1917,5,2020-2024,112.73856815699993,37.07811061967602,0.6037458065543995,0.6078598796478842,0.49710727605109856,0.7095200223739836,3.8501476017100584,2.1972245773362196,111.2697368421053
1918,4,2015-2019,113.63688344111945,37.07811061967602,NA,NA,NA,NA,1.354025100551105,1.2424533248940002,NA
1918,5,2020-2024,113.63688344111945,37.07811061967602,0.28778541960844334,0.28147512335233704,0.10140502827574718,0.5578315112617669,2.359249435647547,1.3862943611198906,340.074074074074
1919,5,2020-2024,114.53519872523898,37.07811061967602,0.11513834586496073,0.1141886622808299,0.07732723701673266,0.16119993600396032,1.0986122886681098,1.0986122886681098,112.18571428571428
1920,5,2020-2024,115.43351400935852,37.07811061967602,0.18224878218611476,0.18295098348044148,0.14082607441274775,0.23196931644228383,1.791759469228055,0.6931471805599453,75.125
1921,4,2015-2019,116.33182929347802,37.07811061967602,0.08066418086995945,0.0794241801112486,0.05134818944227062,0.11538702979271058,0.6931471805599453,0.6931471805599453,120
1921,5,2020-2024,116.33182929347802,37.07811061967602,0.3525101505632973,0.35299689231502784,0.2838449715421286,0.430871269058182,2.70805020110221,1.6094379124341003,71.08608058608058
1922,4,2015-2019,117.23014457759756,37.07811061967602,NA,NA,NA,NA,0.8958797346140275,0.8958797346140275,NA
1922,5,2020-2024,117.23014457759756,37.07811061967602,0.45150919518457117,0.46210434036603915,0.17157410985532465,0.7674258094285336,3.185805923615928,2.021525633917275,389.86842105263156
1923,4,2015-2019,118.12845986171706,37.07811061967602,NA,NA,NA,NA,2.302585092994046,1.3862943611198906,NA
1923,5,2020-2024,118.12845986171706,37.07811061967602,0.4472039306853636,0.4489277889436454,0.3621384057332771,0.5427961069386033,3.1780538303479458,1.6094379124341003,84.82177033492823
1924,2,2005-2009,118.96492958505569,37.00713116403455,NA,NA,NA,NA,0.6931471805599453,0.6931471805599453,NA
1924,3,2010-2014,118.96492958505569,37.00713116403455,NA,NA,NA,NA,0.6931471805599453,0.6931471805599453,NA
1924,4,2015-2019,118.96492958505569,37.00713116403455,0.11502405319813132,0.11546121225421203,0.09077990121159978,0.14220668693904218,1.0986122886681098,1.0986122886681098,60
1924,5,2020-2024,118.96492958505569,37.00713116403455,0.48742494952428206,0.49404137807550197,0.33445766478776273,0.6528357484525096,3.367295829986474,1.791759469228055,183.88888888888889
1925,3,2010-2014,119.98088085586191,37.02983669432528,NA,NA,NA,NA,2.3978952727983707,0.6931471805599453,NA
1925,4,2015-2019,119.98088085586191,37.02983669432528,0.10950990809802758,0.10822721829683984,0.07129730457609934,0.15606232877531814,1.0397207708399179,1.0397207708399179,120
1925,5,2020-2024,119.98088085586191,37.02983669432528,0.2366723290624415,0.23592206476542,0.15342594178415353,0.34018898123280095,2.0794415416798357,1.3862943611198906,144
1926,4,2015-2019,120.82340571407563,37.07811061967602,NA,NA,NA,NA,0.8958797346140275,0.6931471805599453,NA
1926,5,2020-2024,120.82340571407563,37.07811061967602,0.3639363267216843,0.36691571357051495,0.27461046957904767,0.4628125430757305,2.772588722239781,1.6094379124341003,107.95454545454547
1927,2,2005-2009,121.68864427738737,37.13320114804453,NA,NA,NA,NA,0.6931471805599453,0.6931471805599453,NA
1927,3,2010-2014,121.68864427738737,37.13320114804453,NA,NA,NA,NA,0.6931471805599453,0.6931471805599453,NA
1927,4,2015-2019,121.68864427738737,37.13320114804453,NA,NA,NA,NA,1.5890269151739727,1.0986122886681098,NA
1927,5,2020-2024,121.68864427738737,37.13320114804453,0.2549589403506872,0.25708668390086065,0.17950927642200523,0.34919947190009587,2.1972245773362196,1.3862943611198906,120
1928,2,2005-2009,122.34726400734631,37.13988999687413,NA,NA,NA,NA,1.0986122886681098,0.6931471805599453,NA
1928,3,2010-2014,122.34726400734631,37.13988999687413,NA,NA,NA,NA,0.6931471805599453,0.6931471805599453,NA
1928,4,2015-2019,122.34726400734631,37.13988999687413,0.22914394642862138,0.1299907943961257,0.003084675161990056,0.8497713225661075,1.3862943611198906,1.0986122886681098,1015.5
1928,5,2020-2024,122.34726400734631,37.13988999687413,0.34320491786059637,0.3431329758374273,0.16480998720049894,0.5685254992794262,2.6390573296152584,1.791759469228055,270
1950,4,2015-2019,77.7042720763386,36.358042728037645,NA,NA,NA,NA,1.0986122886681098,0.6931471805599453,NA
1950,5,2020-2024,77.7042720763386,36.358042728037645,0.08040630164076219,0.08033214644587716,0.06303523420246096,0.10004928093486849,0.6931471805599453,0.6931471805599453,60
1951,5,2020-2024,78.60258736045813,36.358042728037645,0.08040630164076219,0.08033214644587716,0.06303523420246096,0.10004928093486849,0.6931471805599453,0.6931471805599453,60
1952,4,2015-2019,79.50090264457765,36.358042728037645,NA,NA,NA,NA,1.0986122886681098,0.6931471805599453,NA
1952,5,2020-2024,79.50090264457765,36.358042728037645,0.08040630164076219,0.08033214644587716,0.06303523420246096,0.10004928093486849,0.6931471805599453,0.6931471805599453,60
1953,5,2020-2024,80.39921792869717,36.358042728037645,0.08068167510071461,0.07943639899986041,0.05108405634709247,0.11579548933105148,0.6931471805599453,0.6931471805599453,121.5
1954,5,2020-2024,81.29753321281669,36.358042728037645,0.12256648266598051,0.12342802742527229,0.09741461240973262,0.1517107186352078,1.2424533248940002,0.6931471805599453,60
1967,5,2020-2024,92.97563190637047,36.358042728037645,NA,NA,NA,NA,1.1512925464970227,1.0397207708399179,NA
1968,5,2020-2024,93.87394719048999,36.358042728037645,0.09633622630726521,0.09662361134360398,0.07613274635514146,0.11970905459950999,0.8958797346140275,0.8958797346140275,60
1969,3,2010-2014,94.7722624746095,36.358042728037645,NA,NA,NA,NA,1.3862943611198906,1.0986122886681098,NA
1969,4,2015-2019,94.7722624746095,36.358042728037645,NA,NA,NA,NA,1.4451858789480823,1.1512925464970227,NA
1969,5,2020-2024,94.7722624746095,36.358042728037645,0.42738376934101263,0.43191757754470483,0.30598035960624176,0.565858954076406,2.9444389791664403,2.6390573296152584,147.4516129032258
1970,1,2000-2004,95.67057775872902,36.358042728037645,NA,NA,NA,NA,0.6931471805599453,0.6931471805599453,NA
1970,4,2015-2019,95.67057775872902,36.358042728037645,NA,NA,NA,NA,1.3862943611198906,1.3862943611198906,NA
1970,5,2020-2024,95.67057775872902,36.358042728037645,0.11502405319813132,0.11546121225421203,0.09077990121159978,0.14220668693904218,1.0986122886681098,1.0986122886681098,60
1971,3,2010-2014,96.56889304284854,36.358042728037645,NA,NA,NA,NA,1.0986122886681098,1.0986122886681098,NA
1971,4,2015-2019,96.56889304284854,36.358042728037645,NA,NA,NA,NA,0.6931471805599453,0.6931471805599453,NA
1971,5,2020-2024,96.56889304284854,36.358042728037645,0.11879310881522011,0.11340688120251843,0.05010467735997746,0.22521358002174974,1.0986122886681098,1.0986122886681098,240
1972,1,2000-2004,97.46720832696808,36.358042728037645,NA,NA,NA,NA,0.6931471805599453,0.6931471805599453,NA
1972,2,2005-2009,97.46720832696808,36.358042728037645,NA,NA,NA,NA,0.6931471805599453,0.6931471805599453,NA
1972,3,2010-2014,97.46720832696808,36.358042728037645,NA,NA,NA,NA,0.6931471805599453,0.6931471805599453,NA
1972,4,2015-2019,97.46720832696808,36.358042728037645,NA,NA,NA,NA,1.6094379124341003,1.6094379124341003,NA
1972,5,2020-2024,97.46720832696808,36.358042728037645,0.17666872500212408,0.17035079266306308,0.07485250637288667,0.32971614534817256,1.6094379124341003,1.3862943611198906,255
1973,1,2000-2004,98.3655236110876,36.358042728037645,NA,NA,NA,NA,1.0986122886681098,1.0986122886681098,NA
1973,2,2005-2009,98.3655236110876,36.358042728037645,NA,NA,NA,NA,0.8958797346140275,0.8958797346140275,NA
1973,3,2010-2014,98.3655236110876,36.358042728037645,NA,NA,NA,NA,2.0794415416798357,1.3862943611198906,NA
1973,4,2015-2019,98.3655236110876,36.358042728037645,0.28079006635967524,0.27761371068118124,0.1392494409931859,0.4667050516590496,2.2975599250672953,1.7005986908310775,240
1973,5,2020-2024,98.3655236110876,36.358042728037645,0.4607233340659482,0.4720853030307749,0.12485017261122049,0.834758870589614,3.1354942159291497,2.772588722239781,497.375
1974,1,2000-2004,99.26383889520712,36.358042728037645,NA,NA,NA,NA,1.0397207708399179,0.8958797346140275,NA
1974,2,2005-2009,99.26383889520712,36.358042728037645,NA,NA,NA,NA,0.6931471805599453,0.6931471805599453,NA
1974,3,2010-2014,99.26383889520712,36.358042728037645,NA,NA,NA,NA,0.6931471805599453,0.6931471805599453,NA
1974,4,2015-2019,99.26383889520712,36.358042728037645,NA,NA,NA,NA,2.0794415416798357,1.6094379124341003,NA
1974,5,2020-2024,99.26383889520712,36.358042728037645,0.29241856413821404,0.29504152964504976,0.20321661207141448,0.4025293638295114,2.302585092994046,2.1972245773362196,133
1975,1,2000-2004,100.16215417932663,36.358042728037645,NA,NA,NA,NA,1.2424533248940002,1.1512925464970227,NA
1975,2,2005-2009,100.16215417932663,36.358042728037645,NA,NA,NA,NA,1.354025100551105,1.0986122886681098,NA
1975,3,2010-2014,100.16215417932663,36.358042728037645,NA,NA,NA,NA,1.0986122886681098,1.0986122886681098,NA
1975,4,2015-2019,100.16215417932663,36.358042728037645,NA,NA,NA,NA,2.70805020110221,2.0794415416798357,NA
1975,5,2020-2024,100.16215417932663,36.358042728037645,0.5209562079801793,0.5443130167566664,0.1707340643027522,0.8638998469166997,3.4339872044851463,3.044522437723423,480
1976,1,2000-2004,101.06046946344617,36.358042728037645,NA,NA,NA,NA,1.868834809141684,1.3195286648076292,NA
1976,2,2005-2009,101.06046946344617,36.358042728037645,NA,NA,NA,NA,0.6931471805599453,0.6931471805599453,NA
1976,3,2010-2014,101.06046946344617,36.358042728037645,NA,NA,NA,NA,1.9459101490553132,1.791759469228055,NA
1976,4,2015-2019,101.06046946344617,36.358042728037645,0.6062608893505539,0.6245524738362859,0.37081183238176757,0.8239890598540349,3.8918202981106265,2.5649493574615367,297
1976,5,2020-2024,101.06046946344617,36.358042728037645,0.7350665129106732,0.7564791996734924,0.5409683449415564,0.8961108789148641,4.418840607796598,3.9512437185814275,280
1977,1,2000-2004,101.95878474756569,36.358042728037645,NA,NA,NA,NA,1.3862943611198906,1.3862943611198906,NA
1977,2,2005-2009,101.95878474756569,36.358042728037645,NA,NA,NA,NA,1.3862943611198906,0.6931471805599453,NA
1977,3,2010-2014,101.95878474756569,36.358042728037645,NA,NA,NA,NA,2.8903717578961645,1.9459101490553132,NA
1977,4,2015-2019,101.95878474756569,36.358042728037645,0.6144390528366714,0.7130837996327579,0.03722520679064524,0.9925102650504362,4.48863636973214,2.4849066497880004,1107.5
1977,5,2020-2024,101.95878474756569,36.358042728037645,0.768526574760359,0.7904570512734892,0.6092382241290183,0.899026896440883,4.634728988229636,3.7612001156935624,239.48745519713245
1978,2,2005-2009,102.8571000316852,36.358042728037645,NA,NA,NA,NA,0.6931471805599453,0.6931471805599453,NA
1978,3,2010-2014,102.8571000316852,36.358042728037645,NA,NA,NA,NA,0.6931471805599453,0.6931471805599453,NA
1978,4,2015-2019,102.8571000316852,36.358042728037645,NA,NA,NA,NA,1.0397207708399179,0.6931471805599453,NA
1978,5,2020-2024,102.8571000316852,36.358042728037645,0.15270976123169758,0.14903537766836444,0.07949753191948192,0.2518520439137426,1.4451858789480825,1.2424533248940002,192.08333333333331
1979,1,2000-2004,103.75541531580473,36.358042728037645,NA,NA,NA,NA,0.6931471805599453,0.6931471805599453,NA
1979,2,2005-2009,103.75541531580473,36.358042728037645,NA,NA,NA,NA,0.8958797346140275,0.6931471805599453,NA
1979,3,2010-2014,103.75541531580473,36.358042728037645,0.11570667611770925,0.11598512126197191,0.10262875367002236,0.13046826376853488,1.0986122886681098,1.0986122886681098,10
1979,4,2015-2019,103.75541531580473,36.358042728037645,0.22501817778812308,0.21967962431803187,0.10141885842352145,0.40045964849760646,1.9459101490553132,1.6094379124341003,252.14285714285714
1979,5,2020-2024,103.75541531580473,36.358042728037645,0.6019737352067781,0.6364733691804144,0.2693006814292038,0.8852559898100943,3.8918202981106265,2.8903717578961645,429.0470588235295
1980,5,2020-2024,104.65373059992424,36.358042728037645,0.129128182492246,0.1239017279351522,0.05476140844755711,0.24288996429314838,1.2424533248940002,0.8958797346140275,240
1981,5,2020-2024,105.55204588404376,36.35804272803766,0.31154775043184973,0.16661967529664928,7.458650997123166e-4,0.9745360584324836,1.732867951399863,1.545521226679158,1460.8
1982,4,2015-2019,106.45036116816328,36.35804272803764,NA,NA,NA,NA,1.6094379124341003,1.0986122886681098,NA
1982,5,2020-2024,106.45036116816328,36.35804272803764,0.08040630164076219,0.08033214644587716,0.06303523420246096,0.10004928093486849,0.6931471805599453,0.6931471805599453,60
1983,5,2020-2024,107.34867645228282,36.35804272803764,0.10512304098620938,0.10541372417912495,0.08084361797811677,0.1329169919102467,1.0397207708399179,0.6931471805599453,68.33333333333333
1984,3,2010-2014,108.24699173640234,36.358042728037645,NA,NA,NA,NA,0.6931471805599453,0.6931471805599453,NA
1984,5,2020-2024,108.24699173640234,36.358042728037645,0.24646796009354538,0.24716435579496412,0.17105615037168181,0.337064956270939,2.2154083994216567,0.8958797346140275,120.4423076923077
1985,3,2010-2014,109.14530702052186,36.358042728037645,0.0899795465113003,0.07810263396075559,0.02169763008700062,0.22937314966171918,0.6931471805599453,0.6931471805599453,360
1985,5,2020-2024,109.14530702052186,36.358042728037645,0.4655185243719844,0.467494305204317,0.37862989282925263,0.5634207268861067,3.2783891780790215,1.5222612188617115,86.22222222222221
1986,4,2015-2019,110.04362230464136,36.35804272803764,0.08040630164076219,0.08033214644587716,0.06303523420246096,0.10004928093486849,0.6931471805599453,0.6931471805599453,60
1986,5,2020-2024,110.04362230464136,36.35804272803764,0.1479870857861579,0.14649650219433058,0.09459331723958755,0.21427074264617216,1.4451858789480825,1.0397207708399179,131.25
1987,3,2010-2014,110.94193758876088,36.35804272803764,NA,NA,NA,NA,0.6931471805599453,0.6931471805599453,NA
1987,5,2020-2024,110.94193758876088,36.35804272803764,0.12088889365793058,0.11854465203409,0.07368476509972356,0.1796298753962456,1.1512925464970227,1.1512925464970227,141.25
1988,4,2015-2019,111.84025287288041,36.358042728037645,0.3967619329243954,0.2527825970217063,2.4257546519955062e-4,0.9967582288217968,2.4414009612931853,1.3862943611198906,1890
1988,5,2020-2024,111.84025287288041,36.358042728037645,0.28642741826744283,0.26631739316921255,0.052908770354678905,0.6725923787830261,2.1972245773362196,1.9459101490553132,499.13259668508283
1989,4,2015-2019,112.73856815699993,36.358042728037645,0.49731962584981876,0.42591786716032864,1.626571667166791e-10,0.9999999984800384,3.7612001156935624,2.302585092994046,5758.5
1989,5,2020-2024,112.73856815699993,36.358042728037645,0.3374612014673862,0.19305748189474806,6.703088955911709e-4,0.9836914979225855,1.9459101490553132,1.6094379124341003,1536
1990,3,2010-2014,113.63688344111941,36.35804272803762,0.08066418086995945,0.0794241801112486,0.05134818944227062,0.11538702979271058,0.6931471805599453,0.6931471805599453,120
1990,4,2015-2019,113.63688344111941,36.35804272803762,0.2324300928620716,0.06702800322816707,1.2569672395111687e-4,0.9634205042130954,0.6931471805599453,0.6931471805599453,1650
1990,5,2020-2024,113.63688344111941,36.35804272803762,0.1928514703286382,0.19340485041554167,0.14135650962546242,0.25784098523731724,1.7776740307447068,1.354025100551105,97.5
1991,3,2010-2014,114.53519872523897,36.35804272803766,NA,NA,NA,NA,1.6094379124341003,1.0986122886681098,NA
1991,4,2015-2019,114.53519872523897,36.35804272803766,0.1363636481765877,0.1350242421958268,0.09401143104764363,0.18782405327698543,1.3862943611198906,0.6931471805599453,105
1991,5,2020-2024,114.53519872523897,36.35804272803766,0.2646371781497495,0.26477217408022075,0.1740003409465035,0.37742484502742535,2.1972245773362196,1.791759469228055,147
1992,4,2015-2019,115.4335140093584,36.35804272803764,0.11502405319813132,0.11546121225421203,0.09077990121159978,0.14220668693904218,1.0986122886681098,1.0986122886681098,60
1992,5,2020-2024,115.4335140093584,36.35804272803764,0.1691322964550872,0.16939419029155428,0.12328165607572639,0.22667527328830592,1.5890269151739727,1.354025100551105,96.25
1993,3,2010-2014,116.33182929347797,36.35804272803764,NA,NA,NA,NA,0.6931471805599453,0.6931471805599453,NA
1993,4,2015-2019,116.33182929347797,36.35804272803764,0.34778952741207586,0.09116181390299327,2.518087178969872e-6,0.9994853868865432,1.2424533248940002,0.8958797346140275,2752.5
1993,5,2020-2024,116.33182929347797,36.35804272803764,0.19237228819162003,0.18856848058425066,0.09384482304682602,0.32813379395156717,1.791759469228055,1.0986122886681098,218.4
1994,1,2000-2004,117.23014457759756,36.358042728037645,NA,NA,NA,NA,0.6931471805599453,0.6931471805599453,NA
1994,2,2005-2009,117.23014457759756,36.358042728037645,NA,NA,NA,NA,0.6931471805599453,0.6931471805599453,NA
1994,3,2010-2014,117.23014457759756,36.358042728037645,0.144523608986168,0.1371570662662548,0.05566738533898907,0.286770360245043,1.354025100551105,1.0986122886681098,270
1994,4,2015-2019,117.23014457759756,36.358042728037645,0.4749920584834725,1.8036274266312524e-21,0,1,2.302585092994046,2.1972245773362196,460784.75
1994,5,2020-2024,117.23014457759756,36.358042728037645,0.5001028104025681,0.5112751000446769,0.010986059255724028,0.9877445783966508,3.4965075614664802,2.5649493574615367,1205.5555555555557
1995,4,2015-2019,118.12845986171706,36.358042728037645,NA,NA,NA,NA,0.6931471805599453,0.6931471805599453,NA
1995,5,2020-2024,118.12845986171706,36.358042728037645,0.1739401231012377,0.16958625723028087,0.09181160036955455,0.2838819782790748,1.6094379124341003,1.3862943611198906,193.5
1996,4,2015-2019,119.0267751458366,36.358042728037645,0.1394988007796565,0.13830364925220973,0.0919559855593275,0.19794883889358705,1.3862943611198906,0.8958797346140275,120
1996,5,2020-2024,119.0267751458366,36.358042728037645,0.3506335080934272,0.35296282107256627,0.23890671935679306,0.48459058501935076,2.70805020110221,1.6094379124341003,150.78095238095239
1997,2,2005-2009,119.90429364743613,36.37582446958123,NA,NA,NA,NA,1.6094379124341003,1.3862943611198906,NA
1997,3,2010-2014,119.90429364743613,36.37582446958123,NA,NA,NA,NA,1.2424533248940002,0.6931471805599453,NA
1997,4,2015-2019,119.90429364743613,36.37582446958123,0.44880682837259145,0.4560234226312714,0.22368841756817942,0.7022343330078091,3.1457845697791598,2.1383330595080277,300
1997,5,2020-2024,119.90429364743613,36.37582446958123,0.6852731686864952,0.7853032180654385,0.12991590312273044,0.987047666126207,4.709530201312334,3.6109179126442243,856.6526576019751
1998,2,2005-2009,120.63521252907444,36.46514627078322,NA,NA,NA,NA,1.0986122886681098,0.6931471805599453,NA
1998,3,2010-2014,120.63521252907444,36.46514627078322,NA,NA,NA,NA,1.6094379124341003,1.0986122886681098,NA
1998,4,2015-2019,120.63521252907444,36.46514627078322,NA,NA,NA,NA,2.833213344056216,1.9459101490553132,NA
1998,5,2020-2024,120.63521252907444,36.46514627078322,0.8182238074801517,0.8237682469343595,0.7325570710698863,0.8899035759402864,4.941642422609304,3.6109179126442243,131.0625
1999,4,2015-2019,121.34612702092814,36.7061764915174,NA,NA,NA,NA,0.6931471805599453,0.6931471805599453,NA
2024,4,2015-2019,79.50090264457765,35.63125108320182,NA,NA,NA,NA,0.6931471805599453,0.6931471805599453,NA
2025,5,2020-2024,80.39921792869718,35.631251083201825,0.09424662331335189,0.07751291113892697,0.01713465617691438,0.26868717059556735,0.6931471805599453,0.6931471805599453,420
2027,4,2015-2019,82.19584849693621,35.63125108320182,NA,NA,NA,NA,0.6931471805599453,0.6931471805599453,NA
2028,1,2000-2004,83.09416378105573,35.63125108320182,NA,NA,NA,NA,0.6931471805599453,0.6931471805599453,NA
2039,3,2010-2014,92.97563190637047,35.63125108320182,NA,NA,NA,NA,1.3862943611198906,0.6931471805599453,NA
2039,4,2015-2019,92.97563190637047,35.63125108320182,0.40089049564324325,0.07029680628910079,2.498017620610123e-9,0.9999983588471577,1.0986122886681098,1.0986122886681098,4455
2039,5,2020-2024,92.97563190637047,35.63125108320182,0.2596408333171738,0.2522840652922261,0.08957033463928059,0.5165513473762947,2.0794415416798357,2.0794415416798357,337
2040,1,2000-2004,93.87394719048999,35.63125108320182,NA,NA,NA,NA,0.6931471805599453,0.6931471805599453,NA
2040,3,2010-2014,93.87394719048999,35.63125108320182,NA,NA,NA,NA,1.3195286648076292,1.1512925464970227,NA
2040,4,2015-2019,93.87394719048999,35.63125108320182,NA,NA,NA,NA,0.6931471805599453,0.6931471805599453,NA
2040,5,2020-2024,93.87394719048999,35.63125108320182,0.4076562306717292,0.4058715570606991,0.083162965236918407,0.819140668173029,2.833213344056216,2.70805020110221,542.4
2041,4,2015-2019,94.7722624746095,35.63125108320182,NA,NA,NA,NA,1.0986122886681098,1.0986122886681098,NA
2041,5,2020-2024,94.7722624746095,35.63125108320182,0.22552342212556942,0.22614899161831437,0.17166143247449855,0.28659351508966624,1.9459101490553132,1.791759469228055,81.27450980392157
2044,3,2010-2014,97.46720832696808,35.63125108320182,NA,NA,NA,NA,0.6931471805599453,0.6931471805599453,NA
2044,4,2015-2019,97.46720832696808,35.63125108320182,NA,NA,NA,NA,1.0986122886681098,1.0986122886681098,NA
2044,5,2020-2024,97.46720832696808,35.63125108320182,0.2135177783421709,0.20901779625501332,0.11203184117028302,0.3467314121111438,1.9459101490553132,1.1512925464970227,202.66666666666669
2045,3,2010-2014,98.3655236110876,35.63125108320182,NA,NA,NA,NA,0.6931471805599453,0.6931471805599453,NA
2045,4,2015-2019,98.3655236110876,35.63125108320182,0.4466030870431272,0.03435182364338835,1.1032773192371043e-21,1,1.0986122886681098,1.0986122886681098,11561.5
2045,5,2020-2024,98.3655236110876,35.63125108320182,0.3780516934353001,0.32444087620741324,0.015653473921813127,0.9266033045538636,2.6390573296152584,1.9459101490553132,908.5
2046,1,2000-2004,99.26383889520712,35.63125108320182,NA,NA,NA,NA,1.1512925464970227,1.0397207708399179,NA
2046,2,2005-2009,99.26383889520712,35.63125108320182,NA,NA,NA,NA,1.354025100551105,1.0397207708399179,NA
2046,3,2010-2014,99.26383889520712,35.63125108320182,NA,NA,NA,NA,1.9459101490553132,1.6094379124341003,NA
2046,4,2015-2019,99.26383889520712,35.63125108320182,0.3568275283469227,0.35559692585524405,0.17599884566464014,0.5829684846507783,2.6390573296152584,2.302585092994046,269
2046,5,2020-2024,99.26383889520712,35.63125108320182,0.5149440087791429,0.5225656476866286,0.328256243054238,0.7185599093263284,3.295836866004329,3.295836866004329,236
2047,1,2000-2004,100.16215417932663,35.63125108320182,NA,NA,NA,NA,1.0986122886681098,1.0986122886681098,NA
2047,2,2005-2009,100.16215417932663,35.63125108320182,NA,NA,NA,NA,0.6931471805599453,0.6931471805599453,NA
2047,3,2010-2014,100.16215417932663,35.63125108320182,NA,NA,NA,NA,1.791759469228055,1.2424533248940002,NA
2047,4,2015-2019,100.16215417932663,35.63125108320182,0.08103120063878097,0.08082434438459271,0.07311136747684517,0.09126305161572455,0.6931471805599453,0.6931471805599453,0
2047,5,2020-2024,100.16215417932663,35.63125108320182,0.3145643630219031,0.31705812208762896,0.21951325721072792,0.42985872343528386,2.3978952727983707,2.3978952727983707,134.35714285714286
2048,5,2020-2024,101.06046946344617,35.63125108320182,0.1930127480589895,0.1487196414295231,0.018939466000341496,0.589961772063691,1.5222612188617115,1.1512925464970227,590.3333333333334
2049,2,2005-2009,101.95878474756569,35.6312510832018,NA,NA,NA,NA,1.0986122886681098,0.6931471805599453,NA
2049,4,2015-2019,101.95878474756569,35.6312510832018,0.12354119566900634,0.12293720263322803,0.11088813770680964,0.13908460457476154,1.2424533248940002,0.6931471805599453,0
2049,5,2020-2024,101.95878474756569,35.6312510832018,0.23018414965397274,0.23107326444826987,0.17008099819277953,0.3011730914030338,2.0794415416798357,1.0986122886681098,98.33333333333334
2050,1,2000-2004,102.8571000316852,35.63125108320182,NA,NA,NA,NA,1.0986122886681098,0.6931471805599453,NA
2050,2,2005-2009,102.8571000316852,35.63125108320182,NA,NA,NA,NA,0.6931471805599453,0.6931471805599453,NA
2050,4,2015-2019,102.8571000316852,35.63125108320182,0.2735632565024133,0.26106187029599465,0.08190406841739278,0.5664338141216023,2.3269801750787615,0.8958797346140275,375
2050,5,2020-2024,102.8571000316852,35.63125108320182,0.3182517745324149,0.3163731877968884,0.19674514726575873,0.4652448166846457,2.4849066497880004,1.9459101490553132,180
2051,1,2000-2004,103.75541531580473,35.63125108320182,NA,NA,NA,NA,0.8958797346140275,0.6931471805599453,NA
2051,2,2005-2009,103.75541531580473,35.63125108320182,0.16103641330186255,0.14460540604002475,0.03804343103133199,0.3948033127020185,1.3862943611198906,1.3862943611198906,390
2051,3,2010-2014,103.75541531580473,35.63125108320182,0.19984671144033095,0.1917638261485946,0.07379859397340972,0.39856146648947466,1.732867951399863,1.666102255087602,300
2051,4,2015-2019,103.75541531580473,35.63125108320182,0.3120499900281517,0.28868496025305634,0.0482076453193474,0.7382893657153201,2.302585092994046,2.1972245773362196,555
2051,5,2020-2024,103.75541531580473,35.63125108320182,0.691103619420552,0.7594584808133431,0.23520392765222067,0.9669811619076459,4.6443908991413725,2.70805020110221,631.5235602094236
2052,3,2010-2014,104.65373059992424,35.63125108320182,NA,NA,NA,NA,0.6931471805599453,0.6931471805599453,NA
2052,5,2020-2024,104.65373059992424,35.63125108320182,0.4412054286517301,0.4429009000557964,0.3558402076357866,0.5347232284769732,3.1112881340356844,1.868834809141684,84.29577464788733
2053,4,2015-2019,105.55204588404376,35.63125108320182,NA,NA,NA,NA,0.6931471805599453,0.6931471805599453,NA
2053,5,2020-2024,105.55204588404376,35.63125108320182,0.11502405319813132,0.11546121225421203,0.09077990121159978,0.14220668693904218,1.0986122886681098,1.0986122886681098,60
2054,4,2015-2019,106.45036116816328,35.63125108320182,0.21429502204558523,0.14455883725069124,0.008813477445010149,0.7346155919839688,1.545521226679158,0.8958797346140275,780
2054,5,2020-2024,106.45036116816328,35.63125108320182,0.46503408752655473,0.470616484564796,0.31606143654539687,0.6292824631550421,3.258096538021482,1.791759469228055,181.66666666666669
2055,4,2015-2019,107.34867645228282,35.63125108320182,0.08042683747420176,0.07943085365268995,0.056910003744378795,0.10747818347836958,0.6931471805599453,0.6931471805599453,90
2055,5,2020-2024,107.34867645228282,35.63125108320182,0.37076017418441454,0.37596855723919087,0.264458790365657,0.4877486411135986,2.9444389791664403,0.6931471805599453,132.04761904761904
2056,4,2015-2019,108.24699173640234,35.63125108320182,0.38732440139293156,0.26921937846250876,8.389427527779355e-4,0.9911715032346536,2.585241997519076,0.6931471805599453,1587.9515151515152
2056,5,2020-2024,108.24699173640234,35.63125108320182,0.6164654499771488,0.6264399000408916,0.49158199391371243,0.7382306166210317,4.143134726391533,0.6931471805599453,135.14184397163118
2057,5,2020-2024,109.14530702052186,35.63125108320182,0.1866950141821301,0.10104089936871337,0.0031207382771555278,0.7610259717120686,1.0986122886681098,0.6931471805599453,936.25
2058,3,2010-2014,110.04362230464137,35.6312510832018,0.09709360151183014,0.09689910919141523,0.08723626179094628,0.1091573727145617,0.8958797346140275,0.8958797346140275,0
2058,4,2015-2019,110.04362230464137,35.6312510832018,0.1476084199798074,0.11993948232323778,0.02223633764326259,0.42686143758009815,1.2424533248940002,0.8958797346140275,480
2058,5,2020-2024,110.04362230464137,35.6312510832018,0.08040630164076219,0.08033214644587716,0.06303523420246096,0.10004928093486849,0.6931471805599453,0.6931471805599453,60
2059,5,2020-2024,110.9419375887609,35.63125108320182,0.3110861623059959,0.31133440973515514,0.20487102333760332,0.4398163709686903,2.5184763012068148,1.4451858789480823,153.5528846153846
2060,3,2010-2014,111.84025287288041,35.63125108320182,0.23519190453803673,0.06675031617026968,1.1145848387126841e-4,0.9668858058779319,0.6931471805599453,0.6931471805599453,1680
2060,4,2015-2019,111.84025287288041,35.63125108320182,NA,NA,NA,NA,0.6931471805599453,0.6931471805599453,NA
2060,5,2020-2024,111.84025287288041,35.63125108320182,0.26156005669353405,0.24887636693927934,0.06816121234507636,0.5727933749066083,2.0794415416798357,1.9459101490553132,406.34349593495926
2061,4,2015-2019,112.73856815699993,35.63125108320182,NA,NA,NA,NA,1.4978661367769954,0.6931471805599453,NA
2061,5,2020-2024,112.73856815699993,35.63125108320182,0.391397866906999,0.39382972915225034,0.2924351366324888,0.5002849003280616,2.9661225937240054,1.2424533248940002,116.44798657718121
2062,2,2005-2009,113.63688344111945,35.63125108320182,0.0837148517133282,0.07854255202180517,0.03385822143864105,0.16342354257307154,0.6931471805599453,0.6931471805599453,240
2062,3,2010-2014,113.63688344111945,35.63125108320182,NA,NA,NA,NA,0.6931471805599453,0.6931471805599453,NA
2062,4,2015-2019,113.63688344111945,35.63125108320182,NA,NA,NA,NA,1.3862943611198906,1.3862943611198906,NA
2062,5,2020-2024,113.63688344111945,35.63125108320182,0.16103641330186255,0.14460540604002475,0.03804343103133199,0.3948033127020185,1.3862943611198906,1.3862943611198906,390
2063,4,2015-2019,114.53519872523898,35.63125108320182,NA,NA,NA,NA,1.0986122886681098,0.6931471805599453,NA
2063,5,2020-2024,114.53519872523898,35.63125108320182,0.5888894490545822,0.5942614072928177,0.48339019029715,0.6984692987919495,3.9358463321618227,1.0986122886681098,106.70802919708026
2064,4,2015-2019,115.43351400935869,35.631251083201825,NA,NA,NA,NA,0.8958797346140275,0.8958797346140275,NA
2064,5,2020-2024,115.43351400935869,35.631251083201825,0.13779988418707187,0.12576188971862545,0.0399188603195938,0.31572677399121385,1.2424533248940002,1.0986122886681098,336.5
2065,3,2010-2014,116.33182929347805,35.631251083201825,NA,NA,NA,NA,0.8958797346140275,0.8958797346140275,NA
2065,4,2015-2019,116.33182929347805,35.631251083201825,NA,NA,NA,NA,1.0986122886681098,0.6931471805599453,NA
2065,5,2020-2024,116.33182929347805,35.631251083201825,0.16786149218025825,0.16437843354593923,0.09982434817582775,0.2534412806732153,1.6094379124341003,1.0986122886681098,156.20833333333331
2066,1,2000-2004,117.23014457759756,35.63125108320182,NA,NA,NA,NA,0.6931471805599453,0.6931471805599453,NA
2066,2,2005-2009,117.23014457759756,35.63125108320182,NA,NA,NA,NA,0.6931471805599453,0.6931471805599453,NA
2066,3,2010-2014,117.23014457759756,35.63125108320182,NA,NA,NA,NA,0.6931471805599453,0.6931471805599453,NA
2066,4,2015-2019,117.23014457759756,35.63125108320182,0.17140676722153217,0.16832437272993067,0.10363431393737461,0.2569934268242028,1.5890269151739727,1.4451858789480823,154
2066,5,2020-2024,117.23014457759756,35.63125108320182,0.30743661334922423,0.30472274489581674,0.15668911502543878,0.5002388753681684,2.433767225227791,1.844439727056968,240
2067,5,2020-2024,118.12845986171706,35.63125108320182,0.28848389109163924,0.29046616809806874,0.20856040263645315,0.3843502293839052,2.3978952727983707,1.3862943611198906,115.28571428571429
2068,3,2010-2014,119.0259319901902,35.631947679542264,NA,NA,NA,NA,0.8958797346140275,0.6931471805599453,NA
2068,4,2015-2019,119.0259319901902,35.631947679542264,NA,NA,NA,NA,0.6931471805599453,0.6931471805599453,NA
2068,5,2020-2024,119.0259319901902,35.631947679542264,0.6317428770177121,0.6519159267631857,0.3949682196779502,0.8426201674148703,4.04305126783455,2.4849066497880004,301.40555555555557
2069,3,2010-2014,119.73521038494334,35.77315917428712,NA,NA,NA,NA,0.6931471805599453,0.6931471805599453,NA
2069,4,2015-2019,119.73521038494334,35.77315917428712,0.44909426604617625,0.028682000339140205,9.675461646246762e-25,1,1.0986122886681098,1.0986122886681098,13320
2069,5,2020-2024,119.73521038494334,35.77315917428712,0.7630245041964421,0.7920664420851597,0.5350335511511507,0.9303230968642386,4.709530201312334,3.6888794541139363,349.8181818181818
2100,3,2010-2014,83.09416378105573,34.89779093037981,NA,NA,NA,NA,0.6931471805599453,0.6931471805599453,NA
2111,3,2010-2014,92.97563190637047,34.89779093037981,NA,NA,NA,NA,0.6931471805599453,0.6931471805599453,NA
2111,5,2020-2024,92.97563190637047,34.89779093037981,0.4446458207524715,0.01999397972479411,1.693280635996688e-24,1,0.6931471805599453,0.6931471805599453,13078
2112,3,2010-2014,93.87394719048999,34.89779093037981,NA,NA,NA,NA,1.2424533248940002,1.0397207708399179,NA
2112,4,2015-2019,93.87394719048999,34.89779093037981,NA,NA,NA,NA,1.9459101490553132,1.9459101490553132,NA
2112,5,2020-2024,93.87394719048999,34.89779093037981,0.2739567136783835,0.2707090723726346,0.14983769272194472,0.432945060726393,2.1972245773362196,2.1383330595080277,210.38461538461542
2113,4,2015-2019,94.7722624746095,34.89779093037981,NA,NA,NA,NA,1.629048269010741,1.3195286648076292,NA
2113,5,2020-2024,94.7722624746095,34.89779093037981,0.14766146062454982,0.14282391345874373,0.06832236961569971,0.26310054546792394,1.3862943611198906,1.2424533248940002,223.25
2114,4,2015-2019,95.67057775872902,34.89779093037981,NA,NA,NA,NA,1.0986122886681098,1.0986122886681098,NA
2116,2,2005-2009,97.46720832696808,34.89779093037981,NA,NA,NA,NA,0.6931471805599453,0.6931471805599453,NA
2116,4,2015-2019,97.46720832696808,34.89779093037981,0.08103120063878097,0.08082434438459271,0.07311136747684517,0.09126305161572455,0.6931471805599453,0.6931471805599453,0
2116,5,2020-2024,97.46720832696808,34.89779093037981,0.14328603772394616,0.0739327914439843,0.0028933552621999256,0.638164824282321,0.6931471805599453,0.6931471805599453,867
2117,1,2000-2004,98.3655236110876,34.89779093037981,NA,NA,NA,NA,1.9459101490553132,1.6094379124341003,NA
2117,2,2005-2009,98.3655236110876,34.89779093037981,NA,NA,NA,NA,0.6931471805599453,0.6931471805599453,NA
2117,3,2010-2014,98.3655236110876,34.89779093037981,NA,NA,NA,NA,1.3862943611198906,1.3862943611198906,NA
2117,4,2015-2019,98.3655236110876,34.89779093037981,0.16723745021363942,0.16633435114028527,0.11315316790067508,0.23436874573410316,1.6094379124341003,1.0986122886681098,117.5
2117,5,2020-2024,98.3655236110876,34.89779093037981,0.38315557986705345,0.37648645826221605,0.07667885602154054,0.7941855661472277,2.70805020110221,2.5649493574615367,532.3333333333334
2118,1,2000-2004,99.26383889520712,34.89779093037981,NA,NA,NA,NA,0.6931471805599453,0.6931471805599453,NA
2118,2,2005-2009,99.26383889520712,34.89779093037981,NA,NA,NA,NA,1.6094379124341003,1.3862943611198906,NA
2118,3,2010-2014,99.26383889520712,34.89779093037981,NA,NA,NA,NA,0.6931471805599453,0.6931471805599453,NA
2118,4,2015-2019,99.26383889520712,34.89779093037981,NA,NA,NA,NA,0.6931471805599453,0.6931471805599453,NA
2118,5,2020-2024,99.26383889520712,34.89779093037981,0.20345751191610575,0.2040598029389895,0.15366947931111397,0.26198294282950996,1.791759469228055,1.791759469228055,82.25
2119,5,2020-2024,100.16215417932663,34.89779093037981,NA,NA,NA,NA,0.6931471805599453,0.6931471805599453,NA
2120,5,2020-2024,101.06046946344617,34.89779093037981,0.14778530769257933,0.1393380470404174,0.054027662549982404,0.3012183878204439,1.3862943611198906,1.0397207708399179,284
2121,4,2015-2019,101.95878474756569,34.89779093037981,NA,NA,NA,NA,1.3862943611198906,0.6931471805599453,NA
2121,5,2020-2024,101.95878474756569,34.89779093037981,0.11499009290874095,0.11439571749634546,0.08312382587549777,0.15353570685209172,1.0986122886681098,1.0986122886681098,90.5
2122,1,2000-2004,102.8571000316852,34.89779093037981,NA,NA,NA,NA,1.2424533248940002,0.6931471805599453,NA
2122,2,2005-2009,102.8571000316852,34.89779093037981,NA,NA,NA,NA,1.2424533248940002,0.8958797346140275,NA
2122,3,2010-2014,102.8571000316852,34.89779093037981,NA,NA,NA,NA,0.6931471805599453,0.6931471805599453,NA
2122,4,2015-2019,102.8571000316852,34.89779093037981,0.31692068569477355,0.30917211807873896,0.09243997983720915,0.6409495739119924,2.4849066497880004,1.6094379124341003,400.5
2122,5,2020-2024,102.8571000316852,34.89779093037981,0.38280516750445726,0.3394962808168366,0.022463833109084886,0.91072652799868,2.6390573296152584,2.3978952727983707,832.0375000000007
2123,2,2005-2009,103.75541531580473,34.89779093037981,0.4249926877467725,0.07604621763635597,4.7244423444875366e-11,0.9999999625385808,1.3195286648076292,1.1512925464970227,5496
2123,3,2010-2014,103.75541531580473,34.89779093037981,0.4085846278679205,0.279478653226004,3.0938945414749297e-4,0.9969040674879733,2.5649493574615367,1.6094379124341003,1863.75
2123,4,2015-2019,103.75541531580473,34.89779093037981,0.37178747889771174,0.25463627944846495,0.0012372110126445404,0.9855793145086997,2.302585092994046,1.9459101490553132,1472
2123,5,2020-2024,103.75541531580473,34.89779093037981,0.5290467708329728,0.5607309498389962,0.04263700098171121,0.9696002100917993,3.6635616461296463,2.6390573296152584,898
2124,5,2020-2024,104.65373059992424,34.89779093037981,0.08111482229027246,0.07925539380513252,0.04630400114441703,0.12468323174854998,0.6931471805599453,0.6931471805599453,150
2125,2,2005-2009,105.55204588404376,34.89779093037981,NA,NA,NA,NA,0.6931471805599453,0.6931471805599453,NA
2125,5,2020-2024,105.55204588404376,34.89779093037981,0.28949941139540347,0.2924552412983006,0.20672604190984573,0.39074623645399376,2.302585092994046,2.0794415416798357,120
2126,4,2015-2019,106.45036116816328,34.89779093037983,0.4749926917468613,7.382385955048335e-25,0,1,1.0986122886681098,1.0986122886681098,527040
2126,5,2020-2024,106.45036116816328,34.89779093037983,0.20005621613601823,0.20066333528693742,0.1588033078627594,0.24506247349830493,1.791759469228055,1.6094379124341003,60
2127,5,2020-2024,107.34867645228282,34.89779093037981,0.11503756670310597,0.1141219512839841,0.08053727357754706,0.15685955576197633,1.0986122886681098,1.0986122886681098,100
2128,2,2005-2009,108.24699173640235,34.89779093037981,NA,NA,NA,NA,1.0986122886681098,1.0986122886681098,NA
2128,4,2015-2019,108.24699173640235,34.89779093037981,0.08060638205768508,0.08089156585168308,0.06852773360214819,0.09312978066290027,0.6931471805599453,0.6931471805599453,30
2128,5,2020-2024,108.24699173640235,34.89779093037981,0.08054999889066575,0.07933432966760447,0.05337080554382715,0.11236344049342424,0.6931471805599453,0.6931471805599453,108.75
2129,3,2010-2014,109.14530702052186,34.89779093037981,0.1423411269242428,0.14229231072785314,0.10421126966719312,0.18932777841823217,1.3862943611198906,1.0986122886681098,90
2129,4,2015-2019,109.14530702052186,34.89779093037981,0.18980435241461652,0.19040806629193593,0.13508211731509304,0.2580404140799905,1.791759469228055,1.0986122886681098,105
2129,5,2020-2024,109.14530702052186,34.89779093037981,0.26660859371352197,0.26754921051865843,0.20287808818646275,0.3377020567217181,2.1653666701431655,2.0794415416798357,84.9
2130,2,2005-2009,110.04362230464139,34.89779093037983,NA,NA,NA,NA,0.6931471805599453,0.6931471805599453,NA
2130,3,2010-2014,110.04362230464139,34.89779093037983,NA,NA,NA,NA,0.6931471805599453,0.6931471805599453,NA
2130,4,2015-2019,110.04362230464139,34.89779093037983,0.14994243514715955,0.10749612063388574,0.012583104549561184,0.5069547635090121,1.0986122886681098,1.0986122886681098,600
2130,5,2020-2024,110.04362230464139,34.89779093037983,0.3403823620758507,0.33752501027542037,0.12618160889208457,0.6278868488123017,2.596478425445105,1.8920948169591307,347.33088235294116
2131,2,2005-2009,110.9419375887609,34.89779093037981,NA,NA,NA,NA,1.3862943611198906,0.6931471805599453,NA
2131,3,2010-2014,110.9419375887609,34.89779093037981,0.17090722391609595,0.16569610467592172,0.07567094676259369,0.3106112551081313,1.6094379124341003,1.0986122886681098,240
2131,4,2015-2019,110.9419375887609,34.89779093037981,0.1904950179497336,0.12569350501994006,0.008414991516254265,0.6788714312500089,1.354025100551105,0.8958797346140275,750
2131,5,2020-2024,110.9419375887609,34.89779093037981,0.48351441947879154,0.48832045370729205,0.2991062521852647,0.6841652915322749,3.258096538021482,2.4849066497880004,232.36641221373995
2132,2,2005-2009,111.84025287288041,34.89779093037981,NA,NA,NA,NA,1.0986122886681098,0.6931471805599453,NA
2132,3,2010-2014,111.84025287288041,34.89779093037981,NA,NA,NA,NA,0.6931471805599453,0.6931471805599453,NA
2132,4,2015-2019,111.84025287288041,34.89779093037981,NA,NA,NA,NA,0.8958797346140275,0.6931471805599453,NA
2132,5,2020-2024,111.84025287288041,34.89779093037981,0.12002472406756995,0.11685512516479643,0.06640587781155932,0.1897352686070681,1.1512925464970227,1.0397207708399179,167.56451612903226
2133,2,2005-2009,112.73856815699993,34.89779093037981,NA,NA,NA,NA,1.6094379124341003,1.0986122886681098,NA
2133,3,2010-2014,112.73856815699993,34.89779093037981,NA,NA,NA,NA,1.0986122886681098,1.0986122886681098,NA
2133,4,2015-2019,112.73856815699993,34.89779093037981,0.2277158288009806,0.22325396033899866,0.11305353083256023,0.3839038546440945,1.9459101490553132,1.791759469228055,226
2133,5,2020-2024,112.73856815699993,34.89779093037981,0.534631169796855,0.6129753283288291,8.015708790052818e-6,0.9999935848257001,4.290459441148391,2.5649493574615367,3184.075471698113
2134,1,2000-2004,113.63688344111945,34.89779093037981,NA,NA,NA,NA,0.6931471805599453,0.6931471805599453,NA
2134,2,2005-2009,113.63688344111945,34.89779093037981,NA,NA,NA,NA,0.6931471805599453,0.6931471805599453,NA
2134,3,2010-2014,113.63688344111945,34.89779093037981,0.18614541246515892,0.183208328598097,0.11382673109498216,0.27734911444163957,1.7005986908310775,1.4978661367769954,153.6
2134,4,2015-2019,113.63688344111945,34.89779093037981,0.4755640868264178,0.1954025127945326,1.7184034615501337e-21,1,3.295836866004329,1.791759469228055,11953.33333333333
2134,5,2020-2024,113.63688344111945,34.89779093037981,0.6664148614056762,0.8881625950081533,0.003824319938299026,0.9999125474140015,5.863631175598097,3.332204510175204,2012.007874015739
2135,3,2010-2014,114.53519872523891,34.8977909303798,0.1110346238221919,0.07523254791280454,0.008396403368655029,0.4086361196300471,0.6931471805599453,0.6931471805599453,600
2135,4,2015-2019,114.53519872523891,34.8977909303798,0.14696335556695778,0.14652587154706215,0.09819434252680691,0.20770930658051162,1.3862943611198906,1.3862943611198906,120
2135,5,2020-2024,114.53519872523891,34.8977909303798,0.6130134144973372,0.6295016274770235,0.44000904218361553,0.7827177366247984,3.784189633918261,3.258096538021482,211.875
2136,5,2020-2024,115.43351400935839,34.89779093037983,0.4144081159482108,0.41996846412607297,0.29775215595393606,0.5487385843916437,2.9444389791664403,2.1972245773362196,141.83333333333331
2137,4,2015-2019,116.33182929347818,34.89779093037983,0.08066418086995945,0.0794241801112486,0.05134818944227062,0.11538702979271058,0.6931471805599453,0.6931471805599453,120
2137,5,2020-2024,116.33182929347818,34.89779093037983,0.17953617245512601,0.17767185757666387,0.11303984577402468,0.26262619732189113,1.700598690831078,1.1512925464970227,141.61111111111111
2138,5,2020-2024,117.23014457759756,34.89779093037981,0.30224438656171543,0.29626239680878086,0.10723113995457613,0.5795826411772006,2.393745871391023,1.7482537807332403,344.3106796116505
2139,4,2015-2019,118.12845986171706,34.89779093037981,0.47494772909199434,1.425140188308964e-18,0,1,1.7482537807332403,1.0986122886681098,388127.14285714284
2139,5,2020-2024,118.12845986171706,34.89779093037981,0.24853228386249607,0.2509604385697124,0.19198564906530652,0.3155632661466261,2.1972245773362196,1.0986122886681098,81.81481481481481
2140,1,2000-2004,118.96034491020995,34.88678949516058,NA,NA,NA,NA,0.6931471805599453,0.6931471805599453,NA
2140,3,2010-2014,118.96034491020995,34.88678949516058,NA,NA,NA,NA,1.791759469228055,1.0986122886681098,NA
2140,4,2015-2019,118.96034491020995,34.88678949516058,0.2753284340315361,0.2752141046355817,0.24625377193633102,0.30860320190408425,2.302585092994046,1.3862943611198906,0
2140,5,2020-2024,118.96034491020995,34.88678949516058,0.6128329926001873,0.649668462022309,0.2706083074635244,0.8957359398898946,3.970291913552122,2.833213344056216,442.5
2141,3,2010-2014,119.54003995598352,34.57478895489478,0.1110346238221919,0.07523254791280454,0.008396403368655029,0.4086361196300471,0.6931471805599453,0.6931471805599453,600
2141,4,2015-2019,119.54003995598352,34.57478895489478,0.26579134266103727,0.13716083471493123,0.0012796424766786116,0.936060881783038,1.4451858789480823,1.4451858789480823,1260
2141,5,2020-2024,119.54003995598352,34.57478895489478,0.18064972416085612,0.1788986176905042,0.11325712919331693,0.2654024680200214,1.666102255087602,1.4451858789480825,144.8181818181818
2171,1,2000-2004,82.19584849693621,34.15772237235127,NA,NA,NA,NA,0.6931471805599453,0.6931471805599453,NA
2181,5,2020-2024,91.17900133813141,34.15772237235127,NA,NA,NA,NA,1.0986122886681098,1.0986122886681098,NA
2182,3,2010-2014,92.07731662225093,34.15772237235127,NA,NA,NA,NA,0.6931471805599453,0.6931471805599453,NA
2182,4,2015-2019,92.07731662225093,34.15772237235127,0.1889163617054876,0.16245734456019734,0.03242587492263208,0.5024675477621402,1.6094379124341003,1.0986122886681098,470
2182,5,2020-2024,92.07731662225093,34.15772237235127,0.3498829363216082,0.16020723994704483,9.225088632904989e-5,0.9959147590314654,1.791759469228055,1.3862943611198906,1989.9
2183,4,2015-2019,92.97563190637047,34.15772237235127,NA,NA,NA,NA,0.6931471805599453,0.6931471805599453,NA
2183,5,2020-2024,92.97563190637047,34.15772237235127,0.08040630164076219,0.08033214644587716,0.06303523420246096,0.10004928093486849,0.6931471805599453,0.6931471805599453,60
2184,3,2010-2014,93.87394719048999,34.15772237235127,NA,NA,NA,NA,0.6931471805599453,0.6931471805599453,NA
2184,4,2015-2019,93.87394719048999,34.15772237235127,NA,NA,NA,NA,2.3978952727983707,0.6931471805599453,NA
2184,5,2020-2024,93.87394719048999,34.15772237235127,NA,NA,NA,NA,1.0986122886681098,1.0986122886681098,NA
2186,3,2010-2014,95.67057775872902,34.15772237235127,NA,NA,NA,NA,0.8958797346140275,0.6931471805599453,NA
2186,4,2015-2019,95.67057775872902,34.15772237235127,0.2454864508129274,0.2257614742088337,0.0512613212603826,0.5825352387727715,2.0036665926162356,1.5222612188617115,451
2186,5,2020-2024,95.67057775872902,34.15772237235127,0.2720318473054207,0.2646859499032218,0.09083641784867634,0.5434319205275938,2.1972245773362196,1.791759469228055,348.9807692307692
2187,3,2010-2014,96.56889304284854,34.15772237235127,NA,NA,NA,NA,0.6931471805599453,0.6931471805599453,NA
2187,4,2015-2019,96.56889304284854,34.15772237235127,NA,NA,NA,NA,1.0986122886681098,0.6931471805599453,NA
2187,5,2020-2024,96.56889304284854,34.15772237235127,0.08040630164076219,0.08033214644587716,0.06303523420246096,0.10004928093486849,0.6931471805599453,0.6931471805599453,60
2188,1,2000-2004,97.46720832696808,34.15772237235127,NA,NA,NA,NA,1.791759469228055,1.3862943611198906,NA
2188,2,2005-2009,97.46720832696808,34.15772237235127,NA,NA,NA,NA,0.6931471805599453,0.6931471805599453,NA
2188,3,2010-2014,97.46720832696808,34.15772237235127,NA,NA,NA,NA,1.0397207708399179,1.0397207708399179,NA
2188,4,2015-2019,97.46720832696808,34.15772237235127,NA,NA,NA,NA,1.0986122886681098,1.0986122886681098,NA
2188,5,2020-2024,97.46720832696808,34.15772237235127,0.16987928641272504,0.17056056622699214,0.13455641467577745,0.20875968430942995,1.5890269151739727,1.3862943611198906,60
2189,5,2020-2024,98.3655236110876,34.15772237235126,0.08038859565084756,0.08032858470634592,0.06082434873363361,0.10259706495351867,0.6931471805599453,0.6931471805599453,70.5
2191,2,2005-2009,100.16215417932663,34.15772237235127,NA,NA,NA,NA,0.6931471805599453,0.6931471805599453,NA
2191,5,2020-2024,100.16215417932663,34.15772237235127,0.12132286441547528,0.11311445214567703,0.04245042630014104,0.2559563701235303,1.0986122886681098,1.0986122886681098,288
2193,2,2005-2009,101.95878474756569,34.15772237235126,NA,NA,NA,NA,1.0986122886681098,0.6931471805599453,NA
2193,3,2010-2014,101.95878474756569,34.15772237235126,NA,NA,NA,NA,0.6931471805599453,0.6931471805599453,NA
2193,4,2015-2019,101.95878474756569,34.15772237235126,0.2345419688418725,0.158013906954302,0.008300966932556355,0.7846640907572884,1.6094379124341003,1.3862943611198906,825.625
2193,5,2020-2024,101.95878474756569,34.15772237235126,0.38369051562315154,0.37947400422825966,0.08824881986341386,0.7745580594584336,2.70805020110221,2.6390573296152584,496.66666666666663
2194,1,2000-2004,102.8571000316852,34.15772237235127,NA,NA,NA,NA,1.0986122886681098,1.0986122886681098,NA
2194,2,2005-2009,102.8571000316852,34.15772237235127,0.3203236590987103,0.0852098266170267,8.584756030014808e-6,0.9981377864100552,1.0986122886681098,0.8958797346140275,2415
2194,3,2010-2014,102.8571000316852,34.15772237235127,0.4345476358571902,0.09250576875296598,2.0993019861744743e-11,0.9999999882306692,1.6094379124341003,1.0986122886681098,5760
2194,4,2015-2019,102.8571000316852,34.15772237235127,0.5259730874775633,0.5570818180048336,0.03342476203598031,0.9752549996913209,3.6375861597263857,2.772588722239781,960
2194,5,2020-2024,102.8571000316852,34.15772237235127,0.6282387098093601,0.6615670054362173,0.31727154877560887,0.8866342392647629,3.9889840465642745,3.1354942159291497,400.66176470588243
2195,5,2020-2024,103.75541531580473,34.15772237235127,0.19080296747762854,0.1912161091824765,0.13813806355553504,0.2563148848369396,1.791759469228055,1.1512925464970227,100
2196,3,2010-2014,104.65373059992424,34.15772237235127,NA,NA,NA,NA,0.6931471805599453,0.6931471805599453,NA
2196,4,2015-2019,104.65373059992424,34.15772237235127,0.1110346238221919,0.07523254791280454,0.008396403368655029,0.4086361196300471,0.6931471805599453,0.6931471805599453,600
2196,5,2020-2024,104.65373059992424,34.15772237235127,0.1478379220810432,0.14046729713775302,0.0571777564154364,0.2923453303998874,1.3862943611198906,1.0986122886681098,269.83333333333337
2197,5,2020-2024,105.55204588404376,34.15772237235127,0.24919381365158283,0.24538865745530636,0.13881665441561816,0.3869376966477524,2.1972245773362196,1.0986122886681098,192.57575757575756
2198,1,2000-2004,106.45036116816328,34.15772237235127,NA,NA,NA,NA,0.6931471805599453,0.6931471805599453,NA
2198,2,2005-2009,106.45036116816328,34.15772237235127,NA,NA,NA,NA,0.6931471805599453,0.6931471805599453,NA
2198,4,2015-2019,106.45036116816328,34.15772237235127,0.10483640676659535,0.07597740499628394,0.01065703940157576,0.35889354857502154,0.6931471805599453,0.6931471805599453,540
2198,5,2020-2024,106.45036116816328,34.15772237235127,0.14827040326256635,0.14421972683513457,0.08037270998147902,0.23835503524175003,1.3862943611198906,1.3862943611198906,180.6818181818182
2199,2,2005-2009,107.34867645228282,34.15772237235127,NA,NA,NA,NA,1.6094379124341003,1.0986122886681098,NA
2199,4,2015-2019,107.34867645228282,34.15772237235127,0.15412541511803785,0.1452991859514764,0.05368868884725193,0.32234808699166173,1.3862943611198906,1.3862943611198906,300
2199,5,2020-2024,107.34867645228282,34.15772237235127,0.11686421897153344,0.1134005424608356,0.059144127288823185,0.19694262061110157,1.0986122886681098,1.0986122886681098,191.56382978723406
2200,1,2000-2004,108.24699173640234,34.15772237235127,NA,NA,NA,NA,0.8958797346140275,0.8958797346140275,NA
2200,2,2005-2009,108.24699173640234,34.15772237235127,NA,NA,NA,NA,1.844439727056968,1.0397207708399179,NA
2200,3,2010-2014,108.24699173640234,34.15772237235127,0.4749999999999999,1.045050411484119e-125,0,1,1.6094379124341003,1.3862943611198906,2850125.5
2200,4,2015-2019,108.24699173640234,34.15772237235127,0.27797439971583776,0.24934933263844614,0.04182212939075174,0.6899292111800429,2.1383330595080277,1.7776740307447068,542.1428571428571
2200,5,2020-2024,108.24699173640234,34.15772237235127,0.31315438988352223,0.30210599922141224,0.07750831971742697,0.6655408524260967,2.3978952727983707,1.9459101490553132,441
2201,1,2000-2004,109.14530702052186,34.15772237235127,NA,NA,NA,NA,1.6094379124341003,1.6094379124341003,NA
2201,2,2005-2009,109.14530702052186,34.15772237235127,NA,NA,NA,NA,2.9174053685313024,2.3978952727983707,NA
2201,3,2010-2014,109.14530702052186,34.15772237235127,0.4747452151690502,0.19341464189675972,9.308764729224547e-21,1,3.091042453358316,2.772588722239781,11520
2201,4,2015-2019,109.14530702052186,34.15772237235127,0.6871192769200417,0.8598380118666841,0.02617484184676151,0.9990822266631396,5.4116460518550396,3.6888794541139363,1440
2201,5,2020-2024,109.14530702052186,34.15772237235127,0.5759437819653843,0.7310650818378333,2.710749375458143e-4,0.9999420447301169,4.6913478822291435,3.295836866004329,2417.0952380952385
2202,1,2000-2004,110.04362230464137,34.15772237235127,NA,NA,NA,NA,1.1512925464970227,0.8958797346140275,NA
2202,2,2005-2009,110.04362230464137,34.15772237235127,NA,NA,NA,NA,0.6931471805599453,0.6931471805599453,NA
2202,3,2010-2014,110.04362230464137,34.15772237235127,NA,NA,NA,NA,1.0986122886681098,1.0986122886681098,NA
2202,4,2015-2019,110.04362230464137,34.15772237235127,NA,NA,NA,NA,0.8958797346140275,0.8958797346140275,NA
2202,5,2020-2024,110.04362230464137,34.15772237235127,0.1818082731434575,0.17736461499273154,0.0902832636639613,0.30870207195507726,1.6479184330021646,1.5222612188617115,213.29411764705884
2203,5,2020-2024,110.9419375887609,34.15772237235127,0.14549063496599143,0.14079981066486125,0.06686165445042065,0.26006100491657197,1.3862943611198906,1.0986122886681098,223.77477477477484
2204,3,2010-2014,111.84025287288041,34.15772237235127,NA,NA,NA,NA,1.0986122886681098,1.0986122886681098,NA
2204,4,2015-2019,111.84025287288041,34.15772237235127,NA,NA,NA,NA,0.8958797346140275,0.6931471805599453,NA
2204,5,2020-2024,111.84025287288041,34.15772237235127,0.20091600448889962,0.1973025551622045,0.11310852257872936,0.31373384058752046,1.791759469228055,1.6094379124341003,181.78006872852234
2205,1,2000-2004,112.73856815699993,34.15772237235127,NA,NA,NA,NA,0.6931471805599453,0.6931471805599453,NA
2205,2,2005-2009,112.73856815699993,34.15772237235127,NA,NA,NA,NA,1.3862943611198906,1.0986122886681098,NA
2205,3,2010-2014,112.73856815699993,34.15772237235127,0.11522639317272626,0.1141605163782281,0.07533096717016749,0.16403410483046627,1.0986122886681098,1.0986122886681098,120
2205,4,2015-2019,112.73856815699993,34.15772237235127,0.2788238097493433,0.17843536793732567,0.003974974901421706,0.90351585098917,1.791759469228055,1.3862943611198906,1050
2205,5,2020-2024,112.73856815699993,34.15772237235127,0.3150694278330425,0.28593332979801656,0.04148494042535316,0.7639872084489826,2.302585092994046,2.1972245773362196,594.2
2206,3,2010-2014,113.63688344111945,34.15772237235127,NA,NA,NA,NA,0.6931471805599453,0.6931471805599453,NA
2206,4,2015-2019,113.63688344111945,34.15772237235127,0.08387299756011418,0.07852494293101382,0.03338754464900398,0.1653517390383884,0.6931471805599453,0.6931471805599453,244
2206,5,2020-2024,113.63688344111945,34.15772237235127,0.2883667001603757,0.2898168382787042,0.19554507559491824,0.40236020177437437,2.3978952727983707,1.3862943611198906,138.59090909090912
2207,5,2020-2024,114.53519872523898,34.15772237235127,0.17041496328539435,0.1714868191440913,0.1306954574189163,0.21592749883856216,1.629048269010741,1.1512925464970227,76.20833333333334
2208,4,2015-2019,115.43351400935852,34.15772237235128,NA,NA,NA,NA,0.6931471805599453,0.6931471805599453,NA
2208,5,2020-2024,115.43351400935852,34.15772237235128,0.4427222593837739,0.44642107992351154,0.34232021522035183,0.5503276435294921,3.1354942159291497,1.791759469228055,110
2209,4,2015-2019,116.33182929347805,34.15772237235126,NA,NA,NA,NA,0.6931471805599453,0.6931471805599453,NA
2209,5,2020-2024,116.33182929347805,34.15772237235126,0.20557433025180274,0.20391976144552604,0.1297454989670729,0.3007814492265031,1.8444397270569683,1.5222612188617115,147.625
2210,3,2010-2014,117.2301445775975,34.157722372351216,NA,NA,NA,NA,1.791759469228055,0.6931471805599453,NA
2210,4,2015-2019,117.2301445775975,34.157722372351216,0.2118620343526103,0.20826338123101207,0.10268869403833225,0.3611997418719424,1.9356005054539454,1.0986122886681098,225
2210,5,2020-2024,117.2301445775975,34.157722372351216,0.6228718902714645,0.6333445705475782,0.47505653890761323,0.7620908246064659,3.9889840465642745,2.0794415416798357,172.43994447126985
2211,1,2000-2004,118.12845986171712,34.15772237235128,NA,NA,NA,NA,1.3862943611198906,0.6931471805599453,NA
2211,4,2015-2019,118.12845986171712,34.15772237235128,NA,NA,NA,NA,0.6931471805599453,0.6931471805599453,NA
2211,5,2020-2024,118.12845986171712,34.15772237235128,0.14297593165921552,0.14343564806889,0.1128122690161493,0.17544820091556212,1.354025100551105,1.354025100551105,60
2212,5,2020-2024,119.0267751458366,34.15772237235127,0.3973739091674157,0.40042761327857224,0.14832318779698095,0.7048545779125875,2.8995463272302633,1.9756218592907135,369.3166666666666
2213,3,2010-2014,119.88273307532573,34.11129333024729,0.47499999923332203,6.772271559011044e-48,0,1,0.6931471805599453,0.6931471805599453,1052675
2213,4,2015-2019,119.88273307532573,34.11129333024729,NA,NA,NA,NA,2.4849066497880004,1.3862943611198906,NA
2213,5,2020-2024,119.88273307532573,34.11129333024729,0.3227779535758964,0.32418710991710503,0.25332396040309785,0.39764226790471424,2.488366871210287,2.04717228111105,77.57142857142857
2214,4,2015-2019,120.40990167812144,33.87034137201034,NA,NA,NA,NA,0.6931471805599453,0.6931471805599453,NA
2214,5,2020-2024,120.40990167812144,33.87034137201034,0.4593008449975234,0.07555652958877845,9.489600780105347e-23,1,2.0794415416798357,1.791759469228055,12411.767857142857
2240,4,2015-2019,79.51589215248086,33.42118976720087,0.12904674555400825,0.09011343164609752,0.010404129441239805,0.4547688763818298,0.8958797346140275,0.8958797346140275,597
2240,5,2020-2024,79.51589215248086,33.42118976720087,0.1469897671182968,0.10793615725749137,0.013922957661203321,0.48453299258957294,1.0986122886681098,1.0986122886681098,574.4375
2241,5,2020-2024,80.39921792869717,33.41111044324972,0.09633501553257587,0.0954753192242268,0.06892892396182104,0.12869022067224273,0.8958797346140275,0.8958797346140275,90
2250,5,2020-2024,88.48405548577286,33.41111044324972,NA,NA,NA,NA,1.0986122886681098,0.6931471805599453,NA
2254,2,2005-2009,92.07731662225093,33.41111044324972,NA,NA,NA,NA,0.6931471805599453,0.6931471805599453,NA
2254,3,2010-2014,92.07731662225093,33.41111044324972,NA,NA,NA,NA,1.1512925464970227,0.8958797346140275,NA
2254,4,2015-2019,92.07731662225093,33.41111044324972,NA,NA,NA,NA,1.0986122886681098,1.0986122886681098,NA
2254,5,2020-2024,92.07731662225093,33.41111044324972,0.08040630164076219,0.08033214644587716,0.06303523420246096,0.10004928093486849,0.6931471805599453,0.6931471805599453,60
2255,4,2015-2019,92.97563190637047,33.41111044324972,0.11039376402355326,0.1083194186332008,0.06797354115676355,0.16235336448650523,1.0986122886681098,0.6931471805599453,134
2255,5,2020-2024,92.97563190637047,33.41111044324972,0.13637744755929349,0.13737779986899296,0.1086103379417147,0.1691493491892771,1.3862943611198906,0.6931471805599453,60
2257,3,2010-2014,94.7722624746095,33.41111044324972,NA,NA,NA,NA,0.6931471805599453,0.6931471805599453,NA
2257,4,2015-2019,94.7722624746095,33.41111044324972,NA,NA,NA,NA,2.833213344056216,1.6094379124341003,NA
2257,5,2020-2024,94.7722624746095,33.41111044324972,NA,NA,NA,NA,1.3862943611198906,0.6931471805599453,NA
2258,4,2015-2019,95.67057775872902,33.41111044324972,NA,NA,NA,NA,0.6931471805599453,0.6931471805599453,NA
2258,5,2020-2024,95.67057775872902,33.41111044324972,0.1484359404136919,0.14038823834677544,0.055225437692227465,0.2997805666206966,1.3862943611198906,1.0986122886681098,280
2259,2,2005-2009,96.56889304284854,33.41111044324972,NA,NA,NA,NA,0.6931471805599453,0.6931471805599453,NA
2259,3,2010-2014,96.56889304284854,33.41111044324972,NA,NA,NA,NA,1.3862943611198906,0.6931471805599453,NA
2259,4,2015-2019,96.56889304284854,33.41111044324972,0.27997474068188627,0.27139484952298587,0.08436640441922623,0.5766853317768941,2.2154083994216567,1.9356005054539454,378
2259,5,2020-2024,96.56889304284854,33.41111044324972,0.2930549643267257,0.27227134872392944,0.05170364530250642,0.6903729747564954,2.1972245773362196,2.1972245773362196,513.7272727272727
2260,1,2000-2004,97.46720832696808,33.41111044324972,NA,NA,NA,NA,0.6931471805599453,0.6931471805599453,NA
2260,3,2010-2014,97.46720832696808,33.41111044324972,NA,NA,NA,NA,1.791759469228055,1.3862943611198906,NA
2260,4,2015-2019,97.46720832696808,33.41111044324972,NA,NA,NA,NA,1.2424533248940002,1.0397207708399179,NA
2260,5,2020-2024,97.46720832696808,33.41111044324972,0.23121966882313982,0.22609052426407164,0.11336908416500317,0.3929035470490167,1.9459101490553132,1.9459101490553132,231.42857142857142
2261,4,2015-2019,98.3655236110876,33.41111044324972,NA,NA,NA,NA,0.6931471805599453,0.6931471805599453,NA
2261,5,2020-2024,98.3655236110876,33.41111044324972,0.19698801172973052,0.19232666012083807,0.10517627845213787,0.3180178594861229,1.791759469228055,1.3862943611198906,195.2
2262,2,2005-2009,99.26383889520712,33.411110443249726,NA,NA,NA,NA,1.0986122886681098,1.0986122886681098,NA
2262,5,2020-2024,99.26383889520712,33.411110443249726,0.08517228944070768,0.07839490871566736,0.03005382781763785,0.18039759335347863,0.6931471805599453,0.6931471805599453,274
2263,3,2010-2014,100.16215417932663,33.41111044324972,NA,NA,NA,NA,1.0986122886681098,1.0986122886681098,NA
2263,5,2020-2024,100.16215417932663,33.41111044324972,0.13628942670237262,0.13645541102456082,0.09939176183839941,0.18024237547703797,1.3862943611198906,0.6931471805599453,88
2264,2,2005-2009,101.06046946344617,33.411110443249726,NA,NA,NA,NA,1.0986122886681098,1.0986122886681098,NA
2264,3,2010-2014,101.06046946344617,33.411110443249726,0.34852404782495383,0.0836541679917829,1.395533344364316e-6,0.9996400004804324,1.1512925464970227,0.8958797346140275,2880
2264,4,2015-2019,101.06046946344617,33.411110443249726,0.13780540040366754,0.13463973677781174,0.07328090172766671,0.22290504719942492,1.3862943611198906,0.6931471805599453,180
2264,5,2020-2024,101.06046946344617,33.411110443249726,0.2435512237840173,0.235281203187667,0.08492459518626613,0.4866598558452404,2.0471722811110507,1.5890269151739727,327.88461538461536
2265,4,2015-2019,101.95878474756569,33.41111044324972,NA,NA,NA,NA,0.6931471805599453,0.6931471805599453,NA
2265,5,2020-2024,101.95878474756569,33.41111044324972,0.43757600066793767,0.4412979527826866,0.2497571098792157,0.6520382345230932,3.012932986912657,2.6155543084272934,248.04545454545456
2266,1,2000-2004,102.8571000316852,33.41111044324972,NA,NA,NA,NA,2.6390573296152584,1.791759469228055,NA
2266,2,2005-2009,102.8571000316852,33.41111044324972,NA,NA,NA,NA,1.2424533248940002,0.8958797346140275,NA
2266,3,2010-2014,102.8571000316852,33.41111044324972,NA,NA,NA,NA,2.772588722239781,1.791759469228055,NA
2266,4,2015-2019,102.8571000316852,33.41111044324972,0.5441380664538337,0.6749314699459079,6.308459730955621e-7,0.9999996292063749,4.6443908991413725,2.9444389791664403,3908.9166666666665
2266,5,2020-2024,102.8571000316852,33.41111044324972,0.4785178277222,0.4322193988285343,2.55563628565893e-4,0.999323633836654,3.2188758248682006,2.833213344056216,2095.4444444444443
2267,1,2000-2004,103.75541531580473,33.41111044324972,NA,NA,NA,NA,1.791759469228055,1.2424533248940002,NA
2267,2,2005-2009,103.75541531580473,33.41111044324972,0.2191804194793017,0.21529322493173259,0.10752484210289483,0.37143433005855,1.9459101490553132,1.3862943611198906,225
2267,3,2010-2014,103.75541531580473,33.41111044324972,0.4553735932839486,0.45675629625201103,0.40934217788392774,0.5006204327198864,3.044522437723423,2.6390573296152584,0
2267,4,2015-2019,103.75541531580473,33.41111044324972,0.5366015400772314,0.598636244671985,0.0012570052700651825,0.9991905313383684,3.9318256327243257,3.044522437723423,1860
2267,5,2020-2024,103.75541531580473,33.41111044324972,0.3857296919009191,0.38785140504118765,0.13515969652574925,0.7029593930016602,2.772588722239781,2.3978952727983707,383.0571428571428
2268,1,2000-2004,104.65373059992424,33.41111044324972,NA,NA,NA,NA,1.0986122886681098,1.0986122886681098,NA
2268,2,2005-2009,104.65373059992424,33.41111044324972,NA,NA,NA,NA,1.0986122886681098,0.6931471805599453,NA
2268,3,2010-2014,104.65373059992424,33.41111044324972,NA,NA,NA,NA,0.6931471805599453,0.6931471805599453,NA
2268,4,2015-2019,104.65373059992424,33.41111044324972,NA,NA,NA,NA,1.0397207708399179,0.6931471805599453,NA
2268,5,2020-2024,104.65373059992424,33.41111044324972,0.3074639734418197,0.2984917844634004,0.08499009017139687,0.636952324137427,2.359249435647547,2.0471722811110507,411.03846153846155
2269,5,2020-2024,105.55204588404376,33.41111044324972,0.23065518526762302,0.23149818180293508,0.18555398762363734,0.28446283743545253,2.0794415416798357,1.0986122886681098,60
2270,2,2005-2009,106.45036116816328,33.411110443249726,NA,NA,NA,NA,0.6931471805599453,0.6931471805599453,NA
2270,4,2015-2019,106.45036116816328,33.411110443249726,NA,NA,NA,NA,0.6931471805599453,0.6931471805599453,NA
2270,5,2020-2024,106.45036116816328,33.411110443249726,0.17263471326284965,0.140835560781411,0.02401768402149978,0.4969531433479505,1.3862943611198906,1.3862943611198906,508.25
2271,1,2000-2004,107.34867645228282,33.41111044324972,NA,NA,NA,NA,2.0794415416798357,1.3862943611198906,NA
2271,2,2005-2009,107.34867645228282,33.41111044324972,NA,NA,NA,NA,1.7005986908310775,1.354025100551105,NA
2271,3,2010-2014,107.34867645228282,33.41111044324972,NA,NA,NA,NA,3.2188758248682006,2.302585092994046,NA
2271,4,2015-2019,107.34867645228282,33.41111044324972,0.45880314274133377,0.39378253350256875,5.105743966780373e-4,0.9982277919983513,3.044522437723423,2.4849066497880004,1872.85
2271,5,2020-2024,107.34867645228282,33.41111044324972,0.5858047259061586,0.7198116704824322,0.00245051924128651,0.9994789104721833,4.48863636973214,3.5553480614894135,1831.6774193548385
2272,1,2000-2004,108.24699173640234,33.41111044324972,NA,NA,NA,NA,1.6094379124341003,1.0986122886681098,NA
2272,2,2005-2009,108.24699173640234,33.41111044324972,NA,NA,NA,NA,2.6390573296152584,1.0986122886681098,NA
2272,3,2010-2014,108.24699173640234,33.41111044324972,0.39022885515460726,0.37076747633600027,0.04758230984675917,0.8595152569062977,2.833213344056216,1.791759469228055,660
2272,4,2015-2019,108.24699173640234,33.41111044324972,0.45824731932579743,0.03981998152794901,1.2967466264749722e-29,1,1.791759469228055,1.6094379124341003,16291.5
2272,5,2020-2024,108.24699173640234,33.41111044324972,0.4175452430089739,0.4146653839934551,0.06845656498289761,0.8549777642788102,2.995732273553991,1.9459101490553132,604.3374233128825
2273,3,2010-2014,109.14530702052186,33.41111044324972,NA,NA,NA,NA,1.0986122886681098,0.6931471805599453,NA
2273,4,2015-2019,109.14530702052186,33.41111044324972,NA,NA,NA,NA,0.6931471805599453,0.6931471805599453,NA
2273,5,2020-2024,109.14530702052186,33.41111044324972,0.15470080990603766,0.13204962075997445,0.028977263529898416,0.4138313509375707,1.3862943611198906,0.6931471805599453,436.65384615384613
2274,5,2020-2024,110.04362230464137,33.41111044324972,0.10929251197774384,0.1097238320751119,0.08628160811335393,0.13533026535680012,1.0397207708399179,1.0397207708399179,60
2275,3,2010-2014,110.9419375887609,33.41111044324972,NA,NA,NA,NA,1.0986122886681098,1.0986122886681098,NA
2275,5,2020-2024,110.9419375887609,33.41111044324972,0.38733510623970907,0.3888257368391199,0.1584009052029038,0.6725615101090996,2.772588722239781,2.4849066497880004,339.66666666666663
2276,4,2015-2019,111.84025287288041,33.41111044324972,0.3679219453747002,0.07829334808400545,2.0038763404851175e-7,0.9999292757385236,1.0986122886681098,1.0986122886681098,3360
2276,5,2020-2024,111.84025287288041,33.41111044324972,0.29391861584543355,0.28768600149497503,0.09567682915601851,0.5841870891772262,2.2975599250672953,2.0126758453675744,364.0104529616724
2277,4,2015-2019,112.73856815699993,33.41111044324972,NA,NA,NA,NA,1.9944920232821373,1.2424533248940002,NA
2277,5,2020-2024,112.73856815699993,33.41111044324972,0.2452344948783511,0.2476283960569891,0.16909937921186644,0.34081621293849246,2.0948273710132126,1.666102255087602,127.07142857142857
2278,4,2015-2019,113.63688344111945,33.41111044324972,0.4749999999999999,2.141951140893747e-93,0,1,1.2424533248940002,1.0986122886681098,2103840
2278,5,2020-2024,113.63688344111945,33.41111044324972,0.33369166059067895,0.33621848860804937,0.2504156565151797,0.42761819184804645,2.596478425445105,1.732867951399863,105.54004329004327
2279,3,2010-2014,114.53519872523897,33.41111044324971,0.08066418086995945,0.0794241801112486,0.05134818944227062,0.11538702979271058,0.6931471805599453,0.6931471805599453,120
2279,4,2015-2019,114.53519872523897,33.41111044324971,NA,NA,NA,NA,0.6931471805599453,0.6931471805599453,NA
2279,5,2020-2024,114.53519872523897,33.41111044324971,0.1899616160388925,0.185339560947551,0.09026533768560571,0.33027473656921513,1.732867951399863,1.354025100551105,226.66666666666666
2280,3,2010-2014,115.43351400935852,33.411110443249726,NA,NA,NA,NA,0.6931471805599453,0.6931471805599453,NA
2280,5,2020-2024,115.43351400935852,33.411110443249726,0.1954601995486191,0.19649760936357172,0.1505901982370556,0.24585448596655896,1.791759469228055,1.3862943611198906,75
2281,5,2020-2024,116.33182929347802,33.41111044324972,0.17382251798778345,0.16932747455314312,0.09285507478327754,0.28143607844707547,1.6094379124341003,1.3862943611198906,190.0625
2282,1,2000-2004,117.23014457759756,33.41111044324972,NA,NA,NA,NA,0.6931471805599453,0.6931471805599453,NA
2282,3,2010-2014,117.23014457759756,33.41111044324972,NA,NA,NA,NA,0.6931471805599453,0.6931471805599453,NA
2282,5,2020-2024,117.23014457759756,33.41111044324972,0.33818421372191537,0.3407783411884214,0.2256712235673815,0.47468494147410123,2.5375869076169133,2.3269801750787615,159.21666666666667
2283,5,2020-2024,118.12845986171716,33.41111044324973,0.12857955550528638,0.11250256759977027,0.028741605426033892,0.3297880951268176,1.0986122886681098,1.0986122886681098,390
2284,1,2000-2004,119.0267751458366,33.41111044324972,NA,NA,NA,NA,0.6931471805599453,0.6931471805599453,NA
2284,3,2010-2014,119.0267751458366,33.41111044324972,NA,NA,NA,NA,0.6931471805599453,0.6931471805599453,NA
2284,4,2015-2019,119.0267751458366,33.41111044324972,NA,NA,NA,NA,1.354025100551105,0.8958797346140275,NA
2284,5,2020-2024,119.0267751458366,33.41111044324972,0.17527900968198862,0.17034541613288307,0.08220630201990536,0.3083128268836171,1.6094379124341003,1.3862943611198906,226.917004048583
2285,2,2005-2009,119.9250904299561,33.41111044324972,NA,NA,NA,NA,1.6094379124341003,0.6931471805599453,NA
2285,3,2010-2014,119.9250904299561,33.41111044324972,0.11031801801119452,0.10615396120576504,0.0501436501308434,0.19943971929457038,1.0397207708399179,0.8958797346140275,217.5
2285,4,2015-2019,119.9250904299561,33.41111044324972,0.3122839824823654,0.22216898724272194,0.005880372076028732,0.9183699868175512,2.0871936349478184,1.5890269151739727,1023
2285,5,2020-2024,119.9250904299561,33.41111044324972,0.4289441100456626,0.42915898576207795,0.2591395994638626,0.6194586309045825,3.044522437723423,2.0794415416798357,220
2286,1,2000-2004,120.51406983108471,33.334651393972884,NA,NA,NA,NA,1.0986122886681098,0.8958797346140275,NA
2286,2,2005-2009,120.51406983108471,33.334651393972884,NA,NA,NA,NA,0.6931471805599453,0.6931471805599453,NA
2286,3,2010-2014,120.51406983108471,33.334651393972884,0.2324548876505362,0.18380883429328815,0.021680707425112137,0.6762576883959741,1.791759469228055,1.3862943611198906,622.5
2286,4,2015-2019,120.51406983108471,33.334651393972884,0.4752665331892592,0.48946517251015614,0.1406484228796148,0.8360028847874897,3.258096538021482,2.4849066497880004,480
2286,5,2020-2024,120.51406983108471,33.334651393972884,0.4954836818593138,0.5038301989719745,0.014228302824599632,0.9835108679055556,3.367295829986474,3.1354942159291497,1131.5
2312,5,2020-2024,79.58057028964974,32.641837133962426,0.1051477462708527,0.10442139084343458,0.07461101328240291,0.1413448388595391,1.0397207708399179,0.6931471805599453,92.33333333333333
2313,4,2015-2019,80.39921792869717,32.65802517638217,0.454533068184873,0.00559801259433911,1.0922520560188001e-45,1,0.6931471805599453,0.6931471805599453,25267.5
2313,5,2020-2024,80.39921792869717,32.65802517638217,0.11888977463977755,0.11941658639343333,0.09341767584959439,0.14767128240948693,1.1512925464970227,1.0397207708399179,62.5
2320,5,2020-2024,86.68742491753382,32.65802517638217,0.08040630164076219,0.08033214644587716,0.06303523420246096,0.10004928093486849,0.6931471805599453,0.6931471805599453,60
2323,5,2020-2024,89.38237076989238,32.65802517638217,0.08040630164076219,0.08033214644587716,0.06303523420246096,0.10004928093486849,0.6931471805599453,0.6931471805599453,60
2326,1,2000-2004,92.07731662225093,32.65802517638217,NA,NA,NA,NA,0.6931471805599453,0.6931471805599453,NA
2326,3,2010-2014,92.07731662225093,32.65802517638217,NA,NA,NA,NA,0.6931471805599453,0.6931471805599453,NA
2326,4,2015-2019,92.07731662225093,32.65802517638217,NA,NA,NA,NA,1.3862943611198906,1.3862943611198906,NA
2326,5,2020-2024,92.07731662225093,32.65802517638217,0.17635262272120286,0.17682733389114821,0.13937240453509703,0.21596036067172894,1.6094379124341003,1.6094379124341003,60
2327,5,2020-2024,92.97563190637047,32.65802517638217,0.16387135289625107,0.16488208099686313,0.1303488786737366,0.2025022645378258,1.5890269151739727,1.0397207708399179,60
2328,4,2015-2019,93.87394719048999,32.65802517638217,0.08614841364481825,0.0783102090746747,0.028013220466724744,0.19100861460141466,0.6931471805599453,0.6931471805599453,294
2329,4,2015-2019,94.7722624746095,32.65802517638217,NA,NA,NA,NA,2.302585092994046,1.791759469228055,NA
2329,5,2020-2024,94.7722624746095,32.65802517638217,NA,NA,NA,NA,1.6094379124341003,1.6094379124341003,NA
2330,1,2000-2004,95.67057775872902,32.65802517638217,NA,NA,NA,NA,0.6931471805599453,0.6931471805599453,NA
2330,3,2010-2014,95.67057775872902,32.65802517638217,NA,NA,NA,NA,0.6931471805599453,0.6931471805599453,NA
2330,4,2015-2019,95.67057775872902,32.65802517638217,0.47217222538656245,0.17478295346699796,2.0906935555192987e-20,1,2.995732273553991,2.1972245773362196,11277.5
2330,5,2020-2024,95.67057775872902,32.65802517638217,0.3753179017486166,0.25279027617732464,9.510092700950077e-4,0.9885152797286635,2.302585092994046,1.9459101490553132,1537.7142857142858
2331,1,2000-2004,96.56889304284854,32.65802517638217,NA,NA,NA,NA,1.5222612188617115,1.0397207708399179,NA
2331,2,2005-2009,96.56889304284854,32.65802517638217,NA,NA,NA,NA,2.302585092994046,1.0986122886681098,NA
2331,3,2010-2014,96.56889304284854,32.65802517638217,NA,NA,NA,NA,2.585241997519076,1.7005986908310775,NA
2331,4,2015-2019,96.56889304284854,32.65802517638217,0.5213884051032973,0.5446046897082237,0.1705031447316018,0.8642669963483794,3.49466763298728,2.6441335153472676,480
2331,5,2020-2024,96.56889304284854,32.65802517638217,0.7292716774183399,0.7618886502024222,0.47179209932641064,0.9206068309396832,4.532599493153256,3.4339872044851463,365.91999999999996
2332,1,2000-2004,97.46720832696808,32.65802517638217,NA,NA,NA,NA,0.6931471805599453,0.6931471805599453,NA
2332,2,2005-2009,97.46720832696808,32.65802517638217,NA,NA,NA,NA,1.6094379124341003,1.0986122886681098,NA
2332,3,2010-2014,97.46720832696808,32.65802517638217,NA,NA,NA,NA,1.3862943611198906,0.6931471805599453,NA
2332,4,2015-2019,97.46720832696808,32.65802517638217,0.24633297099010565,0.24657376330172673,0.19687837397223718,0.30031215324437777,2.0794415416798357,1.791759469228055,60
2332,5,2020-2024,97.46720832696808,32.65802517638217,0.5876715491672407,0.6034798350147277,0.3701170445070913,0.8017573435504213,3.6888794541139363,3.2188758248682006,276.32
2333,3,2010-2014,98.3655236110876,32.65802517638217,NA,NA,NA,NA,0.6931471805599453,0.6931471805599453,NA
2333,4,2015-2019,98.3655236110876,32.65802517638217,0.14982232955945282,0.10264950815122895,0.00996680249687124,0.5339956283800772,1.0986122886681098,0.6931471805599453,645
2333,5,2020-2024,98.3655236110876,32.65802517638217,0.24471642030400173,0.2400305609534747,0.11183029614258445,0.4295612561273857,2.0794415416798357,1.6094379124341003,253.66666666666669
2334,5,2020-2024,99.26383889520712,32.65802517638217,0.1150116697335155,0.1144369049227276,0.08175318474556079,0.15528056003991933,1.0986122886681098,1.0986122886681098,95.5
2335,4,2015-2019,100.16215417932663,32.65802517638217,NA,NA,NA,NA,0.6931471805599453,0.6931471805599453,NA
2335,5,2020-2024,100.16215417932663,32.65802517638217,0.17652354588610647,0.17735136816468983,0.1329404024398777,0.2288896494957413,1.666102255087602,1.2424533248940002,84.3076923076923
2336,1,2000-2004,101.06046946344617,32.65802517638217,NA,NA,NA,NA,1.2424533248940002,0.6931471805599453,NA
2336,2,2005-2009,101.06046946344617,32.65802517638217,NA,NA,NA,NA,2.302585092994046,1.3862943611198906,NA
2336,3,2010-2014,101.06046946344617,32.65802517638217,NA,NA,NA,NA,1.0986122886681098,1.0986122886681098,NA
2336,5,2020-2024,101.06046946344617,32.65802517638217,0.11855542263685988,0.113404832579242,0.05100856200159584,0.22204537703668883,1.0986122886681098,1.0986122886681098,234.79999999999998
2337,1,2000-2004,101.95878474756569,32.65802517638217,NA,NA,NA,NA,0.6931471805599453,0.6931471805599453,NA
2337,3,2010-2014,101.95878474756569,32.65802517638217,NA,NA,NA,NA,1.791759469228055,1.0986122886681098,NA
2337,4,2015-2019,101.95878474756569,32.65802517638217,0.33768257825277576,0.33923846606405367,0.2600600006446256,0.42097719818537926,2.5649493574615367,2.0794415416798357,90
2337,5,2020-2024,101.95878474756569,32.65802517638217,0.12690635006373052,0.11262298466832041,0.031163588868701003,0.3138702018124449,1.0986122886681098,1.0986122886681098,369.21428571428567
2338,1,2000-2004,102.8571000316852,32.65802517638217,NA,NA,NA,NA,1.6094379124341003,1.0986122886681098,NA
2338,2,2005-2009,102.8571000316852,32.65802517638217,NA,NA,NA,NA,1.0986122886681098,0.6931471805599453,NA
2338,3,2010-2014,102.8571000316852,32.65802517638217,NA,NA,NA,NA,1.0397207708399179,0.8958797346140275,NA
2338,4,2015-2019,102.8571000316852,32.65802517638217,NA,NA,NA,NA,3.044522437723423,2.1972245773362196,NA
2338,5,2020-2024,102.8571000316852,32.65802517638217,0.2059144993305393,0.19790140917473745,0.07908241882905313,0.40144581501441934,1.791759469228055,1.6094379124341003,291
2339,1,2000-2004,103.75541531580473,32.65802517638217,NA,NA,NA,NA,1.1512925464970227,1.0397207708399179,NA
2339,2,2005-2009,103.75541531580473,32.65802517638217,NA,NA,NA,NA,1.1512925464970227,0.8958797346140275,NA
2339,3,2010-2014,103.75541531580473,32.65802517638217,NA,NA,NA,NA,2.0794415416798357,1.791759469228055,NA
2339,4,2015-2019,103.75541531580473,32.65802517638217,0.5627971399715359,0.572933465522294,0.34955573832755515,0.7739527163128356,3.6635616461296463,2.4849066497880004,265
2339,5,2020-2024,103.75541531580473,32.65802517638217,0.6872866162083203,0.7193926967364531,0.41542359319100186,0.9010624335626686,4.30406509320417,3.1780538303479458,364.62400000000014
2340,1,2000-2004,104.65373059992424,32.65802517638217,NA,NA,NA,NA,1.791759469228055,1.3862943611198906,NA
2340,2,2005-2009,104.65373059992424,32.65802517638217,NA,NA,NA,NA,1.6094379124341003,1.0986122886681098,NA
2340,3,2010-2014,104.65373059992424,32.65802517638217,NA,NA,NA,NA,2.34106561356211,1.732867951399863,NA
2340,4,2015-2019,104.65373059992424,32.65802517638217,0.5117333660709787,0.5144347172228179,1.7007665400626856e-6,0.999996566489651,3.828641396489095,2.772588722239781,3477.6666666666665
2340,5,2020-2024,104.65373059992424,32.65802517638217,0.6521891258189116,0.7901935142333425,0.031003823726967684,0.9972175872434963,4.8283137373023015,3.6375861597263857,1267.8214285714284
2341,1,2000-2004,105.55204588404378,32.65802517638217,NA,NA,NA,NA,1.0986122886681098,1.0986122886681098,NA
2341,3,2010-2014,105.55204588404378,32.65802517638217,NA,NA,NA,NA,1.3862943611198906,1.3862943611198906,NA
2341,4,2015-2019,105.55204588404378,32.65802517638217,0.24058994322796243,0.06619846933294993,8.763800731693214e-5,0.9728895295133533,0.6931471805599453,0.6931471805599453,1740
2341,5,2020-2024,105.55204588404378,32.65802517638217,0.3563732517347511,0.3519772487893599,0.21673559694696573,0.519368955090517,2.772588722239781,1.3862943611198906,191.8103448275863
2342,4,2015-2019,106.45036116816328,32.65802517638217,NA,NA,NA,NA,1.791759469228055,1.0986122886681098,NA
2342,5,2020-2024,106.45036116816328,32.65802517638217,0.25016682458438355,0.2259128114427955,0.04344395445162419,0.6209939563813233,1.9459101490553132,1.9459101490553132,496.125
2343,2,2005-2009,107.34867645228282,32.65802517638217,NA,NA,NA,NA,0.6931471805599453,0.6931471805599453,NA
2343,3,2010-2014,107.34867645228282,32.65802517638217,NA,NA,NA,NA,0.6931471805599453,0.6931471805599453,NA
2343,4,2015-2019,107.34867645228282,32.65802517638217,NA,NA,NA,NA,1.0986122886681098,0.6931471805599453,NA
2343,5,2020-2024,107.34867645228282,32.65802517638217,0.18968102698564449,0.18917967047179757,0.12305102877042909,0.27373035278970653,1.700598690831078,1.700598690831078,137.48024316109422
2344,4,2015-2019,108.24699173640234,32.65802517638217,NA,NA,NA,NA,1.0986122886681098,0.6931471805599453,NA
2344,5,2020-2024,108.24699173640234,32.65802517638217,0.12721750557338626,0.1274639773971008,0.0945371071998446,0.16706041439875233,1.2424533248940002,1.0397207708399179,83.29166666666667
2345,3,2010-2014,109.14530702052186,32.65802517638217,0.4418852900787877,0.02349691703253262,8.653453830400861e-22,1,0.6931471805599453,0.6931471805599453,11520
2345,5,2020-2024,109.14530702052186,32.65802517638217,0.08040630164076219,0.08033214644587716,0.06303523420246096,0.10004928093486849,0.6931471805599453,0.6931471805599453,60
2346,5,2020-2024,110.04362230464137,32.65802517638217,0.11496955756886197,0.11496275170750164,0.08607050064159764,0.14992401201282474,1.0986122886681098,1.0986122886681098,80
2347,4,2015-2019,110.9419375887609,32.65802517638217,0.08103120063878097,0.08082434438459271,0.07311136747684517,0.09126305161572455,0.6931471805599453,0.6931471805599453,0
2347,5,2020-2024,110.9419375887609,32.65802517638217,0.34702601478935946,0.3298994931411925,0.056865968377581386,0.777150031170865,2.5649493574615367,1.9459101490553132,560.0333333333333
2348,3,2010-2014,111.84025287288041,32.65802517638218,0.0837148517133282,0.07854255202180517,0.03385822143864105,0.16342354257307154,0.6931471805599453,0.6931471805599453,240
2348,4,2015-2019,111.84025287288041,32.65802517638218,0.14244265776230752,0.14315316134324427,0.11282782585881551,0.17554195394876146,1.3862943611198906,1.0986122886681098,60
2348,5,2020-2024,111.84025287288041,32.65802517638218,0.25522453723069466,0.23918706550828833,0.059231359914112026,0.5821341876470775,2.04717228111105,1.7776740307447068,431
2349,4,2015-2019,112.73856815699993,32.65802517638218,NA,NA,NA,NA,1.6094379124341003,1.3862943611198906,NA
2349,5,2020-2024,112.73856815699993,32.65802517638218,0.10786801983964575,0.07560309282113267,0.009460052229717976,0.3834599322353953,0.6931471805599453,0.6931471805599453,570
2350,4,2015-2019,113.63688344111945,32.65802517638217,NA,NA,NA,NA,1.3862943611198906,1.1512925464970227,NA
2350,5,2020-2024,113.63688344111945,32.65802517638217,0.13650801776656832,0.13482364428207844,0.08948276018186398,0.19401613698129633,1.3862943611198906,0.6931471805599453,120
2351,4,2015-2019,114.53519872523898,32.65802517638217,NA,NA,NA,NA,0.6931471805599453,0.6931471805599453,NA
2351,5,2020-2024,114.53519872523898,32.65802517638217,0.09662683461891151,0.09505719283585785,0.061481472424655674,0.1391105530534579,0.8958797346140275,0.8958797346140275,123.75
2352,5,2020-2024,115.43351400935852,32.65802517638217,0.2378441623513771,0.23350276572557882,0.12828444519558524,0.3788706538376552,2.0794415416798357,1.3862943611198906,201.48387096774192
2353,5,2020-2024,116.33182929347802,32.65802517638217,0.1960873504776203,0.19751222499270366,0.1469506111137051,0.25339538146274865,1.868834809141684,0.8958797346140275,87.9765625
2354,3,2010-2014,117.23014457759756,32.65802517638217,NA,NA,NA,NA,1.0397207708399179,0.6931471805599453,NA
2354,4,2015-2019,117.23014457759756,32.65802517638217,NA,NA,NA,NA,1.0986122886681098,1.0986122886681098,NA
2354,5,2020-2024,117.23014457759756,32.65802517638217,0.2551317481251758,0.25286621265504305,0.1617748686952766,0.37050195649294326,2.1972245773362196,1.3862943611198906,154.61194653299913
2355,4,2015-2019,118.12845986171706,32.65802517638217,NA,NA,NA,NA,0.6931471805599453,0.6931471805599453,NA
2355,5,2020-2024,118.12845986171706,32.65802517638217,0.46637671055513535,5.876365214020833e-4,4.042194152777559e-100,1,1.791759469228055,1.6094379124341003,56849.29411764705
2356,2,2005-2009,119.02677514583655,32.65802517638217,NA,NA,NA,NA,0.6931471805599453,0.6931471805599453,NA
2356,3,2010-2014,119.02677514583655,32.65802517638217,NA,NA,NA,NA,1.0986122886681098,1.0986122886681098,NA
2356,4,2015-2019,119.02677514583655,32.65802517638217,0.21867428826400367,0.21426395616918792,0.11218712013933017,0.3607108908943971,1.9459101490553132,1.3862943611198906,211.83333333333331
2356,5,2020-2024,119.02677514583655,32.65802517638217,0.52776364982237145,0.5513800250341436,0.18710976644916003,0.8582432657307802,3.4965075614664802,2.833213344056216,458.6
2357,3,2010-2014,119.9250904299561,32.65802517638217,0.10929251197774384,0.1097238320751119,0.08628160811335393,0.13533026535680012,1.0397207708399179,1.0397207708399179,60
2357,4,2015-2019,119.9250904299561,32.65802517638217,NA,NA,NA,NA,1.0986122886681098,0.6931471805599453,NA
2357,5,2020-2024,119.9250904299561,32.65802517638217,0.45563466351211,0.4569150247299981,0.2781445032281983,0.6501616765383774,3.1780538303479458,2.0794415416798357,225
2358,2,2005-2009,120.70435844100741,32.60725580025657,0.13380715956306521,0.10364250602001011,0.016938758868456142,0.4144142108857506,1.0397207708399179,1.0397207708399179,510
2358,3,2010-2014,120.70435844100741,32.60725580025657,0.4758625277155362,0.3942962945297911,2.6609884472533173e-5,0.9998870120662164,3.2188758248682006,2.1972245773362196,2638.5714285714284
2358,4,2015-2019,120.70435844100741,32.60725580025657,0.6982107729873501,0.870283097611553,0.031951842996411434,0.9990642391207806,5.493061443340548,3.8066624897703196,1410.4615384615386
2358,5,2020-2024,120.70435844100741,32.60725580025657,0.8231119883769139,0.8736436604449209,0.5342310507596121,0.9750053130847811,5.293304824724492,4.30406509320417,498.2033898305081
2359,3,2010-2014,121.31681376573829,32.34642978303424,NA,NA,NA,NA,1.0986122886681098,0.8958797346140275,NA
2359,4,2015-2019,121.31681376573829,32.34642978303424,NA,NA,NA,NA,1.7776740307447068,1.7005986908310775,NA
2359,5,2020-2024,121.31681376573829,32.34642978303424,0.5382822719362191,0.5515430463187061,0.2988488861249923,0.7827696915108447,3.4573654463592813,3.1457845697791598,307.0260416666667
2384,5,2020-2024,79.50090264457765,31.898541665651084,0.1478394218550147,0.14696594907505806,0.0980465248190835,0.20938436235702113,1.4451858789480823,1.0397207708399179,120.3
2385,5,2020-2024,80.39921792869717,31.898541665651084,0.08040630164076219,0.08033214644587716,0.06303523420246096,0.10004928093486849,0.6931471805599453,0.6931471805599453,60
2386,5,2020-2024,81.29753321281669,31.898541665651084,NA,NA,NA,NA,0.6931471805599453,0.6931471805599453,NA
2387,5,2020-2024,82.19584849693621,31.898541665651084,NA,NA,NA,NA,0.6931471805599453,0.6931471805599453,NA
2390,1,2000-2004,84.89079434929477,31.898541665651084,NA,NA,NA,NA,0.6931471805599453,0.6931471805599453,NA
2390,5,2020-2024,84.89079434929477,31.898541665651084,0.08040630164076219,0.08033214644587716,0.06303523420246096,0.10004928093486849,0.6931471805599453,0.6931471805599453,60
2392,5,2020-2024,86.68742491753382,31.898541665651084,0.08040630164076219,0.08033214644587716,0.06303523420246096,0.10004928093486849,0.6931471805599453,0.6931471805599453,60
2393,4,2015-2019,87.58574020165334,31.898541665651084,NA,NA,NA,NA,0.6931471805599453,0.6931471805599453,NA
2393,5,2020-2024,87.58574020165334,31.898541665651084,0.11277211459563222,0.11283241347935584,0.0954903710800278,0.13112490842282423,1.0986122886681098,0.8958797346140275,30.5
2394,4,2015-2019,88.48405548577286,31.898541665651084,NA,NA,NA,NA,0.6931471805599453,0.6931471805599453,NA
2394,5,2020-2024,88.48405548577286,31.898541665651084,0.08259492058488106,0.07886857562114316,0.03779533510983961,0.14886692046594513,0.6931471805599453,0.6931471805599453,208.5
2395,3,2010-2014,89.38237076989238,31.898541665651084,0.0899795465113003,0.07810263396075559,0.02169763008700062,0.22937314966171918,0.6931471805599453,0.6931471805599453,360
2395,5,2020-2024,89.38237076989238,31.898541665651084,0.4659577045373998,1.4514281404387294e-5,2.9830902078899974e-148,1,0.8958797346140275,0.8958797346140275,84317
2397,3,2010-2014,91.17900133813141,31.898541665651084,NA,NA,NA,NA,0.6931471805599453,0.6931471805599453,NA
2397,4,2015-2019,91.17900133813141,31.898541665651084,NA,NA,NA,NA,0.8958797346140275,0.8958797346140275,NA
2397,5,2020-2024,91.17900133813141,31.898541665651084,0.11502405319813132,0.11546121225421203,0.09077990121159978,0.14220668693904218,1.0986122886681098,1.0986122886681098,60
2398,3,2010-2014,92.07731662225093,31.898541665651084,NA,NA,NA,NA,0.6931471805599453,0.6931471805599453,NA
2398,5,2020-2024,92.07731662225093,31.898541665651084,0.09633622630726521,0.09662361134360398,0.07613274635514146,0.11970905459950999,0.8958797346140275,0.8958797346140275,60
2399,1,2000-2004,92.97563190637047,31.898541665651084,NA,NA,NA,NA,0.6931471805599453,0.6931471805599453,NA
2399,5,2020-2024,92.97563190637047,31.898541665651084,0.11502405319813132,0.11546121225421203,0.09077990121159978,0.14220668693904218,1.0986122886681098,1.0986122886681098,60
2400,4,2015-2019,93.87394719048999,31.898541665651084,0.16433759644360213,0.10584591730049445,0.007875845040917847,0.6087189134370762,1.0986122886681098,1.0986122886681098,718
2400,5,2020-2024,93.87394719048999,31.898541665651084,0.10929251197774384,0.1097238320751119,0.08628160811335393,0.13533026535680012,1.0397207708399179,1.0397207708399179,60
2401,1,2000-2004,94.7722624746095,31.898541665651084,NA,NA,NA,NA,0.6931471805599453,0.6931471805599453,NA
2401,4,2015-2019,94.7722624746095,31.898541665651084,NA,NA,NA,NA,0.6931471805599453,0.6931471805599453,NA
2401,5,2020-2024,94.7722624746095,31.898541665651084,0.39913595594239265,0.26076215287415694,2.841294666360471e-4,0.996542718834613,2.4849066497880004,1.3862943611198906,1860
2402,1,2000-2004,95.67057775872901,31.89854166565107,NA,NA,NA,NA,0.6931471805599453,0.6931471805599453,NA
2402,3,2010-2014,95.67057775872901,31.89854166565107,NA,NA,NA,NA,1.3862943611198906,0.6931471805599453,NA
2402,4,2015-2019,95.67057775872901,31.89854166565107,0.4686690821454665,5.401241603216537e-8,8.99420636594066e-240,1,0.6931471805599453,0.6931471805599453,136912
2402,5,2020-2024,95.67057775872901,31.89854166565107,0.1852982526730819,0.13686497492158617,0.015515871600323987,0.5933050659023643,1.3862943611198906,1.3862943611198906,619.3333333333334
2403,1,2000-2004,96.56889304284854,31.898541665651084,NA,NA,NA,NA,2.772588722239781,1.6094379124341003,NA
2403,2,2005-2009,96.56889304284854,31.898541665651084,NA,NA,NA,NA,1.3862943611198906,0.6931471805599453,NA
2403,3,2010-2014,96.56889304284854,31.898541665651084,NA,NA,NA,NA,1.9944920232821373,1.354025100551105,NA
2403,4,2015-2019,96.56889304284854,31.898541665651084,0.4219786922211237,0.2834604789516509,1.221382537723975e-4,0.9987505393444457,2.5649493574615367,2.0794415416798357,2111.75
2403,5,2020-2024,96.56889304284854,31.898541665651084,0.6248372810619536,0.6731736278848441,0.21489193615037125,0.9340820308101223,4.02535169073515,3.4339872044851463,550.7142857142857
2404,5,2020-2024,97.46720832696808,31.898541665651084,NA,NA,NA,NA,0.6931471805599453,0.6931471805599453,NA
2405,4,2015-2019,98.3655236110876,31.898541665651084,NA,NA,NA,NA,1.0986122886681098,1.0986122886681098,NA
2405,5,2020-2024,98.3655236110876,31.898541665651084,0.09785641922065628,0.09495876438903149,0.05028667450674717,0.163004788977796,0.8958797346140275,0.8958797346140275,182.5
2406,3,2010-2014,99.26383889520712,31.898541665651084,NA,NA,NA,NA,2.1972245773362196,1.9459101490553132,NA
2406,4,2015-2019,99.26383889520712,31.898541665651084,0.1114519682474198,0.10878011944680695,0.05814565626984155,0.1830761325471221,1.0986122886681098,0.6931471805599453,180
2406,5,2020-2024,99.26383889520712,31.898541665651084,0.1154001575808532,0.11353262211118914,0.0723089593796126,0.1685389646452314,1.0986122886681098,1.0986122886681098,132.2
2407,3,2010-2014,100.16215417932663,31.898541665651084,0.09415640984301445,0.09442198191145616,0.07415802525004171,0.11652458452517918,0.8958797346140275,0.6931471805599453,60
2407,4,2015-2019,100.16215417932663,31.898541665651084,0.10529675377334576,0.10364605323118686,0.06971922053252548,0.1480140869348115,1.0397207708399179,0.6931471805599453,112.5
2407,5,2020-2024,100.16215417932663,31.898541665651084,0.22949408857928943,0.13597833697991873,0.003921919032953993,0.8344328152722377,1.4451858789480823,1.0986122886681098,968.2105263157895
2408,3,2010-2014,101.06046946344617,31.898541665651084,NA,NA,NA,NA,1.6094379124341003,1.6094379124341003,NA
2408,5,2020-2024,101.06046946344617,31.898541665651084,0.17630429035310963,0.1711750137106103,0.08367945707909202,0.30842701137169004,1.5890269151739727,1.5890269151739727,225
2409,1,2000-2004,101.95878474756569,31.898541665651084,NA,NA,NA,NA,1.7776740307447068,1.2424533248940002,NA
2409,2,2005-2009,101.95878474756569,31.898541665651084,NA,NA,NA,NA,2.452637389219215,1.791759469228055,NA
2409,3,2010-2014,101.95878474756569,31.898541665651084,NA,NA,NA,NA,2.70805020110221,2.1972245773362196,NA
2409,4,2015-2019,101.95878474756569,31.898541665651084,0.5259893677485081,0.5582169702968505,0.08727599575328486,0.9348559599705057,3.58351893845611,2.6390573296152584,690
2409,5,2020-2024,101.95878474756569,31.898541665651084,0.3290792063228932,0.3272861908283534,0.17755634649229768,0.5157672868001291,2.5649493574615367,1.791759469228055,227.57142857142858
2410,1,2000-2004,102.8571000316852,31.898541665651084,NA,NA,NA,NA,0.6931471805599453,0.6931471805599453,NA
2410,2,2005-2009,102.8571000316852,31.898541665651084,NA,NA,NA,NA,1.0986122886681098,0.6931471805599453,NA
2410,3,2010-2014,102.8571000316852,31.898541665651084,NA,NA,NA,NA,1.6094379124341003,1.3862943611198906,NA
2410,4,2015-2019,102.8571000316852,31.898541665651084,0.429024417165534,0.3182211907422968,3.0311965975988217e-4,0.9979041438688577,2.70805020110221,2.1972245773362196,1920
2410,5,2020-2024,102.8571000316852,31.898541665651084,0.36121206915353954,0.27532780843509663,0.005118450416907056,0.9577723391994143,2.34106561356211,2.282174095733918,1136.5816326530608
2411,3,2010-2014,103.75541531580473,31.898541665651084,NA,NA,NA,NA,1.791759469228055,1.2424533248940002,NA
2411,4,2015-2019,103.75541531580473,31.898541665651084,0.24548354944670658,0.13277965799238703,0.002070154341730108,0.8958788976677909,1.3862943611198906,1.3862943611198906,1125
2411,5,2020-2024,103.75541531580473,31.898541665651084,0.2743147342759535,0.2643583476836932,0.07987026528538839,0.573755480792687,2.1972245773362196,1.791759469228055,384.0375
2412,1,2000-2004,104.65373059992424,31.898541665651084,NA,NA,NA,NA,1.3862943611198906,0.6931471805599453,NA
2412,3,2010-2014,104.65373059992424,31.898541665651084,NA,NA,NA,NA,0.6931471805599453,0.6931471805599453,NA
2412,4,2015-2019,104.65373059992424,31.898541665651084,0.3948499812403067,0.20494958917720027,3.644359139160143e-5,0.9990477407905011,2.1972245773362196,1.3862943611198906,2310
2412,5,2020-2024,104.65373059992424,31.898541665651084,0.5136719603234442,0.534494190469543,0.18154234483421933,0.8457518595024819,3.4339872044851463,2.70805020110221,450
2413,4,2015-2019,105.55204588404376,31.898541665651084,0.11593835459937621,0.11570437710868335,0.10361533255130792,0.1300581782483962,1.0986122886681098,1.0986122886681098,0
2413,5,2020-2024,105.55204588404376,31.898541665651084,0.33713737885742595,0.33973384850545385,0.2272336622398034,0.47042723718398793,2.5184763012068148,2.418140953475739,154.94117647058823
2414,5,2020-2024,106.45036116816328,31.898541665651084,0.24570364689929858,0.19850076009756074,0.023484861074054498,0.6972253560575398,1.8444397270569683,1.732867951399863,625.3333333333333
2415,2,2005-2009,107.34867645228282,31.898541665651084,NA,NA,NA,NA,0.6931471805599453,0.6931471805599453,NA
2415,3,2010-2014,107.34867645228282,31.898541665651084,NA,NA,NA,NA,0.6931471805599453,0.6931471805599453,NA
2415,4,2015-2019,107.34867645228282,31.898541665651084,NA,NA,NA,NA,1.6094379124341003,0.8958797346140275,NA
2415,5,2020-2024,107.34867645228282,31.898541665651084,0.18240435907265265,0.1837844680573954,0.14629325257847722,0.2268108930453639,1.791759469228055,0.6931471805599453,60
2416,4,2015-2019,108.24699173640234,31.898541665651084,NA,NA,NA,NA,1.666102255087602,0.6931471805599453,NA
2416,5,2020-2024,108.24699173640234,31.898541665651084,0.2642374942285158,0.24466338871237092,0.0570467398002363,0.6096215354704116,2.1972245773362196,1.0986122886681098,450.5
2417,4,2015-2019,109.14530702052187,31.898541665651095,0.400940386995527,0.0763642146051523,4.600999632882314e-9,0.9999975868711884,1.2424533248940002,0.6931471805599453,4320
2417,5,2020-2024,109.14530702052187,31.898541665651095,0.11540498512211061,0.11351722009980474,0.07223607686224974,0.16865097470487833,1.0986122886681098,1.0986122886681098,132.5
2418,3,2010-2014,110.04362230464137,31.898541665651084,0.09202222704543282,0.07790649886724005,0.019284234520251048,0.24851016228911038,0.6931471805599453,0.6931471805599453,390
2418,4,2015-2019,110.04362230464137,31.898541665651084,NA,NA,NA,NA,0.6931471805599453,0.6931471805599453,NA
2418,5,2020-2024,110.04362230464137,31.898541665651084,0.38674734228585783,0.38212703583328506,0.08488800036408997,0.784959006548976,2.772588722239781,2.302585092994046,509.8666666666666
2419,4,2015-2019,110.9419375887609,31.898541665651084,0.09489462502524254,0.0945750673282723,0.08549814797091729,0.10689517989874392,0.8958797346140275,0.6931471805599453,0
2419,5,2020-2024,110.9419375887609,31.898541665651084,0.7238552275382003,0.737381969769196,0.5878885833597318,0.8415438632432157,4.490777970385944,2.470821211304652,176.1814119221986
2420,4,2015-2019,111.84025287288041,31.898541665651084,0.12204753702564569,0.11303972575904185,0.04071916657405954,0.264058261908502,1.0986122886681098,1.0986122886681098,300
2420,5,2020-2024,111.84025287288041,31.898541665651084,0.37191272266978376,0.3696889295075674,0.2222210678555367,0.5461130950921664,2.772588722239781,1.9459101490553132,205.81785714285712
2421,5,2020-2024,112.73856815699993,31.898541665651084,0.17232790013006666,0.1730419122203562,0.1360920921458541,0.2123113685002025,1.6094379124341003,1.3862943611198906,61.54545454545455
2422,3,2010-2014,113.63688344111945,31.898541665651084,NA,NA,NA,NA,2.1972245773362196,0.6931471805599453,NA
2422,4,2015-2019,113.63688344111945,31.898541665651084,0.12016926280265666,0.11324380628250913,0.04557206841998863,0.24249794126160956,1.0986122886681098,1.0986122886681098,267.5
2422,5,2020-2024,113.63688344111945,31.898541665651084,0.3475136915991189,0.3350253871013166,0.06858644368889677,0.7514678364542652,2.5649493574615367,2.0794415416798357,514.7272727272727
2423,2,2005-2009,114.53519872523898,31.898541665651084,NA,NA,NA,NA,1.0986122886681098,0.6931471805599453,NA
2423,3,2010-2014,114.53519872523898,31.898541665651084,0.385624086770649,0.30214845731874695,0.003421789934042804,0.9763430572219717,2.5649493574615367,1.791759469228055,1269.5
2423,4,2015-2019,114.53519872523898,31.898541665651084,0.600296283742095,0.7353390866877356,0.005963233936281258,0.9989550653409396,4.574710978503383,3.332204510175204,1620
2423,5,2020-2024,114.53519872523898,31.898541665651084,0.6270843939313494,0.7871546651271226,0.007801495770971735,0.999234584841005,4.859812404361672,3.6888794541139363,1626.663316582917
2424,3,2010-2014,115.43351400935852,31.898541665651084,NA,NA,NA,NA,1.791759469228055,0.6931471805599453,NA
2424,4,2015-2019,115.43351400935852,31.898541665651084,0.11647014112914415,0.11340356207859978,0.06172800090830755,0.1900625945797153,1.0986122886681098,1.0986122886681098,179
2424,5,2020-2024,115.43351400935852,31.898541665651084,0.1596870002956863,0.15693932408593414,0.09726774095242985,0.2383454572916431,1.4978661367769954,1.3862943611198906,149.39772727272728
2425,4,2015-2019,116.33182929347802,31.898541665651084,0.08304460835453237,0.07862295774330363,0.036067245239534765,0.15493176179700427,0.6931471805599453,0.6931471805599453,221.91666666666669
2425,5,2020-2024,116.33182929347802,31.898541665651084,0.28028305085697436,0.2768196797082635,0.12807064285900546,0.48614650550443445,2.302585092994046,1.6094379124341003,264.14565217391305
2426,3,2010-2014,117.23014457759756,31.898541665651084,NA,NA,NA,NA,2.57083177825133,1.0986122886681098,NA
2426,4,2015-2019,117.23014457759756,31.898541665651084,0.47499998906142726,1.0591225245367874e-38,0,1,1.791759469228055,1.3862943611198906,851526.4
2426,5,2020-2024,117.23014457759756,31.898541665651084,0.5428618736627515,0.7713631240990584,4.4461542712835607e-13,0.9999999999996437,5.673323267171493,2.995732273553991,7673.234266772208
2427,1,2000-2004,118.12845986171706,31.898541665651095,NA,NA,NA,NA,0.6931471805599453,0.6931471805599453,NA
2427,2,2005-2009,118.12845986171706,31.898541665651095,NA,NA,NA,NA,0.6931471805599453,0.6931471805599453,NA
2427,3,2010-2014,118.12845986171706,31.898541665651095,NA,NA,NA,NA,1.2424533248940002,1.0397207708399179,NA
2427,4,2015-2019,118.12845986171706,31.898541665651095,0.4097427040151551,0.41102888696057516,0.10540957666104844,0.7875381643106485,2.9444389791664403,2.0794415416798357,480
2427,5,2020-2024,118.12845986171706,31.898541665651095,0.5601236211818129,0.6283034056697381,0.015025167920250274,0.9934751420837625,3.9512437185814275,3.295836866004329,1250.2
2428,1,2000-2004,119.02677514583665,31.89854166565111,NA,NA,NA,NA,0.6931471805599453,0.6931471805599453,NA
2428,2,2005-2009,119.02677514583665,31.89854166565111,0.11573230663862118,0.11281747439571416,0.06810032825114383,0.1752881165002562,1.0986122886681098,1.0986122886681098,150
2428,3,2010-2014,119.02677514583665,31.89854166565111,0.6259728159057174,0.6385590697962394,0.41993929845845174,0.8174367724656758,3.9889840465642745,2.4849066497880004,260
2428,4,2015-2019,119.02677514583665,31.89854166565111,0.7203889296094045,0.7402291051308532,0.5330159119082164,0.8790794384322067,4.406719247264253,3.295836866004329,260
2428,5,2020-2024,119.02677514583665,31.89854166565111,0.5965035350588657,0.9108359593642159,1.415329020332398e-7,0.9999999959039493,6.410174881966167,4.356708826689592,4715.02222222222
2429,1,2000-2004,119.92239368993879,31.898134324632665,NA,NA,NA,NA,1.0986122886681098,1.0986122886681098,NA
2429,3,2010-2014,119.92239368993879,31.898134324632665,0.44893341495696193,0.06444391566382139,7.991087723188932e-18,0.9999999999999638,1.6094379124341003,1.0986122886681098,9452.5
2429,4,2015-2019,119.92239368993879,31.898134324632665,0.41871620530678877,0.4230877708911375,0.21779644949231233,0.652366917453931,2.962127898707266,2.3221954495706862,273.33333333333337
2429,5,2020-2024,119.92239368993879,31.898134324632665,0.8945980842672987,0.9089757513822886,0.8003390009398708,0.9589370646772296,5.817111159963204,3.4657359027997265,239.4148397976395
2430,2,2005-2009,120.81254974467387,31.907475722745293,NA,NA,NA,NA,1.0986122886681098,1.0986122886681098,NA
2430,3,2010-2014,120.81254974467387,31.907475722745293,0.20458016044613522,0.20102418807360892,0.10298592304457527,0.3398458810333007,1.9459101490553132,0.6931471805599453,210
2430,4,2015-2019,120.81254974467387,31.907475722745293,0.43216323685720026,0.4392080340885477,0.2898146045339603,0.5934565807944892,2.995732273553991,2.4849066497880004,180
2430,5,2020-2024,120.81254974467387,31.907475722745293,0.8984303001324678,0.9166837125180884,0.7877427414472955,0.9697003500960606,5.902633333401366,3.713572066704308,297.4473684210523
2431,2,2005-2009,121.53361644034085,31.85001904436322,0.1314921212498682,0.10539790208624822,0.019141450142427185,0.39106116504552657,1.0986122886681098,0.6931471805599453,480
2431,3,2010-2014,121.53361644034085,31.85001904436322,NA,NA,NA,NA,1.0986122886681098,1.0986122886681098,NA
2431,4,2015-2019,121.53361644034085,31.85001904436322,0.47192550193977123,0.4540159639089794,0.004948657193438698,0.9907829488594007,3.2188758248682006,2.70805020110221,1350.5
2431,5,2020-2024,121.53361644034085,31.85001904436322,0.7390236013248256,0.7884209116839648,0.4120130514811926,0.9489718416507849,4.605170185988092,4.07753744390572,464.03448275862087
2456,1,2000-2004,79.52423379981482,31.264574138769824,NA,NA,NA,NA,1.0986122886681098,0.6931471805599453,NA
2456,4,2015-2019,79.52423379981482,31.264574138769824,NA,NA,NA,NA,1.0986122886681098,0.6931471805599453,NA
2456,5,2020-2024,79.52423379981482,31.264574138769824,0.18357233126856884,0.17020014777955197,0.0519112045123269,0.4133570694977349,1.6094379124341003,1.3862943611198906,357.4047619047619
2457,4,2015-2019,80.40065383417712,31.133888451447145,NA,NA,NA,NA,0.6931471805599453,0.6931471805599453,NA
2457,5,2020-2024,80.40065383417712,31.133888451447145,0.1436857781276027,0.13334398483389479,0.04854336594892176,0.3048732935892264,1.3862943611198906,0.6931471805599453,301
2458,1,2000-2004,81.29753321281669,31.132740120149325,NA,NA,NA,NA,1.6094379124341003,1.0986122886681098,NA
2458,2,2005-2009,81.29753321281669,31.132740120149325,NA,NA,NA,NA,1.6094379124341003,0.6931471805599453,NA
2458,3,2010-2014,81.29753321281669,31.132740120149325,NA,NA,NA,NA,0.8958797346140275,0.6931471805599453,NA
2458,4,2015-2019,81.29753321281669,31.132740120149325,NA,NA,NA,NA,1.3862943611198906,1.0986122886681098,NA
2458,5,2020-2024,81.29753321281669,31.132740120149325,0.14254490172846995,0.14181641440058326,0.09449048106147369,0.20194135201883334,1.3862943611198906,1.0986122886681098,120
2459,5,2020-2024,82.19584849693621,31.132740120149325,NA,NA,NA,NA,1.0986122886681098,0.6931471805599453,NA
2460,5,2020-2024,83.09416378105573,31.132740120149325,0.19564100430071507,0.19644820073612004,0.15567885649982557,0.24052783168909062,1.791759469228055,1.3862943611198906,60
2461,5,2020-2024,83.99247906517525,31.132740120149325,0.14244265776230752,0.14315316134324427,0.11282782585881551,0.17554195394876146,1.3862943611198906,1.0986122886681098,60
2462,5,2020-2024,84.89079434929477,31.132740120149325,0.08040630164076219,0.08033214644587716,0.06303523420246096,0.10004928093486849,0.6931471805599453,0.6931471805599453,60
2463,5,2020-2024,85.7891096334143,31.132740120149325,0.08040630164076219,0.08033214644587716,0.06303523420246096,0.10004928093486849,0.6931471805599453,0.6931471805599453,60
2464,5,2020-2024,86.68742491753382,31.132740120149325,0.08079086027360566,0.0795389959296176,0.04961146802776177,0.11813393873843706,0.6931471805599453,0.6931471805599453,130
2466,5,2020-2024,88.48405548577286,31.132740120149325,0.0837148517133282,0.07854255202180517,0.03385822143864105,0.16342354257307154,0.6931471805599453,0.6931471805599453,240
2468,5,2020-2024,90.2806860540119,31.132740120149325,0.08073092990513679,0.07963320513389524,0.05038598312328952,0.11689087416909742,0.6931471805599453,0.6931471805599453,125.5
2469,1,2000-2004,91.17900133813141,31.132740120149325,NA,NA,NA,NA,0.6931471805599453,0.6931471805599453,NA
2469,2,2005-2009,91.17900133813141,31.132740120149325,NA,NA,NA,NA,0.6931471805599453,0.6931471805599453,NA
2469,3,2010-2014,91.17900133813141,31.132740120149325,0.08060638205768508,0.08089156585168308,0.06852773360214819,0.09312978066290027,0.6931471805599453,0.6931471805599453,30
2469,4,2015-2019,91.17900133813141,31.132740120149325,0.15852239265550336,0.144831475043129,0.042701922181354386,0.3699468549457793,1.3862943611198906,1.3862943611198906,360
2469,5,2020-2024,91.17900133813141,31.132740120149325,0.24545670296636318,0.2419141054186818,0.13706892629404072,0.38429963579356785,2.04717228111105,1.9560115027140732,196
2470,4,2015-2019,92.07731662225093,31.132740120149325,NA,NA,NA,NA,1.0986122886681098,1.0986122886681098,NA
2470,5,2020-2024,92.07731662225093,31.132740120149325,0.11514629438326994,0.11501027201501204,0.09407200046869074,0.13764409898239582,1.0986122886681098,1.0986122886681098,45
2471,5,2020-2024,92.97563190637047,31.132740120149325,0.08177550833508929,0.07924709081503394,0.04173421004223165,0.13663425527550296,0.6931471805599453,0.6931471805599453,180
2472,5,2020-2024,93.87394719048999,31.132740120149325,0.12204753702564569,0.11303972575904185,0.04071916657405954,0.264058261908502,1.0986122886681098,1.0986122886681098,300
2473,5,2020-2024,94.7722624746095,31.132740120149325,0.12184115427258924,0.11868256754204316,0.06465795020996562,0.1986971014679208,1.1512925464970227,1.1512925464970227,180
2474,3,2010-2014,95.67057775872902,31.132740120149325,0.4418852900787877,0.02349691703253262,8.653453830400861e-22,1,0.6931471805599453,0.6931471805599453,11520
2474,4,2015-2019,95.67057775872902,31.132740120149325,NA,NA,NA,NA,0.6931471805599453,0.6931471805599453,NA
2474,5,2020-2024,95.67057775872902,31.132740120149325,0.11509000141768387,0.1141044305590638,0.07867868500292902,0.15934108987535997,1.0986122886681098,1.0986122886681098,107
2475,1,2000-2004,96.56889304284854,31.132740120149325,NA,NA,NA,NA,1.0986122886681098,0.6931471805599453,NA
2475,5,2020-2024,96.56889304284854,31.132740120149325,0.1467926815069257,0.1465395170670735,0.10531256875290868,0.1984113953180386,1.3862943611198906,1.3862943611198906,98.5
2476,4,2015-2019,97.46720832696808,31.132740120149325,0.13982566324160062,0.07400506049568599,0.0032231782038669088,0.616011536164479,0.6931471805599453,0.6931471805599453,840
2476,5,2020-2024,97.46720832696808,31.132740120149325,0.08239172663627398,0.07903548404394137,0.03866093836487395,0.14599979826803552,0.6931471805599453,0.6931471805599453,202
2477,5,2020-2024,98.3655236110876,31.132740120149325,0.08040630164076219,0.08033214644587716,0.06303523420246096,0.10004928093486849,0.6931471805599453,0.6931471805599453,60
2478,4,2015-2019,99.26383889520712,31.132740120149325,NA,NA,NA,NA,0.6931471805599453,0.6931471805599453,NA
2478,5,2020-2024,99.26383889520712,31.132740120149325,0.2416179782211992,0.24260333126560352,0.17955635778778453,0.315722577562598,2.0794415416798357,1.6094379124341003,96
2479,4,2015-2019,100.16215417932663,31.132740120149325,NA,NA,NA,NA,0.8958797346140275,0.6931471805599453,NA
2479,5,2020-2024,100.16215417932663,31.132740120149325,0.12203516444083025,0.11304096519508151,0.04074745831267759,0.26392189129043325,1.0986122886681098,1.0986122886681098,299.8
2480,2,2005-2009,101.06046946344617,31.132740120149325,NA,NA,NA,NA,0.6931471805599453,0.6931471805599453,NA
2480,4,2015-2019,101.06046946344617,31.132740120149325,NA,NA,NA,NA,0.6931471805599453,0.6931471805599453,NA
2480,5,2020-2024,101.06046946344617,31.132740120149325,0.12776280663853068,0.11256022792153891,0.02988312253925213,0.3220783646209239,1.0986122886681098,1.0986122886681098,380
2481,2,2005-2009,101.95878474756569,31.132740120149325,NA,NA,NA,NA,0.8958797346140275,0.6931471805599453,NA
2481,3,2010-2014,101.95878474756569,31.132740120149325,NA,NA,NA,NA,1.2424533248940002,1.0397207708399179,NA
2481,4,2015-2019,101.95878474756569,31.132740120149325,NA,NA,NA,NA,1.7005986908310775,1.7005986908310775,NA
2481,5,2020-2024,101.95878474756569,31.132740120149325,0.18488439302521995,0.17182853051249747,0.051881965882244224,0.4173323475606303,1.5890269151739727,1.5890269151739727,360
2482,1,2000-2004,102.8571000316852,31.132740120149325,NA,NA,NA,NA,2.831480240067973,1.6094379124341003,NA
2482,2,2005-2009,102.8571000316852,31.132740120149325,NA,NA,NA,NA,3.295836866004329,1.3862943611198906,NA
2482,3,2010-2014,102.8571000316852,31.132740120149325,NA,NA,NA,NA,4.02535169073515,2.8903717578961645,NA
2482,4,2015-2019,102.8571000316852,31.132740120149325,0.6039629820052806,0.8065199723136733,3.994083829479154e-4,0.9999639482144159,5.159055299214529,3.5263605246161616,2430
2482,5,2020-2024,102.8571000316852,31.132740120149325,0.7787756473402129,0.8754771351398782,0.26552991101512835,0.9917984699192892,5.375278407684165,4.2626798770413155,802.792890262747
2483,1,2000-2004,103.75541531580473,31.132740120149325,NA,NA,NA,NA,0.8958797346140275,0.8958797346140275,NA
2483,2,2005-2009,103.75541531580473,31.132740120149325,0.14969318706788287,0.14023443233519234,0.051566955372961146,0.3147170817020306,1.3862943611198906,1.0986122886681098,300
2483,3,2010-2014,103.75541531580473,31.132740120149325,0.35525756555009963,0.3512655053336826,0.10302641826434444,0.6979599435970956,2.6390573296152584,2.0794415416798357,420
2483,4,2015-2019,103.75541531580473,31.132740120149325,0.7118157621134034,0.7351971515622524,0.4941783250880647,0.8919129209637221,4.394449154672439,3.258096538021482,305
2483,5,2020-2024,103.75541531580473,31.132740120149325,0.6252739396228454,0.8756440678778443,2.0878674118182412e-4,0.999993111818182,5.730099782973574,4.189654742026425,2738.9316037735825
2484,1,2000-2004,104.65373059992424,31.132740120149325,NA,NA,NA,NA,0.6931471805599453,0.6931471805599453,NA
2484,2,2005-2009,104.65373059992424,31.132740120149325,NA,NA,NA,NA,0.6931471805599453,0.6931471805599453,NA
2484,3,2010-2014,104.65373059992424,31.132740120149325,NA,NA,NA,NA,1.0986122886681098,1.0986122886681098,NA
2484,4,2015-2019,104.65373059992424,31.132740120149325,0.48442423753370784,0.3650459838559055,2.4954430087694113e-8,0.9999997554028704,3.258096538021482,2.5649493574615367,4400.630952380952
2484,5,2020-2024,104.65373059992424,31.132740120149325,0.8147444363033886,0.8452868642373674,0.6029888250950576,0.9546621746277328,5.0689042022202315,4.143134726391533,373.2857142857142
2485,4,2015-2019,105.55204588404376,31.132740120149325,NA,NA,NA,NA,1.7005986908310775,0.6931471805599453,NA
2485,5,2020-2024,105.55204588404376,31.132740120149325,0.11502405319813132,0.11546121225421203,0.09077990121159978,0.14220668693904218,1.0986122886681098,1.0986122886681098,60
2486,2,2005-2009,106.45036116816328,31.132740120149325,NA,NA,NA,NA,0.6931471805599453,0.6931471805599453,NA
2486,3,2010-2014,106.45036116816328,31.132740120149325,0.12482566115097704,0.0743288644961661,0.0052052420369238725,0.5128777219614847,0.6931471805599453,0.6931471805599453,720
2486,4,2015-2019,106.45036116816328,31.132740120149325,0.13683904891550708,0.10977981269011722,0.020206440952875833,0.4029223148793735,1.0986122886681098,1.0986122886681098,480
2486,5,2020-2024,106.45036116816328,31.132740120149325,0.31171683362692565,0.3109992521310777,0.14949774570913824,0.5201227324411487,2.543798167616192,1.2424533248940002,256.875
2487,4,2015-2019,107.34867645228282,31.132740120149325,NA,NA,NA,NA,1.0986122886681098,0.6931471805599453,NA
2487,5,2020-2024,107.34867645228282,31.132740120149325,0.38931362587301827,0.39336363955990516,0.16572970972625495,0.6633125422103647,2.9444389791664403,1.3862943611198906,324.1666666666667
2488,3,2010-2014,108.24699173640234,31.132740120149325,NA,NA,NA,NA,0.6931471805599453,0.6931471805599453,NA
2488,4,2015-2019,108.24699173640234,31.132740120149325,NA,NA,NA,NA,0.8958797346140275,0.6931471805599453,NA
2488,5,2020-2024,108.24699173640234,31.132740120149325,0.4057433740865742,0.4090882083581829,0.27218715876287436,0.5596548774120497,2.983073369561846,1.666102255087602,170.06578947368422
2489,1,2000-2004,109.14530702052186,31.132740120149325,NA,NA,NA,NA,1.3862943611198906,1.0986122886681098,NA
2489,3,2010-2014,109.14530702052186,31.132740120149325,NA,NA,NA,NA,0.6931471805599453,0.6931471805599453,NA
2489,4,2015-2019,109.14530702052186,31.132740120149325,NA,NA,NA,NA,1.2424533248940002,1.1512925464970227,NA
2489,5,2020-2024,109.14530702052186,31.132740120149325,0.21072932243989287,0.21114349325895243,0.1542891911502074,0.278762341566045,1.9459101490553132,1.0986122886681098,98.71889400921658
2490,1,2000-2004,110.04362230464137,31.132740120149325,NA,NA,NA,NA,1.0397207708399179,0.8958797346140275,NA
2490,2,2005-2009,110.04362230464137,31.132740120149325,NA,NA,NA,NA,1.4978661367769954,1.0986122886681098,NA
2490,3,2010-2014,110.04362230464137,31.132740120149325,0.26227692548567383,0.11261345024859216,5.073146805892049e-4,0.9569815701442546,1.2424533248940002,1.2424533248940002,1440
2490,4,2015-2019,110.04362230464137,31.132740120149325,0.46076541617978334,0.3037021698023765,1.4443764413030196e-6,0.9999830158604553,2.833213344056216,2.302585092994046,3285.625
2490,5,2020-2024,110.04362230464137,31.132740120149325,0.5755120506650541,0.6342053845412442,0.06425350223036533,0.9740049814448016,3.9512437185814275,2.9444389791664403,862.9354838709677
2491,1,2000-2004,110.9419375887609,31.132740120149325,NA,NA,NA,NA,1.0397207708399179,0.6931471805599453,NA
2491,2,2005-2009,110.9419375887609,31.132740120149325,NA,NA,NA,NA,1.0986122886681098,1.0986122886681098,NA
2491,3,2010-2014,110.9419375887609,31.132740120149325,0.11568526859662966,0.11616028148433265,0.10243818485638555,0.13042291224632133,1.0986122886681098,1.0986122886681098,11
2491,4,2015-2019,110.9419375887609,31.132740120149325,0.3974210431643324,0.24345549010954132,1.6224526474787896e-4,0.9975553580789434,2.302585092994046,2.0794415416798357,1983.75
2491,5,2020-2024,110.9419375887609,31.132740120149325,0.6720734066640677,0.7615659323484649,0.13766943837315204,0.9821028792100365,4.634728988229636,2.995732273553991,802.7916666666667
2492,3,2010-2014,111.84025287288041,31.132740120149325,NA,NA,NA,NA,0.8958797346140275,0.6931471805599453,NA
2492,4,2015-2019,111.84025287288041,31.132740120149325,NA,NA,NA,NA,0.8958797346140275,0.6931471805599453,NA
2492,5,2020-2024,111.84025287288041,31.132740120149325,0.38474699273314616,0.2701698248626825,0.0010465315137126,0.9893533705115721,2.4849066497880004,1.3862943611198906,1534.4618644067789
2493,3,2010-2014,112.73856815699993,31.132740120149325,0.23766416081854094,0.07991470833216,2.284756601628612e-4,0.9564653022480821,0.8958797346140275,0.6931471805599453,1545
2493,4,2015-2019,112.73856815699993,31.132740120149325,0.20430013196810268,0.16961542264584176,0.027199552591405003,0.5723951751310606,1.6094379124341003,1.6094379124341003,532.5
2493,5,2020-2024,112.73856815699993,31.132740120149325,0.23915923301084321,0.21937145057576735,0.04961983884649198,0.5721461878077877,1.9459101490553132,1.6094379124341003,449.9516806722689
2494,3,2010-2014,113.63688344111945,31.132740120149325,0.08071201588085758,0.07955568203843981,0.05064669394085677,0.11647905308384941,0.6931471805599453,0.6931471805599453,124
2494,4,2015-2019,113.63688344111945,31.132740120149325,0.17689768879016732,0.17562978702493653,0.15146098629725638,0.20536326835782936,1.6094379124341003,1.6094379124341003,30
2494,5,2020-2024,113.63688344111945,31.132740120149325,0.5837380816779103,0.5912145014983807,0.4524812991574915,0.7155526712917462,3.6700934176600577,2.84517972716203,147.65876436781613
2495,2,2005-2009,114.53519872523898,31.132740120149325,0.08645822336846111,0.07828510891049537,0.02742775702611936,0.194283452164545,0.6931471805599453,0.6931471805599453,300
2495,3,2010-2014,114.53519872523898,31.132740120149325,0.09654177051670558,0.09291190626772215,0.04444582609015311,0.1730292784458421,0.8958797346140275,0.6931471805599453,210
2495,4,2015-2019,114.53519872523898,31.132740120149325,0.3257145065322629,0.32367468344436934,0.16527597894214183,0.5298809437738431,2.4849066497880004,2.1972245773362196,249
2495,5,2020-2024,114.53519872523898,31.132740120149325,0.8267546697475786,0.8595216564045697,0.6150677113601376,0.9603812467622965,5.2574953720277815,3.6888794541139363,386.8947368421053
2496,3,2010-2014,115.43351400935852,31.132740120149325,0.3863672771626977,0.0742503765544539,2.3052834738404924e-8,0.9999889450446494,1.0986122886681098,1.0986122886681098,3900
2496,4,2015-2019,115.43351400935852,31.132740120149325,0.32552242241811585,0.09628945487607737,1.3090875443032604e-5,0.9978863125755906,1.2424533248940002,0.8958797346140275,2341
2496,5,2020-2024,115.43351400935852,31.132740120149325,0.4769378411533171,0.49172216561904536,0.13482350809726462,0.8445152135447141,3.2188758248682006,2.833213344056216,495.53333333333336
2497,3,2010-2014,116.33182929347802,31.132740120149325,0.4717085038534,9.482452816698676e-9,3.6210039530051464e-280,1,1.3862943611198906,1.0986122886681098,160313.6666666667
2497,4,2015-2019,116.33182929347802,31.132740120149325,NA,NA,NA,NA,1.1512925464970227,0.6931471805599453,NA
2497,5,2020-2024,116.33182929347802,31.132740120149325,0.3840231991900932,0.3859698228729067,0.15584561487922957,0.6692584475022408,2.833213344056216,1.9459101490553132,339.3523584905659
2498,4,2015-2019,117.23014457759756,31.132740120149325,NA,NA,NA,NA,1.9356005054539454,1.0986122886681098,NA
2498,5,2020-2024,117.23014457759756,31.132740120149325,0.4757368315094274,0.48305833396203723,0.3540356465494247,0.6060713047226767,3.258096538021482,2.0794415416798357,138.2
2499,2,2005-2009,118.12845986171706,31.132740120149325,0.38138866686964085,0.048821118818120485,2.2407145210521254e-9,0.9999968056294173,0.6931471805599453,0.6931471805599453,4380
2499,3,2010-2014,118.12845986171706,31.132740120149325,0.11309720143523237,0.11357559222931665,0.09967461432461679,0.12781790746727642,1.0986122886681098,0.8958797346140275,12
2499,4,2015-2019,118.12845986171706,31.132740120149325,0.19219999812064764,0.19137086200717263,0.1303910667405559,0.26829794823523107,1.868834809141684,0.6931471805599453,118
2499,5,2020-2024,118.12845986171706,31.132740120149325,0.4077081095888962,0.20181323921067054,1.07085020021687e-5,0.9996840585768859,2.1972245773362196,1.6094379124341003,2623.3258928571454
2500,3,2010-2014,119.02677514583675,31.132740120149325,0.12401438346923853,0.11285611225445775,0.036281402621539165,0.2850185605566883,1.0986122886681098,1.0986122886681098,330
2500,4,2015-2019,119.02677514583675,31.132740120149325,0.16066603997578216,0.1419173005029603,0.03442004188366878,0.40828771418167,1.3862943611198906,1.2424533248940002,411
2500,5,2020-2024,119.02677514583675,31.132740120149325,0.4563767353666568,0.46740846993659,0.1590616829572799,0.7896508863199527,3.1354942159291497,2.5649493574615367,420
2501,2,2005-2009,119.92509042995609,31.13274012014931,NA,NA,NA,NA,1.4451858789480823,1.354025100551105,NA
2501,3,2010-2014,119.92509042995609,31.13274012014931,0.34114104066901885,0.3384204009227212,0.11991820725872589,0.6398529741198928,2.6390573296152584,1.6094379124341003,361.45833333333337
2501,4,2015-2019,119.92509042995609,31.13274012014931,0.47499908231195975,1.1423263878900603e-25,0,1,2.70805020110221,2.1972245773362196,560733.25
2501,5,2020-2024,119.92509042995609,31.13274012014931,0.8228975432227746,0.8663873494107697,0.5651041740752251,0.9687017728429559,5.313205979041787,3.6635616461296463,449.6815769522361
2502,1,2000-2004,120.82330591956432,31.132655905840622,NA,NA,NA,NA,1.0986122886681098,1.0986122886681098,NA
2502,2,2005-2009,120.82330591956432,31.132655905840622,0.1948750223574499,0.16766008908192012,0.03239667157961562,0.5200192624849561,1.6094379124341003,1.3862943611198906,480
2502,3,2010-2014,120.82330591956432,31.132655905840622,0.4060014313180459,0.4041733281686465,0.3357373307965945,0.47823824109024926,2.833213344056216,2.5649493574615367,57
2502,4,2015-2019,120.82330591956432,31.132655905840622,0.7954680841147044,0.7963150337213414,0.7138248770701046,0.8637312014953125,4.727387818712341,3.784189633918261,105
2502,5,2020-2024,120.82330591956432,31.132655905840622,0.8910696800187963,0.9620180788061254,0.5092658668225548,0.99820926895715,6.803505257608338,4.836281906951478,869.1276070252644
2503,1,2000-2004,121.5344522193157,31.100950079006267,NA,NA,NA,NA,2.6390573296152584,1.9459101490553132,NA
2503,2,2005-2009,121.5344522193157,31.100950079006267,0.6589691732202249,0.676818766997275,0.4955831989533007,0.8108684258988546,4.060443010546419,2.995732273553991,202.94117647058823
2503,3,2010-2014,121.5344522193157,31.100950079006267,0.8155954939283807,0.816097793185341,0.74330931711496,0.8763363110806061,4.867534450455582,3.828641396489095,94.83333333333334
2503,4,2015-2019,121.5344522193157,31.100950079006267,0.6654347210736082,0.9512222275472282,1.8975191282091374e-4,0.999999150691968,6.82001636467413,5.187385805840755,3034.164251207734
2503,5,2020-2024,121.5344522193157,31.100950079006267,0.7307133312567591,0.9842517407613448,0.0012696468137452057,0.999999465272318,8.069029328774958,5.6131281063880705,2845.8342490842506
2504,4,2015-2019,122.66019317047414,30.83773438902863,NA,NA,NA,NA,0.6931471805599453,0.6931471805599453,NA
2504,5,2020-2024,122.66019317047414,30.83773438902863,0.31959490651703165,0.29225144696800465,0.045182945930663757,0.7605419798725385,2.418140953475739,1.666102255087602,579.0285714285715
2530,1,2000-2004,81.26011281175869,30.493452251176187,NA,NA,NA,NA,1.2424533248940002,0.6931471805599453,NA
2530,2,2005-2009,81.26011281175869,30.493452251176187,NA,NA,NA,NA,0.6931471805599453,0.6931471805599453,NA
2530,3,2010-2014,81.26011281175869,30.493452251176187,NA,NA,NA,NA,0.6931471805599453,0.6931471805599453,NA
2530,4,2015-2019,81.26011281175869,30.493452251176187,NA,NA,NA,NA,0.6931471805599453,0.6931471805599453,NA
2530,5,2020-2024,81.26011281175869,30.493452251176187,0.08044709706393452,0.07937459202388222,0.05609850595632958,0.10855594521923595,0.6931471805599453,0.6931471805599453,94.2
2531,1,2000-2004,82.2720886894834,30.445350213689434,NA,NA,NA,NA,0.6931471805599453,0.6931471805599453,NA
2531,3,2010-2014,82.2720886894834,30.445350213689434,NA,NA,NA,NA,0.6931471805599453,0.6931471805599453,NA
2532,2,2005-2009,83.09416378105573,30.360705911503267,NA,NA,NA,NA,0.6931471805599453,0.6931471805599453,NA
2532,4,2015-2019,83.09416378105573,30.360705911503267,NA,NA,NA,NA,0.6931471805599453,0.6931471805599453,NA
2532,5,2020-2024,83.09416378105573,30.360705911503267,0.22132908312167193,0.06811288566880205,2.000816717512343e-4,0.9464592393652769,0.6931471805599453,0.6931471805599453,1534
2535,5,2020-2024,85.7891096334143,30.360705911503267,0.08040630164076219,0.08033214644587716,0.06303523420246096,0.10004928093486849,0.6931471805599453,0.6931471805599453,60
2539,5,2020-2024,89.38237076989238,30.360705911503267,0.0944001119989919,0.09459967599354696,0.0802462463719701,0.10943196883996735,0.8958797346140275,0.6931471805599453,30
2540,2,2005-2009,90.2806860540119,30.360705911503267,NA,NA,NA,NA,0.6931471805599453,0.6931471805599453,NA
2540,3,2010-2014,90.2806860540119,30.360705911503267,0.08086304798282622,0.07942293809581422,0.048764155346817994,0.11952855901010236,0.6931471805599453,0.6931471805599453,135
2540,4,2015-2019,90.2806860540119,30.360705911503267,NA,NA,NA,NA,0.6931471805599453,0.6931471805599453,NA
2540,5,2020-2024,90.2806860540119,30.360705911503267,0.16721795971066805,0.16800831107472364,0.12739454303083575,0.21396794847193523,1.5890269151739727,1.2424533248940002,78.25
2541,1,2000-2004,91.17900133813141,30.360705911503267,NA,NA,NA,NA,0.6931471805599453,0.6931471805599453,NA
2541,2,2005-2009,91.17900133813141,30.360705911503267,NA,NA,NA,NA,1.0397207708399179,0.8958797346140275,NA
2541,3,2010-2014,91.17900133813141,30.360705911503267,NA,NA,NA,NA,2.1972245773362196,1.0986122886681098,NA
2541,4,2015-2019,91.17900133813141,30.360705911503267,NA,NA,NA,NA,0.6931471805599453,0.6931471805599453,NA
2541,5,2020-2024,91.17900133813141,30.360705911503267,0.0803882623195707,0.08024089394268644,0.06051449957735196,0.10296544052936515,0.6931471805599453,0.6931471805599453,72
2542,4,2015-2019,92.07731662225093,30.360705911503267,NA,NA,NA,NA,2.1972245773362196,1.0986122886681098,NA
2542,5,2020-2024,92.07731662225093,30.360705911503267,0.08040630164076219,0.08033214644587716,0.06303523420246096,0.10004928093486849,0.6931471805599453,0.6931471805599453,60
2543,5,2020-2024,92.97563190637047,30.360705911503267,0.10094925086745322,0.09442805466905159,0.038119661886482976,0.20500592994724162,0.8958797346140275,0.8958797346140275,262.5
2544,3,2010-2014,93.87394719048999,30.360705911503267,NA,NA,NA,NA,0.8958797346140275,0.6931471805599453,NA
2544,4,2015-2019,93.87394719048999,30.360705911503267,NA,NA,NA,NA,0.8958797346140275,0.6931471805599453,NA
2544,5,2020-2024,93.87394719048999,30.360705911503267,0.3178531132619924,0.3143193589884191,0.13997714097977382,0.555550153535262,2.4337672252277915,2.1972245773362196,290.98333333333335
2545,1,2000-2004,94.7722624746095,30.360705911503267,NA,NA,NA,NA,1.0986122886681098,0.6931471805599453,NA
2545,2,2005-2009,94.7722624746095,30.360705911503267,NA,NA,NA,NA,1.3862943611198906,1.3862943611198906,NA
2545,4,2015-2019,94.7722624746095,30.360705911503267,NA,NA,NA,NA,0.6931471805599453,0.6931471805599453,NA
2545,5,2020-2024,94.7722624746095,30.360705911503267,0.31210723067958673,0.3148402561259813,0.2209906715125716,0.42232211924293983,2.3978952727983707,2.302585092994046,127.21428571428572
2546,4,2015-2019,95.67057775872902,30.360705911503267,NA,NA,NA,NA,1.3862943611198906,1.3862943611198906,NA
2546,5,2020-2024,95.67057775872902,30.360705911503267,0.21252938433528346,0.2120370020607375,0.13737375926664291,0.30708626040681064,1.868834809141684,1.7005986908310775,142.5
2547,5,2020-2024,96.56889304284854,30.360705911503267,0.12046441475295712,0.12027378086551543,0.0975998287245026,0.14537463525300734,1.1512925464970227,1.1512925464970227,48.5
2548,2,2005-2009,97.46720832696808,30.360705911503267,NA,NA,NA,NA,0.6931471805599453,0.6931471805599453,NA
2548,5,2020-2024,97.46720832696808,30.360705911503267,0.1556653093617059,0.15141572533146863,0.08409537274215453,0.2508177479588565,1.4451858789480823,1.4451858789480823,183.45714285714286
2549,5,2020-2024,98.3655236110876,30.360705911503267,0.09778578406178107,0.0949592578609908,0.050720948672828066,0.16181136090440834,0.8958797346140275,0.8958797346140275,180
2550,4,2015-2019,99.26383889520712,30.360705911503267,NA,NA,NA,NA,0.6931471805599453,0.6931471805599453,NA
2550,5,2020-2024,99.26383889520712,30.360705911503267,0.08700547474946026,0.07824255968906087,0.026365583751288394,0.1999761767035045,0.6931471805599453,0.6931471805599453,310.25
2551,3,2010-2014,100.16215417932663,30.360705911503267,NA,NA,NA,NA,1.0986122886681098,0.6931471805599453,NA
2551,4,2015-2019,100.16215417932663,30.360705911503267,0.13639184446111446,0.08920434646848935,0.008099610035999577,0.5099165896043545,0.8958797346140275,0.8958797346140275,660
2551,5,2020-2024,100.16215417932663,30.360705911503267,0.08085060806569176,0.07944216530058006,0.048904412948968065,0.11929513631556776,0.6931471805599453,0.6931471805599453,134.16666666666669
2552,2,2005-2009,101.06046946344617,30.360705911503267,NA,NA,NA,NA,0.6931471805599453,0.6931471805599453,NA
2552,3,2010-2014,101.06046946344617,30.360705911503267,NA,NA,NA,NA,1.0986122886681098,1.0986122886681098,NA
2552,4,2015-2019,101.06046946344617,30.360705911503267,0.4710033912916124,2.0867229289706197e-7,1.3749359529112648e-231,1,1.6094379124341003,1.6094379124341003,132435
2552,5,2020-2024,101.06046946344617,30.360705911503267,0.45827987971849965,0.13041855973002905,3.602740857937338e-15,0.9999999999979708,2.1972245773362196,2.1972245773362196,8091.366666666666
2553,2,2005-2009,101.95878474756569,30.360705911503267,NA,NA,NA,NA,0.6931471805599453,0.6931471805599453,NA
2553,3,2010-2014,101.95878474756569,30.360705911503267,0.4212012461907593,0.0798532874279346,1.9122439414228275e-10,0.9999998792597531,1.354025100551105,1.0397207708399179,5150.5
2553,4,2015-2019,101.95878474756569,30.360705911503267,0.3821784572752302,0.20185917939827314,8.089914929547056e-5,0.9979356885843252,2.0715673631957663,1.868834809141684,2100
2553,5,2020-2024,101.95878474756569,30.360705911503267,0.44743570008113315,0.450135621116519,0.27178507571250865,0.6443876410369609,3.091042453358316,2.3978952727983707,226.14285714285717
2554,2,2005-2009,102.8571000316852,30.360705911503267,NA,NA,NA,NA,1.0986122886681098,0.6931471805599453,NA
2554,3,2010-2014,102.8571000316852,30.360705911503267,0.46837246692654727,0.33483900042832093,1.9917113605965967e-6,0.9999827903807074,3.017740716262378,2.1383330595080277,3240
2554,4,2015-2019,102.8571000316852,30.360705911503267,0.4353870727132461,0.4409180983592257,0.10638326601832881,0.8234951905559945,3.044522437723423,2.3978952727983707,510
2554,5,2020-2024,102.8571000316852,30.360705911503267,0.6517353704956281,0.7522490050052304,0.07949171359405688,0.9891826160932289,4.51085950651685,3.713572066704308,953.578947368421
2555,1,2000-2004,103.75541531580473,30.360705911503267,NA,NA,NA,NA,1.6094379124341003,1.0986122886681098,NA
2555,2,2005-2009,103.75541531580473,30.360705911503267,NA,NA,NA,NA,2.70805020110221,2.0794415416798357,NA
2555,3,2010-2014,103.75541531580473,30.360705911503267,0.47491457051499497,2.4210577170543814e-12,0,1,3.6375861597263857,2.9444389791664403,263535
2555,4,2015-2019,103.75541531580473,30.360705911503267,0.6573034824884156,0.8556381624223162,0.006394846265891908,0.9997494528643428,5.375278407684165,4.127134385045092,1803.75
2555,5,2020-2024,103.75541531580473,30.360705911503267,0.8795018463188033,0.9614738652495262,0.4410290493304574,0.9985383159746882,6.821107472256465,4.564348191467836,932.2373443983421
2556,3,2010-2014,104.65373059992424,30.360705911503267,NA,NA,NA,NA,0.8958797346140275,0.6931471805599453,NA
2556,4,2015-2019,104.65373059992424,30.360705911503267,NA,NA,NA,NA,1.4451858789480823,0.8958797346140275,NA
2556,5,2020-2024,104.65373059992424,30.360705911503267,0.8147383031642198,0.8404112665049153,0.6284340991408749,0.9448877543739799,5.099866427824199,3.5553480614894135,327.4285714285714
2557,3,2010-2014,105.55204588404374,30.360705911503253,NA,NA,NA,NA,1.0986122886681098,1.0986122886681098,NA
2557,4,2015-2019,105.55204588404374,30.360705911503253,NA,NA,NA,NA,1.0986122886681098,0.6931471805599453,NA
2557,5,2020-2024,105.55204588404374,30.360705911503253,0.1474598052299336,0.1446742397418519,0.08898060437563476,0.22116637969772004,1.3862943611198906,1.3862943611198906,150
2558,1,2000-2004,106.45036116816327,30.360705911503267,NA,NA,NA,NA,0.6931471805599453,0.6931471805599453,NA
2558,2,2005-2009,106.45036116816327,30.360705911503267,NA,NA,NA,NA,0.6931471805599453,0.6931471805599453,NA
2558,4,2015-2019,106.45036116816327,30.360705911503267,NA,NA,NA,NA,0.6931471805599453,0.6931471805599453,NA
2558,5,2020-2024,106.45036116816327,30.360705911503267,0.2592821651378693,0.24482703208831758,0.06459298282632367,0.5767300272528207,2.0948273710132126,1.7005986908310775,415.7142857142857
2559,3,2010-2014,107.34867645228282,30.360705911503267,NA,NA,NA,NA,0.6931471805599453,0.6931471805599453,NA
2559,4,2015-2019,107.34867645228282,30.360705911503267,NA,NA,NA,NA,0.6931471805599453,0.6931471805599453,NA
2559,5,2020-2024,107.34867645228282,30.360705911503267,0.3597211266613118,0.36004429767593354,0.22885678589587644,0.5144556437313179,2.70805020110221,1.9459101490553132,180
2560,1,2000-2004,108.24699173640234,30.360705911503267,NA,NA,NA,NA,0.8958797346140275,0.6931471805599453,NA
2560,3,2010-2014,108.24699173640234,30.360705911503267,NA,NA,NA,NA,0.6931471805599453,0.6931471805599453,NA
2560,4,2015-2019,108.24699173640234,30.360705911503267,NA,NA,NA,NA,1.791759469228055,1.6094379124341003,NA
2560,5,2020-2024,108.24699173640234,30.360705911503267,0.24935683942419729,0.24895008119057183,0.1633285621486582,0.3572489081333464,2.0794415416798357,1.9459101490553132,146.33333333333331
2561,3,2010-2014,109.14530702052186,30.360705911503267,NA,NA,NA,NA,0.6931471805599453,0.6931471805599453,NA
2561,4,2015-2019,109.14530702052186,30.360705911503267,0.22314634607387243,0.06793867074790966,1.8578488415611367e-4,0.9495915609703035,0.6931471805599453,0.6931471805599453,1552.5
2561,5,2020-2024,109.14530702052186,30.360705911503267,0.20038049090711826,0.19370985730504617,0.08224023754881532,0.37754266506064127,1.791759469228055,1.3862943611198906,270.1184210526315
2562,4,2015-2019,110.04362230464137,30.360705911503267,0.08040630164076219,0.08033214644587716,0.06303523420246096,0.10004928093486849,0.6931471805599453,0.6931471805599453,60
2562,5,2020-2024,110.04362230464137,30.360705911503267,0.27506788567032037,0.2758112419766281,0.2145497618223537,0.33848896957434843,2.1972245773362196,2.1972245773362196,72.88095238095238
2563,1,2000-2004,110.94193758876091,30.360705911503267,NA,NA,NA,NA,2.0794415416798357,1.6094379124341003,NA
2563,2,2005-2009,110.94193758876091,30.360705911503267,NA,NA,NA,NA,1.0397207708399179,0.8958797346140275,NA
2563,3,2010-2014,110.94193758876091,30.360705911503267,0.47300411824352856,4.5907937356768085e-12,0,1,0.6931471805599453,0.6931471805599453,229455
2563,4,2015-2019,110.94193758876091,30.360705911503267,0.3695184266127444,0.15717991270953857,2.4838599171588062e-5,0.9987395767304966,1.791759469228055,1.6094379124341003,2325
2563,5,2020-2024,110.94193758876091,30.360705911503267,0.5684559736111806,0.6052357002836317,0.1668868330560957,0.9137458603296741,3.8066624897703196,2.5649493574615367,551.5447761194027
2564,1,2000-2004,111.84025287288041,30.360705911503267,NA,NA,NA,NA,0.8958797346140275,0.6931471805599453,NA
2564,3,2010-2014,111.84025287288041,30.360705911503267,NA,NA,NA,NA,1.0986122886681098,1.0986122886681098,NA
2564,4,2015-2019,111.84025287288041,30.360705911503267,0.2731177370027034,0.2732192890574364,0.22078867623425272,0.33411907145167025,2.302585092994046,1.3862943611198906,60
2564,5,2020-2024,111.84025287288041,30.360705911503267,0.532668202485765,0.5430556222126937,0.37934869210502375,0.6924374269537494,3.5263605246161616,2.1972245773362196,180
2565,1,2000-2004,112.73856815699993,30.360705911503267,NA,NA,NA,NA,0.6931471805599453,0.6931471805599453,NA
2565,3,2010-2014,112.73856815699993,30.360705911503267,0.08177550833508929,0.07924709081503394,0.04173421004223165,0.13663425527550296,0.6931471805599453,0.6931471805599453,180
2565,4,2015-2019,112.73856815699993,30.360705911503267,0.08040123435896138,0.0798323529348833,0.05838664826776753,0.10557705709153573,0.6931471805599453,0.6931471805599453,82.5
2565,5,2020-2024,112.73856815699993,30.360705911503267,0.28635633323861936,0.2830617515450623,0.1707724600809658,0.42847535144559634,2.302585092994046,1.9459101490553132,184.56398809523802
2566,1,2000-2004,113.63688344111945,30.360705911503267,NA,NA,NA,NA,1.0986122886681098,0.6931471805599453,NA
2566,2,2005-2009,113.63688344111945,30.360705911503267,NA,NA,NA,NA,1.2424533248940002,1.0397207708399179,NA
2566,3,2010-2014,113.63688344111945,30.360705911503267,NA,NA,NA,NA,0.6931471805599453,0.6931471805599453,NA
2566,4,2015-2019,113.63688344111945,30.360705911503267,NA,NA,NA,NA,2.0794415416798357,1.3862943611198906,NA
2566,5,2020-2024,113.63688344111945,30.360705911503267,0.8476055828518143,0.8668297147629309,0.7217515612228216,0.9397771547602322,5.2832037287379885,3.6635616461296463,244.96682464454972
2567,1,2000-2004,114.53519872523898,30.360705911503267,NA,NA,NA,NA,1.0986122886681098,1.0986122886681098,NA
2567,2,2005-2009,114.53519872523898,30.360705911503267,0.15143724676004733,0.14488384577371616,0.0625940829093567,0.28886175538325526,1.3862943611198906,1.3862943611198906,255
2567,3,2010-2014,114.53519872523898,30.360705911503267,0.28842018679119047,0.29107716391707317,0.20414278601287017,0.3919448567488591,2.3978952727983707,1.3862943611198906,123.75
2567,4,2015-2019,114.53519872523898,30.360705911503267,0.7004375735850088,0.7503955046751117,0.35011922416382785,0.9391968139674481,4.454347296253507,3.367295829986474,472.74358974358967
2567,5,2020-2024,114.53519872523898,30.360705911503267,0.729828567669053,0.9595820659584872,0.007300933556382404,0.9999809003035484,7.027314514039777,4.174387269895637,2131.744615384619
2568,3,2010-2014,115.43351400935852,30.360705911503267,NA,NA,NA,NA,0.6931471805599453,0.6931471805599453,NA
2568,4,2015-2019,115.43351400935852,30.360705911503267,0.1372043068579423,0.13684801822758294,0.1229619091446293,0.15409000624552724,1.354025100551105,0.8958797346140275,0
2568,5,2020-2024,115.43351400935852,30.360705911503267,0.24569120360732585,0.24781400619470556,0.1734359459049506,0.3366915022080866,2.0794415416798357,1.791759469228055,119.47770700636943
2569,3,2010-2014,116.33182929347802,30.360705911503267,NA,NA,NA,NA,0.8958797346140275,0.6931471805599453,NA
2569,4,2015-2019,116.33182929347802,30.360705911503267,0.11184166302559874,0.10877520930437062,0.05571494025370223,0.18972806971860876,1.0986122886681098,0.6931471805599453,192.5
2569,5,2020-2024,116.33182929347802,30.360705911503267,0.3828046268742693,0.2646089791791094,9.649384826444013e-4,0.9896439855836853,2.3978952727983707,1.791759469228055,1549.5841584158386
2570,2,2005-2009,117.2301445775975,30.360705911503253,NA,NA,NA,NA,0.6931471805599453,0.6931471805599453,NA
2570,3,2010-2014,117.2301445775975,30.360705911503253,NA,NA,NA,NA,0.8958797346140275,0.8958797346140275,NA
2570,4,2015-2019,117.2301445775975,30.360705911503253,NA,NA,NA,NA,1.0397207708399179,0.8958797346140275,NA
2570,5,2020-2024,117.2301445775975,30.360705911503253,0.4226443908220395,0.36533954562002213,0.004713655745808953,0.9819598233823935,2.833213344056216,2.302585092994046,1265
2571,1,2000-2004,118.12845986171706,30.360705911503267,NA,NA,NA,NA,0.6931471805599453,0.6931471805599453,NA
2571,2,2005-2009,118.12845986171706,30.360705911503267,0.16853186334976544,0.13237683582321325,0.0198631581281427,0.5098244254680674,1.3862943611198906,0.8958797346140275,540
2571,3,2010-2014,118.12845986171706,30.360705911503267,0.4744837026727054,3.522822967178257e-13,0,1,1.6094379124341003,1.6094379124341003,263852.5
2571,4,2015-2019,118.12845986171706,30.360705911503267,0.4690319627453078,0.017940559752103645,2.877787775451365e-59,1,2.833213344056216,2.5649493574615367,33609
2571,5,2020-2024,118.12845986171706,30.360705911503267,0.46360819861649727,0.47541620930828027,0.13366636410354116,0.8281902995316753,3.2188758248682006,2.302585092994046,480
2572,1,2000-2004,119.02677514583655,30.360705911503253,NA,NA,NA,NA,0.6931471805599453,0.6931471805599453,NA
2572,2,2005-2009,119.02677514583655,30.360705911503253,0.23791143463078612,0.06647380636230885,9.883314644714499e-5,0.9700330348892796,0.6931471805599453,0.6931471805599453,1710
2572,3,2010-2014,119.02677514583655,30.360705911503253,NA,NA,NA,NA,1.791759469228055,1.0986122886681098,NA
2572,4,2015-2019,119.02677514583655,30.360705911503253,0.4489535946902533,0.38031629072748124,8.007073926842906e-4,0.9969537730508952,2.995732273553991,2.1972245773362196,1740.0833333333333
2572,5,2020-2024,119.02677514583655,30.360705911503253,0.8360043646480886,0.8896036901073856,0.539844023906264,0.9806739592328223,5.4638318050256105,4.343805421853684,530.935622317594
2573,1,2000-2004,119.92232611425443,30.36133715432385,NA,NA,NA,NA,1.700598690831078,1.2424533248940002,NA
2573,2,2005-2009,119.92232611425443,30.36133715432385,0.6500731724431391,0.6535544071082964,0.5598837818259744,0.7424964194574197,4.0943445622221,2.0794415416798357,90
2573,3,2010-2014,119.92232611425443,30.36133715432385,0.704537750083998,0.7759549342761523,0.24475254061870758,0.9709642749023489,4.74493212836325,2.772588722239781,642.5
2573,4,2015-2019,119.92232611425443,30.36133715432385,0.47744077652353384,0.01415150643782398,9.996467852315061e-102,1,5.3981627015177525,4.0943445622221,58644.26923076922
2573,5,2020-2024,119.92232611425443,30.36133715432385,0.8407153074719874,0.9855994925536544,0.11077926977192522,0.9999637384847817,8.028781162487148,5.062595033026967,1673.3520000000121
2574,1,2000-2004,120.77444466939684,30.35838180367681,NA,NA,NA,NA,1.6094379124341003,0.6931471805599453,NA
2574,2,2005-2009,120.77444466939684,30.35838180367681,NA,NA,NA,NA,2.3978952727983707,1.3862943611198906,NA
2574,3,2010-2014,120.77444466939684,30.35838180367681,0.3868684887082172,0.3904352104560043,0.28686915708007266,0.4968268697807003,2.8903717578961645,1.6094379124341003,120
2574,4,2015-2019,120.77444466939684,30.35838180367681,0.6138892116567852,0.6125428371676578,0.5367009771475326,0.6913729394348395,3.828641396489095,2.5649493574615367,60
2574,5,2020-2024,120.77444466939684,30.35838180367681,0.8737012630648411,0.9667175762978487,0.3778272360439725,0.99911875625187,7.022868086082641,4.356708826689592,1034.4920071047952
2575,1,2000-2004,121.63932075211602,30.120901859963816,NA,NA,NA,NA,0.8958797346140275,0.6931471805599453,NA
2575,2,2005-2009,121.63932075211602,30.120901859963816,NA,NA,NA,NA,1.6094379124341003,1.0986122886681098,NA
2575,3,2010-2014,121.63932075211602,30.120901859963816,0.4700815470847364,0.43192920069205365,0.0010733035182125751,0.9973512723997124,3.258096538021482,2.0794415416798357,1720
2575,4,2015-2019,121.63932075211602,30.120901859963816,0.7291084134100854,0.7454145425036104,0.5849135015207387,0.8543219302443642,4.442651256490317,3.091042453358316,192.85
2575,5,2020-2024,121.63932075211602,30.120901859963816,0.7044796416975108,0.8697463235763105,0.04137608322905027,0.9987743917746447,5.488937726156687,3.6888794541139363,1338.604651162791
2576,1,2000-2004,122.30587402381576,30.273555177406582,NA,NA,NA,NA,2.302585092994046,1.0986122886681098,NA
2576,2,2005-2009,122.30587402381576,30.273555177406582,NA,NA,NA,NA,0.6931471805599453,0.6931471805599453,NA
2576,3,2010-2014,122.30587402381576,30.273555177406582,0.12482566115097704,0.0743288644961661,0.0052052420369238725,0.5128777219614847,0.6931471805599453,0.6931471805599453,720
2576,4,2015-2019,122.30587402381576,30.273555177406582,0.14875060762305078,0.14487418946245018,0.07662183684015507,0.24759630972775623,1.3862943611198906,1.3862943611198906,195
2576,5,2020-2024,122.30587402381576,30.273555177406582,0.6636888662694723,0.694614743339707,0.3860153602725889,0.8892417423141266,4.189654742026425,2.995732273553991,364.13815789473693
2605,1,2000-2004,83.9990797541761,29.616259998983086,NA,NA,NA,NA,0.6931471805599453,0.6931471805599453,NA
2605,2,2005-2009,83.9990797541761,29.616259998983086,NA,NA,NA,NA,0.6931471805599453,0.6931471805599453,NA
2606,2,2005-2009,84.89079434929477,29.582529613545592,NA,NA,NA,NA,1.0986122886681098,0.6931471805599453,NA
2606,5,2020-2024,84.89079434929477,29.582529613545592,0.10929251197774384,0.1097238320751119,0.08628160811335393,0.13533026535680012,1.0397207708399179,1.0397207708399179,60
2607,2,2005-2009,85.7891096334143,29.582529613545592,NA,NA,NA,NA,0.6931471805599453,0.6931471805599453,NA
2607,4,2015-2019,85.7891096334143,29.582529613545592,NA,NA,NA,NA,0.6931471805599453,0.6931471805599453,NA
2607,5,2020-2024,85.7891096334143,29.582529613545592,0.08177550833508929,0.07924709081503394,0.04173421004223165,0.13663425527550296,0.6931471805599453,0.6931471805599453,180
2608,2,2005-2009,86.68742491753382,29.582529613545592,NA,NA,NA,NA,0.6931471805599453,0.6931471805599453,NA
2608,5,2020-2024,86.68742491753382,29.582529613545592,0.08042683747420176,0.07943085365268995,0.056910003744378795,0.10747818347836958,0.6931471805599453,0.6931471805599453,90
2609,1,2000-2004,87.58574020165334,29.582529613545592,NA,NA,NA,NA,0.6931471805599453,0.6931471805599453,NA
2609,5,2020-2024,87.58574020165334,29.582529613545592,0.11879310881522011,0.11340688120251843,0.05010467735997746,0.22521358002174974,1.0986122886681098,1.0986122886681098,240
2610,1,2000-2004,88.48405548577286,29.582529613545592,NA,NA,NA,NA,1.0986122886681098,0.6931471805599453,NA
2610,2,2005-2009,88.48405548577286,29.582529613545592,NA,NA,NA,NA,1.4451858789480825,1.1512925464970227,NA
2610,4,2015-2019,88.48405548577286,29.582529613545592,NA,NA,NA,NA,1.3862943611198906,1.3862943611198906,NA
2610,5,2020-2024,88.48405548577286,29.582529613545592,0.3190531173714139,0.2823912193081639,0.034098878419137536,0.7946104847036649,2.302585092994046,2.1972245773362196,645
2611,2,2005-2009,89.38237076989238,29.582529613545592,NA,NA,NA,NA,0.6931471805599453,0.6931471805599453,NA
2611,4,2015-2019,89.38237076989238,29.582529613545592,0.16740070539819324,0.1395224956970221,0.026315834889252928,0.46781833456292055,1.3862943611198906,1.2424533248940002,480
2611,5,2020-2024,89.38237076989238,29.582529613545592,0.36966938900084556,0.37099562557892524,0.23394275595447545,0.5300814218529263,2.70805020110221,2.302585092994046,186.66666666666669
2612,1,2000-2004,90.2806860540119,29.582529613545592,NA,NA,NA,NA,0.6931471805599453,0.6931471805599453,NA
2612,3,2010-2014,90.2806860540119,29.582529613545592,NA,NA,NA,NA,1.0986122886681098,0.8958797346140275,NA
2612,4,2015-2019,90.2806860540119,29.582529613545592,0.11522639317272626,0.1141605163782281,0.07533096717016749,0.16403410483046627,1.0986122886681098,1.0986122886681098,120
2612,5,2020-2024,90.2806860540119,29.582529613545592,0.27166369547188735,0.2727829362310671,0.19874207091372115,0.3595497707928111,2.1972245773362196,2.0794415416798357,105
2613,1,2000-2004,91.17900133813141,29.582529613545592,NA,NA,NA,NA,2.1972245773362196,1.3862943611198906,NA
2613,2,2005-2009,91.17900133813141,29.582529613545592,NA,NA,NA,NA,2.6390573296152584,1.6094379124341003,NA
2613,3,2010-2014,91.17900133813141,29.582529613545592,0.4042021057607237,0.40663265706690466,0.19668556939349485,0.6519794918798474,2.8903717578961645,2.302585092994046,291
2613,4,2015-2019,91.17900133813141,29.582529613545592,0.5352228587931961,0.5539284136437563,0.25648263729802023,0.8116187290275391,3.4965075614664802,2.8903717578961645,359.6666666666667
2613,5,2020-2024,91.17900133813141,29.582529613545592,0.5729957567083005,0.6978603681623143,0.0012571215819180694,0.9996596787244931,4.382026634673881,3.6109179126442243,1977.25
2614,1,2000-2004,92.07731662225093,29.582529613545592,NA,NA,NA,NA,1.3862943611198906,0.6931471805599453,NA
2614,3,2010-2014,92.07731662225093,29.582529613545592,0.11084373445203055,0.11039721741237978,0.09975455115864344,0.12483705515791371,1.0986122886681098,0.6931471805599453,0
2614,4,2015-2019,92.07731662225093,29.582529613545592,NA,NA,NA,NA,1.0986122886681098,1.0986122886681098,NA
2614,5,2020-2024,92.07731662225093,29.582529613545592,0.14691288483195566,0.14643304428153264,0.09970686903003495,0.2056577321233338,1.3862943611198906,1.3862943611198906,115.31818181818181
2615,1,2000-2004,92.97563190637047,29.582529613545592,NA,NA,NA,NA,0.6931471805599453,0.6931471805599453,NA
2615,2,2005-2009,92.97563190637047,29.582529613545592,NA,NA,NA,NA,1.0986122886681098,1.0986122886681098,NA
2615,3,2010-2014,92.97563190637047,29.582529613545592,NA,NA,NA,NA,0.6931471805599453,0.6931471805599453,NA
2615,4,2015-2019,92.97563190637047,29.582529613545592,NA,NA,NA,NA,1.3862943611198906,1.3862943611198906,NA
2615,5,2020-2024,92.97563190637047,29.582529613545592,0.14688336480834566,0.1473456920408459,0.11590642086862674,0.18019191223874503,1.3862943611198906,1.3862943611198906,60
2616,3,2010-2014,93.87394719048999,29.582529613545592,NA,NA,NA,NA,1.0397207708399179,0.6931471805599453,NA
2616,4,2015-2019,93.87394719048999,29.582529613545592,0.10483640676659535,0.07597740499628394,0.01065703940157576,0.35889354857502154,0.6931471805599453,0.6931471805599453,540
2616,5,2020-2024,93.87394719048999,29.582529613545592,0.2034960565631182,0.2042326406728343,0.1552351374191869,0.25864865712595847,1.791759469228055,1.791759469228055,77.66666666666667
2617,2,2005-2009,94.7722624746095,29.582529613545592,NA,NA,NA,NA,2.1242476210246797,1.2424533248940002,NA
2617,3,2010-2014,94.7722624746095,29.582529613545592,0.13667081443496204,0.13427960447250514,0.08609768017744901,0.1989389532740995,1.3862943611198906,0.6931471805599453,131.66666666666669
2617,4,2015-2019,94.7722624746095,29.582529613545592,0.33737932563978673,0.16896974085672592,2.5882019585955963e-4,0.9906619501601559,1.791759469228055,1.6094379124341003,1740
2617,5,2020-2024,94.7722624746095,29.582529613545592,0.8215947395008145,0.8661653438201675,0.5583108646754867,0.9693494052039414,5.293304824724492,3.784189633918261,456.33478260869504
2618,1,2000-2004,95.67057775872902,29.582529613545592,NA,NA,NA,NA,0.6931471805599453,0.6931471805599453,NA
2618,3,2010-2014,95.67057775872902,29.582529613545592,0.4280852573917409,0.035542198597794034,8.428878059297862e-15,0.9999999999295895,0.6931471805599453,0.6931471805599453,7500
2618,4,2015-2019,95.67057775872902,29.582529613545592,0.42332682117334763,0.1719367132660054,3.03780037522635e-7,0.999982148043655,2.1383330595080277,1.2424533248940002,3487.5
2618,5,2020-2024,95.67057775872902,29.582529613545592,0.7185452534678559,0.9096143211491895,0.026229720795449152,0.9996479551453611,5.986452005284438,3.8066624897703196,1568.5714285714287
2619,4,2015-2019,96.56889304284854,29.582529613545592,0.4598962297100612,6.909282158005174e-4,2.0789764389039393e-80,1,0.6931471805599453,0.6931471805599453,45240
2619,5,2020-2024,96.56889304284854,29.582529613545592,0.2727369094440719,0.26142006507089666,0.07425802663061812,0.5836853416140825,2.171902710926842,1.844439727056968,400
2620,2,2005-2009,97.46720832696808,29.582529613545592,NA,NA,NA,NA,1.791759469228055,1.3862943611198906,NA
2620,5,2020-2024,97.46720832696808,29.582529613545592,0.17234599431166814,0.1730519371789971,0.1365682132099702,0.21181311093177901,1.6094379124341003,1.3862943611198906,60
2621,2,2005-2009,98.3655236110876,29.582529613545592,NA,NA,NA,NA,1.0397207708399179,1.0397207708399179,NA
2621,4,2015-2019,98.3655236110876,29.582529613545592,NA,NA,NA,NA,0.6931471805599453,0.6931471805599453,NA
2621,5,2020-2024,98.3655236110876,29.582529613545592,0.1953486888865987,0.19593351535576004,0.1432748161987557,0.26090343400921734,1.791759469228055,1.3862943611198906,97.32380952380953
2622,4,2015-2019,99.26383889520712,29.582529613545592,NA,NA,NA,NA,0.6931471805599453,0.6931471805599453,NA
2622,5,2020-2024,99.26383889520712,29.582529613545592,0.08040630164076219,0.08033214644587716,0.06303523420246096,0.10004928093486849,0.6931471805599453,0.6931471805599453,60
2623,2,2005-2009,100.16215417932663,29.582529613545592,NA,NA,NA,NA,0.6931471805599453,0.6931471805599453,NA
2623,3,2010-2014,100.16215417932663,29.582529613545592,NA,NA,NA,NA,0.6931471805599453,0.6931471805599453,NA
2623,4,2015-2019,100.16215417932663,29.582529613545592,0.11535587013252216,0.11481800141085535,0.10371887945362658,0.12990389764062732,1.1512925464970227,0.6931471805599453,0
2623,5,2020-2024,100.16215417932663,29.582529613545592,0.15434554310768425,0.15456798972973573,0.11016339260302738,0.2090071453260842,1.4978661367769954,1.0986122886681098,99.325
2624,4,2015-2019,101.06046946344617,29.582529613545592,0.09739584564633595,0.09496364935696028,0.05340212982429881,0.15479845851153046,0.8958797346140275,0.8958797346140275,165
2624,5,2020-2024,101.06046946344617,29.582529613545592,0.20993122039883785,0.1467113299765666,0.010785577936214784,0.7029339538756099,1.5890269151739729,0.6931471805599453,731.7272727272726
2625,2,2005-2009,101.95878474756569,29.582529613545592,NA,NA,NA,NA,1.3862943611198906,1.3862943611198906,NA
2625,3,2010-2014,101.95878474756569,29.582529613545592,0.4749999999999999,2.4043369723696195e-206,0,1,2.1383330595080277,1.3862943611198906,4708396
2625,4,2015-2019,101.95878474756569,29.582529613545592,0.4798873548218882,0.45877214227943053,0.0016343360916267011,0.9968529668762106,3.258096538021482,2.8903717578961645,1642.5
2625,5,2020-2024,101.95878474756569,29.582529613545592,0.5537349273892531,0.5823315589647436,0.20131258075427755,0.8769357234904509,3.6375861597263857,2.8903717578961645,468.55555555555554
2626,1,2000-2004,102.8571000316852,29.582529613545592,NA,NA,NA,NA,1.3862943611198906,1.0397207708399179,NA
2626,2,2005-2009,102.8571000316852,29.582529613545592,NA,NA,NA,NA,3.091042453358316,2.0794415416798357,NA
2626,3,2010-2014,102.8571000316852,29.582529613545592,0.5563976439151478,0.587321986988993,0.18421898897404101,0.891340881351351,3.713572066704308,2.5649493574615367,501.42857142857144
2626,4,2015-2019,102.8571000316852,29.582529613545592,0.4746779586125524,3.4640233403905785e-6,2.2467371699730785e-231,1,4.736198448394496,3.258096538021482,133050
2626,5,2020-2024,102.8571000316852,29.582529613545592,0.7885445807290526,0.8708153544143646,0.3326526981862072,0.9880678422237255,5.313205979041787,4.276666119016055,709.5806451612904
2627,1,2000-2004,103.75541531580473,29.582529613545592,NA,NA,NA,NA,1.3862943611198906,1.3862943611198906,NA
2627,2,2005-2009,103.75541531580473,29.582529613545592,0.4376061643075435,0.30918855281485835,8.090201117962925e-5,0.999330407817601,2.772588722239781,1.791759469228055,2250
2627,3,2010-2014,103.75541531580473,29.582529613545592,NA,NA,NA,NA,3.332204510175204,2.5649493574615367,NA
2627,4,2015-2019,103.75541531580473,29.582529613545592,0.49671623587530056,0.5070347762503066,0.01809466689461755,0.9797081251101185,3.4657359027997265,2.4849066497880004,1069.857142857143
2627,5,2020-2024,103.75541531580473,29.582529613545592,0.6160990163967153,0.6527235084120484,0.2799149819755633,0.894343133097134,3.912023005428146,3.332204510175204,435.14285714285717
2628,3,2010-2014,104.65373059992424,29.582529613545592,NA,NA,NA,NA,0.6931471805599453,0.6931471805599453,NA
2628,4,2015-2019,104.65373059992424,29.582529613545592,0.11058257985808981,0.10814368291504381,0.0656025436833773,0.16619305299799506,1.0986122886681098,0.6931471805599453,144.5
2628,5,2020-2024,104.65373059992424,29.582529613545592,0.2948726160950229,0.2902467343862652,0.13401025882108913,0.5125232481450854,2.302585092994046,2.1972245773362196,273.75
2629,3,2010-2014,105.55204588404376,29.582529613545592,NA,NA,NA,NA,0.6931471805599453,0.6931471805599453,NA
2629,4,2015-2019,105.55204588404376,29.582529613545592,NA,NA,NA,NA,1.6094379124341003,0.6931471805599453,NA
2629,5,2020-2024,105.55204588404376,29.582529613545592,0.47044176312386526,0.020843970844850786,2.7076073322674037e-60,1,3.1780538303479458,1.9459101490553132,34253.555
2630,1,2000-2004,106.45036116816328,29.582529613545592,NA,NA,NA,NA,1.0986122886681098,1.0986122886681098,NA
2630,2,2005-2009,106.45036116816328,29.582529613545592,NA,NA,NA,NA,1.3862943611198906,1.0397207708399179,NA
2630,3,2010-2014,106.45036116816328,29.582529613545592,0.20168583419667493,0.20131875985469624,0.17892403303058335,0.2257562516142327,1.791759469228055,1.6094379124341003,0
2630,4,2015-2019,106.45036116816328,29.582529613545592,0.6038002882991849,0.6165076990985812,0.4069695507820684,0.7953382655440644,3.8066624897703196,2.8903717578961645,246.66666666666666
2630,5,2020-2024,106.45036116816328,29.582529613545592,0.7760782631804493,0.9180948675217786,0.12832749548586386,0.9985755082912918,5.955837369464831,4.382026634673881,1157.436325678502
2631,1,2000-2004,107.34867645228282,29.582529613545592,NA,NA,NA,NA,0.8958797346140275,0.8958797346140275,NA
2631,2,2005-2009,107.34867645228282,29.582529613545592,NA,NA,NA,NA,1.0986122886681098,1.0986122886681098,NA
2631,3,2010-2014,107.34867645228282,29.582529613545592,NA,NA,NA,NA,1.3862943611198906,1.3862943611198906,NA
2631,4,2015-2019,107.34867645228282,29.582529613545592,0.38635815280079466,0.17645675301190183,1.9126513994144494e-5,0.9992498877074789,1.9459101490553132,1.791759469228055,2430
2631,5,2020-2024,107.34867645228282,29.582529613545592,0.3876329512440211,0.33684994093974296,0.0156644922284693,0.9338139299463536,2.649158683274018,2.34106561356211,923.9444444444445
2632,4,2015-2019,108.24699173640232,29.582529613545592,0.08645822336846111,0.07828510891049537,0.02742775702611936,0.194283452164545,0.6931471805599453,0.6931471805599453,300
2632,5,2020-2024,108.24699173640232,29.582529613545592,0.27274104576343194,0.24444221218825937,0.04130423768531363,0.6805551442407701,2.0794415416798357,1.9459101490553132,538.2962962962962
2633,2,2005-2009,109.14530702052187,29.582529613545592,NA,NA,NA,NA,0.6931471805599453,0.6931471805599453,NA
2633,5,2020-2024,109.14530702052187,29.582529613545592,0.28082020910464733,0.20707576139047848,0.011599223234042597,0.8376287179823076,1.9459101490553132,1.791759469228055,828.3051724137931
2634,2,2005-2009,110.04362230464137,29.582529613545592,NA,NA,NA,NA,2.302585092994046,1.3862943611198906,NA
2634,3,2010-2014,110.04362230464137,29.582529613545592,0.14313885938275156,0.10853451752325471,0.01595267697418451,0.45444124725817864,1.0986122886681098,1.0986122886681098,540
2634,4,2015-2019,110.04362230464137,29.582529613545592,0.3424292299218466,0.13328138560801026,3.9355220773474465e-5,0.9971614909647734,1.5890269151739727,1.2424533248940002,2153.5
2634,5,2020-2024,110.04362230464137,29.582529613545592,0.33646659445887456,0.33708717955659834,0.21456562504222582,0.4831923117780845,2.5649493574615367,2.0794415416798357,174.33333333333331
2635,2,2005-2009,110.9419375887609,29.582529613545592,NA,NA,NA,NA,0.6931471805599453,0.6931471805599453,NA
2635,3,2010-2014,110.9419375887609,29.582529613545592,NA,NA,NA,NA,1.6094379124341003,0.6931471805599453,NA
2635,4,2015-2019,110.9419375887609,29.582529613545592,0.14050003183745935,0.13511720383375422,0.058613196211476225,0.2655718006614128,1.3862943611198906,0.6931471805599453,246
2635,5,2020-2024,110.9419375887609,29.582529613545592,0.32405098595087434,0.3204617813052914,0.18297501345307876,0.4947112930073349,2.5649493574615367,1.6094379124341003,210
2636,3,2010-2014,111.84025287288041,29.582529613545592,NA,NA,NA,NA,0.6931471805599453,0.6931471805599453,NA
2636,4,2015-2019,111.84025287288041,29.582529613545592,0.13606923958245923,0.13567206903623164,0.09575785692067154,0.18525865560464883,1.354025100551105,0.8958797346140275,100
2636,5,2020-2024,111.84025287288041,29.582529613545592,0.5689697028002682,0.6027300727945628,0.18879786726111364,0.9003612376830554,3.828641396489095,2.302585092994046,510
2637,1,2000-2004,112.73856815699993,29.582529613545592,0.144523608986168,0.1371570662662548,0.05566738533898907,0.286770360245043,1.354025100551105,1.0986122886681098,270
2637,2,2005-2009,112.73856815699993,29.582529613545592,NA,NA,NA,NA,2.1972245773362196,1.0986122886681098,NA
2637,3,2010-2014,112.73856815699993,29.582529613545592,0.26207161047640865,0.2423420714976831,0.055349149089510545,0.6097063914359022,2.158744056768155,1.2424533248940002,455
2637,4,2015-2019,112.73856815699993,29.582529613545592,0.3852568110536181,0.3783299908370471,0.07495742638828215,0.8002211633901894,2.772588722239781,2.1972245773362196,540
2637,5,2020-2024,112.73856815699993,29.582529613545592,0.6740625502991866,0.6913161672809751,0.48115447857796345,0.8471088038506884,4.1588830833596715,3.091042453358316,252.15384615384613
2638,1,2000-2004,113.63688344111947,29.582529613545592,NA,NA,NA,NA,0.6931471805599453,0.6931471805599453,NA
2638,2,2005-2009,113.63688344111947,29.582529613545592,NA,NA,NA,NA,0.6931471805599453,0.6931471805599453,NA
2638,3,2010-2014,113.63688344111947,29.582529613545592,NA,NA,NA,NA,1.6094379124341003,0.6931471805599453,NA
2638,4,2015-2019,113.63688344111947,29.582529613545592,NA,NA,NA,NA,1.3862943611198906,1.0986122886681098,NA
2638,5,2020-2024,113.63688344111947,29.582529613545592,0.31352489814062756,0.30977107140560245,0.13457769247050597,0.555150273595064,2.418140953475739,2.1242476210246792,296.8833333333333
2639,4,2015-2019,114.53519872523898,29.582529613545592,0.10679911227720928,0.09393461986217982,0.026487353478544456,0.2663661853858968,0.8958797346140275,0.8958797346140275,360
2639,5,2020-2024,114.53519872523898,29.582529613545592,0.542408194978216,0.5697480378744747,0.18623257301415155,0.8756840375730998,3.5553480614894135,3.044522437723423,480
2640,3,2010-2014,115.43351400935852,29.582529613545592,NA,NA,NA,NA,0.6931471805599453,0.6931471805599453,NA
2640,4,2015-2019,115.43351400935852,29.582529613545592,0.1929099800766904,0.17422092329737993,0.04206106947341192,0.4742302901195958,1.6094379124341003,1.6094379124341003,420
2640,5,2020-2024,115.43351400935852,29.582529613545592,0.4513103985699106,0.4561319604416112,0.252846615726796,0.6740867533930378,3.091042453358316,2.5649493574615367,260
2641,1,2000-2004,116.33182929347802,29.582529613545592,NA,NA,NA,NA,1.0986122886681098,0.6931471805599453,NA
2641,3,2010-2014,116.33182929347802,29.582529613545592,NA,NA,NA,NA,1.7005986908310775,1.0986122886681098,NA
2641,4,2015-2019,116.33182929347802,29.582529613545592,0.28377806419760676,0.12610776839525262,4.2077330644138165e-4,0.9715796902899936,1.3862943611198906,1.3862943611198906,1522.875
2641,5,2020-2024,116.33182929347802,29.582529613545592,0.5889702914024325,0.6296397200030899,0.18730093879561885,0.9193622518581377,3.871201010907891,2.9444389791664403,543.4854368932032
2642,3,2010-2014,117.23014457759756,29.582529613545592,NA,NA,NA,NA,0.8958797346140275,0.8958797346140275,NA
2642,4,2015-2019,117.23014457759756,29.582529613545592,0.17346168136837936,0.16787623012090158,0.07743769243055273,0.31440189555808334,1.5890269151739727,1.3862943611198906,240
2642,5,2020-2024,117.23014457759756,29.582529613545592,0.26972895015100595,0.2402770626788322,0.04021615689533595,0.6777530859406321,2.0794415416798357,1.791759469228055,540
2643,1,2000-2004,118.12845986171696,29.58252961354558,NA,NA,NA,NA,1.3862943611198906,1.0986122886681098,NA
2643,2,2005-2009,118.12845986171696,29.58252961354558,0.3850646825175008,0.09731690252381506,1.9073178074630023e-7,0.999957641431243,1.3862943611198906,1.0986122886681098,3435
2643,3,2010-2014,118.12845986171696,29.58252961354558,0.4638604266989565,0.3802953990989072,1.0937950744037269e-4,0.9995282516184482,3.044522437723423,2.4849066497880004,2257.5
2643,4,2015-2019,118.12845986171696,29.58252961354558,0.595056828358109,0.7040724941267535,0.01290511738202258,0.9970912115661805,4.31748811353631,3.6375861597263857,1380
2643,5,2020-2024,118.12845986171696,29.58252961354558,0.7254338979233433,0.812764450791237,0.2234212382467568,0.9830951219564825,4.820281565605037,4.127134385045092,734.5776699029153
2644,2,2005-2009,119.0267751458366,29.582529613545617,NA,NA,NA,NA,1.0986122886681098,0.6931471805599453,NA
2644,3,2010-2014,119.0267751458366,29.582529613545617,NA,NA,NA,NA,1.4978661367769954,1.3862943611198906,NA
2644,4,2015-2019,119.0267751458366,29.582529613545617,0.24923979861492065,0.2512500229054909,0.1755845707799645,0.3412562090290768,2.0794415416798357,1.9459101490553132,120
2644,5,2020-2024,119.0267751458366,29.582529613545617,0.625991690573375,0.6727905204136679,0.2231028917624977,0.9310397668644921,4.0943445622221,2.9444389791664403,537.1111111111114
2645,2,2005-2009,119.9250904299561,29.582529613545592,NA,NA,NA,NA,2.5649493574615367,1.0986122886681098,NA
2645,3,2010-2014,119.9250904299561,29.582529613545592,NA,NA,NA,NA,1.0986122886681098,0.6931471805599453,NA
2645,4,2015-2019,119.9250904299561,29.582529613545592,0.2635552866277983,0.17930204065249383,0.0072506286218806375,0.8471014214099181,1.7776740307447068,1.4978661367769954,900
2645,5,2020-2024,119.9250904299561,29.582529613545592,0.735880453465783,0.73882227661214706,0.6463166821218491,0.8190745493187775,4.48863636973214,2.70805020110221,103.6969696969697
2646,2,2005-2009,120.82340571407563,29.582529613545592,NA,NA,NA,NA,1.6094379124341003,0.6931471805599453,NA
2646,3,2010-2014,120.82340571407563,29.582529613545592,NA,NA,NA,NA,0.6931471805599453,0.6931471805599453,NA
2646,4,2015-2019,120.82340571407563,29.582529613545592,0.22591789743540053,0.21968458885805833,0.0956765964104451,0.41559433186817,1.9459101490553132,1.6094379124341003,270
2646,5,2020-2024,120.82340571407563,29.582529613545592,0.7014535076822929,0.7207027488407125,0.5330994857852334,0.8495342088313769,4.31748811353631,2.9444389791664403,221.31578947368422
2647,1,2000-2004,121.60307572911685,29.600477222511255,NA,NA,NA,NA,0.8958797346140275,0.6931471805599453,NA
2647,2,2005-2009,121.60307572911685,29.600477222511255,NA,NA,NA,NA,0.6931471805599453,0.6931471805599453,NA
2647,3,2010-2014,121.60307572911685,29.600477222511255,0.2939107051665722,0.2882515299585426,0.10548676165229103,0.5637726807960529,2.3978952727983707,1.3862943611198906,337.5
2647,4,2015-2019,121.60307572911685,29.600477222511255,0.39239160045093857,0.39571216343968013,0.2954840152648126,0.4980333279418501,2.8903717578961645,1.791759469228055,114
2647,5,2020-2024,121.60307572911685,29.600477222511255,0.8252696337727997,0.8499444241811516,0.648206015876669,0.9465278457193395,5.247024072160486,3.091042453358316,318.63157894736844
2648,1,2000-2004,122.28135817408369,29.843172109284318,NA,NA,NA,NA,1.0986122886681098,1.0986122886681098,NA
2648,2,2005-2009,122.28135817408369,29.843172109284318,NA,NA,NA,NA,0.8958797346140275,0.6931471805599453,NA
2648,3,2010-2014,122.28135817408369,29.843172109284318,NA,NA,NA,NA,1.3862943611198906,1.0986122886681098,NA
2648,4,2015-2019,122.28135817408369,29.843172109284318,NA,NA,NA,NA,1.791759469228055,1.6094379124341003,NA
2648,5,2020-2024,122.28135817408369,29.843172109284318,0.7767452483665924,0.8455945824115416,0.37274907097558574,0.9787068894495312,5.214935757608986,3.1354942159291497,605.6217712177126
2678,4,2015-2019,84.94396520220575,28.90141313282075,NA,NA,NA,NA,1.3195286648076292,1.0397207708399179,NA
2678,5,2020-2024,84.94396520220575,28.90141313282075,0.35148961226127706,0.30951686916139115,0.028243499234611044,0.8604019645756597,2.4849066497880004,2.1972245773362196,733.125
2679,4,2015-2019,85.7891096334143,28.798307033908976,0.1244231928375487,0.1010437055468008,0.019691504397696746,0.3627223292658015,1.0397207708399179,0.6931471805599453,460
2679,5,2020-2024,85.7891096334143,28.798307033908976,0.41313704670135115,0.4167784512264862,0.18985011020229972,0.6796584880319941,2.917405368531303,2.4414009612931853,315.01470588235287
2680,2,2005-2009,86.68742491753382,28.798307033908976,NA,NA,NA,NA,1.354025100551105,0.8958797346140275,NA
2680,4,2015-2019,86.68742491753382,28.798307033908976,NA,NA,NA,NA,1.0397207708399179,1.0397207708399179,NA
2680,5,2020-2024,86.68742491753382,28.798307033908976,0.2746114679107891,0.274952040099932,0.18141772670875883,0.39089783919673604,2.2154083994216567,2.0794415416798357,149.05
2681,2,2005-2009,87.58574020165334,28.798307033908976,NA,NA,NA,NA,0.6931471805599453,0.6931471805599453,NA
2681,4,2015-2019,87.58574020165334,28.798307033908976,NA,NA,NA,NA,1.3862943611198906,1.3862943611198906,NA
2681,5,2020-2024,87.58574020165334,28.798307033908976,0.17369990469926133,0.1736710412693737,0.14178073604598293,0.20767502525717146,1.5890269151739727,1.5890269151739727,45
2682,2,2005-2009,88.48405548577286,28.798307033908976,NA,NA,NA,NA,1.3862943611198906,1.3862943611198906,NA
2682,4,2015-2019,88.48405548577286,28.798307033908976,NA,NA,NA,NA,2.1972245773362196,1.0986122886681098,NA
2682,5,2020-2024,88.48405548577286,28.798307033908976,0.11502405319813132,0.11546121225421203,0.09077990121159978,0.14220668693904218,1.0986122886681098,1.0986122886681098,60
2683,2,2005-2009,89.38237076989238,28.798307033908976,NA,NA,NA,NA,1.3862943611198906,1.3862943611198906,NA
2683,4,2015-2019,89.38237076989238,28.798307033908976,NA,NA,NA,NA,1.3862943611198906,1.0397207708399179,NA
2683,5,2020-2024,89.38237076989238,28.798307033908976,0.13035219920106883,0.07420693782964771,0.004349391244517053,0.5521709660840873,0.6931471805599453,0.6931471805599453,765
2684,1,2000-2004,90.2806860540119,28.798307033908976,NA,NA,NA,NA,0.6931471805599453,0.6931471805599453,NA
2684,2,2005-2009,90.2806860540119,28.798307033908976,NA,NA,NA,NA,0.6931471805599453,0.6931471805599453,NA
2684,3,2010-2014,90.2806860540119,28.798307033908976,0.11514629438326994,0.11501027201501204,0.09407200046869074,0.13764409898239582,1.0986122886681098,1.0986122886681098,45
2684,4,2015-2019,90.2806860540119,28.798307033908976,0.2262376951420342,0.22263944588864115,0.13086623705602055,0.3465451336184285,1.9459101490553132,1.791759469228055,180
2684,5,2020-2024,90.2806860540119,28.798307033908976,0.4066277926656436,0.4116659562162439,0.2837762124736134,0.5486948336225644,2.833213344056216,2.70805020110221,155
2685,4,2015-2019,91.17900133813141,28.798307033908976,NA,NA,NA,NA,0.6931471805599453,0.6931471805599453,NA
2685,5,2020-2024,91.17900133813141,28.798307033908976,0.19206139685717488,0.1891568373335512,0.11752729096646589,0.2861443331866168,1.732867951399863,1.5890269151739727,155
2686,4,2015-2019,92.07731662225093,28.798307033908976,0.16182256372925655,0.10380933777925086,0.0076021929558530476,0.6044815412262557,1.0986122886681098,0.8958797346140275,720
2686,5,2020-2024,92.07731662225093,28.798307033908976,0.37597295256667007,0.3772041262840252,0.3003568236703024,0.4561400232426874,2.736135336835737,2.2386684072391034,75
2687,5,2020-2024,92.97563190637047,28.798307033908976,0.23768145684357742,0.21954659868352805,0.052859832399929425,0.5578137477508859,1.9459101490553132,1.6094379124341003,433.33333333333326
2688,3,2010-2014,93.87394719048999,28.798307033908976,0.08103120063878097,0.08082434438459271,0.07311136747684517,0.09126305161572455,0.6931471805599453,0.6931471805599453,0
2688,4,2015-2019,93.87394719048999,28.798307033908976,0.474999999717116,2.766574333418487e-50,0,1,0.6931471805599453,0.6931471805599453,1107590.25
2688,5,2020-2024,93.87394719048999,28.798307033908976,0.146946383634947,0.14649603294474345,0.0986766950140345,0.20705059977926166,1.3862943611198906,1.3862943611198906,118.5
2689,5,2020-2024,94.7722624746095,28.798307033908976,0.3608132331036523,0.0749087505694324,2.707757113338635e-7,0.9998977543410141,1.0397207708399179,1.0397207708399179,3270
2691,5,2020-2024,96.56889304284854,28.798307033908976,0.14532537273947732,0.14079988944210275,0.06771965608161705,0.25752008432340856,1.3862943611198906,1.0986122886681098,220
2692,2,2005-2009,97.4611946062528,28.81027685597837,NA,NA,NA,NA,1.0986122886681098,1.0986122886681098,NA
2692,4,2015-2019,97.4611946062528,28.81027685597837,NA,NA,NA,NA,0.6931471805599453,0.6931471805599453,NA
2692,5,2020-2024,97.4611946062528,28.81027685597837,0.1877500157500681,0.18824348967915838,0.1460950134515068,0.23429998987929945,1.732867951399863,1.3862943611198906,69.66666666666667
2693,3,2010-2014,98.3655236110876,28.798307033908976,NA,NA,NA,NA,0.8958797346140275,0.8958797346140275,NA
2693,4,2015-2019,98.3655236110876,28.798307033908976,NA,NA,NA,NA,0.6931471805599453,0.6931471805599453,NA
2693,5,2020-2024,98.3655236110876,28.798307033908976,0.15033049320341896,0.14673849935328992,0.07879853467956455,0.2464459188587289,1.4451858789480823,1.0986122886681098,188.85714285714283
2694,1,2000-2004,99.26383889520712,28.798307033908976,NA,NA,NA,NA,1.354025100551105,1.0986122886681098,NA
2694,2,2005-2009,99.26383889520712,28.798307033908976,NA,NA,NA,NA,1.3862943611198906,1.0986122886681098,NA
2694,3,2010-2014,99.26383889520712,28.798307033908976,NA,NA,NA,NA,1.0986122886681098,0.6931471805599453,NA
2694,4,2015-2019,99.26383889520712,28.798307033908976,NA,NA,NA,NA,1.0986122886681098,1.0986122886681098,NA
2694,5,2020-2024,99.26383889520712,28.798307033908976,0.14920187242081512,0.1448721533536188,0.07360280888036999,0.2555243359479576,1.3862943611198906,1.3862943611198906,207
2695,1,2000-2004,100.16215417932663,28.798307033908976,0.2636508743931335,0.2534616521423294,0.08295207406805175,0.54073130518047,2.1972245773362196,1.3862943611198906,360
2695,2,2005-2009,100.16215417932663,28.798307033908976,NA,NA,NA,NA,0.6931471805599453,0.6931471805599453,NA
2695,3,2010-2014,100.16215417932663,28.798307033908976,NA,NA,NA,NA,0.8958797346140275,0.6931471805599453,NA
2695,4,2015-2019,100.16215417932663,28.798307033908976,0.21199455742042697,0.1849670161988966,0.03636903963403988,0.5501768668730124,1.791759469228055,1.0986122886681098,480
2695,5,2020-2024,100.16215417932663,28.798307033908976,0.28535707347342615,0.2810620194039939,0.12403369343250108,0.507127805915246,2.302585092994046,1.791759469228055,281.7170212765957
2696,4,2015-2019,101.06046946344617,28.798307033908976,NA,NA,NA,NA,1.6094379124341003,1.0986122886681098,NA
2696,5,2020-2024,101.06046946344617,28.798307033908976,0.4440322473098424,0.036535954721613015,7.224581025527173e-20,0.9999999999999984,1.0986122886681098,0.6931471805599453,10503
2697,3,2010-2014,101.95878474756569,28.798307033908976,NA,NA,NA,NA,0.6931471805599453,0.6931471805599453,NA
2697,4,2015-2019,101.95878474756569,28.798307033908976,NA,NA,NA,NA,0.6931471805599453,0.6931471805599453,NA
2697,5,2020-2024,101.95878474756569,28.798307033908976,0.25515792504138485,0.25146872473289633,0.1502425370688243,0.38600300716782265,2.1242476210246797,1.868834809141684,181.16666666666666
2698,2,2005-2009,102.8571000316852,28.798307033908976,NA,NA,NA,NA,0.6931471805599453,0.6931471805599453,NA
2698,3,2010-2014,102.8571000316852,28.798307033908976,NA,NA,NA,NA,1.6094379124341003,1.0986122886681098,NA
2698,4,2015-2019,102.8571000316852,28.798307033908976,NA,NA,NA,NA,1.0397207708399179,0.8958797346140275,NA
2698,5,2020-2024,102.8571000316852,28.798307033908976,0.29784009144487034,0.2853721546668277,0.07269810179487306,0.6443350321993186,2.302585092994046,1.9459101490553132,437.5555555555555
2699,1,2000-2004,103.7554153158047,28.798307033908976,0.18553557837108087,0.1712011283570083,0.05190157310620908,0.41883985104694754,1.666102255087602,1.0986122886681098,360
2699,2,2005-2009,103.7554153158047,28.798307033908976,NA,NA,NA,NA,1.7005986908310775,0.6931471805599453,NA
2699,3,2010-2014,103.7554153158047,28.798307033908976,NA,NA,NA,NA,2.585241997519076,1.5222612188617115,NA
2699,4,2015-2019,103.7554153158047,28.798307033908976,0.12098964483466634,0.10699033488737597,0.030617059782235286,0.29650991964854023,1.0986122886681098,0.6931471805599453,360
2699,5,2020-2024,103.7554153158047,28.798307033908976,0.48026940561319265,0.49601766303583733,0.07516291028947085,0.9109682541130969,3.258096538021482,2.833213344056216,666.4
2700,3,2010-2014,104.65373059992424,28.798307033908976,NA,NA,NA,NA,0.6931471805599453,0.6931471805599453,NA
2700,4,2015-2019,104.65373059992424,28.798307033908976,NA,NA,NA,NA,1.6094379124341003,1.0986122886681098,NA
2700,5,2020-2024,104.65373059992424,28.798307033908976,0.4629662011280966,0.47390705306470254,0.18824512999339071,0.7674883611372609,3.1780538303479458,2.4849066497880004,375.72727272727275
2701,4,2015-2019,105.55204588404378,28.798307033908987,0.1395812569331976,0.12560601643891808,0.0364576939910766,0.33380807318462224,1.2424533248940002,1.0986122886681098,360
2701,5,2020-2024,105.55204588404378,28.798307033908987,0.4275605120973803,0.43554533685304136,0.16993368867175265,0.7293590572776234,3.119162312519754,1.5890269151739727,363.5960264900663
2702,3,2010-2014,106.45036116816328,28.798307033908976,0.09709360151183014,0.09689910919141523,0.08723626179094628,0.1091573727145617,0.8958797346140275,0.8958797346140275,0
2702,4,2015-2019,106.45036116816328,28.798307033908976,0.199853924757705,0.1746786481645955,0.03549305934782247,0.5203661329152606,1.666102255087602,1.354025100551105,467.6666666666667
2702,5,2020-2024,106.45036116816328,28.798307033908976,0.5748283402882659,0.6279691618085774,0.0959947335212597,0.9582872338677547,3.8501476017100584,3.1780538303479458,740.1311475409839
2703,2,2005-2009,107.34867645228282,28.798307033908976,NA,NA,NA,NA,1.0986122886681098,0.6931471805599453,NA
2703,3,2010-2014,107.34867645228282,28.798307033908976,NA,NA,NA,NA,2.1972245773362196,0.6931471805599453,NA
2703,4,2015-2019,107.34867645228282,28.798307033908976,0.3580743996178931,0.20553062618030268,3.936374115079404e-4,0.9914327015851231,2.04717228111105,1.732867951399863,1695.125
2703,5,2020-2024,107.34867645228282,28.798307033908976,0.38789199480331515,0.37598534420205526,0.05790613127729089,0.8361023585707457,2.772588722239781,2.1972245773362196,608.9090909090909
2704,4,2015-2019,108.24699173640234,28.798307033908976,NA,NA,NA,NA,0.6931471805599453,0.6931471805599453,NA
2704,5,2020-2024,108.24699173640234,28.798307033908976,0.1751865290239094,0.1693703754888768,0.07372836675903627,0.32726939448112463,1.6479184330021646,1.0397207708399179,254.5
2705,4,2015-2019,109.14530702052186,28.798307033908976,NA,NA,NA,NA,0.6931471805599453,0.6931471805599453,NA
2705,5,2020-2024,109.14530702052186,28.798307033908976,0.14930436039396563,0.14487197504568955,0.07296987529126192,0.25724589258452474,1.3862943611198906,1.3862943611198906,209.5731707317073
2706,3,2010-2014,110.04362230464137,28.798307033908976,NA,NA,NA,NA,1.0397207708399179,0.8958797346140275,NA
2706,4,2015-2019,110.04362230464137,28.798307033908976,0.1075573860633328,0.1080851990210014,0.08509100451500569,0.13281201838704487,1.0397207708399179,0.8958797346140275,60
2706,5,2020-2024,110.04362230464137,28.798307033908976,0.4024049302512957,0.4062568897096665,0.3161207043370018,0.5001301963104875,2.995732273553991,1.3862943611198906,94.06097560975613
2707,3,2010-2014,110.9419375887609,28.798307033908976,NA,NA,NA,NA,0.6931471805599453,0.6931471805599453,NA
2707,4,2015-2019,110.9419375887609,28.798307033908976,0.10903194070671554,0.10615821518704263,0.057022944081911144,0.17925583913092416,1.0397207708399179,0.8958797346140275,180
2707,5,2020-2024,110.9419375887609,28.798307033908976,0.09429381967412684,0.09404313511772386,0.07838659024810016,0.1116120343368785,0.8958797346140275,0.6931471805599453,39.72928176795578
2708,4,2015-2019,111.84025287288041,28.798307033908976,0.0899795465113003,0.07810263396075559,0.02169763008700062,0.22937314966171918,0.6931471805599453,0.6931471805599453,360
2708,5,2020-2024,111.84025287288041,28.798307033908976,0.3596914377556843,0.3621705342558946,0.23670397222325093,0.5060973480498923,2.7058230259275198,1.9560115027140732,167.75331858407068
2709,3,2010-2014,112.73856815699993,28.798307033908976,0.09097785118924558,0.07810476967545468,0.02045610118702405,0.2388101233375147,0.6931471805599453,0.6931471805599453,375
2709,4,2015-2019,112.73856815699993,28.798307033908976,0.1707240956410943,0.16569609240870384,0.07662627334793132,0.3078004113437192,1.6094379124341003,1.0986122886681098,236.25
2709,5,2020-2024,112.73856815699993,28.798307033908976,0.6554795804403135,0.6985250989074892,0.31214822010021964,0.9162193169847843,4.189654742026425,3.091042453358316,448.6666666666667
2710,1,2000-2004,113.63688344111945,28.798307033908976,NA,NA,NA,NA,2.3978952727983707,0.6931471805599453,NA
2710,3,2010-2014,113.63688344111945,28.798307033908976,0.14313885938275156,0.10853451752325471,0.01595267697418451,0.45444124725817864,1.0986122886681098,1.0986122886681098,540
2710,4,2015-2019,113.63688344111945,28.798307033908976,0.43243218435432274,0.07043655410937086,1.8822232218937893e-12,0.9999999976454236,1.3862943611198906,0.6931471805599453,6300
2710,5,2020-2024,113.63688344111945,28.798307033908976,0.30603968203986337,0.29916962114235485,0.0940914301107664,0.6142960896543809,2.3978952727983707,1.791759469228055,382.91428571428565
2711,1,2000-2004,114.53519872523898,28.798307033908987,0.24409957109571107,0.0658331699038629,7.465857194171955e-5,0.976289434252638,0.6931471805599453,0.6931471805599453,1780
2711,2,2005-2009,114.53519872523898,28.798307033908987,NA,NA,NA,NA,1.0986122886681098,1.0986122886681098,NA
2711,3,2010-2014,114.53519872523898,28.798307033908987,NA,NA,NA,NA,0.6931471805599453,0.6931471805599453,NA
2711,4,2015-2019,114.53519872523898,28.798307033908987,0.17983599092667713,0.17919052423215603,0.16068582475073878,0.20128033006854887,1.7005986908310775,1.0986122886681098,0
2711,5,2020-2024,114.53519872523898,28.798307033908987,0.39111257903661967,0.3908219178384865,0.10912187694681591,0.7522279681622012,2.7917481543908496,2.418140953475739,448.65048098946403
2712,1,2000-2004,115.43351400935852,28.798307033908976,NA,NA,NA,NA,0.8958797346140275,0.6931471805599453,NA
2712,2,2005-2009,115.43351400935852,28.798307033908976,0.40697586273385317,0.10374803316024078,2.42715442834956e-8,0.9999943565036704,1.545521226679158,1.0397207708399179,3982.5
2712,3,2010-2014,115.43351400935852,28.798307033908976,0.4749999999998817,8.389109228847029e-67,0,1,1.4978661367769954,1.3862943611198906,1495035
2712,4,2015-2019,115.43351400935852,28.798307033908976,0.4569196847832238,0.3879732336331026,4.649923886773934e-4,0.9982935986178211,3.044522437723423,2.302585092994046,1890
2712,5,2020-2024,115.43351400935852,28.798307033908976,0.6628816460105629,0.7085027809627896,0.3077944111057007,0.9247760081631439,4.204692619390966,3.4011973816621555,467.53641816623605
2713,1,2000-2004,116.33182929347802,28.798307033908976,NA,NA,NA,NA,1.2424533248940002,0.8958797346140275,NA
2713,2,2005-2009,116.33182929347802,28.798307033908976,0.20623202646286243,0.18647710545941204,0.045813342926834005,0.49770664316477337,1.791759469228055,1.0986122886681098,420
2713,3,2010-2014,116.33182929347802,28.798307033908976,0.4749981226541018,3.042089166569566e-24,0,1,2.5649493574615367,2.3978952727983707,527000
2713,4,2015-2019,116.33182929347802,28.798307033908976,0.5596763313673612,0.6496312159171821,0.0032627404128617965,0.9987046350709282,4.07753744390572,3.58351893845611,1671.5
2713,5,2020-2024,116.33182929347802,28.798307033908976,0.5847522992097187,0.8452393246344279,1.1675254848487443e-6,0.9999999043385781,5.594711379601839,4.330733340286331,4009.4217687074843
2714,2,2005-2009,117.23014457759756,28.798307033908976,NA,NA,NA,NA,0.6931471805599453,0.6931471805599453,NA
2714,3,2010-2014,117.23014457759756,28.798307033908976,NA,NA,NA,NA,0.6931471805599453,0.6931471805599453,NA
2714,4,2015-2019,117.23014457759756,28.798307033908976,NA,NA,NA,NA,1.3862943611198906,0.6931471805599453,NA
2714,5,2020-2024,117.23014457759756,28.798307033908976,0.20338802891823604,0.20407839129949962,0.14511593866507022,0.27631104980278093,1.791759469228055,1.791759469228055,108
2715,2,2005-2009,118.12845986171699,28.798307033908976,NA,NA,NA,NA,0.6931471805599453,0.6931471805599453,NA
2715,3,2010-2014,118.12845986171699,28.798307033908976,NA,NA,NA,NA,1.6094379124341003,1.6094379124341003,NA
2715,4,2015-2019,118.12845986171699,28.798307033908976,0.6006776457248335,0.6387946362021186,0.22866965695288177,0.9071686513022617,3.871201010907891,3.2188758248682006,490
2715,5,2020-2024,118.12845986171699,28.798307033908976,0.6334245496984748,0.6754591900051843,0.2662235486368123,0.9177470975968519,4.02535169073515,3.4657359027997265,481.5
2716,1,2000-2004,119.0267751458366,28.798307033908976,NA,NA,NA,NA,0.6931471805599453,0.6931471805599453,NA
2716,2,2005-2009,119.0267751458366,28.798307033908976,NA,NA,NA,NA,0.6931471805599453,0.6931471805599453,NA
2716,3,2010-2014,119.0267751458366,28.798307033908976,0.11533901058710273,0.1152777123831833,0.09797437807429256,0.13381789648018866,1.0986122886681098,1.0986122886681098,30
2716,4,2015-2019,119.0267751458366,28.798307033908976,0.3788263998267807,0.37570261154479456,0.22281377192198587,0.5572839898593965,2.8903717578961645,1.3862943611198906,210
2716,5,2020-2024,119.0267751458366,28.798307033908976,0.7758931126038432,0.799551739462856,0.5801084162611728,0.9227039837992257,4.844187086458591,3.091042453358316,305.362030075188
2717,2,2005-2009,119.9250904299561,28.798307033908976,NA,NA,NA,NA,0.8958797346140275,0.8958797346140275,NA
2717,3,2010-2014,119.9250904299561,28.798307033908976,NA,NA,NA,NA,0.8958797346140275,0.6931471805599453,NA
2717,4,2015-2019,119.9250904299561,28.798307033908976,0.2551403901204923,0.1797556396898243,0.009741669089014495,0.8095803597024505,1.791759469228055,1.3862943611198906,825
2717,5,2020-2024,119.9250904299561,28.798307033908976,0.8692710876311409,0.8784483501659898,0.7839117752711499,0.9346811262790626,5.480638923341991,3.332204510175204,175.7272727272728
2718,2,2005-2009,120.82340571407563,28.798307033908976,NA,NA,NA,NA,1.0986122886681098,0.6931471805599453,NA
2718,3,2010-2014,120.82340571407563,28.798307033908976,0.16536504100462313,0.16155601414787824,0.08694063383407688,0.26941959501586726,1.6094379124341003,0.8958797346140275,190
2718,4,2015-2019,120.82340571407563,28.798307033908976,0.4556418469619026,0.46576038455337987,0.22626524428943995,0.7094350450691993,3.258096538021482,1.6094379124341003,301
2718,5,2020-2024,120.82340571407563,28.798307033908976,0.692026426682067,0.7159684056782386,0.45882919391343735,0.88179965680334,4.418840607796598,2.302585092994046,311
2719,1,2000-2004,121.45655217894213,28.820581656583666,NA,NA,NA,NA,1.0986122886681098,0.6931471805599453,NA
2719,2,2005-2009,121.45655217894213,28.820581656583666,NA,NA,NA,NA,0.6931471805599453,0.6931471805599453,NA
2719,3,2010-2014,121.45655217894213,28.820581656583666,0.21076264836801686,0.21230634420513733,0.1584322380107122,0.2721881555107406,1.9459101490553132,1.0986122886681098,90
2719,4,2015-2019,121.45655217894213,28.820581656583666,0.318903109701862,0.31743206332171486,0.1583498049677829,0.522142430125987,2.5649493574615367,1.3862943611198906,249
2719,5,2020-2024,121.45655217894213,28.820581656583666,0.6694164347730361,0.7007130084217772,0.39886474976813446,0.8885779318814645,4.30406509320417,2.3978952727983707,355.2619047619047
2750,1,2000-2004,85.26775863631863,28.379505373408943,NA,NA,NA,NA,0.6931471805599453,0.6931471805599453,NA
2750,4,2015-2019,85.26775863631863,28.379505373408943,0.20688394628703435,0.19945950016582603,0.08374481952396232,0.39277103429497723,1.791759469228055,1.7005986908310775,277.5
2750,5,2020-2024,85.26775863631863,28.379505373408943,0.5076818684379417,0.5262463117782588,0.0147168518343511,0.9855936009088977,3.5553480614894135,2.5649493574615367,1144.475
2751,1,2000-2004,85.95123388964869,28.251784716724668,NA,NA,NA,NA,0.6931471805599453,0.6931471805599453,NA
2751,2,2005-2009,85.95123388964869,28.251784716724668,NA,NA,NA,NA,2.4337672252277915,1.732867951399863,NA
2751,3,2010-2014,85.95123388964869,28.251784716724668,0.13842926542418174,0.12570516682856664,0.038632013980956385,0.3222062678120984,1.2424533248940002,1.0986122886681098,345
2751,4,2015-2019,85.95123388964869,28.251784716724668,NA,NA,NA,NA,2.0794415416798357,1.6094379124341003,NA
2751,5,2020-2024,85.95123388964869,28.251784716724668,0.29564380604679247,0.29348685438556055,0.14400219566864259,0.4935322805697546,2.3978952727983707,1.6094379124341003,249.31932773109244
2752,1,2000-2004,86.69079860185686,28.207251692705317,NA,NA,NA,NA,0.6931471805599453,0.6931471805599453,NA
2752,2,2005-2009,86.69079860185686,28.207251692705317,NA,NA,NA,NA,1.4451858789480825,1.0397207708399179,NA
2752,3,2010-2014,86.69079860185686,28.207251692705317,NA,NA,NA,NA,1.0986122886681098,0.6931471805599453,NA
2752,4,2015-2019,86.69079860185686,28.207251692705317,0.20511651630727662,0.16925330097192137,0.026414716956199506,0.5788246637524218,1.6094379124341003,1.6094379124341003,540
2752,5,2020-2024,86.69079860185686,28.207251692705317,0.08040296006189865,0.0797965720111142,0.05825394650737417,0.10574483528550607,0.6931471805599453,0.6931471805599453,83.16666666666666
2753,3,2010-2014,87.5751069693111,28.139819929109766,NA,NA,NA,NA,0.6931471805599453,0.6931471805599453,NA
2753,4,2015-2019,87.5751069693111,28.139819929109766,0.4426989806009583,0.022497339138857986,1.6108366149149245e-22,1,0.6931471805599453,0.6931471805599453,11940
2753,5,2020-2024,87.5751069693111,28.139819929109766,0.21351249503937253,0.19812764130342386,0.054104009728862056,0.49024781045631766,1.791759469228055,1.6094379124341003,393.70833333333337
2754,5,2020-2024,88.47906252792895,28.173774255318012,NA,NA,NA,NA,2.3978952727983707,2.1972245773362196,NA
2755,4,2015-2019,89.25332826899863,28.10592880225792,NA,NA,NA,NA,1.6094379124341003,1.6094379124341003,NA
2755,5,2020-2024,89.25332826899863,28.10592880225792,0.1467662483317182,0.14680455647414148,0.10873721897688295,0.19377722357071578,1.3862943611198906,1.3862943611198906,87.5
2756,4,2015-2019,90.34072328312001,28.277055262486577,NA,NA,NA,NA,1.0986122886681098,1.0986122886681098,NA
2756,5,2020-2024,90.34072328312001,28.277055262486577,0.0820418799833835,0.07924624588997956,0.04030927811128786,0.1408270419881644,0.6931471805599453,0.6931471805599453,190
2757,4,2015-2019,91.19294385705,28.194506342648555,0.34284201413335935,0.16260767558360284,1.4914117338816173e-4,0.9938440254639882,1.791759469228055,1.3862943611198906,1870
2757,5,2020-2024,91.19294385705,28.194506342648555,0.4621712636636643,0.4187137020991149,0.0014784189532208783,0.9960540847333738,3.091042453358316,2.70805020110221,1625
2758,3,2010-2014,92.07873325459349,28.009059456052505,NA,NA,NA,NA,0.6931471805599453,0.6931471805599453,NA
2758,4,2015-2019,92.07873325459349,28.009059456052505,NA,NA,NA,NA,0.8958797346140275,0.8958797346140275,NA
2758,5,2020-2024,92.07873325459349,28.009059456052505,0.6157823794268158,0.6979893767510424,0.07006665795865166,0.9836921486012776,4.246859917615298,3.268345798795653,915.0670596904938
2759,5,2020-2024,92.97563190637047,28.00813923714311,0.08040630164076219,0.08033214644587716,0.06303523420246096,0.10004928093486849,0.6931471805599453,0.6931471805599453,60
2765,1,2000-2004,98.47168618869487,28.05224406126764,NA,NA,NA,NA,0.6931471805599453,0.6931471805599453,NA
2765,3,2010-2014,98.47168618869487,28.05224406126764,NA,NA,NA,NA,2.03022150527321,1.3195286648076292,NA
2765,4,2015-2019,98.47168618869487,28.05224406126764,NA,NA,NA,NA,2.3978952727983707,1.6094379124341003,NA
2765,5,2020-2024,98.47168618869487,28.05224406126764,0.2832811193606983,0.24502198231340694,0.03371196020330926,0.730419796658552,2.1972245773362196,1.3862943611198906,597.5
2766,1,2000-2004,99.26383889520712,28.00813923714311,NA,NA,NA,NA,1.3862943611198906,1.3862943611198906,NA
2766,2,2005-2009,99.26383889520712,28.00813923714311,NA,NA,NA,NA,1.791759469228055,1.0986122886681098,NA
2766,3,2010-2014,99.26383889520712,28.00813923714311,NA,NA,NA,NA,2.302585092994046,1.9459101490553132,NA
2766,4,2015-2019,99.26383889520712,28.00813923714311,NA,NA,NA,NA,2.9444389791664403,2.6390573296152584,NA
2766,5,2020-2024,99.26383889520712,28.00813923714311,0.6466559972306265,0.6413788092916108,0.5805114447384196,0.713790311107432,3.9512437185814275,2.833213344056216,48.125
2767,1,2000-2004,100.16215417932663,28.00813923714311,NA,NA,NA,NA,0.6931471805599453,0.6931471805599453,NA
2767,2,2005-2009,100.16215417932663,28.00813923714311,NA,NA,NA,NA,0.6931471805599453,0.6931471805599453,NA
2767,3,2010-2014,100.16215417932663,28.00813923714311,NA,NA,NA,NA,1.3862943611198906,1.3862943611198906,NA
2767,4,2015-2019,100.16215417932663,28.00813923714311,0.26123788837526,0.25286209889791994,0.08187129776971876,0.5379783575955526,2.0794415416798357,2.0794415416798357,361.5
2767,5,2020-2024,100.16215417932663,28.00813923714311,0.22871729789582007,0.22995235261911687,0.16310014506777631,0.31009157262300285,1.9459101490553132,1.9459101490553132,111
2768,2,2005-2009,101.06046946344617,28.00813923714311,NA,NA,NA,NA,1.0397207708399179,0.6931471805599453,NA
2768,3,2010-2014,101.06046946344617,28.00813923714311,NA,NA,NA,NA,1.4451858789480823,1.2424533248940002,NA
2768,4,2015-2019,101.06046946344617,28.00813923714311,NA,NA,NA,NA,1.0986122886681098,1.0986122886681098,NA
2768,5,2020-2024,101.06046946344617,28.00813923714311,0.21810741884134568,0.2136132388008083,0.11840468015502345,0.3471677753987617,1.9459101490553132,1.3862943611198906,195
2769,2,2005-2009,101.95878474756569,28.00813923714311,NA,NA,NA,NA,0.6931471805599453,0.6931471805599453,NA
2769,3,2010-2014,101.95878474756569,28.00813923714311,0.42834952358139206,0.03538882540734334,7.117341799462703e-15,0.9999999999391054,0.6931471805599453,0.6931471805599453,7542.25
2769,4,2015-2019,101.95878474756569,28.00813923714311,0.46132882348665716,0.0031174579243796467,9.967083136363215e-66,1,1.3862943611198906,1.0986122886681098,36960
2769,5,2020-2024,101.95878474756569,28.00813923714311,0.25310460587051203,0.24523535095322588,0.08742438245373366,0.5050183119565772,2.0794415416798357,1.791759469228055,333.86538461538464
2770,4,2015-2019,102.8571000316852,28.00813923714311,NA,NA,NA,NA,0.6931471805599453,0.6931471805599453,NA
2770,5,2020-2024,102.8571000316852,28.00813923714311,0.160544063022466,0.15847737820862023,0.10217849595056598,0.23261015546107253,1.6094379124341003,0.6931471805599453,132.5
2771,3,2010-2014,103.75541531580473,28.00813923714311,NA,NA,NA,NA,1.791759469228055,1.6094379124341003,NA
2771,5,2020-2024,103.75541531580473,28.00813923714311,0.21804126279507002,0.06842478028446645,2.2837023575741395e-4,0.9404115621103099,0.6931471805599453,0.6931471805599453,1501
2772,4,2015-2019,104.65373059992424,28.00813923714311,NA,NA,NA,NA,1.3862943611198906,0.6931471805599453,NA
2772,5,2020-2024,104.65373059992424,28.00813923714311,0.25526537469944405,0.25733223198612487,0.19671955126231305,0.3224968493625305,2.1972245773362196,1.3862943611198906,81.875
2773,4,2015-2019,105.55204588404376,28.00813923714311,0.14636162938898883,0.13693061813166,0.0502256739251255,0.3087768859516321,1.354025100551105,1.0986122886681098,300
2773,5,2020-2024,105.55204588404376,28.00813923714311,0.15221422182159322,0.14530664866903753,0.059684849459602604,0.2990577048315562,1.3862943611198906,1.3862943611198906,269
2774,4,2015-2019,106.45036116816328,28.00813923714311,0.19014166120442924,0.19099516852908466,0.1535525431109632,0.23290025950375637,1.791759469228055,1.0986122886681098,54.6
2774,5,2020-2024,106.45036116816328,28.00813923714311,0.19005966320977055,0.19111353542500292,0.15172508017788378,0.23476682405565072,1.791759469228055,1.0986122886681098,60
2775,2,2005-2009,107.34867645228282,28.00813923714311,NA,NA,NA,NA,2.470821211304652,0.8958797346140275,NA
2775,3,2010-2014,107.34867645228282,28.00813923714311,0.2844770680251248,0.28459591935403705,0.2556505473312277,0.31877177466814904,2.3978952727983707,1.0986122886681098,0
2775,4,2015-2019,107.34867645228282,28.00813923714311,0.40754246443981673,0.2647304922759023,1.8446616890282157e-4,0.997792701119794,2.4337672252277915,2.0715673631957663,1980
2775,5,2020-2024,107.34867645228282,28.00813923714311,0.4768010182054775,0.43641083505066636,4.900061958573102e-4,0.9987974051537187,3.2188758248682006,2.772588722239781,1930.8557692307693
2776,3,2010-2014,108.24699173640235,28.00813923714311,NA,NA,NA,NA,1.3862943611198906,1.3862943611198906,NA
2776,4,2015-2019,108.24699173640235,28.00813923714311,0.3306666544526626,0.16647691221368746,3.192961353013956e-4,0.9882383494549835,1.791759469228055,1.3862943611198906,1680
2776,5,2020-2024,108.24699173640235,28.00813923714311,0.289316301485281,0.2826177936899021,0.0948479905859252,0.5752311188108007,2.302585092994046,1.791759469228055,360
2777,2,2005-2009,109.14530702052186,28.00813923714311,0.08040630164076219,0.08033214644587716,0.06303523420246096,0.10004928093486849,0.6931471805599453,0.6931471805599453,60
2777,3,2010-2014,109.14530702052186,28.00813923714311,NA,NA,NA,NA,0.6931471805599453,0.6931471805599453,NA
2777,4,2015-2019,109.14530702052186,28.00813923714311,0.1885914669736092,0.1319425441299351,0.011591604776172968,0.6380239344873906,1.3862943611198906,1.0986122886681098,683.25
2777,5,2020-2024,109.14530702052186,28.00813923714311,0.3205570486516952,0.3083117177501363,0.07303141538712103,0.6910486675889083,2.3978952727983707,2.1972245773362196,465.5714285714286
2778,2,2005-2009,110.04362230464137,28.00813923714311,NA,NA,NA,NA,0.6931471805599453,0.6931471805599453,NA
2778,3,2010-2014,110.04362230464137,28.00813923714311,NA,NA,NA,NA,0.6931471805599453,0.6931471805599453,NA
2778,4,2015-2019,110.04362230464137,28.00813923714311,0.09488464950649007,0.09252234366582157,0.05464693558213596,0.1449383496398153,0.8958797346140275,0.6931471805599453,150
2778,5,2020-2024,110.04362230464137,28.00813923714311,0.25670742588198775,0.2574994702447323,0.20189358055004528,0.3156747450358205,2.1242476210246792,1.9356005054539454,68.20325203252034
2779,5,2020-2024,110.9419375887609,28.00813923714311,0.16164237452545643,0.1596180725376074,0.10237829278518096,0.2352064551617194,1.5890269151739727,0.8958797346140275,135.32758620689654
2780,4,2015-2019,111.84025287288041,28.00813923714311,0.0837148517133282,0.07854255202180517,0.03385822143864105,0.16342354257307154,0.6931471805599453,0.6931471805599453,240
2780,5,2020-2024,111.84025287288041,28.00813923714311,0.3264770700065722,0.3287316564573416,0.24125086869681125,0.4245728686675123,2.5795276496072646,1.5890269151739727,111.69285714285714
2781,1,2000-2004,112.73856815699993,28.00813923714311,0.162454097882233,0.15933352663135403,0.08089838677799596,0.27383488811924495,1.6094379124341003,0.6931471805599453,203.42857142857142
2781,2,2005-2009,112.73856815699993,28.00813923714311,0.20533461435077197,0.1570337776214082,0.018109648913861916,0.6300255213060416,1.6094379124341003,1.0986122886681098,618.875
2781,3,2010-2014,112.73856815699993,28.00813923714311,0.399645902526556,0.24141382395983962,1.227793986163442e-4,0.9980569056240275,2.3978952727983707,1.3862943611198906,2050.5
2781,4,2015-2019,112.73856815699993,28.00813923714311,0.472566973514312,0.009082125111127232,1.822728819752744e-81,1,3.6635616461296463,2.1972245773362196,46546.777777777796
2781,5,2020-2024,112.73856815699993,28.00813923714311,0.9229929898823688,0.9650733251280421,0.7093110225950131,0.9963621220254464,6.9363427358340495,4.110873864173311,659.7931034482716
2782,1,2000-2004,113.63688344111945,28.00813923714311,NA,NA,NA,NA,0.6931471805599453,0.6931471805599453,NA
2782,4,2015-2019,113.63688344111945,28.00813923714311,NA,NA,NA,NA,0.6931471805599453,0.6931471805599453,NA
2782,5,2020-2024,113.63688344111945,28.00813923714311,0.654733525187576,0.6623461851595085,0.5282790943501009,0.7749860526686951,3.9889840465642745,3.1354942159291497,147.00729927007302
2783,3,2010-2014,114.53519872523898,28.00813923714311,0.24843207232646972,0.09929040740716528,4.38845296856572e-4,0.9506099660871609,1.0986122886681098,1.0986122886681098,1440
2783,4,2015-2019,114.53519872523898,28.00813923714311,0.21180281177290824,0.0690051529761126,2.916089542999802e-4,0.9275187129579924,0.6931471805599453,0.6931471805599453,1440
2783,5,2020-2024,114.53519872523898,28.00813923714311,0.4603278114851046,0.29730549347541724,9.505403126808839e-7,0.9999875751960275,2.908555579981602,1.5890269151739727,3382.2340425531916
2784,4,2015-2019,115.43351400935852,28.00813923714311,0.12274789693178598,0.12083110672490709,0.07989755493971037,0.1749183410527734,1.2424533248940002,0.6931471805599453,120
2784,5,2020-2024,115.43351400935852,28.00813923714311,0.2347353106139551,0.23585799929101287,0.17643772354882362,0.3025811489218962,2.04717228111105,1.5222612188617115,90.25
2785,3,2010-2014,116.33182929347802,28.00813923714311,NA,NA,NA,NA,1.3862943611198906,1.0986122886681098,NA
2785,4,2015-2019,116.33182929347802,28.00813923714311,0.24843207232646972,0.09929040740716528,4.38845296856572e-4,0.9506099660871609,1.0986122886681098,1.0986122886681098,1440
2785,5,2020-2024,116.33182929347802,28.00813923714311,0.4723316754079829,0.48347130504025415,0.2350731985701219,0.7306641567341019,3.295836866004329,1.9459101490553132,310
2786,2,2005-2009,117.23014457759756,28.00813923714311,NA,NA,NA,NA,0.6931471805599453,0.6931471805599453,NA
2786,3,2010-2014,117.23014457759756,28.00813923714311,NA,NA,NA,NA,1.0397207708399179,0.6931471805599453,NA
2786,4,2015-2019,117.23014457759756,28.00813923714311,0.143586861847448,0.143326793897732,0.12824499021838615,0.16091031103592435,1.3862943611198906,1.0986122886681098,0
2786,5,2020-2024,117.23014457759756,28.00813923714311,0.6337075712850238,0.6500170632637792,0.45121832193623995,0.806793983259798,3.934127132760306,3.026044584462208,227.95259740259743
2787,1,2000-2004,118.12845986171709,28.00813923714311,NA,NA,NA,NA,1.2424533248940002,0.6931471805599453,NA
2787,2,2005-2009,118.12845986171709,28.00813923714311,NA,NA,NA,NA,2.2608942885245202,1.2424533248940002,NA
2787,3,2010-2014,118.12845986171709,28.00813923714311,0.4496448398420649,0.175137988931011,8.297979282514245e-10,0.99999992117292,2.302585092994046,1.6094379124341003,5010
2787,4,2015-2019,118.12845986171709,28.00813923714311,0.46501195664558675,0.07571931386471743,1.5146652066400352e-28,1,2.4849066497880004,1.9459101490553132,15840
2787,5,2020-2024,118.12845986171709,28.00813923714311,0.5683529592679646,0.6043531693874529,0.17359767897098616,0.9096806095930847,3.7612001156935624,2.833213344056216,538.9230769230769
2788,2,2005-2009,119.0267751458366,28.00813923714311,NA,NA,NA,NA,0.6931471805599453,0.6931471805599453,NA
2788,3,2010-2014,119.0267751458366,28.00813923714311,NA,NA,NA,NA,1.2424533248940002,0.6931471805599453,NA
2788,4,2015-2019,119.0267751458366,28.00813923714311,0.23652105121616152,0.23789446438598977,0.17011878640649142,0.3198945740049801,2.0794415416798357,1.3862943611198906,110
2788,5,2020-2024,119.0267751458366,28.00813923714311,0.583596408888855,0.7193719330280031,0.0019003223099676887,0.999583312308988,4.61512051684126,2.70805020110221,1894
2789,2,2005-2009,119.9250904299561,28.00813923714311,NA,NA,NA,NA,0.8958797346140275,0.6931471805599453,NA
2789,3,2010-2014,119.9250904299561,28.00813923714311,NA,NA,NA,NA,1.0986122886681098,0.6931471805599453,NA
2789,4,2015-2019,119.9250904299561,28.00813923714311,0.3686330801099149,0.295099279490591,0.006897045249563394,0.952824504208493,2.5649493574615367,1.3862943611198906,1080
2789,5,2020-2024,119.9250904299561,28.00813923714311,0.8471095959040187,0.8571208740041689,0.7532407990469795,0.920651559804884,5.288267030694535,3.1354942159291497,171.76479908733685
2790,1,2000-2004,120.7111222010372,28.08630941256549,NA,NA,NA,NA,0.6931471805599453,0.6931471805599453,NA
2790,2,2005-2009,120.7111222010372,28.08630941256549,NA,NA,NA,NA,1.791759469228055,1.0986122886681098,NA
2790,3,2010-2014,120.7111222010372,28.08630941256549,0.21466634465173354,0.20972270426465994,0.09385346364323674,0.38794759169652243,1.9459101490553132,1.0986122886681098,255
2790,4,2015-2019,120.7111222010372,28.08630941256549,0.527297329330635,0.5316002951572033,0.33110068691790917,0.7265461364390988,3.5553480614894135,1.9459101490553132,240
2790,5,2020-2024,120.7111222010372,28.08630941256549,0.881991711732218,0.9134549581001286,0.7034487981720049,0.979544458231111,5.863631175598097,3.871201010907891,426.0769230769232
2791,3,2010-2014,121.39994499468317,28.303376406763654,NA,NA,NA,NA,1.0397207708399179,0.6931471805599453,NA
2791,4,2015-2019,121.39994499468317,28.303376406763654,0.14020274458554144,0.13522354782935908,0.059823653717875874,0.261485389454046,1.3862943611198906,0.6931471805599453,240
2791,5,2020-2024,121.39994499468317,28.303376406763654,0.6754962163604037,0.7021136426863674,0.4287504100413973,0.8783112282782211,4.330733340286331,2.302585092994046,323.74375
2826,2,2005-2009,88.8777232741117,27.51713838832195,NA,NA,NA,NA,1.3862943611198906,1.3862943611198906,NA
2826,4,2015-2019,88.8777232741117,27.51713838832195,NA,NA,NA,NA,1.1512925464970227,1.1512925464970227,NA
2826,5,2020-2024,88.8777232741117,27.51713838832195,0.30671642094617896,0.17320834522680684,0.0011573071585940832,0.9650945046923979,1.791759469228055,1.3862943611198906,1358.5
2827,4,2015-2019,89.04439071382124,27.465369889410432,NA,NA,NA,NA,0.6931471805599453,0.6931471805599453,NA
2827,5,2020-2024,89.04439071382124,27.465369889410432,0.2343548665783178,0.09621052117537257,5.998750153640333e-4,0.9303983481082868,1.0986122886681098,0.6931471805599453,1348.2
2837,1,2000-2004,98.73432316438304,27.316564391286843,NA,NA,NA,NA,0.6931471805599453,0.6931471805599453,NA
2838,2,2005-2009,99.26383889520712,27.212132558972517,NA,NA,NA,NA,0.6931471805599453,0.6931471805599453,NA
2838,3,2010-2014,99.26383889520712,27.212132558972517,NA,NA,NA,NA,1.3862943611198906,1.1512925464970227,NA
2838,4,2015-2019,99.26383889520712,27.212132558972517,NA,NA,NA,NA,1.3862943611198906,0.6931471805599453,NA
2838,5,2020-2024,99.26383889520712,27.212132558972517,NA,NA,NA,NA,1.791759469228055,1.7005986908310775,NA
2839,1,2000-2004,100.16215417932663,27.212132558972517,NA,NA,NA,NA,2.567899218525131,1.732867951399863,NA
2839,2,2005-2009,100.16215417932663,27.212132558972517,NA,NA,NA,NA,2.833213344056216,1.9459101490553132,NA
2839,3,2010-2014,100.16215417932663,27.212132558972517,NA,NA,NA,NA,3.1780538303479458,2.1972245773362196,NA
2839,4,2015-2019,100.16215417932663,27.212132558972517,NA,NA,NA,NA,3.713572066704308,2.833213344056216,NA
2839,5,2020-2024,100.16215417932663,27.212132558972517,NA,NA,NA,NA,3.5773076784568314,2.5249280036247685,NA
2840,2,2005-2009,101.06046946344617,27.212132558972517,NA,NA,NA,NA,0.6931471805599453,0.6931471805599453,NA
2840,3,2010-2014,101.06046946344617,27.212132558972517,NA,NA,NA,NA,0.6931471805599453,0.6931471805599453,NA
2840,4,2015-2019,101.06046946344617,27.212132558972517,NA,NA,NA,NA,0.6931471805599453,0.6931471805599453,NA
2840,5,2020-2024,101.06046946344617,27.212132558972517,0.22393798415850544,0.15423544744882622,0.009755311872927526,0.7466914407596092,1.6094379124341003,1.0986122886681098,775.2307692307693
2841,3,2010-2014,101.95878474756569,27.212132558972517,NA,NA,NA,NA,0.8958797346140275,0.6931471805599453,NA
2841,4,2015-2019,101.95878474756569,27.212132558972517,NA,NA,NA,NA,1.5222612188617115,1.0986122886681098,NA
2841,5,2020-2024,101.95878474756569,27.212132558972517,0.17211180368180012,0.15695896248136082,0.04410281939837903,0.40584789129799687,1.4978661367769954,1.3862943611198906,375.83333333333337
2842,4,2015-2019,102.85710003168518,27.212132558972517,NA,NA,NA,NA,0.6931471805599453,0.6931471805599453,NA
2842,5,2020-2024,102.85710003168518,27.212132558972517,0.3093826695452125,0.31098705837716906,0.20681677135813015,0.43450240373382176,2.4849066497880004,1.6094379124341003,149
2843,2,2005-2009,103.75541531580473,27.212132558972517,NA,NA,NA,NA,0.6931471805599453,0.6931471805599453,NA
2843,4,2015-2019,103.75541531580473,27.212132558972517,0.1877093973646534,0.18740702231606893,0.16829047141227377,0.21104407299567715,1.791759469228055,0.8958797346140275,0
2843,5,2020-2024,103.75541531580473,27.212132558972517,0.14244265776230752,0.14315316134324427,0.11282782585881551,0.17554195394876146,1.3862943611198906,1.0986122886681098,60
2844,1,2000-2004,104.65373059992424,27.212132558972517,NA,NA,NA,NA,0.6931471805599453,0.6931471805599453,NA
2844,2,2005-2009,104.65373059992424,27.212132558972517,0.35875594441614506,0.07599985450117056,3.4575723007460116e-7,0.9998756281610554,1.0986122886681098,0.6931471805599453,3210
2844,3,2010-2014,104.65373059992424,27.212132558972517,0.12938619400839715,0.09006971675775503,0.010280952400331575,0.45738059923493113,0.8958797346140275,0.8958797346140275,600
2844,4,2015-2019,104.65373059992424,27.212132558972517,0.2954335325520454,0.2811319216857764,0.0673005978555206,0.6523967909275452,2.302585092994046,1.791759469228055,453
2844,5,2020-2024,104.65373059992424,27.212132558972517,0.3884588465064141,0.34128518451492207,0.017783489296489274,0.9280638415118091,2.772588722239781,1.6094379124341003,893.75
2845,4,2015-2019,105.55204588404376,27.212132558972517,0.08339997191609683,0.07857907263504021,0.03484932403966961,0.15950383223437015,0.6931471805599453,0.6931471805599453,231.75
2845,5,2020-2024,105.55204588404376,27.212132558972517,0.1156395830851585,0.11286657240210485,0.06914231864046666,0.17356198644020665,1.0986122886681098,1.0986122886681098,145.5
2846,4,2015-2019,106.45036116816328,27.212132558972517,0.11502405319813132,0.11546121225421203,0.09077990121159978,0.14220668693904218,1.0986122886681098,1.0986122886681098,60
2846,5,2020-2024,106.45036116816328,27.212132558972517,0.14686825942047216,0.14660176912932812,0.10130054860771306,0.20354151564934328,1.3862943611198906,1.3862943611198906,110.453125
2847,3,2010-2014,107.34867645228282,27.212132558972517,NA,NA,NA,NA,0.6931471805599453,0.6931471805599453,NA
2847,4,2015-2019,107.34867645228282,27.212132558972517,NA,NA,NA,NA,0.6931471805599453,0.6931471805599453,NA
2847,5,2020-2024,107.34867645228282,27.212132558972517,0.2168531860897121,0.21819381314685876,0.16622573779521646,0.27430052499061747,1.9459101490553132,1.3862943611198906,79.7
2848,1,2000-2004,108.24699173640234,27.212132558972517,NA,NA,NA,NA,0.6931471805599453,0.6931471805599453,NA
2848,3,2010-2014,108.24699173640234,27.212132558972517,0.4749995594497691,1.1318178529162396e-32,0,1,0.6931471805599453,0.6931471805599453,702718
2848,4,2015-2019,108.24699173640234,27.212132558972517,0.2915186292211477,0.09034058967974952,4.904763560584875e-5,0.9917475759724004,1.0986122886681098,0.8958797346140275,1980
2848,5,2020-2024,108.24699173640234,27.212132558972517,0.2645877861276526,0.2673784273358497,0.1878246397446066,0.36072878213854015,2.1972245773362196,1.791759469228055,120.16666666666667
2849,4,2015-2019,109.14530702052186,27.212132558972517,NA,NA,NA,NA,0.8958797346140275,0.6931471805599453,NA
2849,5,2020-2024,109.14530702052186,27.212132558972517,0.20494385470295975,0.20559210480529505,0.16047496625949048,0.2544143772088074,1.8444397270569683,1.4978661367769954,67.66666666666666
2850,3,2010-2014,110.04362230464137,27.212132558972517,NA,NA,NA,NA,0.6931471805599453,0.6931471805599453,NA
2850,4,2015-2019,110.04362230464137,27.212132558972517,0.42140972613677413,0.4246616777505722,0.3164792022736347,0.5357617880311202,3.1354942159291497,1.0986122886681098,119.28571428571429
2850,5,2020-2024,110.04362230464137,27.212132558972517,0.6127032268859282,0.6183163689525111,0.5055319452058996,0.719131811335353,3.9318256327243257,1.9459101490553132,111.94594594594597
2851,4,2015-2019,110.9419375887609,27.212132558972517,0.10994947355825882,0.10953982631804407,0.07879780698253812,0.14699253079115798,1.0986122886681098,0.6931471805599453,90
2851,5,2020-2024,110.9419375887609,27.212132558972517,0.42023722900213734,0.42582079696256986,0.30392001045813544,0.5469838763492738,3.091042453358316,1.3862943611198906,138.26470588235293
2852,4,2015-2019,111.84025287288041,27.212132558972517,NA,NA,NA,NA,0.6931471805599453,0.6931471805599453,NA
2852,5,2020-2024,111.84025287288041,27.212132558972517,0.596628415963744,0.5998473712452448,0.491917511583086,0.700261727785141,3.784189633918261,2.3978952727983707,107.5
2853,2,2005-2009,112.73856815699993,27.212132558972517,NA,NA,NA,NA,0.6931471805599453,0.6931471805599453,NA
2853,3,2010-2014,112.73856815699993,27.212132558972517,NA,NA,NA,NA,0.6931471805599453,0.6931471805599453,NA
2853,4,2015-2019,112.73856815699993,27.212132558972517,0.21135125489386833,0.1983906393549865,0.05974454644039742,0.46730018615055285,1.791759469228055,1.6094379124341003,367.5
2853,5,2020-2024,112.73856815699993,27.212132558972517,0.44071793156467076,0.44522976256210556,0.2441426354635371,0.6615133210770093,3.091042453358316,2.1972245773362196,257.8560606060606
2854,3,2010-2014,113.63688344111945,27.212132558972517,NA,NA,NA,NA,0.6931471805599453,0.6931471805599453,NA
2854,4,2015-2019,113.63688344111945,27.212132558972517,NA,NA,NA,NA,1.791759469228055,0.6931471805599453,NA
2854,5,2020-2024,113.63688344111945,27.212132558972517,0.17633564922683428,0.17296694689559527,0.10624556410102216,0.2646577464737334,1.6479184330021646,1.3195286648076292,155.18333333333334
2855,3,2010-2014,114.53519872523898,27.212132558972517,NA,NA,NA,NA,1.6094379124341003,1.0986122886681098,NA
2855,4,2015-2019,114.53519872523898,27.212132558972517,0.11432542816467216,0.07486574116969338,0.007451477617039551,0.4343009408935076,0.6931471805599453,0.6931471805599453,630
2855,5,2020-2024,114.53519872523898,27.212132558972517,0.39359651565352793,0.3963099963115314,0.1861277694369285,0.6445293024335662,2.868286148739596,2.0715673631957663,295.1617250673854
2856,5,2020-2024,115.43351400935852,27.212132558972517,0.46097995383669427,0.4646488710663995,0.30200479618547177,0.6353152127774251,3.2188758248682006,1.9459101490553132,197.24193548387095
2857,4,2015-2019,116.33182929347802,27.212132558972517,NA,NA,NA,NA,1.0986122886681098,1.0986122886681098,NA
2857,5,2020-2024,116.33182929347802,27.212132558972517,0.14854700429861734,0.14478036442520398,0.07813213867858482,0.24379763744210997,1.3862943611198906,1.3862943611198906,189.1590909090909
2858,1,2000-2004,117.23014457759756,27.212132558972506,NA,NA,NA,NA,1.6094379124341003,0.6931471805599453,NA
2858,3,2010-2014,117.23014457759756,27.212132558972506,NA,NA,NA,NA,1.4451858789480825,1.0397207708399179,NA
2858,4,2015-2019,117.23014457759756,27.212132558972506,0.5453707948603852,0.6394780456789275,1.1739724501734435e-4,0.9999383792522243,4.276666119016055,2.833213344056216,2520
2858,5,2020-2024,117.23014457759756,27.212132558972506,0.5255706705043465,0.5589511157022478,0.07457975127788137,0.9442836399574797,3.58351893845611,2.70805020110221,735
2859,3,2010-2014,118.12845986171706,27.212132558972517,NA,NA,NA,NA,0.6931471805599453,0.6931471805599453,NA
2859,4,2015-2019,118.12845986171706,27.212132558972517,NA,NA,NA,NA,1.0986122886681098,1.0986122886681098,NA
2859,5,2020-2024,118.12845986171706,27.212132558972517,0.11879310881522011,0.11340688120251843,0.05010467735997746,0.22521358002174974,1.0986122886681098,1.0986122886681098,240
2860,4,2015-2019,119.0267751458366,27.212132558972517,NA,NA,NA,NA,0.8958797346140275,0.6931471805599453,NA
2860,5,2020-2024,119.0267751458366,27.212132558972517,0.4279054548466253,0.43535279098142626,0.17866012186591593,0.7194513622544665,3.091042453358316,1.791759469228055,349.25
2861,2,2005-2009,119.89822249616283,27.234495341208632,NA,NA,NA,NA,0.6931471805599453,0.6931471805599453,NA
2861,3,2010-2014,119.89822249616283,27.234495341208632,0.08040630164076219,0.08033214644587716,0.06303523420246096,0.10004928093486849,0.6931471805599453,0.6931471805599453,60
2861,4,2015-2019,119.89822249616283,27.234495341208632,0.3159769698363348,0.13192703311055465,1.4102167493141188e-4,0.9905472082419791,1.4978661367769954,1.3862943611198906,1820
2861,5,2020-2024,119.89822249616283,27.234495341208632,0.5485122390932947,0.5662807452710936,0.287468630385189,0.8053627480112848,3.58351893845611,2.70805020110221,333.3333333333333
2862,2,2005-2009,120.49110376213677,27.40923161282837,NA,NA,NA,NA,0.6931471805599453,0.6931471805599453,NA
2862,3,2010-2014,120.49110376213677,27.40923161282837,NA,NA,NA,NA,0.6931471805599453,0.6931471805599453,NA
2862,4,2015-2019,120.49110376213677,27.40923161282837,NA,NA,NA,NA,0.8958797346140275,0.6931471805599453,NA
2862,5,2020-2024,120.49110376213677,27.40923161282837,0.6564809473846259,0.7595668061952557,0.08234644441249031,0.9894513807346638,4.61512051684126,3.258096538021482,951.2
2909,2,2005-2009,98.74831929046941,26.2503405697284,NA,NA,NA,NA,1.6094379124341003,0.6931471805599453,NA
2909,3,2010-2014,98.74831929046941,26.2503405697284,NA,NA,NA,NA,0.6931471805599453,0.6931471805599453,NA
2909,4,2015-2019,98.74831929046941,26.2503405697284,NA,NA,NA,NA,1.6094379124341003,1.2424533248940002,NA
2909,5,2020-2024,98.74831929046941,26.2503405697284,NA,NA,NA,NA,0.6931471805599453,0.6931471805599453,NA
2910,3,2010-2014,99.26383889520712,26.41039861132904,NA,NA,NA,NA,1.3862943611198906,1.0986122886681098,NA
2910,4,2015-2019,99.26383889520712,26.41039861132904,NA,NA,NA,NA,1.0986122886681098,1.0986122886681098,NA
2910,5,2020-2024,99.26383889520712,26.41039861132904,NA,NA,NA,NA,1.9033312448851598,1.666102255087602,NA
2911,1,2000-2004,100.16215417932663,26.41039861132904,NA,NA,NA,NA,1.354025100551105,1.1512925464970227,NA
2911,2,2005-2009,100.16215417932663,26.41039861132904,NA,NA,NA,NA,0.6931471805599453,0.6931471805599453,NA
2911,3,2010-2014,100.16215417932663,26.41039861132904,NA,NA,NA,NA,0.6931471805599453,0.6931471805599453,NA
2911,4,2015-2019,100.16215417932663,26.41039861132904,NA,NA,NA,NA,2.8903717578961645,2.0794415416798357,NA
2911,5,2020-2024,100.16215417932663,26.41039861132904,NA,NA,NA,NA,3.275540167521702,2.5375869076169133,NA
2912,4,2015-2019,101.06046946344614,26.41039861132904,NA,NA,NA,NA,0.6931471805599453,0.6931471805599453,NA
2912,5,2020-2024,101.06046946344614,26.41039861132904,0.1467735781430196,0.14709322758273669,0.11082404675690034,0.19039043407392214,1.3862943611198906,1.3862943611198906,79.33333333333333
2913,2,2005-2009,101.95878474756569,26.41039861132904,NA,NA,NA,NA,0.6931471805599453,0.6931471805599453,NA
2913,3,2010-2014,101.95878474756569,26.41039861132904,NA,NA,NA,NA,0.6931471805599453,0.6931471805599453,NA
2913,4,2015-2019,101.95878474756569,26.41039861132904,0.11465460262191203,0.11262603351539444,0.07431766957643166,0.1636009470900985,1.1512925464970227,0.6931471805599453,120
2913,5,2020-2024,101.95878474756569,26.41039861132904,0.4514232630029238,0.4578514469221853,0.32708619309605513,0.5909085140410175,3.1172053628591856,2.255429753258425,146.4692022263451
2914,2,2005-2009,102.85710003168518,26.41039861132904,NA,NA,NA,NA,1.0986122886681098,0.6931471805599453,NA
2914,4,2015-2019,102.85710003168518,26.41039861132904,NA,NA,NA,NA,0.6931471805599453,0.6931471805599453,NA
2914,5,2020-2024,102.85710003168518,26.41039861132904,0.2410959040347149,0.2399994586003505,0.19849579571238024,0.2883822598735304,2.0948273710132126,1.4451858789480823,47.05555555555556
2915,2,2005-2009,103.75541531580473,26.41039861132904,NA,NA,NA,NA,0.6931471805599453,0.6931471805599453,NA
2915,5,2020-2024,103.75541531580473,26.41039861132904,NA,NA,NA,NA,1.9459101490553132,1.0986122886681098,NA
2916,4,2015-2019,104.65373059992424,26.41039861132904,0.2684179134060863,0.2647768266415872,0.13875568265680518,0.43439936490500775,2.3221954495706862,1.0397207708399179,220
2916,5,2020-2024,104.65373059992424,26.41039861132904,0.2244587119425435,0.21967898895032384,0.1054967074485774,0.3902736606210333,1.9459101490553132,1.6094379124341003,240
2917,1,2000-2004,105.55204588404376,26.41039861132904,NA,NA,NA,NA,1.3862943611198906,0.6931471805599453,NA
2917,3,2010-2014,105.55204588404376,26.41039861132904,NA,NA,NA,NA,0.6931471805599453,0.6931471805599453,NA
2917,4,2015-2019,105.55204588404376,26.41039861132904,0.17821220782196323,0.10770810469241002,0.005559296036560837,0.6868039619893191,1.1512925464970227,0.8958797346140275,810
2917,5,2020-2024,105.55204588404376,26.41039861132904,0.21860813841916082,0.21409891053991303,0.11285015734703115,0.35922464445679253,1.9459101490553132,1.3862943611198906,210
2918,1,2000-2004,106.45036116816328,26.41039861132904,NA,NA,NA,NA,2.0794415416798357,1.0986122886681098,NA
2918,2,2005-2009,106.45036116816328,26.41039861132904,0.12030417397179922,0.1132279166951008,0.04517996362684879,0.24411315405817485,1.0986122886681098,1.0986122886681098,270
2918,3,2010-2014,106.45036116816328,26.41039861132904,0.1745241035913919,0.17034795196594582,0.08718855134831327,0.2951900704086405,1.6094379124341003,1.3862943611198906,209.16666666666666
2918,4,2015-2019,106.45036116816328,26.41039861132904,0.3843555742820871,0.3858178806767434,0.29668484260143,0.47615028575439394,2.772588722239781,2.302585092994046,96
2918,5,2020-2024,106.45036116816328,26.41039861132904,0.7788223661527157,0.8491508748078787,0.37054758165854607,0.9798450090073233,5.272999558563747,2.9444389791664403,614.1035714285734
2919,4,2015-2019,107.34867645228282,26.41039861132904,0.3274350249164045,0.08083115440362251,4.294056979925283e-6,0.9989056027412131,1.0397207708399179,1.0397207708399179,2580
2919,5,2020-2024,107.34867645228282,26.41039861132904,0.17225517993186856,0.17234914461760784,0.11783735440218886,0.24033726078674555,1.6094379124341003,1.3862943611198906,116.58620689655172
2920,1,2000-2004,108.24699173640234,26.41039861132904,NA,NA,NA,NA,0.6931471805599453,0.6931471805599453,NA
2920,3,2010-2014,108.24699173640234,26.41039861132904,NA,NA,NA,NA,0.6931471805599453,0.6931471805599453,NA
2920,4,2015-2019,108.24699173640234,26.41039861132904,0.14806708738601562,0.1477697878117845,0.1316238947726925,0.16625176779513123,1.3862943611198906,1.3862943611198906,0
2920,5,2020-2024,108.24699173640234,26.41039861132904,0.33188331131154986,0.33465846171106994,0.2403211403290116,0.43776331326707324,2.6390573296152584,1.3862943611198906,121
2921,3,2010-2014,109.14530702052186,26.41039861132904,NA,NA,NA,NA,0.6931471805599453,0.6931471805599453,NA
2921,4,2015-2019,109.14530702052186,26.41039861132904,NA,NA,NA,NA,1.9459101490553132,1.0986122886681098,NA
2921,5,2020-2024,109.14530702052186,26.41039861132904,0.11542126853725714,0.11346589322371547,0.07199362494971584,0.16902477089980203,1.0986122886681098,1.0986122886681098,133.5
2922,5,2020-2024,110.04362230464136,26.410398611329068,0.3253295969604909,0.3258822470941907,0.2605736696967548,0.3990789206134604,2.5649493574615367,1.6094379124341003,70
2923,1,2000-2004,110.94193758876085,26.410398611329068,NA,NA,NA,NA,2.772588722239781,0.6931471805599453,NA
2923,3,2010-2014,110.94193758876085,26.410398611329068,NA,NA,NA,NA,0.6931471805599453,0.6931471805599453,NA
2923,4,2015-2019,110.94193758876085,26.410398611329068,NA,NA,NA,NA,1.9033312448851598,0.8958797346140275,NA
2923,5,2020-2024,110.94193758876085,26.410398611329068,0.44406999134297953,0.4519819938436915,0.21966822258408733,0.6975250614047237,3.149474623427971,1.9459101490553132,299.453125
2924,3,2010-2014,111.84025287288041,26.41039861132904,NA,NA,NA,NA,0.6931471805599453,0.6931471805599453,NA
2924,4,2015-2019,111.84025287288041,26.41039861132904,0.08066418086995945,0.0794241801112486,0.05134818944227062,0.11538702979271058,0.6931471805599453,0.6931471805599453,120
2924,5,2020-2024,111.84025287288041,26.41039861132904,0.3311015106086078,0.33237572901143403,0.2618298508958626,0.4061911193006289,2.5375869076169133,2.0126758453675744,75
2925,4,2015-2019,112.73856815699993,26.41039861132904,NA,NA,NA,NA,1.0986122886681098,0.6931471805599453,NA
2925,5,2020-2024,112.73856815699993,26.41039861132904,0.5708280423355285,0.5718550294569444,0.48623676599859644,0.6613266265854854,3.713572066704308,1.9459101490553132,75.25
2926,3,2010-2014,113.63688344111945,26.41039861132904,NA,NA,NA,NA,1.0986122886681098,0.6931471805599453,NA
2926,4,2015-2019,113.63688344111945,26.41039861132904,NA,NA,NA,NA,1.3862943611198906,1.0986122886681098,NA
2926,5,2020-2024,113.63688344111945,26.41039861132904,0.3149597890092134,0.3126421610882557,0.16318701755852905,0.5066136456636942,2.4849066497880004,1.791759469228055,236.64166666666668
2927,3,2010-2014,114.53519872523898,26.41039861132904,0.16676746517673363,0.10805184261135654,0.007956716636002437,0.6152349520064005,1.1512925464970227,0.8958797346140275,720
2927,4,2015-2019,114.53519872523898,26.41039861132904,0.12946989406642798,0.11824457293470048,0.03818463740843117,0.29565685643065825,1.1512925464970227,1.1512925464970227,330
2927,5,2020-2024,114.53519872523898,26.41039861132904,0.26329735209587357,0.2444973349380654,0.05611484640622462,0.6104496195842242,2.1383330595080277,1.4451858789480823,453.82046332046343
2928,5,2020-2024,115.43351400935852,26.41039861132904,0.4589059359674391,0.01731395954664977,2.254612602692969e-40,1,1.5890269151739729,1.3195286648076292,22426.863636363636
2929,5,2020-2024,116.331829293478,26.41039861132903,0.4234927949088277,0.4277987196753331,0.3184861155074021,0.5359108683827921,3.044522437723423,1.791759469228055,120.45098039215685
2930,3,2010-2014,117.23014457759756,26.41039861132904,0.4259012618824193,0.24991384454476795,1.652959566275411e-5,0.9997230577210686,2.6390573296152584,0.6931471805599453,2580
2930,4,2015-2019,117.23014457759756,26.41039861132904,0.5089257190914659,0.5258772811130338,0.0011720689334107149,0.998645489422233,3.58351893845611,2.995732273553991,1800
2930,5,2020-2024,117.23014457759756,26.41039861132904,0.6037278858164454,0.6646574933042311,0.11953254212085318,0.9616411555480392,4.04305126783455,3.1354942159291497,719.3384615384616
2931,2,2005-2009,118.12845986171706,26.41039861132904,NA,NA,NA,NA,0.6931471805599453,0.6931471805599453,NA
2931,4,2015-2019,118.12845986171706,26.41039861132904,0.14178098469105446,0.1087532912469655,0.016759285710235997,0.44358895348162375,1.0986122886681098,1.0986122886681098,527.5
2931,5,2020-2024,118.12845986171706,26.41039861132904,0.4322099242333904,0.4362043994096,0.3274871927633407,0.5453237220036126,3.044522437723423,2.0794415416798357,119
2932,1,2000-2004,119.0267751458366,26.41039861132904,NA,NA,NA,NA,2.1910133173369406,0.6931471805599453,NA
2932,2,2005-2009,119.0267751458366,26.41039861132904,0.09921727773953297,0.07673744795173595,0.013518257306781191,0.31201150178145315,0.6931471805599453,0.6931471805599453,480
2932,3,2010-2014,119.0267751458366,26.41039861132904,0.3240493701539535,0.32106810353487825,0.13924878890907924,0.5705860916527817,2.4849066497880004,2.0794415416798357,300
2932,4,2015-2019,119.0267751458366,26.41039861132904,0.5485041635920105,0.6065551384369854,0.01281965433669478,0.9932940994284728,3.871201010907891,3.1354942159291497,1267.5
2932,5,2020-2024,119.0267751458366,26.41039861132904,0.5767414025843499,0.8132486231400233,1.2797137930943937e-6,0.9999998367711941,5.389071729816501,3.828641396489095,3924.6129541864184
2933,1,2000-2004,119.69990968516072,26.47769201777686,NA,NA,NA,NA,1.0986122886681098,0.6931471805599453,NA
2933,2,2005-2009,119.69990968516072,26.47769201777686,0.12721829813068045,0.10617240653662652,0.022842397085116425,0.35416660830174,1.0986122886681098,0.6931471805599453,435
2933,3,2010-2014,119.69990968516072,26.47769201777686,0.26834690881516216,0.27079244806977415,0.1934280166301485,0.36038021853368296,2.1972245773362196,1.9459101490553132,112.5
2933,4,2015-2019,119.69990968516072,26.47769201777686,0.5276362820316594,0.5377913043637146,0.3574515034875844,0.7097693534346001,3.367295829986474,3.1780538303479458,208.28571428571428
2933,5,2020-2024,119.69990968516072,26.47769201777686,0.7166737769117474,0.7439610875596246,0.48008382622023754,0.9045117302076934,4.442651256490317,3.295836866004329,333.4177215189873
2981,1,2000-2004,98.50093442835316,25.482984313348066,NA,NA,NA,NA,1.4451858789480825,0.8958797346140275,NA
2981,2,2005-2009,98.50093442835316,25.482984313348066,NA,NA,NA,NA,2.1653666701431655,0.8958797346140275,NA
2981,3,2010-2014,98.50093442835316,25.482984313348066,NA,NA,NA,NA,2.433767225227791,1.7482537807332403,NA
2981,4,2015-2019,98.50093442835316,25.482984313348066,NA,NA,NA,NA,4.976733742420574,3.713572066704308,NA
2981,5,2020-2024,98.50093442835316,25.482984313348066,NA,NA,NA,NA,4.973991396211339,3.4345072253328532,NA
2982,1,2000-2004,99.26383889520712,25.603054277813133,NA,NA,NA,NA,1.3862943611198906,0.6931471805599453,NA
2982,2,2005-2009,99.26383889520712,25.603054277813133,NA,NA,NA,NA,1.6094379124341003,1.6094379124341003,NA
2982,3,2010-2014,99.26383889520712,25.603054277813133,NA,NA,NA,NA,1.6094379124341003,1.6094379124341003,NA
2982,4,2015-2019,99.26383889520712,25.603054277813133,NA,NA,NA,NA,2.302585092994046,2.0794415416798357,NA
2982,5,2020-2024,99.26383889520712,25.603054277813133,NA,NA,NA,NA,2.8262445901343254,2.1242476210246797,NA
2983,1,2000-2004,100.16215417932663,25.603054277813133,NA,NA,NA,NA,2.1972245773362196,1.0986122886681098,NA
2983,2,2005-2009,100.16215417932663,25.603054277813133,NA,NA,NA,NA,2.0794415416798357,1.3862943611198906,NA
2983,3,2010-2014,100.16215417932663,25.603054277813133,NA,NA,NA,NA,2.302585092994046,1.9459101490553132,NA
2983,4,2015-2019,100.16215417932663,25.603054277813133,NA,NA,NA,NA,4.204692619390966,3.4339872044851463,NA
2983,5,2020-2024,100.16215417932663,25.603054277813133,NA,NA,NA,NA,4.6447605849253115,3.2156655409667394,NA
2984,1,2000-2004,101.06046946344617,25.603054277813133,NA,NA,NA,NA,1.0986122886681098,1.0986122886681098,NA
2984,2,2005-2009,101.06046946344617,25.603054277813133,NA,NA,NA,NA,0.6931471805599453,0.6931471805599453,NA
2984,4,2015-2019,101.06046946344617,25.603054277813133,NA,NA,NA,NA,1.0397207708399179,1.0397207708399179,NA
2984,5,2020-2024,101.06046946344617,25.603054277813133,NA,NA,NA,NA,1.0986122886681098,1.0986122886681098,NA
2985,3,2010-2014,101.95878474756569,25.603054277813133,NA,NA,NA,NA,0.6931471805599453,0.6931471805599453,NA
2985,4,2015-2019,101.95878474756569,25.603054277813133,NA,NA,NA,NA,1.0986122886681098,0.6931471805599453,NA
2985,5,2020-2024,101.95878474756569,25.603054277813133,NA,NA,NA,NA,0.6931471805599453,0.6931471805599453,NA
2986,1,2000-2004,102.8571000316852,25.603054277813133,NA,NA,NA,NA,0.6931471805599453,0.6931471805599453,NA
2986,4,2015-2019,102.8571000316852,25.603054277813133,NA,NA,NA,NA,1.1512925464970227,1.0397207708399179,NA
2986,5,2020-2024,102.8571000316852,25.603054277813133,NA,NA,NA,NA,2.4849066497880004,1.868834809141684,NA
2987,3,2010-2014,103.75541531580473,25.603054277813133,NA,NA,NA,NA,0.6931471805599453,0.6931471805599453,NA
2987,4,2015-2019,103.75541531580473,25.603054277813133,NA,NA,NA,NA,0.8958797346140275,0.6931471805599453,NA
2988,1,2000-2004,104.65373059992424,25.603054277813133,NA,NA,NA,NA,1.0986122886681098,0.6931471805599453,NA
2988,4,2015-2019,104.65373059992424,25.603054277813133,0.1972292636292708,0.19319403678888997,0.10986227381516422,0.3077590975199695,1.868834809141684,0.8958797346140275,180
2988,5,2020-2024,104.65373059992424,25.603054277813133,0.14678303061957276,0.1465161617778038,0.106169250099571,0.1973508695082799,1.3862943611198906,1.3862943611198906,96
2989,3,2010-2014,105.55204588404376,25.603054277813133,NA,NA,NA,NA,1.3862943611198906,1.3862943611198906,NA
2989,4,2015-2019,105.55204588404376,25.603054277813133,NA,NA,NA,NA,0.6931471805599453,0.6931471805599453,NA
2989,5,2020-2024,105.55204588404376,25.603054277813133,0.267326473064676,0.26308958627154666,0.12348863280744758,0.4638452917934357,2.1972245773362196,1.791759469228055,258.06666666666666
2990,3,2010-2014,106.45036116816328,25.603054277813133,0.09709360151183014,0.09689910919141523,0.08723626179094628,0.1091573727145617,0.8958797346140275,0.8958797346140275,0
2990,4,2015-2019,106.45036116816328,25.603054277813133,0.14237548252077384,0.14233328238897336,0.10087641728348538,0.19346362307366366,1.3862943611198906,1.0986122886681098,100
2990,5,2020-2024,106.45036116816328,25.603054277813133,0.14267438098451846,0.14138262455361436,0.09153580526969354,0.20613767764150132,1.3862943611198906,1.0986122886681098,129.66666666666666
2991,4,2015-2019,107.34867645228282,25.603054277813143,NA,NA,NA,NA,0.6931471805599453,0.6931471805599453,NA
2991,5,2020-2024,107.34867645228282,25.603054277813143,0.44321044355457617,0.4432562545002344,0.26879206539138495,0.6352267835061722,3.1354942159291497,1.9459101490553132,222.4375
2992,1,2000-2004,108.2469917364023,25.603054277813133,NA,NA,NA,NA,0.6931471805599453,0.6931471805599453,NA
2992,2,2005-2009,108.2469917364023,25.603054277813133,0.3683098666928791,0.05087170379457549,1.1455663015545096e-8,0.9999870393555585,0.6931471805599453,0.6931471805599453,3972.5
2992,3,2010-2014,108.2469917364023,25.603054277813133,NA,NA,NA,NA,1.0986122886681098,0.6931471805599453,NA
2992,4,2015-2019,108.2469917364023,25.603054277813133,0.32165938624866813,0.1864805346215626,0.001027912046991927,0.9735063021306446,1.9459101490553132,1.0986122886681098,1411.875
2992,5,2020-2024,108.2469917364023,25.603054277813133,0.3103876503447947,0.30773747949683217,0.15743317980885818,0.5048426492047937,2.4849066497880004,1.6094379124341003,241
2993,2,2005-2009,109.14530702052181,25.603054277813133,NA,NA,NA,NA,0.6931471805599453,0.6931471805599453,NA
2993,5,2020-2024,109.14530702052181,25.603054277813133,0.2470348399692387,0.24803151533496165,0.18224271285916355,0.32534935422073885,2.1383330595080277,1.4451858789480823,101.375
2994,1,2000-2004,110.0436223046413,25.603054277813133,NA,NA,NA,NA,1.868834809141684,1.4978661367769954,NA
2994,2,2005-2009,110.0436223046413,25.603054277813133,NA,NA,NA,NA,1.666102255087602,1.4451858789480823,NA
2994,3,2010-2014,110.0436223046413,25.603054277813133,0.43495745541940944,0.2523118840805482,6.782301077569564e-6,0.9998839656173731,2.4849066497880004,2.1972245773362196,2820
2994,4,2015-2019,110.0436223046413,25.603054277813133,0.46718555128356926,0.4078556183545722,3.59866964145172e-4,0.9988662193199773,3.091042453358316,2.772588722239781,1980.1
2994,5,2020-2024,110.0436223046413,25.603054277813133,0.47865112965547224,0.4939330778532723,0.09864720297681616,0.8844051276251422,3.258096538021482,2.70805020110221,587.9285714285713
2995,3,2010-2014,110.94193758876084,25.603054277813133,NA,NA,NA,NA,0.6931471805599453,0.6931471805599453,NA
2995,4,2015-2019,110.94193758876084,25.603054277813133,NA,NA,NA,NA,1.3862943611198906,0.6931471805599453,NA
2995,5,2020-2024,110.94193758876084,25.603054277813133,0.36960191316650054,0.293251040566271,0.006553701559991643,0.9550370733198495,2.4849066497880004,1.9459101490553132,1094.4285714285713
2996,4,2015-2019,111.84025287288046,25.603054277813143,NA,NA,NA,NA,0.6931471805599453,0.6931471805599453,NA
2996,5,2020-2024,111.84025287288046,25.603054277813143,0.2730235783086551,0.2737020806954788,0.21910507510044763,0.3357306966042211,2.302585092994046,1.3862943611198906,63.75
2997,4,2015-2019,112.73856815699988,25.603054277813133,0.16374002307457036,0.1443845147751116,0.03387532249440403,0.42021607463450694,1.3862943611198906,1.3862943611198906,420
2997,5,2020-2024,112.73856815699988,25.603054277813133,0.41039832507246465,0.4159786432307494,0.2835374391313956,0.5567215711552851,2.9444389791664403,2.0794415416798357,159.34375
2998,3,2010-2014,113.63688344111955,25.60305427781317,NA,NA,NA,NA,1.6094379124341003,1.0986122886681098,NA
2998,4,2015-2019,113.63688344111955,25.60305427781317,0.18067321185738122,0.16039221603192888,0.03838091203427841,0.4525670656632852,1.5890269151739729,1.0397207708399179,420
2998,5,2020-2024,113.63688344111955,25.60305427781317,0.26855976085445066,0.24107422889770214,0.04223221873761974,0.6679283581072957,2.0794415416798357,1.791759469228055,527.28125
2999,4,2015-2019,114.53519872523893,25.603054277813133,0.11052224924489895,0.11131739502009137,0.09708938673491296,0.1253971772655676,1.0986122886681098,0.6931471805599453,15
2999,5,2020-2024,114.53519872523893,25.603054277813133,0.6115165598242096,0.6449284869747169,0.294703506995773,0.8803487364638978,4.009806397200133,2.359249435647547,405.3503787878787
3000,4,2015-2019,115.43351400935849,25.603054277813133,0.08060638205768508,0.08089156585168308,0.06852773360214819,0.09312978066290027,0.6931471805599453,0.6931471805599453,30
3000,5,2020-2024,115.43351400935849,25.603054277813133,0.3992217884176956,0.3956715530007048,0.08321774408812536,0.8061197808136592,2.9444389791664403,1.6094379124341003,529.0909090909091
3001,4,2015-2019,116.331829293478,25.603054277813133,0.15454362782658657,0.1478252849615363,0.061675033009404606,0.29976784158970377,1.4451858789480823,1.1512925464970227,263.75
3001,5,2020-2024,116.331829293478,25.603054277813133,0.23642195092812737,0.15368653430934126,0.006406716211058913,0.810299174134432,1.6094379124341003,1.0986122886681098,880.9202898550718
3002,2,2005-2009,117.23014457759756,25.603054277813133,NA,NA,NA,NA,0.6931471805599453,0.6931471805599453,NA
3002,3,2010-2014,117.23014457759756,25.603054277813133,NA,NA,NA,NA,1.0986122886681098,1.0986122886681098,NA
3002,4,2015-2019,117.23014457759756,25.603054277813133,0.13698404103587952,0.13343309200477763,0.07851635468045368,0.2106878088108724,1.354025100551105,0.8958797346140275,160
3002,5,2020-2024,117.23014457759756,25.603054277813133,0.4742025320854215,0.4466782946806382,0.0016171095672671868,0.9965338128152206,3.295836866004329,2.1972245773362196,1629.7956989247305
3003,2,2005-2009,118.12845986171706,25.603054277813133,NA,NA,NA,NA,0.6931471805599453,0.6931471805599453,NA
3003,3,2010-2014,118.12845986171706,25.603054277813133,NA,NA,NA,NA,1.0986122886681098,0.6931471805599453,NA
3003,4,2015-2019,118.12845986171706,25.603054277813133,0.09424662331335189,0.07751291113892697,0.01713465617691438,0.26868717059556735,0.6931471805599453,0.6931471805599453,420
3003,5,2020-2024,118.12845986171706,25.603054277813133,0.43981081199701855,0.44864514094389496,0.20592295918056477,0.7055680441638005,3.1780538303479458,1.6094379124341003,315.1728395061729
3004,1,2000-2004,118.99303132122284,25.632231068993548,NA,NA,NA,NA,2.2386684072391034,0.6931471805599453,NA
3004,2,2005-2009,118.99303132122284,25.632231068993548,NA,NA,NA,NA,1.3862943611198906,0.6931471805599453,NA
3004,3,2010-2014,118.99303132122284,25.632231068993548,0.09706439559672321,0.0946139451177226,0.05621687307347565,0.1480358215203792,0.8958797346140275,0.8958797346140275,150
3004,4,2015-2019,118.99303132122284,25.632231068993548,0.17371037574551296,0.1651210550488003,0.06403162955734373,0.3490395762283359,1.6094379124341003,1.0986122886681098,289.58333333333337
3004,5,2020-2024,118.99303132122284,25.632231068993548,0.5050844051316958,0.491013883494698,3.558318739586126e-14,0.9999999999995844,4.189654742026425,3.4339872044851463,7995.631578947371
3005,1,2000-2004,119.61981985182867,25.680308489003973,NA,NA,NA,NA,1.2424533248940002,0.6931471805599453,NA
3005,3,2010-2014,119.61981985182867,25.680308489003973,0.13115641731218963,0.11181032964668858,0.02556543897010741,0.3534602007852464,1.0986122886681098,1.0986122886681098,420
3005,4,2015-2019,119.61981985182867,25.680308489003973,0.1929099800766904,0.17422092329737993,0.04206106947341192,0.4742302901195958,1.6094379124341003,1.6094379124341003,420
3005,5,2020-2024,119.61981985182867,25.680308489003973,0.3988186884966037,0.4017841761790162,0.1498518229526867,0.7058685427508924,2.833213344056216,2.4849066497880004,369.18817204301115
3007,4,2015-2019,121.5787508140822,25.259703729362805,0.08131186715021685,0.07925166474636311,0.04473008540452197,0.12856389010146355,0.6931471805599453,0.6931471805599453,160
3007,5,2020-2024,121.5787508140822,25.259703729362805,0.17812595272999526,0.1580719993074569,0.03699735497196565,0.4507601076028726,1.5222612188617115,1.3195286648076292,424.5
3010,5,2020-2024,124.56294017382689,25.87763796937718,0.44235640743215654,0.02292170499367401,3.317698162589626e-22,1,0.6931471805599453,0.6931471805599453,11759.5
3052,2,2005-2009,97.78800344529732,24.719982896522687,NA,NA,NA,NA,2.1972245773362196,1.0986122886681098,NA
3052,3,2010-2014,97.78800344529732,24.719982896522687,NA,NA,NA,NA,2.833213344056216,1.0986122886681098,NA
3052,4,2015-2019,97.78800344529732,24.719982896522687,NA,NA,NA,NA,5.6240175061873385,3.6109179126442243,NA
3052,5,2020-2024,97.78800344529732,24.719982896522687,NA,NA,NA,NA,5.427958665513078,3.131699131295812,NA
3053,1,2000-2004,98.3655236110876,24.79022169926032,NA,NA,NA,NA,1.354025100551105,0.8958797346140275,NA
3053,2,2005-2009,98.3655236110876,24.79022169926032,NA,NA,NA,NA,2.0471722811110507,1.2424533248940002,NA
3053,3,2010-2014,98.3655236110876,24.79022169926032,NA,NA,NA,NA,2.3978952727983707,1.3862943611198906,NA
3053,4,2015-2019,98.3655236110876,24.79022169926032,NA,NA,NA,NA,4.736198448394496,3.4011973816621555,NA
3053,5,2020-2024,98.3655236110876,24.79022169926032,NA,NA,NA,NA,4.952742777599401,3.308701488987239,NA
3054,1,2000-2004,99.26383889520712,24.79022169926032,NA,NA,NA,NA,1.0397207708399179,0.6931471805599453,NA
3054,2,2005-2009,99.26383889520712,24.79022169926032,NA,NA,NA,NA,0.8958797346140275,0.8958797346140275,NA
3054,3,2010-2014,99.26383889520712,24.79022169926032,NA,NA,NA,NA,1.9356005054539454,1.354025100551105,NA
3054,4,2015-2019,99.26383889520712,24.79022169926032,NA,NA,NA,NA,2.9444389791664403,2.6390573296152584,NA
3054,5,2020-2024,99.26383889520712,24.79022169926032,NA,NA,NA,NA,3.2854414811697925,2.4814223151299535,NA
3055,3,2010-2014,100.16215417932663,24.79022169926032,NA,NA,NA,NA,1.3862943611198906,0.6931471805599453,NA
3055,5,2020-2024,100.16215417932663,24.79022169926032,NA,NA,NA,NA,2.833213344056216,1.6094379124341003,NA
3056,1,2000-2004,101.06046946344617,24.79022169926032,NA,NA,NA,NA,0.6931471805599453,0.6931471805599453,NA
3056,2,2005-2009,101.06046946344617,24.79022169926032,NA,NA,NA,NA,1.0397207708399179,0.6931471805599453,NA
3056,3,2010-2014,101.06046946344617,24.79022169926032,NA,NA,NA,NA,1.4451858789480823,1.2424533248940002,NA
3056,4,2015-2019,101.06046946344617,24.79022169926032,NA,NA,NA,NA,2.3978952727983707,2.0794415416798357,NA
3056,5,2020-2024,101.06046946344617,24.79022169926032,NA,NA,NA,NA,3.364314306542351,2.7403194616709956,NA
3057,2,2005-2009,101.95878474756569,24.79022169926032,NA,NA,NA,NA,0.6931471805599453,0.6931471805599453,NA
3057,3,2010-2014,101.95878474756569,24.79022169926032,NA,NA,NA,NA,0.6931471805599453,0.6931471805599453,NA
3057,4,2015-2019,101.95878474756569,24.79022169926032,NA,NA,NA,NA,1.3862943611198906,0.6931471805599453,NA
3057,5,2020-2024,101.95878474756569,24.79022169926032,NA,NA,NA,NA,2.3978952727983707,1.791759469228055,NA
3058,1,2000-2004,102.8571000316852,24.79022169926032,NA,NA,NA,NA,2.1972245773362196,2.0794415416798357,NA
3058,2,2005-2009,102.8571000316852,24.79022169926032,NA,NA,NA,NA,2.5649493574615367,1.9459101490553132,NA
3058,3,2010-2014,102.8571000316852,24.79022169926032,NA,NA,NA,NA,3.5553480614894135,2.5649493574615367,NA
3058,4,2015-2019,102.8571000316852,24.79022169926032,NA,NA,NA,NA,5.389071729816501,3.4965075614664802,NA
3058,5,2020-2024,102.8571000316852,24.79022169926032,NA,NA,NA,NA,4.669630576021511,3.5614333292995415,NA
3059,1,2000-2004,103.75541531580473,24.79022169926032,NA,NA,NA,NA,1.4978661367769954,1.4978661367769954,NA
3059,2,2005-2009,103.75541531580473,24.79022169926032,NA,NA,NA,NA,0.8958797346140275,0.8958797346140275,NA
3059,3,2010-2014,103.75541531580473,24.79022169926032,NA,NA,NA,NA,1.0986122886681098,1.0986122886681098,NA
3059,4,2015-2019,103.75541531580473,24.79022169926032,NA,NA,NA,NA,2.0794415416798357,1.7776740307447068,NA
3059,5,2020-2024,103.75541531580473,24.79022169926032,NA,NA,NA,NA,1.791759469228055,1.791759469228055,NA
3060,1,2000-2004,104.65373059992427,24.790221699260297,NA,NA,NA,NA,1.0986122886681098,0.6931471805599453,NA
3060,4,2015-2019,104.65373059992427,24.790221699260297,0.09921727773953297,0.07673744795173595,0.013518257306781191,0.31201150178145315,0.6931471805599453,0.6931471805599453,480
3060,5,2020-2024,104.65373059992427,24.790221699260297,0.2760941607053379,0.2716860647268549,0.11470775590459978,0.5017154594432808,2.302585092994046,1.3862943611198906,289.66666666666663
3061,4,2015-2019,105.55204588404376,24.79022169926032,NA,NA,NA,NA,1.3862943611198906,0.6931471805599453,NA
3061,5,2020-2024,105.55204588404376,24.79022169926032,0.19809446540944123,0.19382338648926672,0.10869284340997096,0.312992924965148,1.844439727056968,1.0986122886681098,185.8
3062,1,2000-2004,106.45036116816337,24.79022169926032,NA,NA,NA,NA,0.6931471805599453,0.6931471805599453,NA
3062,3,2010-2014,106.45036116816337,24.79022169926032,NA,NA,NA,NA,0.6931471805599453,0.6931471805599453,NA
3062,4,2015-2019,106.45036116816337,24.79022169926032,NA,NA,NA,NA,0.6931471805599453,0.6931471805599453,NA
3062,5,2020-2024,106.45036116816337,24.79022169926032,0.22331652382908526,0.18817222300197342,0.030105591728213858,0.6086969964194858,1.791759469228055,1.3862943611198906,538.5
3063,5,2020-2024,107.34867645228282,24.79022169926032,0.118053536314664,0.11340145948343668,0.0530717965688189,0.2151227518684106,1.0986122886681098,1.0986122886681098,223.25
3064,5,2020-2024,108.24699173640235,24.79022169926032,0.13810107813369377,0.1352109865189601,0.07106626739687098,0.22850433389467395,1.3862943611198906,0.6931471805599453,189.13043478260875
3065,4,2015-2019,109.14530702052186,24.79022169926032,0.10993291718975322,0.1098303471905481,0.08039083346260747,0.1449933952297918,1.0986122886681098,0.6931471805599453,84
3065,5,2020-2024,109.14530702052186,24.79022169926032,0.14677924430322475,0.14715479320524025,0.1113705022224807,0.1895203876220739,1.3862943611198906,1.3862943611198906,77.21739130434783
3066,1,2000-2004,110.04362230464137,24.79022169926032,NA,NA,NA,NA,0.8958797346140275,0.6931471805599453,NA
3066,2,2005-2009,110.04362230464137,24.79022169926032,NA,NA,NA,NA,1.0986122886681098,1.0986122886681098,NA
3066,3,2010-2014,110.04362230464137,24.79022169926032,0.4229988584710064,0.0854014805262773,2.4346705640631085e-10,0.9999998702242956,1.3862943611198906,1.3862943611198906,5109
3066,4,2015-2019,110.04362230464137,24.79022169926032,0.2650872174458705,0.26120481802806894,0.15604568772292793,0.4002839232482567,2.1972245773362196,1.791759469228055,183
3066,5,2020-2024,110.04362230464137,24.79022169926032,0.42056462387931454,0.4254716148729856,0.30666644515077957,0.5512713852729801,2.9444389791664403,2.3978952727983707,136.41896186440675
3067,1,2000-2004,110.94193758876101,24.79022169926032,NA,NA,NA,NA,1.791759469228055,1.0986122886681098,NA
3067,2,2005-2009,110.94193758876101,24.79022169926032,NA,NA,NA,NA,1.0397207708399179,0.8958797346140275,NA
3067,3,2010-2014,110.94193758876101,24.79022169926032,NA,NA,NA,NA,2.3978952727983707,1.791759469228055,NA
3067,4,2015-2019,110.94193758876101,24.79022169926032,0.3515462089506807,0.21550315973019174,8.067360531170384e-4,0.9852300035128139,2.0794415416798357,1.791759469228055,1525
3067,5,2020-2024,110.94193758876101,24.79022169926032,0.39849631229791155,0.4014152015443659,0.1476769655397125,0.7078975789464479,2.8903717578961645,2.0794415416798357,372.125
3068,4,2015-2019,111.8402528728805,24.790221699260297,0.14247652188332088,0.10864067345075339,0.016339571555976002,0.44916407415102677,1.0986122886681098,1.0986122886681098,533.9285714285713
3068,5,2020-2024,111.8402528728805,24.790221699260297,0.20139970846588326,0.19664817830836662,0.1076003249639663,0.3255560722538166,1.791759469228055,1.6094379124341003,197.27272727272728
3069,1,2000-2004,112.7385681569999,24.790221699260282,NA,NA,NA,NA,1.5222612188617115,0.8958797346140275,NA
3069,2,2005-2009,112.7385681569999,24.790221699260282,0.3275080846868018,0.19634109439939929,0.0011789413151665044,0.9735888569238349,1.9459101490553132,1.6094379124341003,1395
3069,3,2010-2014,112.7385681569999,24.790221699260282,0.3769230870974855,0.17713187133184738,3.837175784788224e-5,0.9985773586837106,1.9459101490553132,1.6094379124341003,2250
3069,4,2015-2019,112.7385681569999,24.790221699260282,0.4783236864854661,0.44115958747979844,5.200375316662275e-4,0.9987722018456405,3.258096538021482,2.6390573296152584,1920
3069,5,2020-2024,112.7385681569999,24.790221699260282,0.5369711148261673,0.6017693342596668,7.518561925341751e-4,0.9995187109514165,3.912023005428146,3.4657359027997265,1998.4117647058824
3070,1,2000-2004,113.63688344111945,24.79022169926032,NA,NA,NA,NA,0.6931471805599453,0.6931471805599453,NA
3070,2,2005-2009,113.63688344111945,24.79022169926032,NA,NA,NA,NA,1.0986122886681098,0.6931471805599453,NA
3070,3,2010-2014,113.63688344111945,24.79022169926032,NA,NA,NA,NA,1.0986122886681098,1.0986122886681098,NA
3070,4,2015-2019,113.63688344111945,24.79022169926032,0.34831386940186804,0.23923258291871102,0.0022345022352858817,0.9706313297953237,2.1972245773362196,1.791759469228055,1296.1
3070,5,2020-2024,113.63688344111945,24.79022169926032,0.37901456818957985,0.3797301575293124,0.17939876891270964,0.6248874147783445,2.772588722239781,2.1972245773362196,290
3071,1,2000-2004,114.53519872523898,24.79022169926032,NA,NA,NA,NA,1.0986122886681098,1.0986122886681098,NA
3071,2,2005-2009,114.53519872523898,24.79022169926032,0.4215306670024866,0.18436940273793156,8.735057565674113e-7,0.9999606376812376,2.158744056768155,1.5890269151739727,3240
3071,3,2010-2014,114.53519872523898,24.79022169926032,0.1436206735700454,0.13335115453169624,0.04871084949469355,0.3041301000866106,1.3862943611198906,0.6931471805599453,300
3071,4,2015-2019,114.53519872523898,24.79022169926032,0.41946448554955834,0.16264642850278524,2.9159327424052093e-7,0.999980362486492,2.0794415416798357,1.0986122886681098,3480
3071,5,2020-2024,114.53519872523898,24.79022169926032,0.42346422451305643,0.42863618309929985,0.13012836953065748,0.7740402155213297,3.044522437723423,1.9459101490553132,437.70614035087726
3072,4,2015-2019,115.43351400935859,24.79022169926032,0.09705184478929224,0.09652631833519115,0.08735039064204914,0.10911848047248367,0.8958797346140275,0.8958797346140275,2
3072,5,2020-2024,115.43351400935859,24.79022169926032,0.1114519682474198,0.10878011944680695,0.05814565626984155,0.1830761325471221,1.0986122886681098,0.6931471805599453,180
3073,4,2015-2019,116.33182929347802,24.79022169926032,0.09424662331335189,0.07751291113892697,0.01713465617691438,0.26868717059556735,0.6931471805599453,0.6931471805599453,420
3073,5,2020-2024,116.33182929347802,24.79022169926032,0.4251297922173567,0.4318036002177099,0.20486221105343322,0.6798710548818142,3.0742341479588235,1.791759469228055,299.7454545454544
3074,2,2005-2009,117.23014457759756,24.79022169926032,NA,NA,NA,NA,0.6931471805599453,0.6931471805599453,NA
3074,3,2010-2014,117.23014457759756,24.79022169926032,NA,NA,NA,NA,0.6931471805599453,0.6931471805599453,NA
3074,4,2015-2019,117.23014457759756,24.79022169926032,0.30398204355517244,0.21764008064492255,0.006812323050782492,0.9028495652960604,2.0794415416798357,1.3862943611198906,977.5
3074,5,2020-2024,117.23014457759756,24.79022169926032,0.47977521655933636,0.4949162862892568,0.14424176892391677,0.8381490435528838,3.2654388138629424,2.607467878804493,478.42145593869736
3075,1,2000-2004,118.1037494967102,24.83417201890507,NA,NA,NA,NA,0.6931471805599453,0.6931471805599453,NA
3075,2,2005-2009,118.1037494967102,24.83417201890507,NA,NA,NA,NA,1.354025100551105,0.8958797346140275,NA
3075,3,2010-2014,118.1037494967102,24.83417201890507,0.47499999547155775,1.3595738781282053e-39,0,1,2.2386684072391034,1.9356005054539454,876508.6666666667
3075,4,2015-2019,118.1037494967102,24.83417201890507,0.5772903354288255,0.7430438032291098,1.6745725657702978e-4,0.999967433795,4.804021044733257,3.1780538303479458,2557.900053304904
3075,5,2020-2024,118.1037494967102,24.83417201890507,0.6483581963718185,0.9326202046873877,1.2760880879353058e-4,0.9999988371082793,6.539585955617669,4.330733340286331,3043.0106951871844
3076,4,2015-2019,118.77011789503436,24.9607755290876,0.2120399179648955,0.13665579146551587,0.006999146388430085,0.7517124590644451,1.4451858789480823,1.0986122886681098,823
3076,5,2020-2024,118.77011789503436,24.9607755290876,0.5631089491383628,0.6149151194492494,0.07548743877829281,0.9634867557736396,3.8066624897703196,3.091042453358316,793.2666666666687
3077,4,2015-2019,119.52987335169281,25.16456285173224,NA,NA,NA,NA,3.2188758248682006,0.6931471805599453,NA
3077,5,2020-2024,119.52987335169281,25.16456285173224,0.21180281177290824,0.0690051529761126,2.916089542999802e-4,0.9275187129579924,0.6931471805599453,0.6931471805599453,1440
3078,4,2015-2019,121.03567742495993,24.661571293903272,0.47498680803676385,5.532417264939237e-24,0,1,0.8958797346140275,0.8958797346140275,504957.25
3078,5,2020-2024,121.03567742495993,24.661571293903272,0.39182958179936594,0.3943203466929489,0.2572793888026633,0.5481502099186238,2.884160497896886,1.868834809141684,175.996336996337
3079,4,2015-2019,121.56866685727603,24.784219047597105,0.34679000821853173,0.1115665655404853,9.693595982991715e-6,0.9988497829621901,1.3862943611198906,1.3862943611198906,2464
3079,5,2020-2024,121.56866685727603,24.784219047597105,0.4984748045602643,0.5021305169743236,0.4088311213150873,0.599392747633624,3.4965075614664802,1.0986122886681098,86.40625
3124,1,2000-2004,97.79707285177345,24.12590554067083,NA,NA,NA,NA,1.6094379124341003,0.6931471805599453,NA
3124,2,2005-2009,97.79707285177345,24.12590554067083,NA,NA,NA,NA,2.381086967398878,0.8958797346140275,NA
3124,3,2010-2014,97.79707285177345,24.12590554067083,NA,NA,NA,NA,2.596478425445105,1.9033312448851598,NA
3124,4,2015-2019,97.79707285177345,24.12590554067083,NA,NA,NA,NA,3.8501476017100584,2.772588722239781,NA
3124,5,2020-2024,97.79707285177345,24.12590554067083,NA,NA,NA,NA,3.970291913552122,2.302585092994046,NA
3125,2,2005-2009,98.3749181216896,24.209691522334374,NA,NA,NA,NA,0.6931471805599453,0.6931471805599453,NA
3125,3,2010-2014,98.3749181216896,24.209691522334374,NA,NA,NA,NA,1.3862943611198906,1.0986122886681098,NA
3125,4,2015-2019,98.3749181216896,24.209691522334374,NA,NA,NA,NA,3.1780538303479458,2.3978952727983707,NA
3125,5,2020-2024,98.3749181216896,24.209691522334374,NA,NA,NA,NA,2.2499048351651325,1.7005986908310775,NA
3126,5,2020-2024,99.27433317543321,23.975139779721122,NA,NA,NA,NA,1.0986122886681098,1.0986122886681098,NA
3127,5,2020-2024,100.16215417932663,23.972028249114643,NA,NA,NA,NA,0.8958797346140275,0.6931471805599453,NA
3128,2,2005-2009,101.06046946344617,23.972028249114643,NA,NA,NA,NA,1.2424533248940002,0.8958797346140275,NA
3128,3,2010-2014,101.06046946344617,23.972028249114643,NA,NA,NA,NA,0.6931471805599453,0.6931471805599453,NA
3128,4,2015-2019,101.06046946344617,23.972028249114643,NA,NA,NA,NA,3.020127355638707,1.0397207708399179,NA
3128,5,2020-2024,101.06046946344617,23.972028249114643,NA,NA,NA,NA,0.6931471805599453,0.6931471805599453,NA
3129,1,2000-2004,101.95878474756569,23.972028249114643,NA,NA,NA,NA,1.0986122886681098,0.6931471805599453,NA
3129,3,2010-2014,101.95878474756569,23.972028249114643,NA,NA,NA,NA,2.302585092994046,1.0986122886681098,NA
3129,4,2015-2019,101.95878474756569,23.972028249114643,NA,NA,NA,NA,1.9459101490553132,1.3862943611198906,NA
3129,5,2020-2024,101.95878474756569,23.972028249114643,NA,NA,NA,NA,3.091042453358316,2.1972245773362196,NA
3130,1,2000-2004,102.8571000316852,23.972028249114643,NA,NA,NA,NA,1.0986122886681098,0.6931471805599453,NA
3130,4,2015-2019,102.8571000316852,23.972028249114643,NA,NA,NA,NA,1.2424533248940002,0.8958797346140275,NA
3130,5,2020-2024,102.8571000316852,23.972028249114643,NA,NA,NA,NA,1.791759469228055,1.3862943611198906,NA
3131,4,2015-2019,103.75541531580473,23.972028249114643,NA,NA,NA,NA,1.4978661367769954,1.2424533248940002,NA
3131,5,2020-2024,103.75541531580473,23.972028249114643,NA,NA,NA,NA,1.6094379124341003,1.3862943611198906,NA
3132,4,2015-2019,104.65373059992422,23.972028249114643,NA,NA,NA,NA,0.6931471805599453,0.6931471805599453,NA
3133,2,2005-2009,105.55204588404382,23.97202824911462,NA,NA,NA,NA,0.6931471805599453,0.6931471805599453,NA
3133,5,2020-2024,105.55204588404382,23.97202824911462,NA,NA,NA,NA,0.8958797346140275,0.8958797346140275,NA
3134,3,2010-2014,106.45036116816337,23.972028249114643,NA,NA,NA,NA,2.4020105223666284,0.6931471805599453,NA
3134,4,2015-2019,106.45036116816337,23.972028249114643,NA,NA,NA,NA,3.4339872044851463,1.0986122886681098,NA
3134,5,2020-2024,106.45036116816337,23.972028249114643,0.8371349966284438,0.8655865492798532,0.6512183179258613,0.95382270028748,5.568344503761097,1.791759469228055,339.1742424242424
3135,4,2015-2019,107.34867645228282,23.972028249114643,NA,NA,NA,NA,1.0986122886681098,1.0986122886681098,NA
3135,5,2020-2024,107.34867645228282,23.972028249114643,0.09635386739142295,0.09676700637997351,0.07682560901744832,0.11822407151006388,0.8958797346140275,0.8958797346140275,56.25
3136,3,2010-2014,108.24699173640234,23.972028249114643,NA,NA,NA,NA,0.6931471805599453,0.6931471805599453,NA
3136,5,2020-2024,108.24699173640234,23.972028249114643,0.08063349323366105,0.07940192485456853,0.05183579705857185,0.11464144742428016,0.6931471805599453,0.6931471805599453,117.25
3137,4,2015-2019,109.14530702052186,23.972028249114643,NA,NA,NA,NA,0.6931471805599453,0.6931471805599453,NA
3137,5,2020-2024,109.14530702052186,23.972028249114643,0.35007641491744795,0.34805827944251677,0.12015627080317315,0.6579011874070982,2.6390573296152584,1.9459101490553132,372.31849315068496
3138,4,2015-2019,110.04362230464137,23.972028249114643,NA,NA,NA,NA,1.791759469228055,1.0986122886681098,NA
3138,5,2020-2024,110.04362230464137,23.972028249114643,0.46646393703306643,0.4772164188397655,0.21004868331676785,0.7496220014611048,3.2188758248682006,2.302585092994046,344.29861111111114
3139,3,2010-2014,110.9419375887609,23.972028249114643,NA,NA,NA,NA,1.3862943611198906,0.6931471805599453,NA
3139,4,2015-2019,110.9419375887609,23.972028249114643,0.3061706290682389,0.1908740295319043,0.0022243801522922537,0.9491705124121991,1.9459101490553132,1.0986122886681098,1219
3139,5,2020-2024,110.9419375887609,23.972028249114643,0.17927485638996354,0.09861180070344139,0.003540035126320845,0.7312730783146006,1.0397207708399179,0.8958797346140275,898.7881355932204
3140,4,2015-2019,111.84025287288041,23.972028249114643,NA,NA,NA,NA,1.732867951399863,0.8958797346140275,NA
3140,5,2020-2024,111.84025287288041,23.972028249114643,0.11703688298167209,0.11766410433887106,0.09268703821558036,0.1441849335551607,1.1512925464970227,0.8958797346140275,60
3141,1,2000-2004,112.73856815699993,23.972028249114643,NA,NA,NA,NA,0.6931471805599453,0.6931471805599453,NA
3141,4,2015-2019,112.73856815699993,23.972028249114643,NA,NA,NA,NA,0.6931471805599453,0.6931471805599453,NA
3141,5,2020-2024,112.73856815699993,23.972028249114643,0.268357349885261,0.26848716795079053,0.17572156876338452,0.38378840223096855,2.1972245773362196,1.9459101490553132,150
3142,2,2005-2009,113.63688344111945,23.972028249114643,NA,NA,NA,NA,1.0986122886681098,1.0986122886681098,NA
3142,3,2010-2014,113.63688344111945,23.972028249114643,NA,NA,NA,NA,1.4978661367769954,0.8958797346140275,NA
3142,4,2015-2019,113.63688344111945,23.972028249114643,0.34367774922943833,0.2816989414592499,0.015260103422197161,0.8972752125401772,2.3978952727983707,1.9459101490553132,862.5
3142,5,2020-2024,113.63688344111945,23.972028249114643,0.7344692242753181,0.7554750914714712,0.5446395040653722,0.8919029330420937,4.465908118654584,3.5553480614894135,271.5
3143,3,2010-2014,114.53519872523898,23.972028249114643,NA,NA,NA,NA,0.6931471805599453,0.6931471805599453,NA
3143,4,2015-2019,114.53519872523898,23.972028249114643,0.24550421517180712,0.09969014088514805,4.948934898029605e-4,0.945537299368923,1.0986122886681098,1.0986122886681098,1410
3143,5,2020-2024,114.53519872523898,23.972028249114643,0.4361148007714716,0.13721122773812366,1.698633954129094e-9,0.9999997330440794,1.9356005054539454,1.5890269151739727,4750.4
3144,4,2015-2019,115.43351400935852,23.972028249114643,0.4749999999999999,1.8805546166228016e-139,0,1,0.6931471805599453,0.6931471805599453,3157440
3144,5,2020-2024,115.43351400935852,23.972028249114643,0.10451385092302815,0.09149008957086577,0.025784513961978728,0.2615528585444598,0.8958797346140275,0.6931471805599453,360
3145,3,2010-2014,116.33182929347802,23.972028249114643,NA,NA,NA,NA,0.6931471805599453,0.6931471805599453,NA
3145,4,2015-2019,116.33182929347802,23.972028249114643,NA,NA,NA,NA,1.8920948169591307,1.2424533248940002,NA
3145,5,2020-2024,116.33182929347802,23.972028249114643,0.3142379822991105,0.30962730925099125,0.11029597720190644,0.6007220513765554,2.3978952727983707,2.1972245773362196,352.5714285714286
3146,2,2005-2009,117.1913105098165,24.022833020071182,0.08066418086995945,0.0794241801112486,0.05134818944227062,0.11538702979271058,0.6931471805599453,0.6931471805599453,120
3146,3,2010-2014,117.1913105098165,24.022833020071182,0.139481169555224,0.13995403351213953,0.11330350682400508,0.16957838479920762,1.3862943611198906,0.8958797346140275,50
3146,4,2015-2019,117.1913105098165,24.022833020071182,0.21582448328543216,0.19205567612458002,0.04001626832741617,0.5458462685448142,1.791759469228055,1.3862943611198906,465
3146,5,2020-2024,117.1913105098165,24.022833020071182,0.4251207934931728,0.4162748319806482,0.05115866950040019,0.8914717764210017,2.995732273553991,2.1972245773362196,690.0944767441861
3147,1,2000-2004,117.85492107720732,24.215020131225206,NA,NA,NA,NA,0.8958797346140275,0.6931471805599453,NA
3147,2,2005-2009,117.85492107720732,24.215020131225206,0.08066418086995945,0.0794241801112486,0.05134818944227062,0.11538702979271058,0.6931471805599453,0.6931471805599453,120
3147,3,2010-2014,117.85492107720732,24.215020131225206,NA,NA,NA,NA,0.6931471805599453,0.6931471805599453,NA
3147,4,2015-2019,117.85492107720732,24.215020131225206,0.44469067191463885,0.0382850685631963,7.727272475787852e-20,0.9999999999999984,1.0986122886681098,1.0986122886681098,10500
3147,5,2020-2024,117.85492107720732,24.215020131225206,0.3536634856427392,0.35666060823877854,0.23198742297044828,0.4996111124785178,2.6390573296152584,2.1972245773362196,169
3149,5,2020-2024,120.22192855922682,23.70993574503095,0.21737377737975083,0.21678872777310076,0.1781051516904251,0.26120178272324457,1.9459101490553132,1.3862943611198906,47.83333333333333
3150,4,2015-2019,120.84619029479599,23.954712017726255,0.4234582810343219,0.1464850021925781,5.226038855599195e-8,0.999994783515031,1.9459101490553132,1.3862943611198906,3890
3150,5,2020-2024,120.84619029479599,23.954712017726255,0.4988977721080263,0.45065017996182455,3.4258818080134713e-7,0.999998673294079,3.6403485976923706,2.282174095733918,3820.091603053434
3151,3,2010-2014,121.45878055459546,24.022890300258265,0.08106920288946433,0.07919204921278863,0.04670565199274226,0.12372889443241261,0.6931471805599453,0.6931471805599453,147.5
3151,4,2015-2019,121.45878055459546,24.022890300258265,0.10722522998395331,0.1039514513054112,0.05193644640819249,0.18550353301969513,1.0397207708399179,0.6931471805599453,199
3151,5,2020-2024,121.45878055459546,24.022890300258265,0.39255599452122414,0.23309810326658026,1.4591597071579942e-4,0.9975067793745499,2.312486406642136,1.545521226679158,1994.227272727273
3198,5,2020-2024,99.38173577130763,23.260043331251406,NA,NA,NA,NA,1.6094379124341003,0.6931471805599453,NA
3199,4,2015-2019,100.16215417932663,23.148606498338843,NA,NA,NA,NA,1.6094379124341003,1.0986122886681098,NA
3200,3,2010-2014,101.06046946344617,23.148606498338843,NA,NA,NA,NA,2.1972245773362196,1.0986122886681098,NA
3200,4,2015-2019,101.06046946344617,23.148606498338843,NA,NA,NA,NA,0.6931471805599453,0.6931471805599453,NA
3200,5,2020-2024,101.06046946344617,23.148606498338843,NA,NA,NA,NA,2.1972245773362196,1.6094379124341003,NA
3201,5,2020-2024,101.95878474756569,23.148606498338843,NA,NA,NA,NA,0.6931471805599453,0.6931471805599453,NA
3202,2,2005-2009,102.85906247599036,23.15096153887449,NA,NA,NA,NA,0.8958797346140275,0.6931471805599453,NA
3202,3,2010-2014,102.85906247599036,23.15096153887449,NA,NA,NA,NA,0.6931471805599453,0.6931471805599453,NA
3202,4,2015-2019,102.85906247599036,23.15096153887449,NA,NA,NA,NA,0.6931471805599453,0.6931471805599453,NA
3202,5,2020-2024,102.85906247599036,23.15096153887449,NA,NA,NA,NA,1.0986122886681098,0.6931471805599453,NA
3203,3,2010-2014,103.75294575535112,23.159787976925266,NA,NA,NA,NA,0.8958797346140275,0.6931471805599453,NA
3203,4,2015-2019,103.75294575535112,23.159787976925266,NA,NA,NA,NA,1.3862943611198906,1.0986122886681098,NA
3203,5,2020-2024,103.75294575535112,23.159787976925266,NA,NA,NA,NA,2.4849066497880004,1.354025100551105,NA
3204,2,2005-2009,104.5924151044946,23.218630194263937,NA,NA,NA,NA,1.3862943611198906,0.6931471805599453,NA
3204,3,2010-2014,104.5924151044946,23.218630194263937,NA,NA,NA,NA,0.6931471805599453,0.6931471805599453,NA
3204,4,2015-2019,104.5924151044946,23.218630194263937,NA,NA,NA,NA,2.0794415416798357,1.0986122886681098,NA
3204,5,2020-2024,104.5924151044946,23.218630194263937,NA,NA,NA,NA,1.2424533248940002,0.6931471805599453,NA
3205,2,2005-2009,105.63717453772766,23.336186137738025,NA,NA,NA,NA,0.6931471805599453,0.6931471805599453,NA
3205,3,2010-2014,105.63717453772766,23.336186137738025,NA,NA,NA,NA,1.0986122886681098,0.6931471805599453,NA
3205,4,2015-2019,105.63717453772766,23.336186137738025,NA,NA,NA,NA,1.0986122886681098,1.0986122886681098,NA
3205,5,2020-2024,105.63717453772766,23.336186137738025,0.5825952834271045,0.6221192697207518,0.1807593454354543,0.9176535215687002,3.8501476017100584,2.833213344056216,546
3206,2,2005-2009,106.47548331175797,23.227586718590786,NA,NA,NA,NA,0.6931471805599453,0.6931471805599453,NA
3206,3,2010-2014,106.47548331175797,23.227586718590786,NA,NA,NA,NA,1.6094379124341003,1.0986122886681098,NA
3206,4,2015-2019,106.47548331175797,23.227586718590786,0.1454480269601642,0.1456977598213697,0.11328645212411106,0.1825984997822581,1.4451858789480823,0.8958797346140275,69
3206,5,2020-2024,106.47548331175797,23.227586718590786,0.37590942898983876,0.37727012979982644,0.17164039817986623,0.6297266646349817,2.772588722239781,2.0794415416798357,300
3207,2,2005-2009,107.34867645228282,23.148606498338843,NA,NA,NA,NA,1.0986122886681098,0.6931471805599453,NA
3207,3,2010-2014,107.34867645228282,23.148606498338843,0.367870624709075,0.050935881929003696,1.2043654382765441e-8,0.9999864704199611,0.6931471805599453,0.6931471805599453,3960
3207,4,2015-2019,107.34867645228282,23.148606498338843,NA,NA,NA,NA,0.6931471805599453,0.6931471805599453,NA
3207,5,2020-2024,107.34867645228282,23.148606498338843,0.2646065047705289,0.2671445174805187,0.18982945331360312,0.357648427760903,2.1972245773362196,1.791759469228055,115.15865384615384
3208,1,2000-2004,108.24699173640234,23.148606498338843,NA,NA,NA,NA,0.8958797346140275,0.8958797346140275,NA
3208,2,2005-2009,108.24699173640234,23.148606498338843,NA,NA,NA,NA,0.8958797346140275,0.6931471805599453,NA
3208,3,2010-2014,108.24699173640234,23.148606498338843,NA,NA,NA,NA,2.4849066497880004,1.6094379124341003,NA
3208,4,2015-2019,108.24699173640234,23.148606498338843,0.3762888785732268,0.3807427454228185,0.25703028560229724,0.5172253832659999,2.772588722239781,2.0794415416798357,156.66666666666666
3208,5,2020-2024,108.24699173640234,23.148606498338843,0.7902665614942446,0.8101659620254631,0.6455236520413222,0.9059283454197977,4.836281906951478,3.367295829986474,227.10418794688474
3209,4,2015-2019,109.14530702052186,23.148606498338843,0.08040630164076219,0.08033214644587716,0.06303523420246096,0.10004928093486849,0.6931471805599453,0.6931471805599453,60
3209,5,2020-2024,109.14530702052186,23.148606498338843,0.25624908228514953,0.24869241755918914,0.09038087045349079,0.5063363906177692,2.0794415416798357,1.9459101490553132,330
3210,3,2010-2014,110.04362230464137,23.148606498338843,NA,NA,NA,NA,1.0397207708399179,0.6931471805599453,NA
3210,4,2015-2019,110.04362230464137,23.148606498338843,NA,NA,NA,NA,0.8958797346140275,0.6931471805599453,NA
3210,5,2020-2024,110.04362230464137,23.148606498338843,0.3968178570873227,0.39795280402185074,0.11923601107581956,0.7455934324891054,2.9444389791664403,1.6094379124341003,429.43076923076916
3211,5,2020-2024,110.9419375887609,23.148606498338843,0.21092882313842684,0.21000224546945268,0.13659884465432995,0.30327887520636826,1.9459101490553132,1.0986122886681098,138.04000000000002
3212,2,2005-2009,111.84025287288041,23.148606498338843,NA,NA,NA,NA,0.6931471805599453,0.6931471805599453,NA
3212,3,2010-2014,111.84025287288041,23.148606498338843,NA,NA,NA,NA,1.0986122886681098,0.6931471805599453,NA
3212,4,2015-2019,111.84025287288041,23.148606498338843,NA,NA,NA,NA,0.6931471805599453,0.6931471805599453,NA
3212,5,2020-2024,111.84025287288041,23.148606498338843,0.3517711172440204,0.3502463449717374,0.1209505082159422,0.6590970144649099,2.772588722239781,1.0986122886681098,370.70238095238096
3213,1,2000-2004,112.73856815699993,23.148606498338843,NA,NA,NA,NA,1.0397207708399179,0.6931471805599453,NA
3213,2,2005-2009,112.73856815699993,23.148606498338843,NA,NA,NA,NA,1.6094379124341003,1.0986122886681098,NA
3213,3,2010-2014,112.73856815699993,23.148606498338843,NA,NA,NA,NA,1.3195286648076292,1.2424533248940002,NA
3213,4,2015-2019,112.73856815699993,23.148606498338843,0.5181272963863344,0.5353286588982988,0.24091354325083092,0.7998993907082421,3.4657359027997265,2.4849066497880004,360
3213,5,2020-2024,112.73856815699993,23.148606498338843,0.5229020231736303,0.5738887718598575,1.5116497659651494e-7,0.9999997648327569,4.127134385045092,3.258096538021482,4163.696883852678
3214,1,2000-2004,113.63928046905126,23.159712603304904,NA,NA,NA,NA,0.6931471805599453,0.6931471805599453,NA
3214,2,2005-2009,113.63928046905126,23.159712603304904,0.23652561082112827,0.21968838128086723,0.05560282113561289,0.5462432658121876,1.9459101490553132,1.6094379124341003,420
3214,3,2010-2014,113.63928046905126,23.159712603304904,0.43324402392133177,0.4362668839760494,0.2613945518943465,0.6300155476261661,2.995732273553991,2.5649493574615367,225
3214,4,2015-2019,113.63928046905126,23.159712603304904,0.7132706505979863,0.8479182347581807,0.087664135228483,0.9963109186815022,5.204006687076795,3.9318256327243257,1085.1136363636365
3214,5,2020-2024,113.63928046905126,23.159712603304904,0.6441998214908672,0.9509748431708778,2.4139924545132232e-5,0.9999998738165977,6.898714534329988,5.135798437050262,3564.4756302520764
3215,3,2010-2014,114.53199377387686,23.153637405727093,0.08111482229027246,0.07925539380513252,0.04630400114441703,0.12468323174854998,0.6931471805599453,0.6931471805599453,150
3215,4,2015-2019,114.53199377387686,23.153637405727093,0.36397548496538223,0.34419668976560125,0.05265445144975133,0.8132210454489939,2.70805020110221,1.6094379124341003,600.0097402597403
3215,5,2020-2024,114.53199377387686,23.153637405727093,0.5710093231533567,0.6040150589537107,0.2029648894987925,0.8937840590635548,3.7376696182833684,2.9444389791664403,489.58333333333337
3216,2,2005-2009,115.42761293357714,23.182920947064687,NA,NA,NA,NA,0.6931471805599453,0.6931471805599453,NA
3216,3,2010-2014,115.42761293357714,23.182920947064687,NA,NA,NA,NA,0.6931471805599453,0.6931471805599453,NA
3216,4,2015-2019,115.42761293357714,23.182920947064687,0.24223191855824455,0.23536814547285706,0.09338940774862892,0.46298870906059353,2.0794415416798357,1.3862943611198906,300
3216,5,2020-2024,115.42761293357714,23.182920947064687,0.5758859595974247,0.5852635281143551,0.4351464286479821,0.7176014383430888,3.6888794541139363,2.4849066497880004,160.6
3217,1,2000-2004,116.26138828304363,23.25861981185026,NA,NA,NA,NA,0.6931471805599453,0.6931471805599453,NA
3217,3,2010-2014,116.26138828304363,23.25861981185026,NA,NA,NA,NA,1.0986122886681098,0.6931471805599453,NA
3217,4,2015-2019,116.26138828304363,23.25861981185026,0.18411183152530658,0.16435035340041984,0.039413190140022834,0.45871194894671335,1.5890269151739727,1.2424533248940002,420
3217,5,2020-2024,116.26138828304363,23.25861981185026,0.4651419585715693,0.47746090923157614,0.1375785738089492,0.8261677702795555,3.1780538303479458,2.6390573296152584,474.2307692307692
3218,1,2000-2004,116.92700897281205,23.450039976552542,NA,NA,NA,NA,2.5529727369502906,1.0986122886681098,NA
3218,3,2010-2014,116.92700897281205,23.450039976552542,NA,NA,NA,NA,1.7776740307447068,1.0397207708399179,NA
3218,4,2015-2019,116.92700897281205,23.450039976552542,0.24053192869139708,0.20904159306209108,0.035815214880564966,0.6266492380164662,1.9356005054539454,1.3862943611198906,525
3218,5,2020-2024,116.92700897281205,23.450039976552542,0.4253486197011195,0.431780779264069,0.14182392475354044,0.762399164346658,2.9444389791664403,2.70805020110221,417
3221,3,2010-2014,120.22106814290596,23.17973214734396,0.09424662331335189,0.07751291113892697,0.01713465617691438,0.26868717059556735,0.6931471805599453,0.6931471805599453,420
3221,4,2015-2019,120.22106814290596,23.17973214734396,0.17383333607893758,0.08630542598675367,0.0022406574924083325,0.7540564614720826,0.8958797346140275,0.6931471805599453,975
3221,5,2020-2024,120.22106814290596,23.17973214734396,0.4330497157440443,0.36585851017878623,0.0018736986149845863,0.9923044499557391,2.908555579981602,2.0126758453675744,1502.4216027874563
3222,3,2010-2014,120.81677269968256,23.154203763227848,0.08645822336846111,0.07828510891049537,0.02742775702611936,0.194283452164545,0.6931471805599453,0.6931471805599453,300
3222,4,2015-2019,120.81677269968256,23.154203763227848,0.2233290390367549,0.17978037779118677,0.024000061874312754,0.6401889761268659,1.791759469228055,1.0986122886681098,586.8
3222,5,2020-2024,120.81677269968256,23.154203763227848,0.24720645458636412,0.24479393979012437,0.15581406464171188,0.36057686534209654,2.1383330595080277,1.4451858789480825,155.3478260869565
3270,5,2020-2024,99.50923103450131,22.395036146657155,NA,NA,NA,NA,1.791759469228055,1.3862943611198906,NA
3271,3,2010-2014,100.18235887879335,22.342511681604904,NA,NA,NA,NA,0.6931471805599453,0.6931471805599453,NA
3271,4,2015-2019,100.18235887879335,22.342511681604904,NA,NA,NA,NA,1.732867951399863,1.3195286648076292,NA
3271,5,2020-2024,100.18235887879335,22.342511681604904,NA,NA,NA,NA,2.302585092994046,1.6094379124341003,NA
3272,1,2000-2004,101.06046946344617,22.320094169621488,NA,NA,NA,NA,1.791759469228055,1.2424533248940002,NA
3272,2,2005-2009,101.06046946344617,22.320094169621488,NA,NA,NA,NA,1.6094379124341003,1.0986122886681098,NA
3272,3,2010-2014,101.06046946344617,22.320094169621488,NA,NA,NA,NA,3.367295829986474,2.1972245773362196,NA
3272,4,2015-2019,101.06046946344617,22.320094169621488,NA,NA,NA,NA,4.532599493153256,3.091042453358316,NA
3272,5,2020-2024,101.06046946344617,22.320094169621488,NA,NA,NA,NA,4.902551325307364,3.380786384402028,NA
3273,2,2005-2009,101.85212250682987,22.50045889559521,NA,NA,NA,NA,0.6931471805599453,0.6931471805599453,NA
3273,4,2015-2019,101.85212250682987,22.50045889559521,NA,NA,NA,NA,1.3862943611198906,0.6931471805599453,NA
3273,5,2020-2024,101.85212250682987,22.50045889559521,NA,NA,NA,NA,2.3978952727983707,2.3978952727983707,NA
3275,3,2010-2014,103.8284358063888,22.660719973824417,NA,NA,NA,NA,0.6931471805599453,0.6931471805599453,NA
3275,4,2015-2019,103.8284358063888,22.660719973824417,NA,NA,NA,NA,1.6094379124341003,0.6931471805599453,NA
3275,5,2020-2024,103.8284358063888,22.660719973824417,NA,NA,NA,NA,1.3862943611198906,1.3862943611198906,NA
3278,3,2010-2014,106.7822376827429,22.366997661710183,NA,NA,NA,NA,0.6931471805599453,0.6931471805599453,NA
3278,4,2015-2019,106.7822376827429,22.366997661710183,0.474994578989938,4.5995081027671545e-20,0,1,3.2769667020129054,2.1242476210246797,436665.1666666666
3278,5,2020-2024,106.7822376827429,22.366997661710183,0.3994537839014248,0.3659088345675814,0.027746648523788636,0.912020298812634,2.833213344056216,1.9459101490553132,804.8780487804878
3279,1,2000-2004,107.35152372780628,22.322996965856852,NA,NA,NA,NA,0.6931471805599453,0.6931471805599453,NA
3279,2,2005-2009,107.35152372780628,22.322996965856852,0.3442374946524359,0.082537763020058,1.7424162486348757e-6,0.9995476702402597,1.0986122886681098,1.0986122886681098,2820
3279,3,2010-2014,107.35152372780628,22.322996965856852,0.2713832573162401,0.27274888627979793,0.20576223937813662,0.3448954772837283,2.2499048351651325,1.7005986908310775,90
3279,4,2015-2019,107.35152372780628,22.322996965856852,0.5348829795740869,0.6019111521088474,1.533788541402332e-4,0.9998921654299433,4.007333185232471,3.295836866004329,2410.3333333333335
3279,5,2020-2024,107.35152372780628,22.322996965856852,0.6948491589980077,0.809345773466039,0.10474353931265955,0.9924860751371654,4.875197323201151,3.8918202981106265,963.0909090909091
3280,1,2000-2004,108.24692294270359,22.32018362117183,NA,NA,NA,NA,1.0986122886681098,1.0986122886681098,NA
3280,2,2005-2009,108.24692294270359,22.32018362117183,NA,NA,NA,NA,0.6931471805599453,0.6931471805599453,NA
3280,3,2010-2014,108.24692294270359,22.32018362117183,0.46193436730874476,9.396703454506478e-4,1.084480996502821e-81,1,1.0986122886681098,1.0986122886681098,46080
3280,4,2015-2019,108.24692294270359,22.32018362117183,0.3050675400746868,0.18269962721873356,0.0017308140627998164,0.9552089899833967,1.8920948169591307,1.0986122886681098,1270
3280,5,2020-2024,108.24692294270359,22.32018362117183,0.44705758731588824,0.45475770661024834,0.30875149206950664,0.6020914107267735,3.044522437723423,2.6390573296152584,170.21135265700485
3281,1,2000-2004,109.14530702052186,22.320094169621488,NA,NA,NA,NA,0.6931471805599453,0.6931471805599453,NA
3281,4,2015-2019,109.14530702052186,22.320094169621488,NA,NA,NA,NA,0.8958797346140275,0.8958797346140275,NA
3281,5,2020-2024,109.14530702052186,22.320094169621488,0.23135194931466496,0.2323714922539757,0.18405836368826012,0.28656025851685313,2.063567192522546,1.2424533248940002,64.5
3282,4,2015-2019,110.04362230464137,22.320094169621488,NA,NA,NA,NA,1.0986122886681098,0.6931471805599453,NA
3282,5,2020-2024,110.04362230464137,22.320094169621488,0.3760078939186013,0.1783003756363544,4.150876008112447e-5,0.9984788909771155,2.0794415416798357,0.6931471805599453,2228.2941176470595
3283,4,2015-2019,110.9419375887609,22.320094169621488,0.08103120063878097,0.08082434438459271,0.07311136747684517,0.09126305161572455,0.6931471805599453,0.6931471805599453,0
3283,5,2020-2024,110.9419375887609,22.320094169621488,0.24775956739361035,0.24361033147181366,0.12402462169784528,0.413643301676736,2.0794415416798357,1.791759469228055,228.7142857142857
3284,4,2015-2019,111.84025287288041,22.320094169621488,NA,NA,NA,NA,1.0397207708399179,0.6931471805599453,NA
3284,5,2020-2024,111.84025287288041,22.320094169621488,0.15601106444808993,0.14508438546859542,0.048413079556455116,0.3435617599247514,1.3862943611198906,1.3862943611198906,327.225
3285,3,2010-2014,112.71714335398832,22.341021486150876,0.21180281177290824,0.0690051529761126,2.916089542999802e-4,0.9275187129579924,0.6931471805599453,0.6931471805599453,1440
3285,4,2015-2019,112.71714335398832,22.341021486150876,0.19627016142325962,0.18847017346128506,0.07338086015353315,0.38779155673918564,1.791759469228055,1.0986122886681098,292.5
3285,5,2020-2024,112.71714335398832,22.341021486150876,0.5728506446179438,0.5883561361863807,0.3414868742210599,0.7966848646445273,3.713572066704308,2.5649493574615367,290
3286,1,2000-2004,113.53750373476933,22.43540934178628,NA,NA,NA,NA,1.7776740307447068,1.0986122886681098,NA
3286,2,2005-2009,113.53750373476933,22.43540934178628,0.27770272595179896,0.27785849067960927,0.18226261572144314,0.39543186516411244,2.302585092994046,1.6094379124341003,149
3286,3,2010-2014,113.53750373476933,22.43540934178628,0.47187388000936453,0.4851542304095375,0.16880786720298754,0.8015385730737973,3.258096538021482,2.302585092994046,420
3286,4,2015-2019,113.53750373476933,22.43540934178628,0.7533656019965591,0.8603392067228429,0.19995655205533078,0.9924459997975965,5.231108616854587,4.23410650459726,862.6470588235292
3286,5,2020-2024,113.53750373476933,22.43540934178628,0.594276687815772,0.9310693011100282,6.095893532794714e-9,0.9999999998663913,6.7381524945959574,5.14166355650266,5598.764361078533
3287,1,2000-2004,114.38101234688976,22.5526175678141,NA,NA,NA,NA,0.6931471805599453,0.6931471805599453,NA
3287,2,2005-2009,114.38101234688976,22.5526175678141,0.13758943469932805,0.11908470228357738,0.029101233043804572,0.3577601090805676,1.2424533248940002,0.6931471805599453,404.3
3287,3,2010-2014,114.38101234688976,22.5526175678141,0.3166962238680264,0.17053195437315466,6.973355739689319e-4,0.9772640741749669,1.791759469228055,1.3862943611198906,1485
3287,4,2015-2019,114.38101234688976,22.5526175678141,0.52370079814966,0.5631384803741445,0.004375833092764485,0.9964772725692375,3.713572066704308,2.9444389791664403,1497.0277777777778
3287,5,2020-2024,114.38101234688976,22.5526175678141,0.655510223518736,0.8688182422595272,0.0036776407291443454,0.9998816297093647,5.521460917862246,4.23410650459726,1977.9814814814813
3288,4,2015-2019,115.37808818802614,22.71242899012439,NA,NA,NA,NA,0.6931471805599453,0.6931471805599453,NA
3288,5,2020-2024,115.37808818802614,22.71242899012439,0.11502405319813132,0.11546121225421203,0.09077990121159978,0.14220668693904218,1.0986122886681098,1.0986122886681098,60
3293,4,2015-2019,120.32081217821582,22.630083643741546,0.08042683747420176,0.07943085365268995,0.056910003744378795,0.10747818347836958,0.6931471805599453,0.6931471805599453,90
3293,5,2020-2024,120.32081217821582,22.630083643741546,0.19073648597017256,0.19135208660600492,0.1401291148512415,0.25406256943259464,1.7482537807332403,1.4451858789480825,95.6
3294,1,2000-2004,120.72121838710483,22.44695629826,0.08066418086995945,0.0794241801112486,0.05134818944227062,0.11538702979271058,0.6931471805599453,0.6931471805599453,120
3294,4,2015-2019,120.72121838710483,22.44695629826,0.16591809291237444,0.13677841392673765,0.025105049368619493,0.4697039589534643,1.3862943611198906,1.0986122886681098,487.1666666666667
3294,5,2020-2024,120.72121838710483,22.44695629826,0.3557780070211189,0.18913193109393667,2.2999229226420648e-4,0.9936017101519744,1.965912816362163,1.5890269151739727,1806.6875
3295,4,2015-2019,121.52772195392981,22.207480425829445,0.25217878149405604,0.09877089215155928,3.7511001691088004e-4,0.9565607618239061,1.0986122886681098,1.0986122886681098,1479.1666666666665
3295,5,2020-2024,121.52772195392981,22.207480425829445,0.4510836147786366,0.05518192297209064,2.3772322407525474e-20,0.9999999999999998,1.5890269151739729,1.1512925464970227,10903.18181818182
3343,3,2010-2014,100.33499659863789,21.720450196607892,NA,NA,NA,NA,1.6094379124341003,1.1512925464970227,NA
3343,4,2015-2019,100.33499659863789,21.720450196607892,NA,NA,NA,NA,2.0794415416798357,1.3862943611198906,NA
3343,5,2020-2024,100.33499659863789,21.720450196607892,NA,NA,NA,NA,1.791759469228055,1.791759469228055,NA
3344,2,2005-2009,101.13613406249338,21.654433706443267,NA,NA,NA,NA,0.6931471805599453,0.6931471805599453,NA
3344,3,2010-2014,101.13613406249338,21.654433706443267,NA,NA,NA,NA,1.6094379124341003,1.0986122886681098,NA
3344,4,2015-2019,101.13613406249338,21.654433706443267,NA,NA,NA,NA,2.0794415416798357,1.6094379124341003,NA
3344,5,2020-2024,101.13613406249338,21.654433706443267,NA,NA,NA,NA,2.9485769338183703,2.418140953475739,NA
3345,2,2005-2009,101.65175158301908,21.547353787275117,NA,NA,NA,NA,1.354025100551105,0.8958797346140275,NA
3345,3,2010-2014,101.65175158301908,21.547353787275117,NA,NA,NA,NA,1.2424533248940002,0.8958797346140275,NA
3345,4,2015-2019,101.65175158301908,21.547353787275117,NA,NA,NA,NA,2.2154083994216567,1.7005986908310775,NA
3345,5,2020-2024,101.65175158301908,21.547353787275117,NA,NA,NA,NA,2.8029010331479984,2.3221954495706862,NA
3351,5,2020-2024,107.46706629026224,21.789304495521847,0.15630734580401456,0.1065906501238588,0.010187680556158527,0.5534688054157195,1.0986122886681098,1.0986122886681098,653.25
3352,2,2005-2009,108.19818339680441,21.747930341293394,NA,NA,NA,NA,1.9756218592907135,0.6931471805599453,NA
3352,3,2010-2014,108.19818339680441,21.747930341293394,NA,NA,NA,NA,1.0986122886681098,0.6931471805599453,NA
3352,4,2015-2019,108.19818339680441,21.747930341293394,0.19604651860717195,0.16873689685052412,0.0326485003387486,0.5221817820548948,1.629048269010741,1.3195286648076292,480
3352,5,2020-2024,108.19818339680441,21.747930341293394,0.5241167961877811,0.5485968547574915,0.16353025380473513,0.8731436660069196,3.4965075614664802,2.772588722239781,497.2608695652174
3353,3,2010-2014,109.196084369523,21.705493576807232,NA,NA,NA,NA,1.3862943611198906,1.0986122886681098,NA
3353,4,2015-2019,109.196084369523,21.705493576807232,0.41580230110863214,0.3130969456919466,7.468665729012713e-4,0.9948996911753637,2.6390573296152584,2.1972245773362196,1679.8333333333335
3353,5,2020-2024,109.196084369523,21.705493576807232,0.691698843979718,0.801556953008449,0.11278260650463126,0.9909004726691891,4.859812404361672,3.4965075614664802,925.6075949367091
3354,2,2005-2009,110.08218818240934,21.519704582599882,NA,NA,NA,NA,0.6931471805599453,0.6931471805599453,NA
3354,3,2010-2014,110.08218818240934,21.519704582599882,NA,NA,NA,NA,0.6931471805599453,0.6931471805599453,NA
3354,4,2015-2019,110.08218818240934,21.519704582599882,0.2817376833863268,0.2779470906904101,0.15888804459588618,0.4317494220525737,2.3978952727983707,1.0986122886681098,196.45
3354,5,2020-2024,110.08218818240934,21.519704582599882,0.5485290568289141,0.5526087097729224,0.4363241610054883,0.6608968088907208,3.58351893845611,2.1972245773362196,118.75
3355,3,2010-2014,110.89083976955416,21.625743636679722,NA,NA,NA,NA,0.6931471805599453,0.6931471805599453,NA
3355,4,2015-2019,110.89083976955416,21.625743636679722,0.22816592523876214,0.22911942727226636,0.17644372362832214,0.2914609916357714,2.1242476210246797,0.6931471805599453,80
3355,5,2020-2024,110.89083976955416,21.625743636679722,0.42818444174925524,0.16681669197615495,9.97287065584529e-8,0.9999930750731861,2.0794415416798357,1.6094379124341003,3765.307692307693
3356,1,2000-2004,111.74898790198624,21.748584286825736,NA,NA,NA,NA,0.6931471805599453,0.6931471805599453,NA
3356,3,2010-2014,111.74898790198624,21.748584286825736,NA,NA,NA,NA,1.666102255087602,1.0397207708399179,NA
3356,4,2015-2019,111.74898790198624,21.748584286825736,0.44653214867261654,0.3481271566617421,1.8961913994276005e-4,0.9989489589887292,3.044522437723423,1.0986122886681098,2073
3356,5,2020-2024,111.74898790198624,21.748584286825736,0.5228413569748327,0.5531689038903534,0.03262295815117591,0.9749285321474466,3.5553480614894135,3.1780538303479458,962.1538461538462
3357,3,2010-2014,112.58465143237012,21.78282098381748,NA,NA,NA,NA,1.6094379124341003,0.6931471805599453,NA
3357,4,2015-2019,112.58465143237012,21.78282098381748,NA,NA,NA,NA,0.6931471805599453,0.6931471805599453,NA
3357,5,2020-2024,112.58465143237012,21.78282098381748,0.12893408111762766,0.12551376455847374,0.074659371484891,0.19731907195437567,1.2424533248940002,1.0986122886681098,156.83333333333331
3358,3,2010-2014,113.39312052643557,21.88062529243814,NA,NA,NA,NA,0.6931471805599453,0.6931471805599453,NA
3358,5,2020-2024,113.39312052643557,21.88062529243814,NA,NA,NA,NA,1.1512925464970227,1.0397207708399179,NA
3425,3,2010-2014,109.0629917161379,21.023422919185123,NA,NA,NA,NA,1.0986122886681098,1.0986122886681098,NA
3425,4,2015-2019,109.0629917161379,21.023422919185123,0.11681648376542215,0.09185193906094363,0.01653306995026511,0.35617215200588975,0.8958797346140275,0.8958797346140275,480
3425,5,2020-2024,109.0629917161379,21.023422919185123,0.4001044608921735,0.3825496308954628,0.04589786168041374,0.8745981065711367,2.833213344056216,2.1972245773362196,683.2
3426,3,2010-2014,110.09249720265113,20.670699145529973,NA,NA,NA,NA,0.6931471805599453,0.6931471805599453,NA
3426,4,2015-2019,110.09249720265113,20.670699145529973,0.5489721896481259,0.5944433776448821,0.04025274189754089,0.9777452167255981,3.912023005428146,2.0794415416798357,948
3426,5,2020-2024,110.09249720265113,20.670699145529973,0.5284730094592016,0.5360842886642463,0.3474116709357319,0.7188368808105159,3.4657359027997265,2.5649493574615367,223.7304347826087
3427,3,2010-2014,110.54528953755928,20.775043618323046,NA,NA,NA,NA,2.302585092994046,0.6931471805599453,NA
3427,4,2015-2019,110.54528953755928,20.775043618323046,NA,NA,NA,NA,1.3862943611198906,1.0986122886681098,NA
3427,5,2020-2024,110.54528953755928,20.775043618323046,0.19564100430071507,0.19644820073612004,0.15567885649982557,0.24052783168909062,1.791759469228055,1.3862943611198906,60
3497,3,2010-2014,109.32450944721404,19.58580837575586,NA,NA,NA,NA,0.8958797346140275,0.6931471805599453,NA
3497,4,2015-2019,109.32450944721404,19.58580837575586,0.2771842849437854,0.26866215456197656,0.08418026796880324,0.5706032283550267,2.1972245773362196,1.9459101490553132,375
3497,5,2020-2024,109.32450944721404,19.58580837575586,0.7283566744663156,0.8747350010953168,0.08109067453063658,0.9978259461608193,5.43372200355424,4.276666119016055,1168.0534441805237
3498,3,2010-2014,110.05641687998059,19.685488756638087,NA,NA,NA,NA,0.6931471805599453,0.6931471805599453,NA
3498,4,2015-2019,110.05641687998059,19.685488756638087,0.47060838273479555,1.8662206699644214e-4,4.754885911212196e-132,1,2.6390573296152584,2.0794415416798357,75417
3498,5,2020-2024,110.05641687998059,19.685488756638087,0.8281795431341252,0.8945706889680083,0.4593830343237546,0.9873402756402261,5.6131281063880705,3.9512437185814275,630.5287878787905
3499,1,2000-2004,110.73459643695513,19.72422414103137,NA,NA,NA,NA,0.6931471805599453,0.6931471805599453,NA
3499,2,2005-2009,110.73459643695513,19.72422414103137,NA,NA,NA,NA,0.6931471805599453,0.6931471805599453,NA
3499,3,2010-2014,110.73459643695513,19.72422414103137,NA,NA,NA,NA,1.0397207708399179,1.0397207708399179,NA
3499,4,2015-2019,110.73459643695513,19.72422414103137,0.46443639661857583,0.010293117678716159,5.103982260858454e-57,1,2.0794415416798357,1.9459101490553132,32130
3499,5,2020-2024,110.73459643695513,19.72422414103137,0.7372226218068234,0.7381451631128255,0.6463256975522375,0.8171926920770637,4.394449154672439,3.4011973816621555,101.40816326530611
3568,1,2000-2004,108.67697868593933,19.02511811730871,NA,NA,NA,NA,0.6931471805599453,0.6931471805599453,NA
3568,4,2015-2019,108.67697868593933,19.02511811730871,NA,NA,NA,NA,1.791759469228055,1.3862943611198906,NA
3568,5,2020-2024,108.67697868593933,19.02511811730871,0.556980360973738,0.6015830884667628,0.09788765836694936,0.9477006445837054,3.6635616461296463,3.5263605246161616,706.001219512196
3569,1,2000-2004,109.1491114172138,18.957173944932943,NA,NA,NA,NA,1.4451858789480823,0.8958797346140275,NA
3569,2,2005-2009,109.1491114172138,18.957173944932943,0.44579495815169407,0.1773101017738144,3.836145767154495e-9,0.9999996906091091,2.302585092994046,1.3862943611198906,4620
3569,3,2010-2014,109.1491114172138,18.957173944932943,NA,NA,NA,NA,3.091042453358316,1.9459101490553132,NA
3569,4,2015-2019,109.1491114172138,18.957173944932943,0.5220334662082523,0.5684597403614206,2.0392307175897234e-7,0.9999996763488181,4.127134385045092,2.995732273553991,4080
3569,5,2020-2024,109.1491114172138,18.957173944932943,0.842555162981663,0.9010288708842299,0.5213602758892788,0.9859218455710064,5.6131281063880705,4.406719247264253,584
3570,1,2000-2004,110.03058229271338,18.972805472721376,NA,NA,NA,NA,0.6931471805599453,0.6931471805599453,NA
3570,2,2005-2009,110.03058229271338,18.972805472721376,0.12677471897681217,0.12382356488503882,0.06716115586475004,0.20628672385675484,1.2424533248940002,0.8958797346140275,180
3570,3,2010-2014,110.03058229271338,18.972805472721376,NA,NA,NA,NA,2.0794415416798357,0.6931471805599453,NA
3570,4,2015-2019,110.03058229271338,18.972805472721376,0.32835795509357707,0.085907315705174,5.794922272909581e-6,0.9987325974186435,1.0986122886681098,1.0986122886681098,2520
3570,5,2020-2024,110.03058229271338,18.972805472721376,0.6266849028517294,0.6660721022811674,0.2747344016045455,0.9070875318989756,4.060443010546419,2.833213344056216,456.896551724138
3571,3,2010-2014,110.57395885450363,19.155949548821926,NA,NA,NA,NA,0.8958797346140275,0.8958797346140275,NA
3571,4,2015-2019,110.57395885450363,19.155949548821926,0.0943911717158155,0.09273677098593627,0.06074862757608759,0.134685725265772,0.8958797346140275,0.6931471805599453,119
3571,5,2020-2024,110.57395885450363,19.155949548821926,0.3685989623666199,0.37345410292077974,0.2657434203525155,0.4889094464494514,2.772588722239781,1.791759469228055,130.1
3641,2,2005-2009,109.25604434997616,18.410565995859972,NA,NA,NA,NA,1.3862943611198906,1.0986122886681098,NA
3641,3,2010-2014,109.25604434997616,18.410565995859972,NA,NA,NA,NA,1.0986122886681098,1.0986122886681098,NA
3641,4,2015-2019,109.25604434997616,18.410565995859972,0.43662204612049393,0.44286131006179946,0.31241449290455026,0.5772655774632545,3.091042453358316,1.9459101490553132,148.5
3641,5,2020-2024,109.25604434997616,18.410565995859972,0.5490337025954383,0.6934336781024856,1.052374626715618e-6,0.9999995057322817,4.61512051684126,3.784189633918261,3803.3166409861283
3642,2,2005-2009,109.81381761007009,18.409192683131312,NA,NA,NA,NA,0.6931471805599453,0.6931471805599453,NA
3642,3,2010-2014,109.81381761007009,18.409192683131312,NA,NA,NA,NA,0.8958797346140275,0.6931471805599453,NA
3642,4,2015-2019,109.81381761007009,18.409192683131312,0.20649981729240743,0.19340961227267978,0.05972761145538853,0.4539868773968376,1.791759469228055,1.3862943611198906,360
3642,5,2020-2024,109.81381761007009,18.409192683131312,0.4930189816790335,0.39827211816379926,3.5805870420413285e-10,0.9999999961332451,3.4965075614664802,3.044522437723423,5528.973943661971
