species,block_id,block_label,detection_prob_mean,detection_prob_median,detection_prob_l95,detection_prob_u95
Passer montanus,1,2000-2004,0.41708669953351624,0.41740077040166057,0.39896119233797106,0.43315726998598914
Passer montanus,2,2005-2009,0.4170790120423361,0.417391023784326,0.39895508538557706,0.43314970747257436
Passer montanus,3,2010-2014,0.46801808318897087,0.4690915273378837,0.45388775918019814,0.48264981162097764
Passer montanus,4,2015-2019,0.6317572732987277,0.6317129189391634,0.6135543627036882,0.6449922126933726
Passer montanus,5,2020-2024,0.8275559858300404,0.8278051127592787,0.8148213178295548,0.8382298372618657
Motacilla alba,1,2000-2004,0.36151754183605495,0.3604598083881666,0.34578914144606687,0.38097090451475396
Motacilla alba,2,2005-2009,0.3615226817401237,0.3604546222110572,0.34579513638968706,0.3809723500419813
Motacilla alba,3,2010-2014,0.40143404164171026,0.4007152267608276,0.38655555010554743,0.41896143223846444
Motacilla alba,4,2015-2019,0.5790313510614113,0.5782165101396146,0.5679724130154941,0.5933307461589948
Motacilla alba,5,2020-2024,0.7955224459168988,0.7955024932291472,0.7852599984868067,0.8075874270623639
Hirundo rustica,1,2000-2004,0.2937284705570523,0.29322250235694414,0.27595861596901217,0.31129724289490895
Hirundo rustica,2,2005-2009,0.2937415037609504,0.2932361335820025,0.27596953952715964,0.3113179189666052
Hirundo rustica,3,2010-2014,0.30918636457154813,0.3088122372025547,0.2969863443983718,0.32218727219140486
Hirundo rustica,4,2015-2019,0.4382890789515127,0.43909674629088324,0.4231141866387065,0.4503700807340436
Hirundo rustica,5,2020-2024,0.6186648141435731,0.6188578217963099,0.6057058084608913,0.6289903579706502
Parus minor,1,2000-2004,0.3146995495061897,0.31345607969811506,0.2959846801464661,0.33616182062968175
Parus minor,2,2005-2009,0.3147018126070428,0.3134551853451165,0.2959817839203012,0.3361605868480414
Parus minor,3,2010-2014,0.3202116048307451,0.3204515647000869,0.3051367058487441,0.33735782296732153
Parus minor,4,2015-2019,0.47286176285099607,0.4728263669314169,0.45548223111753283,0.4922280382711877
Parus minor,5,2020-2024,0.6603190863520234,0.6617913635927313,0.6429683396357663,0.674695586070282
Pica serica,1,2000-2004,0.4159684157786822,0.4161060219431955,0.3953903217541492,0.43843733750837444
Pica serica,2,2005-2009,0.4159622306236353,0.41609580013878655,0.3953833711122954,0.4384133357778239
Pica serica,3,2010-2014,0.4079529194399336,0.4075141179012829,0.3874947228016467,0.4303251417437737
Pica serica,4,2015-2019,0.5154906709046012,0.5158768479462685,0.4954465709192196,0.5340462004238596
Pica serica,5,2020-2024,0.6272301548933328,0.6271971051479597,0.6112503364605457,0.6424070482088098
Streptopelia orientalis,1,2000-2004,0.19348896353107,0.19322767409918146,0.1830637830555667,0.20672356166095412
Streptopelia orientalis,2,2005-2009,0.19349027661529614,0.1932313225221306,0.18306751914546326,0.2067270633199085
Streptopelia orientalis,3,2010-2014,0.1993714342277363,0.1985523733361108,0.19005398082986394,0.20989923205180985
Streptopelia orientalis,4,2015-2019,0.30453728682635794,0.30491281682373006,0.29140361139332027,0.31856114505888616
Streptopelia orientalis,5,2020-2024,0.46775133520155954,0.4679057929091386,0.4514395794803569,0.48247207819522375
Phoenicurus auroreus,1,2000-2004,0.21563846801028735,0.21557625464169042,0.20047937356800735,0.23010070599015361
Phoenicurus auroreus,2,2005-2009,0.21564199033724546,0.2155837465603089,0.20048580746115102,0.23010786908272993
Phoenicurus auroreus,3,2010-2014,0.22321170926717523,0.22421272601214,0.21056575122205967,0.2354125366815461
Phoenicurus auroreus,4,2015-2019,0.34986947095852694,0.34972191352819193,0.3338049178866814,0.3665580477398031
Phoenicurus auroreus,5,2020-2024,0.539472407144295,0.540013407398718,0.5254360187006695,0.553716333790698
Spilopelia chinensis,1,2000-2004,0.30804071788004184,0.3083590518836197,0.2902634576465629,0.32813282842656527
Spilopelia chinensis,2,2005-2009,0.30804020997032994,0.30835854009944874,0.2902689804335503,0.32812143159004614
Spilopelia chinensis,3,2010-2014,0.31487075161567724,0.3156185813961725,0.2899803443683106,0.33102542615482317
Spilopelia chinensis,4,2015-2019,0.4452118054197856,0.4453135297040091,0.42815206044957116,0.4648835910580118
Spilopelia chinensis,5,2020-2024,0.6134219023677465,0.6148693850077507,0.5981931156824889,0.6280659691115006
Falco tinnunculus,1,2000-2004,0.182968588954781,0.18255104312073067,0.1695112139210311,0.19592949509918084
Falco tinnunculus,2,2005-2009,0.18297192669181667,0.1825553198024632,0.16951911973423067,0.1959350942612208
Falco tinnunculus,3,2010-2014,0.20115293425471037,0.2007002436353098,0.18931426769631932,0.21469614319682176
Falco tinnunculus,4,2015-2019,0.28405443261506685,0.28394263201673164,0.27075972126135495,0.29958236084748174
Falco tinnunculus,5,2020-2024,0.4369886033474735,0.437235352143328,0.4243348506924302,0.4503828745749826
Pycnonotus sinensis,1,2000-2004,0.38762679086357243,0.3877312711071305,0.3663939131230988,0.41387401008509495
Pycnonotus sinensis,2,2005-2009,0.3876678979277711,0.387767551555418,0.36642675311831413,0.4139183041290625
Pycnonotus sinensis,3,2010-2014,0.4163038966120048,0.4151840102093338,0.39593258149535043,0.44313994734288603
Pycnonotus sinensis,4,2015-2019,0.5425087511482369,0.5423516900426018,0.5195308778364919,0.5654054369513427
Pycnonotus sinensis,5,2020-2024,0.7120503453902364,0.7120252662015825,0.6912597922068167,0.7307222456490264
Egretta garzetta,1,2000-2004,0.2802148245717022,0.28070957018636344,0.259232949640642,0.29574982865912375
Egretta garzetta,2,2005-2009,0.2802509514108966,0.2807594772571172,0.25926300234340194,0.29579776232415167
Egretta garzetta,3,2010-2014,0.29173233643084884,0.2927246578117599,0.26806014271052236,0.3084284412608353
Egretta garzetta,4,2015-2019,0.411748518384658,0.4123454091731533,0.39193526448734456,0.42938410677440336
Egretta garzetta,5,2020-2024,0.5803022150110321,0.5806863043290342,0.5622900371195343,0.5989884899131613
Tachybaptus ruficollis,1,2000-2004,0.2338872779137389,0.23452864401136936,0.2176609101384209,0.2547729302707152
Tachybaptus ruficollis,2,2005-2009,0.23389375789341382,0.23453335555252064,0.21766506674227484,0.2547865315561511
Tachybaptus ruficollis,3,2010-2014,0.22412211769096752,0.2245835399179233,0.20870778138000518,0.23939855382702752
Tachybaptus ruficollis,4,2015-2019,0.3490465800132956,0.34920580358072184,0.3346731275582481,0.3667549011040061
Tachybaptus ruficollis,5,2020-2024,0.5047402095090046,0.5048928059868415,0.4906941182513413,0.5209891484756681
Upupa epops,1,2000-2004,0.20259809257365535,0.20201930805630286,0.19139184391541839,0.2156577466423955
Upupa epops,2,2005-2009,0.20259666786985744,0.20201883101584794,0.19139330632377202,0.21565723520231367
Upupa epops,3,2010-2014,0.2107941786717274,0.21138791532432694,0.19862473215831122,0.22441601919156198
Upupa epops,4,2015-2019,0.2936903802901648,0.29347964755003136,0.28079383580848355,0.3076407759365014
Upupa epops,5,2020-2024,0.4243226454764204,0.42322041409896805,0.4086659805481969,0.4377960033440764
Ardea cinerea,1,2000-2004,0.21904297111730386,0.2186976387238077,0.2065186265633358,0.23254779145515453
Ardea cinerea,2,2005-2009,0.21904539384960406,0.2187036940238974,0.20652444082174182,0.2325527396126255
Ardea cinerea,3,2010-2014,0.22096680812103894,0.2217857874281728,0.20617110617339787,0.23751745333816557
Ardea cinerea,4,2015-2019,0.3233677233989802,0.32266840416093945,0.3118336326340168,0.3377924337311229
Ardea cinerea,5,2020-2024,0.4690960333438313,0.46790181323752833,0.4578308323899169,0.48566365850268917
Alcedo atthis,1,2000-2004,0.18052453313502878,0.18043659963424663,0.16818097801114218,0.1935749014997509
Alcedo atthis,2,2005-2009,0.1805472026672053,0.18046502891487254,0.16820166727553434,0.19359462526220966
Alcedo atthis,3,2010-2014,0.17250811837917568,0.17263010519815225,0.16197507525103239,0.18315650212725906
Alcedo atthis,4,2015-2019,0.2888907262873215,0.28761035781210686,0.27239878566859893,0.30532534554457785
Alcedo atthis,5,2020-2024,0.44943065398202786,0.4498311577885197,0.4311417837743975,0.4684758123498943
Lanius schach,1,2000-2004,0.3400502936296524,0.3384329921536515,0.3172778431687357,0.3717811366699937
Lanius schach,2,2005-2009,0.3400620037327036,0.33844922077027634,0.3172790162394958,0.37180953423163365
Lanius schach,3,2010-2014,0.3394203531003484,0.33917892440447234,0.32030411725842944,0.3655672758536725
Lanius schach,4,2015-2019,0.4580830455011354,0.4565417096265276,0.4359524993675773,0.4846037355878715
Lanius schach,5,2020-2024,0.5989992534632177,0.5987678472314117,0.5823383811266449,0.6199214738591249
Anas platyrhynchos,1,2000-2004,0.1860482202009298,0.18583110912954243,0.17471537009375412,0.19830398654033374
Anas platyrhynchos,2,2005-2009,0.18605018681443927,0.18583329506505666,0.17471746199881744,0.19830706025646838
Anas platyrhynchos,3,2010-2014,0.191736008275596,0.19084741429315763,0.18067769596912114,0.2035497299048663
Anas platyrhynchos,4,2015-2019,0.2805968191763181,0.27950851008942523,0.26715198375489174,0.29371729304132044
Anas platyrhynchos,5,2020-2024,0.4200725905341267,0.41970091943898963,0.4060455367077125,0.4375107356882452
Phasianus colchicus,1,2000-2004,0.21248542440959983,0.2129629726839572,0.19888116145079932,0.2270150249203478
Phasianus colchicus,2,2005-2009,0.2124872952759559,0.21296673992801413,0.1988785511383475,0.22701480048256206
Phasianus colchicus,3,2010-2014,0.20148193250922874,0.2015838055775262,0.18833372345432153,0.21333844785419911
Phasianus colchicus,4,2015-2019,0.3108653550502538,0.31159154031820824,0.2961103889840775,0.3242849566526196
Phasianus colchicus,5,2020-2024,0.4472149926991102,0.44645768226155186,0.4297446537869902,0.4607709350019466
Motacilla cinerea,1,2000-2004,0.11120708325724815,0.11160274242923904,0.10094878272575658,0.12092101185721914
Motacilla cinerea,2,2005-2009,0.11121276660064434,0.11160975550583958,0.10095893162303321,0.12091877403487969
Motacilla cinerea,3,2010-2014,0.11597608325058963,0.1156904678237215,0.10731398347443136,0.1254867156303652
Motacilla cinerea,4,2015-2019,0.19045464149053773,0.19101448642780844,0.17720389568681988,0.20197200203160928
Motacilla cinerea,5,2020-2024,0.32842121527796597,0.32841172294982435,0.31325075941219516,0.34270428743089115
Cecropis daurica,1,2000-2004,0.17828686742037747,0.1784979780257024,0.16379742788865037,0.19324505245735346
Cecropis daurica,2,2005-2009,0.17828804526845948,0.17850151978152734,0.16379725026942615,0.19325498804519536
Cecropis daurica,3,2010-2014,0.1800406695904126,0.1799325999363084,0.16574396464070784,0.19388524573116894
Cecropis daurica,4,2015-2019,0.27165455702257163,0.27197767673093537,0.25742859845823907,0.28558321663550706
Cecropis daurica,5,2020-2024,0.41063389126139,0.41142445971541863,0.39627864207692687,0.4234104728763123
Chloris sinica,1,2000-2004,0.19842140012574416,0.20001738592653995,0.182667506357134,0.21415487841586514
Chloris sinica,2,2005-2009,0.1984242570535128,0.20002200057583305,0.18266967413906132,0.21415542543393656
Chloris sinica,3,2010-2014,0.19813159819172435,0.1997020980307061,0.17969413916564284,0.2109627978576382
Chloris sinica,4,2015-2019,0.29902587424820026,0.3003642883430041,0.28006136376013585,0.31454682003600065
Chloris sinica,5,2020-2024,0.4438040797213963,0.44235221382326717,0.42394708324168995,0.46380841513719356
Ardeola bacchus,1,2000-2004,0.17848298254809314,0.17871168887041541,0.16435844770144634,0.1917915668309429
Ardeola bacchus,2,2005-2009,0.178485678653134,0.1787199643438857,0.16435873891498548,0.1917902918364541
Ardeola bacchus,3,2010-2014,0.17626994026457868,0.17603335532570324,0.16381817038737478,0.18967532315697225
Ardeola bacchus,4,2015-2019,0.28518511084685677,0.2855389541149098,0.26854566224407167,0.2987433764093333
Ardeola bacchus,5,2020-2024,0.4449841551160053,0.44403289970292203,0.4299111426104693,0.46061936455996544
Anthus hodgsoni,1,2000-2004,0.11116653673129662,0.11101505664897757,0.1013359915617178,0.12064456125890752
Anthus hodgsoni,2,2005-2009,0.11116938215764532,0.11101663198128503,0.10133851251690985,0.12064910746782939
Anthus hodgsoni,3,2010-2014,0.1107522527827445,0.11090226133904021,0.09928571427200818,0.11841788560613711
Anthus hodgsoni,4,2015-2019,0.19708413840644232,0.1967576686609076,0.18450059894801885,0.20938844060470047
Anthus hodgsoni,5,2020-2024,0.34772402774434263,0.34780670391370705,0.33120150693933104,0.3652468644369176
Ardea alba,1,2000-2004,0.15765294185932602,0.15791306376788522,0.14563591709764537,0.16904830354723455
Ardea alba,2,2005-2009,0.15765103150427917,0.15791292713310345,0.1456318888896913,0.16904778423472608
Ardea alba,3,2010-2014,0.1684323865199208,0.16754535248770036,0.15680335953673297,0.18116277535984895
Ardea alba,4,2015-2019,0.24235506966326684,0.2420337454025766,0.23055759550198804,0.25539572172131275
Ardea alba,5,2020-2024,0.374213711415485,0.37431864154725064,0.3605626640010108,0.3909513583994161
Gallinula chloropus,1,2000-2004,0.14902458922037273,0.1496098572103736,0.13240263075369596,0.16106100624711786
Gallinula chloropus,2,2005-2009,0.14902905049735085,0.14961698267407572,0.13240423759033065,0.16106474902501106
Gallinula chloropus,3,2010-2014,0.14291355281713422,0.14196335965515686,0.1296930394881881,0.15688636054707947
Gallinula chloropus,4,2015-2019,0.24385012097370506,0.2448494747420516,0.2256554461066599,0.2598611650351642
Gallinula chloropus,5,2020-2024,0.3931180798893291,0.39373072975410256,0.37472905285310393,0.40852913881978603
Tadorna ferruginea,1,2000-2004,0.22060112468144458,0.22077147760093818,0.2060274114745895,0.2392120053916797
Tadorna ferruginea,2,2005-2009,0.22060464366039087,0.22077904022523742,0.20603091505158352,0.23920840391047649
Tadorna ferruginea,3,2010-2014,0.2695229859873647,0.2697183370508617,0.25433216094468314,0.28736480465131586
Tadorna ferruginea,4,2015-2019,0.2994410690933205,0.2999591262374337,0.2833523276647768,0.31650051567954884
Tadorna ferruginea,5,2020-2024,0.4142080057686192,0.4144359010765172,0.3975348059909127,0.43008475898672394
Cuculus canorus,1,2000-2004,0.11889837591885204,0.11922793035959295,0.10963589468180983,0.12722435155679482
Cuculus canorus,2,2005-2009,0.11890029043531496,0.11922934443840985,0.10963793924409738,0.12722750315597636
Cuculus canorus,3,2010-2014,0.12228085296804246,0.12206605948374723,0.11442055245622919,0.13050620405051522
Cuculus canorus,4,2015-2019,0.1871416459662663,0.1875095827444774,0.17641409219235474,0.19619751917314104
Cuculus canorus,5,2020-2024,0.29934082821586067,0.3001391982170769,0.2854397618278287,0.3120632095296455
Phalacrocorax carbo,1,2000-2004,0.1413785789113649,0.1409037360821609,0.12941392134024102,0.15766013511698368
Phalacrocorax carbo,2,2005-2009,0.14138521494766296,0.14090699337415663,0.12941904661769432,0.15766701759300494
Phalacrocorax carbo,3,2010-2014,0.16351224756274188,0.162967319431141,0.14997603394967474,0.17943955558267305
Phalacrocorax carbo,4,2015-2019,0.22041606723775245,0.21934602067859388,0.20614212302634446,0.23840316497881395
Phalacrocorax carbo,5,2020-2024,0.3492555682979276,0.3484696010336748,0.3337439623491578,0.367170387844211
Turdus mandarinus,1,2000-2004,0.18709837330572263,0.18813628980755787,0.16621114963572728,0.20470626599164835
Turdus mandarinus,2,2005-2009,0.18710941621793342,0.18814756527853646,0.16622876489496843,0.2047136255531104
Turdus mandarinus,3,2010-2014,0.20510205289073147,0.20507935795149182,0.18781411877264115,0.2230047695384937
Turdus mandarinus,4,2015-2019,0.2854180754981079,0.2860842069848298,0.2643509291365664,0.3050037955074377
Turdus mandarinus,5,2020-2024,0.4327239165111986,0.43404979467829846,0.4109862348186542,0.45248569350063095
Anas zonorhyncha,1,2000-2004,0.18684026034453338,0.18606654524545035,0.1712033850253451,0.2043660615525764
Anas zonorhyncha,2,2005-2009,0.18684526477413158,0.1860692942621751,0.1712091118340929,0.20437550653218964
Anas zonorhyncha,3,2010-2014,0.17999057186064826,0.1797782092961492,0.16331927118494158,0.19469513433751706
Anas zonorhyncha,4,2015-2019,0.2780929615428371,0.2785958026612958,0.25797049314600373,0.29778161867872716
Anas zonorhyncha,5,2020-2024,0.4099286379004608,0.4094194993325977,0.38537127806213245,0.4284898581779289
Acridotheres cristatellus,1,2000-2004,0.24005338855627964,0.23915801400499467,0.21702456864686906,0.26437840974582655
Acridotheres cristatellus,2,2005-2009,0.2400613317384285,0.2391643388523339,0.21703913736308073,0.264379200262313
Acridotheres cristatellus,3,2010-2014,0.26597842638893,0.26484233478405705,0.2455620188467041,0.2925484401475211
Acridotheres cristatellus,4,2015-2019,0.3447884887986871,0.34491379041521064,0.32213990478039767,0.37426607516410487
Acridotheres cristatellus,5,2020-2024,0.4901345157092192,0.4907444022655191,0.4707924212594007,0.5106002534554087
Corvus macrorhynchos,1,2000-2004,0.19831112726660804,0.1972163690481796,0.18195500855449648,0.21389093694129513
Corvus macrorhynchos,2,2005-2009,0.19831686392680112,0.19722410184251837,0.18195354504290312,0.2138973099996487
Corvus macrorhynchos,3,2010-2014,0.2290961318593314,0.2300944154528301,0.21312504097636972,0.2463760631782403
Corvus macrorhynchos,4,2015-2019,0.2697084545596346,0.2689541085072642,0.2543184386972814,0.28498666351956997
Corvus macrorhynchos,5,2020-2024,0.3740615221815001,0.37468361031155833,0.3596148076122755,0.3899065117108347
Fulica atra,1,2000-2004,0.1576341929653386,0.1589720201345899,0.1423443678258482,0.16987544313452524
Fulica atra,2,2005-2009,0.1576368873350126,0.158974236999411,0.14234486177459754,0.1698782486396351
Fulica atra,3,2010-2014,0.16191730123819234,0.16289311858968897,0.14721637378613867,0.17406917847927267
Fulica atra,4,2015-2019,0.23559633063447533,0.23676397067554356,0.21783103234266293,0.24841074727595874
Fulica atra,5,2020-2024,0.35452541404199905,0.35554188185045804,0.3328005626778954,0.36994245473260773
Milvus migrans,1,2000-2004,0.14781223994304205,0.14681307716880143,0.1357857026075876,0.16312738644269562
Milvus migrans,2,2005-2009,0.1478097477494128,0.146809389892543,0.13578645860261893,0.16312420854382506
Milvus migrans,3,2010-2014,0.18918183431148247,0.18859020155471534,0.17373141399038944,0.20603523307529983
Milvus migrans,4,2015-2019,0.2106956602035584,0.21057730492167348,0.1975083004451944,0.22831476603359277
Milvus migrans,5,2020-2024,0.31173205786086383,0.3116083435175032,0.2973127690226311,0.3264002614912342
Actitis hypoleucos,1,2000-2004,0.09283370974227044,0.09329100395038392,0.08487621712356805,0.10111155523868948
Actitis hypoleucos,2,2005-2009,0.09283373966533892,0.09329016549318214,0.08487764538193655,0.10111264799472507
Actitis hypoleucos,3,2010-2014,0.09182830509927252,0.09189724948566977,0.08359250770355801,0.10027387073136526
Actitis hypoleucos,4,2015-2019,0.15329457525625545,0.15304170749082813,0.14331362421734611,0.16457275444885613
Actitis hypoleucos,5,2020-2024,0.2585294755877276,0.258035580426362,0.24739382787191794,0.2720531796245668
Podiceps cristatus,1,2000-2004,0.18609307693848426,0.18622474306265716,0.16946097612192937,0.2059947275353661
Podiceps cristatus,2,2005-2009,0.18610156319841367,0.18623324192931667,0.16946824112745654,0.20599859087960534
Podiceps cristatus,3,2010-2014,0.19505632437371417,0.1952457730883806,0.1794855695575306,0.21157494764321372
Podiceps cristatus,4,2015-2019,0.2642331880386057,0.26429305786873564,0.2459085294896685,0.2851671471934691
Podiceps cristatus,5,2020-2024,0.3779857343532589,0.3769651078799052,0.36011545067474454,0.3977904267993179
Lanius cristatus,1,2000-2004,0.10561448857166417,0.10600704253611845,0.09639560760058051,0.1152935922417586
Lanius cristatus,2,2005-2009,0.10561615236647076,0.10600911009686007,0.09639943937399474,0.11529520147444454
Lanius cristatus,3,2010-2014,0.09452926354196374,0.09381667577212582,0.08575463634584507,0.104762657236618
Lanius cristatus,4,2015-2019,0.16682289815313656,0.16684508374408016,0.15468812360690495,0.17835849008242202
Lanius cristatus,5,2020-2024,0.26619365768927705,0.2667988989355352,0.2522121834739779,0.27824152049205186
Phoenicurus fuliginosus,1,2000-2004,0.26752589670151977,0.26624207787161175,0.2478730642358904,0.2910261092886797
Phoenicurus fuliginosus,2,2005-2009,0.2675280757035922,0.2662546523242939,0.24787399161901613,0.2910323519704122
Phoenicurus fuliginosus,3,2010-2014,0.28245504811644717,0.2824428285377249,0.2656510945547194,0.3025512054989945
Phoenicurus fuliginosus,4,2015-2019,0.3502007031619373,0.3485287576435373,0.3320745500537075,0.3731890394312816
Phoenicurus fuliginosus,5,2020-2024,0.4595548805679988,0.4581964730371857,0.4418842540417533,0.47719270237566824
Zosterops simplex,1,2000-2004,0.16043314459437552,0.16022447288460528,0.14286512240050603,0.17614072633673653
Zosterops simplex,2,2005-2009,0.16044199736329282,0.1602316329430765,0.14286981754705,0.17614868148013418
Zosterops simplex,3,2010-2014,0.17900878060452627,0.17811334425641417,0.16176508223089942,0.1965500186454246
Zosterops simplex,4,2015-2019,0.2537379349835316,0.2532006766127428,0.23618341187362143,0.27217233242604466
Zosterops simplex,5,2020-2024,0.40104369023521497,0.40048079682707083,0.38583839778521367,0.42105969321933384
Copsychus saularis,1,2000-2004,0.297867936598024,0.2981786239476436,0.27030327133924253,0.3191995099206887
Copsychus saularis,2,2005-2009,0.29786515219720994,0.298173361858934,0.2702969454585963,0.3191957091639763
Copsychus saularis,3,2010-2014,0.31869492771926133,0.3196165766848337,0.2944444418586444,0.34124835192896247
Copsychus saularis,4,2015-2019,0.42069568505077976,0.4209919423825164,0.3975879449214951,0.44045699298478985
Copsychus saularis,5,2020-2024,0.5767940789524877,0.5776031767375415,0.5599877346823204,0.5968380004884278
Sinosuthora webbiana,1,2000-2004,0.23317359879756056,0.23272791811507504,0.20862727789567226,0.2564138621500494
Sinosuthora webbiana,2,2005-2009,0.23317328526048509,0.23272959159372747,0.20862804278462238,0.2564133971000759
Sinosuthora webbiana,3,2010-2014,0.22481375827093392,0.2243280500053074,0.2043196882866825,0.2444886339975794
Sinosuthora webbiana,4,2015-2019,0.33216929446986604,0.33221750213436063,0.3097030771653278,0.3559150014454425
Sinosuthora webbiana,5,2020-2024,0.4658239796511238,0.4670319922318537,0.4421433497807756,0.48736789607517417
Dicrurus macrocercus,1,2000-2004,0.12080959344652223,0.12103744337368355,0.10933409587498644,0.1317687530168077
Dicrurus macrocercus,2,2005-2009,0.12081369545246688,0.12104329000573907,0.10934635243482795,0.13176640408676268
Dicrurus macrocercus,3,2010-2014,0.12642147605124662,0.12656978803268462,0.11421262823781952,0.13836125023138018
Dicrurus macrocercus,4,2015-2019,0.19738433979840572,0.19681155060029767,0.18183017735160117,0.21047901289825763
Dicrurus macrocercus,5,2020-2024,0.3258143288549846,0.3264050499809283,0.3070877186695755,0.34373609491224094
Nycticorax nycticorax,1,2000-2004,0.10892116153635034,0.10861276312329429,0.095968021672897,0.12077115354009176
Nycticorax nycticorax,2,2005-2009,0.10892339737666246,0.10861476574787739,0.0959701503418522,0.12077505044170728
Nycticorax nycticorax,3,2010-2014,0.1127668926589459,0.11246530169786721,0.09978775907237362,0.12396511327047208
Nycticorax nycticorax,4,2015-2019,0.1862567242453632,0.18596852903158617,0.16865058816300724,0.2009683615972592
Nycticorax nycticorax,5,2020-2024,0.32119250296178575,0.32155728271202266,0.29724580344685303,0.3391324348534779
Spodiopsar cineraceus,1,2000-2004,0.13207700667003416,0.1317719241123177,0.1216914516743047,0.14551538040867035
Spodiopsar cineraceus,2,2005-2009,0.13207412742916863,0.13176783004417922,0.12168827518724355,0.14550551523381866
Spodiopsar cineraceus,3,2010-2014,0.13445608577484705,0.13455679771933293,0.12481162151795017,0.15076421035802737
Spodiopsar cineraceus,4,2015-2019,0.20120169453854353,0.20098802355381962,0.18917650830519234,0.21725097046980021
Spodiopsar cineraceus,5,2020-2024,0.3107859206480105,0.3096319586496723,0.2962498385187107,0.330556151601646
Phylloscopus inornatus,1,2000-2004,0.08944568022088459,0.08976719869308074,0.0763995985542262,0.0990879159501804
Phylloscopus inornatus,2,2005-2009,0.08945065541969288,0.08977081279367853,0.0764059638007257,0.09909173711149617
Phylloscopus inornatus,3,2010-2014,0.08863124928438562,0.08910018935693317,0.0779956212377325,0.09865974044845095
Phylloscopus inornatus,4,2015-2019,0.15521298905445557,0.15605548678618128,0.13933404500038177,0.16729941121258085
Phylloscopus inornatus,5,2020-2024,0.27394541889401613,0.27537232065132466,0.2569107153499207,0.28864018783714745
Cyanopica cyanus,1,2000-2004,0.24380926150108154,0.24315241540067328,0.21877199990617432,0.26688432502096865
Cyanopica cyanus,2,2005-2009,0.24383026928175633,0.24319889733990846,0.21882811684422146,0.26690009084802363
Cyanopica cyanus,3,2010-2014,0.2491685995091184,0.24844382767974119,0.22236230424169126,0.2721997610817401
Cyanopica cyanus,4,2015-2019,0.33038418164403704,0.32979843514448215,0.3024168519359953,0.3535809672327417
Cyanopica cyanus,5,2020-2024,0.4467523883605547,0.4473088973642362,0.41978168926404147,0.4681832620386784
Chroicocephalus ridibundus,1,2000-2004,0.1827409741725759,0.18323063109346133,0.16721532054272087,0.2037031738097734
Chroicocephalus ridibundus,2,2005-2009,0.1827407941955072,0.18323007096661176,0.16720830958559682,0.2037019277064028
Chroicocephalus ridibundus,3,2010-2014,0.19194951606298835,0.1929724479573349,0.17702333446989243,0.20623488928854308
Chroicocephalus ridibundus,4,2015-2019,0.25488528619104817,0.2557782111148129,0.2375593627507655,0.27824011381487795
Chroicocephalus ridibundus,5,2020-2024,0.35968791851864595,0.35944331365143994,0.3426131160437467,0.3823047147682047
Phylloscopus proregulus,1,2000-2004,0.07057980150997493,0.07036994984768824,0.06457097800629544,0.07825976238025918
Phylloscopus proregulus,2,2005-2009,0.07058217033148344,0.07037468790670745,0.0645694604393724,0.07826135983247282
Phylloscopus proregulus,3,2010-2014,0.07227999689198664,0.07180120458731055,0.06552377753737712,0.08032683760562517
Phylloscopus proregulus,4,2015-2019,0.12802515254574634,0.12743839954239827,0.11970825988536613,0.13839935958546898
Phylloscopus proregulus,5,2020-2024,0.2392260181690719,0.23908221662835855,0.22679144223885997,0.25045574697078815
Emberiza pusilla,1,2000-2004,0.09032187532660438,0.0905954592207377,0.07937623232003314,0.10177452353719585
Emberiza pusilla,2,2005-2009,0.09032341738485612,0.09059609815664818,0.0793760854326855,0.10178143888501437
Emberiza pusilla,3,2010-2014,0.09118459719517087,0.09114331380327712,0.08055853507183608,0.10336009238291782
Emberiza pusilla,4,2015-2019,0.15293587011506662,0.15390790583534736,0.13873536308790635,0.1665134544796144
Emberiza pusilla,5,2020-2024,0.2645779954326017,0.26488161736460414,0.24667343353676355,0.2829255808315393
Buteo japonicus,1,2000-2004,0.05656163480637566,0.056942575223200065,0.05021071976140044,0.06366239665116075
Buteo japonicus,2,2005-2009,0.05655814417849652,0.05694215917729843,0.05020744846161452,0.06365978208384024
Buteo japonicus,3,2010-2014,0.061914126046608994,0.06164357626598313,0.05526354545127181,0.06922703409469746
Buteo japonicus,4,2015-2019,0.10268280974541381,0.10244639014958054,0.09444853804967988,0.11234428888357388
Buteo japonicus,5,2020-2024,0.19576555117987163,0.19552961037079464,0.18297364530053173,0.20921676843049705
Bubulcus coromandus,1,2000-2004,0.09879376415104756,0.09786305742483198,0.09012607097082281,0.10782630250583265
Bubulcus coromandus,2,2005-2009,0.09879934352499074,0.09786724962937635,0.0901358618082502,0.10783235627984168
Bubulcus coromandus,3,2010-2014,0.10553762084646008,0.10459711971575679,0.0936994196162519,0.1159509919610024
Bubulcus coromandus,4,2015-2019,0.1612119634845203,0.1601123248319693,0.15039595810976,0.1725685068921099
Bubulcus coromandus,5,2020-2024,0.26993024518220915,0.2689317673285292,0.2569143861308346,0.28161106386978874
Tringa ochropus,1,2000-2004,0.06379687373507542,0.0638893457680802,0.056814027935932813,0.07066673561835776
Tringa ochropus,2,2005-2009,0.063798517089728,0.06389197632972243,0.05681597099166225,0.07066758752484813
Tringa ochropus,3,2010-2014,0.06415123621838989,0.06372286590904142,0.05861351926068,0.07204206914917444
Tringa ochropus,4,2015-2019,0.11164780529753099,0.11148811694313761,0.10195361946195632,0.1211046235158174
Tringa ochropus,5,2020-2024,0.20280150997065868,0.20281643075499683,0.19098508382546758,0.21559853270490598
Corvus corone,1,2000-2004,0.19462774075054456,0.19585961485113534,0.1761786241406491,0.20974884635264876
Corvus corone,2,2005-2009,0.19463407418680853,0.19587040907162348,0.1761797225193058,0.20976402946789435
Corvus corone,3,2010-2014,0.23479887094265095,0.2353677916018868,0.21731359382503998,0.2510429998469544
Corvus corone,4,2015-2019,0.25569940533787694,0.2566413481963473,0.2394942188849856,0.2724101114030095
Corvus corone,5,2020-2024,0.34580758788416255,0.34668572971614836,0.3285917081495921,0.36295186219982484
Dendrocopos major,1,2000-2004,0.1376470117748381,0.1374161565060419,0.12765026851748537,0.1508440360458832
Dendrocopos major,2,2005-2009,0.13764315660560864,0.13740839842471234,0.12764195712307805,0.15084256108607624
Dendrocopos major,3,2010-2014,0.12699490752563197,0.12614998415031478,0.11550874773563422,0.14034102390148298
Dendrocopos major,4,2015-2019,0.2062284219556293,0.2069049006874287,0.19449461045178873,0.22102026598971056
Dendrocopos major,5,2020-2024,0.3106283733189378,0.31034783442606834,0.2964919038202943,0.32724362094600845
Aegithalos concinnus,1,2000-2004,0.23109626097820474,0.23042756106923074,0.2113225226984948,0.2525817277812284
Aegithalos concinnus,2,2005-2009,0.23110811183655172,0.23042898461842298,0.2113296694463039,0.2525955380514166
Aegithalos concinnus,3,2010-2014,0.2449199590909254,0.243314864033786,0.2259628765605967,0.2657234196934503
Aegithalos concinnus,4,2015-2019,0.32958185012333807,0.3288984350070364,0.31228311848544593,0.35175523017426286
Aegithalos concinnus,5,2020-2024,0.4661860899292183,0.4663293454556553,0.44477897430617674,0.4868846599699562
Tarsiger cyanurus,1,2000-2004,0.07175133276657518,0.07227510453229981,0.06219805849479558,0.07921781041810398
Tarsiger cyanurus,2,2005-2009,0.07175552400832196,0.07227812454415333,0.062204486046713386,0.07922184536382547
Tarsiger cyanurus,3,2010-2014,0.0688494395025369,0.06888647556223096,0.061343565919122905,0.076277909617342
Tarsiger cyanurus,4,2015-2019,0.12467397514005471,0.12568426485905837,0.11215426935548685,0.13518688618125332
Tarsiger cyanurus,5,2020-2024,0.22264616815538574,0.22327518156767376,0.20696587500585695,0.23671110595693454
Columba livia,1,2000-2004,0.13576276259352418,0.13574434748559921,0.12629731966508173,0.14736069547612213
Columba livia,2,2005-2009,0.13576610691317822,0.13574460462540633,0.1263011141775657,0.14736659906177307
Columba livia,3,2010-2014,0.1362046228379116,0.13595611705871036,0.1274545309977958,0.14627312855397673
Columba livia,4,2015-2019,0.18481106261346797,0.18461961705779664,0.17417763418766993,0.1972475003777619
Columba livia,5,2020-2024,0.2570126982983966,0.2566391374588066,0.2437954331448537,0.27121602098962583
Charadrius dubius,1,2000-2004,0.08690834143176127,0.0872304532966168,0.07990737760115355,0.0951042553863272
Charadrius dubius,2,2005-2009,0.08690524023473196,0.08722510011094556,0.07989840860294048,0.0951010868261285
Charadrius dubius,3,2010-2014,0.0863726447844425,0.08677448287207216,0.07811356077607742,0.09482102592711182
Charadrius dubius,4,2015-2019,0.14172062160957358,0.14224639314144327,0.1319580851506497,0.15225391016761314
Charadrius dubius,5,2020-2024,0.2373004644302881,0.23722985981193606,0.22389072622397763,0.25023577784418527
Accipiter nisus,1,2000-2004,0.061543969746930334,0.06142730778128449,0.05528591061480685,0.06758073721893061
Accipiter nisus,2,2005-2009,0.06154677764922662,0.06142980911613174,0.05528593742428183,0.06758144616381002
Accipiter nisus,3,2010-2014,0.06652391398893112,0.06621739693438228,0.060851776011646874,0.07290268206323779
Accipiter nisus,4,2015-2019,0.10408181377693286,0.10414719745513279,0.09581729019122552,0.11270747033679507
Accipiter nisus,5,2020-2024,0.18459452936758927,0.18424913536402804,0.17474152752187894,0.19600653558230405
Himantopus himantopus,1,2000-2004,0.14138792423879631,0.14181373523736118,0.12864926992832565,0.15141039486673394
Himantopus himantopus,2,2005-2009,0.14138600150037192,0.14181131218473725,0.1286409330990681,0.15140930206977876
Himantopus himantopus,3,2010-2014,0.1469970067879648,0.1461000655599401,0.1353620322803017,0.1596703844239862
Himantopus himantopus,4,2015-2019,0.20649548181160254,0.20663375945765772,0.1910360588559191,0.21857104846720987
Himantopus himantopus,5,2020-2024,0.3069356852544668,0.3073236351999047,0.29002089621635063,0.32224000865179936
Anas carolinensis,1,2000-2004,0.07415393436204655,0.07439199500352417,0.06623987279506906,0.08420992476429642
Anas carolinensis,2,2005-2009,0.07415607407870041,0.07439422201845669,0.0662426906907872,0.08421263353399643
Anas carolinensis,3,2010-2014,0.07500696213797217,0.07511172575617814,0.06737183034686098,0.08274307359754363
Anas carolinensis,4,2015-2019,0.12669066281294292,0.12675084612525267,0.11544061871790166,0.14063476810870093
Anas carolinensis,5,2020-2024,0.22349576793188608,0.2226754741847717,0.20786590667524307,0.24003610586278692
Spizixos semitorques,1,2000-2004,0.3501619916691181,0.3512271356763439,0.32070957195462185,0.37760337967117996
Spizixos semitorques,2,2005-2009,0.3501763656690758,0.3512425365669165,0.32073301015168926,0.3776099333439264
Spizixos semitorques,3,2010-2014,0.3553344211754715,0.3543451076569851,0.3293473529621794,0.38220903964238917
Spizixos semitorques,4,2015-2019,0.4351675106772994,0.43693628183779343,0.4089470663394655,0.45989801344431486
Spizixos semitorques,5,2020-2024,0.5382038591765675,0.5376478716905096,0.5186589450535537,0.559398676598651
Prinia inornata,1,2000-2004,0.18761233439425123,0.188554145403588,0.16672445207087094,0.20382018103288105
Prinia inornata,2,2005-2009,0.18762097562567692,0.1885586798841898,0.1667293092869225,0.2038216644583472
Prinia inornata,3,2010-2014,0.19651690604513344,0.1972546867648487,0.17910152666557774,0.216253082623936
Prinia inornata,4,2015-2019,0.2822903745676834,0.2827204405280168,0.2602562384291565,0.3016926062754641
Prinia inornata,5,2020-2024,0.4221703999607937,0.42294998922768784,0.4010640446783161,0.4424550388073995
Phylloscopus fuscatus,1,2000-2004,0.05092627816562859,0.05082283910975212,0.04484499117268668,0.05842602761689317
Phylloscopus fuscatus,2,2005-2009,0.05092734526786986,0.05082546301397485,0.04484607744973572,0.05842988814500476
Phylloscopus fuscatus,3,2010-2014,0.05088775449580436,0.050849499952963353,0.04542871075958657,0.057842013592002105
Phylloscopus fuscatus,4,2015-2019,0.09351406710419179,0.09334392330748659,0.08426790021611952,0.10438795289635437
Phylloscopus fuscatus,5,2020-2024,0.17957386823212257,0.17931174686246656,0.16728889155819823,0.19564823908360632
Emberiza spodocephala,1,2000-2004,0.08651198800233807,0.08614230737655515,0.07636336742517676,0.0972308054547532
Emberiza spodocephala,2,2005-2009,0.08651057205825458,0.0861353161672202,0.07636313357223999,0.09722770774072662
Emberiza spodocephala,3,2010-2014,0.08295204309871101,0.08281863698273925,0.07400037414914315,0.09219912575071414
Emberiza spodocephala,4,2015-2019,0.140081559378039,0.1400202248761672,0.12681698829923332,0.1547524911806566
Emberiza spodocephala,5,2020-2024,0.23233376430725725,0.2322944909077538,0.21489814325461748,0.2509691971988303
Sterna hirundo,1,2000-2004,0.16908200786976613,0.16980872030898506,0.15326437246391877,0.18223012406640768
Sterna hirundo,2,2005-2009,0.169085917638231,0.16981230624554847,0.15326738956756955,0.18222891731192634
Sterna hirundo,3,2010-2014,0.1859465213702699,0.18690849344362986,0.16777669103924617,0.20164732973416977
Sterna hirundo,4,2015-2019,0.23006417834865145,0.23052742087775177,0.21269452502347092,0.24468658491115802
Sterna hirundo,5,2020-2024,0.3201324041885145,0.32100915245498296,0.30072146567126723,0.33550466714768923
Picus canus,1,2000-2004,0.09626531793729352,0.09566550982652237,0.0870511355283177,0.10708930913341985
Picus canus,2,2005-2009,0.09626858543625258,0.09566980440673487,0.08705473836079017,0.10709262503235581
Picus canus,3,2010-2014,0.09260917862405497,0.09221182777789141,0.0829567043302294,0.10303500622372717
Picus canus,4,2015-2019,0.15026956968999897,0.14962773041426464,0.13916954033976958,0.16335427269891928
Picus canus,5,2020-2024,0.23980437720301817,0.2395996025043487,0.22623621184871498,0.2525480117700209
Spodiopsar sericeus,1,2000-2004,0.12865916345412143,0.12686354797109406,0.11316917448618892,0.14736106618373754
Spodiopsar sericeus,2,2005-2009,0.12866620478200078,0.12686446765933068,0.11318134270868456,0.14737027691733057
Spodiopsar sericeus,3,2010-2014,0.13421919410717909,0.1336298073045567,0.12037450880157152,0.15266621577907438
Spodiopsar sericeus,4,2015-2019,0.20027269539360212,0.19936295953419425,0.1797395511557116,0.2198858603765992
Spodiopsar sericeus,5,2020-2024,0.31623679352008227,0.3164158394984157,0.29064570061175055,0.3407641899585117
Saxicola stejnegeri,1,2000-2004,0.09209076421435758,0.09148205336669668,0.07941863942236146,0.10788221853740793
Saxicola stejnegeri,2,2005-2009,0.09209434580293942,0.09148595673109568,0.07942152675046477,0.1078836418816067
Saxicola stejnegeri,3,2010-2014,0.08646895713022866,0.08667280592836824,0.0737618350652027,0.10108223439646362
Saxicola stejnegeri,4,2015-2019,0.1463315274569059,0.14584857406975849,0.13058443658757102,0.16578062212500855
Saxicola stejnegeri,5,2020-2024,0.23735471433934205,0.2354611465579401,0.21898079687360864,0.2600513200974399
Buteo hemilasius,1,2000-2004,0.17248233612852523,0.17242548707877403,0.15819156379790703,0.18494397494273168
Buteo hemilasius,2,2005-2009,0.172487477619451,0.1724333148742002,0.15819655136109467,0.18494926175703394
Buteo hemilasius,3,2010-2014,0.21867069705856904,0.2174714385465496,0.20632302239140687,0.23452857419344225
Buteo hemilasius,4,2015-2019,0.22681967236624886,0.22688755651358097,0.21071022154958166,0.24054209519542236
Buteo hemilasius,5,2020-2024,0.309826804785417,0.3093353506263775,0.2936444097081954,0.3261001671025227
Garrulus glandarius,1,2000-2004,0.15425059868964308,0.15300038907700972,0.13879018879754448,0.17447582006008922
Garrulus glandarius,2,2005-2009,0.154256287170377,0.15301372916492267,0.13879150959834616,0.1744791681405404
Garrulus glandarius,3,2010-2014,0.15161041207880468,0.15008063211145203,0.13646453936016023,0.17137552045611398
Garrulus glandarius,4,2015-2019,0.21285205513356154,0.21185872104491277,0.19566056791201558,0.23581038159302684
Garrulus glandarius,5,2020-2024,0.2980250835352638,0.2977097607078545,0.2819413305603376,0.32038318446794145
Fringilla montifringilla,1,2000-2004,0.06522841913661392,0.06540923205712651,0.05661199774175079,0.07159652030305891
Fringilla montifringilla,2,2005-2009,0.06522857644231453,0.06541171935168455,0.05661232310369277,0.07159845295465024
Fringilla montifringilla,3,2010-2014,0.05663986661994174,0.056685926289741145,0.0492988169937957,0.06267014270778551
Fringilla montifringilla,4,2015-2019,0.10764607876845843,0.10786907790900005,0.09603658925335039,0.11631122479530122
Fringilla montifringilla,5,2020-2024,0.18222718689567516,0.1829219694694944,0.16740160272196483,0.19439673226069454
Mergus merganser,1,2000-2004,0.08571803905289153,0.08520527038020922,0.07805382894892128,0.09555708334265567
Mergus merganser,2,2005-2009,0.08572092864467622,0.08520836411705454,0.07806006389444693,0.0955603335735708
Mergus merganser,3,2010-2014,0.09752307644805998,0.09683456783482744,0.0882704762679018,0.10745035646942074
Mergus merganser,4,2015-2019,0.13392206851658023,0.13354489935648686,0.12327642268196899,0.1461993981641941
Mergus merganser,5,2020-2024,0.21833766198904983,0.21757221647751102,0.20337359014432735,0.23527482607902386
Columba rupestris,1,2000-2004,0.19737441205763462,0.19556985671705873,0.17702413413056037,0.21970966685304458
Columba rupestris,2,2005-2009,0.19735425101616474,0.19555641560210713,0.1770044475046428,0.21968870160882195
Columba rupestris,3,2010-2014,0.23319182690753146,0.23268972359050905,0.21574535795583474,0.2580930237425584
Columba rupestris,4,2015-2019,0.2683887430532063,0.2672004136795177,0.24770962772680435,0.2941812133642464
Columba rupestris,5,2020-2024,0.3731567119220902,0.3729682391702298,0.34640259276240715,0.3996872416520773
Tringa nebularia,1,2000-2004,0.09601442518599372,0.09579968155049201,0.08342777944147006,0.11033780636446172
Tringa nebularia,2,2005-2009,0.09600907035495007,0.0957968456192594,0.0834243577533792,0.11033754860716785
Tringa nebularia,3,2010-2014,0.0974455465648367,0.09756616764306585,0.08798943829006949,0.10924241574613848
Tringa nebularia,4,2015-2019,0.15143895764482634,0.1511881198853962,0.13618446750406982,0.16860133432112884
Tringa nebularia,5,2020-2024,0.2453152881022627,0.24598508711779854,0.22806823238318955,0.26548471868973067
Horornis fortipes,1,2000-2004,0.1264797282189877,0.12468251318785653,0.10964355989347038,0.1498589163974633
Horornis fortipes,2,2005-2009,0.12649275900766385,0.12470057682866068,0.10964861093347135,0.1498646579861313
Horornis fortipes,3,2010-2014,0.12159311181923327,0.12080353985155609,0.10734716079369894,0.1403366010404535
Horornis fortipes,4,2015-2019,0.1939888018965101,0.19154147836163082,0.17418380501896819,0.22121644676102878
Horornis fortipes,5,2020-2024,0.30059611715472245,0.29867235891093513,0.2815979018757122,0.33033573905707647
Pomatorhinus ruficollis,1,2000-2004,0.19785432170437994,0.19790458367522287,0.17981112577898453,0.21233055704393014
Pomatorhinus ruficollis,2,2005-2009,0.1978587599734259,0.19791275599854657,0.17981181225331738,0.21231912514082033
Pomatorhinus ruficollis,3,2010-2014,0.2056919911046703,0.2049499391416171,0.18700585191982744,0.22346690476712033
Pomatorhinus ruficollis,4,2015-2019,0.2799286113638336,0.2804667845458773,0.2590064377647805,0.2974671024532178
Pomatorhinus ruficollis,5,2020-2024,0.3975200861300073,0.39725508656031905,0.37694075364638363,0.4154437369269761
Myophonus caeruleus,1,2000-2004,0.1318570447888209,0.13067296573427378,0.11947126550099434,0.1484566598664907
Myophonus caeruleus,2,2005-2009,0.13186212100762956,0.13068140356742516,0.11947301480415734,0.14845713213340184
Myophonus caeruleus,3,2010-2014,0.1398779312545646,0.1387180368002325,0.12694948150032226,0.15671389973576538
Myophonus caeruleus,4,2015-2019,0.19148583989396334,0.19144331279446575,0.17559683918483493,0.20988030520924864
Myophonus caeruleus,5,2020-2024,0.28462074013096783,0.28475237716743856,0.26540467167095216,0.30538459008276064
Pardaliparus venustulus,1,2000-2004,0.09757471414007311,0.09694673319450703,0.08323665250704987,0.11144670633500746
Pardaliparus venustulus,2,2005-2009,0.0975759068892401,0.09695276842678144,0.08323820133498606,0.11144444076169203
Pardaliparus venustulus,3,2010-2014,0.098291799710679445,0.09721312457100201,0.08463891127498167,0.11147157598757673
Pardaliparus venustulus,4,2015-2019,0.1541670749093702,0.15341430028878678,0.13456771126234823,0.17043275896605464
Pardaliparus venustulus,5,2020-2024,0.24969232574646513,0.250992023072246,0.22656645820589122,0.2695448083973107
Mareca strepera,1,2000-2004,0.08492410972625991,0.08502318576245986,0.07695901771174708,0.09191044852673112
Mareca strepera,2,2005-2009,0.0849266917218473,0.0850246179895213,0.07695934570109524,0.0919142910807143
Mareca strepera,3,2010-2014,0.09383253491297826,0.09402226285269771,0.08241009249972847,0.10219878049013355
Mareca strepera,4,2015-2019,0.13351584825767115,0.13365141265143332,0.12298065632460484,0.14277595790354644
Mareca strepera,5,2020-2024,0.21843701270345342,0.2185216624545625,0.2046504234265157,0.22952462625259454
Passer cinnamomeus,1,2000-2004,0.1262540674014155,0.12621191794049152,0.1120628082547844,0.14145847807471892
Passer cinnamomeus,2,2005-2009,0.12625858582071994,0.1262170211634036,0.11206297347171448,0.1414613059072273
Passer cinnamomeus,3,2010-2014,0.14592145030261067,0.14612286541673358,0.12948353516690894,0.16150277413363703
Passer cinnamomeus,4,2015-2019,0.17889221615543102,0.17952396226414538,0.16353622727965128,0.1943488192918249
Passer cinnamomeus,5,2020-2024,0.26251722877730943,0.2628766171404082,0.24369397830616926,0.2792238042076798
Eophona migratoria,1,2000-2004,0.08407915740021496,0.0844946647646733,0.07345931208267865,0.09311448545774349
Eophona migratoria,2,2005-2009,0.08409228948190248,0.08450748548408722,0.07346296925938252,0.09312678203415807
Eophona migratoria,3,2010-2014,0.08623780078495139,0.08689845889722615,0.07454078420558946,0.09640135223410952
Eophona migratoria,4,2015-2019,0.1432484010422163,0.14383080956794525,0.12865610966049185,0.153576135978905
Eophona migratoria,5,2020-2024,0.2505189172893483,0.25134684658361955,0.23074623904846647,0.26467972036988113
Emberiza elegans,1,2000-2004,0.0898862636835946,0.0901467683967086,0.07982814956371305,0.09776421372290175
Emberiza elegans,2,2005-2009,0.0898852979849481,0.09014530393439135,0.07982394453724843,0.09776231781340788
Emberiza elegans,3,2010-2014,0.08672427931446551,0.08729531006673605,0.07796627238786638,0.09580959263587735
Emberiza elegans,4,2015-2019,0.14868397579006182,0.1491956441360633,0.13499038586654255,0.15884458598736179
Emberiza elegans,5,2020-2024,0.2510599148771281,0.2506388897990368,0.23390978206880753,0.26541923096931674
Streptopelia decaocto,1,2000-2004,0.2245209060100834,0.2250090899235696,0.20827386566075695,0.2451518254422488
Streptopelia decaocto,2,2005-2009,0.22453126318547428,0.22502069830207194,0.20828447801016312,0.24516368124561647
Streptopelia decaocto,3,2010-2014,0.25520365149051927,0.25451651172935175,0.2389837063342344,0.27436150547196164
Streptopelia decaocto,4,2015-2019,0.28478083974271234,0.28475718647114834,0.2691424080294339,0.30608959935510593
Streptopelia decaocto,5,2020-2024,0.36914353784179893,0.3684354151746725,0.35220416408396904,0.38713946055381027
Pyrrhocorax pyrrhocorax,1,2000-2004,0.31625061169120455,0.3173793390084809,0.28745896600847787,0.33921280954047545
Pyrrhocorax pyrrhocorax,2,2005-2009,0.3162213795611599,0.3173429022649432,0.28743659798394094,0.33920177875393304
Pyrrhocorax pyrrhocorax,3,2010-2014,0.364778870805845,0.36466175668497935,0.3406825756831363,0.3869459788550502
Pyrrhocorax pyrrhocorax,4,2015-2019,0.38991283928797976,0.3893891543676371,0.36365386698000485,0.41439596113907007
Pyrrhocorax pyrrhocorax,5,2020-2024,0.48719194139936417,0.4882001219157195,0.45950013635904524,0.5177307192152036
Motacilla tschutschensis,1,2000-2004,0.05315785458925972,0.05350115467229212,0.04629912098611049,0.060419983577997646
Motacilla tschutschensis,2,2005-2009,0.05315872140795582,0.05350209347989447,0.0462986638421857,0.060419601425285026
Motacilla tschutschensis,3,2010-2014,0.050870354193406415,0.05097712053428641,0.0442548193443766,0.058350003674180084
Motacilla tschutschensis,4,2015-2019,0.08593285154346475,0.0865916556417669,0.075798016069243,0.09431416635357345
Motacilla tschutschensis,5,2020-2024,0.14478506278765207,0.14629323329340277,0.13064839228691127,0.1554852650574292
Pycnonotus xanthorrhous,1,2000-2004,0.3050170395644649,0.30489775482800974,0.2804787179382375,0.33644832969176186
Pycnonotus xanthorrhous,2,2005-2009,0.3050088573598338,0.3048863292040418,0.28046396843946114,0.3364334805589361
Pycnonotus xanthorrhous,3,2010-2014,0.32439520409882705,0.3231567017606831,0.2996486358966748,0.35613586035157324
Pycnonotus xanthorrhous,4,2015-2019,0.3713009965366272,0.3720862558109258,0.34859422008503554,0.3971877437336205
Pycnonotus xanthorrhous,5,2020-2024,0.4564176377177491,0.45684932755790064,0.436398248395792,0.47843659512642606
Tringa totanus,1,2000-2004,0.16216358468853392,0.16117731989390147,0.1487750735260242,0.182812855438181
Tringa totanus,2,2005-2009,0.16216899971066534,0.16118469120049533,0.14877962527078054,0.182817672329555
Tringa totanus,3,2010-2014,0.1805830176128256,0.1779100870199218,0.16591485123704364,0.19970317356617598
Tringa totanus,4,2015-2019,0.21834089394004805,0.21676939587605648,0.20449466949702397,0.23969561517052504
Tringa totanus,5,2020-2024,0.3017560658144723,0.3005015901991581,0.28455071816183664,0.32211983509590614
Lonchura striata,1,2000-2004,0.13396479665821714,0.13462108964472627,0.11988095735937643,0.14975582790511072
Lonchura striata,2,2005-2009,0.13397109475873525,0.13462461589322378,0.11988551113088544,0.14976091846770417
Lonchura striata,3,2010-2014,0.14129433324064483,0.1417469744770573,0.12322604048559363,0.16325597550474297
Lonchura striata,4,2015-2019,0.2037962827756924,0.2052321641090712,0.18752628239437216,0.22187438156283867
Lonchura striata,5,2020-2024,0.3151029588494031,0.3155351566530001,0.2963168548727517,0.3356396178515559
Falco peregrinus,1,2000-2004,0.03731326267580929,0.03716513539386899,0.03189978240342746,0.043237910268051426
Falco peregrinus,2,2005-2009,0.03731373366047874,0.03716516971710277,0.03190036992233592,0.043237317076271035
Falco peregrinus,3,2010-2014,0.03926297977142677,0.03917860752451567,0.03374052361632647,0.04448163148997039
Falco peregrinus,4,2015-2019,0.06549853518639301,0.06524283649630946,0.05832437558160482,0.07384186158026816
Falco peregrinus,5,2020-2024,0.12236069239736672,0.12201236614959693,0.11172218240074767,0.13320208152135996
Pterorhinus sannio,1,2000-2004,0.2929000857524595,0.29329514237252025,0.2637350220879854,0.33391090344404734
Pterorhinus sannio,2,2005-2009,0.29289939839005386,0.2932959941310541,0.26372402055387845,0.333910554273795
Pterorhinus sannio,3,2010-2014,0.3018567053036157,0.30244272781949355,0.2724428793513728,0.3331592112449105
Pterorhinus sannio,4,2015-2019,0.3735158841679668,0.3747753111197457,0.34473006520101157,0.4077709525829133
Pterorhinus sannio,5,2020-2024,0.47676451166863765,0.47830343719518403,0.4488137743688873,0.5025083860844829
Tringa glareola,1,2000-2004,0.0660587398025509,0.0662172655372749,0.05847209942362109,0.07294890030421118
Tringa glareola,2,2005-2009,0.06605971979312888,0.06621720508778896,0.05847423941050182,0.07294833254829183
Tringa glareola,3,2010-2014,0.06598409579832727,0.06575252561374359,0.05835870232113606,0.0738033859299437
Tringa glareola,4,2015-2019,0.10357172383394034,0.10401126154689538,0.09324823391791988,0.1123126457807228
Tringa glareola,5,2020-2024,0.16889318266587164,0.16927969425041745,0.15504240926296267,0.18060040436753969
Hypsipetes leucocephalus,1,2000-2004,0.14305872058822636,0.1431147497475129,0.13042842194451224,0.16008808383584283
Hypsipetes leucocephalus,2,2005-2009,0.14306426493129132,0.1431223373506993,0.13043155293360123,0.16010214997163902
Hypsipetes leucocephalus,3,2010-2014,0.13901836557011943,0.13806570143254282,0.12565130464710564,0.1567719646840074
Hypsipetes leucocephalus,4,2015-2019,0.20898589308593507,0.21058552506291023,0.19373566280431356,0.22599375457049542
Hypsipetes leucocephalus,5,2020-2024,0.3086916902976447,0.3097426476864427,0.29023482843169285,0.3287682033884245
Carpodacus erythrinus,1,2000-2004,0.08412634441874127,0.08359747666924276,0.07563299839420777,0.09575905358561837
Carpodacus erythrinus,2,2005-2009,0.08412566716104267,0.08359586186998294,0.07562583911786618,0.09576016580718368
Carpodacus erythrinus,3,2010-2014,0.09523833010942817,0.0953630207448437,0.0855031732403326,0.10663559427924033
Carpodacus erythrinus,4,2015-2019,0.12418346792262015,0.12411991114814358,0.11475676099650976,0.137329947650054
Carpodacus erythrinus,5,2020-2024,0.19174756769881743,0.19190036210111944,0.18088242060937318,0.20589741354552418
Aythya ferina,1,2000-2004,0.08864485129066998,0.0885803400647679,0.0777876885341547,0.0993422320981637
Aythya ferina,2,2005-2009,0.08864786399342471,0.08858616198903778,0.07778767419052283,0.09934707986636697
Aythya ferina,3,2010-2014,0.09406208703660739,0.09439912876972392,0.08484535790412381,0.10433702001737451
Aythya ferina,4,2015-2019,0.13598003716255536,0.13610462483837116,0.12405825163286821,0.14846419939737837
Aythya ferina,5,2020-2024,0.21619363755611673,0.2158005246007101,0.20256437189599097,0.23124752310771904
Charadrius alexandrinus,1,2000-2004,0.1339283282322464,0.13245550665865757,0.1184425456501667,0.15243728304865145
Charadrius alexandrinus,2,2005-2009,0.13394174553765847,0.13247388205869481,0.11845284097194803,0.1524480490895938
Charadrius alexandrinus,3,2010-2014,0.13140774848174566,0.13136953005383584,0.11734315525441961,0.14954760071781215
Charadrius alexandrinus,4,2015-2019,0.19276552823587104,0.1915849326491444,0.17436962779761678,0.2124282664490282
Charadrius alexandrinus,5,2020-2024,0.2820051803998898,0.281775796346199,0.26351251349615934,0.29940337428079256
Motacilla citreola,1,2000-2004,0.08662972844686057,0.08659213605808172,0.07747422756557588,0.09468822536955711
Motacilla citreola,2,2005-2009,0.08663435727694248,0.08659460095633773,0.07748394198840447,0.09469002677748671
Motacilla citreola,3,2010-2014,0.09742503701668802,0.09719153446553636,0.08723933182859457,0.10708185958457855
Motacilla citreola,4,2015-2019,0.12260833156477093,0.12218559864330364,0.11178307466717345,0.13336874863299575
Motacilla citreola,5,2020-2024,0.1812456128059983,0.18133354452757028,0.17003384155916199,0.19415827913789122
Vanellus cinereus,1,2000-2004,0.09121816860059993,0.09130539635074936,0.07816529488947957,0.10165318850426089
Vanellus cinereus,2,2005-2009,0.09121600277169574,0.09130297700817219,0.07816490569727853,0.10165178001495558
Vanellus cinereus,3,2010-2014,0.08978873944244543,0.08898369466176802,0.0776037535698911,0.10045802180941375
Vanellus cinereus,4,2015-2019,0.1355864015773765,0.1354581871876211,0.12122498930695383,0.14927195317562975
Vanellus cinereus,5,2020-2024,0.20745973084391492,0.2075219449776552,0.19057569227731508,0.2231340252390114
Delichon dasypus,1,2000-2004,0.1028415326474082,0.10212659435117644,0.09105546923488907,0.11722906399933512
Delichon dasypus,2,2005-2009,0.10284323387250435,0.10212849357778636,0.09105989529921041,0.11723109975423018
Delichon dasypus,3,2010-2014,0.12149940132864456,0.12146487756454617,0.10864307817687542,0.1350539952315035
Delichon dasypus,4,2015-2019,0.14666527359130033,0.14584590517722545,0.13265147652603967,0.16266400391718902
Delichon dasypus,5,2020-2024,0.21853622652964225,0.2186164028004897,0.203299825614603,0.23868764126299966
Vanellus vanellus,1,2000-2004,0.1257076146736632,0.12548656716182327,0.10956820795660994,0.14138022590299146
Vanellus vanellus,2,2005-2009,0.12571200146665623,0.12548762255361728,0.10957391871070613,0.14138024070948502
Vanellus vanellus,3,2010-2014,0.13594892258424648,0.1357883156792849,0.11973504532535016,0.14981376481911893
Vanellus vanellus,4,2015-2019,0.1724294730181673,0.1730473248062318,0.15357531040814704,0.1895416182963589
Vanellus vanellus,5,2020-2024,0.24384459954523321,0.24410463548849598,0.22203465837370803,0.26250466429384844
Apus pacificus,1,2000-2004,0.05174123094219511,0.05195964815257059,0.04547708184303605,0.057859620773476256
Apus pacificus,2,2005-2009,0.05174020017063349,0.05195908528787793,0.04547384089119481,0.057860265262440196
Apus pacificus,3,2010-2014,0.05764252796627947,0.058241852483340545,0.05041252335489557,0.06401248701133391
Apus pacificus,4,2015-2019,0.08149006555799129,0.08158486980962115,0.07271259671382979,0.08882437794240587
Apus pacificus,5,2020-2024,0.13585151990978267,0.13641260482941697,0.12341496596285038,0.14475822060718033
Falco subbuteo,1,2000-2004,0.05776871039445924,0.05772359792081656,0.05135092740300944,0.06629707934763854
Falco subbuteo,2,2005-2009,0.05777181580145469,0.05772609961078796,0.05135335731862388,0.0662987486370514
Falco subbuteo,3,2010-2014,0.059165407411910495,0.05910434364166299,0.052634523257537674,0.06732294687829006
Falco subbuteo,4,2015-2019,0.08961636120413735,0.08951441830088709,0.08169176584104473,0.09952504100079376
Falco subbuteo,5,2020-2024,0.14545045420978278,0.14511796355705753,0.13512068293657525,0.1578637463104172
Urocissa erythroryncha,1,2000-2004,0.14146294558339526,0.14130445138292924,0.11985453799422685,0.16411273272338464
Urocissa erythroryncha,2,2005-2009,0.14146526838634876,0.14130640891984647,0.1198585668932718,0.16411082790496814
Urocissa erythroryncha,3,2010-2014,0.15855581223672488,0.15763975868724994,0.13934691006965882,0.18315956329322908
Urocissa erythroryncha,4,2015-2019,0.20856129088975897,0.20960073252861428,0.18441812114633996,0.23263723508169606
Urocissa erythroryncha,5,2020-2024,0.3147397715499587,0.31643653709315034,0.2905346287038097,0.34177535476529197
Gallinago gallinago,1,2000-2004,0.039483079009391735,0.03956705867092244,0.03451224818727431,0.04603935656661105
Gallinago gallinago,2,2005-2009,0.03948083473600826,0.0395643808647406,0.03450918437748848,0.04603532796666992
Gallinago gallinago,3,2010-2014,0.03721597213271041,0.03750167514981982,0.03287109806726905,0.04328347598620812
Gallinago gallinago,4,2015-2019,0.06960986458178585,0.06957775922103547,0.06204521291147126,0.07841845420015121
Gallinago gallinago,5,2020-2024,0.12901484664076396,0.1287079782551585,0.11844125792151279,0.13937811664546787
Chlidonias hybrida,1,2000-2004,0.08771162539929428,0.08772543244929562,0.0781507047388318,0.09587243937342374
Chlidonias hybrida,2,2005-2009,0.08770701362699057,0.08772148727070314,0.07814464822887701,0.09587360412576142
Chlidonias hybrida,3,2010-2014,0.08802722124922834,0.08857938548021804,0.07901808408220713,0.09671435851415291
Chlidonias hybrida,4,2015-2019,0.13030502411901232,0.1309911994511902,0.11800396285982168,0.14141638513896806
Chlidonias hybrida,5,2020-2024,0.199900091222096,0.20098717068190833,0.18421289000922295,0.21401317634870587
Lonchura punctulata,1,2000-2004,0.1104171047051543,0.11025826553443686,0.09596588538165113,0.12390198049073764
Lonchura punctulata,2,2005-2009,0.11042881268403833,0.11026884280074911,0.09598203325694292,0.12391890580601464
Lonchura punctulata,3,2010-2014,0.11935128388807889,0.119810498791914,0.10439823066092532,0.13597401994209615
Lonchura punctulata,4,2015-2019,0.18162751710255742,0.18117864168173411,0.16506018174993478,0.20002991809582063
Lonchura punctulata,5,2020-2024,0.3042781054468811,0.30338834417177274,0.28429773499654415,0.32578042141428265
Apus nipalensis,1,2000-2004,0.13154220517787862,0.13168260058595133,0.11438454715440895,0.15376205420825492
Apus nipalensis,2,2005-2009,0.13154708976340418,0.13168946926012642,0.11439102104875645,0.15376456124381
Apus nipalensis,3,2010-2014,0.14185992087327937,0.1407494039964925,0.12541127072887434,0.16623809552878438
Apus nipalensis,4,2015-2019,0.1879029591551097,0.1881802260283948,0.16929568449683596,0.2108819558701307
Apus nipalensis,5,2020-2024,0.2756205264312143,0.27654704845029665,0.256710866491934,0.2964336648501511
Oriolus chinensis,1,2000-2004,0.04673599216294523,0.04628452051074049,0.04013107094122526,0.054122827815357946
Oriolus chinensis,2,2005-2009,0.0467369445244292,0.046284177975943516,0.04013152023520419,0.054123045824666274
Oriolus chinensis,3,2010-2014,0.04281949413284598,0.04270469818281098,0.037032576166341334,0.051115765202699365
Oriolus chinensis,4,2015-2019,0.0779185000788814,0.077463431901803,0.06910831200868128,0.088155218360388
Oriolus chinensis,5,2020-2024,0.1353707208181098,0.13540513581884905,0.12424796725372254,0.14977649693449185
Eudynamys scolopaceus,1,2000-2004,0.05855461809089227,0.05838845278630817,0.05048623104510476,0.06769803833672508
Eudynamys scolopaceus,2,2005-2009,0.05855682555952391,0.05838921847827731,0.05048896082540948,0.06770136045052645
Eudynamys scolopaceus,3,2010-2014,0.06277308582814597,0.0626719578972653,0.054867709027815584,0.07145924652277685
Eudynamys scolopaceus,4,2015-2019,0.09570020963268924,0.09554906064728425,0.08522122061415899,0.10802340420994627
Eudynamys scolopaceus,5,2020-2024,0.16438001682765147,0.1639632396130964,0.15165217414550483,0.17784648168028017
Spatula clypeata,1,2000-2004,0.06303345165045934,0.06306664996666794,0.056183859802242504,0.07026098785712427
Spatula clypeata,2,2005-2009,0.06303738784456869,0.06307088784386243,0.05619027228065607,0.07026239088110624
Spatula clypeata,3,2010-2014,0.06478666603301302,0.06458478662450226,0.05668436237520166,0.07232371618316691
Spatula clypeata,4,2015-2019,0.09848942796330903,0.09837357003058397,0.08962492135038075,0.10876416529769195
Spatula clypeata,5,2020-2024,0.16069257647904475,0.16048135799599572,0.14877752813286974,0.1752460558932968
Ixos mcclellandii,1,2000-2004,0.1384472484712606,0.13800777736187442,0.11993917591558959,0.15660680492704665
Ixos mcclellandii,2,2005-2009,0.13844736241104985,0.1380055443299713,0.11994295759464907,0.15660270118035152
Ixos mcclellandii,3,2010-2014,0.13829468626820673,0.13805716398801338,0.12112382818246002,0.15597906080048943
Ixos mcclellandii,4,2015-2019,0.2000398677002786,0.1989074886153897,0.1789152541118937,0.2221990961351474
Ixos mcclellandii,5,2020-2024,0.29378008436561154,0.29308253842544046,0.2706140680488575,0.3189349184168882
Falco amurensis,1,2000-2004,0.1486722850691495,0.14793973398120325,0.13654358175674666,0.16433290343436213
Falco amurensis,2,2005-2009,0.1486623902209614,0.14792535396375256,0.1365532744230929,0.16431211034962
Falco amurensis,3,2010-2014,0.14547552349308032,0.14519744776042298,0.1311818712772327,0.16426663941355157
Falco amurensis,4,2015-2019,0.19258797437838954,0.19221549941197985,0.179261972000351,0.20847332903041424
Falco amurensis,5,2020-2024,0.2540979275312232,0.25357039986800306,0.23854893917914846,0.27205728987623984
Amaurornis phoenicurus,1,2000-2004,0.08154869655775837,0.08142070701737701,0.07091848274917716,0.09235800479699431
Amaurornis phoenicurus,2,2005-2009,0.08155156345601978,0.08142412370527324,0.07091904366979947,0.09235741812896003
Amaurornis phoenicurus,3,2010-2014,0.08383245996355128,0.0828349024254936,0.07217914706086012,0.09521525627172307
Amaurornis phoenicurus,4,2015-2019,0.12592146015939618,0.1257926702007423,0.11165937236392755,0.13953591750592362
Amaurornis phoenicurus,5,2020-2024,0.20146310404894055,0.2006235398661269,0.1843543939214453,0.2191364018775243
Anthus richardi,1,2000-2004,0.05353862970893589,0.053432488773952715,0.04845666660873759,0.06026072218472324
Anthus richardi,2,2005-2009,0.053536843155502056,0.05343303819698589,0.048453246867438425,0.06025492255604874
Anthus richardi,3,2010-2014,0.05212573435767808,0.051818278288052896,0.04572386504646925,0.05771069814165716
Anthus richardi,4,2015-2019,0.08414686393993383,0.08393981636287474,0.07742110676155592,0.09345097878352991
Anthus richardi,5,2020-2024,0.13800271933884123,0.13782969017492097,0.12947409105263924,0.1504321571480093
Periparus ater,1,2000-2004,0.11477198487818126,0.11431885825117277,0.09919385860540073,0.13101850826541836
Periparus ater,2,2005-2009,0.11477395774178405,0.11432049699475302,0.09919308225805293,0.13102052286385601
Periparus ater,3,2010-2014,0.12040214354728293,0.12006111702481123,0.10689556994874912,0.13785029122991163
Periparus ater,4,2015-2019,0.16150853464730328,0.16068764785520778,0.14443429617741302,0.18169664981387726
Periparus ater,5,2020-2024,0.2341026508401257,0.23487760225277188,0.21673041361678197,0.25761305943061397
Mareca penelope,1,2000-2004,0.050527265989734615,0.05046671480999486,0.04279324913297044,0.05827136991774561
Mareca penelope,2,2005-2009,0.050526887763026045,0.05046600455278669,0.04279213292449731,0.05827222917742048
Mareca penelope,3,2010-2014,0.056490753766220564,0.05644581484443468,0.04809626233837634,0.0663788633524714
Mareca penelope,4,2015-2019,0.08287897472997487,0.08272324715925175,0.07101623893734078,0.09433917043578394
Mareca penelope,5,2020-2024,0.14413962983409906,0.14491660286805091,0.12742701887042407,0.15943047162378365
Turdus eunomus,1,2000-2004,0.04205323596313987,0.04204493863404241,0.03755936184699137,0.04756711116579485
Turdus eunomus,2,2005-2009,0.04205336937509245,0.042045477532205916,0.03756058910080321,0.04757143139161271
Turdus eunomus,3,2010-2014,0.03818011109853289,0.03807441584151462,0.033624806668512905,0.04424237124431618
Turdus eunomus,4,2015-2019,0.07101330779801981,0.07136126679992524,0.06463358714214178,0.07930453083329977
Turdus eunomus,5,2020-2024,0.12522593738903748,0.12583771699000235,0.11489940042825281,0.13828039384475768
Circus cyaneus,1,2000-2004,0.04882345767785807,0.04917803892792297,0.04239600453267931,0.05422662193324363
Circus cyaneus,2,2005-2009,0.04882301018156085,0.04917822531018598,0.042394993469201864,0.054225169303982156
Circus cyaneus,3,2010-2014,0.05315784392406497,0.05328531392114304,0.047067633840455946,0.059352155391984567
Circus cyaneus,4,2015-2019,0.07773201464309454,0.07802823194850375,0.06954232226146832,0.0849789818426556
Circus cyaneus,5,2020-2024,0.13091349839111147,0.13066576930617452,0.12046836526052841,0.1430901899451973
Cuculus micropterus,1,2000-2004,0.039213504461855585,0.03937572062735553,0.033467932250394114,0.046063393068799474
Cuculus micropterus,2,2005-2009,0.03921600072365107,0.03937954476301155,0.03347158374071927,0.04606513736442295
Cuculus micropterus,3,2010-2014,0.036233589679338894,0.0363114917514725,0.031056633150922813,0.042018260672511354
Cuculus micropterus,4,2015-2019,0.06555823803147155,0.06558922975326346,0.057555606582577704,0.07545677858749264
Cuculus micropterus,5,2020-2024,0.1148054212630284,0.11457616684384606,0.1042235858459908,0.1286946566195382
Aythya fuligula,1,2000-2004,0.0494609787154835,0.048741827992096566,0.04287171518576767,0.05802208382352126
Aythya fuligula,2,2005-2009,0.04946407333421718,0.04874639259853554,0.04287551105218926,0.05802605844771601
Aythya fuligula,3,2010-2014,0.053970198967879766,0.05403737397528288,0.04724026799230926,0.06358476969071576
Aythya fuligula,4,2015-2019,0.08146242042563817,0.08078058859419471,0.07293031251702257,0.0935837130921644
Aythya fuligula,5,2020-2024,0.14197309129006155,0.14089294444292533,0.13022377606035007,0.16102469678140996
Apus apus,1,2000-2004,0.14068939287994453,0.1415699340254449,0.12794003730999817,0.15466833884180417
Apus apus,2,2005-2009,0.14068325361826395,0.14156789729846928,0.12793139576938695,0.15466750065939106
Apus apus,3,2010-2014,0.15605832317285756,0.15634984969105223,0.14093450504982155,0.16652670925138446
Apus apus,4,2015-2019,0.19513991911520448,0.19602869739481263,0.18043127028875544,0.20907866148900658
Apus apus,5,2020-2024,0.27857754905314663,0.2799294827749196,0.26142902753517006,0.29094838159986713
Acrocephalus orientalis,1,2000-2004,0.06519782483429967,0.0647627602960522,0.056271107729925565,0.07891384481985596
Acrocephalus orientalis,2,2005-2009,0.06519813548055538,0.06476330042015557,0.05627108576049206,0.07891610540106522
Acrocephalus orientalis,3,2010-2014,0.057830006817939206,0.057204320183033106,0.05067862260459945,0.07143898852213303
Acrocephalus orientalis,4,2015-2019,0.10120631416527026,0.10015010640956981,0.08930824574024476,0.11862097011721298
Acrocephalus orientalis,5,2020-2024,0.16159467794507493,0.15982253222839524,0.14515792076265477,0.18360702672092827
Ficedula albicilla,1,2000-2004,0.02863853316376108,0.028591973215523075,0.02424215710930295,0.03331040852286601
Ficedula albicilla,2,2005-2009,0.028639110686443845,0.028591836807357513,0.024242393473599487,0.03331037118244946
Ficedula albicilla,3,2010-2014,0.025048917256893972,0.02507749923647317,0.020617099761399995,0.028540829148059773
Ficedula albicilla,4,2015-2019,0.04991611231715615,0.049969203123452224,0.043232720934054086,0.05628072182297767
Ficedula albicilla,5,2020-2024,0.09143119270643102,0.09147551809609589,0.08149804191461402,0.10049928232042785
Anas acuta,1,2000-2004,0.059803293671413696,0.0594221946732041,0.05164622162593043,0.06895112072190897
Anas acuta,2,2005-2009,0.059806436499834345,0.05942546990259703,0.05165299696739083,0.06895334171239612
Anas acuta,3,2010-2014,0.06327616859850069,0.06318168033316296,0.05518789800962831,0.07504741628907272
Anas acuta,4,2015-2019,0.0933544177106836,0.09296239907347921,0.0816455664416954,0.10610385436121368
Anas acuta,5,2020-2024,0.15283545367461282,0.15268615090067478,0.13742367712456882,0.17101812009009074
Emberiza cioides,1,2000-2004,0.10752174331418726,0.1066764562356069,0.09663848453940817,0.11985730459102702
Emberiza cioides,2,2005-2009,0.10752748390222844,0.10668466540368271,0.09663735055428713,0.11986158718068257
Emberiza cioides,3,2010-2014,0.10090164178179502,0.1000170624266445,0.08964275567998037,0.11358067567785327
Emberiza cioides,4,2015-2019,0.14731128512625377,0.1475067273209547,0.13501796415901823,0.1630318772284492
Emberiza cioides,5,2020-2024,0.20607693844978858,0.206047792143526,0.192066091335146,0.22614195391659844
Pernis ptilorhynchus,1,2000-2004,0.03460994388439129,0.03424588154726169,0.030197099372966066,0.03952530512598453
Pernis ptilorhynchus,2,2005-2009,0.03461111387297434,0.03424709420086351,0.030197853795478555,0.03952562081415992
Pernis ptilorhynchus,3,2010-2014,0.03482191705842109,0.034262647639165394,0.03025511831205042,0.04094541875365636
Pernis ptilorhynchus,4,2015-2019,0.05785313795190973,0.057402209372783744,0.051662270299459176,0.06618563981047768
Pernis ptilorhynchus,5,2020-2024,0.10245737748686615,0.10105486390243143,0.09310136688259815,0.11480002094717436
Ixobrychus sinensis,1,2000-2004,0.045091730860766725,0.044662523929826815,0.03918858477195314,0.052629080616521114
Ixobrychus sinensis,2,2005-2009,0.04509214434061783,0.04466436986026693,0.03918691341291537,0.05262775703945236
Ixobrychus sinensis,3,2010-2014,0.04079585938647164,0.040627495725880425,0.0357329130676355,0.04742002534270588
Ixobrychus sinensis,4,2015-2019,0.07678459779650795,0.07644964159004007,0.06878196958515846,0.08750018498135115
Ixobrychus sinensis,5,2020-2024,0.13627474326892955,0.13607323988607628,0.12505788335700121,0.14979611937766124
Alauda gulgula,1,2000-2004,0.09793843854018627,0.09747106974466568,0.08435850551240195,0.11326738154690646
Alauda gulgula,2,2005-2009,0.09794083200356087,0.09747329347814965,0.0843635049939985,0.11326988184513641
Alauda gulgula,3,2010-2014,0.11451464510339819,0.11490148044705056,0.0986579941570618,0.13214040015655215
Alauda gulgula,4,2015-2019,0.1413272791157322,0.14115920309715263,0.12541788968875067,0.15897853641696238
Alauda gulgula,5,2020-2024,0.2131381558946845,0.21195007790937642,0.19615150685131116,0.23369413539910694
Aegithalos glaucogularis,1,2000-2004,0.11741683387587347,0.1159758029576785,0.10206135878310213,0.13514303703650996
Aegithalos glaucogularis,2,2005-2009,0.11741778299254714,0.11597298418311733,0.10206670811737897,0.13516125402983456
Aegithalos glaucogularis,3,2010-2014,0.11461815658289218,0.11535707512230192,0.10153891261245376,0.13062169425911446
Aegithalos glaucogularis,4,2015-2019,0.17364729050625136,0.17375737569170974,0.15455523805618804,0.19445047175247046
Aegithalos glaucogularis,5,2020-2024,0.2618116976005979,0.2644922360829191,0.23920051279592808,0.28647437633876627
Abroscopus albogularis,1,2000-2004,0.10996384431643971,0.10962562491982789,0.09254173608350487,0.12774487505091162
Abroscopus albogularis,2,2005-2009,0.1099673371712283,0.10962885418094945,0.09254819595618494,0.12775538857101512
Abroscopus albogularis,3,2010-2014,0.1146978579622631,0.11477106379292776,0.09333426135396825,0.13197727602606218
Abroscopus albogularis,4,2015-2019,0.16838440840861374,0.16726917071140648,0.1468308760333605,0.18748608112090903
Abroscopus albogularis,5,2020-2024,0.2643665781876599,0.2630618398654788,0.23870649936572763,0.2897612218249092
Monticola solitarius,1,2000-2004,0.0739492544372195,0.07383601661861841,0.06409493047829014,0.0851205327229756
Monticola solitarius,2,2005-2009,0.07394930084267029,0.07383688932166868,0.0640936034288191,0.08512143439254553
Monticola solitarius,3,2010-2014,0.07175270543596128,0.07103730371700737,0.06259048780538043,0.0825186974389799
Monticola solitarius,4,2015-2019,0.1089074769692678,0.10858035802472313,0.09731580895278294,0.12259246543619484
Monticola solitarius,5,2020-2024,0.16584353361847212,0.1639278942923464,0.15172856187253717,0.18363620198661207
Recurvirostra avosetta,1,2000-2004,0.12247605361251877,0.12296589477896079,0.10706784206232767,0.13577263000615247
Recurvirostra avosetta,2,2005-2009,0.12247776525610163,0.12296972637933962,0.10706673088455039,0.13577164499049588
Recurvirostra avosetta,3,2010-2014,0.13309246277916426,0.13513032090015453,0.11687846585053678,0.14580078487183418
Recurvirostra avosetta,4,2015-2019,0.17404137068857325,0.17525283748954032,0.15603144575199082,0.1911232309309169
Recurvirostra avosetta,5,2020-2024,0.2549119133884943,0.25562343368365154,0.23464792938147677,0.2751799425567446
Alauda arvensis,1,2000-2004,0.07354665081901514,0.07371941976919497,0.06335106270436029,0.08212366473445677
Alauda arvensis,2,2005-2009,0.07354791176385085,0.07371695932769884,0.06335532009061963,0.0821256984187564
Alauda arvensis,3,2010-2014,0.08680414729641597,0.08728940667750137,0.07400724066548352,0.09757275512545582
Alauda arvensis,4,2015-2019,0.10897364154329123,0.10894732438228716,0.09498452681955484,0.11914726372784619
Alauda arvensis,5,2020-2024,0.1701980705541776,0.1704829482614868,0.15321312069715592,0.1842211354856341
Accipiter trivirgatus,1,2000-2004,0.045121240042737154,0.04517798607489846,0.03771176999416284,0.05117290748738675
Accipiter trivirgatus,2,2005-2009,0.045122650711342055,0.04517897141463319,0.03771162646276413,0.05117588311680474
Accipiter trivirgatus,3,2010-2014,0.0493579614645348,0.04966505766205904,0.04260254851851317,0.05727711001596337
Accipiter trivirgatus,4,2015-2019,0.08032045296381757,0.08047973414356793,0.06948126080085322,0.0877823218097818
Accipiter trivirgatus,5,2020-2024,0.15179594491005505,0.1510385384617273,0.1355661556101316,0.16500145860913623
Lanius tephronotus,1,2000-2004,0.23505104556689185,0.23461271329731992,0.20496084391437155,0.26858096412092747
Lanius tephronotus,2,2005-2009,0.23504467884980484,0.2346082454937349,0.2049529107991818,0.26857920818467446
Lanius tephronotus,3,2010-2014,0.25387961437344586,0.25482186290076325,0.23284045361491273,0.2808785387792802
Lanius tephronotus,4,2015-2019,0.30807923418678684,0.3061631237523278,0.27740345461150506,0.3379041236827893
Lanius tephronotus,5,2020-2024,0.4084084525550845,0.40861189532584397,0.3800625869194561,0.4376706013613138
Anthus spinoletta,1,2000-2004,0.03943804383231493,0.03966203319517717,0.035173881761655826,0.043791479772650195
Anthus spinoletta,2,2005-2009,0.039437231337061486,0.03966133879497869,0.035173143488711436,0.04379094304671238
Anthus spinoletta,3,2010-2014,0.04238313148995629,0.042496256927913034,0.037429019348068374,0.04687010340432746
Anthus spinoletta,4,2015-2019,0.06338231718567029,0.0633540982668434,0.057824038164978143,0.07001356348822621
Anthus spinoletta,5,2020-2024,0.10816491835484995,0.10752818789423238,0.09981365187900956,0.119135310680288
Aythya nyroca,1,2000-2004,0.06691206306288519,0.06714469749647584,0.055444091511623134,0.07532785199461875
Aythya nyroca,2,2005-2009,0.06691514615097204,0.06714616481819402,0.055448453953140645,0.07532792232825634
Aythya nyroca,3,2010-2014,0.07581517463145626,0.07562488693400635,0.06571226847883982,0.08628773423041167
Aythya nyroca,4,2015-2019,0.10322561820187559,0.10376162176859444,0.08968729980785953,0.11403486170082049
Aythya nyroca,5,2020-2024,0.16761947282929546,0.16718030854302302,0.15193977601372918,0.1810957270088736
Phoenicurus ochruros,1,2000-2004,0.2613725254930286,0.26242012930579117,0.23573100127308996,0.2812318229765668
Phoenicurus ochruros,2,2005-2009,0.2613902939377852,0.26243026646844014,0.2357479572103135,0.28123911352386516
Phoenicurus ochruros,3,2010-2014,0.31103409550057715,0.31347815956770964,0.28321327148188213,0.33387983465447096
Phoenicurus ochruros,4,2015-2019,0.31240689344973377,0.3132597453301006,0.2884984531060004,0.333498186427879
Phoenicurus ochruros,5,2020-2024,0.38348046140287234,0.38325407549198565,0.36022236951451575,0.4051199946490983
Dicrurus hottentottus,1,2000-2004,0.045529110593314444,0.04621923541775665,0.03780220193380177,0.05283702376490215
Dicrurus hottentottus,2,2005-2009,0.04553073674648059,0.04622120939503148,0.03780513278573323,0.05283769928273212
Dicrurus hottentottus,3,2010-2014,0.04516595198106713,0.045220355504904566,0.03751471867226643,0.051829701878024416
Dicrurus hottentottus,4,2015-2019,0.07440109870906564,0.07520960607375396,0.06411517805993225,0.0850687499018717
Dicrurus hottentottus,5,2020-2024,0.12773416717998598,0.12893035146295792,0.1134195811300622,0.14272664721612646
Tringa erythropus,1,2000-2004,0.0873855352552774,0.08659216217407244,0.0770557401291566,0.09966761939813887
Tringa erythropus,2,2005-2009,0.08738458086536992,0.08658857535100063,0.07705281508813198,0.09966408363032882
Tringa erythropus,3,2010-2014,0.0924383620949163,0.09331216070405099,0.08059886690381851,0.1038530362105574
Tringa erythropus,4,2015-2019,0.12961266988203918,0.12921414792705646,0.11677274233486201,0.14415488657807932
Tringa erythropus,5,2020-2024,0.1995421856614092,0.20022422376113685,0.18420276225467,0.21775134527470463
Leiothrix lutea,1,2000-2004,0.12607381334634266,0.1266446311134935,0.10612069452984363,0.14694626895401092
Leiothrix lutea,2,2005-2009,0.1260898405158854,0.1266577329113676,0.10612848444245886,0.14695881078555711
Leiothrix lutea,3,2010-2014,0.1305977537570794,0.13080508206955346,0.1122052623768827,0.14865544617341048
Leiothrix lutea,4,2015-2019,0.1809136263523741,0.18097242878186443,0.15685827737511532,0.20526231533969574
Leiothrix lutea,5,2020-2024,0.2658574826590394,0.26460767774531635,0.23956487501095916,0.2931840504939832
Elanus caeruleus,1,2000-2004,0.11151192613654644,0.10960692636011901,0.09409232571287018,0.1334102262201485
Elanus caeruleus,2,2005-2009,0.11150700285397529,0.10960219545246697,0.09408223540539067,0.13338846881497282
Elanus caeruleus,3,2010-2014,0.12374733960672131,0.12341649106303515,0.10654899735736642,0.1437172294608262
Elanus caeruleus,4,2015-2019,0.16776325326482996,0.16524758728650848,0.14656617826291043,0.1958256567135365
Elanus caeruleus,5,2020-2024,0.2606536944533636,0.25971374569753686,0.2384142266689298,0.2909479504562569
Mareca falcata,1,2000-2004,0.04874561176006139,0.04868982590029168,0.04230532018453976,0.05630224623587946
Mareca falcata,2,2005-2009,0.04874585255142841,0.048689637050019136,0.04230763238759344,0.0563011027781956
Mareca falcata,3,2010-2014,0.05160867384850574,0.05102905314361915,0.044794506530542975,0.059939860334898364
Mareca falcata,4,2015-2019,0.08127396242645951,0.0814189448885018,0.07255145880461734,0.09211320807304921
Mareca falcata,5,2020-2024,0.14307371800202348,0.14339648230339253,0.129379051328549,0.15715275048703492
Emberiza godlewskii,1,2000-2004,0.18844554166381766,0.1890920535653681,0.16134446145343062,0.21498744100653944
Emberiza godlewskii,2,2005-2009,0.18845010144304744,0.18909711703636062,0.16134414122153948,0.21499712617988342
Emberiza godlewskii,3,2010-2014,0.19513436101969422,0.19601470264556087,0.17105127719917165,0.2200950562338189
Emberiza godlewskii,4,2015-2019,0.26072652915146177,0.26097607371653486,0.2308327118985123,0.2856381168800796
Emberiza godlewskii,5,2020-2024,0.36445338242153913,0.36496666626632523,0.33538353475218174,0.38780903237414965
Gyps himalayensis,1,2000-2004,0.347743862963906,0.34832071682307375,0.3135172706073866,0.3813692627718422
Gyps himalayensis,2,2005-2009,0.3477305875045662,0.3483071121933807,0.31349323039099686,0.38137991629530366
Gyps himalayensis,3,2010-2014,0.36571700335529245,0.3675506077279551,0.3346805560298058,0.3961161026707494
Gyps himalayensis,4,2015-2019,0.42801816612521787,0.42945199360899233,0.3946324175086706,0.4560491936882033
Gyps himalayensis,5,2020-2024,0.5272662449435646,0.5291789183491867,0.4927372177106715,0.557318117728916
Tadorna tadorna,1,2000-2004,0.1083430497081031,0.10779336280532742,0.09503973138998595,0.12375362116039375
Tadorna tadorna,2,2005-2009,0.10834792946952873,0.10779956560417896,0.09504621093626009,0.12376655826581058
Tadorna tadorna,3,2010-2014,0.11301995542710888,0.11237277392712353,0.1018871086032846,0.1281006737222214
Tadorna tadorna,4,2015-2019,0.15406420801550946,0.15391838215697934,0.13871820393494932,0.1724107063859341
Tadorna tadorna,5,2020-2024,0.2258233156892876,0.22514816473310034,0.2097544323202183,0.24652415470794206
Turdus naumanni,1,2000-2004,0.04342772095969517,0.043919067095747485,0.03787202463366232,0.048263661667167675
Turdus naumanni,2,2005-2009,0.043424072975141274,0.04391542576800725,0.03786792551425577,0.04826265555446736
Turdus naumanni,3,2010-2014,0.039748040196035374,0.03988373093876994,0.03432741559762637,0.04488294941061651
Turdus naumanni,4,2015-2019,0.07221151395910654,0.07277237278086623,0.0641764431911194,0.07908046875144997
Turdus naumanni,5,2020-2024,0.12537995174964392,0.12685043497081966,0.11468308970912051,0.1344553871606504
Parus monticolus,1,2000-2004,0.29759181985712563,0.2973926150823576,0.25742895335602384,0.3337794571167372
Parus monticolus,2,2005-2009,0.2975907331690281,0.29738787382981025,0.25743702610488284,0.3337662334535546
Parus monticolus,3,2010-2014,0.3031657841005971,0.30398578558217004,0.266145499704309,0.3366088605091699
Parus monticolus,4,2015-2019,0.38569697409585835,0.38682751407643146,0.3504266533039441,0.4127311441326775
Parus monticolus,5,2020-2024,0.49768633308823484,0.4973842949144874,0.4665467091685523,0.5197080494972233
Dicrurus leucophaeus,1,2000-2004,0.0679599912512087,0.06795108969686457,0.059094180568754234,0.07820141586879047
Dicrurus leucophaeus,2,2005-2009,0.06796072782080198,0.06795583124980847,0.05909771668164391,0.07820806111978988
Dicrurus leucophaeus,3,2010-2014,0.06822734877486634,0.06815901853792551,0.05844755236140982,0.07763092673619308
Dicrurus leucophaeus,4,2015-2019,0.1049285976668926,0.10558445656051782,0.09311466007665056,0.11842411381339678
Dicrurus leucophaeus,5,2020-2024,0.16847127476501683,0.16881544856097802,0.15352770763594548,0.18335266911510034
Platalea leucorodia,1,2000-2004,0.1202401108056256,0.12006608883786161,0.1049742404091641,0.14105616950763777
Platalea leucorodia,2,2005-2009,0.12024690665020657,0.1200737540465107,0.10498187672208881,0.14105292158694654
Platalea leucorodia,3,2010-2014,0.12588663479514745,0.1248709846048535,0.11135372668567554,0.14525751687913993
Platalea leucorodia,4,2015-2019,0.16976797181386588,0.16922103620306544,0.1506861119433981,0.19244119471279453
Platalea leucorodia,5,2020-2024,0.24643757648389789,0.24490537198533252,0.2265470212478453,0.27120706507763054
Riparia riparia,1,2000-2004,0.05048303524231948,0.050560831280789295,0.044632639581910875,0.05864722937358243
Riparia riparia,2,2005-2009,0.05048038208960455,0.050559780525661076,0.04463158348419071,0.05864621988699556
Riparia riparia,3,2010-2014,0.0587407418569017,0.05822258984344421,0.05055055652613567,0.06837633589011706
Riparia riparia,4,2015-2019,0.07511322327672389,0.07511476441919088,0.0674291252993286,0.086028916799944
Riparia riparia,5,2020-2024,0.11864186328292763,0.11832252213540888,0.1084346452319168,0.1324186787674718
Enicurus leschenaulti,1,2000-2004,0.11719084726293362,0.11719758383349371,0.10134051399309865,0.13379770022136178
Enicurus leschenaulti,2,2005-2009,0.11719108752986522,0.11719822494743554,0.10133857955661887,0.133797467561676
Enicurus leschenaulti,3,2010-2014,0.12309303340236118,0.12299084863795831,0.10572125002526118,0.14238735444701328
Enicurus leschenaulti,4,2015-2019,0.16986457804363478,0.1694128037806673,0.15146931432436442,0.18798247049161204
Enicurus leschenaulti,5,2020-2024,0.25308045294555614,0.25390977465926035,0.22990906268359212,0.2750146073299353
Anser anser,1,2000-2004,0.09095441941421603,0.0905646886363657,0.07782867558605604,0.10729985543360211
Anser anser,2,2005-2009,0.09095284591382141,0.09056054823031151,0.07782321059613148,0.10729877577548716
Anser anser,3,2010-2014,0.1141287430198492,0.11391607494457964,0.09769702139485299,0.13335037390046367
Anser anser,4,2015-2019,0.12763123141491137,0.127450046203829,0.1114083618593449,0.14705911277690972
Anser anser,5,2020-2024,0.18894903487447953,0.18968588633155892,0.17088620124046477,0.210933240397911
Bambusicola thoracicus,1,2000-2004,0.14945357028276282,0.1470922482088235,0.1289128422492365,0.17190241195929162
Bambusicola thoracicus,2,2005-2009,0.1494732856595478,0.14711564047102277,0.12893113418183755,0.1719238088065082
Bambusicola thoracicus,3,2010-2014,0.1506254472355762,0.1503979447752512,0.1325962019991379,0.17067301599085297
Bambusicola thoracicus,4,2015-2019,0.219948426367031,0.21813884889423277,0.19758122107384365,0.24636517217892417
Bambusicola thoracicus,5,2020-2024,0.3272297624701322,0.327284503461732,0.29911569214466677,0.35329365352278447
Hemixos castanonotus,1,2000-2004,0.1706315678244141,0.17051980813279988,0.14801448861587516,0.19369207234246485
Hemixos castanonotus,2,2005-2009,0.17064990290064458,0.17052963166309995,0.14803761663126544,0.19371069393442414
Hemixos castanonotus,3,2010-2014,0.173742952321478,0.17273249531828455,0.1494438499922846,0.1923292376944174
Hemixos castanonotus,4,2015-2019,0.23791146851354886,0.23791928823062258,0.21435427312472866,0.2618180463519239
Hemixos castanonotus,5,2020-2024,0.3358388678890486,0.33540025736203644,0.3127153899746943,0.35575332019163786
Muscicapa sibirica,1,2000-2004,0.027454229649202896,0.027311759265160822,0.024031031779235226,0.032398000059227314
Muscicapa sibirica,2,2005-2009,0.027454348398824508,0.027312015886490817,0.02403163536108661,0.03239820967756184
Muscicapa sibirica,3,2010-2014,0.026245056556114567,0.02591308747130707,0.022578808134736013,0.030297670677998836
Muscicapa sibirica,4,2015-2019,0.04634188406869681,0.045909738042545806,0.04129297448106248,0.05258397759017821
Muscicapa sibirica,5,2020-2024,0.08286210592374241,0.08227861672743142,0.07418755437335985,0.09028342266787007
Picumnus innominatus,1,2000-2004,0.06494775737047226,0.06480327587994078,0.05425026810047291,0.07554732554248014
Picumnus innominatus,2,2005-2009,0.06494740826051039,0.06480450138887345,0.05425020530773922,0.07554663091254282
Picumnus innominatus,3,2010-2014,0.06354332878519592,0.06364459833766502,0.051647265156399794,0.07460591969619351
Picumnus innominatus,4,2015-2019,0.10651135373823892,0.10709288758413998,0.09333118066340847,0.12020248885711024
Picumnus innominatus,5,2020-2024,0.181298177928162,0.18203675126281169,0.16424604293240083,0.19878742084939754
Aix galericulata,1,2000-2004,0.0443161030047481,0.04434991487482004,0.03825278249421307,0.051978517699414
Aix galericulata,2,2005-2009,0.044315214474076714,0.04434909406068269,0.038253259847231366,0.05197199714510994
Aix galericulata,3,2010-2014,0.04424069648292604,0.04424689625538322,0.03848399320976408,0.04988014533891006
Aix galericulata,4,2015-2019,0.0702462333559129,0.07025028437771179,0.06269721043492658,0.07951148736760719
Aix galericulata,5,2020-2024,0.11701761042539208,0.11682137278170664,0.10764846316163827,0.1286407238953098
Butorides striata,1,2000-2004,0.03905510630351816,0.03877444202713748,0.032839803649740935,0.045501276115151326
Butorides striata,2,2005-2009,0.03905498096678615,0.03877681717168252,0.032837241115081815,0.04550256203919488
Butorides striata,3,2010-2014,0.03700008788700127,0.036626936714316355,0.031819031104764486,0.042858204159457486
Butorides striata,4,2015-2019,0.06424135290206355,0.06356157625123837,0.05603806181378736,0.07277289272892051
Butorides striata,5,2020-2024,0.11092813659172107,0.10989327664399676,0.1010369204600907,0.12276181489776072
Eremophila alpestris,1,2000-2004,0.28529570880098143,0.2838447987740562,0.26049245970991525,0.31857678389116406
Eremophila alpestris,2,2005-2009,0.2853032514781319,0.28385225848268947,0.2605037302212653,0.3185815243901732
Eremophila alpestris,3,2010-2014,0.3281916589372577,0.327814033457076,0.3039246273222465,0.36288793736155633
Eremophila alpestris,4,2015-2019,0.3369327901347105,0.3361725955095455,0.30972899892384975,0.3713636638618934
Eremophila alpestris,5,2020-2024,0.4068020202472084,0.4069506947081002,0.37647168518947366,0.44030336988735147
Saxicola maurus,1,2000-2004,0.09300582626604087,0.09312076164448227,0.08077348556764835,0.1050436150248722
Saxicola maurus,2,2005-2009,0.09299944905792545,0.09311306424622048,0.08076671145822661,0.10503628288773335
Saxicola maurus,3,2010-2014,0.10325801970393166,0.10380564431141241,0.08852522031131611,0.11801701464342429
Saxicola maurus,4,2015-2019,0.12756527726004332,0.12779092518898832,0.11367341572884909,0.1423949492161081
Saxicola maurus,5,2020-2024,0.18223475430117636,0.1831893520636939,0.16460999442516525,0.1993785647436621
Pycnonotus jocosus,1,2000-2004,0.38722783404890376,0.3892790321422447,0.34560609493891803,0.4240325560542345
Pycnonotus jocosus,2,2005-2009,0.38725862613307044,0.38929177538891824,0.34562363361226095,0.42405653597285325
Pycnonotus jocosus,3,2010-2014,0.3846631224153144,0.38437621783069253,0.34634838954614244,0.42006079001912516
Pycnonotus jocosus,4,2015-2019,0.440681106842345,0.4432475177868925,0.40628669231992387,0.47149953773429754
Pycnonotus jocosus,5,2020-2024,0.503516459686657,0.5042678805928145,0.4761892242922202,0.5288625326514496
Cisticola juncidis,1,2000-2004,0.03764075267801653,0.03747498275391084,0.0315007958948675,0.04490886626563406
Cisticola juncidis,2,2005-2009,0.037641601551212676,0.03747718925607682,0.0315018720617663,0.04490688949062301
Cisticola juncidis,3,2010-2014,0.03908265637782015,0.03893599900775371,0.03260048156031588,0.047844176045566345
Cisticola juncidis,4,2015-2019,0.0640538172916696,0.063848247904437,0.05534426292537807,0.0747998693734636
Cisticola juncidis,5,2020-2024,0.11572292931578872,0.11559305895966815,0.10372648662233865,0.1310040535488594
Circus spilonotus,1,2000-2004,0.07033835737561668,0.0702839104494212,0.05975000887089434,0.08230148652629644
Circus spilonotus,2,2005-2009,0.07033559023756862,0.07028441985647471,0.059748071702014724,0.08229915407793158
Circus spilonotus,3,2010-2014,0.07398745932890025,0.07371823294782584,0.0619373128775566,0.08920305539268779
Circus spilonotus,4,2015-2019,0.10425988825367388,0.10463906480443207,0.09038163070924742,0.11855568341672396
Circus spilonotus,5,2020-2024,0.1612777821831092,0.1617934775919273,0.14371653641607648,0.18054622055190106
Culicicapa ceylonensis,1,2000-2004,0.12889207488163282,0.12819009815835428,0.11315409191575858,0.1499623567821369
Culicicapa ceylonensis,2,2005-2009,0.1288961128162723,0.12819259725684715,0.1131558136479187,0.14996877022143312
Culicicapa ceylonensis,3,2010-2014,0.12878165899586025,0.1288676355160286,0.11220380516796087,0.1510756859620333
Culicicapa ceylonensis,4,2015-2019,0.17520005883444284,0.175092403690616,0.1571324239090534,0.19765954720124476
Culicicapa ceylonensis,5,2020-2024,0.24359895211026883,0.24310698299952754,0.22396849752928422,0.2699723000832624
Turdus hortulorum,1,2000-2004,0.04122035630239321,0.04071800748650421,0.03248510354265094,0.05020010773204356
Turdus hortulorum,2,2005-2009,0.04122445444860381,0.040721773100116126,0.03248732008594641,0.05020714058393187
Turdus hortulorum,3,2010-2014,0.039044282264686106,0.03848674167805152,0.031087233135744553,0.04729576150475626
Turdus hortulorum,4,2015-2019,0.06821008605392756,0.06741891427561392,0.056131445387200295,0.07971459843447998
Turdus hortulorum,5,2020-2024,0.1183612597485955,0.11767191948698336,0.10203670810973733,0.1332165993327884
Phoenicurus frontalis,1,2000-2004,0.1514000223707315,0.15024303376448817,0.12652120466429603,0.1735331617933297
Phoenicurus frontalis,2,2005-2009,0.15139686038393876,0.15024258549164093,0.12652246399960546,0.17353039947461998
Phoenicurus frontalis,3,2010-2014,0.17341403336365982,0.17403588144103183,0.1530573475826809,0.19990030773077266
Phoenicurus frontalis,4,2015-2019,0.21586158610399114,0.2153771893401349,0.19202156846157187,0.24348467308362787
Phoenicurus frontalis,5,2020-2024,0.3159909077808705,0.31402200733074215,0.2984897708031441,0.3460683882905947
Gracupica nigricollis,1,2000-2004,0.12793856010010685,0.12834160534516603,0.10761042259688625,0.14768513361581034
Gracupica nigricollis,2,2005-2009,0.1279501514070107,0.12835320292764002,0.10762536880699888,0.1476916332606853
Gracupica nigricollis,3,2010-2014,0.15405959992165663,0.15428517996609298,0.12822092004129196,0.1750080174852104
Gracupica nigricollis,4,2015-2019,0.1866130000359792,0.18757640888816807,0.1638134222295981,0.20899562436965327
Gracupica nigricollis,5,2020-2024,0.28211369834011496,0.284264177679233,0.2560170771788336,0.3082430372747852
Lanius sphenocercus,1,2000-2004,0.08654818095643682,0.08645800645757373,0.07417451900200063,0.09645183067346783
Lanius sphenocercus,2,2005-2009,0.08654422350152895,0.0864579071312305,0.07417077834506373,0.09644530926344444
Lanius sphenocercus,3,2010-2014,0.08226643170833592,0.08298268713741071,0.07022536037434876,0.0928282804872037
Lanius sphenocercus,4,2015-2019,0.12190458664533642,0.12199252649155803,0.10749105309176979,0.13384843486721199
Lanius sphenocercus,5,2020-2024,0.1764537637294048,0.17685128573868603,0.1615168035374993,0.18999445158117953
Corvus corax,1,2000-2004,0.22469525544298805,0.22445043456241223,0.19853134313404197,0.2544885466413156
Corvus corax,2,2005-2009,0.2246879562322102,0.2244336314570938,0.19853433462218462,0.254474869773392
Corvus corax,3,2010-2014,0.265655716446641,0.26335545806350813,0.24053681431636526,0.28947336965074677
Corvus corax,4,2015-2019,0.2879969626573188,0.28828293288344775,0.2613658021362261,0.32054345307867277
Corvus corax,5,2020-2024,0.3782783737988341,0.37863819158560086,0.34963292492444203,0.4067953094512606
Dendrocitta formosae,1,2000-2004,0.12302309733435549,0.12155585560591196,0.10342128373359344,0.14277186331899078
Dendrocitta formosae,2,2005-2009,0.123034828521626,0.12157703392673119,0.10343422587955634,0.14278456506901274
Dendrocitta formosae,3,2010-2014,0.12744132407990544,0.12666595182572105,0.10862038371719944,0.146315301634032
Dendrocitta formosae,4,2015-2019,0.174020389100769,0.17321286382895093,0.15093280084276692,0.19399495268836084
Dendrocitta formosae,5,2020-2024,0.2525825999875084,0.2517161093323224,0.22708201865767377,0.27753463109587334
Anthus rubescens,1,2000-2004,0.026662077320248657,0.026523613199018227,0.02221763148580365,0.03218814655301867
Anthus rubescens,2,2005-2009,0.02666135648037456,0.026522961906022588,0.022217786198086127,0.03218771683965609
Anthus rubescens,3,2010-2014,0.02816411105148457,0.02816885314589514,0.023307739649752014,0.03292328023896108
Anthus rubescens,4,2015-2019,0.04650094975530858,0.04652361845838781,0.03954314122686496,0.053985289811213436
Anthus rubescens,5,2020-2024,0.08704178154048307,0.0873471575710783,0.07583580686809215,0.0982791482230857
Cinclus pallasii,1,2000-2004,0.1366127767187271,0.13784277820121432,0.11211761717956555,0.1566669515849345
Cinclus pallasii,2,2005-2009,0.13661712052795522,0.13784500178990672,0.11212065191446313,0.15668387275584653
Cinclus pallasii,3,2010-2014,0.15258766451914263,0.15333648377403403,0.12500819621255108,0.17561239508583823
Cinclus pallasii,4,2015-2019,0.18916571828197443,0.19078376572912886,0.16074137918990505,0.21054079401799738
Cinclus pallasii,5,2020-2024,0.2700569491948574,0.2707883631733701,0.23940185741840148,0.2930395619187992
Pycnonotus aurigaster,1,2000-2004,0.3344170528018363,0.3339159170759516,0.2951860143733561,0.37871210725613125
Pycnonotus aurigaster,2,2005-2009,0.33447736183490456,0.3339750177283687,0.2952518671109893,0.37889411863171313
Pycnonotus aurigaster,3,2010-2014,0.34214856432508906,0.34124030018361523,0.30486081848697993,0.3812258182989025
Pycnonotus aurigaster,4,2015-2019,0.3999142288507008,0.3993309433845418,0.3640197935636781,0.4419034079749273
Pycnonotus aurigaster,5,2020-2024,0.4806201092948036,0.47902289477624516,0.4490302565661906,0.5164480518969099
Limosa limosa,1,2000-2004,0.09440778928726297,0.09352655408377013,0.08117343524020917,0.11175903163891046
Limosa limosa,2,2005-2009,0.09440544307391736,0.09352182411932901,0.08117288862534139,0.11175986839270814
Limosa limosa,3,2010-2014,0.09805683296504833,0.09833869917958721,0.08417312714958115,0.11548685377554706
Limosa limosa,4,2015-2019,0.13484220306872902,0.1349945003339492,0.11794088569315135,0.1548157269148561
Limosa limosa,5,2020-2024,0.19924924852269238,0.1988356758939154,0.17915624957843093,0.22036886649684684
Troglodytes troglodytes,1,2000-2004,0.05713767310239716,0.05583804263258798,0.04793596400543198,0.07134290346601166
Troglodytes troglodytes,2,2005-2009,0.057137418227385176,0.05583939953591843,0.047936831076515515,0.0713410191046535
Troglodytes troglodytes,3,2010-2014,0.06733817547793566,0.0657430708277394,0.055824683057369526,0.08492864106682267
Troglodytes troglodytes,4,2015-2019,0.09013573676704903,0.08825424662751585,0.07736522713663985,0.10959147626794778
Troglodytes troglodytes,5,2020-2024,0.1509764404827498,0.14884139308685596,0.13200066865527774,0.17794434902520098
Trochalopteron elliotii,1,2000-2004,0.27341586637788945,0.27153353394682767,0.23545929308522104,0.3077628777579333
Trochalopteron elliotii,2,2005-2009,0.27341057713146344,0.27153451075437485,0.23547010816546443,0.3077686602140934
Trochalopteron elliotii,3,2010-2014,0.2963675030515034,0.29629698850932185,0.26511839189010294,0.33363092564563557
Trochalopteron elliotii,4,2015-2019,0.3603823372449903,0.35957410346704355,0.32696987801870453,0.3927044961008736
Trochalopteron elliotii,5,2020-2024,0.47599802983570044,0.4759860435392014,0.44814596146522384,0.5053428479756813
Chlidonias leucopterus,1,2000-2004,0.07125311737688568,0.0697281991257302,0.05968986044738437,0.08480119105071185
Chlidonias leucopterus,2,2005-2009,0.07124626291964158,0.0697170386950324,0.05968261830853127,0.0847952263358686
Chlidonias leucopterus,3,2010-2014,0.07340361204477638,0.07276065986282479,0.061981102316113056,0.08750363123235
Chlidonias leucopterus,4,2015-2019,0.1023488309539407,0.10128346689267906,0.08923034757982731,0.11940573409052276
Chlidonias leucopterus,5,2020-2024,0.153000924502742,0.15235402605678222,0.135888583737721,0.1725781446193887
Ceryle rudis,1,2000-2004,0.1103537559651973,0.10977207016117109,0.09577577137690971,0.12821274105023606
Ceryle rudis,2,2005-2009,0.11034724668197608,0.10976065257001336,0.09577252224784394,0.128207134774961
Ceryle rudis,3,2010-2014,0.1135267437440032,0.11318187899206553,0.09667426675993528,0.1322197686535454
Ceryle rudis,4,2015-2019,0.1599056637864604,0.1593384175260702,0.14201841751529568,0.18143116993687902
Ceryle rudis,5,2020-2024,0.23830409292059385,0.2366521643540841,0.21460452504431568,0.26378172502370645
Tringa stagnatilis,1,2000-2004,0.0823353287150231,0.08246265616120863,0.06901049303922348,0.09679785009582852
Tringa stagnatilis,2,2005-2009,0.08233598807969704,0.0824624385991384,0.06901318280275293,0.09680129632766143
Tringa stagnatilis,3,2010-2014,0.08228762600432947,0.08281901363490159,0.06844750484017842,0.09687319958148313
Tringa stagnatilis,4,2015-2019,0.12083629250285885,0.12088520676589085,0.10615464456692394,0.13863125916240768
Tringa stagnatilis,5,2020-2024,0.18339855600578073,0.18296900458299395,0.16550172078257838,0.2013907811533994
Spatula querquedula,1,2000-2004,0.02924810598547542,0.02916076870307114,0.024253858284837827,0.035147765850585974
Spatula querquedula,2,2005-2009,0.029250217321031554,0.02916206375646408,0.02425531523511274,0.035152920529959324
Spatula querquedula,3,2010-2014,0.03042222501570542,0.03044567834350428,0.025131121455086402,0.03504440228445246
Spatula querquedula,4,2015-2019,0.04839704417093578,0.04799931168116334,0.04174006992940364,0.05629619979370215
Spatula querquedula,5,2020-2024,0.08536040846004352,0.08489404275146023,0.07567043707703944,0.09510869379224889
Phylloscopus humei,1,2000-2004,0.0630332751062097,0.0625525705646364,0.05436342434233638,0.07287427588297969
Phylloscopus humei,2,2005-2009,0.06302755816762795,0.06254772186547597,0.05435924255429194,0.07287451268744277
Phylloscopus humei,3,2010-2014,0.08122766290123114,0.07993640872873092,0.07055073034112157,0.09411701015979265
Phylloscopus humei,4,2015-2019,0.09604092641202865,0.09538288015728533,0.08430372202257379,0.10754301346807464
Phylloscopus humei,5,2020-2024,0.1563380567988389,0.1558717840698706,0.14007038466057226,0.16950848437964214
Phylloscopus borealis,1,2000-2004,0.018195373536404064,0.01823042868025867,0.01577328327050048,0.0218553969470073
Phylloscopus borealis,2,2005-2009,0.01819280489713733,0.018228348217095024,0.015770605392041323,0.021853601093144964
Phylloscopus borealis,3,2010-2014,0.016710071726659115,0.016413642499714783,0.014338045170177447,0.020476138130902866
Phylloscopus borealis,4,2015-2019,0.0318236199100647,0.031787533996221126,0.028193593249477428,0.037336552685800696
Phylloscopus borealis,5,2020-2024,0.05926570476778077,0.059088190781690905,0.05339844666928423,0.0683266847032448
Halcyon smyrnensis,1,2000-2004,0.1358842615114318,0.13583177310076766,0.11902611302637092,0.1540518675260156
Halcyon smyrnensis,2,2005-2009,0.13591677279311767,0.13586535179538092,0.1190686610142367,0.15407912353449216
Halcyon smyrnensis,3,2010-2014,0.14479232889959812,0.1446749241663129,0.12549506104680339,0.1635135633703036
Halcyon smyrnensis,4,2015-2019,0.1879812227214913,0.187982614055082,0.16794508016742898,0.20748557376019086
Halcyon smyrnensis,5,2020-2024,0.26683852158682986,0.26657720833971044,0.243625834822931,0.2878187520711211
Ardea purpurea,1,2000-2004,0.06358076707216746,0.06372838394283217,0.053123338044568154,0.07451492569513127
Ardea purpurea,2,2005-2009,0.06357800574154887,0.06372454081659636,0.0531221265045525,0.0745113123691505
Ardea purpurea,3,2010-2014,0.06062618800418576,0.05983211320652003,0.0511891842094202,0.07212526578782773
Ardea purpurea,4,2015-2019,0.0930446770018955,0.09312422136009778,0.08083252348908872,0.10593569605544455
Ardea purpurea,5,2020-2024,0.1409802603188467,0.14054181850672456,0.1254205938013085,0.15818833971666552
Pericrocotus solaris,1,2000-2004,0.08585206307601881,0.08595050767008217,0.07579460420180843,0.09786369954561168
Pericrocotus solaris,2,2005-2009,0.08585748803183492,0.08595327142554193,0.07580076544921664,0.09787509157745837
Pericrocotus solaris,3,2010-2014,0.09053403581769719,0.09048961341382702,0.07917648662646559,0.10561950315895811
Pericrocotus solaris,4,2015-2019,0.1261601365678554,0.12631380439976062,0.11294255045344076,0.13934261332907702
Pericrocotus solaris,5,2020-2024,0.19245563072688274,0.193004767557864,0.1740487222474821,0.2082141844452837
Regulus regulus,1,2000-2004,0.05243370514320564,0.0524596601434404,0.045801109988918044,0.06133378240259114
Regulus regulus,2,2005-2009,0.052433602560894944,0.05245851469209423,0.04580220660626489,0.061334578727772725
Regulus regulus,3,2010-2014,0.054521781525146515,0.05449878626839111,0.04731099716765807,0.06209282070564442
Regulus regulus,4,2015-2019,0.08232770444081591,0.08250811430610307,0.0737389913773755,0.09397153317962942
Regulus regulus,5,2020-2024,0.1358428587055867,0.1359384628994105,0.12178630488551637,0.1501320316317636
Accipiter soloensis,1,2000-2004,0.030292549256410988,0.03066991663966738,0.021940557255785482,0.0358956225155358
Accipiter soloensis,2,2005-2009,0.030293884665068792,0.030670760826170783,0.02194157604008664,0.03589746486568018
Accipiter soloensis,3,2010-2014,0.031703384750304583,0.03199168451914025,0.022335517962357727,0.03768967684688763
Accipiter soloensis,4,2015-2019,0.05039829047198144,0.05081474144860785,0.038059888072989566,0.05829435940779133
Accipiter soloensis,5,2020-2024,0.08940742791653336,0.09008357351911883,0.07170640431073332,0.10168048510944723
Aquila chrysaetos,1,2000-2004,0.08078038908205648,0.08014941818657234,0.06746415908871548,0.09611079134138314
Aquila chrysaetos,2,2005-2009,0.0807744532193636,0.08014230083187497,0.06745807794286242,0.09610978838473479
Aquila chrysaetos,3,2010-2014,0.09678842655883901,0.0959926795898435,0.08334675752374378,0.1115236593261184
Aquila chrysaetos,4,2015-2019,0.11929039714326714,0.11934638347596424,0.1027077430821232,0.1384054180112788
Aquila chrysaetos,5,2020-2024,0.1855732095712489,0.18587711966804504,0.16346095639042477,0.2084849485593984
Emberiza tristrami,1,2000-2004,0.03185639380229583,0.0314918756497069,0.025979977680397674,0.038631716570674164
Emberiza tristrami,2,2005-2009,0.031857382298560964,0.03149435795298408,0.02598126657098446,0.03863210973929444
Emberiza tristrami,3,2010-2014,0.029231818125661314,0.02925814411186517,0.023970504706335334,0.034668190934604604
Emberiza tristrami,4,2015-2019,0.05403895050885539,0.05366175752219759,0.04531425584972976,0.06380499622274557
Emberiza tristrami,5,2020-2024,0.09646017509437275,0.09653863599910484,0.08275506295504871,0.11001610307398808
Larus argentatus,1,2000-2004,0.1654019186629908,0.16377743339712486,0.14303453945302125,0.19007402233446966
Larus argentatus,2,2005-2009,0.16540242530629432,0.1637806293969902,0.14304230722411632,0.19006639424213018
Larus argentatus,3,2010-2014,0.13044939823430768,0.12978624979714637,0.11281060811828204,0.14775951437541937
Larus argentatus,4,2015-2019,0.20343240052260114,0.2018454703945316,0.18153532628497615,0.22876044265714296
Larus argentatus,5,2020-2024,0.24912515870861318,0.24865109109144679,0.22719518683515444,0.2771829979043454
Ptyonoprogne rupestris,1,2000-2004,0.10474028244681347,0.1044485480913177,0.09171033875283295,0.11786764842977636
Ptyonoprogne rupestris,2,2005-2009,0.10473844102731453,0.10444877637093111,0.09170981157406842,0.11787108398077041
Ptyonoprogne rupestris,3,2010-2014,0.12783917480635723,0.12826513632762618,0.1126167285597312,0.14419713164652984
Ptyonoprogne rupestris,4,2015-2019,0.14859967139893823,0.14905922302621155,0.13360353162545155,0.1644583323032245
Ptyonoprogne rupestris,5,2020-2024,0.2209124377929253,0.22173863813252245,0.20219308422633567,0.24132970224942174
Riparia diluta,1,2000-2004,0.07468965927538376,0.07477464994540428,0.06511906131949419,0.08680887400201083
Riparia diluta,2,2005-2009,0.0746934638681464,0.07477775036978714,0.06512143074260633,0.08681171738206775
Riparia diluta,3,2010-2014,0.09420338635624606,0.09444484280567181,0.08202294833429097,0.10896917833591471
Riparia diluta,4,2015-2019,0.10524846711517502,0.10474009254836668,0.09373747378964711,0.1186759147679697
Riparia diluta,5,2020-2024,0.15719827079305995,0.15664959321967697,0.14256035418231078,0.17521554509953205
Psilopogon virens,1,2000-2004,0.1268576876553679,0.12731759808929063,0.10832697304760304,0.1477035726401727
Psilopogon virens,2,2005-2009,0.1268719208774997,0.12733485292186486,0.1083416354436504,0.14772391295272724
Psilopogon virens,3,2010-2014,0.1417764277263399,0.14212329427048434,0.11929655960954444,0.16620103159419228
Psilopogon virens,4,2015-2019,0.17288042403988624,0.17231406503191807,0.15183213965763045,0.1967416660609894
Psilopogon virens,5,2020-2024,0.2436228989549878,0.24288207457554967,0.2190265204704732,0.26905690305735247
Ardea intermedia,1,2000-2004,0.030020806887725383,0.02997978948284405,0.02488754271092608,0.03737701819333975
Ardea intermedia,2,2005-2009,0.030019992308761737,0.029978266197915323,0.024884411640452568,0.03737762534603342
Ardea intermedia,3,2010-2014,0.03580116791212055,0.036277967001516226,0.029521352518195924,0.04440258227975276
Ardea intermedia,4,2015-2019,0.053031846673010793,0.05310660109027124,0.045474378107276406,0.06379151641474194
Ardea intermedia,5,2020-2024,0.10159649024192852,0.10156139773295934,0.08854788247399113,0.11793373680339353
Picoides canicapillus,1,2000-2004,0.07179514495750328,0.07123011036682544,0.06252609436700277,0.08326201974527883
Picoides canicapillus,2,2005-2009,0.07179508922329197,0.07123234164740241,0.06252531876906689,0.08325809921257135
Picoides canicapillus,3,2010-2014,0.07537303205013918,0.07344586501007848,0.06582004374691072,0.08667576066726747
Picoides canicapillus,4,2015-2019,0.11008872830186697,0.10941408401442893,0.098570765334923,0.1266944945224959
Picoides canicapillus,5,2020-2024,0.17603583079062904,0.17493070841579855,0.15866781453021322,0.19658490495078937
Accipiter gentilis,1,2000-2004,0.022669483329793315,0.02268568638668965,0.019350499225613597,0.026084235533284095
Accipiter gentilis,2,2005-2009,0.02266626180992158,0.022680801764150844,0.019349789145527378,0.026073636635863075
Accipiter gentilis,3,2010-2014,0.02432901767786702,0.023890296572084063,0.02067507906369729,0.027891605491092066
Accipiter gentilis,4,2015-2019,0.03743041017075327,0.0375143618427274,0.03264173227872357,0.04189411669910315
Accipiter gentilis,5,2020-2024,0.06636317579434964,0.06676654358399514,0.059281659030111,0.07271407972225633
Accipiter virgatus,1,2000-2004,0.025205510850068828,0.025523578061914794,0.020880551171859094,0.02907999207761763
Accipiter virgatus,2,2005-2009,0.025207207021691585,0.02552609175427651,0.02088176741590763,0.02908088042838994
Accipiter virgatus,3,2010-2014,0.02630783005252726,0.026267932586864155,0.021640616654732728,0.03006171513328889
Accipiter virgatus,4,2015-2019,0.04365321983090365,0.04381212333072866,0.03736140311489605,0.048973723175477664
Accipiter virgatus,5,2020-2024,0.08106471723614855,0.08212041713498608,0.07200602694474764,0.08856416308441088
Calidris temminckii,1,2000-2004,0.02909212006897872,0.029138328987401617,0.02518601327728344,0.03424856033358403
Calidris temminckii,2,2005-2009,0.029091330760974192,0.029136450751069312,0.02518628879356482,0.03424950896640468
Calidris temminckii,3,2010-2014,0.031481571589460265,0.03168894826288675,0.02634736604218458,0.03702606720566872
Calidris temminckii,4,2015-2019,0.04776990625295467,0.04802660033540851,0.04201229987920525,0.054873932985336
Calidris temminckii,5,2020-2024,0.08392375078908315,0.08442113101384899,0.07478523560262272,0.09397462695455794
Prinia flaviventris,1,2000-2004,0.1796601888688697,0.1795942320543374,0.1506487941645593,0.2173867152750803
Prinia flaviventris,2,2005-2009,0.17966851524695007,0.17960209053264023,0.150646365037021,0.21740625107922806
Prinia flaviventris,3,2010-2014,0.19781222698866402,0.19732740694701634,0.17183044241851803,0.23476816923286584
Prinia flaviventris,4,2015-2019,0.25334651789622153,0.25180528774553845,0.22280051624316122,0.29011972204254943
Prinia flaviventris,5,2020-2024,0.36272925314536913,0.3619086089005138,0.33118884222282174,0.3979956972589045
