grid_cell,richness_trend,shannon_trend,phylo_pd_trend,phylo_mpd_trend,trait_volume_trend,trait_dispersion_trend,trait_rao_q_trend,mean_corrected_richness,grid_id,centroid_lon,centroid_lat,area_km2,bio1,bio2,bio3,bio4,bio5,bio6,bio7,bio8,bio9,bio10,bio11,bio12,bio13,bio14,bio15,bio16,bio17,bio18,bio19,elev_mean,elev_sd,texture_shannon,texture_entropy,texture_contrast,npp_mean,landcover_trees,landcover_cropland,landcover_built,landcover_shrubs,landcover_grassland,landcover_water,hfi_2000,hfi_2005,hfi_2010,hfi_2015,hfi_2020,hfi_2024,hfi_mean,hfi_sd,habitat_diversity_shannon,habitat_diversity_richness,habitat_diversity_evenness,habitat_dominance,habitat_diversity_simpson,natural_landcover_fraction,human_modified_fraction,mean_temporal_beta,mean_temporal_shift_cwm
55,2.7501367187096974,0.0135943869300351,34.84762170000008,0.12906717047568522,-0.009742269454270633,-0.007680302738464461,-1.8401387519996357e-4,93.35389535930962,G00055,121.76672167788523,53.220628624847755,4638.8653776575975,-2.7025031805038453,16.75038537979126,-24.801935291290285,391.55,114.6,2.1,118.62791938781739,280.2,7.05,280.2,9.55,13.553676986694336,23.626608657836915,1688.2488220214843,24.235887241363525,-33.13223724365234,57.3681245803833,16.75038537979126,-21.184926986694336,691.1,70.53920149369725,29134.695804195806,51501.793706293705,181443.7902097902,467.2126505178077,0.02360097958811307,0.1991356549312342,0.005322933434708624,1.050724639354903e-5,0.757212278577722,0.0011187466450956302,5.837012427353127,5.7519054088219574,5.942558980234067,5.934544021760662,6.153266099444278,6.073371666692727,5.948776434051137,0.14753345878760196,0.6513122997173261,3,0.5928500039872457,0.7676514941566879,0.36935236247342274,0.7819425120573242,0.20445858836594283,0.03098692988490438,0.08853527472449535
56,2.6580405249806622,0.013252059992039865,40.90249820000003,0.14013774678516802,-0.008504897063023263,-0.007300136983504504,-1.4651235565192936e-4,91.05847610322809,G00056,122.6259880512578,53.26185729168209,6302.303486006403,-3.6829461753368378,15.050531188646952,-24.69463539123535,447.4166666666667,131.04166666666666,2.5833333333333335,117.39023558298747,316.6666666666667,8.833333333333334,316.6666666666667,10.041666666666666,14.1509637037913,25.13144103686015,1618.5945994059246,22.82476043701172,-33.487354596455894,56.31211471557617,15.050531188646952,-21.47419285774231,826.6666666666666,63.364142010711575,26023.00699300699,47410.381118881116,123878.6958041958,662.9672996830706,0.5189446592477265,0.13443953313946813,9.387412733643082e-4,5.636070882925295e-6,0.3345197263074124,2.39117016462842e-4,2.9919444176733254,2.957272948858391,2.8812491522913692,3.2488271065596876,3.428909767085782,3.40634615665062,3.152424924853196,0.23982819981126471,0.9849987485484074,3,0.8965844991071049,0.5246701680741167,0.5918589200928571,0.8537091386424847,0.13537827441283243,0.031019092501717485,0.08838437162284032
57,2.721833291535212,0.013211591668434875,48.16792879999993,0.13750551116258575,-0.008159661274920196,-0.0066838491032971,-1.5135123921611483e-4,93.74352799734226,G00057,123.50381425901432,53.28723680119337,7211.3504475356285,-3.938072347640991,14.11705002784729,-23.709556102752686,501.4,149,2.45,117.14121856689454,352.75,9.85,352.75,9.9,14.843226051330566,26.70332670211792,1542.5829162597656,22.42281255722046,-33.16041240692139,55.58322467803955,14.11705002784729,-23.540270709991454,936.5,51.20598238076238,25104.941391941393,45278.91575091575,75632.91941391942,527.8115715422773,0.8798473698490601,0.0047449946284881485,9.649221719170162e-4,1.341921646695737e-7,0.11370921891268512,4.299516944491899e-5,2.1597437483791877,2.2538759717459205,2.1458203049346856,2.2521772060388416,2.19622793314706,2.1794333074272902,2.1978797452788315,0.046024625505794454,0.3919465662270399,2,0.5654593673892081,0.880455205374044,0.21182749350758467,0.9935997181233549,0.005709916800405165,0.030164295722546565,0.08303543205502911
128,2.589384982024473,0.012217906248566708,27.97129639999972,0.11281733683297171,-0.00995735989081143,-0.006170692588078589,-2.2197278405562934e-4,101.18691176617384,G00128,122.62003628231469,52.82123800100551,10000,1.515458305676778,19.168930689493816,-18.658069610595703,703,150.33333333333334,10,82.07416280110677,381.6666666666667,37,374.3333333333333,37,10.143527348836264,19.63555908203125,1533.8038330078125,26.001415888468426,-25.66208330790202,51.663499196370445,17.639610926310223,-16.229069391886394,88,90.93404203047393,32045.444444444445,52997.22222222222,317968,479.3039178421248,0.16820696564496956,0.24998407961716135,0.004370149238245326,0.0031706467485509986,0.029412935069757538,0.19883880642444285,16.63632745658402,18.198976512503833,16.400780433047135,17.794472460198193,15.922294310763874,16.895745650856895,16.97476613732566,0.8635451361425657,1.2776458620744482,4,0.9216266746135555,0.38224824936522966,0.6931998000466197,0.3996293538877209,0.25435422885540665,0.026936641475369394,0.07468044298601115
129,3.1094345595326165,0.015115655409452334,43.77825799999993,0.15112876789420876,-0.009206053896052063,-0.00955877981320489,-1.969182794386292e-4,89.16163541093555,G00129,123.51835156643419,52.82123800100551,10000,4.796999979019165,21.233622487386068,-13.027902857462566,267.1333333333333,40.46666666666667,9,40.35984802246094,100.6,31.266666666666666,93.13333333333334,35.4,11.313011042277019,23.51317901611328,1404.18544921875,29.22423324584961,-18.935466639200847,48.15970001220703,19.342788569132487,-10.923261133829753,681.9333333333333,217.950343842244,22802.352697095437,37503.29045643153,180034.29045643154,117.1880886482684,8.705539365169454e-4,0.038604801903819146,0.002645738308909749,0.03073903276245205,0.43734265137192957,0.004117149713547478,7.546531581864309,7.545749231392472,7.476611652767565,7.7331308059703865,7.936783556763054,7.753460260631807,7.665377848231599,0.17325019528203067,0.5771652227974462,3,0.5253584260350537,0.8503319190352893,0.26763621270442406,0.47306938778444607,0.04125054021272889,0.03391666603629155,0.09021345177618861
130,3.1532965141414415,0.015321307465355774,43.48917380000016,0.16931549792979875,-0.008873044219741494,-0.00984592601314934,-1.9283911412326535e-4,88.61048846848342,G00130,124.41644529384645,52.82108709522525,9994.36303229091,5.05139023065567,21.237685759862263,-12.516701261202494,217.625,34.583333333333336,7.791666666666667,38.97302452723185,81.04166666666667,27.375,80.45833333333333,32.541666666666664,11.329144994417826,23.65816108385722,1381.7201436360676,29.414562543233234,-18.492145935694378,47.90670839945475,20.300434112548828,-10.357652703921,661.875,180.89759594143672,22818.812698412698,37055.37777777778,176790.2253968254,100.27018894971629,0.004529509659164534,0.036978683938039304,0.001839521189238604,0.05559601838781279,0.31509463583178543,0.009593342724058256,7.914029411735069,7.809078403371288,7.8542968546775285,7.793150911743977,8.017662534068084,7.861613700286662,7.874971969313768,0.08188850015658612,0.8574427533006617,5,0.53275913701068,0.7437937885833632,0.4212822494262829,0.38481350660282104,0.038818205127277905,0.03452261491056998,0.09058402238884891
198,3.0997556293640587,0.014909692312999122,37.5275962999999,0.19952500650276783,-0.008263653691856726,-0.008667030676224199,-1.628913125762978e-4,90.64099590947066,G00198,120.96829322790097,52.282076961806844,6741.925764880936,0.08378868736326694,18.584038734436035,-20.4655088697161,286.14285714285717,86,2.5,111.11174556187221,195.5,8.571428571428571,195.5,8.571428571428571,14.131544658115931,25.43113762991769,1580.7540457589287,26.708071572440012,-28.860482352120535,55.5685544695173,18.584038734436035,-20.4655088697161,871.8571428571429,37.387486888318335,23146.516728624534,41445.96282527881,67327.38661710038,257.3884376427399,1.048846231705956e-7,0.011104704827669459,1.1412945753055349e-4,0,0.9683946210087648,0.00913483666825483,6.933553642302315,6.960785940823563,6.958920101094042,7.021202659197734,7.084710157561458,7.090262908456543,7.008239234905942,0.06783194708346561,0.11511506887378879,2,0.16607593899580655,0.979414605471941,0.04053552507656455,0.9775295625616429,0.011218834285200012,0.03400834983173592,0.08774912138498503
199,2.880315517628835,0.014204662855471333,35.93079730000003,0.15132515693317908,-0.009502730999609153,-0.008162664746711543,-1.7703788624380253e-4,92.48151766132771,G00199,121.72172099819515,52.27498606676315,9999.999999999642,-0.9494809189604388,17.084046416812473,-21.154618051317,346.22222222222223,106.55555555555556,3.5,111.37364281548395,235.72222222222223,11.5,235.72222222222223,11.5,14.266848352220324,25.924586296081543,1551.1011623806423,25.092333369784885,-29.945750024583603,55.03808297051324,17.084046416812473,-20.990437507629395,975.7777777777778,69.32579144501074,28712.231884057972,50331.264492753624,171561.24637681158,446.6998052187337,1.3175099419211231e-5,0.019722356450190406,2.4808129780486555e-4,2.842524089647172e-8,0.9448489768480162,0.0019248720916125368,7.300285853009372,7.299169059432693,7.239017527581869,7.353408410904695,7.492239943529376,7.474894725509621,7.359835919994604,0.10260061348883001,0.11646333096619402,2,0.16802107003033817,0.9773381498606676,0.04438992921624907,0.9467870524642887,0.01997043774799527,0.032502991974877715,0.09118398910390435
203,2.8961222600012655,0.013941977820105677,37.71833740000016,0.15055691892727968,-0.009418019040780257,-0.007890693467937764,-1.8310497964938647e-4,92.88734453213881,G00203,125.31498213467323,52.27498606676315,10000,4.508721510569255,21.11178601582845,-13.633086013793946,417,141.93333333333334,1.3333333333333333,126.68534291585287,310.2,5.333333333333333,310.2,5.333333333333333,12.945501391092936,26.032850774129233,1409.7165852864584,27.69448331197103,-22.041366704305013,49.73585001627604,21.11178601582845,-13.633086013793946,262.2,63.246908450701596,28261.200607902734,50233.574468085106,167584.39209726444,427.1751228942778,0.022730260209355257,0.609721280762882,0.01420834806322895,4.736044523486445e-6,0.32676184632507166,0.007643685250732656,14.96687197725686,15.566245028485273,15.450954080841317,15.852531656863023,16.17797832300948,16.067927427773157,15.680418082371519,0.4477030325378238,0.8482260744251264,4,0.6118657755629213,0.6214859117122254,0.5020145626971066,0.3571405278296831,0.6239296288261109,0.03222521396558603,0.08820010301155437
204,2.841492880852743,0.01388072474430254,37.12965889999984,0.1558720365573112,-0.009564433543552419,-0.00781251221985666,-1.795925930562607e-4,92.97618887557833,G00204,126.03928756661632,52.24244350881215,5847.582596973597,4.896234379874335,22.03932868109809,-14.205976804097494,404.27777777777777,133.94444444444446,1,122.18346574571397,291.3888888888889,5.166666666666667,291.3888888888889,5.166666666666667,11.842848406897652,23.26821295420329,1470.168409559462,28.224805619981552,-22.67762502034505,50.90243064032661,22.03932868109809,-14.205976804097494,138.77777777777777,6.548960901462835,30323.255591054312,52666.565495207666,245472.04792332268,518.3208207394775,0.044151438957054166,0.714080618134195,0.016829229221902088,1.949199209389531e-4,0.13340238991207154,0.030716053556595277,15.91710803828977,16.042087231475584,16.042767454756817,16.505114777589487,16.510925083992056,16.44105781245176,16.24317673309258,0.27069514231572306,0.8150056514100753,5,0.5063914830845929,0.760165944823132,0.39838108143155193,0.20846480234665993,0.7309098473560971,0.0322512641319448,0.08987099725537998
270,3.2515014933760917,0.015529401853960848,43.61084839999995,0.20037942009121312,-0.008126053296647269,-0.009562694021462304,-1.743820102294891e-4,89.28820531895572,G00270,120.8482612732761,51.70552270449054,9288.287616787107,0.8182003952781943,17.690328149234546,-17.255985372206744,250,69.23529411764706,2.0588235294117645,109.81343123492073,171.52941176470588,7,171.52941176470588,7,14.2964007433723,27.76002367805032,1418.2172205307904,25.937529620002298,-25.570146897259882,51.50767719044405,17.690328149234546,-16.420661701875574,1187.764705882353,117.31449687259708,22893.76512455516,40896.70818505338,54368.829181494664,157.87039738433776,8.294805536334227e-7,0.0018521484906251966,6.413652408582308e-4,0,0.994955262425058,2.6083764100946045e-4,7.495443434463189,7.447659439640223,7.419940017901861,7.5159131823937555,7.541379762617337,7.5289408463681875,7.491546113897425,0.048050337890758764,0.021325714161673174,1,0,0.9972384965281169,0.005511453236696662,0.9952169295466212,0.0024935137314834274,0.03550224548450717,0.09075085244923234
271,3.2565051459784127,0.015584363359407577,48.392809200000116,0.22147264611866604,-0.0076046380997314795,-0.009365842423230825,-1.61955283537203e-4,89.24694715885335,G00271,121.72172099819515,51.72191801112358,10000,1.8009161949157715,19.320234378178913,-17.484241326649983,242.375,68,2,109.62963231404622,165.91666666666666,6.583333333333333,165.91666666666666,6.583333333333333,14.044752558072409,26.333994785944622,1490.8938649495442,27.4949373404185,-25.8485000928243,53.34343687693278,19.320234378178913,-17.231184085210163,919,59.417461933413946,22320.88484848485,39575.38787878788,45383.30303030303,179.70454583650894,1.9615010004551883e-6,0.007301742226893296,8.005969764339734e-4,0,0.9825821636104735,0.004566532652533121,7.203115407040445,7.199084192967778,7.124161027449431,7.266785061960701,7.284119510956055,7.270908942692179,7.224695690511099,0.06110195777625692,0.07917052782240572,1,0,0.987268731271877,0.025224927300968814,0.987150657764007,0.008102339203327268,0.035639573392447936,0.08968679589055975
272,3.21863707438273,0.0153392587138312,43.37570829999993,0.20814488216748572,-0.008059595984389106,-0.009169758955665021,-1.6723413570021337e-4,89.9434792426162,G00272,122.62003628231469,51.72191801112358,10000,1.6335864245891571,19.234297943115234,-17.93180618286133,268.85,77.15,2,109.47328605651856,183.55,7.3,183.55,7.3,13.766549968719483,25.785323810577392,1505.8128784179687,27.25342502593994,-26.140887546539307,53.39431209564209,19.234297943115234,-17.93180618286133,934.3,71.73569910662187,22968.701342281878,41072.96644295302,56823.852348993285,198.96027275997838,1.8031189700915477e-6,0.004687280690040918,0.0010830043890988133,0,0.9772317130220727,0.006755019514791862,7.604467922598273,7.586286569190574,7.453158781788609,7.650875442808455,7.703867423474729,7.687651207258512,7.614384557853192,0.09120126899230417,0.07944621738578066,1,0,0.9873432724715712,0.02508305792636034,0.9839885356558347,0.005770285079139731,0.035129291497297155,0.08935439239978775
274,3.0085198494678704,0.014434935645879884,39.504600900000064,0.16163771539624847,-0.0097082326883697,-0.008389830649927932,-1.8786067538927183e-4,92.97774038001872,G00274,124.41666685055372,51.72191801112358,9999.99999999995,0.934585931400458,17.813687562942505,-17.739777723948162,358.5416666666667,112.20833333333333,2.7916666666666665,116.01603476206462,253.08333333333334,9.25,253.08333333333334,9.25,13.736619710922241,26.627890586853027,1443.8071695963542,25.658666690190632,-25.945354064305622,51.604020277659096,17.813687562942505,-17.739777723948162,1001.3333333333334,83.5914842067304,28218.520634920635,49215.850793650796,143898.23492063492,348.3313982104017,0.02667626703934116,0.006338730508191058,0.004337999501659054,1.3401559204283872e-7,0.9465697493404178,0.0018615984461533314,7.883687464249987,7.7135556740838975,7.74219876463439,7.818012592698135,8.140399079187448,8.151365493974987,7.908203178138141,0.19350624091949375,0.2048345737949741,2,0.29551382381661356,0.9602197738428282,0.07718141297840875,0.9751077488415043,0.010676730009850113,0.03307737581307454,0.0896966639144167
276,2.919933674149401,0.014122948784020487,42.43062709999994,0.1335871817837203,-0.009888483189727713,-0.00825196505168982,-1.9077452762844828e-4,93.03060742789121,G00276,126.17024356538282,51.702582948461824,8899.126060368322,4.491969664891561,20.24112860361735,-12.565357685089111,394.5833333333333,131.79166666666666,1.4166666666666667,125.60441589355469,294.375,5.416666666666667,294.375,5.416666666666667,13.200930635134378,27.62817144393921,1335.5709686279297,27.148500204086304,-20.630791743596394,47.77929210662842,20.24112860361735,-12.565357685089111,529.375,138.0418375458813,29792.61212121212,52309.09090909091,184415.0878787879,429.40547160078455,0.13707683959601516,0.19962236835512012,0.0033768762242895414,0,0.6520426288127479,9.713693998137511e-5,10.010417453557892,9.89549189087957,9.661140416853174,9.822885353786479,10.38011009713695,10.325991034913956,10.016006041188001,0.28511140414476616,0.8922069634078968,3,0.8121217763634829,0.6571580456610948,0.5085688776505479,0.7892166053487444,0.20299924457940965,0.03260733004617684,0.09187237561810506
277,3.065052203998082,0.014353450455189497,37.54513710000018,0.17458101392112405,-0.009599058178050998,-0.008231642303873273,-1.9325157371788236e-4,93.37577817508672,G00277,126.70987310416244,51.494570334539254,207.70376182792654,5.897110915184021,21.942829132080078,-11.471137380599975,405.65,136.1,1.15,125.27639884948731,300.9,4.95,300.9,4.95,13.06169056892395,27.01930503845215,1359.063739013672,28.562674903869627,-19.783787631988524,48.34646205902099,21.942829132080078,-11.471137380599975,241.95,58.74250232112493,27715.365079365078,49308.98095238095,156692.30476190476,315.02647105002694,0.01605411797434811,0.4425477220024705,0.015739571135843337,4.069200803692369e-6,0.49784421281382624,0.006567787518517725,11.722566198295944,11.887402601329857,11.818395987734547,12.008033292637554,13.144908321793613,12.893322839864808,12.245771540276055,0.6114100262598201,0.8702021645856765,4,0.6277181737092985,0.5086492033607096,0.5362613541173776,0.5204701875074957,0.45828729313831384,0.03316849892370633,0.08681781023942889
341,3.269487820461612,0.01737417472178297,60.76800530000015,0.2030165849921633,-0.005689442114206548,-0.012841945203335802,-2.2529228575108247e-4,76.61464653957277,G00341,120.05288481088691,51.1289574617765,6862.295236062493,6.4186140418052675,22.099960613250733,-11.642970895767212,204.3,29.35,6.45,46.88212928771973,83.25,21.65,75.35,21.95,11.390176010131835,23.744575691223144,1377.8404052734375,29.569062614440917,-18.60771236419678,48.17677478790283,20.250146055221556,-9.71701877117157,997.05,392.0094621575513,29412.82424242424,49014.736363636366,349322.9121212121,171.8842761466913,0.026516346154551392,0.16891835239419678,0.09664180926843476,0.045521284439188216,0.285831612140229,0.012408024665014209,17.890827802448023,18.30685872793289,19.54030479144245,21.183729665263836,24.12993545529482,23.748742056505915,20.80006641648132,2.6906009208996235,1.3959980015405689,6,0.7791213193040959,0.4495356817261714,0.6969941031521683,0.3702772673989828,0.2655601616626315,0.04119515884545184,0.10845588123512953
342,2.994650196613059,0.01701497826012155,42.45892480000004,0.021654576587270293,-0.007997541398016261,-0.011780395883546093,-2.3469803318989366e-4,79.92372192279196,G00342,120.82340571407563,51.1620009602833,10000,0.8814119001229604,14.527024328708649,-13.774996678034464,249.45833333333334,44.333333333333336,4.375,63.499556382497154,118.33333333333333,15.541666666666666,116.54166666666667,15.541666666666666,11.771511197090149,27.708376169204712,1159.3473256429036,21.787750005722046,-21.114052136739094,42.90180206298828,13.666527807712555,-13.277015745639801,2142.125,964.0455659671225,28137.679365079366,46250.52380952381,202912.39365079365,128.72808550743827,0.04805656457656567,0.0698291547967214,0.005894408834306146,0.001125344254031374,0.47626716516669704,0.003023801050032164,7.27486805159224,7.173676425095073,7.331959648388034,7.894623451180762,8.405173371525242,8.800606979170123,7.813484654491913,0.6726690527885489,0.7216741979501503,3,0.6568961638186879,0.7882654293833724,0.3588303754758507,0.5284728750473263,0.07572356363102754,0.03616504099892551,0.11545445534533383
343,2.869059744799387,0.01601246156954028,35.33009170000006,0.04569469192050595,-0.008115318715522572,-0.011603879069837763,-2.3909624247369613e-4,79.3561954611356,G00343,121.72172099819515,51.1620009602833,10000,3.6944968730211256,18.753908228874206,-13.507391500473023,182.15,30.8,3.65,56.04708824157715,80.45,12.7,79.75,12.85,12.90179796218872,26.878090190887452,1319.2786071777343,26.604474973678588,-21.708224773406982,48.31269989013672,17.657558226585387,-12.322739458084106,1434.95,815.9515900887877,32724.272727272728,53599.50606060606,427192.38181818184,347.8895224569328,0.045407015718219666,0.3033330008402178,0.012096913611741448,0.003374608269937021,0.3966318969173315,0.002107122514211566,9.789944646593112,9.847663169809982,9.77728529738392,10.565793989305186,11.51303011772387,12.479843859660654,10.662260180079455,1.117533790732559,0.9806812634129561,4,0.7074119977092975,0.5198657931698526,0.5678499963293617,0.4475206434196997,0.3154299144519592,0.03643075944608237,0.11963909843648242
344,3.092070900890424,0.01751382987474089,57.77392710000002,0.132665782145893,-0.005234529838031641,-0.011878197018742431,-1.9588770488653426e-4,78.68343237022292,G00344,122.62003628231469,51.1620009602833,10000.000000000095,4.225732253305614,19.29272084236145,-12.540370845794678,140.05,26.5,2.65,61.482361793518066,66.7,9.1,66.7,9.1,12.824862384796143,27.053922271728517,1298.6634246826172,26.975087547302245,-20.659687423706053,47.63477420806885,19.29272084236145,-11.718112516403199,1436.55,620.4207803876673,24163.31515151515,40612.163636363635,218710.60303030303,210.9931015542045,0.03984513297947062,0.13355781104458575,0.0032387939315412085,0.005320275393973019,0.3143287037775981,4.257241206456855e-4,7.805066758476581,7.765216498617841,7.598730734205667,8.011985153154237,8.40397151003228,8.809573964393788,8.065757436480064,0.45758970066355376,0.9325820969604832,4,0.6727157832533598,0.6328131659744637,0.5206575405492299,0.3599198362716874,0.13679660497612695,0.03852370218182511,0.11072839814452652
345,3.3901978368448265,0.019392892380892906,68.8235367,0.30236708873873447,-0.0015639779996371875,-0.011158274686287049,-1.2253573107198876e-4,78.10554467240352,G00345,123.51835156643419,51.1620009602833,9999.999999999716,5.075784310698509,20.03603454430898,-10.85466480255127,107.625,23.5,1.875,72.11816962560017,58.333333333333336,6.791666666666667,58.333333333333336,6.791666666666667,12.413483421007792,27.13103453318278,1257.0551656087239,27.295052131017048,-18.504760424296062,45.79981263478597,20.03603454430898,-9.994520783424377,1468.75,303.29226111487566,14446.28253968254,24300.285714285714,29735.08253968254,63.590103831011,2.4422478030457695e-4,8.291636737663012e-4,2.969686082451408e-4,0.0023314761576287337,0.19192196269267112,8.29738800547409e-5,3.7748208280279805,3.6772293536729133,3.6395218057874454,3.8141007374873506,3.871396430476923,3.8865479459942507,3.777269516907811,0.10114015225143835,0.11656244967660306,2,0.1681640681023046,0.9806608268890797,0.038140430662239044,0.19458063751065915,0.001126132282011442,0.04084561841190362,0.09773466860412411
347,3.406957478441932,0.017889006356046896,49.82628930000001,0.24584020144978802,-0.00397851315324055,-0.011077376520047066,-1.4656577894379478e-4,81.80732443285228,G00347,125.31498213467323,51.1620009602833,10000.000000000013,3.363009967530767,17.932642300923664,-12.505024313926697,166.625,35,1.9166666666666667,77.81623458862305,92.33333333333333,7.958333333333333,92.33333333333333,7.958333333333333,12.45322314898173,27.474432865778606,1236.1370697021484,24.92632285753886,-20.409374872843426,45.335697650909424,17.932642300923664,-11.59961462020874,1796.2916666666667,273.5008908922247,17624.935483870966,28704.06129032258,109029.61935483871,83.28012626109582,0.004439458667765681,0.041273931587382344,0.0021434472953994503,4.729938277364346e-4,0.22626149101197993,0.012029582143529175,4.840833153702615,4.926829030803852,4.757879953269501,5.149734625864493,5.2822781036389825,5.475832678305206,5.0722312575974415,0.2780374755306904,0.7105527974881148,4,0.5125554986129416,0.7894102887575787,0.35403480458871006,0.24320352565101122,0.04341737888278179,0.03944250646203754,0.09757071701192957
412,2.844849560186439,0.012937171171984178,60.439735199999994,0.14860020329202608,-0.007956297909720888,-0.006720961988265333,-1.436285582395118e-4,93.12522469803928,G00412,119.34348521922756,50.476663395402674,1904.5768879433906,2.4345602062013416,17.760995546976726,-15.001469877031115,664.2777777777778,166.33333333333334,4.611111111111111,100.11098268296983,420.3333333333333,18.833333333333332,420.3333333333333,18.833333333333332,12.288155184851753,25.54921203189426,1323.8087700737847,23.934472295973038,-24.165388955010307,48.099861992730034,17.760995546976726,-15.001469877031115,692.9444444444445,111.35236716479184,27857.511363636364,49288.30397727273,151952.13636363635,737.280888260095,0.7606530508949186,0.19318442544889067,0.014487167626542966,1.5906932482694684e-6,0.015447020430836783,0.004109793455144844,8.66229017897106,8.694783594471232,8.689349499476844,8.960540180471458,9.27575546381723,9.192626342236379,8.912557543240702,0.27295958394591036,0.6701584930816084,4,0.48341716728922857,0.7699828962666335,0.36840812964024106,0.7802114554741485,0.20767159307543365,0.0319151482501744,0.0846737405853407
413,2.8053149340782753,0.013010172012596482,61.84990919999977,0.15826948463260185,-0.008051036419219483,-0.006831329208541096,-1.3611166239591648e-4,92.38012749898554,G00413,119.92545525326737,50.594981556312646,9991.768486017923,2.937854846318563,17.974477767944336,-14.040727806091308,609.5333333333333,141.93333333333334,3.7333333333333334,98.50198160807291,379.73333333333335,16.066666666666666,379.73333333333335,16.066666666666666,12.231537437438964,26.116442743937174,1296.3848388671875,24.22681655883789,-22.611833318074545,46.83865025838216,17.974477767944336,-14.040727806091308,620.2666666666667,84.35932217659906,27865.738636363636,48944.76988636364,136566.79261363635,781.8294125921459,0.8609492759054859,0.10267104702280533,0.0067952041748451176,7.122507123958168e-7,0.019795702751031,0.0030475189931914804,7.36600729551267,7.3057613556941705,7.086018973362965,7.105416446185864,7.471715347228891,7.393863435887785,7.288130475645391,0.1584247372578417,0.4884065051316023,3,0.4445667595105061,0.8667919205659381,0.23753343994743148,0.8837932099004208,0.10946625119765045,0.03206187137899166,0.08596909868319663
414,2.804192895811034,0.01315114537209211,65.36474799999979,0.1403311397965141,-0.008728352460631257,-0.007435158056767453,-1.491802946491481e-4,90.71028146018206,G00414,120.82340571407563,50.59520423372765,10000,3.7222233745786877,18.466724501715767,-12.89282872941759,590.3888888888889,135.05555555555554,2.888888888888889,95.18914286295573,351.44444444444446,12.833333333333334,351.44444444444446,12.833333333333334,11.724837991926405,25.843289587232803,1271.0769992404514,24.56547239091661,-20.78899998135037,45.354472902086044,18.466724501715767,-12.89282872941759,479.72222222222223,156.09416673562436,28614.4263803681,49794.63190184049,185209.61656441717,784.7553413549024,0.8300863711234371,0.1234146288481275,0.013021053309786977,4.364256977116026e-6,0.01324826281681489,0.0054257832494453,9.693643060554585,9.736451000268852,9.481384767245334,9.674295135590908,9.903752038430946,9.673296060591614,9.693803677113706,0.13551389093905053,0.5483872667367619,4,0.3955777951038898,0.8425558064461011,0.2740216651767693,0.8487647814466744,0.13643568215791446,0.03260959788129702,0.09007930344681919
415,2.7781026701116414,0.012812566018984103,62.37128109999986,0.14328816298138805,-0.007901206126625414,-0.006720849118193989,-1.309641291507796e-4,91.92401955959625,G00415,121.72172099819515,50.59520423372765,10000,2.774626510483878,16.86462484087263,-13.152032784053258,661.5,147,4.071428571428571,88.84596906389508,367.7142857142857,17.214285714285715,366.57142857142856,17.214285714285715,10.44746732711792,24.221944672720774,1221.352783203125,22.84166077205113,-20.27250031062535,43.11416162763323,16.8352142061506,-13.152032784053258,642.9285714285714,164.32681521225376,26541.397014925373,46726.0447761194,110038.56417910448,808.6416556113002,0.9442766891593019,0.037973174329000395,0.0021240188683451858,9.687034314412945e-6,0.0060351713993280235,0.0033477521215160132,4.774202307616901,4.694950171597353,4.408735646476714,4.5827082998973685,4.738500709541123,4.652780858299408,4.641979665571477,0.13239150010767148,0.2367131605946697,2,0.3415049029030828,0.9501997661367154,0.09560749753167153,0.95366929971446035,0.04009719319734558,0.03163379729382227,0.08509983156542503
416,2.773568026689127,0.012745561917624597,62.58973120000002,0.15479233221064617,-0.00763466363247491,-0.006542289419548586,-1.2231220161673225e-4,91.74195986981715,G00416,122.62003628231469,50.59520423372765,10000,2.9626041650772095,17.01003424326579,-13.15057643254598,670.6666666666666,142.5,5.333333333333333,84.87849807739258,361.3333333333333,22,357,22,10.12764565149943,23.442054112752277,1227.8570353190105,22.879749933878582,-20.30683358510335,43.186583836873375,16.799770673116047,-13.15057643254598,543.1666666666666,135.91823522495673,25651.4,45598.2,74530.4,829.2209456675762,0.9563891897355584,0.03564054049537197,0.001321621626679238,3.1531532373707237e-6,0.003390991012139722,0,4.166151019834703,4.057350147155024,3.7807747067943698,3.8907555384982015,3.906917761891119,3.7940145360846675,3.9326606183763473,0.15150976391755405,0.18692426263025008,2,0.269674706718488,0.9595119251118265,0.07804497669616339,0.9597833339009355,0.03696216212205121,0.031587062402792056,0.08359825247206609
417,2.8611395649994518,0.015449847868241039,31.47353719999992,0.010012784382732337,-0.010137302824543773,-0.01079644855012702,-2.4158251772858885e-4,83.23468807117604,G00417,123.51835156643419,50.59520423372765,10000,-0.8280647482190814,10.990348253931318,-14.57601799283709,352.2142857142857,59.42857142857143,7.785714285714286,64.67670903887067,168.78571428571428,26.071428571428573,163.85714285714286,26.071428571428573,12.51481396811349,29.824378422328405,1049.0048043387276,18.526446274348668,-23.602749960763113,42.12919643947056,9.891901850700378,-14.57601799283709,2629.6428571428573,827.0217750963493,32587.866071428572,52730.955357142855,505611.14285714284,420.70937991988575,0.07539309521261571,0.1093935932254232,0.0029148230682001126,7.042253593171488e-7,0.4418055136443498,0.008803778772399793,6.379816224465853,6.440525018928975,6.212614195781803,6.443956359241648,6.591576246252548,6.588855899085709,6.4428906572927565,0.14172199613606107,0.892980547511133,4,0.6441493037523115,0.6921471851979695,0.4773994571295068,0.5260030918547246,0.11230841629362331,0.0348980271522468,0.11711766245793373
418,2.969270960127477,0.015614899017936446,36.804480599999934,-1.6170990184493123e-4,-0.010599038985905085,-0.010967874294692084,-2.494182997326067e-4,85.31334413323506,G00418,124.41666685055372,50.59520423372765,10000,-2.451604163646698,9.366477012634277,-16.134062623977663,334.15,61,6,72.00099964141846,170.1,20.8,168.1,20.8,12.429520893096925,29.97214584350586,1045.96904296875,16.788387775421143,-24.802662658691407,41.591050910949704,8.656352090835572,-16.134062623977663,2882.85,805.0732085050599,33604.52710843374,53995.05722891566,454850.0120481928,291.49559737302354,0.07300898145039085,0.017353414320320924,7.051273147007359e-4,2.493055554640267e-5,0.42007194440802864,0.00707849539094325,4.657601237340949,4.665995658387668,4.527743177600918,4.741871752645903,4.86513900073226,4.839733993192923,4.716347469983437,0.12615280149367133,0.6281726447549915,4,0.4531307797050654,0.8105696184654366,0.3218206410038671,0.5001843518049092,0.01805854163502166,0.03486331438874893,0.11566283166827682
483,3.506310739915693,0.022508094498113335,89.13340769999965,0.4931808153807053,0.0017122487318591794,-0.010257601424854133,-4.811142729377427e-5,73.28723078029458,G00483,118.46972250206176,49.791925528401364,556.8458073379652,9.476434874534608,24.617797756195067,-7.375289726257324,39.05,10.2,0,81.81062126159668,25.95,1.9,25.95,1.9,15.265715551376342,30.34698667526245,1302.4857421875,33.59119930267334,-16.72913784980774,50.32033710479736,24.617797756195067,-4.119881319999695,1037.05,185.81073420921734,8890.448863636364,14379.602272727272,2410.7073863636365,15.586449000085402,0,9.270833022499035e-6,1.0428240848678225e-5,1.168981505004383e-6,3.4722222187189836e-7,0,0.344540568407503,0.35167167098567087,0.344540568407503,0.3460033586799477,0.3460033586799477,0.3460033586799477,0.3464604806400866,0.0026516226065895023,0.9378794908090802,4,0.6765370451708631,0.49154392632764776,0.5641216126475289,1.5162037268762814e-6,1.9699073871177257e-05,0.04443548522903916,0.09422400780686327
484,3.5398605454329375,0.022245099005432832,95.06605819999983,0.5045781460686489,0.0016723541158428596,-0.010181413916868777,-4.6168562074048365e-5,74.57298414717192,G00484,119.13284538063802,49.9216220029174,5414.493524224485,8.812152723471323,23.70791467030843,-7.617496490478516,37.541666666666664,10.333333333333334,0,86.7567949295044,26.083333333333332,1.7916666666666667,26.083333333333332,1.7916666666666667,15.37885582447052,31.04946978886922,1274.6314188639324,32.396979093551636,-17.13867712020874,49.53565629323324,23.70791467030843,-3.273227413340161,1115.5416666666667,104.7128492454553,9220.110119047618,15176.511904761905,2806.3273809523807,15.586447945324485,0,0,3.97196260998167e-6,0,0,0,0.4259073479037373,0.4302957187646659,0.4310271138572937,0.43669542621206076,0.4339526944076324,0.436329728600355,0.4323680049576242,0.004117414678268359,-0,1,0,1,0,0,3.97196260998167e-6,0.0441040228523753,0.09251456403585583
485,3.501946901191544,0.0222499220227322,93.25107859999977,0.4821753212543702,0.0014445113200551327,-0.010380254316135564,-5.6457262948446205e-5,74.01408669889143,G00485,119.9250904299561,50.021499450700304,10000,9.520185375213623,24.331166553497315,-6.903345823287964,34,9.2,0,82.50737571716309,23.3,1.6,23.3,1.95,15.391660404205322,31.1373571395874,1270.9347900390626,32.99668731689453,-16.44498739242554,49.4416748046875,24.331166553497315,-3.277495789527893,976.9,165.48903604961745,9523.443181818182,15577.977272727272,2908.190340909091,14.84261943728914,0,0,6.304398207164384e-5,1.157407378168837e-8,5.787036890844185e-8,0,0.7761343786617938,0.7761343786617938,0.7761343786617938,0.7761343786617938,0.7761343786617938,0.7761343786617938,0.7761343786617938,0,0.009090965331726153,1,0,0.9988996882830572,0.0021985383637684874,6.944444269013022e-8,6.304398207164384e-5,0.04402373170717995,0.0939161316409067
486,3.4651449842366033,0.022491788481802485,92.07906049999973,0.4824055375155019,0.0016127416713171102,-0.010265012809937378,-5.233533961017341e-5,72.82505153550599,G00486,120.82340571407563,50.021499450700304,10000,10.012166698773703,24.679362932840984,-6.4636996785799665,33.875,8.541666666666666,0.7083333333333334,71.30821228027344,21.208333333333332,2.5416666666666665,21.208333333333332,2.7083333333333335,15.653184096018473,31.567962487538654,1267.0274709065754,33.65004173914591,-15.958354234695435,49.60839637120565,24.679362932840984,-2.7228177239497504,853.6666666666666,214.67380040356613,8545.002976190477,13763.092261904761,2376.3303571428573,13.133033350990145,0,0,1.0879629627635479e-5,4.629629512675348e-8,4.629629512675348e-8,1.3148147694732028e-5,0.17205808817577536,0.17205808817577536,0.17242371888875527,0.18101604064378268,0.18229574818279887,0.23915132381689397,0.18650050131396356,0.02621141265146447,0.7138857832194129,2,1.0299194792117805,0.5451055577656063,0.49940134477002895,1.3240740284985534e-5,1.0879629627635479e-5,0.04417467944372784,0.09412979719735926
487,3.5063880614783725,0.022126524455896412,79.5141721999998,0.46506701492911673,0.0012347995843215713,-0.010579447053931176,-6.564240043233291e-5,74.28068129949405,G00487,121.72172099819515,50.021499450700304,10000,9.430951595306396,23.92764778137207,-6.7311145782470705,38.9,10.2,1,72.59097251892089,23.75,3,23.75,3,15.767469692230225,32.1012077331543,1246.5167602539063,32.98163728713989,-16.15470004081726,49.13633708953857,23.92764778137207,-3.1452396154403686,956.55,186.51526676613392,10298.582386363636,16461.66193181818,3059.1363636363635,12.311938907923247,0,9.837963076548745e-7,0.001331064816479368,1.7812500196770188e-5,1.8055555756291143e-6,1.3333333508516835e-5,1.3828142558457712,1.376968527098602,1.3999037700312564,1.4167334923627326,1.4113095796356825,1.4610626438275887,1.408132044800272,0.030217841484632673,0.14036553707182936,2,0.2025046642452442,0.975139058214535,0.048835845841858516,3.295138928091614e-5,0.0013320486127870227,0.0439659514125612,0.09488306291362728
488,3.4850333642354974,0.021980751880227693,82.5363524999999,0.4351960796673623,0.0010143829143640717,-0.010763024734773198,-7.544690109811306e-5,74.02759218650368,G00488,122.62003628231469,50.021499450700304,10000,7.637912011146545,21.817933177948,-7.890631198883057,51,14.3,0.95,82.51600151062011,32.3,2.95,32.3,2.95,15.314698934555054,32.162656211853026,1208.793115234375,30.535837173461914,-17.093287467956543,47.62912464141846,21.817933177948,-5.330449938774109,1284.4,258.035166921916,10745.130952380952,17338.58630952381,3601.7708333333335,13.340343433009085,0,9.027777852881829e-7,0.0014759375028756108,5.118055581634609e-5,3.24884260365892e-5,3.516203723847866e-5,1.9959378258608118,2.051300984372875,1.9833240293201488,2.1091921822200312,2.1410638409013076,2.1849315066833146,2.077625061559748,0.08098651887013406,0.35006071313165543,4,0.2525154274225467,0.9249633700278449,0.14251353825882485,1.1883101909141394e-4,0.001476840280660899,0.043856422644936666,0.09658664920685893
493,3.5458900315751674,0.022013259841571146,105.78382589999983,0.4941280244683455,0.0016479544553746998,-0.010163330642897457,-4.789436331474741e-5,74.85550443869595,G00493,127.07175202779695,50.015963241049114,9078.777686093666,7.4701927423477175,22.503270626068115,-8.673193645477294,51.7,16.6,0,103.09592742919922,37.4,0.55,37.4,0.55,13.065841579437256,27.92174377441406,1262.8836791992187,30.290249824523926,-16.500550079345704,46.79079971313477,22.503270626068115,-7.355304074287415,1144.85,113.42805510194789,9047.333333333334,14627.497023809523,2467.5565476190477,12.573479334497863,0,6.944444690075384e-8,4.23333333909189e-4,5.509259264929117e-6,9.097222267781843e-6,0,1.0130284422547753,1.0130284422547753,1.0130284422547753,1.0133941398337851,1.0349702962542566,1.0141255349536595,1.0169292163010046,0.008848571354579003,0.16983075726045166,3,0.15458661714620364,0.9664940280410108,0.06529969267646585,1.460648153271096e-5,4.234027783560898e-4,0.0438895952699548,0.09216198532880976
554,3.6131956201520063,0.022722113819613247,114.95754289999986,0.5550232486184591,0.002434279252453478,-0.009755088944175415,-2.150727163655419e-5,74.68413015731132,G00554,117.19879746264533,49.400794096827376,8501.12189168454,9.369562873840332,25.143866806030275,-7.530568351745606,44.04,13,0,92.55733856201172,29.56,0.24,29.56,0.24,15.415079078674317,30.057933044433593,1328.576220703125,34.19757034301758,-17.09110008239746,51.288670196533204,25.143866806030275,-6.085593357086181,992.96,28.537227148644508,8325.979166666666,13671.08630952381,3790.1726190476193,10.681318552391621,0,8.525377232456286e-5,1.5923639791665786e-5,3.428440805252366e-4,1.2271376361313343e-4,0.001562997254760826,1.047035181609431,1.0508805210317569,1.049968576536339,1.050192700026034,1.0497015622565002,1.0497015622565002,1.0495800172860934,0.0013208636117429781,0.8509540232089662,4,0.6138335746540438,0.7338936916615937,0.4305072151132473,0.002028555098899196,1.0117741211622865e-4,0.04480793665843562,0.09083287190345447
555,3.575057179415595,0.022836909931452855,105.27764929999978,0.5405800633943376,0.002351081421225299,-0.009883383310983925,-2.594757144099369e-5,73.61744788214415,G00555,118.16546798198165,49.407414090645936,8665.718583630816,9.500174255371094,25.50917495727539,-7.507441673278809,43.28,12.92,0,93.22998016357423,29.16,0,29.16,0,15.123336715698242,29.43969337463379,1343.9614404296874,34.4484797668457,-16.93130012512207,51.37977981567383,25.50917495727539,-6.103831672668457,1051.4,98.58541136158702,8094.230113636364,13413.892045454546,5244.423295454545,12.496838702330974,0,4.820530401033046e-5,5.829903922266457e-7,4.78395062676299e-5,9.028349364007039e-5,0,0.2564486816649603,0.2801149827159044,0.2615866214395079,0.2538088250021298,0.2520662489534472,0.2520662489534472,0.2593486014548995,0.010783462319445287,1.0677921287716368,3,0.9719462814913189,0.4830285616138702,0.6346496394313641,1.3812299990770028e-4,4.878829440255711e-5,0.04498207844147108,0.09230370645282569
556,3.523267574626929,0.0229451427992792,85.94203769999972,0.5238628562259783,0.002446454564843687,-0.009805032462715647,-2.4373416396921794e-5,72.15159792564702,G00556,119.0267751458366,49.440860638347424,10000,8.877041292190551,24.676033528645835,-7.873543071746826,54.6,15.6,0,96.26742858886719,36.666666666666664,0.23333333333333334,36.666666666666664,0.23333333333333334,14.55136604309082,29.00983460744222,1324.7232259114583,33.17730846405029,-17.002633349100748,50.179941431681314,24.676033528645835,-6.596608384450277,1141.4666666666667,191.69942948367847,7005.479166666667,11575.502976190477,3939.7053571428573,13.142077009877363,0,2.749199832569864e-5,1.4449016738615222e-5,1.5145176164160868e-4,2.243141289361852e-4,0,1.089846781526398,1.0458677903822609,1.0306453447951773,1.0379282795580997,1.0358145447162639,1.1455684828597819,1.0642785373063302,0.04524703870738966,0.9971691378883076,4,0.7193054850794922,0.5370132164594331,0.5746248918477846,3.757658905777939e-4,4.194101506431386e-5,0.045059640128415956,0.0932851175060113
557,3.532118241409858,0.022855799700327032,87.93441299999975,0.5207359712568904,0.002503310995141569,-0.009777026893395236,-2.374069191216968e-5,72.28346530821115,G00557,119.9250904299561,49.440860638347424,10000,8.700069618225097,24.330783309936525,-7.932190055847168,64.52,18.76,0,104.92838806152344,45.08,0,45.08,0,13.97473575592041,28.30070198059082,1311.051337890625,32.567050247192384,-16.830570068359375,49.397620849609375,24.330783309936525,-6.753848361968994,1094.04,195.07231137879785,6878.673295454545,11416.727272727272,2148.625,12.109216601858499,0,1.0093735826981193e-5,4.6997028048168925e-4,8.493369861581141e-5,2.0107453128214742e-5,0,1.3185439046487453,1.390791089941171,1.3853748569671176,1.3752942123052234,1.3874746872779338,1.385354171285709,1.3738054870709833,0.027563160053518273,0.6420242934974659,4,0.4631226321795172,0.80322360174293,0.33228191093405035,1.0504115174402614e-4,4.8006401630867044e-4,0.04501684083893583,0.09312131341733751
558,3.537785151868643,0.022522791516705547,88.04667219999966,0.48676502265545296,0.001985570705977927,-0.010135294179515088,-4.017837816997303e-5,72.86340797117528,G00558,120.82340571407563,49.440860638347424,10000,8.688607549667358,24.218322245279946,-7.913401444753011,74.6,21.6,0.2,106.43978856404622,51.96666666666667,0.7,51.96666666666667,0.7,13.686588954925536,27.86128387451172,1305.0440226236979,32.39631640116374,-16.736308670043947,49.13262519836426,24.218322245279946,-7.376013930638631,1034.8666666666666,243.4532785784055,8190.690476190476,13413.785714285714,2842.7738095238096,13.780567112448688,1.50306394211935e-7,1.7620534133720358e-5,1.5896635541499038e-4,5.444560047841237e-5,1.9239218367431603e-5,0,1.2446878900122507,1.2352851442373631,1.2181382328785588,1.2418094215685254,1.2467480080283309,1.250471412336491,1.2395233515102535,0.011655384778622874,1.0086056149897922,4,0.7275551594792682,0.6347938520863671,0.5389135338838189,7.383512524005592e-5,1.7658688954871074e-4,0.04482474784834502,0.09509119247909115
559,3.635826938937464,0.021670325715356962,87.16880929999996,0.4705863033493764,0.0013993565212154506,-0.01038108783711488,-5.391310522292359e-5,76.05529123766293,G00559,121.72172099819515,49.440860638347424,10000,7.934337959289551,23.3683797454834,-8.63600336074829,91.16,24.72,0.8,99.0882647705078,59.64,2.68,59.64,2.68,13.409077491760254,27.5262410736084,1298.952119140625,31.400649795532228,-17.31934013366699,48.71998947143555,23.3683797454834,-8.505828361511231,1107.8,148.5342272564363,10540.213068181818,17247.957386363636,8581.579545454546,16.879509447969944,5.944215836941133e-7,5.022062187767185e-4,2.0919067407179977e-5,5.749542720698145e-4,2.3938043130072707e-4,0,1.1670244539246821,1.161821061987094,1.1990294735951181,1.2819980375108326,1.3039939593017065,1.3039939593017065,1.2363101576035234,0.06780643021900355,1.1070747026835914,4,0.7985855917276204,0.4296942391010578,0.6422429787385373,8.149291249542357e-4,5.231252861838985e-4,0.044260060440929276,0.09453863861916736
560,3.636609836849732,0.02048063281390562,92.36112360000007,0.366773549826443,-4.499445401664745e-4,-0.01120071567372196,-9.945132429084086e-5,78.26392688467867,G00560,122.62003628231469,49.440860638347424,10000,5.446668367385865,20.430274887084963,-10.567756671905517,125.64,33.52,1.28,99.61016235351562,80.92,4.2,80.88,4.2,12.486629943847657,26.761043243408203,1258.3910107421875,28.086380004882812,-18.554070053100585,46.64045028686523,20.358293228149414,-10.380504970550538,1557.64,250.40648287667528,14635.568181818182,24841.34943181818,23665.823863636364,29.606051261583275,1.1659807880297224e-5,0.005466003669709465,9.690100591420734e-4,9.457018729876726e-4,0.009475605870937853,3.287151332726892e-4,3.284673645159775,3.177832826308095,3.072167874051751,3.2193063902477648,3.2392115595222277,3.307457670184772,3.2167749942457307,0.084582614753881,1.0948848949444616,5,0.6802902345506245,0.551013150599217,0.5887893735612201,0.010761682685078513,0.006435013728851538,0.0433539792338682,0.09934733910097017
561,3.4936983485997164,0.018519038986414656,88.21565660000006,0.2613484432873873,-0.0037671202179137605,-0.011840431054525343,-1.5105527465855535e-4,81.00450117627902,G00561,123.51835156643419,49.440860638347424,10000,6.375898615519206,21.008219528198243,-9.369902769724527,149.6,40.43333333333333,1.1666666666666667,102.58539479573568,97.4,4.8,95.46666666666667,4.8,12.26951805750529,26.811839421590168,1232.79912109375,28.421733347574868,-17.332558377583823,45.7542916615804,19.739137395222983,-8.899116659164429,1330.6,289.5397775066851,23044.375,39308.5625,200567.04464285713,173.54964388029344,2.402492002079281e-4,0.3731743255285068,0.010708996340632092,0.005421376323649727,0.013978760858519951,0.001391826705614361,10.43375271965612,10.34025475331685,10.033019289961965,10.370502642179147,10.738806938829937,10.74128262195621,10.442936494316704,0.268498190246122,0.3691739290613507,4,0.26630269834115233,0.9216102947692916,0.14855175122213216,0.021032213087991965,0.3838833218691389,0.04179705494401489,0.1061182039194162
563,3.5576618307983248,0.01663062341959878,51.27402419999988,0.21283315424651328,-0.0077721394116797415,-0.010770504921383898,-1.856685483071231e-4,88.46742146180273,G00563,125.31498213467326,49.440860638347424,10000,5.191585453351339,20.28749313354492,-11.426770782470703,248.66666666666666,68.8,2.8333333333333335,107.32066345214844,162.8,10.266666666666667,160.7,10.266666666666667,13.29913059870402,27.655200322469074,1284.63544921875,28.002308336893716,-20.07572498321533,48.078033447265625,18.910937690734862,-11.364348570505777,1357.2666666666667,205.9762177991687,25538.194029850747,42746.40298507463,229885.91044776118,116.67525426701434,7.010499583863363e-5,0.1891680513022597,0.0044429791146084465,0.0073476058760967595,0.5216789778594456,0.013781227667797172,8.850768593952713,8.792985498694415,8.574725044625145,8.951321430725626,9.284895714514663,9.208163042132554,8.943809887440853,0.26604768551505087,0.7455160727355501,3,0.6785979734846841,0.7083323926512992,0.43180662104735534,0.5428779163991783,0.19361103041686814,0.03876671792542272,0.09814576418445682
564,3.5596705739167636,0.0160806393633357,61.52567649999977,0.2383003540863306,-0.008521164300734177,-0.009951412487455442,-1.9205063423170264e-4,91.34592359785508,G00564,126.21329741879276,49.440860638347424,10000,3.9636316204071047,18.955151748657226,-12.602041778564454,295.68,81.4,3.6,106.1255093383789,190.6,12.68,189.64,12.68,13.845860023498535,28.571092834472655,1277.0359228515624,26.872919845581055,-21.589310073852538,48.4622299194336,17.589873161315918,-12.529840087890625,1550.72,101.2103914296024,25806.789772727272,45045.78125,141208.7215909091,108.34850135385098,3.8854595245308e-5,0.2783233310809161,0.007941929590815163,0.0015176268873788854,0.6664756061239007,0.0016882830386790123,12.0064885320547,12.271073078607126,12.15498132512456,12.493244376441606,13.131820071083194,13.124564717288903,12.530362016766682,0.48965114208532395,0.6723815422816564,2,0.9700415166350186,0.6971606939382397,0.42913122719325103,0.6697203706452038,0.2862652606717313,0.03753488398753365,0.091178104429057
566,3.473849757033509,0.016198732981316497,53.65923699999991,0.20485667879823902,-0.008451436035006038,-0.010429395466913986,-1.874379173548917e-4,89.16703874705966,G00566,127.9870705312759,49.362860946853445,7217.280766558497,2.990013513962428,17.68669719696045,-13.304484907786051,286.46666666666664,85.1,2.1,112.5991818745931,191.8,7.666666666666667,191.76666666666668,7.666666666666667,13.268653519948323,28.323618952433268,1254.9653605143228,24.925308227539062,-21.93374163309733,46.8590498606364,17.623065249125162,-13.304484907786051,1638.2666666666667,178.38585326106485,27493.40056818182,48749.326704545456,141703.04261363635,208.032741720344,0.035511122514583604,0.2798782351922442,0.011346502066632477,4.1305441349531556e-4,0.6513698560005178,8.202560554497011e-4,11.588063465528812,11.591710469889675,11.573428737012804,12.076458028258157,12.393022654333075,12.888786788877031,12.018578357316592,0.5415789419944835,0.8103200676481864,4,0.584522371564424,0.6651117116198194,0.47450468940103263,0.6881142889840464,0.29122473725887665,0.038248398344221723,0.09845606167876872
567,3.5247755012645694,0.015980767820168943,57.36211589999983,0.2192680677463201,-0.008420804033034478,-0.010285851700965165,-1.9317158477471838e-4,89.35618593424928,G00567,128.8311491841014,49.30378025244225,4819.566714623869,3.1508062744140624,17.29903018951416,-12.263169937133789,326.28,90.4,2.16,109.18572937011719,216.88,8.56,216.88,8.56,13.348242454528808,29.38715003967285,1199.538447265625,24.622159957885742,-20.80603012084961,45.428190307617186,17.29903018951416,-12.263169937133789,1635.48,143.71184131216654,27227.1875,47759.661931818184,141804.54545454544,181.03812932434244,0.006142626884984853,0.17156641528747868,0.02546681527069482,9.766803837012309e-5,0.7573065498817334,0.00197983538317762,10.144565592478273,10.309553801454769,10.230439936071239,10.568574058472004,11.165853753498864,11.026634559833719,10.574270283634812,0.43071501776089927,0.6380962868756896,3,0.5808202706791843,0.786763027866455,0.34848957967775407,0.765526680188266,0.1970332305581735,0.03837184620791451,0.09571535403830203
568,3.5028753069132152,0.015841149244050324,55.74330429999998,0.2338702263160562,-0.008937263883173245,-0.009797863265354175,-1.9470498098236627e-4,91.43390496389745,G00568,129.4888550168273,49.242159287071196,1030.1498471918921,4.346386090914408,18.49692770640055,-11.17103328704834,330.8,87.63333333333334,2.1333333333333333,104.92041346232097,215.8,8.7,215.8,8.7,12.764306926727295,28.45245494842529,1205.685184733073,25.53358325958252,-19.331041463216145,44.864624913533525,18.49692770640055,-11.17103328704834,1398.9333333333334,70.9360728880702,28412.847305389223,49886.116766467065,148043.34431137724,200.8827412621625,0.003202699898212031,0.3621449059171997,0.022167647396923666,2.261451478898495e-4,0.5366117109459494,0.008236956262839141,10.66215524134839,10.688765177293487,10.461036812612187,10.956062820747123,11.7601644307749,12.109063503007617,11.106207997630618,0.6698669975223547,0.837498870983509,3,0.7623243246248785,0.5753993429240952,0.5174670234472871,0.5482775122548904,0.3843125533141234,0.037568027759450645,0.09268671195389508
592,3.670000640347732,0.021307360166222047,101.70778870000002,0.44885943069854467,-3.5331050850466607e-4,-0.010947992860904546,-8.323563371155233e-5,80.16031644550638,G00592,86.92038426779793,48.81714642002576,4476.0488951471225,11.649893140792846,25.38749771118164,-4.9131687641143795,54.1,12.7,0.45,81.05802764892579,32.9,2.3,32.9,2.45,17.387892723083496,34.26804447174072,1250.415216064453,34.558599853515624,-16.17037501335144,50.72897453308106,25.38749771118164,-3.4952937766909598,1020.5,10.865202785910043,19242.145714285714,31317.605714285713,202186.85142857142,117.0061478161297,0.0012285343302354693,0.2963912034483943,0.006266508593749429,0.027916158542457287,0.007077619707878986,0.014020867190731073,4.706717535293734,4.886299128356307,4.972171721833419,5.347147293768427,5.981642216501908,7.1786250491199874,5.512100490812297,0.9334640023786508,0.645092277442216,5,0.40081836798947024,0.8398709391901313,0.28605107578084854,0.05024317977130281,0.30265771204214376,0.044039079036254904,0.10015372212716842
593,3.727358953159103,0.02239331778958246,130.78268129999972,0.5368013576640245,0.0019649710896309895,-0.010086730524571874,-3.3650336068197954e-5,76.90664198295737,G00593,87.51750421515183,48.81971384764546,7661.256512639461,12.009478330612183,26.283855597178142,-5.187316020329793,65.83333333333333,16.625,0.9166666666666666,90.33138275146484,42.708333333333336,2.9166666666666665,42.708333333333336,2.9166666666666665,17.24142901102702,33.417410691579185,1290.2517649332683,35.48741674423218,-16.104250192642212,51.59166685740153,26.283855597178142,-0.9888489743073782,995.5833333333334,14.273467835742334,11367.532738095239,18846.660714285714,41886.19047619047,21.52616646118924,2.4171415609501037e-4,0.04058648275811306,3.530544782844568e-4,0.006328379307638076,0.003816503309169425,0.0052154547619063215,1.2236643660828384,1.2344500925529762,1.2267031558659456,1.2669598734666954,1.5129452218352577,1.3867316301042385,1.308575723317992,0.11748598356709791,0.9399044242315995,4,0.6779977258742625,0.7178164540502197,0.4590906881706599,0.015602051534808831,0.04093953723639752,0.045104508030456944,0.09343986497314699
625,3.465830295753407,0.016030815584712067,56.13878530000032,0.1865042804627295,-0.009259687559130494,-0.011328708593618352,-2.1107929445294838e-4,86.47546626717092,G00625,116.39460587608608,48.83263639573477,8475.7190983551,5.647060966491699,20.523449897766113,-11.432362413406372,324.3,94.4,3.9,110.45079956054687,214.1,13.95,210.7,13.95,13.386507368087768,27.61643238067627,1293.2498168945312,28.064449977874755,-20.41860008239746,48.48305034637451,18.583658266067506,-11.249847793579102,1131.55,225.46197602163195,31912.122023809523,54827.41071428572,317191.73214285716,294.1428018333108,0.02802502258199956,0.46669194879538345,0.047432046128044726,6.152890723516323e-5,0.32285977869011256,0.0171789182048945,14.59522362466038,14.839653133209106,14.92811450566331,15.82847051647769,16.687341515642117,17.172193942004686,15.675166206276215,1.0687878581082755,1.0488225656958796,5,0.6516701002212936,0.5289797099124655,0.5819818932275613,0.36812524838424177,0.5141239949234282,0.03981354491567092,0.10553650327145639
626,3.5681253721049395,0.01650979714676735,68.15322860000016,0.2351924715634664,-0.007619754412996291,-0.011889753728431037,-2.052487673316253e-4,83.10828791759417,G00626,117.23014457759756,48.85326434139967,10000,5.3362769683202105,19.586904843648274,-10.764727433522543,329.1666666666667,92.16666666666667,2.5833333333333335,111.78938007354736,218.33333333333334,8.958333333333334,217.04166666666666,8.958333333333334,14.050946195920309,29.796915372212727,1229.3890686035156,27.037604252497356,-20.123510599136353,47.16111437479655,17.987192789713543,-10.764727433522543,1219.0833333333333,178.99864382936988,31150.335227272728,53363.55965909091,279657.54829545453,242.91443515793918,0.03035785908567743,0.3963011744264423,0.08371479222032766,6.097786825805167e-4,0.42709535895020023,0.0037755645912252883,15.328275849831579,16.09799070197127,16.741140835847144,17.91824844085984,19.041938542906497,20.086016273787777,17.535601774200682,1.8160542153758865,1.0755898847538894,4,0.775874096382384,0.45346212846358686,0.6083717795090917,0.4618385613096835,0.48001596664676993,0.0418491507961596,0.10516535848042963
627,3.506880528305838,0.015734853154788626,69.01131129999975,0.20767092773106374,-0.008823879376462989,-0.009925683970628152,-1.934701869699871e-4,90.64617363436129,G00627,118.12845986171706,48.85326434139967,10000,4.176190638542176,17.903099822998048,-11.08462085723877,369.1,98.75,2.9,107.32068481445313,239.8,10.9,239.8,10.9,14.026281309127807,30.830559253692627,1175.4234191894532,25.21657485961914,-20.274637508392335,45.49121227264404,17.903099822998048,-11.08462085723877,1471.3,151.23634344610218,28093.383285302592,49303.3083573487,142915.82997118155,234.29726825505267,0.023114611548038278,0.258127326135514,0.021203974736095553,2.1797651297822632e-4,0.6410700090949513,0.009680058713896222,11.617561105157664,11.664440876628811,11.478309418200867,11.9173755935458,12.70365264387225,13.000245785667735,12.063597570512187,0.6339082044539018,0.8439675082854607,5,0.5243864965309855,0.6723941941084705,0.4734003519623641,0.6740826558698639,0.2793313008716095,0.03796323138895639,0.09549047597308584
628,3.476970534924466,0.015709758146702613,58.33319319999992,0.19551665034427462,-0.009083214564737341,-0.01010654196748804,-0.00019678814015458467,90.17738129008616,G00628,119.0267751458366,48.85326434139967,10000,5.06960067152977,18.777586857477825,-10.138232588768005,367.2916666666667,101.45833333333333,3.5416666666666665,102.18211491902669,233.125,12.541666666666666,233.125,12.541666666666666,13.34055209159851,29.858901262283325,1174.3741760253906,25.81826051076253,-18.853312571843464,44.6715726852417,18.777586857477825,-10.138232588768005,1363.4166666666667,173.8004644679506,28968.83183183183,50328.41141141141,159641.27327327328,260.3162762441486,0.026719831336954387,0.32561524961596766,0.02330648508462025,6.47914288384538e-4,0.5335626167343779,0.006955835415524534,14.080462143003352,14.25845742802166,14.26622838685946,14.689317125467396,15.718781413042601,16.156983961201888,14.86170507626606,0.8684337137531479,0.9212475591866051,4,0.6645396425347885,0.581978621512903,0.5336072033917807,0.5678861977752414,0.3489217347005879,0.038056854464668305,0.0975174453328869
629,3.4485641358964854,0.01579446573284168,48.69747240000008,0.19267628448550606,-0.008823158747374197,-0.01075741202534487,-1.9629943325523823e-4,86.79619525310478,G00629,119.9250904299561,48.85326434139967,10000,6.707302594184876,20.54476842880249,-8.717293787002564,382.65,103.65,2.5,101.49321937561035,241.2,9.85,241.2,9.85,12.710496759414672,28.84905242919922,1190.6403503417969,27.190249919891357,-16.8639123916626,44.054162216186526,20.54476842880249,-8.717293787002564,1091.8,210.63777838794854,29463.764204545456,50552.505681818184,200971.8153409091,320.10013044155005,0.03046476962814792,0.27556595529053496,0.04611119019727213,2.1691508699262814e-5,0.5756289744900442,0.001779719958083261,15.50895527464051,16.04073447528098,16.475872600436563,16.572919664728914,17.571981028206046,17.533992426570475,16.61740924497725,0.8166477768259949,0.9304730655607849,4,0.6711944386826478,0.6192406699572848,0.5251237014232364,0.6078951555849746,0.32167714548780707,0.03933965712392453,0.10230872359252163
630,3.3507837567000105,0.01548043653722594,43.346354600000026,0.17026287443951535,-0.009342243331043828,-0.010721052871393381,-1.9841032295297073e-4,85.91221506547028,G00630,120.82340571407563,48.85326434139967,10000,7.811708879470825,21.663651943206787,-7.494997906684875,425.8,119.2,1.85,108.36555480957031,281.4,8.6,281.4,8.6,12.41744065284729,28.746672344207763,1187.5724304199218,28.059262561798096,-15.13730001449585,43.19656257629394,21.663651943206787,-7.494997906684875,937.6,258.0673922590152,29903.48948948949,51288.45645645646,192370.82582582583,406.07701453942366,0.17614150860604286,0.2729118000611909,0.05087669373081815,1.3787262958951687e-5,0.42469059377717244,0.01655494581796666,17.008781538169885,17.770622314333853,18.195619587177177,18.470635307035476,19.82017607109067,19.981093180400546,18.541154666367934,1.164093953122345,1.260640366667804,5,0.7832798997267452,0.451227591065889,0.6740583524131956,0.6174008354641409,0.3237884937920091,0.038987507740384925,0.1042237178039382
631,3.159561798500923,0.01487315526812881,64.61950530000018,0.16696985955882968,-0.009109409935404392,-0.009902930824199378,-1.713545643494206e-4,84.11870461844835,G00631,121.72172099819515,48.85326434139967,10000,8.982860167821249,22.33378489812215,-5.865071187416713,490.4583333333333,156.54166666666666,2.0416666666666665,124.08234755198161,354.9166666666667,7.583333333333333,354.9166666666667,7.583333333333333,12.219567656517029,28.948424975077312,1145.6920166015625,28.423333406448364,-13.78557288646698,42.208906173706055,22.33378489812215,-5.865071187416713,564.875,292.0780587296902,28091.991477272728,49217.65340909091,156397.7215909091,622.0633557905295,0.6040393745839174,0.11258630303419369,0.04428590784522789,1.0311653142030669e-4,0.21490783655223608,0.0037882339858809114,15.22564762816252,15.832008835881256,15.986422643194759,16.192299483220474,17.197984157441102,17.502390089402468,16.32279213955043,0.8639652183899926,1.042000704511934,4,0.7516446245010866,0.6165486708105453,0.556485206135988,0.8228385616534547,0.15687221087942158,0.03799776531471705,0.10347452068573657
632,3.136189488723495,0.014571112747953531,61.21601330000046,0.1716856512868808,-0.008867400647824522,-0.009155823289369834,-1.5821741553638272e-4,86.49274328766931,G00632,122.62003628231469,48.85326434139967,10000,8.831384348869324,22.127566528320312,-6.068441712856293,526.05,174.9,2.55,128.81758804321288,387.55,8.75,387.55,8.75,12.041370964050293,28.493672370910645,1143.802294921875,27.986612606048585,-14.270737504959106,42.25735015869141,22.127566528320312,-6.068441712856293,510.95,251.7259317925789,27175.98181818182,48440.21212121212,135407.33333333334,636.7517301553978,0.6773750113521911,0.08338733061367207,0.02958325435177143,5.4426377961479006e-5,0.1611311314131061,0.02514425250046688,14.483709271029387,15.053882011761898,15.138205917147022,15.352025727038164,16.37155038294096,16.5003711426378,15.483290742092537,0.7928841966258787,0.9618417723140458,5,0.5976258946574488,0.6935518256816848,0.48289793175805096,0.8637048216437256,0.1129705849654435,0.0368315816153018,0.0982100648562304
634,3.0732579188515943,0.014009990522281761,56.94060780000007,0.18888221159479587,-0.008498051711831711,-0.008148399310903673,-1.429067546405628e-4,89.2968070761863,G00634,124.41666685055372,48.85326434139967,9999.999999999969,8.55216759443283,21.984755357106526,-6.414361119270325,561.8333333333334,177.25,2,124.62551403045654,402.9583333333333,8.166666666666666,402.9583333333333,8.166666666666666,12.338904420534769,28.873157342274983,1152.0306905110676,27.77634358406067,-14.956531246503195,42.732874711354576,21.984755357106526,-6.414361119270325,466.2916666666667,135.93268128224244,27977.404761904763,50126.017857142855,150188.9107142857,711.8249842345708,0.45557192849058487,0.17070552171237213,0.02152277554019565,4.257000933006189e-6,0.3080937557677402,0.001447594847504677,15.939824565127815,16.081675138349656,16.268971681470994,16.62125567415576,17.33364395207657,17.48684334280171,16.62203572566375,0.6536566288537975,1.1208964923152365,4,0.8085559054065129,0.4758697563784041,0.6376767668333376,0.7651175361067627,0.1922282972525678,0.035492723074998137,0.09193385298900726
635,3.1047428985483743,0.014081152273318347,60.00056960000009,0.16960734583240167,-0.008936794404961059,-0.00838271459565093,-1.6030844673423263e-4,89.95441259367445,G00635,125.31498213467323,48.85326434139967,10000,8.616738939285279,21.961491775512695,-6.2008013248443605,569.4,175.6,2.15,123.29919700622558,403.3,8.15,403.3,8.15,11.618211650848389,28.015866851806642,1144.894549560547,27.246765899658204,-14.20793890953064,41.45470485687256,21.961491775512695,-6.2008013248443605,299.1,168.0898569218262,29110.482954545456,51893.735795454544,210395.61079545456,655.6766859781598,0.29918310729472736,0.3219481028362858,0.026619930007621372,6.0862692394536245e-5,0.30445084694325364,0.008273057829560001,18.08779297986157,18.242675749703732,18.073139539504346,18.40416040741791,19.270735898103165,19.454964342951918,18.588911486257107,0.6141798896229991,1.2348160251226332,4,0.8907314779273223,0.3351754997264173,0.689335120304094,0.6119678747599355,0.34856803284390714,0.0355243827938358,0.09341173543759632
636,3.284046702773394,0.014639344627307488,67.68163449999997,0.2141893634059895,-0.00913584301420962,-0.009349380515404066,-1.736640736811259e-4,86.72425068812245,G00636,126.21329741879276,48.85326434139967,10000,8.842165538242885,22.391808918544225,-6.244424070630755,565,175.28571428571428,2.5714285714285716,120.38532366071429,394.42857142857144,9.857142857142858,394.42857142857144,9.857142857142858,11.118228503635951,26.785357883998326,1164.8372105189733,27.442820412772043,-14.057284491402763,41.50010517665318,22.391808918544225,-6.244424070630755,86.14285714285714,62.61902951294324,30104.167883211678,52891.51094890511,309172,558.6026527172559,0.15702019296774933,0.5473836130472717,0.0846894063578723,0.00033709173558161306,0.15040261273482858,0.012403606951257853,25.428845914136257,26.256762511374884,26.440079728161543,27.153193879178996,28.132275711125484,29.332826163701824,27.123997317946493,1.4134907419835905,1.1815417900299405,5,0.7341331907876998,0.5748399681898423,0.6093414418830269,0.3201635043894174,0.6320730194051439,0.038256213507520904,0.09615172365993363
637,3.476325284052953,0.014482735503477378,63.75082750000017,0.229274187776359,-0.009211569392482214,-0.00968720156254661,-2.130238715836449e-4,86.9784582616488,G00637,127.11161270291227,48.85326434139967,10000,9.195815563201904,23.227386474609375,-6.530454397201538,632.5,176.5,6,108.09639739990234,404.5,19.5,404.5,19.5,9.13513469696045,22.002007484436035,1206.397216796875,27.728906631469727,-13.789409637451172,41.5183162689209,23.227386474609375,-6.530454397201538,9.5,10.606601717798213,32810.96,53844.2,476366,335.0083332505254,0.016830261860989716,0.46713210514509595,0.14436527627414575,8.823472359512411e-4,0.015293307474458786,0.22714238591443,18.684142563932685,19.059335276217443,21.710099395457988,23.48642990879688,24.275248269026424,24.61674647391056,21.972000314556997,2.605968099897749,1.1366625001485977,5,0.7062481201461938,0.5359197134462838,0.6167698401202635,0.26014830248582976,0.6114973814192417,0.03899258637339629,0.09304326107919864
640,2.856749158239759,0.011363980807977776,66.78494249999996,0.1571899296619121,-0.006578275630924443,-0.005212898395353246,-1.7496774137467432e-4,100.78809368981469,G00640,129.74978890357295,48.8156476885638,8264.99477522475,7.734769132402208,21.500909699334038,-7.7845555146535235,957.6111111111111,263,9.38888888888889,104.31189007229275,604.3888888888889,35.333333333333336,604.3888888888889,35.333333333333336,10.87221876780192,25.17012225257026,1182.6886867947048,26.996972190009224,-16.190305603875053,43.187277475992836,21.500909699334038,-7.7845555146535235,212.61111111111111,83.47605425501932,30562.231927710844,53457.08734939759,260973.3734939759,776.2291356331407,0.7196784430098399,0.16788405560844422,0.013571623424987403,1.0947495510272078e-4,0.059820796672987786,0.006991611348581395,14.95440934286433,15.227314198442317,15.18392270489511,15.429867571414983,15.773939126345526,16.071726481854157,15.440196570969404,0.41407855288539636,0.7927526133417306,4,0.5718501319599404,0.7434264539219644,0.4131739423173979,0.7866003259865118,0.18145567903343163,0.029430236108619577,0.06960556564489996
663,3.5069803307432226,0.024828225876793907,78.32058239999986,0.5936879817590753,0.0031092618682538936,-0.009363300621981473,1.2910520198343264e-5,68.4751722603844,G00663,85.91403161482862,48.1666332575863,5306.128168723001,9.298953676223755,23.288560771942137,-6.1208853960037235,16,5.1,0,77.32263259887695,12.5,0.2,12.5,0.9,16.37709069252014,33.973652839660645,1196.775897216797,32.48137502670288,-15.743649959564209,48.22502498626709,23.288560771942137,0.37830835282802583,1280.05,223.84075048781304,5542.938502673796,9344.144385026739,1618.283422459893,11.275117242531927,0,0,0,0,1.1155733765482766e-8,0,0,0,0,0,0,0,0,0,-0,1,0,1,0,1.1155733765482766e-8,0,0.047350514770667464,0.09619305365158767
664,3.448834307832629,0.024427628345373886,76.87890759999979,0.5298348911211914,0.0019276237319642813,-0.009893499002875006,-1.0193970442740988e-5,67.59982608674478,G00664,86.70494138203597,48.24542684123918,9493.2592168621,8.453961372375488,22.10028823216756,-6.45982297261556,20,5.958333333333333,0,74.3157958984375,14.291666666666666,0.75,14.291666666666666,1.2916666666666667,16.55194886525472,34.84766483306885,1161.4467519124348,31.34274983406067,-16.1857187350591,47.528467973073326,22.10028823216756,-0.23198097571730614,1462.5416666666667,387.774921175614,6702.3081232493,11416.593837535014,5594.394957983193,11.607152805559013,0,1.3062249021278944e-4,2.3650156224055784e-6,0.0015189535972702113,3.8837572458990516e-4,0,0.1741201474320345,0.18476424006985112,0.17007440284722294,0.17663903224775096,0.17839156794481104,0.17839156794481104,0.17706349308108027,0.004909580486725877,0.7192508095222,3,0.654690300610214,0.7444694748638532,0.4054318219048024,0.0019073293218601164,1.32987505835195e-4,0.04706574889066793,0.0999496588359857
665,3.509627150301639,0.02430900974967539,91.58613229999978,0.5483703997325287,0.0023880275075313174,-0.00987157933631714,-8.874513907804119e-6,68.91133907321942,G00665,87.5854653835774,48.25850293624259,9993.657702431692,8.319247436523437,21.87009162902832,-6.5337229013443,29.35,8.1,0.6,71.65210914611816,18.85,2.35,18.85,2.55,17.06618013381958,35.56035327911377,1153.5520935058594,31.416325187683107,-16.577975130081178,47.994300270080565,21.87009162902832,-1.43469577729702,1500.05,305.3147599307622,7077.114973262032,11524.86898395722,24272.64973262032,13.11234522915662,8.084560538172655e-5,0.005238821958414063,5.029674259620518e-4,0.0010703369063637537,6.219879518249757e-4,2.3150379239674098e-4,1.552006546648703,1.5548597150642487,1.4783312807712297,1.564333366193781,1.5678320326938517,1.5747146915903307,1.5486796054936907,0.035462178395531375,1.070573545980654,6,0.5974984725164534,0.6762856190443418,0.5118817686996262,0.0020046742559671968,0.005741789384376115,0.04709753341506461,0.09855311484472667
666,3.4790630074403786,0.02375825186671738,76.39062089999975,0.4789311982742394,0.0012581217898217179,-0.010713623572529437,-4.222797665129245e-5,68.38503146815373,G00666,88.37023631929351,48.17729154222778,6066.449682775711,6.994211468100548,20.19491229057312,-7.333477139472961,48.95,13,0.95,79.7606044769287,31.05,3,31.05,3.05,16.832100105285644,35.92107791900635,1118.0232971191406,29.530987453460693,-17.32190008163452,46.85288753509521,20.19491229057312,-1.0913666605949401,1802.1,446.1825092705309,9860.89075630252,15853.635854341737,64490.64425770308,26.303480875574213,0.0012207719840963034,0.030071575161111117,0.00981973449978317,0.00443740516911013,0.02856215981317365,6.655957163861605e-4,4.396102552426743,4.475724305851905,4.480318778754781,4.760617470377182,4.953902255623087,5.2141808245726775,4.713474364601063,0.32321710569528506,1.277352764135269,5,0.7936638961135267,0.4021487583469374,0.6712683609819665,0.03488593268276625,0.039891309660894284,0.04713953201598789,0.10383342622301403
696,3.3292170577949047,0.014161284829562755,63.434100999999934,0.21527143022909825,-0.0085898230342773,-0.008199331724924716,-1.7435023312068523e-4,91.05274565702376,G00696,115.74076704484135,48.17980940524789,2468.556656740517,9.486670017242432,22.709081649780273,-5.482373237609863,644.4285714285714,177.28571428571428,7,106.01471764700753,407.7857142857143,23.357142857142858,407.7857142857143,23.357142857142858,8.924580574035645,22.728922026497976,1145.9601178850446,26.992911883762904,-12.27157347542899,39.26448604038784,22.709081649780273,-5.482373237609863,69.28571428571429,40.54518575505713,30090.05319148936,52935.186170212764,251575.8989361702,544.4648000096727,0.14688415671466903,0.44626112042140353,0.06753721375060374,3.0995646442027574e-4,0.1367255537061837,0.09843323877988441,22.940031657209786,24.720401361546553,25.651865179047864,27.782314656488122,29.026413329040913,31.41746484150972,26.923081837473827,3.0885027051258365,1.3706704964716323,5,0.8516454632279923,0.4979752307238804,0.6841335000646508,0.38235290566515745,0.5137983341720073,0.036865796222936474,0.08930289581510624
698,3.054391122882002,0.012469499749651215,61.52346419999993,0.18827248135848518,-0.006733685381249802,-0.005846664118128362,-1.5968836496174475e-4,97.73134269483673,G00698,117.23014457759756,48.25868973324162,10000,9.343035289219447,22.460258620125906,-5.430463007518223,835.9285714285714,227.64285714285714,10.071428571428571,102.83867863246373,520.2142857142857,33.642857142857146,520.2142857142857,33.642857142857146,9.581943103245326,23.868031229291642,1132.6259068080358,27.396545955113,-12.74283218383789,40.13937841142927,22.460258620125906,-5.430463007518223,71.71428571428571,65.66280831341587,29011.05286343612,51294.92511013216,249095.95154185023,699.6328419184465,0.3451634823305499,0.46231107629680485,0.020941714820929613,7.441469858188064e-4,0.061747978981855994,0.04346045499730367,19.789140714437128,20.197886361072605,20.343311536867674,21.2528335641767,21.614707966206396,23.263176676627005,21.076842803231248,1.2703650422510848,1.1290763259888856,5,0.7015345651211112,0.4947843393036824,0.6116923716203799,0.45111606329552834,0.48325279111773445,0.03199856876458126,0.07467199050723107
699,3.097134936761006,0.012145595787923538,74.30523329999987,0.18259754010768484,-0.007379270848847543,-0.006119063744761972,-1.8330353387236307e-4,96.48376665075622,G00699,118.13010294352483,48.27411166076685,9477.524566749196,8.974920590718588,22.139825185139973,-5.746593952178955,939.3333333333334,259.6666666666667,10.333333333333334,103.03906504313152,583.3333333333334,37.333333333333336,583.3333333333334,37.333333333333336,9.802020072937012,24.257557551066082,1130.1608072916667,27.408070246378582,-12.994222640991211,40.40229288736979,22.139825185139973,-5.746593952178955,57.333333333333336,43.154760262725745,30677.176470588234,53378.882352941175,289608.81176470587,692.9220549536428,0.4144791639679611,0.3770904225721843,0.0685634233246911,7.504330152695583e-4,0.053347733069782174,0.024087009600369337,22.444510109945277,23.25822514035236,24.271146833576918,24.80909357070923,25.543824140870253,26.579395300949212,24.484365849400543,1.5051208052571152,1.1811862597242957,5,0.733912287388508,0.4417256004954207,0.6341403584792145,0.4926643396533822,0.4456538458968754,0.03259308836180833,0.07595192787637997
700,3.8493848422018213,0.016661840201129187,63.41410469999988,0.3129678851108996,-0.005153134652543213,-0.00911088337346223,-1.5144799636118833e-4,90.6884119886678,G00700,119.0267751458366,48.25868973324162,10000,-8.701603889465332,2.825812578201294,-20.609853744506836,358.5,50,19.5,30.19129180908203,126.5,66.5,93,66.5,12.347458362579346,31.817320823669434,976.1000671386719,11.602250099182129,-27.212499618530273,38.81475067138672,-9.294708251953125,-19.0692081451416,4762,67.88225099390856,19032.636363636364,31545.636363636364,56332.90909090909,28.957658771652806,0,0,0,0,0.01659065034802212,0.00620975611424755,1.7367955532114385,1.734557735549528,1.7400350124485748,1.698804997960053,1.6981860658543257,1.6981860658543257,1.7177609051463747,0.021289726529660217,0.5855850387034265,2,0.8448206313562051,0.7276471310051638,0.39635356749023565,0.02280040646226967,0,0.03932216951230799,0.08518087606023306
701,3.787756708364073,0.019359303182931258,91.5418274000001,0.26683875608662994,-0.0032081702367457118,-0.011976682404050091,-1.4920275794228836e-4,82.35137545976639,G00701,119.9250904299561,48.25868973324162,10000,-4.611748861873315,7.156706107987298,-17.06795819600423,178.66666666666666,28.333333333333332,6.611111111111111,47.32546594407823,72.83333333333333,21.555555555555557,61.611111111111114,22.5,13.354624960157606,32.96346558464898,1001.7936570909288,16.552125136057537,-23.93175008561876,40.4838752746582,3.167354163196352,-15.581905206044516,4184.944444444444,331.7285339874125,21158.22429906542,35080.862928348906,93139.84735202492,29.17336528527551,8.629191273925445e-7,9.86193322788518e-8,6.711045362635111e-5,3.6982249138161887e-6,0.041899001451638544,0.004879684422093695,2.235906522783932,2.2123481377501735,2.2114306462429987,2.310899591783673,2.332411548944143,2.3325956431126196,2.27259868176959,0.058927320172889916,0.34583282224882356,2,0.49893129763501215,0.8943136299568911,0.18935291919989572,0.04678324701777345,6.720907295862995e-5,0.04318519790728434,0.10544139517676707
702,3.2882876755557793,0.020475875681466568,57.880709399999795,0.146372451366683,-0.001912023205934146,-0.012220156608318567,-1.495214184022588e-4,71.56741440267382,G00702,120.82340571407563,48.25868973324162,10000,1.1022044211470832,12.914685691396395,-12.068534632523855,133.45833333333334,23.291666666666668,2.375,64.80511109034221,60.125,8.458333333333334,58.416666666666664,9.333333333333334,13.249754349390665,32.34425059954325,1023.120241800944,21.838281194369,-19.152083198229473,40.99036439259847,11.745003368705511,-10.28039582570394,3202.5,1031.112695734248,20635.941176470587,33368.58021390374,103724.13903743315,38.2476828679678,0.005127443121821702,0.0048794288299593815,4.114904076045769e-4,5.729138768664334e-4,0.12850570060457867,0.0033653726136839393,2.940500710923734,2.932697146983098,2.8936905159246553,3.0568560964233424,3.13159511497914,3.1287598912284187,3.014016579410398,0.10518722205190272,0.4572998518992839,4,0.32987211426717716,0.899507120632179,0.1878529445688505,0.13757143021695073,0.005290919237563959,0.04257374768780642,0.11938842911461658
704,3.7540427753923464,0.02140679818664962,103.63271889999997,0.413495103021294,-0.0014479768284541494,-0.011365784899654351,-1.110001813808128e-4,81.93887921631243,G00704,122.62003628231469,48.25868973324162,10000,12.716357549031576,25.645073175430298,-2.7286892433961234,58.958333333333336,11,1.0416666666666667,58.97562964757284,25.416666666666668,3.7916666666666665,25.375,5.083333333333333,14.873979171117147,32.32649985949198,1155.2496439615886,34.482896169026695,-11.510875026384989,45.99377107620239,25.300413370132446,3.578857640425364,1203.6666666666667,24.85727374373575,23123.406162464988,37567.91596638656,260077.01960784313,106.25192119969957,6.92481037204962e-4,0.380961724682621,0.010961490422448103,0.008829875068063325,0.001446117806431782,0.00110816599577193,7.630322304202942,7.7041293495678635,7.794365171860919,8.097565133140247,8.91269472911332,9.85463667291977,8.332285560134176,0.881613563252457,0.2840550512842197,3,0.25855805020039474,0.9429749044607827,0.10956119637476824,0.012076639907471999,0.3919232151050691,0.04423199241838831,0.10275821925321449
705,3.74455370011803,0.021538551154815417,113.24897010000004,0.4101245479906731,-0.0017317799947257635,-0.011386513588883675,-1.1603928941307893e-4,82.29073145031812,G00705,123.51835156643419,48.25868973324162,10000.00000000001,12.642831754684448,25.40713930130005,-2.776354169845581,47.9,8.75,0.75,59.35160598754883,22.35,2.75,22.35,3.9,14.612461423873901,32.14086360931397,1151.124530029297,33.89196243286133,-11.554499959945678,45.44646224975586,24.948554039001465,1.1364145934581757,1161.35,10.707965554473429,24112.517426273458,39358.42091152815,248966.75871313672,111.93293433286956,1.2762076377805548e-4,0.3243130052082599,0.01198940434642763,0.03709189277792887,0.0034283977087117955,0.008751807208013973,7.622195846304143,7.726501087067082,7.8074770737325245,8.163145969617414,8.798509768767051,9.05572411254852,8.195592309672788,0.6006417337282317,0.6093870073935747,4,0.43957980677443814,0.8408379981694785,0.2821830958056132,0.0493997184584327,0.33630240955468754,0.04408680452509256,0.10313783087302993
706,3.67413608692283,0.024063621163626498,123.82841739999989,0.613377972767334,0.003275290246487325,-0.009623090185128823,1.5117592236478558e-6,73.00952677522133,G00706,124.41666685055372,48.25868973324162,10000,12.697067642211914,26.14449577331543,-3.5069979310035704,37.55,7.5,0,67.9129653930664,20.6,2,20.6,3,15.541033458709716,32.31455326080322,1211.9295227050782,35.19796257019043,-12.893512630462647,48.09147472381592,26.08455820083618,3.851389557123184,1149.8,21.56166188302504,8620.859943977592,14600.89075630252,23105.41736694678,18.768142090861613,8.244087461295189e-6,0.021626818387300156,0.004656470327799894,0.008904038376906566,2.7946229349659315e-4,0.002661111111570702,1.6733600482372697,1.6754421196127904,1.718852344488261,1.7639261001206523,1.7896674037728688,1.82920694434659,1.7417424934297385,0.0633005480366981,1.1417043959413813,4,0.8235656350928802,0.5670950386544884,0.6040585678342809,0.011852855869435155,0.02628328871510005,0.046839867446906526,0.09334494594703704
708,3.5336695203386435,0.025136321188424574,90.06257669999967,0.663321921830147,0.0054891005476651105,-0.008157796482638,5.703613756140379e-5,69.47559535919048,G00708,126.21329741879276,48.25868973324162,10000,12.225530290603638,26.197916889190672,-4.82902500629425,32.7,8.1,0,80.39008293151855,21,0.6,21,1.35,16.691151905059815,33.04173183441162,1273.0356750488281,35.396199989318845,-15.116400003433228,50.512599563598634,26.13215227127075,0.37119582630693915,1133.7,16.18999040993182,2332.4201680672268,4051.7254901960782,752.501400560224,7.622309375628688,0,6.905399391580155e-6,0,1.0040161119452323e-7,8.366800348462669e-7,0,0.05342222640597619,0.052761791759737345,0.052972335087428525,0.0535581456085497,0.054267940598642726,0.054267940598642726,0.05354173000982953,6.327445730208994e-4,0.4065890464451991,3,0.3700932991912213,0.8805120928510324,0.21315273228463283,9.370816460407902e-7,6.905399391580155e-6,0.046856217413358436,0.08883250835889292
710,3.547331574411446,0.025048484158601978,86.23807429999972,0.660170229472308,0.005326826639266535,-0.00826297301924359,5.3424836483170574e-5,69.74896310564259,G00710,128.0099279870318,48.25868973324162,10000,12.152071197827658,26.588338375091553,-5.3465937574704485,34.208333333333336,10.458333333333334,0,95.36894671122234,24.5,0,24.5,0.125,17.761630455652874,34.047265688578285,1301.2405192057292,35.80340655644735,-16.364645679791767,52.168052196502686,26.012789885203045,-1.1890868271390598,1105.375,18.812143395435694,2745.731092436975,4959.019607843137,873.3921568627451,7.592233262366793,0,1.0471793960332858e-6,0,3.603197878140437e-7,0,0,0.04919574721541576,0.04919574721541576,0.04919574721541576,0.04919574721541576,0.04919574721541576,0.04919574721541576,0.04919574721541576,0,0.5688313208154353,2,0.8206501256427475,0.7440000023096799,0.3809279977457525,3.603197878140437e-7,1.0471793960332858e-6,0.046864513489900256,0.08908702119961232
711,3.573112016455028,0.02489254172681978,88.19199049999983,0.6534105150409224,0.004902528880496083,-0.008522042298798634,4.4232567644725874e-5,70.3085345914372,G00711,128.90824327115132,48.25868973324162,10000,12.105823993682861,26.96292734146118,-5.845397973060608,33.25,11.45,0,103.21017417907714,25.4,0,25.4,0.05,17.75346221923828,33.72764644622803,1327.5445068359375,35.84841251373291,-16.790525245666505,52.638937377929686,26.67468147277832,-1.410389643907547,1100,23.14485278687933,3747.4598930481284,7487.711229946524,1229.7807486631016,7.336490631069338,0,2.108433773396815e-6,2.251227105449026e-5,2.0749665144706267e-6,0,5.131637671732147e-6,0.5904031385568631,0.6733332235417699,0.9201211419255511,0.995542467719582,0.986365092938479,0.8275130999002754,0.83221302743042,0.16846608306670358,0.8969797836732778,4,0.6470341428415466,0.7073256191569369,0.4650552660485492,7.206604186202774e-6,2.4620704827887076e-5,0.046894265265490814,0.08980559565604586
712,3.5276456959777964,0.025163094291739012,87.63422309999979,0.6616818813752774,0.005463264694432235,-0.008167200878369653,5.668644361497972e-5,69.2967116545606,G00712,129.80655855527084,48.25868973324162,10000,11.87139884630839,26.896785020828247,-6.2370728850364685,32.291666666666664,11.791666666666666,0,104.30216058095296,25.125,0,25.125,1,17.459867238998413,33.19354661305746,1338.519536336263,35.74532302220663,-16.854281346003216,52.5996044476827,26.896785020828247,3.597769091526667,1089.9166666666667,24.627514952865692,2270.780748663102,3760.585561497326,658.6524064171123,7.180267281999333,0,1.0698349079636035e-5,2.9059571728155456e-4,2.1541722677931182e-5,0,3.971441282200037e-6,1.192289570347407,1.3030854983091473,1.0169183044317827,1.064974369329223,1.1208729177400105,1.0324364088820075,1.1217628448399297,0.10958944876888348,0.4492024511785136,4,0.3240310743352041,0.8891961080415401,0.20376608357321058,2.551316396013122e-5,3.012940663611906e-4,0.046886861689367086,0.08900778210817768
713,3.5348227450815117,0.025112110110473596,83.80972069999983,0.6585574034422769,0.005313309861425189,-0.008251660219229585,5.3764135898716755e-5,69.43012831453994,G00713,130.47762028155964,48.25677265003447,4840.937900327235,11.67096562385559,26.34071044921875,-5.810374999046326,32.25,11.9,0,104.76458396911622,25.15,0,25.15,1.15,17.034875106811523,33.161287498474124,1305.1039001464844,35.44233741760254,-15.92808747291565,51.37042465209961,26.34071044921875,2.9373854637145995,1072.5,31.226675506014,2558.7450980392155,3497.4005602240895,554.4145658263305,7.0632333314081714,0,0,0,0,0,6.693440746301548e-8,0.0038381928965215647,0.0038381928965215647,0.0038381928965215647,0.0041718598968552316,0.024692380417375752,0.0041718598968552316,0.007425113150108485,0.008460778014528233,-0,1,0,1,0,6.693440746301548e-8,0,0.046901977957683916,0.08930522740474776
716,3.715372969300215,0.024117548581968098,127.15103879999985,0.6061881961619316,0.0030676748727396144,-0.009774610985690402,-3.2955534040992555e-6,73.70731817209116,G00716,133.48180480723113,48.04970621356855,2691.1730619691366,10.789020872116089,25.104452037811278,-5.60002498626709,35.2,11.35,0,93.90970764160156,25.55,1.3,25.55,2.15,16.814820861816408,33.74500198364258,1253.6700317382813,34.72052516937256,-15.108862400054932,49.82938785552979,25.104452037811278,3.398849993944168,874.8,34.97457723306429,9339.419786096256,15270.088235294117,9614.07486631016,10.467481326030935,0,0.0055905399252167,5.611334231764771e-5,0.004428357874144006,6.09047300984937e-4,0.005642759959092144,0.8367976073003106,0.8772635076244004,0.7790689682635741,0.7529070078873302,0.7654231396469312,0.7886129966872117,0.8000122045682931,0.047549539917313706,1.23024380523247,4,0.8874333184466262,0.34561295533766967,0.688333735982058,0.010680165134221088,0.005646653267534348,0.046942786808604635,0.09435231686974888
717,3.472963424823453,0.02408504914843951,84.2476784999998,0.5010241430065039,0.0016002087411000601,-0.010287857445095014,-2.5057009655525576e-5,68.16773733433989,G00717,134.26502508655216,48.1583027702985,5364.48153411245,9.4992087384065,23.530848900477093,-6.315782984097798,35.875,11.333333333333334,0,96.1724983851115,26.875,0.9583333333333334,26.875,1.8333333333333333,16.077471494674683,33.35426648457845,1217.8193105061848,32.933187325795494,-15.248656352361044,48.181843757629395,23.530848900477093,5.66565100227793,1050.625,431.16190971757277,8153.983193277311,13229.235294117647,18754.243697478993,13.873204296912771,5.6291834301401375e-5,0.022204216839354668,0.0015380745250375928,0.009233266395482609,2.2767737541566806e-4,0.013275602423557614,2.646208264562535,2.657556233634638,2.638137740443626,2.877211635244768,3.085467880134731,3.6003969886987433,2.91749645711984,0.37825861461265614,1.1786436809080925,4,0.8502116967106095,0.4771495669811838,0.6504565379096225,0.02279283802875729,0.02374229136439226,0.04705885125655282,0.10191335293918088
718,3.2574080553764833,0.02347790478918239,94.2565925,0.3906056604688837,-1.0049724923090227e-4,-0.01020247385280961,-3.013924796919438e-5,64.84851901320836,G00718,134.86357339341086,48.35386964713098,259.07200729441035,6.9674688339233395,20.46056671142578,-7.934941697120666,41.9,13.3,0,100.96152763366699,32.4,0.2,32.4,0.5,15.240468883514405,33.31562747955322,1157.658901977539,29.25678768157959,-16.460875034332275,45.7176628112793,20.46056671142578,-2.677549982815981,1635.9,800.256991616805,7534.280748663102,12265.088235294117,6963.804812834224,11.90170652643009,8.768407066779107e-6,0.0018341476965111738,5.052766613458282e-4,0.002331057563013397,0.006054908528763294,1.258143680515892e-4,1.2716754177428147,1.285097982337387,1.2622166845640883,1.3008422176829004,1.3028536571499685,1.3115275522214738,1.2890355852831055,0.01935126778926863,1.1565158542458966,5,0.7185837026150278,0.5575435964209323,0.6122482985270716,0.00852054886689506,0.002339424357857002,0.04558678732614082,0.10675780200788842
735,3.87366171217723,0.022825648934421336,141.93208249999972,0.5721771697714237,0.003412934744248581,-0.009579989529080306,-5.930930443047043e-7,76.31767828983914,G00735,85.9057616561927,47.66575732713293,7382.6613564958,8.729305108388266,22.801565885543823,-6.531270841757457,130.375,33.666666666666664,1.3333333333333333,90.14451662699382,78.33333333333333,5.375,76.83333333333333,5.375,14.848618865013123,31.742269039154053,1187.2866465250652,31.103812376658123,-15.678322950998941,46.782135009765625,21.124213536580402,-6.531270841757457,1309.375,50.351643900455336,9697,15939.014005602241,5591.921568627451,17.531333860583256,2.2519985919105397e-8,6.738655542604324e-4,1.1710393062992804e-6,0.002320830991152549,7.757009332910451e-4,2.4243891791159188e-4,0.6713636666906608,0.694131062884466,0.646524293158106,0.6318377641415641,0.6433729530587834,0.6433729530587834,0.6551004488320606,0.02314153127086431,1.10597285236982,4,0.7977907747358806,0.5781797885530867,0.5965327020122043,0.003338993362341105,6.750365935667317e-4,0.04666965297595778,0.09332724603457097
736,3.826297486561158,0.02131885911271788,82.09162099999998,0.389046998301084,1.8172585410519706e-4,-0.011527103628989184,-8.684855335553081e-5,77.58810463996505,G00736,86.68742491753382,47.65711872820361,10000,8.14065465927124,22.157098150253297,-7.1364854097366335,162,41.15,1.5,90.13451271057129,96.2,5.9,94.45,5.9,14.334315586090089,30.943928813934328,1186.0735595703125,30.206312465667725,-16.081137466430665,46.28745021820068,20.558391714096068,-7.1364854097366335,1364.45,311.51505412639114,15827.133689839573,26381.57754010695,31130.92245989305,36.56110017265904,0.018376941096126274,0.007675725119744206,0.0021276885401577614,7.306782715717043e-4,0.04903257467944568,1.5464078738243342e-4,4.115966300535838,4.262333935200919,4.211336751512133,4.261807141863772,4.389728113961677,4.408243544043055,4.274902631186233,0.11008681370157292,1.0148995132999301,4,0.7320952474192159,0.6278319376515072,0.5399652075822658,0.0682948348345261,0.009803413659901967,0.04590554612477967,0.10447859362443729
737,3.731451970594633,0.020890639239733774,103.66557029999997,0.3728848399029988,-3.496681688540695e-4,-0.012700618257140866,-1.2502950636396044e-4,74.38953499463119,G00737,87.58574020165334,47.65711872820361,10000,7.040386986732483,20.565958499908447,-7.603610467910767,182.15,51.35,0.7,101.25482406616212,115.4,3.65,111.6,3.65,12.916467809677124,29.415108394622802,1141.9802673339843,27.95688753128052,-15.935874938964844,43.89276237487793,19.0695894241333,-7.603610467910767,1405.2,301.38969353383845,21662.745989304814,36478.521390374335,137866.28877005348,127.1393747491488,0.011160029005471288,0.15502863681821855,0.05724086352080387,2.8365685143786457e-4,0.1480744532124051,0.020360754112824623,13.204229942002176,13.914180437135974,14.227549408886114,14.325576729541798,15.626779976433296,15.897639687484283,14.532659363580606,1.0337782559580913,1.2756355066890077,5,0.792596904070532,0.3953315616728463,0.6763200152569164,0.17987889318213887,0.21226950033902242,0.04746836186541866,0.11077785168402045
738,3.943920068770214,0.01898028430701898,87.93087780000006,0.36908807740305544,-0.0023362113253886725,-0.010730040680233591,-1.1094652584648424e-4,84.82907201522798,G00738,88.48405548577286,47.65711872820361,10000,7.634231726328532,21.510906378428142,-7.4346979061762495,231.54166666666666,69.16666666666667,1.4166666666666667,104.74216779073079,149.29166666666666,6,141.45833333333334,6,13.897262215614319,30.245033820470173,1172.2800852457683,29.434364636739094,-16.511281212170918,45.94564565022787,19.88171362876892,-7.4346979061762495,1283.9166666666667,86.43515622641088,20406.01400560224,35597.551820728295,57320.098039215685,83.31341296959974,2.4719991269681415e-4,0.0433549420062972,0.00987511157835327,0.003296285140016545,0.6674600512774039,0.0013207831286317982,7.503673627106603,7.838250489277129,8.111941900385485,8.42834614518888,8.956213777433177,9.718571823759723,8.4261662938585,0.8058091366143724,0.3423264509794819,3,0.31159896399347353,0.9199311258750822,0.14994684195976615,0.6723243194587492,0.053230053584650466,0.04361558156673096,0.09754334147108475
770,3.587616589411647,0.024602476909204855,87.85744419999986,0.5799409572542925,0.0030497541813034046,-0.009703503266450387,4.942840938003781e-6,69.53980903605321,G00770,117.25333674409598,47.84932937050915,3033.91406236276,10.278694848219553,24.27090271313985,-5.9350398778915405,39.75,13.25,0,98.12027136484782,29.083333333333332,0.625,29.083333333333332,2.1666666666666665,16.169137994448345,33.27828121185303,1232.3011372884114,33.619676987330116,-14.967302083969116,48.586978594462074,24.27090271313985,1.2089548781514168,1192.5833333333333,241.89917351022004,7040.016806722689,11556.904761904761,12993.669467787115,10.594571478327566,7.69653684411499e-8,0.005080022002136286,2.3382078050746474e-4,0.006315162185651346,3.7962616827247927e-4,7.805387662648652e-5,1.3314921180030674,1.3446235522908245,1.352104611684762,1.3749998035328284,1.3966423785900712,1.3984444755756544,1.3663844899462012,0.027973334025683153,0.9211431300463113,4,0.6644643128333755,0.5224858565802929,0.548957074695035,0.006772919195918753,0.005313842782643751,0.047705429459989276,0.09792872331602734
772,3.4365519521671444,0.02302487541529973,92.56589509999992,0.3817556250514311,3.234172728788193e-4,-0.01084577501116928,-4.877141763405362e-5,67.79880597669465,G00772,119.14461179231826,47.746832981076295,5798.731949914839,-0.03349218610674143,12.089711745580038,-12.958762208620707,96.54166666666667,29.666666666666668,0.08333333333333333,114.8437541325887,72.79166666666667,0.9583333333333334,72.79166666666667,0.9583333333333334,14.244131962458292,34.61268631617228,1020.9272918701172,20.196812589963276,-20.95451060930888,41.15132315953573,12.089711745580038,-10.86561636130015,3146.8333333333335,724.4839042630497,10276.019607843138,17337.55462184874,5942.232492997199,20.197629570831413,0,2.1786491824354578e-8,1.198257074117141e-7,3.35511984874257e-6,0.021421132886997936,9.013071998720228e-5,1.0130245023341338,0.9128928954785774,0.9484211064712316,1.0461479038934807,1.0788661245641977,1.0837785200977106,1.013855175473222,0.07019146289934021,0.02872779220695027,1,0,0.9956482224036064,0.008667043054094381,0.02151461872683388,1.4161219923606868e-7,0.04635216898067883,0.10908906780070202
773,3.6708803250457716,0.022787126361952674,79.30321169999979,0.4325307797520352,0.0012857101024526362,-0.011105027049397006,-5.614352084586229e-5,72.4360190107715,G00773,119.9250904299561,47.65711872820361,10000,-3.232527044415474,8.491062462329865,-15.323039531707764,120.2,36.4,0.25,116.42551040649414,89.75,1.65,89.75,1.65,13.929568767547607,35.084877014160156,971.9725830078125,16.154625034332277,-23.513424777984618,39.66805019378662,8.491062462329865,-13.457587432861327,3791.35,440.46282775233027,11907.930481283422,19664.24064171123,23087.35026737968,20.941186789668322,2.505446631133694e-7,2.1786491824354578e-8,1.7864923660561223e-6,2.083877985402972e-5,0.044262647009703227,4.7788670601938674e-4,0.6742435321013549,0.64260588144554,0.6630771947344846,0.6856407101522045,0.6940170610323501,0.6940170610323501,0.6756002400830473,0.020131888387417588,0.0636410908549169,2,0.09181468617315257,0.9888126469612092,0.02213535755632179,0.044761623040239756,1.808278857880477e-6,0.04688632656177655,0.10519982458837605
774,3.694312841794915,0.02339800275427246,73.45869159999963,0.49517086245591935,0.001924064581258122,-0.010832415036609736,-4.102606905857983e-5,72.51995226720675,G00774,120.82340571407563,47.65711872820361,10000,-0.583085947483778,11.57891867160797,-13.209400033950805,80.6,24.65,0,114.37182540893555,61.85,0.6,61.85,0.6,14.719721937179566,35.64109554290771,1011.3396697998047,19.51141242980957,-21.777662372589113,41.28907451629639,11.57891867160797,-11.44412703514099,3316.15,312.4204783031322,11588.879356568365,18361.82037533512,22969.908847184986,20.943677962298267,9.803921241700763e-8,0.001370108936799369,5.337145983281508e-4,0.007867396523059435,0.01055737472618133,0.0025126688324892993,1.4680395844055765,1.4607313828622759,1.4799292303223275,1.5097151994023497,1.5358666187513692,1.5895403213829105,1.5073037228544683,0.04908060847332824,1.2232302626156502,5,0.7600356951736318,0.46220426282580007,0.651485616062939,0.02093753812094248,0.0019038235351275198,0.04736850441478496,0.10280229459565376
775,3.5911531224130986,0.02451992777082709,87.94781889999977,0.5633657803357253,0.0029700985180447126,-0.009757027054079978,6.079843310956937e-6,69.13479365525188,G00775,121.72172099819515,47.65711872820361,10000,0.9610260324552655,13.299442728360495,-11.841421961784363,56.666666666666664,16.958333333333332,0,104.36131572723389,43,1.3333333333333333,43,1.4166666666666667,14.583513895670572,35.013062159220375,1024.9637781778972,21.210281252861023,-20.4502915541331,41.66057268778483,13.299442728360495,-9.599538147449493,3073.9583333333335,303.6262690082728,7126.056497175141,11124.488700564973,2085.7118644067796,15.719702979686506,1.7592083597980715e-7,7.689939505587537e-5,1.933809783008068e-4,2.3647058903110516e-4,7.642660796207874e-5,0.006146025292507136,2.3313342460538395,2.2498840916532603,2.317621557824611,2.5102537984947815,2.796675106065335,2.8179691267442717,2.50395632113935,0.25035962532959716,0.40471615870383676,5,0.2514642879834659,0.9133124304728601,0.1635402058983545,0.0064590984103363,2.702803733566822e-4,0.047887857442127015,0.09952839733188099
776,3.5561349652222787,0.025034336083268126,78.07633269999984,0.6008602851019069,0.0035174465049248463,-0.009283992687580473,2.4415308625957756e-5,68.32591235922142,G00776,122.62003628231469,47.65711872820361,10000.000000000011,2.2223396020941437,14.852362585067748,-10.94359369277954,36.2,10.45,0.1,90.10250396728516,26.65,1.55,26.65,2.7,15.342227125167847,35.424193954467775,1051.5498626708984,22.98197498321533,-20.326274967193605,43.30825061798096,14.852362585067748,-5.027920800447464,2845.45,244.34046027278367,5687.606951871658,9038.446524064171,1631.2058823529412,17.191059590876574,0,2.723311485970202e-7,1.8191721133037098e-6,1.9607842879695512e-7,4.69389979433421e-5,6.48148161813633e-6,1.495596018669963,1.5442810954587924,1.562063173734416,1.5651557493334154,1.5895302846917176,1.5941136861523761,1.5584566680067802,0.035909010744412544,0.552232928182466,3,0.5026640734666817,0.8425889698595197,0.27540447215610575,5.361655799027539e-5,2.09150326190073e-6,0.048018604472206225,0.09764268585322285
777,3.612717871758886,0.025377778627969264,89.0000594999998,0.6681704874347689,0.004855647271119384,-0.00865770259596966,4.6877344965251147e-5,70.0346198950436,G00777,123.51835156643419,47.65711872820361,10000,2.7006571292877197,15.452777743339539,-10.49659538269043,26.708333333333332,7.208333333333333,0.2916666666666667,74.97546084721883,17.875,1.4166666666666667,17.875,3.8333333333333335,15.910680651664734,35.969821770985924,1056.9227142333984,23.83410422007243,-20.385801951090496,44.21990633010864,15.452777743339539,-0.8828420142332712,2765.3333333333335,37.30446606514824,5009.770308123249,8016.540616246499,1332.9803921568628,17.49158458815677,1.0893245912177289e-8,4.488017302343048e-6,1.2936819223286955e-4,7.686819197831438e-4,1.0004357175886568e-4,0.0019483333349350344,0.8090039658055069,0.8296859127511634,0.8455784788540242,0.862442993554045,0.8635060057709891,0.8970685469741538,0.8512143172849805,0.030517954733540745,0.886251150532404,4,0.6392950699276188,0.6602447440708296,0.4931490590954799,0.002817069719722956,1.338562095352126e-4,0.04785284320491521,0.09256294561322735
778,3.5937734490242694,0.02459684974177485,87.19531499999997,0.569936298088028,0.0027718923944992126,-0.009898052588309102,4.586749673343979e-8,69.39263760465147,G00778,124.41666685055372,47.65711872820361,10000,1.9627557380124927,14.548006200790406,-11.00500421524048,39.35,11.55,0.05,89.87294387817383,28.5,1.5,28.5,3.45,16.093738746643066,36.45790672302246,1039.4174224853516,22.9886625289917,-21.139150047302245,44.12781276702881,14.548006200790406,-1.5447311997413635,2997.3,275.9073261651074,7805.75935828877,12329.050802139038,9652.491978609625,15.924399561611864,0,2.3518518465728355e-5,5.4488017754397186e-5,1.2769063092463965e-4,0.004702614376349556,0.011016143828545863,1.2563363912384147,1.2718844311634878,1.2637862167462093,1.2754414401960947,1.281931276638649,1.2812768264061252,1.27177609706483,0.010090200297833793,0.682863354690099,2,0.985163575416207,0.6917752331981017,0.4341622001990675,0.015846448835820058,7.800653622012554e-5,0.04796165148678657,0.09976372010237328
783,3.719235496524671,0.01645370735195424,75.08695269999976,0.19467357650457748,-0.009680113110167156,-0.010841186097248797,-2.1546587721675784e-4,92.25435903576347,G00783,128.90824327115132,47.65711872820361,10000,-4.468928376833598,6.7059270938237505,-16.192236065864563,324.3333333333333,83.125,1.375,108.42566172281902,220.16666666666666,5.625,220.16666666666666,7.083333333333333,14.194851477940878,35.63926680882772,931.6183547973633,13.586229284604391,-26.217416604359943,39.80364592870077,6.7059270938237505,-14.883407950401306,4140,246.55010955531765,29471.582887700533,49739.69251336899,167485.5588235294,131.630988316441,0,2.1786493409530529e-7,1.682352952374496e-4,6.851851826180879e-6,0.6610763725687862,0.003986699360022755,4.746174703236882,4.73904738089737,4.7332736006849485,4.796027602404648,4.8660288265544605,4.841143430625994,4.786949257400717,0.056764836264705125,0.03912127498191975,1,0,0.9937435894916947,0.012437699570699734,0.665069923780635,1.6845316017154489e-4,0.03897691494997931,0.09833965495752865
784,3.581002912511463,0.015800278377438266,72.87626789999977,0.1640150235328493,-0.011313132837517769,-0.010376292672386418,-2.3597213465702824e-4,94.81686822146376,G00784,129.80655855527084,47.65711872820361,10000,-4.177014577388763,6.763458251953125,-15.634981155395508,379.15,95.1,1.05,108.95696563720703,255.4,4.75,255.4,5.45,13.776656198501588,35.38674049377441,911.0873291015625,13.553487539291382,-25.36592502593994,38.91941261291504,6.763458251953125,-14.309762525558472,3929.15,255.7752457056575,32698.980392156864,53989.87394957983,277672.2801120448,200.48468624105763,0.016921154705763403,2.637472783969507e-4,4.370370388555002e-4,4.2450980527658974e-5,0.690499422760767,0.0033162636192151725,5.721235863696363,5.697044700861523,5.667589318775671,5.7836506277293545,5.893662154810925,5.851981868226375,5.769194089016703,0.08987119919457034,0.151043726641645,2,0.21791003538328946,0.9705112562963056,0.057520024762755084,0.7107792920662733,7.00784317252451e-4,0.03722461193392386,0.09661210553269686
785,3.45146435918093,0.016501685773975254,62.48311030000039,0.0380926523385777,-0.01003875760164552,-0.011892270828229756,-2.3396186966991172e-4,86.08144499770407,G00785,130.64864130222608,47.623905376174484,8391.924560433694,-0.5685742120646561,10.762864589691162,-12.76453991731008,379.75,91.79166666666667,1.2916666666666667,106.81656742095947,248.45833333333334,4.833333333333333,248.45833333333334,4.875,13.817238688468933,34.30321486790975,956.9603322347006,18.141333381334942,-22.120562314987183,40.26189581553141,10.762864589691162,-11.591949661572775,3043.125,696.8282373665007,31530.344919786097,52227.67647058824,261488.11497326204,241.09049787166524,0.0821682572715445,0.09436869718589408,0.0025954590450480547,0.0018456074783040663,0.6109446621169605,0.0026309730600017,7.701759123399147,7.701825487071728,7.583127554778138,7.7863095060233,8.197825262175979,8.256252966959371,7.871183316734611,0.28373928650873104,0.7414406484627943,3,0.6748883624464747,0.7689155507399261,0.3839411345586684,0.6975894999268107,0.09696415623094214,0.039024165287340366,0.11728684160325968
787,3.797912363987978,0.01946881404454578,89.49554660000008,0.3053549068840789,-0.00239029376487409,-0.0121802308462559,-1.3128110426647026e-4,79.78067692826416,G00787,132.56093963875017,47.59131145915964,7360.861184023429,4.43182601928711,16.306993865966795,-8.72349169254303,225.1,52.15,1.15,94.36219596862793,134.35,4.3,133.6,4.3,14.438237571716309,34.05854415893555,1016.7862915039062,24.183237552642822,-18.223887634277343,42.40712547302246,15.73337082862854,-8.72349169254303,2000.85,322.63948839793966,21465.024064171124,35174.9679144385,213738.77540106952,123.81548340490019,0.0012833986961847304,0.1512722767587801,0.02120685186281482,0.006189237476525877,0.19181235295041532,0.0015916339955664525,8.884027916704854,9.068325492069588,9.030684608342177,9.367710018614128,9.915768324391093,10.248148017361766,9.4191107295806,0.5471475806861177,0.9818625832503064,4,0.7082641398448221,0.5137522377955578,0.5683653902736507,0.20087662311869237,0.17247912862159492,0.04501335312988786,0.10825243249849142
788,3.8981415812298774,0.020691607345147932,99.28853210000011,0.4078758113505451,-0.0012116628132951071,-0.011187264881216106,-1.0003055373962214e-4,82.7760463088135,G00788,133.39981969174895,47.65711872820361,10000,7.813660641511281,20.747984488805134,-6.538336793581645,133.125,33.291666666666664,1.0416666666666667,87.33442846934001,77.45833333333333,4.291666666666667,75.45833333333333,4.291666666666667,14.848284681638082,33.30501651763916,1102.7373046875,28.941458384195965,-15.651145736376444,44.59260400136312,19.419559240341187,-6.538336793581645,1422.9583333333333,69.06863578553845,21301.85994397759,34800.927170868345,249715.57983193276,86.97275371883714,5.644880170765684e-4,0.19488223307373737,0.00670582787996406,0.003967821358928394,0.0039551416175915635,0.0031076688460509464,7.1356360869736335,7.216930219420521,7.087993365918628,7.271844305638545,7.517408997171899,7.579939690802767,7.301625444321,0.20261919479306306,0.4163345890371494,5,0.25868322463430016,0.914153885632508,0.16242307602289752,0.01159511983964747,0.20158806095370144,0.044710230750650184,0.10142581382225381
804,3.6948709826207478,0.015771198314983813,59.10226869999999,0.30820904711291086,-0.007265559694373008,-0.01091288929482139,-1.5795178474375715e-4,81.83188077437981,G00804,83.19545008831771,46.925180777739406,4593.7797073205365,12.99688466389974,25.780561659071182,-1.3358789086341858,521,184.22222222222223,3.7777777777777777,132.72154744466147,387.1111111111111,14.11111111111111,387.1111111111111,14.11111111111111,10.95683733622233,27.714441617329914,1101.5283338758682,30.954782485961914,-8.563895357979668,39.51867824130588,25.780561659071182,-1.3358789086341858,5.111111111111111,2.054804667656325,32486.85893416928,55179.51410658307,371039.79937304073,446.1370379137724,0.002527428372757035,0.6608967185552169,0.13585010105946738,9.698846774546864e-4,0.006408239224304364,0.0815145998321888,25.87890975531522,27.864790161956247,28.446386382185267,30.23784939031584,32.28042124098306,32.60111129928738,29.551578038340505,2.637134845117473,0.7860342538224314,3,0.7154792113015331,0.7441131449352464,0.41441558103159937,0.09142015210670489,0.7967468196146843,0.044245432516037235,0.10308154112135491
805,3.858869223814294,0.01523031960440553,72.63004469999971,0.31531758494492457,-0.008599364710562878,-0.008789598728766803,-2.5782478885297234e-4,97.01555349570857,G00805,83.98253854029164,46.85777678553751,3753.166855399418,13.009531211853027,25.701727676391602,-1.0703924655914308,534.4,186.2,3.2,128.9608154296875,386,12.2,386,12.2,9.176437187194825,24.317502593994142,1086.588232421875,30.526835632324218,-7.175434112548828,37.7022705078125,25.701727676391602,-1.0703924655914308,2.8,1.3038404810405297,29991,49048.5,316565.75,14.06357557231108,3.377245519952263e-4,0.0537784429059488,0.055623053499637067,2.2095808700775494e-4,0.005404491061918106,0.6973410175984416,11.11901347642337,11.790312441396507,12.912922964467631,14.299945257184826,17.767309035831715,18.572503787614565,14.410334493819768,3.1159161725715796,0.5334029161244099,3,0.48552425785358266,0.858048649281276,0.25464501719248644,0.7033041912993627,0.10940149640558586,0.03742475115118006,0.0770624324329439
806,3.725103270199983,0.01502750886641278,59.75869889999984,0.2510028102281126,-0.008979883440169917,-0.008307636125755245,-2.7168735901680186e-4,100.98196663859036,G00806,84.91359827764438,46.859687925056605,3729.1070520868907,12.847574234008789,25.502487182617188,-1.1912437677383423,582,191,5,119.60830688476562,398,17,398,17,9.579676628112793,25.348264694213867,1082.42041015625,30.451940536499023,-7.340298652648926,37.792240142822266,25.502487182617188,-1.1912437677383423,1,NA,NA,NA,NA,0,0,0,0,0,0,0.9977781232446432,4.158824637532234,3.408824637532234,3.408824637532234,3.596324622631073,3.596324622631073,7.596324667334557,4.294241304198901,1.6409870777524065,-0,1,0,1,0,0.9977781232446432,0,0.03474840411803396,0.07378386759829725
807,3.78163940736173,0.016211292096745957,115.80977560000024,0.32895623837880894,-0.005584898723520992,-0.011627747750913478,-1.687606539188417e-4,78.39062358533599,G00807,85.84648414140125,47.01863791029721,8443.012802734616,11.15745222568512,22.660019397735596,-1.2638314180076122,534.5,151.125,5.375,104.41321754455566,340.5,22.625,331.375,22.625,6.733362317085266,20.56542944908142,981.8816375732422,26.813674926757812,-5.8538088500499725,32.667484521865845,22.621000051498413,-0.5887746624648571,39.625,14.735162028291375,33462.625,54999.25,507090,271.38418602610744,0.25887328445181607,0.09898411591212847,0.19013357386709043,4.115523472058483e-5,0.0242985559256051,0.3372447660105063,32.92991483211517,35.452506175408,37.73068486727201,38.611182084450355,39.31525616462414,39.198773072316094,37.206386199364296,2.5309911515904098,1.3913130712286856,5,0.864471416063808,0.37077162261880947,0.7252738948723523,0.6204577616226481,0.2891176897792189,0.04588631900981933,0.10228883269831772
808,3.515920083399957,0.014708483202084378,72.88643359999999,0.2504672315112932,-0.009480948482998729,-0.010084281598481237,-1.7091551671823574e-4,85.10027842392623,G00808,86.68742491753382,47.04853609489743,10000,10.903701782226562,22.69145679473877,-2.2726581692695618,596,161,7.25,100.41399383544922,369.5,28.5,361,28.5,7.253926992416382,21.067052364349365,1024.0946807861328,26.989746570587158,-7.428933501243591,34.418681144714355,22.645777702331543,-1.5669729113578796,54.5,6.557438524302,33840,56686,517355,592.1157304785224,0.6453981986353258,0.05369459451256196,0.11818738747053824,0,0.03964324350306777,0.05789909964224936,29.027248091616872,31.658198550596076,34.48917534391759,35.280748270325745,35.5877605696856,36.096640215081685,33.68996184020393,2.7724374140732317,0.9876268031381704,5,0.6136470350971738,0.7054900615914466,0.4762648292420245,0.742940541780643,0.1718819819831002,0.0414219200236937,0.10000949608103059
809,3.7950924883217354,0.02206166998069862,81.59809089999999,0.31712260653211544,-8.806701342539717e-4,-0.01283610473853627,-1.3967766152071532e-4,77.56479984742577,G00809,87.58574020165334,47.04853609489743,10000,-1.875132204248355,9.560634686396671,-14.139422930203951,85.6923076923077,16.692307692307693,1.0769230769230769,67.64913001427284,38.69230769230769,5.6923076923076925,38.69230769230769,7.153846153846154,13.808485618004433,34.39583440927359,969.5016761192909,18.714019261873684,-21.405365577110878,40.119384765625,8.985926334674541,-9.911551255446215,4044.923076923077,420.92684668052505,22266.852791878173,36088.59390862944,97757.13705583756,30.809265407237255,2.4006455351340413e-6,0.0023729473627210106,0.0017427274609964362,2.66290093078929e-6,0.04209197093018798,0.0051704660154007825,3.1738120398496625,3.23266662278643,3.1945581823188873,3.525507676915818,3.7018551882539072,3.7184970907523764,3.4244828001461802,0.2553744217180479,0.6522210067584064,4,0.47047800600698003,0.8191780805976737,0.3155387054389267,0.047267500492054686,0.004115674823717446,0.046418948024605264,0.11316491219212652
810,3.697091872868401,0.02178367465676418,69.47324669999999,0.251290201447297,-0.0018460907380039525,-0.013280056446465715,-1.700375787784247e-4,77.58423311746179,G00810,88.48405548577286,47.04853609489743,10000,1.243563012778759,12.247287607192993,-10.904904198646545,60.35,15.5,0.2,84.75729141235351,33.05,1.4,33.05,2.45,13.19568853378296,34.09040699005127,946.6463592529296,20.90326256752014,-17.796024894714357,38.69928760528565,12.247287607192993,-6.878664588928222,3498.5,520.4304392570281,25757.05347593583,42391.87165775401,100867.01336898396,51.17723726827053,0.0010994662338367058,0.0010214379080344554,2.7523965204567276e-4,1.2418300641858128e-5,0.2535867320283561,0.004005326806728156,3.284482932491539,3.419715468350386,3.4414208499082677,3.55815430942942,3.6535621183519766,3.6477780566553184,3.500852289197818,0.14499791224747713,0.14125159499825257,2,0.2037829756216353,0.9753312554471842,0.0484571873022126,0.2587039433695628,0.001296677560080128,0.04567840408206714,0.11752404638383318
811,3.553653932109407,0.023272836437393987,49.692762500000114,0.38496017530757554,1.4445525398389195e-4,-0.012163057834833874,-9.5384702563273e-5,70.54104444795445,G00811,89.38237076989238,47.04853609489743,10000,9.551897555589676,21.597873330116272,-4.4928767283757525,35.958333333333336,9.541666666666666,0,74.38949330647786,19.458333333333332,0.875,19.458333333333332,2.0833333333333335,14.275524338086447,33.256774266560875,1060.5117162068684,30.434781630833943,-12.501072883605957,42.935854276021324,21.54725698630015,1.6445226122935612,2035.7083333333333,554.9167175403866,17041.607843137255,27788.75350140056,104378.57422969188,56.954488604859534,0.0031503594808277233,0.05140887792356466,0.0028661764762881094,0.0013715577338706342,0.19808603495460142,0.009506710267113009,5.363002734658689,5.511861688197674,5.452549933600609,5.648807763094424,5.917624064436879,5.911360011723774,5.634201032618674,0.23616588450621717,0.7850952467229657,5,0.4878071037456762,0.7435949003855638,0.4082682009799362,0.21211466243641278,0.05427505439985277,0.047603330565657076,0.1142029289373315
812,3.677721138670269,0.024378600510088926,81.13714779999978,0.5852758734075284,0.002320361403270657,-0.010482866028793725,-1.605971676940408e-5,71.34217163514867,G00812,90.24011320475564,47.028391080479636,8965.397637250908,12.42576880455017,25.395639419555664,-3.0880708932876586,28.9,6.05,0,57.82619400024414,14.25,1.8,14.25,3,15.105647850036622,32.658163166046144,1160.187481689453,34.366399955749515,-11.8810124874115,46.247412490844724,25.206556129455567,4.456077086925506,1426.8,177.09456290503758,12896.467914438503,20921.33422459893,109283.31818181818,86.11416688598278,0.0010731500846614696,0.16434483785930426,0.007511346892451266,0.004047993404902342,0.0012304672913784171,6.574161597269645e-4,6.434818364663645,6.668839956216515,6.423140981930295,6.81261816693584,7.541777893217612,7.67246427482392,6.925609939631305,0.5494549542255143,0.38221524655368155,3,0.34790731042800904,0.9188194635741155,0.15339824187288997,0.007009026940669193,0.17185618475175551,0.04879909989874196,0.10435072659838096
813,3.7299131276291,0.02581858124365098,105.37684779999981,0.6795506773109002,0.0045480640643564526,-0.009147407752325384,3.8656149913047075e-5,70.89581489505368,G00813,90.82158165956677,46.83991145494528,725.7030641714495,12.626254177093506,26.065179061889648,-3.6702146410942076,28.25,5.35,0,59.64515266418457,14.9,2,14.9,3,15.353502321243287,32.11454887390137,1214.9752807617188,35.10673789978027,-12.700650072097778,47.80738773345947,25.19138126373291,4.033589613437653,1299.8,38.014678605424045,8039.4929971988795,12553.882352941177,49748.224089635856,24.893636718423757,5.715686247105409e-5,0.047271851897297386,0.002680533762788622,0.00710788670313934,8.059041437075419e-4,5.577668929515049e-4,3.437912849553747,3.4582275997724,3.4679777555675915,3.774221804181855,4.085817907248294,4.180145401259483,3.734050552930562,0.33434269516265325,0.6796395455384696,4,0.49025630097018946,0.8083269925707347,0.32945235717997834,0.00852871460226944,0.04995238566008601,0.04915028432710471,0.09645067701921671
845,3.97210781078399,0.01760442013298299,77.77328449999966,0.32383286453501564,-0.005267261068808866,-0.0102513969602805,-1.519359769194541e-4,89.75293478049056,G00845,120.03510788525112,47.0862193370112,7198.858072510716,8.077060401439667,21.004366238911945,-6.106114566326141,309.75,81.54166666666667,2.125,96.31205081939697,190.54166666666666,8.083333333333334,175.66666666666666,8.083333333333334,13.843153635660807,31.490708748499554,1095.0237935384114,28.74260401725769,-15.21901043256124,43.961614767710365,19.407933950424194,-6.106114566326141,1418.5,65.56642831311714,24536.316526610644,42847.92997198879,88243.81232492997,112.38896628129763,4.847494555355206e-6,0.12756015259837308,0.01194152506733013,0.01109479303884413,0.5020116884706962,0.004123681914119484,10.375628333346732,10.5089107211413,10.586628135640108,11.391295982092519,12.449849328279534,12.931140477993868,11.373908829749011,1.0906435938883805,0.6973839450056681,4,0.5030561795276295,0.7644032946494183,0.3773055636775373,0.5172350109182152,0.1395016776657032,0.04184246167283111,0.09409132836963444
846,3.825627109090349,0.016734630035383183,69.96740929999993,0.28103314333498186,-0.008408342500065311,-0.009546234824636134,-1.9588852156115916e-4,95.25342166068025,G00846,120.82340571407563,47.04853609489743,10000,8.136336970329285,21.16892499923706,-6.298479199409485,365.55,95.05,2.75,97.1269588470459,226.35,9.75,209.1,9.75,14.203178119659423,31.79882526397705,1109.2187438964843,28.78623743057251,-15.888525009155273,44.67476196289063,19.56778736114502,-6.298479199409485,1345.6,45.30411855333616,28909.44385026738,49879.978609625665,179039.79679144386,156.1514416122868,1.5021786507205e-4,0.31971724399068885,0.0047753921550002555,0.06354769062768761,0.37478665569910735,0.0017585294143386055,10.018078497297353,10.09636160237164,9.96572118786889,10.85758269503521,11.75778057443452,11.99974715931863,10.782545286054374,0.9122229998161507,0.9681863550631327,3,0.8812811990633224,0.4900864980124577,0.5780786035790654,0.4402430936062056,0.32449263614568913,0.038659862072024036,0.08885553350698247
847,3.8860698259280575,0.016619444462054205,80.44793559999994,0.2928147794804736,-0.006249152064221369,-0.009570501236562364,-1.627247598765431e-4,91.38898922045813,G00847,121.72172099819515,47.04853609489743,10000,8.671925822893778,21.784531195958454,-5.868786513805389,394.375,101.33333333333333,1.75,100.48466682434082,250,7.083333333333333,231.25,7.083333333333333,13.676513115564982,30.785766283671062,1116.1267852783203,29.280447959899902,-15.144260485967001,44.4247088432312,20.129770914713543,-5.868786513805389,1220.75,88.9471020130602,24629.10644257703,42811.08403361344,143802.1092436975,158.05219334137914,5.736888409749011e-4,0.16483637169467644,0.012918438709573885,0.004543914240878222,0.664606684795624,0.00687860361619495,10.036376273271507,10.194188615376731,10.192356090786527,11.119181499671445,12.201204457376608,13.185748132614556,11.154842511516227,1.29003297753737,0.6477900207790066,3,0.5896438875304658,0.7779021401916623,0.35732176063962173,0.6766028914936721,0.1777548104042503,0.040412406918604024,0.09107338614124597
848,3.8717893782205732,0.016569782001949005,77.64013999999996,0.33331489083282906,-0.004306729559412284,-0.008612415221596705,-1.1936156998491408e-4,89.96935758292817,G00848,122.62003628231469,47.04853609489743,9999.999999999975,9.015906190872192,22.21562080383301,-5.728702139854431,450.05,110.15,2.25,99.75187339782715,283.45,8.95,264.35,8.95,13.189762496948243,29.993673515319824,1128.0288696289062,29.497137546539307,-14.479212522506714,43.97634983062744,20.4068039894104,-5.728702139854431,1050.6,55.03721229170411,20228.708556149733,36638.66310160428,68389.25668449198,200.18604691536027,0.005663464070365433,0.13678270154213826,0.012042766887072131,8.125272452994098e-5,0.7282259041707542,0.0010357080634955957,13.563808505628533,13.744945985963119,13.858746912170083,14.129715424282242,14.806696544645991,16.054929855165376,14.359807204642555,0.936890897989107,0.5479828153910665,3,0.49879545408636133,0.8239417344622825,0.2969409479470647,0.7350063290291452,0.14882546842921038,0.0405386259625855,0.08691649196643209
849,3.811141287359512,0.016232823955379873,69.28758319999984,0.2628921468036772,-0.006075023833210872,-0.009439552145973001,-1.5386651942850537e-4,89.39697027971985,G00849,123.51835156643419,47.04853609489743,10000.00000000005,8.397779655456542,21.445925140380858,-6.30211455821991,482.7,116.25,2.8,99.81626434326172,305.05,10.95,283.5,10.95,13.306205129623413,30.46661949157715,1121.1700134277344,28.653362464904784,-15.02687497138977,43.68023738861084,19.635283184051513,-6.30211455821991,1094.75,182.89539000262016,22644.084033613446,40344.57142857143,58190.879551820726,212.9754950025101,0.0989127233856861,0.11683396521582991,0.02151356208983653,1.4161219923606868e-7,0.6124985512095571,0.007751067559197736,14.748413839913733,15.294776542563591,15.698054728735718,16.379521811002704,17.09170521565008,17.51562037282405,16.121348751781646,1.0676692435344197,0.8960554829153633,4,0.64636740078168,0.7142756857656211,0.4572302750728464,0.7191624837666402,0.13834752730566643,0.04042880263724483,0.09232809404285656
850,3.6161859913788343,0.01583578385175581,71.35614479999995,0.20361513012276128,-0.008006744211517923,-0.009995210043658142,-1.696650149099613e-4,89.00084042812736,G00850,124.41666685055372,47.04853609489743,10000,6.245725691318512,18.448081493377686,-7.262770960728328,478.9583333333333,122.58333333333333,1.875,105.96837584177653,308.625,9,300.3333333333333,9,13.080913186073303,31.74315921465556,1040.5868708292644,25.30597909291585,-15.894041776657104,41.20002110799154,16.897738019625347,-7.262770960728328,1485.125,248.37022024459338,27098.70320855615,46857.157754010695,86970.88502673797,363.43443019228744,0.4052948693306426,0.08766340950785251,0.021774618720448023,4.84749449115558e-6,0.4173253267170105,0.004534400873126684,10.376705768291943,10.929938086358092,10.628072597535548,11.055007287609369,11.407763724425966,11.745457673413906,11.023824189605804,0.5006661584658915,1.0577000495826772,4,0.7629693081404696,0.44557596929991555,0.6048813615003236,0.827159444415271,0.10943802822830054,0.039807685147393454,0.09898181725482816
851,3.67647201077118,0.016929639746740673,80.08253510000017,0.3074003602800267,-0.0051428955973822285,-0.011712327530083002,-1.3378574659861668e-4,77.8876648132538,G00851,125.31498213467323,47.04853609489743,10000,8.417819809913635,20.717748165130615,-5.261933374404907,419.85,119.6,1.3,110.59461898803711,275.35,7.05,270.4,7.05,13.457862424850465,32.350830745697024,1053.7017150878905,27.44691228866577,-14.150450038909913,41.59736232757568,19.066270732879637,-5.261933374404907,1060.1,196.68219088297323,27581.401069518717,48452.78877005348,161848.32352941178,415.5889138118155,0.13108132899686806,0.3551982573320032,0.10004349672357925,1.2930283244115387e-5,0.292488714591221,0.004177875808479271,20.026863728641985,21.128075347080767,21.52348897049226,22.384277695575392,24.34628634908592,24.754638984021412,22.360605179149626,1.8623173976042031,1.2877082125635273,4,0.928885126188696,0.40226184592140085,0.6935669068116539,0.4277608496798124,0.4552417540555825,0.045597093353846874,0.11027029962837091
854,3.446929666079604,0.016475475661537637,99.97237290000012,0.35604326351638765,-0.0040899357092244884,-0.010189224991785283,-9.56286584186009e-5,74.7720328597942,G00854,128.0099279870318,47.04853609489743,10000,13.180135869979859,26.291116619110106,-1.1912083476781845,435.05,139.3,3.7,125.83117713928223,316.15,13,316.15,13,11.387832307815552,27.741211128234863,1112.8379943847656,32.127049922943115,-8.92512493133545,41.05217533111572,26.291116619110106,-1.1912083476781845,29.15,6.853927034151567,31745.131652661064,54275.67787114846,528624.319327731,709.8971030898667,0.020329346431018427,0.7985261547488304,0.14330754901132786,0.0013948801761981449,0.00246550109780704,0.007673235320134568,26.050246865255684,27.53546476073288,27.471051689901092,28.96333509907485,30.319521374648875,31.978263299308274,28.719647181486945,2.1598396696966122,0.5881294848309797,3,0.5353385274289912,0.8200974512783167,0.3052720795213243,0.031862963025158175,0.9418337037601583,0.04547658907706614,0.10940238420328717
855,3.4259130753575633,0.0158540547172436,78.87468990000009,0.3265323528647123,-0.005819775249633355,-0.010117116505316501,-1.0861245194223682e-4,77.55921349724998,G00855,128.90824327115132,47.04853609489743,10000,13.019786516825357,26.33232609430949,-1.4992205053567886,455.9166666666667,152,3.7916666666666665,127.91335264841716,332.2916666666667,13.291666666666666,332.2916666666667,13.291666666666666,11.070185820261637,27.024110555648804,1130.2830708821614,31.77104139328003,-9.192354242006937,40.96339559555054,26.33232609430949,-1.4992205053567886,17.041666666666668,3.4196257952749955,32039.98395721925,55503.37967914438,500948.92245989305,738.1560309940206,0.032932287614689644,0.8103895317841081,0.12284152516172715,0.0010383006559759312,0.0029970697197529692,0.0030251416125307725,26.253594663620916,27.749648038547523,27.29831727677826,29.350838006356895,30.256402898405632,32.26426059839984,28.862176913684845,2.2020403254742873,0.5713446860371942,3,0.5200603451558489,0.8326856419836292,0.28953750190770555,0.03999279960294932,0.9332310569458353,0.043989983991137856,0.10650377117629685
856,3.4391082570993445,0.015315655907281112,78.35702979999999,0.30384889443393825,-0.007128285037857052,-0.00997558826098296,-1.1777715022592533e-4,79.1750867814147,G00856,129.80655855527084,47.04853609489743,10000,13.091898012161256,25.990806102752686,-1.2052458465099334,527,182.1,4.05,128.03354301452637,381.25,14.15,381.25,14.15,10.955249977111816,27.56891984939575,1101.5033874511719,31.375349617004396,-8.361549949645996,39.73689918518066,25.990806102752686,-1.2052458465099334,10.25,2.7886046312580213,31655.988732394366,55343.65915492958,466938.7126760563,730.6706077540134,0.01398541395933802,0.8053562528844513,0.1251513181278093,0.00122395425208163,0.0022126361684344123,0.010106949913357957,26.162655231786616,28.02332300669667,27.991833768858104,30.03450356604337,31.362911577103546,32.66155124726893,29.372796399626207,2.4185725453195843,0.5440755541330006,4,0.39246755190829735,0.8406320965974248,0.2759412984614661,0.02752895429321202,0.9305075710122607,0.0432109823208287,0.10393257411803808
857,3.5895756510588157,0.014963367500390791,79.40431480000039,0.25843122596710444,-0.009055525021984635,-0.01005133465186137,-1.7804675527484232e-4,86.47382001960861,G00857,130.70487383939036,47.04853609489743,10000,13.214932123819986,25.95697996351454,-1.0060283243656158,569.8333333333334,192.33333333333334,5,121.67046186659071,394.44444444444446,17.72222222222222,394.44444444444446,17.72222222222222,10.440700478023953,26.88070445590549,1091.413330078125,31.081676907009548,-7.732580396864149,38.81425688001845,25.95697996351454,-1.0060283243656158,5.111111111111111,2.0259751142101163,33420.19161676647,56135.73053892216,455476.06886227545,503.65851335613985,0.001046396672686001,0.6558974059514233,0.10955066691930197,0.0015118194077837941,0.0012009910669323884,0.12954669022098914,22.565094672251593,24.151685160989082,24.24721610967969,26.017700423617192,27.975655218688118,29.25480083478563,25.702025403335217,2.539748644317802,0.793070888035081,3,0.7218842317853111,0.7297852667921118,0.43177346875560785,0.13330589736839132,0.7654480728707252,0.041377662836466364,0.09878749746278177
858,3.6084422868551083,0.01449432654296084,100.11444010000004,0.24274975330400167,-0.00962609738406548,-0.008676187232719831,-2.2574692404253767e-4,94.8741835219192,G00858,131.60318912350988,47.04853609489743,10000,13.020196533203125,25.60263328552246,-0.992848527431488,596.3,193.1,5.8,116.57415618896485,399.7,19.9,399.7,19.9,9.840228748321532,25.968103218078614,1077.3340698242187,30.547390747070313,-7.331406116485596,37.87879676818848,25.60263328552246,-0.992848527431488,2.8,2.1499353995462798,33837.24683544304,54573.759493670885,439484.35443037975,334.387508290349,0.0019856069520252165,0.4241508568484372,0.07138084065824926,0.001205963844571231,0.0033673632223813095,0.22573284802046448,18.945714457629958,19.96160174190883,19.769800798989817,21.209243410975606,23.054232072046233,24.934309451031268,21.312483655430285,2.278961033630502,0.9570881682869365,3,0.8711791941151974,0.582766108497816,0.5545418284679633,0.23229178203944223,0.49553169750668646,0.03764642851269565,0.08694910118601062
859,3.665161743521327,0.014861707025143252,76.77991470000026,0.24640481655066576,-0.008839546318278704,-0.00996229953910731,-1.9368166706609753e-4,87.41673564162589,G00859,132.5015044076294,47.04853609489743,10000,12.263617706298827,24.11733207702637,-0.5887202262878418,607.4,171.6,7.8,103.54322662353516,378.4,26,378.4,26,8.806729793548584,25.02122383117676,1005.7929443359375,29.13866081237793,-6.038720226287841,35.17738037109375,24.11733207702637,-0.5887202262878418,40,55.641710972974224,32154.96,55135.8,413969.56,394.6767089167107,0.04889525302916832,0.4846705694403969,0.1114530061140728,3.6155063381683466e-4,0.02011534822353888,0.16328354460499295,30.177727235486806,32.56295911591828,32.388820435138456,34.128354345049175,35.41312237713475,36.52190766435989,33.5321485288479,2.294813854888587,1.1641981078245023,5,0.7233569551395611,0.5848005443523011,0.5970382963964384,0.232655696491517,0.5961235755544697,0.0410480711098877,0.09669293913737004
860,3.5704309049488008,0.015081525664523645,77.57197100000006,0.2717695655675531,-0.008170842316469971,-0.00963071703223546,-1.5423874132198281e-4,85.93280274811754,G00860,133.39981969174895,47.04853609489743,10000,11.860629929436577,23.443212933010525,-0.9543446236186557,587.3333333333334,162.88888888888889,7.444444444444445,102.42381371392145,365.44444444444446,26.444444444444443,361,26.444444444444443,8.242993513743082,24.162403954399956,995.6269802517361,28.043730841742622,-6.041210227542454,34.08494101630317,23.215218861897785,-0.9543446236186557,81.88888888888889,34.71110933276422,29871.157575757577,52543.242424242424,267667.20606060605,524.7344632936432,0.14956774115705612,0.4848545956093614,0.09386736333916233,2.2037270229656434e-4,0.09934658777010552,0.03402888438892436,25.18296102877973,27.446607612964034,28.223155502931753,30.10877187717814,31.138033529683746,31.963457454334606,29.010497834312,2.536465379015206,1.2477754555988976,5,0.7752864810496309,0.5625510236721493,0.6267152687481923,0.28316358601838254,0.5787219589485237,0.04115603834847143,0.09660449062311037
861,3.583275222404441,0.01573296235147319,89.39612110000004,0.31398705587906683,-0.00518436243732731,-0.011947601836849318,-1.3405566629052636e-4,70.88778545200972,G00861,133.97661507066962,47.09988953712776,2601.592007316766,12.126487731933594,23.347917556762695,-0.06279754638671875,683,176,11,96.6021957397461,415,39,415,39,6.837202548980713,21.226484298706055,961.501953125,27.708036422729492,-4.502678394317627,32.210716247558594,23.347917556762695,0.9877976179122925,64,NA,33334.17857142857,55677.75,402720.9285714286,271.2183490350791,0.20846231247362615,0.13063498473609406,0.2775385887728155,1.2072072129811275e-4,0.028188438482317137,0.18249099073038488,37.726935295560466,39.42130991807625,39.77401074082104,40.520232061129896,40.422444574156806,40.9215996357932,39.79775537092294,1.1494177544446584,1.4549574207286469,5,0.9040158737954554,0.3354199922721411,0.7492920924702027,0.4192624624076263,0.4081735735089096,0.04673305240236868,0.10151693305700431
876,3.556261275029248,0.02315486801407338,75.8081878999998,0.35696452160489867,1.387506492287163e-4,-0.011386658456839779,-5.1347027308665e-5,67.74594298958878,G00876,83.11049774530622,46.42516013734052,9614.992420113302,-5.440414154529572,6.31221333026886,-17.881404953002928,106.96,35.48,0,123.74572509765625,83.28,0.16,83.28,0.2,14.568123397827149,35.45167068481445,984.9485107421875,14.43901008605957,-26.59657989501953,41.03559036254883,6.31221333026886,-16.159531631469726,4441.08,799.7900724565166,13306.342245989305,21989.83957219251,19463.45989304813,28.369312150956198,1.1843238288239262e-7,1.3991171470246013e-4,9.840654526358824e-6,3.5422050135316847e-6,0.04896450262215841,0.002154414295865919,0.475328757444393,0.4801730279727681,0.476281214790934,0.5086335197754306,0.5194862537527035,0.5194862537527035,0.49656483791482214,0.021575558411469357,0.195612493438657,2,0.28220917421987535,0.9549888349937918,0.08622323702300683,0.05112257755542074,1.4975236922881895e-4,0.04791443670755416,0.1164739023463042
877,3.903722976758269,0.023726390178834836,71.19498749999968,0.5346707254253767,0.0028484449837384304,-0.010641967220932715,-1.5709167802160647e-5,73.71728597533333,G00877,83.99247906517525,46.432929570401384,10000,-6.271273247400919,5.316008289655049,-18.332589022318523,126.6,41.53333333333333,0,126.33489049275717,98.56666666666666,0.03333333333333333,98.56666666666666,0.06666666666666667,14.75415070851644,36.2573294321696,964.1880065917969,13.451691595713298,-27.222508430480957,40.6742005666097,5.316008289655049,-16.86082369486491,4621.266666666666,267.20003269323223,12182.689075630253,20169.302521008405,6462.518207282913,29.05656818406318,0,0,0,0,0.021934405603055516,0.0056167355022857515,0.19624573905300852,0.19624573905300852,0.19624573905300852,0.19624573905300852,0.19558306947123744,0.19558306947123744,0.19602484919241817,3.4220110056501713e-4,0.5057150862876882,2,0.7295926470899821,0.7961341970987601,0.32460907461734534,0.027551141105341268,0,0.04901059781248566,0.1036575426227053
878,4.008285309332885,0.02269948718772266,100.49337989999992,0.4790539911147776,0.0016915674763675825,-0.011215796566630564,-5.2163680295966785e-5,77.44888494294473,G00878,84.89079434929477,46.432929570401384,10000,-6.737668800354004,4.615628347396851,-18.496018371582032,145.12,47,0.12,126.43851318359376,111.84,0.4,111.84,0.44,14.210312614440918,35.94342041015625,944.1670922851563,12.348450012207032,-27.16231002807617,39.51075973510742,4.615628347396851,-17.014986724853514,4680.68,225.16858869152534,15795.139037433155,26468.069518716577,21339.33155080214,32.520050696489456,3.229974313622259e-8,0,0,0,0.05328677868646169,0.009547792812839054,0.137114101488433,0.137114101488433,0.137114101488433,0.137114101488433,0.14222531770575075,0.13843923157614096,0.13818682587260397,0.0020482224167873556,0.4260866199836947,2,0.6147130536396166,0.8480482960771454,0.25772492341474806,0.06283460379904389,0,0.048137303291653,0.10444093840718764
879,3.9968239295300227,0.023007216570028955,117.3346977999998,0.5163272639210047,0.0024996194607011723,-0.010737339144985083,-2.837686463528444e-5,76.34260562332426,G00879,85.7891096334143,46.432929570401384,10000,-6.10546038945516,5.207631961504618,-17.768568166097005,151.7,48.3,0.03333333333333333,125.60854670206706,116.23333333333333,0.26666666666666666,116.23333333333333,0.26666666666666666,14.178043047587076,36.02138398488363,938.3003316243489,12.809650103251139,-26.5308500289917,39.34049987792969,5.207631961504618,-16.42175397872925,4577.7,209.82688266677164,13638.749253731343,22614.26567164179,8770.367164179104,30.38313219880766,0,0,0,1.399655535902979e-7,0.055491429822835954,0.09676557924172156,0.049705460343752145,0.049705460343752145,0.049705460343752145,0.049705460343752145,0.049705460343752145,0.049705460343752145,0.049705460343752145,0,0.6559537391206971,2,0.9463412064820026,0.6355404646555199,0.4632582349542701,0.15225714903011112,0,0.04844295081443427,0.10238430104005963
881,3.9889177631494506,0.022550161464729098,95.38707540000009,0.4542960652643008,0.0012002908309113654,-0.01151610367482829,-6.536394990057368e-5,77.69272840359116,G00881,87.58574020165334,46.432929570401384,10000,-4.366790418624878,7.028204984664917,-16.202465019226075,138.8,41.52,0.32,117.91974334716797,102.84,2.12,102.84,2.44,14.126870803833008,35.82572448730469,947.917763671875,14.4000199508667,-25.020439910888673,39.420460052490235,7.028204984664917,-14.533114891052247,4246.64,249.72199208987047,17086.122994652407,27898.486631016043,58984.74331550802,42.2416891786957,2.627045685775048e-6,1.0396210133448089e-4,7.536606105087801e-8,0.004405071047031179,0.1288419035655547,0.016574644701090695,0.980439119314301,0.9712106989145232,0.9724791838822624,0.9810116908155755,0.9896003223769017,0.9896003223769017,0.9807235562800775,0.007952634910075241,0.4825992288667811,3,0.4392807488544069,0.8593568890205635,0.24842059193342547,0.14982424635936234,1.0403746739553176e-4,0.047976595315267025,0.10623889458077534
882,4.022436013390757,0.022037473679522007,106.08366489999993,0.4267576756921535,5.066722580907219e-4,-0.011660397533360355,-8.035730300737657e-5,79.3843690513303,G00882,88.48405548577286,46.432929570401384,10000,-5.446399001280467,5.681073602040609,-16.769665304819743,148.76666666666668,43.3,0.7,115.48905715942382,107.96666666666667,2.7,107.96666666666667,3,13.732010555267333,35.79064572652181,917.7425699869792,12.88695837656657,-25.4560666402181,38.34302520751953,5.681073602040609,-15.52562074661255,4429.2,233.33037108136077,18706.803921568626,31332.546218487394,36124.509803921566,47.40563446203664,1.7387523853821832e-7,3.8035210199411e-7,2.195174963439907e-6,4.772875433636093e-5,0.08797012604390618,0.0024713105890195406,0.7244154861537555,0.7122717473893653,0.7192221124097421,0.728304304463561,0.7393590975817262,0.7380964713479099,0.72694486989101,0.01059866610211459,0.1301205705473783,2,0.1877243018463452,0.9721324413178332,0.05421241588516246,0.09048933926250062,2.575527065434017e-6,0.047449282909185576,0.10632687317634688
883,3.698327811819112,0.024733639290752594,89.13297819999974,0.5384944942647829,0.0026006948607714257,-0.010331421403586047,3.922500576824483e-6,68.74434893392586,G00883,89.38237076989238,46.432929570401384,10000,-0.7670929223299027,10.760569972991943,-12.699061584472656,83.8,23.76,0.2,107.07283325195313,61.2,2.04,61.2,2.4,15.582744331359864,37.930641632080075,957.4506811523438,18.811060104370117,-22.25115982055664,41.062219848632814,10.760569972991943,-10.21738660812378,3628.72,421.734663819168,9478.564171122995,15419.930481283422,8447.727272727272,25.109806311084988,0,1.693583118146991e-5,2.0879629684132756e-4,1.501830323609632e-4,0.04571346901704098,1.5255167924463968e-4,1.4352696480619287,1.4476043440808242,1.4501557577557844,1.4636357821910184,1.4893222615007615,1.5218246285118004,1.4679687370170196,0.032175909318660906,0.07610435948593527,1,0,0.9885716973167726,0.022684045854403867,0.046016203728646586,2.2573212802279747e-4,0.04952303477944673,0.10641296157739302
884,3.8451827609909235,0.024682609176539524,65.11748489999978,0.5536056995200265,0.002052351910596406,-0.011146368370450528,-3.887535639332099e-5,73.63555938008173,G00884,90.2806860540119,46.432929570401384,10000,2.8750840010121466,15.061054134368897,-10.048493067423502,38.333333333333336,10.233333333333333,0.2,86.58350499471028,27.166666666666668,1.9,27.166666666666668,2.3,16.29550968805949,37.3084971110026,1024.7347045898437,23.37898317972819,-20.296691767374675,43.67567520141601,15.061054134368897,-5.676188896099727,2934.1,205.2284429437193,14931.411764705883,23858.795518207284,75201.67787114847,29.373113839391955,1.2166236064285095e-6,0.00676613911750177,3.9472437696324604e-4,0.032139136560060885,0.03987606590261177,0.0032496016342978577,1.5840219759968075,1.5404187887811531,1.5629641667746965,1.7016337181872034,1.7523976711697065,1.798146212024232,1.6565970888222996,0.10841943768083831,1.0769497613450132,4,0.7768550399895017,0.4837749998966338,0.6056158866236846,0.07526602072057695,0.007160863494465016,0.04926988447260425,0.10608879009681241
885,3.7867146938279297,0.026168604252984354,112.22197939999964,0.6847198818611626,0.004650848353035881,-0.00924242255228749,3.9188368825134914e-5,71.24852114859003,G00885,90.85298257785247,46.45790096260353,2664.4670672390853,4.395932502746582,16.951945152282715,-8.921464920043945,28.08,7.52,0,78.34710540771485,19.56,1.76,19.56,2.04,16.27261154174805,36.421458129882815,1055.1802001953124,25.37352005004883,-19.285679931640626,44.65919952392578,16.951945152282715,-3.8099866580963133,2719.68,46.144447119886486,8655.635135135135,13635.262162162162,13829.313513513514,15.556954083314976,1.1778639193652736e-5,0.0010574720020068446,2.2964039692112938e-4,0.006385508197300819,0.004631675297573436,0.008755975465183797,1.0408868050338946,1.037857804914639,1.043918207837347,1.0657505268800689,1.1323081956909542,1.2382109734311026,1.0931554189646677,0.07942193525541708,1.2633089776034978,5,0.7849380009278395,0.4155255642398431,0.6845597131792254,0.019784937599251706,0.001287112398927974,0.04966420750056155,0.0975143730226451
916,3.512796092644686,0.014063440637506856,73.59873599999987,0.24071683872688193,-0.007848088314469117,-0.0077054013780399454,-1.7237549097241862e-4,93.7021769180992,G00916,119.00873357391136,46.397846166082076,8800.93044968545,11.795886039733887,22.869452381134032,-0.12514486201107503,714.85,179.75,11.1,94.20839767456054,426.45,40.55,426.45,40.75,7.025877618789673,21.72818031311035,944.6918792724609,27.111483764648437,-5.201871371269226,32.31335506439209,22.869452381134032,0.36686815358698366,72.9,45.758979561680746,30574.92700729927,53184.01824817518,285598.6131386861,551.986270760571,0.20807953563860437,0.47995137877352434,0.05660513261532495,2.581211247720473e-4,0.08806888773983992,0.050269257125232794,23.680629558469278,25.18265623235779,25.786571096148247,27.660926981195495,28.345480302973588,29.579031320256362,26.705882581900124,2.198767024486481,1.243480303750822,5,0.7726177531571833,0.5434033285466134,0.6319215424262283,0.34667580162844913,0.5365565113888493,0.03745316309328438,0.08471854649623138
917,3.521430887232182,0.01404044042486439,76.194415,0.2432674939367237,-0.007899278320884032,-0.00769387262282732,-1.7606719410324419e-4,93.83582987156943,G00917,119.95010177131829,46.41015562645002,9154.404935100943,11.738100210825602,22.59879271189372,0.6081612128764391,716.8333333333334,179.33333333333334,11,92.70205942789714,425.3333333333333,42.333333333333336,425.3333333333333,42.5,6.411042928695679,20.510684331258137,906.9884033203125,26.617660522460938,-4.636861483256022,31.25452168782552,22.59879271189372,1.2216028173764546,59.333333333333336,31.696477196475108,30928.37373737374,53609.79797979798,372115.8181818182,542.684205744502,0.15104904210855744,0.48650652221152385,0.06081599124094954,1.880987477152095e-4,0.043244510024155386,0.12185338991671686,26.361785626923556,28.054140533353948,29.22189455612747,30.51284492727111,32.4310980639765,33.00988842706976,29.931942022453725,2.56254973414529,1.2431477870792316,5,0.7724111489328006,0.563309519864295,0.6247221807408045,0.3163350407971449,0.5473225134524734,0.037489293219175414,0.08459651152607915
918,3.759458347636159,0.023082986049590807,48.87239839999992,0.362198321875739,3.047784399067001e-4,-0.012529450535212792,-1.0225385029678221e-4,73.15865299793161,G00918,120.82340571407563,46.432929570401384,10000,-6.0488046780228615,5.236114554107189,-17.85000503063202,92.75,17.75,1.375,60.723426818847656,42.75,9.75,41.25,12.875,12.161900997161865,31.97498321533203,945.276985168457,13.030249953269958,-24.98059368133545,38.01084327697754,5.184416625648737,-12.623431980609894,4779.25,543.9873291591581,18106.223776223775,30252.104895104894,65921.66433566433,21.08514345677086,3.2873503812572995e-5,1.4783967187371078e-5,1.5135346212885999e-4,0,0.002835346178530517,0.010573763669051328,1.0677850035346488,1.1207786549897696,1.1008527126821837,1.1393119879926,1.1514307597302782,1.1514307597302782,1.121931646443293,0.032924098827092296,0.5948513306554893,3,0.5414570151737977,0.7770186522770662,0.3526986851556838,0.013441983351394418,1.6613742931623107e-4,0.048160700743533076,0.11482370292540633
919,3.909474677359087,0.023238063164010107,67.70381609999997,0.41154006521123787,4.2657198079064075e-4,-0.012357758995150049,-1.0259644664316792e-4,76.92808117488887,G00919,121.72172099819515,46.432929570401384,10000,-6.717039008935292,4.527880194286506,-18.41795293490092,75.125,18.625,0.625,82.47407690684001,42.958333333333336,5.583333333333333,42.833333333333336,7.333333333333333,12.84709378083547,33.34722185134888,939.8537317911783,12.531999985376993,-25.977614641189575,38.50961430867513,4.518147560457389,-16.10850699742635,4939.708333333333,319.09716104723617,20046,33388.68067226891,85863.55742296918,23.32693657068209,1.0493827122287151e-5,4.746700658006201e-6,2.5125585462046807e-4,1.064282646592034e-8,0.013063856962133932,0.004809461477588926,1.5102213173241381,1.4983979309950832,1.4930573125781654,1.5317221573923026,1.5407547782944526,1.5407547782944526,1.5191513791464324,0.021367218347712404,0.6541290308917702,3,0.5954139031930875,0.7201754497239249,0.41085970114946,0.01788382290967161,2.5600255527847426e-4,0.04805672241864897,0.11096504219893508
920,3.9271395501794717,0.02359462004145918,76.71789810000008,0.45427806264324766,8.792814569588918e-4,-0.012013348375445885,-8.61047465054147e-5,76.86104111821747,G00920,122.62003628231469,46.43292957040138,10000.00000000009,-6.721479606628418,4.526339590549469,-18.481689453125,67.05,21.05,0.15,106.64206924438477,47.45,2.05,47.45,3.65,13.510738563537597,34.385420417785646,939.7804107666016,12.734925031661987,-26.512637519836424,39.24756202697754,4.526339590549469,-17.104758310317994,4975.95,254.89491642842276,19033.828254847645,31687.412742382272,78617.73130193906,23.72373071666125,1.0742292602788923e-7,3.222687874629234e-8,3.027607694338246e-4,0,0.01020586527457813,0.00443785583733678,1.2495107404017662,1.271988587548776,1.2639388906595794,1.2857637197027052,1.2894097988912065,1.2956865901460806,1.276049721225019,0.01746964561490636,0.7001559939473532,3,0.6373094504487833,0.6828208805117507,0.4451876231919516,0.01464382853484094,3.027929963125709e-4,0.04830184573251937,0.1089802420115501
921,3.617895282189935,0.02297812563919454,64.98521230000006,0.29690830608592705,-4.464749364260527e-4,-0.013019509054354509,-1.3138214790728504e-4,71.83486362554882,G00921,123.51835156643419,46.4329295704014,9999.999999999878,-4.212615063786506,6.920785409212113,-16.07699375152588,51.75,17.9,0,113.79628715515136,40.85,0.2,40.85,1.35,12.888142585754395,33.460957527160645,936.531948852539,14.847337532043458,-23.63843755722046,38.48577537536621,6.920785409212113,-14.382058215141296,4488.35,680.1148722632701,20879.219101123595,34541.747191011236,94034.93258426966,34.375338430836294,9.791400650650062e-7,2.7245636542610985e-6,3.5547041220333335e-4,5.087271208680905e-6,0.06986510215997718,0.003943912303189863,1.3971570949807885,1.4053917011417438,1.418218744422892,1.4786458513628906,1.5113520826021039,1.5113520826021039,1.4536862595187536,0.05302740983312746,0.23915590169000167,2,0.3450290333674939,0.9419174407367922,0.10994134136604738,0.0738150808744408,3.5819497585759443e-4,0.04755709116101955,0.11981030616728532
922,3.3725472490703545,0.022121811727376303,66.17597569999991,0.18520074335276,-7.64537852856706e-4,-0.012471932243016105,-1.292424825323468e-4,68.59515361136451,G00922,124.41666685055372,46.432929570401384,10000.00000000001,0.23720228346064687,11.267883737881979,-11.939104080200195,38.833333333333336,12.458333333333334,0,100.87771542867024,29.958333333333332,0.3333333333333333,29.958333333333332,0.9166666666666666,12.934402823448181,33.764647245407104,944.6915410359701,18.89589597781499,-19.37401036421458,38.26990667978922,11.065430521965027,-9.8245207965374,3678.5,1047.2850199651853,23028.95890410959,38093.14794520548,75860.49589041095,55.47035122791781,7.439336013297181e-6,3.600468268766815e-5,5.853554785778732e-5,2.7905491990254185e-5,0.2717465941922416,0.001880193696656222,2.443357605336235,2.5210457842708385,2.5084121087211817,2.432784751956307,2.5132878287838594,2.5099208253073892,2.4881348173959688,0.03916690661959244,0.04572953017301948,1,0,0.9926574255393911,0.014583990300965688,0.2736621327169014,9.454023054545547e-5,0.0455162028486176,0.12695604446066833
923,3.5293956854793698,0.02293087681576299,67.26117420000006,0.2930303955688118,-5.833731432483138e-4,-0.012841124966829213,-1.2542429948651524e-4,70.3672261247034,G00923,125.31498213467323,46.432929570401384,10000,2.8652448028326036,13.918258380889892,-9.47534784078598,34,9.5,0,95.37585563659668,25.4,0.35,24.95,0.6,14.290295886993409,36.09521560668945,952.3165740966797,21.926850271224975,-17.652662372589113,39.57951259613037,13.531218814849854,-6.763610398769378,3298.45,735.3162924891574,20755.425770308124,33889.918767507006,60774.204481792716,60.1349962039055,6.591102619522462e-5,0.007392911880582465,2.78629204338826e-4,1.9135802444537553e-4,0.3588472327438173,5.589186895970431e-4,4.230630217046143,4.186776729944427,4.214051001427968,4.408194480089198,4.515124136792918,4.516806094015917,4.345263776552762,0.15343752564016125,0.12225069740312611,2,0.17637047488870733,0.9768937626059174,0.04527033451559159,0.359663420484055,0.007671541084921291,0.04739599427339483,0.12137403460934343
926,3.5246839461439547,0.023663245508068614,73.18958929999981,0.38462490217383644,1.3128119150608037e-5,-0.01153529983434812,-5.341076037257852e-5,67.07642246029218,G00926,128.0099279870318,46.432929570401384,10000,-4.37593903541565,7.073914659023285,-16.525089454650878,56.9,19,0,118.28105354309082,45.9,0,45.9,0,14.965690660476685,36.656753349304196,960.3398040771484,15.413724851608276,-25.37825002670288,40.79197521209717,6.99136461019516,-14.400448036193847,4452.9,745.9000144650404,13606.711229946524,22343.679144385027,13361.486631016043,29.85383800730686,4.363559005900852e-7,4.4542358642911086e-4,2.704342286144079e-5,6.047254132133836e-5,0.07853972961367757,0.006557726696104411,0.6036979903572005,0.584454152171042,0.5766689192672114,0.6102632627800627,0.6199544205096137,0.6248511305690503,0.6033149792756968,0.01926055799451442,0.31113693363062733,2,0.4488757111863046,0.9171898436686273,0.15287042810601026,0.08515836520700391,4.7246700929055163e-4,0.04835000786199045,0.11616686982978869
927,3.7524957401158434,0.024458002172206072,76.85566439999987,0.5312094419086568,0.002314670973777933,-0.010789608640164209,-1.6894088863014516e-5,70.4647747752327,G00927,128.90824327115132,46.432929570401384,10000,-6.53682467341423,5.032868027687073,-18.544753352801006,75.16666666666667,25.25,0,122.30161253611247,59.708333333333336,0,59.708333333333336,0,15.385024348894754,37.199007511138916,959.681266784668,13.556593736012777,-27.784823179244995,41.34141715367635,5.032868027687073,-16.888460000356037,4837.416666666667,369.9797781391357,11661.751336898396,19328.0320855615,9168.195187165775,29.732541045481813,0,7.449978526144238e-8,1.6528309884111866e-5,8.407833055206906e-7,0.03412048739905261,0.008258131127095477,0.1925874359528719,0.1962118259713914,0.18485048433804577,0.1864385561668496,0.18948078914290375,0.18948078914290375,0.18984164678582768,0.004119992859801694,0.4967083089201698,2,0.7165986140474723,0.8048032221290281,0.3143502948623209,0.0423794593094536,1.6602809669373307e-5,0.04945998488989681,0.10704438476126006
929,3.8802015795432743,0.024784324668017874,102.34951729999975,0.6358349373937466,0.004855465535148385,-0.009324503232868847,3.778672500123144e-5,72.66824649486988,G00929,130.70487383939036,46.432929570401384,10000,-7.4563661336898805,4.335614585876465,-19.48088960647583,110.1,36.8,0,126.24799613952636,85.75,0.1,85.75,0.1,15.087021732330323,36.40127029418945,971.4638092041016,12.728250074386597,-28.707212352752684,41.435462379455565,4.335614585876465,-18.135137367248536,4984.9,120.14329164092263,8676.561497326204,14375.820855614973,3440.048128342246,28.7719895391138,0,0,0,0,0.0013247552113654173,0.03433994251925666,0.17203528513602862,0.17203528513602862,0.17203528513602862,0.17203528513602862,0.17203528513602862,0.17203528513602862,0.17203528513602862,0,0.1587612492354764,2,0.22904406695735854,0.9628552799922382,0.07152997956661356,0.03566469773062207,0,0.04927337843690842,0.09737422703493859
930,3.9825088069183177,0.02365893055713629,138.91286249999976,0.5764254477051499,0.0036011075867904505,-0.010069138258926023,1.8124182480879397e-6,75.43229766637106,G00930,131.60318912350988,46.432929570401384,10000,-8.105283379554749,3.483552093307177,-19.856501658757526,138.95833333333334,45.125,0,125.43000952402751,105.70833333333333,0.75,105.70833333333333,0.9583333333333334,14.466905355453491,35.87759987513224,953.2181981404623,11.47208329041799,-28.84053119023641,40.31261475880941,3.483552093307177,-18.45310926437378,5079.5,141.1942848948091,11634.70868347339,19605.89355742297,5356.952380952381,29.063958823050235,0,0,0,0,0.006511419043749242,0.006467536792293435,0.13464694251022502,0.13464694251022502,0.13464694251022502,0.13464694251022502,0.13464694251022502,0.13464694251022502,0.13464694251022502,0,0.6931414648638934,2,0.9999917539936507,0.5016905154779072,0.49999428431483783,0.012978955836042676,0,0.04874680446275731,0.09924519921379006
931,4.025337851430311,0.02249413806511637,103.88795340000001,0.4843939067514842,0.0019248054629488812,-0.010967233252153484,-4.3547013945019166e-5,77.46043990891256,G00931,132.5015044076294,46.432929570401384,10000,-8.789344310760498,2.6418687492609023,-20.362987422943114,168,53.75,0.15,125.43522033691406,126.25,1.35,126.25,1.45,13.725215673446655,34.99049091339111,940.8355346679688,10.218174982070924,-28.971012592315674,39.18918781280517,2.6418687492609023,-19.184247970581055,5149.25,223.96754346627054,14688.302259887005,24970.89548022599,26832.5395480226,30.096643386726907,0,0,0,0,0.019770913160115672,0.024689985099182084,0.10632505310235,0.10632505310235,0.10632505310235,0.10632505310235,0.10632505310235,0.1675432960161526,0.11652809358798377,0.0249922430147614,0.6870142314478827,2,0.9911520247300029,0.5553190795918943,0.49387959886621124,0.044460898259297756,0,0.048075665488041736,0.1030195126158161
947,3.963484234263548,0.01626732065021808,70.30651959999965,0.19352240166744564,-0.008741101125613432,-0.011271993368676299,-2.1309311950885084e-4,90.34201396127379,G00947,82.4897768333536,45.77478480430008,3306.8514089047117,3.649596869945526,13.619141578674316,-7.546025013923645,444.7,99.2,0.35,97.418989944458,259.25,3.8,258.95,3.8,13.300293779373169,35.39951858520508,858.4217010498047,20.410387420654295,-17.16688756942749,37.57727489471436,13.415735292434693,-6.971783328056335,2768.2,299.4365937627038,30421.42780748663,51450.54812834225,213001.08288770053,200.99109807730187,0.025873893195665264,0.139653192788203,0.02902395701074845,8.206683692536522e-5,0.6971487332992299,0.008955034049475886,16.282410340860856,16.67131996059914,16.96630404146578,17.546816471011986,18.48993954014114,18.846917876381372,17.46728470507671,1.0241098241474709,0.7466632068359922,4,0.5386036528582682,0.7739760089335416,0.37496044479730317,0.7320597273812963,0.16867714979895146,0.04201255012691337,0.10288269244983869
948,3.994305471523374,0.01746015760932889,74.0684956000001,0.20242826187597465,-0.006411588740806028,-0.011723743039943061,-1.7538146860630858e-4,86.54344047879,G00948,83.09416378105573,45.81028997508631,10000,5.7162396013736725,16.784777800242107,-6.565225700537364,398.1666666666667,85.75,0.9166666666666666,93.17274602254231,228.20833333333334,5.416666666666667,224.375,5.416666666666667,12.455001751581827,31.938738266626995,943.8000539143881,23.86425010363261,-15.183885534604391,39.04813559850057,15.749923586845398,-6.5093576312065125,2328,394.7171799832293,25497.655462184874,43573.41456582633,112431.9887955182,169.28853103294762,0.05675095781865009,0.15088440829374067,0.011953607924173451,5.0117071437154675e-5,0.6679139847804495,0.003050095785543599,13.161083407249444,13.357898518678113,13.453038335740885,13.561623232851275,14.119457428679132,14.00477722826093,13.609646358576631,0.376152554422912,0.7698678840824696,4,0.5553422892527292,0.7499568899188016,0.40460976319312425,0.7277651554560803,0.1628380162179141,0.04359018768018379,0.10743390860986635
949,4.203495022837428,0.019993757716104933,105.09838490000004,0.43715584718253964,-1.03770395310517e-4,-0.011738467878321421,-1.0180865230588086e-4,80.07131217755658,G00949,83.99247906517525,45.81028997508631,10000,7.890691757202148,19.582862377166748,-5.168704223632813,312.7,72.95,0.55,93.311859130859375,182,4.35,176,4.35,12.827802038192749,31.491897678375246,1000.5554321289062,27.15069990158081,-13.575199937820434,40.72590007781982,18.22202911376953,-5.168704223632813,1857.1,116.53863149865349,22199.419786096256,37809.1871657754,132157.72994652405,91.4006686407302,0.003464186889263392,0.10925019159666659,0.06094217752247438,0.0033068859174578444,0.5584937951726414,0.005568827156099788,15.774072320482437,16.451657051225666,16.52008319733009,17.43686053644892,19.09788322835513,19.39092819596563,17.445247421634644,1.4935143795700523,0.7868098778788468,3,0.7161852147427978,0.7536763173565686,0.40337441263440577,0.5708336951354624,0.17019236911914098,0.04871560327076892,0.10311599258645802
950,4.157892402670097,0.019866299755896988,96.6233377000003,0.3887398784020585,-9.428265725362545e-4,-0.011414795995774364,-9.224344182144791e-5,82.00587582984646,G00950,84.89079434929477,45.81028997508631,10000,7.595800399780273,19.312451362609863,-5.297345519065857,293.0833333333333,71,1.2083333333333333,92.95478407541911,172.45833333333334,6.208333333333333,164.16666666666666,6.208333333333333,12.61713194847107,31.400767882664997,994.0610936482748,26.783166726430256,-13.391239643096924,40.17440636952718,17.906449635823567,-5.190586825211843,1828.8333333333333,213.71734007626836,20145.929971988797,34570.26050420168,137655.14285714287,108.28674987602177,3.2569556360459814e-4,0.1862392522356063,0.0176864969324599,0.0015323128174215851,0.6059250188807305,0.0035176495852154,12.219980844893634,12.322863473676131,12.2393539450465,12.494899488816726,13.236444162468347,13.17854690993409,12.615348137472571,0.4691897726647894,0.6793538639536909,3,0.6183745357311613,0.7432597859254787,0.39488206089090694,0.6113006768469721,0.20392574916806622,0.04716138091812118,0.10390315441544799
951,4.111239152079394,0.017991605257935476,77.11745149999992,0.3303858695052353,-0.00371668122329536,-0.010368168128530832,-1.2062532750080381e-4,87.73264026684588,G00951,85.7891096334143,45.81028997508631,10000,6.24284942150116,17.668702125549316,-6.013599967956543,371.3,83.4,2.6,88.01900329589844,212,9.75,198.65,9.75,12.01519684791565,31.34251832962036,956.3182250976563,24.651449966430665,-13.67213749885559,38.32358722686767,16.26417918205261,-6.013599967956543,2016.65,161.75526510588048,22293.270053475935,39129.83155080214,46276.449197860966,164.31951077659434,0.0014156555939794984,0.3321547361031737,0.007406917837800235,1.2590463890385772e-5,0.5832768199025734,0.0010031715608140653,11.103628275516312,11.145653667090901,10.915572475285058,11.340179390961291,11.67819550594205,11.607335389992276,11.29842745079798,0.29975176231881323,0.7147642638320191,2,1.0311868588351045,0.6303856045513422,0.4736787024312683,0.5857082375212573,0.33956165394097393,0.043987087917968196,0.09734950751115846
952,4.075133431379908,0.017666892718403413,69.42314129999993,0.366525723014112,-0.0031308419985252092,-0.009576351726109697,-9.852147801352706e-5,87.69800542384219,G00952,86.68742491753382,45.81028997508631,10000,7.453979134559631,18.979808139801026,-4.927966737747193,415.45,90.05,2.8,86.95568008422852,237.4,10.45,216.65,10.45,12.283608293533325,31.513658046722412,965.9067565917969,26.007124996185304,-12.96532506942749,38.97245006561279,17.513151836395263,-4.927966737747193,1741.25,93.37579704443871,21051.83957219251,37881.74064171123,52898.205882352944,216.4441773016078,4.616751805546631e-4,0.2696569603830063,0.013641485732298765,9.149638149321006e-5,0.6387616858896347,0.001543518516324682,11.39188732197249,11.38367819848065,11.369273472503261,11.74249007115491,12.278514165329838,12.302156282441263,11.744666585313736,0.44530406499913244,0.6923118674076522,3,0.6301694187737228,0.6911832176379806,0.43690516136654955,0.6408583759680073,0.2832984461153051,0.043664842371951104,0.0930906259657604
953,4.040880203971784,0.017225700797978537,90.88430319999978,0.36237426928152344,-0.0031073687306655325,-0.008802353414426875,-9.368114818858795e-5,88.90749392917022,G00953,87.58574020165334,45.81028997508631,10000,8.700029889742533,20.424984216690063,-3.96315798163414,466.7916666666667,99.75,2.7916666666666665,87.31452814737956,270.0416666666667,11.166666666666666,240.5,11.166666666666666,11.881585836410522,30.43867818514506,984.2759526570638,27.17980194091797,-11.843364556630453,39.0231663386027,18.865791479746502,-3.96315798163414,1427.9166666666667,99.00633122779779,19305.728291316525,35736.53781512605,31014.67787114846,224.6840621704595,0.005705183061157102,0.188146647535068,0.005661366544939178,1.238825028432923e-5,0.6879505642221476,1.4211366482333964e-4,12.304715394973755,12.15955616913017,12.07296171633792,12.620862257462365,13.39125003288935,13.970729357542707,12.753345821389379,0.7646272677455382,0.5925695617383461,2,0.8548971681016584,0.7750522861947444,0.3542815107458771,0.6938102491984124,0.19380801408000717,0.042518650070121865,0.08855449449303925
955,3.6597130696419606,0.016105454126615917,82.99793389999981,0.2960122912534518,-0.006303919555374953,-0.00882777897647976,-1.0676839337187355e-4,89.6047312319299,G00955,89.38237076989238,45.81028997508631,10000,8.97567625840505,20.667619943618774,-3.8433628380298615,505.9583333333333,109.125,2.0833333333333335,91.02256457010905,300.75,9,268.625,9,11.86453640460968,30.538077354431152,989.7556966145834,27.08747919400533,-11.753312428792318,38.84079170227051,19.23143418629964,-3.8433628380298615,1254.625,90.22908646039957,26220.32492997199,47447.59943977591,108791.19327731093,538.3986981012218,0.42930714351123955,0.06847853692727487,0.01101887423528846,5.91900325336871e-6,0.45711980890557946,0.00040662799445499406,10.226481122328812,10.445431759065041,10.456748630930793,11.022514091171763,11.484152841487681,12.203452782323543,10.97313020455127,0.7589304289620205,0.9564886438775649,4,0.6899607115943863,0.47304392898806913,0.5737084605211705,0.8868394994145274,0.07949741116256334,0.04035827741621584,0.09156217013257509
956,3.7110215834833524,0.016185366181688608,84.88703129999976,0.292053590472775,-0.005887276231922296,-0.00910109452699877,-1.0391067511886346e-4,88.42708139843178,G00956,90.26959692641908,45.815557637080644,9742.310372792277,10.039165019989014,22.051845645904542,-3.155806279182434,506.85,109.05,2.5,91.71023368835449,303.05,9.65,273.05,9.65,12.015840625762939,30.400060653686523,1017.5884094238281,28.530274963378908,-10.99351258277893,39.52378749847412,20.510975074768066,-3.155806279182434,1025.1,158.32873862215985,24041.096256684494,43405.44652406417,74149.48395721926,481.61901381557476,0.32829908487740384,0.08191254789166884,0.007487771402446719,2.341421894518658e-6,0.5380557788045521,0.003805864228195531,10.975142037742593,11.325257129550947,11.39293457084824,12.053999652509281,12.359224372904205,12.392638710270282,11.749866078970925,0.5974716090261389,0.9612506446892245,3,0.8749680434164685,0.5607297914678719,0.5611628495109198,0.870163069332046,0.08940031929411556,0.04093711437022621,0.09274035437282206
985,4.231794350214641,0.02158775731616575,105.61363269999984,0.46753138152317003,0.0011115797704199634,-0.010822515096680084,-5.9493706894799635e-5,82.01330965934264,G00985,116.43440554552899,45.769338757864524,7293.9523485369355,-7.496802639961243,3.6705875039100646,-18.804839420318604,212.4,64.25,1,121.69015846252441,154.5,3,154.5,3,13.143269777297974,34.82885684967041,921.2588806152344,10.509124994277954,-27.211637592315675,37.72076263427734,3.6705875039100646,-17.084493780136107,5035.6,133.78671163656844,17834.715425531915,29558.68085106383,19108.35904255319,41.60629076800731,0,0,0,0,0.09087948062623516,0.09742723497650069,0.04379773844896857,0.04379773844896857,0.04379773844896857,0.04379773844896857,0.04379773843763172,0.04379773843763172,0.04379773844518962,5.854326782441217e-12,0.6925425213225406,2,0.9991276611167685,0.5173858758284519,0.4993954626433553,0.18830671560273585,0,0.047691733733639934,0.10093917204204828
986,4.259915874909201,0.021231763024036194,101.82309299999973,0.47693439263667325,0.0010066289801969844,-0.010412025959892613,-5.788627646494102e-5,83.45371894868282,G00986,117.23014457759756,45.81028997508631,10000,-7.534611439704895,3.432016706466675,-18.675858306884766,225.45,67.65,1,121.2773365020752,163.25,3,163.25,3,13.000112533569336,34.96150588989258,906.8333343505859,10.051500034332275,-27.113087463378907,37.16458740234375,3.432016706466675,-17.227564573287964,5008.85,74.9443828870169,17914.472826086956,29987.135869565216,20361.633152173912,44.59178895183062,0,0,0,0,0.07210353342220667,0.1198542571383192,0.056978650552990236,0.056978650552990236,0.056978650552990236,0.056978650552990236,0.11924903003189603,0.11803174456173535,0.07753256280093206,0.031844310626267434,0.6618800517948435,2,0.9548910683877511,0.6243781864145189,0.4690601334884703,0.19195779056052586,0,0.04709190391281014,0.09800345899918794
987,4.273226437574203,0.02052977193977137,126.87915959999954,0.43624634254975625,-3.763309604074778e-4,-0.010583873952998897,-8.460387151018402e-5,85.49089855737664,G00987,118.12845986171706,45.81028997508631,10000,-7.820641855398814,2.994624982277552,-18.751482407251995,237.125,70.04166666666667,1,120.65294551849365,170.54166666666666,3.0416666666666665,170.54166666666666,3.0833333333333335,12.949504295984903,35.194786389668785,893.2433395385742,9.581947882970175,-27.197489579518635,36.77943706512451,2.994624982277552,-17.6975835164388,5020.166666666667,76.93004539227813,20037.646239554317,33429.12256267409,40199.21169916435,46.974485583454204,0,0,0,0,0.10896640887275873,0.08454867334389972,0.07936500456888501,0.07936500456888501,0.07936500456888501,0.07936500456888501,0.08620957648970254,0.08377389371271211,0.08124058141299244,0.003005985271849751,0.6851652228329665,2,0.9884844691707024,0.5630900063425575,0.49203930219939207,0.19351508221665845,0,0.046242868953082106,0.09791553108795369
988,4.238135439330024,0.020081289808265717,102.67379979999977,0.3777344273680922,-0.002206885740725109,-0.011196937646327544,-1.1804313054099528e-4,86.6638368253696,G00988,119.0267751458366,45.81028997508631,10000,-6.512641191482544,3.9895958304405212,-17.215343856811522,230.75,65.35,1,117.437748336792,162.7,3,162.7,3.15,13.579728126525879,36.964339065551755,870.2961120605469,10.733924961090088,-25.99324998855591,36.72717475891113,3.9895958304405212,-16.199079322814942,4822.5,127.83562636613102,23111.61229946524,38947.63636363636,55940.366310160425,58.832681136746984,0,0,0,0,0.3212337590016027,0.047962217945137456,0.326746647569189,0.326746647569189,0.326746647569189,0.3256813606700558,0.3544136686469536,0.353804933318459,0.3356899842238392,0.01427480364890266,0.3862154223372885,2,0.5571910745208427,0.8700900851038894,0.22606665781559176,0.36919597694674017,0,0.04563808691671626,0.10087230631054823
989,4.240295528847903,0.02056960883279819,106.44271530000002,0.4077675852127328,-6.424159847958439e-4,-0.011096719625590732,-9.301635744476155e-5,84.3618279111167,G00989,119.9250904299561,45.81028997508631,10000,-5.589780350526174,4.727706601222356,-16.2002291282018,232.79166666666666,62,1,112.66012191772461,158.45833333333334,3.4166666666666665,158.45833333333334,4.083333333333333,13.661453207333883,37.318858782450356,857.8737411499023,11.584875106811523,-25.01341676712036,36.598291873931885,4.727706601222356,-15.164836923281351,4684.291666666667,150.4938187858678,20328.50279329609,34286.98044692737,33611.522346368714,47.58545062263952,0,0,4.39016606354761e-5,7.556407077319439e-7,0.36027787342332085,0.09496939126831433,0.3502440316728247,0.3497207382760009,0.35210907677895104,0.3553687988168978,0.36532145568959873,0.36532145568959873,0.35634759282064526,0.007227062271214948,0.51307150970197,2,0.7402057226684459,0.7913118068211127,0.3303157818485789,0.4552480203323429,4.39016606354761e-5,0.046610763506359405,0.10130937834341405
991,4.143597420730967,0.020120485501716988,100.79003790000014,0.2965753675831006,-0.0025506967735060633,-0.012347080528783798,-1.3904075941643043e-4,83.38767409459963,G00991,121.72172099819512,45.810289975086306,10000.000000000004,-4.210279666632414,6.373966717720032,-15.1858145236969,232.4,58.7,1.6,105.34531021118164,152.25,5.1,152.25,5.8,13.515100955963135,36.11209831237793,882.1569976806641,13.338725042343139,-24.078062438964842,37.4167875289917,6.373966717720032,-14.268499755859375,4530.7,341.71396163889375,23212.724867724868,38843.91798941799,71670.75132275133,49.20721295376496,3.299276312846764e-7,5.225627981389469e-6,4.1550660030107025e-4,3.5121329505766295e-7,0.31728568546759156,0.010190889762318295,0.9591515389922637,0.9640813741567095,0.979868058750149,1.0289898020951929,1.0717998767213541,1.0625166635420638,1.0110678857096222,0.05006598663029114,0.14837641752336267,2,0.2140619217458256,0.9676353515406845,0.06271428811111213,0.3274772563708362,4.207322282824597e-4,0.04639377366591588,0.10948354718088225
992,4.215845368674859,0.01973150128095757,100.33503370000001,0.34984687503907513,-0.0027228126588430468,-0.011408044015246942,-1.2731712583135844e-4,86.53140438378122,G00992,122.62003628231469,45.81028997508631,10000,-3.9228411267201104,6.757630228996277,-15.130432287851969,244.83333333333334,60.708333333333336,1.9166666666666667,102.42586517333984,157.95833333333334,6.458333333333333,157.95833333333334,7.375,13.768017331759134,36.05636660257975,894.591204325358,13.852333466211954,-24.32515613238017,38.177489598592125,6.757630228996277,-14.209718664487204,4483.166666666667,175.24012511201698,23404.007575757576,39428.04797979798,69614.27777777778,63.76338346023717,3.437533537536689e-7,9.668063623887702e-8,5.510796129616783e-6,5.1090342585113815e-5,0.4389221399353841,0.016603437546528526,0.5468495380620997,0.5594751625371038,0.552106728123713,0.5661843214441125,0.6123380473904714,0.6123380473904714,0.5748819741579952,0.029743783069538197,0.15776619820706808,2,0.2276085117732424,0.9634303890833116,0.0704736780013423,0.4555770115778515,5.6074767658556595e-6,0.04551461206307033,0.10226793670638354
993,4.216373118440548,0.019153783775786044,86.09030619999992,0.33887344079847986,-0.003317982219606047,-0.011162790199902262,-1.3425182099980875e-4,87.66998211621433,G00993,123.51835156643419,45.81028997508631,9999.999999999924,-4.325218206644058,6.358391666412354,-15.573093700408936,274,66.1,2.65,98.36474113464355,172.35,9.1,172.35,10.45,13.323101091384888,35.102807235717776,896.5112060546875,13.287250137329101,-24.653875160217286,37.941125106811526,6.358391666412354,-14.656920766830444,4495.85,168.64202978654615,23470.37037037037,39792.9126984127,88695.62433862434,67.78288396838559,1.2771391991414678e-7,0,5.002128454469911e-7,0,0.48372968267161376,0.0014480949380752007,0.9723875510723607,0.9550065169141508,0.969357215714352,1.0267274404548958,1.0684224844800645,1.0684224844800645,1.010053948852648,0.051375049581843114,0.020353337654378946,1,0,0.997014040921218,0.005954093980482189,0.4851779053236089,5.002128454469911e-7,0.04487628523541694,0.10035629284059361
994,4.110997785067464,0.01859647743284426,82.45875660000002,0.22673407315687777,-0.00553014426006886,-0.012304738320926616,-1.7867474174193684e-4,86.81461842054183,G00994,124.41666685055372,45.81028997508631,9999.999999999945,-3.4953296810388563,7.1183208465576175,-14.752739667892456,282.85,66.9,2.95,94.97215690612794,173.75,10.2,173.75,11.9,12.731380128860474,34.16099624633789,893.1884094238281,13.769987392425538,-23.473149871826173,37.24313735961914,7.1183208465576175,-13.809618759155274,4322.75,365.6567091513137,26449.178117048345,44522.068702290075,142948.91094147583,73.06238055535836,3.192847939776102e-8,0.0027675287378524146,2.1810344895562545e-4,1.0642826698230608e-7,0.5766105255370255,0.007067134956933207,1.806181542331013,1.8413614110048595,1.8323774567868019,1.9186152292174838,1.9727563339388592,1.9753434593471657,1.891105905437697,0.07437098051564268,0.09842914188261781,2,0.1420032348730089,0.9828642711158779,0.0338103186393196,0.5836777988507051,0.00298563218680804,0.044487714433264665,0.10869260236370476
995,4.127208591206444,0.01792731443966625,67.47865899999975,0.2418787146215666,-0.007161191590803284,-0.011777214712496617,-1.9771747380135365e-4,90.47761021407094,G00995,125.31498213467323,45.81028997508631,10000,-3.1370086781680584,7.481098870436351,-14.543359557787577,302.3333333333333,70.25,3.25,92.97844982147217,182.58333333333334,11.666666666666666,182.58333333333334,13.125,12.577772498130798,33.67646471659342,899.1345698038737,14.091802080472311,-23.251166820526123,37.34296909968058,7.481098870436351,-13.57692015171051,4187.208333333333,268.88545794213866,28415.044041450776,48115.83419689119,189301.08031088082,73.1476603776235,9.32524468603784e-5,9.222222289425135e-4,9.07183912974067e-4,1.383567525750076e-7,0.6156032355626456,0.02853035333634168,3.0136097191367583,3.065354285275363,3.0951043142281285,3.2532297466505757,3.397326418650419,3.4006739536655144,3.2042164062677934,0.1707679119754534,0.20364157750623585,2,0.29379269398705193,0.9528630148248388,0.09009787034021322,0.6442269797026002,0.0018294061419165805,0.0430390014949882,0.10261292689449195
996,4.067599976613176,0.017058389221566356,78.84753109999983,0.27846796130056406,-0.007896800326025202,-0.010188643401849606,-2.0579470552217082e-4,95.177395342256915,G00996,126.21329741879276,45.81028997508631,10000,-4.6777671575546265,5.712947916984558,-15.924749946594238,383.55,88.15,3.35,95.7276180267334,233,11.65,233,12.75,12.955807256698609,34.46972522735596,884.0971527099609,12.281950092315673,-25.306687450408937,37.588637351989746,5.712947916984558,-14.937866592407227,4368.8,134.56072782830884,28653.055702917773,48258.644562334215,184210.2228116711,103.03861700538256,4.150702492069796e-7,4.682843776647435e-7,0.0010103022572836213,1.5325670699444638e-6,0.731773637808717,0.0080943380105669,5.738292150216411,5.705673299905465,5.716753307658004,5.877098847849741,5.9809249346881765,5.985791854405131,5.834089065787154,0.13104173985341577,0.07060330245041199,2,0.10185903431559298,0.9877077965948878,0.02431208699027343,0.7398699234566031,0.001010770541661286,0.040488325164139825,0.09107383381368471
997,3.9814108097163654,0.01687662736001272,67.31316569999981,0.18564355133669236,-0.0082623136075718091,-0.011317554844499611,-2.04132427766603e-4,90.94723529741952,G00997,127.11161270291227,45.81028997508631,10000,0.71047873251761,10.787951250871023,-10.502966940402985,391.875,92.08333333333333,1.0416666666666667,101.34995015462239,241.29166666666666,4.833333333333333,241.29166666666666,5.125,14.979365388552347,38.28852605819702,868.2281697591146,17.889822959899902,-21.21580211321513,39.10562467575073,10.787951250871023,-9.697965284188589,3439.7083333333335,343.5841114875172,28736.13959390863,48250.83248730964,146642.74111675128,157.9046072363144,0.001776216566349406,0.01642668388211325,0.0021756472284395444,4.854441975504983e-5,0.8473467289297225,0.01543069072752267,10.269799520618935,10.266920754134155,10.16534377186696,10.481742166583082,10.693219993501243,10.726883359910511,10.433984927769147,0.2376166750853195,0.21240576028270997,3,0.19334005497081933,0.9594003627167029,0.07888966235273975,0.8646021806433496,0.018602331110552796,0.041747975006057515,0.1033059790465365
999,3.801820347762073,0.015562969260821286,71.15969639999994,0.08719596895604169,-0.010422734446642885,-0.01098829788521955,-2.4403324423987854e-4,93.06873747122022,G00999,128.90824327115132,45.81028997508631,10000,1.3144802208989859,10.947872805595399,-9.355108308792115,521.95,112.1,0.95,94.92357482910157,299.05,6.8,298.65,6.8,13.40289797782898,36.32826824188233,822.2746948242187,17.638012504577638,-19.257537364959717,36.89554996490479,10.80298945903778,-8.672295737266541,3301.25,517.0496133173092,31312.23232323232,52859.33838383838,189443.97222222222,197.55160129649764,0.04437246701831051,0.03264446570281188,0.0034926138819341927,2.994891460743838e-5,0.8256438168307767,0.004875638543985276,10.89267393083758,10.951691161795834,10.824017600639023,11.199993584024066,11.698967073194302,11.606675622418269,11.195669828818177,0.37728240253002016,0.40533857096873216,3,0.3689550673606062,0.9062463148208125,0.17501828800037866,0.87492187130768,0.036137079584746074,0.03919407657599104,0.10372789160214696
1001,3.9594824881803676,0.016617426939057784,80.51596059999976,0.24942841419616307,-0.006997193125792317,-0.010687867114466176,-1.7203040918515686e-4,89.05252991464626,G01001,130.70487383939036,45.81028997508631,10000,5.9500895738601685,16.63116660118103,-6.001279211044311,447.45,93.8,0.85,88.92452812194824,248.65,5.7,237.15,5.7,11.844535493850708,31.58122835159302,913.741796875,23.361325073242188,-14.141524934768677,37.50285034179687,15.470741653442383,-6.001279211044311,2229.1,215.09652667924158,27658.43181818182,47962.030303030304,128401.91414141415,253.55370452961,0.03989102814846936,0.3683747127308605,0.029073808019337326,2.5224563632411916e-4,0.444748105300178,0.0032086526202466186,18.801855689639083,19.065892670260503,19.26293203261881,19.765764513686165,21.09968199239442,20.883094140181655,19.81320350646344,0.9680950271895644,0.9852490335229028,4,0.710706947352068,0.502228933768789,0.5716024522132307,0.4881000317052181,0.3974485207501978,0.04261859682331281,0.10023053527855581
1002,4.0750202968996305,0.0174752698681876,70.16601230000008,0.33257310886642216,-0.003894988606111088,-0.009925076038359062,-1.1845809282505538e-4,87.9481840330135,G01002,131.60318912350988,45.81028997508631,10000,6.248408854007721,17.127312461535137,-5.649668455123901,422.875,89.625,2.0833333333333335,86.68761444091797,234.04166666666666,9.166666666666666,223.04166666666666,9.166666666666666,11.273645798365274,30.657804489135742,918.8924077351888,23.809750000635784,-12.943312486012777,36.75306224822998,15.858494718869528,-5.649668455123901,2051.8333333333335,147.0843196994475,21856.5291005291,39045.34126984127,49240.3544973545,196.3847769213009,0.0017001718787849102,0.5446708132090371,0.01429657321375755,1.2933720026918039e-5,0.34653435393380466,6.251584499637713e-4,16.316211843272868,16.37150230698027,16.324942839562983,16.69508100100304,17.278146778176364,17.12875169916603,16.685772744693594,0.42726183578729626,0.7564404074791169,3,0.6885417314930811,0.5999634413178239,0.49408705793708585,0.34887261798258024,0.5589673864227946,0.04351552410148908,0.09487431570178036
1003,3.834905456086376,0.01682195600864697,79.63986839999997,0.3502790805115353,-0.00450091944415068,-0.00919719190609885,-8.453253086378247e-5,87.17165946910943,G01003,132.5015044076294,45.81028997508631,10000,6.520320844650269,17.46049165725708,-5.23272294998169,463.95,94.25,3.15,83.35841445922851,254.25,12.95,234.85,12.95,10.73982286453247,29.838384914398194,916.0095947265625,23.87182502746582,-12.10748748779297,35.97931251525879,16.166543912887573,-5.23272294998169,1916.4,77.22039545148814,22905.800505050505,41422.106060606064,58607.82575757576,421.8872954534921,0.005100681143258853,0.6180271498066273,0.017420040472711593,5.268199343007615e-6,0.2694656450429407,0.0029932418043131146,18.02137215154154,18.01205118560037,17.930980699190656,18.107401718952694,18.828687386586697,18.723640257335788,18.270688899867956,0.39689895860499247,0.7476451271019734,3,0.6805359222846238,0.6769101960208186,0.4542794396685377,0.2775648361898556,0.6354471902793389,0.04249050080689566,0.09282658749694767
1004,3.5405525310313624,0.015689944017979775,80.5711558,0.23106622781857078,-0.007773026203222926,-0.009956428412187484,-1.292028543547822e-4,85.91614418142773,G01004,133.23339736163274,45.861512421990504,5802.906888390942,6.6594082593917845,17.411454010009766,-4.8048478841781614,507.5,100.05,2.9,83.3687572479248,279.7,12.15,252.8,12.15,10.784047842025757,30.374857711791993,898.1296691894531,23.67088737487793,-11.807962560653687,35.47884979248047,16.166906356811523,-4.8048478841781614,1883.4,272.18093827065616,27375.984848484848,47685.44696969697,110708.25252525252,605.2569716520596,0.14322737341556127,0.33738811168765637,0.017534844629602413,7.039165545670799e-5,0.43991054703598426,0.001917411677549372,17.054696062417275,17.12816831255852,17.168788357546095,17.42545461654663,18.021443605205206,17.920790928214775,17.453223647081415,0.42134376521471256,1.0974108987605982,4,0.7916146307297076,0.46796570895492406,0.6286291627660436,0.5851257237845515,0.3549229563172588,0.04076884443432962,0.10030147692027869
1018,3.7135918136069312,0.013999235218919437,83.24651360000007,0.276683554407342,-0.00842764167675771,-0.008690000606441924,-1.5438560349615655e-4,87.93546104207009,G01018,81.34731204983994,45.053165163352595,5762.1338968186,12.398004253705343,24.071986595789593,-0.5814489102146277,819.25,244.20833333333334,9.333333333333334,105.73601118723552,517.375,33.083333333333336,517.375,33.083333333333336,10.053877631823221,27.996822357177734,998.7494201660156,28.687951405843098,-7.187231024106343,35.87518231074015,24.071986595789593,-0.5814489102146277,148.875,49.72648012967494,31144.188829787236,54399.86170212766,320006.6409574468,610.7740094482987,0.10896121541701509,0.6413407357563586,0.11784217485753554,8.037313462502739e-5,0.0412566844131725,0.022353081034144823,24.070206719237003,25.20076346854706,25.727762856524272,27.59362690749016,29.638127115584286,30.614582936734248,27.14084500068617,2.596067087648397,0.9978913019037595,5,0.6200247267659783,0.6882562276488254,0.4941017997414985,0.17265135399895745,0.7591829106138942,0.041374336306029214,0.08987602189917251
1019,3.809220478594399,0.014487433073176008,98.66171499999983,0.30054470061171795,-0.007987535328545483,-0.009289590224209568,-1.4673437024024236e-4,85.38697607453447,G01019,82.21419247651669,45.095296652992374,6777.27125589794,12.625596364339193,23.77717293633355,0.35252614733245635,777.6666666666666,200,10.444444444444445,94.49670325385199,459.77777777777777,36,458.44444444444446,36,8.424574110243055,25.030860053168404,957.5881144205729,28.206328709920246,-5.434271229637994,33.6405995686849,23.75452529059516,0.35252614733245635,65.33333333333333,41.99107047932929,30543.294520547945,53123.98630136986,303044.2123287671,534.995964441915,0.14308050647530818,0.5281346642665398,0.1357202919152128,2.7166850330080314e-4,0.03293367287609614,0.07306577648434726,24.732698038991373,26.407578159379597,26.42622613729917,27.93916748563954,30.422920434529544,31.485340746506683,27.90232183372432,2.5943180836180484,1.2147464331713609,5,0.7547643955610495,0.5783298932924276,0.6111960962811018,0.24935162433905236,0.6638549561817526,0.043217091948427155,0.09377925560869996
1020,4.016053046861245,0.025994802335980467,102.65214959999972,0.6431250858399657,0.004476231276222758,-0.010129081189241117,2.367610369835024e-5,72.57202764304238,G01020,83.09416378105573,45.18061132785785,10000,-8.709416389465332,3.4518752098083496,-21.048667907714844,84,26,1,110.78234100341797,59,3,59,7,13.088708877563477,32.18706512451172,998.325927734375,11.675250053405762,-28.98925018310547,40.66450119018555,3.4518752098083496,-19.83566665649414,5317,NA,12197.166666666666,21502.5,12743.666666666666,21.88514645678229,0,0,0,0,9.071428415024587e-5,0,0.3903368972596668,0.3936304245676313,0.4258079156989143,0.4889237755820865,0.5082020992324465,0.5082020992324465,0.4525172019288654,0.05581125869974182,-0,1,0,1,0,9.071428415024587e-5,0,0.05151069807889127,0.1041131447677919
1021,4.18403411576069,0.024959213089556547,123.10233349999994,0.5488512478223955,0.0022890994829475888,-0.011322342896693097,-4.566595259380562e-5,78.34019772775733,G01021,83.99247906517525,45.18061132785785,10000,-9.418378249458645,2.496068813878557,-21.4157192396081,82.91304347826087,27.347826086956523,0.4782608695652174,121.80522620159647,62.30434782608695,2.8260869565217392,62.26086956521739,5.130434782608695,13.017839763475502,32.622454021288,976.0937579611074,10.584141212960947,-29.296282560929008,39.880424167798914,2.4904093943212344,-20.314751583596934,5511.217391304348,123.75707749154797,19021.506172839505,32626.64197530864,71373.94135802469,24.97983214405844,3.391416225062951e-7,0,5.436791063424903e-5,0,0.0026097415541863405,0.0013523330618966296,1.1924741243811536,1.1899609964672397,1.190907663709262,1.200574449862594,1.2021644831881584,1.2021644831881584,1.1963743667994278,0.005846702420043516,0.7057172770497004,3,0.6423715484789169,0.6497095858498668,0.46434702393689076,0.003962413757705476,5.436791063424903e-5,0.05016916006338691,0.10659370553692067
1022,3.940982574086649,0.02640109333578925,97.12539979999998,0.6504695953958558,0.004166515250577282,-0.010164977065149567,2.2966298870641502e-5,71.18915946139307,G01022,84.89079434929477,45.18061132785785,10000,-7.133782609303792,4.714109698931376,-18.969445737202964,53.5,20,0,130.32885182698567,45.333333333333336,0.2,45.333333333333336,1.2333333333333334,14.44797789255778,35.249945704142256,963.1929911295573,13.293241691589355,-27.68046652475993,40.97370796203613,4.714109698931376,-17.469677702585855,5232.033333333334,189.4169790542099,12016.608333333334,19908.13611111111,5530.4944444444445,24.284053621258725,0,0,6.5855181048112826e-6,0,0.002326092392869167,0.04820676239362846,1.954825196055163,1.9571259133738095,1.9581564401352587,1.9628654120515532,1.9633965354105332,1.9633965354105332,1.9599610054061418,0.0037339536987576333,0.1879311174008895,2,0.2711272911029849,0.9538444055392211,0.08806250572920948,0.05053285478649763,6.5855181048112826e-6,0.051759928462794244,0.10570368282075682
1023,3.987614373930073,0.025934604209960823,81.67021949999975,0.6014033716119471,0.0029853400037200464,-0.011023260160353317,-1.5109051915007146e-5,72.86312963068532,G01023,85.7891096334143,45.18061132785785,10000,-7.066709575653076,4.653956689834595,-18.724579849243163,45.8,16.92,0,126.79324798583984,39,0.2,39,0.32,14.46026756286621,35.55955276489258,950.7977197265625,13.086990070343017,-27.544910049438478,40.63190017700195,4.653956689834595,-17.13916172027588,5221.96,213.22200480563285,15101.347701149425,24706.787356321838,10600.382183908046,23.106102478906045,1.0403662583202781e-7,0,1.4710778358230706e-5,0,0.006374250944865887,0.06398731792882971,1.1768083934306335,1.1440923085066663,1.1550607744177743,1.1862209194231363,1.1890707006437582,1.1927694726514517,1.1740037615122367,0.01994904137013302,0.3058446603418511,2,0.441240574757558,0.909215770618267,0.16512303981808496,0.07036167291032143,1.4710778358230706e-5,0.05148475408505922,0.10854807431285222
1025,4.025035480839607,0.0258900176748932,79.21415789999983,0.60564570007301,0.0030944978148614733,-0.010959090016832268,-1.438207638412218e-5,73.8055049505258,G01025,87.58574020165334,45.18061132785785,10000,-7.83407367070516,3.7365903086339434,-19.30804723103841,51.6,17.566666666666666,0,122.56887410481771,42.1,0.03333333333333333,42.1,0.06666666666666667,14.365586090087891,35.66847585042318,938.3173583984375,11.98324171702067,-28.27790012359619,40.26114222208659,3.7365903086339434,-17.721201451619468,5289.7,178.48638506948484,15509.56534090909,25646.66193181818,51984.52272727273,25.59702197506244,9.450803492116547e-7,0,3.2132731379626102e-6,0,0.020951139354872673,0.03573162868718669,0.1340748696705311,0.1340748696705311,0.1340748696705311,0.1340748696705311,0.13408755714777987,0.13408755714777987,0.13407909882961402,6.551785078654466e-6,0.6595163559969646,2,0.951480976181981,0.6303327938061192,0.4660809518165202,0.05668371312240858,3.2132731379626102e-6,0.051313162462816114,0.10756014535718142
1026,4.010633341775351,0.026191659339062222,101.6236471999997,0.6391749574463779,0.00377591341114826,-0.010471433543164129,7.034200443258026e-6,73.12791265017582,G01026,88.48405548577286,45.18061132785785,10000,-6.678516178131104,4.912693338394165,-18.21994659423828,53.92,18,0,119.58607147216797,43.08,0,43.08,0.08,14.809499168395996,36.358017425537106,942.8965893554688,13.399830017089844,-27.32818016052246,40.72801040649414,4.912693338394165,-16.744181442260743,5125.28,148.72500350198908,13932.552845528455,23257.349593495936,7803.208672086721,26.10243474386508,5.2018309131183684e-8,0,0,0,0.02700983145612749,0.041685882282332776,0.37031801140112713,0.37031801140112713,0.37031801140112713,0.37031801140112713,0.37031801140112713,0.37031801140112713,0.37031801140112713,0,0.6701605491828168,2,0.966837300905474,0.6068188020485815,0.47718008251173794,0.0686957657567694,0,0.05146602476645243,0.10560071005190105
1027,4.009625439771585,0.026331076093232514,106.08929909999968,0.659143298683115,0.004420913813690199,-0.010083156669930753,2.3445207004201412e-5,72.76633044288313,G01027,89.38237076989238,45.18061132785785,10000,-6.424817673365275,5.241054185231527,-18.06915136973063,63.833333333333336,20.966666666666665,0,118.56334101359049,49.5,0,49.5,0.5,15.076841004689534,36.74619140625,949.8825622558594,13.67488333384196,-27.347774950663247,41.022658284505205,5.241054185231527,-16.78996820449829,5083.866666666667,130.4276079652626,12619.783422459894,21082.489304812832,5726.064171122995,23.45489137286124,0,0,0,0,0.027369382011374285,0.01994514148305417,0.413077859140796,0.413077859140796,0.413077859140796,0.413077859140796,0.413077859140796,0.413077859140796,0.41307785914079603,0,0.6807853905035649,2,0.9821657067891495,0.578456253809619,0.48768923247632134,0.047314523494428454,0,0.05151557001977636,0.10382392277533331
1028,4.044272707619218,0.025855550416447742,119.0037028999998,0.6363337725284776,0.0041522406626506615,-0.010310531910653578,1.4304912931022578e-5,73.54072849948699,G01028,90.280079781943,45.18018877226891,9986.102053281971,-6.6758095741271974,4.9787899684906005,-18.293168563842773,80.84,25.92,0.08,118.47917327880859,60.84,0.56,60.84,1.08,14.74986083984375,36.23803756713867,949.1822119140625,13.208520088195801,-27.4847501373291,40.69327011108398,4.9787899684906005,-17.013640213012696,5120.36,149.61809159768526,13374.854341736695,22498.07843137255,6993.344537815126,27.671789629121164,0,0,0,0,0.0474128381473366,0.015112172302025294,0.24918180078674126,0.24918180078674126,0.24918180078674126,0.24918180078674126,0.24855976286498715,0.24855976286498715,0.24897445481282324,3.212190015550851e-4,0.5530293296201638,2,0.7978526713091583,0.7583019627919226,0.36656019203568047,0.0625250104493619,0,0.051343846500009074,0.10439316894341863
1029,4.164202300204634,0.024974234431928043,118.36704749999991,0.5753215802652824,0.0030651055746267696,-0.011017719733956344,-2.1675814204135186e-5,76.77183088108657,G01029,91.11924389018857,45.03682262394007,5113.714082773437,-6.90286169052124,4.600581665039062,-18.35557487487793,102.28,32,0.08,118.32020233154297,75.12,1.52,75,1.64,14.295345001220703,35.92182022094727,937.4251538085938,12.544829978942872,-27.242799987792967,39.78762954711914,4.53958498954773,-16.903479919433593,5150.88,150.43390575265937,17080.013368983957,28725.01871657754,12974.358288770054,38.182914208134754,1.0403661826236738e-8,0,0,0,0.12929556804615158,0.010277600933974841,0.14757572458276963,0.14757572458276963,0.14757572458276963,0.14757936129394322,0.14737305416879634,0.14737305416879634,0.14750877389664077,1.0513748411450707e-4,0.2629453101631687,2,0.37934989499741384,0.9263639949808979,0.1364274985453725,0.13957317938378824,0,0.0507803527588056,0.10626722690352461
1055,3.569078583516299,0.015321923982513723,62.517662300000055,0.23526261136455656,-0.008388353347586086,-0.010415730772496147,-1.2342054363459948e-4,79.46065860220749,G01055,114.61875009255158,45.096011210306386,6484.326766898336,11.788183116912842,23.385199991861978,-0.343958326925834,599.0666666666667,109.66666666666667,4.8,75.87801132202148,312.93333333333334,18.633333333333333,274.1,18.633333333333333,10.702045154571532,29.323287455240884,954.3518371582031,29.40236670176188,-7.087833372751872,36.49020029703776,21.849802589416505,-0.343958326925834,750.2,347.9913197490559,29247.26050420168,51711.3081232493,192925.58823529413,742.9604102559616,0.14989729084240971,0.565564412369171,0.07780621648611792,3.416990444127488e-5,0.14133565054222205,0.002170481996153626,22.86760152582759,23.704457941781303,24.69624035050053,25.606297917094658,26.85977664349789,27.3845061807569,25.186480093243148,1.7675638322230982,1.1043242394163362,4,0.7966015518697123,0.6037141850408949,0.5802614636160672,0.2934375932852266,0.643370628855289,0.04320700604821637,0.10886083762174552
1057,3.6768250448996613,0.015410554442886623,82.41714530000002,0.2776682894925997,-0.008065229773637288,-0.01030471813617511,-1.2388891804529045e-4,82.94645191841738,G01057,116.33182929347802,45.18061132785785,10000,13.210634574890136,24.893321685791015,0.7019249959290028,573.04,118.96,5.56,77.81308013916015,302.76,18.84,272.24,18.84,11.449897575378419,30.585715026855468,975.169375,30.806480102539062,-6.620850009918213,37.42733047485351,23.406039810180665,0.7019249959290028,555.4,164.91058183148832,29987.738028169013,51845.07323943662,199200.37746478873,661.4525493234677,0.12147374119229912,0.53695922797965,0.07461705163128995,6.627132802000291e-5,0.16159543284906433,0.023940865570281314,21.24820776596199,21.920313397104476,22.1784192190604,23.78792954938199,24.82789952608515,25.271314298620748,23.20568062603579,1.6599147777599375,1.1867489046873103,5,0.737368553032581,0.5845073899566511,0.602647153705482,0.30707631093966475,0.61157627961094,0.04341339021017212,0.10230991490717234
1058,3.52802586789716,0.015122978184908379,80.38239699999987,0.25480047108456677,-0.0076766063924169564,-0.009139113200881255,-1.101803859393479e-4,86.28577667996596,G01058,117.23014457759756,45.18061132785785,10000,12.831895542144775,24.065333302815755,0.7520138738056024,599.6666666666666,136.4,5.333333333333333,82.47145411173503,330.2,20.266666666666666,302.5,20.266666666666666,10.79675760269165,30.23164793650309,938.3677754720052,29.653033383687337,-6.045549972852071,35.69858309427897,22.59184169769287,0.7520138738056024,619.9333333333333,236.88654833402677,27352.101604278076,47999.04010695187,107387.39304812835,724.6261706592026,0.3515791719349231,0.3118119017771805,0.022992883909648643,1.8872243065259453e-5,0.2213913547250226,0.01927883894438684,17.511084099595955,18.02197269733233,17.89565049637494,18.429841856899355,19.12299020680745,19.235633389446583,18.369528791076103,0.69336312434988,1.248636962185378,5,0.7758217651881643,0.37923568371628175,0.6849793223323011,0.5922682378473978,0.33480478568682914,0.04028741126857594,0.09415323141997628
1061,3.5844380228791586,0.015152284564309415,86.1571697000001,0.3411783967065399,-0.0069389438124007295,-0.009286057488169032,-7.684819637420694e-5,79.50452599642666,G01061,119.9250904299561,45.18061132785785,10000,14.259822998046875,26.066338500976563,1.5740283584594728,617.96,164.36,6.84,93.83732391357422,360.32,25.64,356.8,25.64,10.63286750793457,29.15910774230957,988.55620605468755,31.434120025634765,-5.0322199630737305,36.46634033203125,24.828953475952147,1.5740283584594728,68.12,4.512205669071392,30940.81016042781,53884.42780748663,338251.82620320853,840.3028405296188,0.04505304831549024,0.7571481898100731,0.1166575323032819,6.745734513210099e-5,0.0026579484022640244,0.015962369945290173,24.132030558899228,25.45528474338853,26.009087326780996,27.80419348826077,29.883562177863816,31.29887476441641,27.430505509934957,2.754025204708192,0.6644256371693164,4,0.47928178589183124,0.8075846398690972,0.3297174696870806,0.06374082400817654,0.873805722113355,0.04400819527024331,0.09876923553729308
1063,3.537415273260434,0.014538217431039066,87.71707820000019,0.3184600360748083,-0.007704943964941266,-0.00856023293583675,-9.137816273026152e-5,84.09401966187616,G01063,121.72172099819515,45.18061132785785,10000,14.227735424041748,26.187435976664226,1.346952784061432,679.2666666666667,190.3,10.5,97.3676971435547,406.73333333333335,35.93333333333333,406.53333333333336,35.93333333333333,10.29995412826538,28.462000592549643,1002.0647216796875,31.2068915049235,-4.976266670227051,36.18315798441569,25.95731938680013,1.346952784061432,41.8,4.759020472961739,29929.20810810811,53279.00810810811,303995.47567567567,843.4977909932855,0.04644419479301827,0.7684307949230844,0.08633435296302647,1.2237827746534207e-4,0.004154962552863124,0.021191729098391426,20.731620655724416,21.501286599109115,22.564066504509853,24.803531131609915,27.040792642343032,28.48030803394726,24.186934261207266,3.1222861158297808,0.6382407957221709,4,0.46039341544070095,0.829231354122704,0.30064056925950267,0.07191326472173816,0.8547651478861109,0.04153715244890939,0.09088148257727058
1064,3.702024573527131,0.014652949786398013,92.2828480000002,0.28461823611560594,-0.008868441892177953,-0.009979260529279412,-1.3224911382246456e-4,82.63675467428617,G01064,122.62003628231469,45.18061132785785,10000,13.82810043334961,25.732305068969726,0.9204466667771339,697.68,197.64,10.8,99.94467620849609,436.24,39.6,436.24,39.6,10.344417572021484,28.583374481201172,1002.0227905273438,30.70500015258789,-5.469970035552978,36.17497039794922,25.732305068969726,0.9204466667771339,93.08,75.13538891006466,31714.014836795253,55202.10385756676,331616.94955489616,670.6804050166484,0.07842581152401966,0.5883180193171945,0.12547899501948423,7.670620101263325e-5,0.05429886604163377,0.06114770080465274,22.718007584095425,24.410079889342285,25.353535999373793,26.004201224392062,27.933460195497712,28.748186460515242,25.861245225536084,2.2312567470121043,1.11717308350683,5,0.6941386647324761,0.6481085625429078,0.5452673096267799,0.1939490845713188,0.7137970143366787,0.043759707904920994,0.09980675146542603
1065,3.6931877977251366,0.014974025197326902,47.520738400000056,0.330155381531641,-0.007228664174531231,-0.010103429635614853,-8.59812230549846e-5,75.04787665081112,G01065,123.51835156643419,45.18061132785785,10000,13.555373840332031,25.304843139648437,0.760326671898365,738.84,204.32,9.8,101.32784912109375,474.88,40.88,474.88,40.96,10.312974128723145,28.736177215576173,991.8307006835937,30.175130004882813,-5.709610004425048,35.88473999023437,25.304843139648437,1.0496149924397469,86.4,61.58463011715396,32053.582887700533,55383.82352941176,369828.16844919784,695.0607953890474,0.05686040119311691,0.611035986376896,0.2004179355338976,1.8608631850157672e-4,0.039012548584847255,0.02305259899129345,25.248682941377346,27.146108541850516,27.955590937772282,29.560175442086635,31.687768750435033,32.57132905683823,29.028275945060006,2.7888196406978776,1.0039671395861407,5,0.6237998569747554,0.6566286295268999,0.5163487781104079,0.11911163508775918,0.8114539219107937,0.046872426223449545,0.10689275253174284
1066,3.6827086617347735,0.013785444952935072,91.57788119999996,0.265802143543969,-0.00946823131067022,-0.00937182166298996,-1.4932758438776674e-4,84.00179717004079,G01066,124.4166668505537,45.18061132785784,10000,13.349146308898925,24.861978149414064,0.8332717971503735,851.44,238.12,11.76,100.67046173095703,529.52,42.44,529.52,42.44,9.434586906433106,27.211641159057617,974.164208984375,29.34438117980957,-5.2998155498504635,34.64419708251953,24.861978149414064,0.8332717971503735,49.56,39.209990223581194,33064.38888888889,56382.03125,468239.50347222225,652.8689152689901,0.051301209585403455,0.6532387779297706,0.16391688283521827,0.001234376557621184,0.013451945164916128,0.041138990038113055,25.47524725727265,26.71259162623791,27.99146555316544,30.034289951222373,32.051087643779034,32.70202706870386,29.16111818339688,2.9189519424849375,0.9214362829826972,5,0.5725205525879061,0.7067525378859797,0.46377423951693253,0.10712652134605381,0.8171556607649888,0.04280472963110375,0.0955038868328255
1068,4.149325812357513,0.02461713958909396,111.31537519999986,0.4996663920820505,0.0016671694384820571,-0.011920888747322675,-6.880427842133072e-5,77.78683107462382,G01068,126.21329741879276,45.18061132785785,10000.000000000045,-7.773919343948364,3.953010380268097,-19.42510414123535,82.75,26.25,0.75,115.4524040222168,60,3.75,59.25,4.75,12.755203247070312,32.84685754776001,953.3021697998047,11.672874927520752,-27.13087511062622,38.803749084472656,3.893583357334137,-18.368896007537842,5386.5,212.53470304870214,19997.821428571428,34030.84523809524,84040.32142857143,19.058812953832735,1.0227800997803035e-5,0,1.0492794094392913e-4,0,0.0070083681981260105,0.0011030218504555274,1.958413876273179,1.8459866974471293,1.8967708791657634,2.0090483855516705,2.0283478930805825,2.0283478930805825,1.9611526040998177,0.07581571445819,0.46989223090615917,3,0.4277143408579816,0.8519211314911098,0.2560884938546335,0.00812161784957934,1.0492794094392913e-4,0.05020299122709586,0.10984248236961401
1069,4.106779407548428,0.025105916233131728,107.52760779999998,0.5307260195406432,0.002048220220453449,-0.011731781910335153,-5.5485236498474736e-5,76.4757460993195,G01069,127.11161270291227,45.18061132785785,10000.000000000015,-8.318337321281433,3.4925972670316696,-19.940998395284016,66.70833333333333,23.166666666666668,0.125,127.32692432403564,52.5,2.0416666666666665,52.5,2.7916666666666665,13.473092993100485,33.94144105911255,955.0917383829752,11.566854139169058,-28.117323001225788,39.68417739868164,3.4925972670316696,-17.42042390505473,5470.541666666667,206.1405133201236,18839.281329923273,32058.42199488491,59195.37851662404,19.142623104856852,7.490636719271283e-7,0,2.5041614729570805e-5,1.0403661826236738e-8,0.007913888903012258,0.02111122555050007,1.243055868035393,1.2297704147902395,1.2393850916805311,1.3523817340073985,1.3693991851316587,1.3693991851316587,1.3005652464628132,0.069603762462429,0.5926108626515381,2,0.8549567527243046,0.7266974262703472,0.39770047954064414,0.02902587392084608,2.5041614729570805e-5,0.05060359486969128,0.10963337968756084
1070,4.0402114993965865,0.025233705517476203,91.4156662999999,0.5172203019007062,0.0017280395427393454,-0.012000870819004208,-6.41302878199627e-5,75.26322039824886,G01070,128.0099279870318,45.18061132785785,10000,-6.800760495662689,4.959816628694535,-18.366589498519897,48.55,17.85,0,127.31615142822265,40.45,0.45,40.45,0.55,14.295777082443237,35.50096969604492,949.0422271728515,13.258812522888183,-26.99362506866455,40.2524377822876,4.959816628694535,-16.84681444168091,5274.1,257.40157035467485,19072.421333333332,32152.570666666667,48472.74133333333,21.152539609458195,1.4565126632428037e-7,0,6.552226380003237e-5,0,0.01920319396001468,0.010445973793171444,1.276056414772534,1.280521347811124,1.2830364809162822,1.3224649633798942,1.3412984156350192,1.3412984156350192,1.307446006358312,0.031059970791361757,0.6631922460895932,2,0.9567841645894691,0.6462493743666061,0.45877602816738705,0.029649313404452447,6.552226380003237e-5,0.050786236431525904,0.11190683639737445
1073,4.093315432548729,0.025852215272085633,134.9932301999998,0.603737032599482,0.003005335504817562,-0.010954924061376105,-2.0345347531173685e-5,75.68760592904134,G01073,130.69971981771184,45.184596299341166,9864.88093799157,-5.82307243347168,5.676789569854736,-17.159512662887572,54.65,17.65,0,115.95583152770996,42.25,0,42.25,0.85,15.135513496398925,37.23585262298584,929.949331665039,14.115862464904785,-26.526749897003175,40.642612266540525,5.676789569854736,-15.875877141952515,5151.5,120.5817041197422,16714.698734177215,27923.167088607595,12766.855696202532,23.940323788388046,0,0,0,0,0.05570894720063629,0.041995963399102,0.7611456375983452,0.7611456375983452,0.7611456375983452,0.7611456375983452,0.7611456375983452,0.7611456375983452,0.7611456375983452,0,0.6832653831241596,2,0.9857435798443228,0.5701755096921967,0.49015079567888087,0.09770491059973829,0,0.05091179569038831,0.10626538368188748
1075,4.081295724770086,0.025668173390616097,134.18503829999975,0.6264498776669774,0.0037819302658051632,-0.010458233023603266,1.99031447726041e-6,75.04892219693143,G01075,132.53934003056156,45.30072740850681,6072.0378477290315,-5.309810996055603,6.190170788764954,-16.804041576385497,77.4,23.15,0.6,110.05166473388672,55.1,2.25,55.05,2.3,15.178919887542724,37.37531986236572,935.9863250732421,14.365337371826172,-26.23992509841919,40.60526256561279,6.161558294296265,-15.098495864868164,5074.5,109.99449747002897,14576.101063829787,24283.034574468085,8542.21010638298,24.687292543497758,0,0,0,0,0.04694234288102272,0.02604982312322421,0.6031918274471331,0.6031918274471331,0.6031918274471331,0.6031918274471331,0.6044260325304925,0.6044260325304925,0.6036032291415863,6.373407644874374e-4,0.6516049639872821,2,0.9400672501630835,0.6431148087630589,0.4590363030254263,0.07299216600424693,0,0.050865564338170556,0.103732556798173
1076,4.056768630480946,0.02480676918583931,89.0089022999999,0.5636504325524577,0.003069601259048342,-0.011054037912747493,-1.7909960987902184e-5,74.45735134176155,G01076,133.01573445121124,45.29575085566888,962.5297113874121,-6.415794825553894,4.969141681492329,-17.724229049682616,103.75,30.55,0.9,111.54171676635742,73.3,2.9,71.75,2.9,14.26841869354248,36.20401248931885,925.4473876953125,12.756037521362305,-26.617199993133546,39.37323703765869,4.442347919940948,-16.065627098083496,5240.55,235.1909582490476,15164.825065274152,25272.496083550916,27131.906005221932,31.30069829332417,9.36329609779269e-8,0,0,0,0.035168456089444806,0.03303234502774476,0.1884317771647013,0.22455057421481905,0.2247669817026614,0.28411172969863013,0.2904123397833388,0.29114720161124374,0.2505701006958991,0.043733131535937914,0.6926755548220852,2,0.9993195878868336,0.5156597463755002,0.49951087458393495,0.06820089475015054,0,0.05083918594974091,0.10736469807471714
1089,4.209400311463151,0.016985672951935562,88.16679519999992,0.30981319940793106,-0.00692245508206926,-0.009201527662212527,-2.1429585670131553e-4,98.69559630395456,G01089,80.57044385834435,44.58246346072545,5814.247517825905,-5.697831797599792,4.453531277179718,-16.713949823379515,474.55,107.9,4.7,94.28305931091309,280.8,15.4,280.8,17.7,13.248603105545044,35.51794967651367,870.4351348876953,10.777250051498413,-26.513512516021727,37.29076232910156,4.453531277179718,-15.904412460327148,4638.8,97.34831655885019,29135.291139240508,50554.450632911394,171402.4734177215,114.12430792099251,0,0,0.00106193300349492,0,0.7911678630369527,0.011676581352270628,4.243545551633947,4.1798270040411,4.228665221650952,4.418131160914583,4.539973809326388,4.536303815268378,4.357741093805892,0.161304057152195,0.08594423382547364,2,0.12399131993301234,0.9841542314951152,0.0312277337916671,0.8028444443892234,0.00106193300349492,0.040131161195738486,0.0840013645960155
1090,4.223371218939838,0.01702910311655926,98.4200136999998,0.2894472946677845,-0.007345107994888491,-0.009703318529552822,-2.171714841283889e-4,97.92218932048605,G01090,81.29753321281669,44.54389096157551,10000,-4.69106121857961,5.242670168479283,-15.61925184726715,457.625,100.45833333333333,4,92.20032533009847,265.2083333333333,14.375,265.2083333333333,16.708333333333332,13.09779946009318,35.45115884145101,855.4415766398112,11.573916673660278,-25.369510571161907,36.943427085876465,5.242670168479283,-14.718352476755777,4473.625,140.1247309270969,29672.040506329115,51655.086075949366,179260.43797468353,115.3757413295913,0,9.363295643613064e-8,2.5891593879654996e-4,0,0.8059676240315665,0.0172358406298633,4.125423512319195,4.137715209840553,4.157276149092132,4.1957390917141995,4.25130295386924,4.24953746906147,4.186165730982799,0.05517637591780204,0.10448577478185445,2,0.15074110912122252,0.97875452646715,0.04160137396168839,0.8232034646614298,2.590095717529861e-4,0.04064545535829301,0.08733293664108327
1091,4.109740001044486,0.016621981209956914,84.51312820000005,0.2671950846420323,-0.008487632854646762,-0.009319704438551122,-2.4976206200750796e-4,101.1957668450911,G01091,82.19584849693621,44.54389096157551,10000,-4.03324168920517,5.789704084396362,-14.927766561508179,501.8,105.3,3.95,90.38696403503418,284.45,15.4,284.45,17.9,13.26630620956421,35.7893798828125,849.1319580078125,12.331299972534179,-24.73651237487793,37.06781234741211,5.789704084396362,-13.990027046203613,4382.85,143.37997914999372,32431.29894179894,55255.22751322751,307594.85714285716,117.71594012833242,5.826050531856647e-7,1.0403661826236738e-8,8.670412034860035e-5,2.2679983318641978e-6,0.8372676341508115,0.008122679990566442,6.857820397576018,6.880450550271342,6.936169327768134,7.1048155180589845,7.260863228233136,7.2549851975836885,7.049184036581884,0.18336870830296492,0.055279856635031176,1,0,0.9902868828468581,0.01923958117050928,0.845393164744763,8.671452401042659e-5,0.03858236602502655,0.08327959241863334
1092,3.994603158339149,0.015891845904849152,82.64655149999976,0.2507974871094862,-0.008485717808950417,-0.008697407138220746,-2.5420369227104056e-4,102.23896770259773,G01092,83.09416378105573,44.54389096157551,10000,-3.2912270029385886,6.0495677789052325,-13.634380181630453,581.2916666666666,120.125,3.25,91.52718130747478,328.1666666666667,14.208333333333334,328.1666666666667,15.666666666666666,13.564615488052368,37.304300944010414,804.7077153523763,12.59151049455007,-23.76269793510437,36.35420831044515,6.0495677789052325,-12.663058996200562,4292.208333333333,163.0206653122253,32391.68686868687,55304.62373737374,323121.6313131313,161.906274064011,2.5853197741216892e-5,8.085582271268678e-4,0.0019385277758142304,8.3482096039098e-6,0.8953755225537008,0.0015804788355825985,8.592328411070898,8.677376759640964,8.729769503874053,9.039328084911478,9.351563794832941,9.352004711099543,8.957061877571647,0.3409678645463821,0.035921637833769435,1,0,0.9951521779744305,0.009663606445836859,0.8969902027966284,0.002747086002941098,0.03742191171523958,0.0801140593613874
1093,3.923698447585959,0.015261580035750632,82.58719559999973,0.2331437490816892,-0.008204260233932018,-0.008320993491816104,-2.53965754175889e-4,102.40969517541347,G01093,83.99247906517525,44.54389096157551,10000,-1.8498671770095825,7.0509082794189455,-11.79526662826538,649.8,130.6,2.7,90.56706237792969,358.15,13.9,358.15,14.15,14.119649028778076,39.12280445098877,768.127719116211,13.648687505722046,-22.43752517700195,36.08621234893799,7.0509082794189455,-10.827048015594482,3999,208.65307393651764,31335.248677248677,53756.06878306878,224682.63756613756,187.785875143209,0.001818997090815353,8.164794014467926e-5,0.0011000416159582564,3.2501040506510444e-5,0.9374073448940132,0.004190605486584686,8.120711870040882,8.154377383970193,8.175072258805361,8.300646925210533,8.510992519273103,8.511286118943342,8.295514512707236,0.177761912987937,0.05272226076156765,1,0,0.992352789482693,0.015211188268273057,0.9434494485119198,0.0011816895561029357,0.036772499435626764,0.07834983403773459
1094,3.9032688458910605,0.0152581297512139,94.69579699999983,0.25856353772383567,-0.007398497140938966,-0.007725010367301235,-2.3267802856766903e-4,102.2539699903575,G01094,84.89079434929477,44.54389096157551,10000,-0.06386718079447747,8.456420850753783,-9.621702170372009,671.25,131.6,2.45,89.24979057312012,362.1,13.15,361,13.15,14.40946364402771,40.29105167388916,734.8857604980469,15.187437534332275,-20.573200035095216,35.76063785552979,8.272618818283082,-9.323133444786071,3712.35,152.4488784029446,30055.214646464647,51699.12626262626,199272.39141414143,235.91630667966905,4.5079067999985657e-4,3.9805451576598884e-4,0.0013061381598471365,2.7257594794693917e-6,0.9651847066284659,0.01128736993748066,8.917096415845924,8.771230201028681,8.755386805755153,8.933049099630736,9.0602183835429,9.06433421451345,8.916885853386141,0.13404778231315395,0.08069777974352238,2,0.11642228664672959,0.9862613224640239,0.02715341514466363,0.9769255930054259,0.0017041926756131253,0.03667352856838059,0.07575363358510998
1095,3.9318182255200025,0.015294149455364966,96.60921359999969,0.25078908389838805,-0.007615532524949233,-0.008010755647638238,-2.3922555103714888e-4,101.94342099887496,G01095,85.7891096334143,44.54389096157551,10000,1.2780364478627841,9.743744810422262,-8.070116341114044,657.125,124.41666666666667,1.75,87.21165021260579,349.2083333333333,11.416666666666666,341.5833333333333,11.416666666666666,12.937352498372396,37.894824822743736,720.4634577433268,16.19584385553996,-17.888343811035156,34.08418766657511,9.203248262405396,-8.070116341114044,3477.6666666666665,177.74692969076216,30126.0873015873,52206.71428571428,177393.1349206349,208.01505609137118,0.1990209632996223,0.0037974510935820972,0.0013650124878876206,0.00017398044114235259,0.7404673949998429,0.0031626092301818326,8.203567663080552,8.141844717965407,8.055441955468234,8.291917708796614,8.449665962457656,8.417460079333361,8.25998301451697,0.15541870235461838,0.572817788444018,2,0.8264013827211681,0.781094122112215,0.34578767025768997,0.9428249479707894,0.005162463581469718,0.03695558178483788,0.07718772010774214
1096,3.9157614547826185,0.015078495575552858,91.72803959999993,0.16985921664322634,-0.008536825342959726,-0.009228369839269591,-2.253080800514129e-4,97.6037247047836,G01096,86.68742491753382,44.54389096157551,10000,3.02430729418993,11.995960378646851,-6.893418788909912,642.15,115.95,2,83.46790351867676,329.15,10.65,318.75,10.65,10.936347961425781,33.147981357574466,762.22890625,17.975400018692017,-15.015037488937377,32.99043769836426,11.308158421516419,-6.893418788909912,2994.6,338.5119759989842,30535.29292929293,52981.02777777778,193732.4595959596,283.4863951096841,0.42262779867833744,0.037558770321310726,0.003645110275966827,8.379109481394909e-5,0.48447689336316263,0.0018506346229696042,9.480971522404813,9.459142568687758,9.360107570006338,9.525638286336918,9.851148672300083,9.795010449446623,9.5786698448637555,0.19771773554455643,0.865828578748304,3,0.7881111359112699,0.5098452650543726,0.5406677042265673,0.9090391177592836,0.04120388059727755,0.038628602376744925,0.08934878212032638
1097,3.702417351363182,0.015328044696437247,97.68546649999986,0.17202991450249255,-0.008434401720715419,-0.009539948065737307,-1.6504212560813987e-4,91.73484852311178,G01097,87.58574020165334,44.54389096157551,10000,5.42791011929512,14.799279491106669,-4.854204947749774,638.0416666666666,113.875,2.8333333333333335,80.82028420766194,322.25,12.958333333333334,309.1666666666667,12.958333333333334,10.198702335357666,31.338426907857258,791.9686381022135,20.58273959159851,-11.943937540054321,32.52667752901713,13.927352348963419,-4.854204947749774,2380.25,368.7925362349524,29648.685185185186,51363.642857142855,148176.1216931217,545.7237765736405,0.27901337828312445,0.1357279954360218,0.004271784114283842,2.7407329717612282e-6,0.5544109315436192,2.7533340300113176e-4,13.363896910613349,13.33236102639018,13.235633212989843,13.43097655718531,13.735519873899802,13.70254742749009,13.466822501428096,0.20550985526797078,0.9796524322166548,3,0.891718072263988,0.5693845123475527,0.5742410049432303,0.8337023839627166,0.13999977955030563,0.03962856636248116,0.09556064651819007
1098,3.6028016440599893,0.015157776233977478,85.82818800000001,0.2819074357529043,-0.007048487815452266,-0.008353805092929333,-1.036952204287326e-4,89.75751056059504,G01098,88.48405548577286,44.54389096157551,10000,8.839749407768249,18.595285511016847,-1.5545625001192094,652.05,119.6,3.95,79.67326889038085,335.7,15.5,312,15.5,9.271453094482421,29.28458881378174,810.3006805419922,24.318537330627443,-7.310599970817566,31.629137229919433,17.5386061668396,-1.5545625001192094,1691.9,153.41580924505723,27997.204545454544,48909.479797979795,123289.28787878787,730.1102906075035,0.4397256243400478,0.2095541302980861,0.01643738037955605,8.562214017571826e-6,0.3047946213497331,4.3096129905192997e-4,16.489332326332704,16.56233482482117,16.594141815627754,17.09258730598703,17.473843661941736,17.458995091287715,16.945205837666354,0.4566870836751242,1.1259501432708252,4,0.8122013439925188,0.4528812448696401,0.6494903645929895,0.7449597692028505,0.22599151067764214,0.03969904652032055,0.08659059376949559
1099,3.6651301921524717,0.015083169367654518,112.62969639999996,0.2497747771012659,-0.00679298728397738,-0.008201076769228875,-1.261716469903736e-4,92.44671619965506,G01099,89.38237076989238,44.54389096157551,10000,9.484899520874023,19.344643783569335,-0.8687395635992289,685.1,124.45,4.05,78.51202926635742,356.55,16.55,316.35,16.55,8.407886409759522,27.49687433242798,814.5711181640625,24.610737609863282,-5.960712492465973,30.57145004272461,18.29589977264404,-0.8687395635992289,1539.2,221.88939871737426,27272.760101010103,47701.65909090909,102984.4696969697,618.9128544957291,0.8704945692024475,0.03660317312762346,0.005165771957364433,3.753641289399417e-5,0.07399830421639501,3.0420308182971923e-4,8.898219216721149,8.995609993518467,8.919552040439894,9.020350423606747,9.17029372622187,9.171469159943197,9.029249093408554,0.11877136283712791,0.45733962840991854,3,0.4162884696696494,0.8823144434714507,0.2144918261001162,0.9448346129135662,0.041768945084987893,0.038961656693703106,0.08526779167844448
1100,3.6158658638953627,0.015070656352270815,71.7868199000001,0.1358959766200943,-0.010042041824964008,-0.010483318479838268,-1.6828676249603793e-4,83.65178947691251,G01100,90.2806860540119,44.54389096157551,10000,9.244330296913782,19.542517463366192,-1.4416493095147114,715.7916666666666,128.95833333333334,4.875,76.089768409729,366.9583333333333,19.791666666666668,317.375,19.791666666666668,8.67818135023117,27.31900668144226,845.6223983764648,24.82718761761983,-6.877791663010915,31.70497926076253,18.376118222872417,-1.4416493095147114,1427.75,605.5032581680911,28633.589947089946,49827.468253968254,161157.12962962964,624.6878719463027,0.6598777260710712,0.20531547028386732,0.04697944235188705,1.5085310094653235e-5,0.06274825227147125,0.004144132340906554,12.312285323191544,12.634582674833636,13.010648532652704,13.29255416515328,14.202505799044621,14.131445451280781,13.264003657692761,0.7746204292858098,0.9385985630553821,4,0.6770557461527534,0.6739772570754125,0.49535184506128727,0.7267851959935437,0.2522949126357544,0.04126406447922622,0.10982624459946648
1101,3.5884964143689277,0.015240093321969295,58.48470579999999,0.19231090539059406,-0.009269390725996115,-0.010509387340902098,-1.3624620360501945e-4,78.50820184932647,G01101,91.17900133813141,44.54389096157551,10000,11.24394679069519,22.03982925415039,0.06508335024118424,672.8,119.1,5.15,72.72936706542968,334.1,20.65,288.3,20.65,9.192085456848144,27.78367738723755,883.5856079101562,27.428737831115722,-5.581137466430664,33.00987539291382,20.692158460617065,0.06508335024118424,863.85,517.1863427797516,29382.742424242424,51611.11363636364,187939.89141414143,744.812816962233,0.400447316015929,0.4519314188333776,0.08421129835461934,6.270287171157426e-5,0.024010528511416832,0.0041918643327798185,18.126214699726606,18.781056410574443,19.872321452864437,20.42095692613453,21.411975227791306,21.984097882798668,20.099437099981664,1.4873730804399732,1.0492410910531178,4,0.7568674593796292,0.4683930315417608,0.6000993439334712,0.42871241173183716,0.536142717187997,0.04322470451736429,0.11395506804332045
1103,3.6658648845304302,0.014857236525561986,114.98538750000002,0.23949670679211466,-0.007222987471954153,-0.008298543179434178,-1.3832177339342784e-4,92.64930173469156,G01103,92.97563190637047,44.54389096157551,10000,10.602919816970825,21.2656813621521,-0.5623312500305474,704.25,136.3,6.8,73.37784805297852,353.15,25.05,323.1,25.05,9.565195894241333,28.93775644302368,878.6181365966797,26.481912326812743,-6.538900017738342,33.02081251144409,20.012016582489014,-0.5623312500305474,1224.75,219.5991264003331,28365.2702020202,49739.52777777778,116236.72727272728,619.6560164258872,0.7311801707111543,0.09754234300044629,0.01441478360788315,5.471285917316993e-5,0.12963010823327936,0.0012152621779605427,12.077106558814583,12.260319841482048,12.640835803411179,12.632257103324987,13.11491865675658,13.25844380247264,12.663980294377003,0.46165719753078355,0.7853732206263478,4,0.5665270253223129,0.7506695177020175,0.40853451365590343,0.8620802539815673,0.11195712660832943,0.0389591590604944,0.0858835435124055
1125,4.312190957972557,0.02432115556018971,125.97086179999985,0.5283417921124348,0.0025491066068739376,-0.011409901730477588,-4.1949702321582335e-5,79.08903753915429,G01125,112.7287242016119,44.53407803276611,9676.28875725473,-4.1621204773585,6.823355515797933,-15.137277793884277,141.13333333333333,36.766666666666666,1,102.59704920450847,94.33333333333333,3.8666666666666667,88.2,4.3,14.178571510314942,37.128913497924806,895.8945719401041,14.295666631062826,-23.886933199564616,38.182599767049155,6.138912502924601,-14.054208246866862,5057.3,175.78614554485586,19438.02652519894,32343.824933687003,26471.957559681698,42.78780984801769,1.5576324047378593e-7,0,3.1464175163523556e-6,0,0.24261437172050063,0.01692754934581744,1.162641673299218,1.191187775852824,1.1984227929545035,1.2200096789868549,1.2290389462048188,1.2290389462048188,1.2050566355838397,0.026112365332654108,0.2412530579862011,2,0.3480545903559899,0.9347672389622178,0.12195655544738648,0.25954207682955854,3.1464175163523556e-6,0.0508652514750237,0.10761941821385462
1126,4.383450676823475,0.023346998396630743,135.2576901999999,0.5243033361764198,0.0027900932705434514,-0.010976150294717308,-3.343134428214434e-5,80.27046162515761,G01126,113.65301107345489,44.51662216025089,9095.839990691626,-4.495273780822754,6.458441600799561,-15.471246643066406,197.8,52.12,1,106.83030395507812,132.92,4.32,126.52,4.56,13.818845825195313,36.65517288208008,895.7156323242187,13.669880027770995,-24.024190139770507,37.69407028198242,5.765513353347778,-14.380011711120606,5114.88,163.15746994851324,18133.156565656565,30786.734848484848,18621.454545454544,41.84589688315753,2.057613116744599e-8,0,3.3230452673807224e-6,0,0.19850396092277398,0.018060607001501576,0.6527544319685218,0.654631634461398,0.6579288355187533,0.6861458142138597,0.7050821340185567,0.7050821340185567,0.6769374973666077,0.024950894336436238,0.28716872657042297,2,0.41429689772154793,0.9165899024745849,0.15290828139826085,0.21656458850040672,3.3230452673807224e-6,0.050436609997058214,0.10436539502638567
1127,4.4705451799004745,0.02149799309508648,122.607907,0.46507555609358703,0.0011120920777474938,-0.010792195781392622,-6.652945892313582e-5,84.41797928043376,G01127,114.53519872523898,44.54389096157551,10000,-4.862520519892374,5.93646944363912,-15.798197142283122,259.1666666666667,70.13333333333334,1,111.77875162760417,175.5,4.433333333333334,171.36666666666667,4.433333333333334,13.287399387359619,36.04222272237142,888.2690368652344,12.704591655731202,-24.15945841471354,36.86404991149902,5.270044501622518,-14.74835828145345,5143.166666666667,132.764007205249,19912.65066666667,33415.01066666667,24019.085333333333,46.73660410709895,9.979423788379028e-7,0,1.8703703898919743e-5,0,0.26479273653151686,0.0390269856010985,1.3100571466366029,1.3160301156593155,1.3200258405630012,1.3272548249274425,1.3383469041001517,1.3459183328078195,1.3262721941157223,0.013708244370394179,0.38411630607398994,2,0.5541626898975325,0.8714890689241469,0.2240084012230834,0.3038207200749942,1.8703703898919743e-5,0.04868158983098694,0.1007081618549853
1128,4.480110234766267,0.02026447175241119,121.35028059999993,0.41779780804455496,-8.925508521910156e-5,-0.010702065487811009,-8.963258779008036e-5,86.11029421252753,G01128,115.43351400935852,44.54389096157551,10000,-4.896854581832886,5.7876117181777955,-15.81048500061035,311.88,86.56,1.28,115.77419342041016,213.12,4.96,212.76,4.96,13.070682487487794,35.96752304077148,884.3426196289063,12.229320106506348,-24.099289932250976,36.3286099243164,5.628733372688293,-14.64612335205078,5091.8,165.26720787863516,20217.82722513089,33722.7722513089,21486.468586387433,45.39366240766054,2.057613116744599e-8,0,3.600823089043004e-7,0,0.24785576137486856,0.07856254109671304,1.2507085837447947,1.2497895928934495,1.2503234702144663,1.2525405852435478,1.252522724868696,1.252522724868696,1.2514012803056083,0.001269041448512493,0.5518798310328042,2,0.7961942953976657,0.7593185506362107,0.3655083399384387,0.3264183230477128,3.600823089043004e-7,0.047665087846090824,0.09905161148730357
1129,4.508305903875205,0.019303333052680727,112.31527289999975,0.41962061666955097,-0.0014007687196814593,-0.009905433843504579,-1.1704091542394978e-4,90.50307291096182,G01129,116.33182929347802,44.54389096157551,10000,-5.10945496559143,5.528804988861084,-16.055995216369627,344.16,97.56,1.88,118.35175445556641,239.76,5.84,239.76,5.84,12.606259956359864,34.952925567626956,884.0971118164063,11.742049980163575,-24.287560119628907,36.02961044311523,5.528804988861084,-14.287786712646485,5050.92,66.68640541119807,21976.666666666668,36852.64705882353,31298.29131652661,39.99801023202297,0,0,1.985596722034295e-6,0,0.2882279937716624,0.15193099795389137,1.49064389853117,1.4886270855354866,1.4892126758542537,1.5002227949372524,1.5152343301805524,1.5152343301805524,1.4998625192032113,0.012628159360769197,0.6444643465315556,2,0.9297655167708218,0.654824049885341,0.4520621413388455,0.4401589917255538,1.985596722034295e-6,0.04559873635921939,0.09167774262984953
1130,4.4316346715600226,0.01813006262111031,100.84218019999992,0.32241906236182666,-0.004047597698615315,-0.010634965741225497,-1.6619833345507645e-4,91.58111910586253,G01130,117.23014457759756,44.54389096157551,10000,-7.251394478480021,3.3700874795516333,-17.96159985860189,384.8333333333333,109.66666666666667,1.9333333333333333,118.9408780415853,268.3666666666667,6.666666666666667,268.3666666666667,7.366666666666666,12.455066712697347,34.842313575744626,877.8410888671875,9.59373327891032,-26.12553342183431,35.71926651000977,3.3700874795516333,-16.70150833129883,5273.366666666667,199.54249108179047,24323.39779005525,40620.2817679558,140578.5635359116,42.18206585835463,3.0114226748486006e-7,0,1.3499480825950423e-7,4.1536865184114526e-8,0.2754271964074625,0.007855950136324782,1.8824451884237712,1.8903862985403501,1.8919040959919773,1.9052970242738405,1.9103974460580706,1.9086826704249196,1.898185453952155,0.011471154947752249,0.1267923592047468,2,0.18292270784730033,0.9722665655949553,0.053928675566518036,0.28328348922291996,1.3499480825950423e-7,0.04458840462175369,0.09515453546591002
1131,4.353542279435281,0.01779890664025096,102.54698919999989,0.28724780349103385,-0.0063208444899535655,-0.010919346511291079,-1.9786304305022126e-4,93.8212783758916,G01131,118.12845986171706,44.54389096157551,10000,-5.556379985809326,4.729718313217163,-16.137796783447264,380.16,105.28,1.84,116.23374450683593,261.72,7.04,261.72,8.08,13.570899925231934,37.29754348754883,858.3359375,11.276570014953613,-25.084880065917968,36.36145004272461,4.729718313217163,-15.102091598510743,4992.16,202.35729127791106,28189.61012658228,48252.39493670886,132542.74683544305,72.7463115182815,3.1893004806651906e-7,0,3.565020581018448e-4,5.144032904144794e-7,0.7171074075565518,0.009001666682218797,2.726345027817809,2.7135489741030328,2.7354205118947466,2.761834687351278,2.802864180498678,2.800435955959326,2.756741556270812,0.03822714230388683,0.07096154007800723,2,0.10237586196438446,0.9871170890359224,0.025446074101263427,0.726109907572109,3.565020581018448e-4,0.04332620969491083,0.0956757429853329
1132,4.377431964836237,0.017973959678993456,98.48478929999978,0.3527700149305501,-0.004896593130928193,-0.009741002504533365,-1.7507988152849817e-4,95.15247435445028,G01132,119.0267751458366,44.54389096157551,10000,-4.178741351763407,5.793290281295777,-14.709756882985433,399.9,104.3,2.2333333333333334,111.60001627604167,266.43333333333334,8.066666666666666,266.43333333333334,9.066666666666666,14.378083992004395,39.00686060587565,840.7955525716146,12.493550046284993,-24.360733286539713,36.85428365071615,5.793290281295777,-13.698359711964924,4793.866666666667,79.56161495792203,26352.652519893898,46097.98673740053,98088.72148541114,78.00304732711653,0,0,1.3899176873838233e-5,0,0.9316995267502792,0.014553724274414535,1.7170742143827133,1.7009597789712065,1.6984348986962507,1.6982195119440233,1.7143908704952993,1.7143908704952993,1.7072450241641322,0.008914277409422505,0.07964632334268149,2,0.11490535571152546,0.9846051683732387,0.03031611339214091,0.9462532510246937,1.3899176873838233e-5,0.042717223340398784,0.08834813249961913
1133,4.248886757848428,0.01717111482848294,95.61355229999982,0.3070030940706704,-0.007073328421596227,-0.009547340020118198,-2.2086928210895472e-4,98.59590695220699,G01133,119.9250904299561,44.54389096157551,10000,-3.9107100105285646,5.8924799728393555,-14.36851676940918,452.04,110.52,2.76,106.88002746582032,290,9.6,290,11.08,14.007650032043458,38.280510101318356,828.456357421875,12.56613998413086,-24.019850006103514,36.585990295410156,5.8924799728393555,-13.377706718444824,4759.44,111.88054641744769,29525.156565656565,51200.356060606064,171535.69191919192,87.41324893719143,0,0,4.135802491911047e-6,0,0.9246738888596852,0.003855308640373895,2.3353845836043172,2.3798110524623195,2.3888336256680667,2.453836412152943,2.5532174168220845,2.5520747228871583,2.4438596355994817,0.09237541358739522,0.02697316568506194,1,0,0.995843504692353,0.00827847469622045,0.928529197500059,4.135802491911047e-6,0.04043809127770115,0.08526545408024543
1134,4.0901459932198625,0.016393583225009438,76.84337749999976,0.2493359373010621,-0.008887169510798177,-0.00947701708848218,-2.701973028945874e-4,102.01604867675614,G01134,120.82340571407563,44.54389096157551,10000,-4.7653300571441655,5.130030012130737,-15.269681854248047,512.64,120.08,3.76,102.66648590087891,318.4,13.4,318.4,15.16,12.978891792297363,36.02173980712891,835.4172094726563,11.696320075988769,-24.32673011779785,36.02305038452148,5.130030012130737,-14.260318412780762,4842.6,185.82025365031302,33368.02380952381,55498.95767195767,376282.28571428574,80.58788738397122,2.3353909466409893e-6,3.086419675116899e-8,7.935185241405162e-5,2.942386844525748e-6,0.6401588271835144,0.002855987657610578,2.256621876463675,2.2512132899494457,2.296867140227942,2.396133320335063,2.551881039806916,2.55130985599449,2.384004420462922,0.13983810693684384,0.029831451197918715,1,0,0.9954273821317018,0.009104589398627128,0.643020092618916,7.93827166108028e-5,0.038077392292459544,0.08285443425040584
1136,4.024833084202365,0.0163874752207698,72.70915039999981,0.25736655526110613,-0.008758155700562617,-0.008889128208258011,-2.683944217409107e-4,103.56097542391139,G01136,122.62003628231469,44.54389096157551,10000.00000000006,-3.212349200248718,6.1504050064086915,-13.392613372802735,540.84,122.88,3.52,98.89801086425781,327.12,13.52,327.12,15.16,13.667426605224609,38.283287353515625,801.7383740234375,12.700360069274902,-23.001250076293946,35.701610260009765,6.1504050064086915,-12.58064167022705,4538.16,135.29587330489178,34229.444444444445,57005.16931216931,418922.14285714284,115.59791929586363,7.163168722407345e-4,2.1440329319263169e-4,0.0011619855992667523,1.6228395126273863e-4,0.8126612244731902,0.009211049395540283,8.784895817824607,8.73683332038508,8.816850689025022,9.248023637070002,9.52637598049159,9.498387974874301,9.101894569945102,0.36708394983625653,0.08325190161474587,2,0.12010710560416975,0.9860870527913014,0.02750455506329752,0.822750874692234,0.0013763888924593838,0.03709068723493319,0.07966516118882905
1137,4.054265518072401,0.016281385312266843,85.28661139999996,0.2578110516982475,-0.008626928245207086,-0.009062522115637186,-2.573547089963005e-4,101.99283051813019,G01137,123.51835156643419,44.54389096157551,10000.000000000002,-3.304006620645523,6.135106639862061,-13.645510063171386,537.16,121.16,4.2,95.60553436279297,317.52,15.2,317.52,17.24,14.099471549987793,38.658499298095705,811.7096362304687,12.83107997894287,-23.652409973144533,36.48349014282226,6.135106639862061,-12.832814979553223,4489.76,153.63682284313657,32847.72222222222,55620.62373737374,343704.52525252523,128.1606779477236,4.7695473359854376e-5,1.705761329286649e-4,0.0016069444464678613,6.0596708161762385e-5,0.8563550926663256,0.0026568415608092554,8.238751507663482,8.413086800601134,8.43905746364757,8.83543955479578,9.216576916052594,9.127459521976004,8.711728627456095,0.4074928772058874,0.03773753559825275,1,0,0.9947233520617049,0.010512397224251124,0.8591202264086565,0.0017775205793965263,0.03790726815945208,0.08161320227643415
1138,4.087135037111405,0.016238826224087344,86.04371919999976,0.26714010933945237,-0.008039817975595295,-0.008987957994497274,-2.4531068511500986e-4,100.94787952781246,G01138,124.41666685055372,44.54389096157551,10000,-3.589308307568232,5.9629875183105465,-14.056629180908203,539.9666666666667,116.1,4.466666666666667,92.32318954467773,310.3,16.133333333333333,310.3,18.366666666666667,13.690787410736084,37.497108205159506,820.2762512207031,12.572383276621501,-23.948249944051106,36.52063331604004,5.9629875183105465,-13.122495810190836,4509.466666666666,158.38968386237465,30995.315656565657,53253.11363636364,231780.65404040404,125.49759121867669,9.670781775954019e-7,1.2345678850178657e-7,2.3881687385057278e-4,1.2037037219516856e-6,0.7859981376799781,0.002473549383942221,7.152841718773864,7.301126075253639,7.375276153218256,7.466940492935921,7.642854580630178,7.6371468180731,7.429364306480825,0.19287247229828033,0.024008226893846067,1,0,0.9965581127848346,0.00686200049770469,0.7884738578458198,2.3894033063907456e-4,0.03844502624088467,0.0817728320599968
1139,4.022509354444007,0.01594774783202842,79.5883638999999,0.2567448051420273,-0.008270950575333535,-0.008704521774585198,-2.644697070143244e-4,102.78318736364464,G01139,125.31498213467323,44.54389096157551,10000,-3.5399412631988527,5.838418292999267,-13.82166000366211,577,118.48,4.08,90.93128479003906,325.48,16.16,325.48,18.24,13.205824165344238,36.79959197998047,804.506025390625,12.369199981689453,-23.51734001159668,35.88654006958008,5.838418292999267,-12.794286613464356,4488.04,169.63723058338346,32078.989417989418,54582.54232804233,256614.4708994709,109.7917752887409,3.0041151474528934e-6,3.189300428266319e-7,4.157201629826991e-4,1.4711934383568132e-6,0.7527054630943977,0.0029286419761774597,7.033467670134136,7.045065326826913,7.112590749093465,7.283978489705494,7.512559947286333,7.513988519259861,7.250275117051033,0.22250731234129212,0.030140523130627594,1,0,0.9955702190139029,0.00882463199048178,0.755638580379161,4.1603909302552575e-4,0.03726218392517028,0.0787881690392663
1140,3.9859075488392253,0.015753468654913973,101.23856819999997,0.29829563833928974,-0.006778922629081947,-0.007514517284705818,-2.4570059905682195e-4,103.56792804340853,G01140,126.21329741879276,44.54389096157551,10000,-2.2609531323115033,6.678790299097697,-12.251098696390788,642.5333333333333,125.8,3.3333333333333335,89.72088724772135,351.96666666666664,15.2,351.96666666666664,16.366666666666667,13.90453405380249,38.81667861938477,771.5925577799479,13.211441771189373,-22.611325136820476,35.822766876220705,6.678790299097697,-11.204382038116455,4263.333333333333,96.98820878683223,29333.472222222223,51142.628787878784,156273.82575757575,129.876832848814,8.289719642737643e-5,1.5871235649426624e-4,4.0358255426407874e-4,7.673935611377617e-6,0.9575453791307017,0.003942014532714264,8.28288548707962,8.375946231637682,8.471519562516894,8.672182389327459,8.886894171919142,8.880037029061999,8.594910811923798,0.25809022844050006,0.03288685503379181,1,0,0.9952243131610412,0.009511569364483385,0.9615779647954548,5.62294910758345e-4,0.03650093416967756,0.0720474949522273
1141,3.8584732233249794,0.015034452583269539,99.33372950000009,0.2574396137653743,-0.007316544502037031,-0.0073664419547938495,-2.654882651931019e-4,105.14909291316904,G01141,127.11161270291227,44.54389096157551,10000,-2.006302056312561,6.628689994812012,-11.626306686401367,723,136.76,3.64,87.80365051269531,384.88,17.32,384.88,17.6,14.012220802307128,39.683154296875,743.4565063476563,13.18617000579834,-22.118419799804688,35.30458969116211,6.628689994812012,-10.640990028381347,4148.6,161.33376377353045,30678.949735449736,52923.91798941799,181778.92063492062,152.39572684115362,5.271913578476059e-4,2.5884773773670583e-5,0.0011248148193764582,1.1676954954028764e-5,0.8975933024265055,0.004712489714027605,9.069841695478061,9.088788618612902,9.124505852768662,9.298660551362303,9.585945523924563,9.572108148066022,9.289975065035419,0.23815447657901184,0.04757036671665358,1,0,0.9929180415044938,0.014084698631219084,0.9028446604533347,0.0011506995931501289,0.03511234968029865,0.07049985151919469
1142,3.8692541892130974,0.014924261598699225,101.42896619999995,0.25891728756177257,-0.006984429499369216,-0.00733570423013723,-2.3675150677968484e-4,102.98681254746249,G01142,128.0099279870318,44.54389096157551,10000,0.839082493185997,9.069919986724853,-8.35110336303711,723.12,133.8,3.24,86.7649560546875,377.04,15.76,375.92,15.76,14.83242000579834,41.72265655517578,707.97662109375,15.993939971923828,-19.55694007873535,35.550880126953125,8.902358379364014,-8.273240032196044,3674.52,166.18291127549787,29069.098484848484,50547.89898989899,179467.7676767677,225.4550033841091,7.492386824230413e-4,0.0011517695503576993,7.691358042180065e-4,2.574074082031636e-5,0.9207243003287426,0.012261563786460138,8.972156514855984,8.930105228138174,8.888834050414735,9.076749693130614,9.156572624345408,9.16542344498345,9.031640259311395,0.11813736862675245,0.09274702082181085,2,0.13380566699685195,0.9840143846110337,0.03154113228102784,0.9337608435384461,0.0019209053545757057,0.03598874229255967,0.07273211287913764
1143,3.8803163101360685,0.015390348221256355,99.22935160000006,0.2784347406318834,-0.0072104589629968085,-0.007281588977369279,-2.479732544880952e-4,104.59490419598684,G01143,128.90824327115132,44.54389096157551,10000,1.7717951426903407,10.04094581604004,-7.3553486347198485,688.1333333333333,123.9,2.8666666666666667,84.09476470947266,351.76666666666665,15.2,343.7,15.2,14.086327775319416,40.18748435974121,703.5958801269531,16.840641721089682,-18.182250022888184,35.02289187113444,9.516463883717854,-7.3553486347198485,3529.9666666666667,101.5916380394579,30708.82037533512,52803.69168900805,210528.6273458445,193.31482017339926,0.03771946502710618,0.002391296303827448,0.0011247633743199158,1.2921810859717033e-5,0.830397057826587,0.004922613172916518,7.241244916663671,7.14611312543775,7.138619779228227,7.318034958583786,7.381140283689574,7.428030919790097,7.275530663898851,0.12073552664563864,0.24054479266239734,2,0.34703277948570455,0.9473274708873869,0.10067838370062554,0.8730520578374694,0.0035160596781473635,0.03557545289593871,0.07104318994728284
1144,3.8450256620371124,0.014602072740186146,96.08250879999981,0.17637035003877788,-0.008757375956334561,-0.008579924639711444,-2.6251030114153714e-4,101.99287325157789,G01144,129.80655855527084,44.54389096157551,10000,1.735753769800067,10.199983386993408,-7.407098331451416,707.6,121.04,3.08,80.04352172851563,343.92,16,338.6,16,10.79037914276123,34.25418029785156,710.4775659179687,16.103709945678713,-15.374680061340332,31.478390045166016,9.662878379821777,-7.407098331451416,3390.48,325.5752754740446,31894.421717171717,54670.43686868687,227456.7626262626,219.14498470822093,0.5128515638875824,0.0012368312774415544,9.051131705255926e-4,0.0010905349810091587,0.4236530969492475,5.233230477511794e-4,5.90741707074996,5.93298527765934,5.891578227171003,6.022500944693816,6.079196418775884,6.076770619621084,5.985074759778514,0.08503336891400506,0.7172629865787126,2,1.0347917537503157,0.5454356360792307,0.4994823875945933,0.9381185188655902,0.002141944447967147,0.03632883142969004,0.08113071654191736
1145,3.7325957023508547,0.01491450496365958,89.76308839999989,0.13455324050914874,-0.009056409629306941,-0.009472702697226963,-1.977598405680231e-4,94.54984386411199,G01145,130.67266316622576,44.52925365650356,9218.513255535841,7.493409387270609,16.451040172576903,-2.2700889258024595,665.5,119.6,3.066666666666667,79.84818267822266,331.8666666666667,14.433333333333334,319.8666666666667,14.433333333333334,9.583714580535888,31.190709749857586,752.657802327474,22.037549908955892,-8.687424977620443,30.72497475941976,15.584501393636067,-2.2700889258024595,2179.4,389.7603684670701,31990.24074074074,54015.23809523809,184383.6798941799,483.3721192692943,0.4387775180114469,0.06863025960212037,0.0067185358412488,3.3935617873205067e-5,0.43068662488842047,0.0013440809939737235,13.032426789713845,13.08678667652297,13.21351817431672,13.309938258496514,13.62628239367682,13.660069216486725,13.32150358486893,0.2675701162080565,0.949727707128225,3,0.8644794136424749,0.4637304084483412,0.5724523248868107,0.8708421595117143,0.07534879544336917,0.03879511099749319,0.09496289800670527
1146,3.5806911110237887,0.014889861067346542,103.36411839999995,0.23877990862002477,-0.007576083668524232,-0.008453093470489862,-1.2231511273475148e-4,91.1177262316627,G01146,131.17264778661928,44.27633982077136,77.45441785410199,11.118872947692871,20.380595169067384,1.2984966433048248,694.64,134.52,3.64,81.70614410400391,365.36,14.84,341.04,14.84,8.606159095764161,29.044842300415038,767.18036621093745,25.63885025024414,-3.972680048942566,29.611530151367187,19.38034019470215,1.2984966433048248,1461.88,248.51916760416424,28935.446969696968,50454.881313131315,120361.22222222222,735.2994603800197,0.693397551546393,0.07728262339447019,0.0071312757291553935,3.805555570429888e-5,0.20087763365528666,3.4322016608899286e-4,13.621768089248858,13.684279300074774,13.64411429607239,13.97436536244421,14.181093367020175,14.181825791343982,13.881241034367397,0.26505998643409673,0.8087700661579571,3,0.7361742395385549,0.7082203484467008,0.45004460462177154,0.8946564609234731,0.08441389912362558,0.038874267043563414,0.0866583119241935
1161,3.7596866508816618,0.014030714140251258,128.86692239999982,0.31575552354718645,-0.006905207016302214,-0.007517546211658557,-1.3746513910591572e-4,92.00233692943888,G01161,80.67543360366552,43.94148370985015,3658.3404242064057,14.591427834828695,25.839774958292644,2.6465027888615924,845.7333333333333,218.3,21.133333333333333,83.1544901529948,460,72.83333333333333,460,72.83333333333333,8.461097351710002,25.577024014790855,940.2279459635416,30.200166765848795,-2.8580000082651775,33.0581667582194,25.839774958292644,2.71688334941864,9,4.623776632237719,31058.851515151517,53988.36363636364,335708.8696969697,686.8034143797054,0.04328457822098824,0.6664680659049208,0.08170616247417183,4.928189318933967e-4,0.003306944451202228,0.14513477366289942,19.184912602068458,20.057093778714435,21.016426149377235,22.795620727118905,23.877660507408553,25.2934710117967,22.037530796080716,2.352196438499704,0.9102089085910836,4,0.6565769392986561,0.7087120197181564,0.4642280024530516,0.1922191152669833,0.7481742283790926,0.04028097823777926,0.08025520623056932
1162,3.6860302251472405,0.013573556046075934,122.6534035,0.3246491008193487,-0.006693934114524731,-0.0070593796399168185,-1.2566218893944153e-4,91.60548804922098,G01162,81.29753321281669,43.90012963839316,10000,14.4857470703125,25.57404670715332,2.8569900035858153,913.36,216.44,28.08,76.41606140136719,480,87.84,479.88,87.88,8.350667400360107,25.709082794189452,923.82769042968755,30.030020065307617,-2.446209969520569,32.47623008728027,25.56198501586914,3.036428356170654,0.8,0.8660254037844384,30347.045801526718,53084.017811704834,340585.2010178117,759.8679158458858,0.021812983575830693,0.7910790226393146,0.08628064811578623,0.004329032925956566,0.0040001543274525014,0.030016388888774143,19.64250710284906,20.332184214384068,21.54548245691418,23.195259752334913,24.70532301291983,26.21611643321519,22.60614549543621,2.563768731388481,0.60866314403479,4,0.43905764973543826,0.8438012157268663,0.2779238746233933,0.0601585597180139,0.8773596707551008,0.03965849019216796,0.07695655990959652
1163,3.6258057585002113,0.013059188129029849,121.1229437999999,0.3099794841039678,-0.005565797176893231,-0.0060432718829074835,-1.511106865762155e-4,96.34290893565411,G01163,82.19584849693621,43.90012963839316,10000,14.469245592753092,25.348580678304035,3.0909318129221597,998.5555555555555,223.55555555555554,26.444444444444443,73.0614522298177,508.1111111111111,88.77777777777777,507,88.77777777777777,8.116909133063423,25.44603114657932,909.3714463975695,29.927941852145725,-1.9599763287438288,31.887918048434788,25.304639604356552,3.0909318129221597,1.3333333333333333,1,30536.823529411766,51847.75490196078,307272.35294117645,725.1929327357371,0.01974498503202635,0.7547723801344137,0.0725088699431891,0.006741729060080844,0.0019594311469039033,0.06940123498345234,19.32740861652343,19.910081252819154,20.823328248207485,23.093200632162535,25.02504196567587,26.23642407652485,22.40258079865222,2.836049687860811,0.6909182264992064,4,0.49839214951510136,0.8158566878311859,0.32209409688062574,0.09784738022246343,0.8272812500776028,0.037280647902134666,0.06978977780826293
1164,4.4914590787159225,0.022968761619464588,133.69505229999982,0.4476754178626296,0.0018687503517135463,-0.011914031633571142,-7.11876667447816e-5,80.88161763029818,G01164,83.09416378105573,43.90012963839316,10000,-4.923931312561035,5.852383279800415,-15.7892915725708,218.8,52.6,4.4,79.96990051269532,124.6,22,105.2,37,12.077604293823242,33.524967956542966,883.8454711914062,12.737199974060058,-23.265749740600587,36.002950286865236,5.567783403396606,-8.922766780853271,5050.2,282.52026475989294,20556.95061728395,34052.38271604938,23794.728395061727,21.85044824317223,3.2262443838750614e-5,2.8054298789817756e-6,3.038461569756453e-4,6.2895927560300784e-6,0.033889049787090265,0.0038354751327703495,1.763240025829067,1.6985208615057945,1.6910372641454516,1.792424411008131,1.8035796671901791,1.8035796671901791,1.7587303161448007,0.051741831829558896,0.38147292479399586,2,0.5503490968337064,0.8901836467926583,0.1973583250666835,0.037763076956455394,3.066515868546271e-4,0.051146902010125006,0.10953695483219653
1165,4.266418409221725,0.025468279546541007,80.47720299999985,0.5215125928585225,0.002782082870213945,-0.01206590993355407,-4.6562184835737034e-5,75.47866614569632,G01165,83.99247906517525,43.90012963839316,10000,-3.125165450222352,8.250095451579375,-14.251527000876035,107.52941176470588,33.8235294117647,1.5294117647058822,112.88269536635455,76.29411764705883,7.176470588235294,71.70588235294117,9.764705882352942,13.707725524902344,35.59055148853975,915.5519732306985,15.923117637634277,-22.52245611302993,38.44557369456572,7.874125031863942,-9.555840632494759,4825.117647058823,313.90442063487677,19454.854889589904,32201.712933753945,33764.79179810725,25.723617484143222,4.3969848226865836e-7,0,4.768467353441242e-4,3.1407034382470953e-7,0.056705728663016534,0.004626143211999764,3.0128956036629284,2.899428960494181,2.8984586575558398,3.0240460664881956,3.0488810200671446,3.0488810200671446,2.988765221389239,0.07098038442139008,0.3107646596602023,2,0.4483386333753203,0.9174278064556236,0.15266489585357035,0.06133262564384239,4.768467353441242e-4,0.052848650034292774,0.11433661605855523
1166,4.20393286139585,0.02597781799645945,73.63336759999987,0.543223235418767,0.002882855938059953,-0.011974370894959585,-3.912110742529719e-5,74.01684512213146,G01166,84.89079434929477,43.90012963839316,10000,-3.926972910761833,7.466647934913635,-14.879293727874757,82.9,30.25,0.8,137.85723533630372,66.95,3,65.3,3.75,14.158493804931641,36.493719482421874,910.2289581298828,15.310599994659423,-23.457712650299072,38.76831321716308,7.148874962329865,-11.080531239509583,4985,321.1905484615832,18716.031746031746,31281.73015873016,30115.05291005291,22.95525354489733,6.705331730647418e-6,0,5.611823352509117e-4,9.157508852138075e-8,0.1040576007387948,0.00610259463671866,2.4220341490495327,2.398876456802722,2.37873802786524,2.48253612680901,2.60907283287555,2.623394652321303,2.485775374287226,0.10697960636404158,0.24551260085070975,2,0.35419981172307047,0.9397572126351167,0.11379321654532681,0.11016699228233262,5.611823352509117e-4,0.05322799405201745,0.11505205583007701
1167,4.220268616857671,0.026128428593404942,87.06707779999988,0.551126408620631,0.002925450011305653,-0.011921694136681612,-3.91090240623971e-5,74.492021782894,G01167,85.7891096334143,43.90012963839316,10000,-3.8896807074546813,7.261912560462951,-14.593937397003174,77.25,28.7,0.85,136.0134605407715,62.05,3.1,60.7,3.6,14.596728134155274,37.796742057800294,890.8697357177734,15.211562490463256,-23.393512439727782,38.605075645446775,6.959231293201446,-11.621012496948243,5033.35,294.3637697600852,18967.286075949367,31446.225316455697,30506.13164556962,21.955408776872332,2.83882782633937e-6,0,1.2424704963893583e-4,0,0.12648031142772195,0.011298677238956957,1.9471358728585006,1.9299208508513312,1.953048261694151,2.0497609219378994,2.096683704887376,2.1081989414444835,2.0141247589456235,0.08030443947218457,0.2908405272226697,2,0.4195941863136771,0.9171482245855328,0.1521257584196659,0.13778182749450524,1.2424704963893583e-4,0.05316717606709939,0.11440823993757131
1168,4.227423474198003,0.027132008882378867,109.66574949999986,0.6417350981528136,0.004350616614715279,-0.010864156332564996,4.394284121570359e-6,74.06211218391336,G01168,86.68742491753382,43.90012963839316,10000,-1.218591168212394,9.778637111186981,-11.860062599182129,68.41666666666667,24.375,1,120.18473847707112,50.916666666666664,3.8333333333333335,50.208333333333336,4.333333333333333,15.12763019402822,38.990155378977455,882.6665013631185,17.91054181257884,-20.87847940127055,38.789021015167236,9.523435751597086,-9.37147573630015,4680.833333333333,178.45951109831404,16492.302387267904,26816.098143236075,22200.761273209548,19.767439803557437,2.464824877299626e-7,5.443154987809274e-7,8.141111305085218e-5,1.027010346860301e-8,0.13213373733061512,0.036387131530017165,1.9849429364123572,1.9923472209695885,2.008427229447511,2.062029567487652,2.192437847301931,2.201563215692542,2.0736246695519305,0.09933827945396553,0.5256776991093883,2,0.7583926096110353,0.783697050576897,0.339242438083627,0.16852112561322347,8.19554285496331e-5,0.05347494868793559,0.10947537463273342
1169,4.199936859498895,0.027754804389467758,123.5647851,0.6956295579086906,0.005521720452829885,-0.010057209197928752,3.695967251518072e-5,73.32685236098402,G01169,87.58574020165334,43.90012963839316,10000,-1.0583864625543355,9.887158346176147,-11.682010507583618,66.85,21.25,1,104.60062675476074,45.75,4.2,45.2,5.05,15.773627042770386,40.02990913391113,881.4215026855469,18.241875076293944,-21.16083745956421,39.402712440490724,9.626218700408936,-10.215010452270509,4679.95,116.95364578822627,14511.52417302799,23913.091603053435,12942.516539440203,23.40962135443515,8.251933212266994e-6,0,2.174399674254096e-4,8.140007934374238e-8,0.1482605312129053,0.01637898859393181,2.5062467688694596,2.5451275727073295,2.555442118439614,2.6121445185996675,2.652859588097153,2.652859588097153,2.587446692468396,0.060952940361029724,0.33412082616093286,2,0.4820344589601013,0.899282853403134,0.18141864098959992,0.16464785314012872,2.174399674254096e-4,0.05358215462189657,0.10634491606015993
1170,4.192947154563463,0.02753135641999832,121.93830799999995,0.682947370585868,0.005335545964739237,-0.010206502636578333,3.2853453697519805e-5,73.07572818013236,G01170,88.48405548577286,43.90012963839316,10000,-1.6754943632210295,9.255668302377066,-12.35942006111145,72,19.5,1,88.11672719319661,44.375,4.875,43.375,6.333333333333333,15.753285646438599,39.86164124806722,884.2738825480143,17.47560425599416,-22.045729001363117,39.52133353551229,8.799220522244772,-11.354421973228455,4765.416666666667,146.4442071134992,14542.285353535353,24034.99494949495,10569.088383838383,23.94020333052665,0,6.105005950780678e-8,1.8689458671959552e-4,2.0350019835935594e-8,0.09900486359489716,0.015790262497968995,2.72791622849248,2.6912642486676996,2.702081224047356,2.8068381256391586,2.8265542335983005,2.8625042399501655,2.7695263833991937,0.07168603749714786,0.41191648220644417,2,0.5942698661396639,0.8610458654365343,0.23973839511322848,0.11479514644288599,1.8695563677910334e-4,0.053638177492463066,0.10723364262966925
1171,4.2953634762880295,0.02708866769735531,145.4098658999998,0.6648183978559071,0.004823144841003408,-0.010379852393156828,1.8861282472670483e-5,75.96261008052814,G01171,89.38237076989238,43.90012963839316,10000,-3.5890796899795534,7.178245782852173,-14.209741592407227,85.05,21.55,1.2,85.5760555267334,51.85,5.35,49,6.75,15.104898834228516,39.11202220916748,875.0642852783203,15.02113742828369,-23.601949882507324,38.623087120056155,6.609493708610534,-13.159154081344605,5054.3,89.9374636534801,16856.150793650795,28582.571428571428,13576.76455026455,41.19921773538572,0,0,1.8518518754014348e-6,0,0.2486819698122441,0.0058655881033716556,1.7793101186388283,1.772815633866563,1.7807698625249853,1.8072418551597857,1.8169352476365177,1.8169352476365177,1.7956679942438665,0.020249993521345634,0.10974988425888171,2,0.15833561375842636,0.976949701197082,0.045038300332915115,0.2545475579156158,1.8518518754014348e-6,0.052912077457237756,0.10604870583615608
1172,4.361071919679876,0.02646387108008837,153.5348525999998,0.6392620112803316,0.004545102023097065,-0.010528819358729206,8.109810151657333e-6,77.44316977687333,G01172,90.2806860540119,43.90012963839316,10000,-3.2575479388237,7.437681174278259,-13.876454162597657,108.55,26.05,1.75,84.17721748352051,65.6,6.35,59.1,7.65,14.797847986221313,38.85209007263184,871.2488891601563,15.0613374710083,-23.02690010070801,38.088237571716306,6.8020271301269535,-12.847089529037476,5033.25,89.396146743758365,17701.13959390863,29958.629441624365,14850.370558375635,42.076133805188725,0,0,4.0700040782365333e-7,0,0.2508940169712761,0.01685302198541967,1.027447327268692,1.0523945000371662,1.0520600994184033,1.0653725850385158,1.085019059181373,1.085019059181373,1.0612187716875872,0.022146878068754303,0.23501340117112193,2,0.33905266841202614,0.9370547534988342,0.11796647624849532,0.26774703895669577,4.0700040782365333e-7,0.052518738064823614,0.10552358652009716
1173,4.426584557768116,0.025289989296907005,154.1990281,0.5975285942302342,0.004228464055574057,-0.010725079151683994,-4.810022683686439e-6,78.66332390075165,G01173,91.17900133813141,43.90012963839316,10000,-2.4612808351715407,8.116395870844523,-13.056993047396341,154.25,36.083333333333336,2.125,88.2589184443156,94.91666666666667,7.041666666666667,84.83333333333333,8.083333333333334,14.154250860214233,38.118179162343345,864.7487157185873,15.343208312988281,-21.788031339645386,37.13123925526937,7.398729165395101,-12.063015699386597,4937.666666666667,127.48049012424937,17934.192934782608,29987.16304347826,15866.39402173913,39.6617580744944,1.027010346860301e-8,0,3.111841466062965e-6,1.027010346860301e-8,0.2610297011954164,0.04594656467949179,0.8041631295873138,0.8234135272417092,0.8228475223744661,0.8466172566888985,0.8742308765217905,0.8742308765217905,0.8409171981559949,0.0291061719725366,0.4222679336673309,2,0.609203853828288,0.8503166749230552,0.25455950903691593,0.3069762864151151,3.111841466062965e-6,0.05214425838436841,0.10523973155324076
1175,4.61325816917954,0.02127901762360985,135.4873420999998,0.46619084569832675,0.0012885015146493835,-0.010578196773366286,-7.070096619744696e-5,85.9957094967899,G01175,92.97563190637047,43.90012963839316,10000,-2.649001325170199,7.751052101453145,-13.234165032704672,295.5,73.875,2,104.85496997833252,192.375,7,185.16666666666666,7,13.267487009366354,37.12464682261149,857.9614461263021,14.297979235649109,-21.442343711853027,35.740323066711426,7.0074253877003985,-12.386335055033365,4973,128.54943221087805,20528.599455040872,34940.24250681199,23113.179836512263,44.41590114350831,3.052502975390339e-8,0,9.564509648634678e-7,0,0.45637591567210367,0.053002798134355426,1.9436156758438432,1.9423650349847943,1.964083859590555,2.0108867470213205,2.066220421524475,2.066220421524475,1.9988986934149107,0.057745099882258136,0.3339269371225737,2,0.4817547362059778,0.8959444496336793,0.18645638883812155,0.5093787443314889,9.564509648634678e-7,0.04903102184838707,0.09909238239984096
1196,3.634796742512187,0.01349672860299175,101.24336390000026,0.20725039036152454,-0.005788035535653048,-0.006835917455709514,-1.6193412236351778e-4,97.92906862745569,G01196,111.9969999272614,43.9350891746222,6075.3659908499585,12.002287228902182,21.593289613723755,2.0615711625044546,949.375,175.625,8.625,73.84423700968425,467.9583333333333,32.083333333333336,425.9166666666667,32.083333333333336,7.729177137215932,26.61017982165019,787.0264765421549,26.48061450322469,-2.5597812520960965,29.040396054585774,20.667234261830647,2.0615711625044546,1172.4583333333333,318.08256778317207,27111.978835978836,47840.997354497355,89273.25396825396,611.3996224508764,0.9121645201401705,0.04451573062344881,0.007524796510730243,2.1825396847796234e-5,0.02102850023806497,0.0010598595850665857,8.496218909402568,8.533033097847234,8.626662349439629,8.737295701913457,8.85009441222303,8.939038742287066,8.697057202185498,0.17651626112706964,0.3389325683733987,3,0.3085097189148501,0.9248204733017901,0.1421561575521476,0.9342747053601499,0.05204052713417905,0.03598417167676541,0.07301319975575524
1197,3.5875170057289436,0.013468054687620528,107.35233440000019,0.2554496415934528,-0.005043152164797105,-0.006231873901763462,-1.4397950788379838e-4,98.19887766033875,G01197,112.73856815699993,43.90012963839316,10000,13.007545804977417,22.699547958374023,2.9951937794685364,951.65,167.55,10.2,69.18188400268555,446.15,37.35,404.05,37.35,8.362331438064576,28.118649387359618,792.7918914794922,27.81235008239746,-1.9236500024795533,29.73600015640259,21.71618757247925,2.9951937794685364,900.7,205.48353756572888,27176.62626262626,48562.92929292929,111841.84848484848,683.3357019485119,0.8928013024841256,0.0437070309757326,0.009189092412188661,4.892144909739739e-5,0.03089572652436896,0.005368589752766571,11.956594114943927,11.983396944394856,12.214498431750572,12.12827878163125,12.396129623995284,12.380567453168453,12.176577558314058,0.1893658977588222,0.40660900717006526,3,0.37011146822598634,0.9091564232232737,0.17034637323641622,0.9291145402103586,0.05289612338792126,0.035748717722355085,0.06839689824333023
1198,3.5866206392168594,0.013506214502327463,107.4376517000001,0.2740703166032819,-0.005004926303998065,-0.006144514895605915,-1.3875064929061486e-4,97.77788663170381,G01198,113.63688344111945,43.90012963839316,10000,13.833305994669596,23.710071086883545,3.5804635087649026,943.4166666666666,166.66666666666666,10.458333333333334,67.503936767578125,433.7916666666667,39.25,400.1666666666667,39.25,8.91821269194285,29.048290808995564,810.1026509602865,28.964499950408936,-1.73210417603453,30.69660409291585,22.720908006032307,3.5804635087649026,715.2916666666666,155.21723323379274,27574.29894179894,49078.99470899471,119106.71164021164,705.8244192607208,0.8513787921884036,0.05724977927421731,0.01597469449907945,7.294854689004724e-5,0.04447858684996582,0.010106839907724813,12.495312936676115,12.57883699648077,12.813946400162148,13.018184759024734,13.348321141776722,13.358931469659854,12.935588950630056,0.37210231198648475,0.5431458561485752,5,0.33747549498639934,0.8694089059666299,0.23827466172463074,0.9060371674929842,0.07322447377329676,0.03603378941306533,0.0681479288226805
1199,3.577289086670759,0.0135359404903888,108.14815669999996,0.2684126069656621,-0.004961329241793203,-0.006171567897057885,-1.362261647559534e-4,97.7296770376492,G01199,114.53519872523898,43.90012963839316,10000,14.136588621139527,24.315989685058593,3.5658957719802857,942.6,169.4,11.25,67.186370849609375,434.45,42,408.1,42,9.513629150390624,29.848513221740724,835.6255065917969,29.678687477111815,-2.1912124931812285,31.869900131225585,23.269941806793213,3.5658957719802857,698.25,179.961362812308,27147.06313131313,48489.666666666664,113842.12878787878,707.876873069265,0.8717961944020411,0.052087250742247626,0.01031610704778213,3.564306076799745e-5,0.03933185801345336,0.008817826630782327,12.374674751788755,12.351651726560418,12.300187177061197,12.357349447895539,12.611825121907746,12.649243428972031,12.44082194236428,0.14950195734236357,0.4810696625546374,4,0.34701840824485125,0.887428351394598,0.20786585844616012,0.9199815221070449,0.062403357790029756,0.03590416190692891,0.0681264374543467
1200,3.63065268658949,0.01355988300698595,100.20197770000003,0.2641074694979229,-0.005326567745982667,-0.006421797348781594,-1.457705397884414e-4,97.36258584083357,G01200,115.43351400935852,43.90012963839316,10000,15.168489074707031,25.708314609527587,4.176193749904632,934.2,166.4,11.85,66.27233657836913,427,43.75,402.55,43.75,9.961261367797851,30.074141216278075,867.8896850585937,31.208749866485597,-1.9088624894618988,33.11761264801025,24.599764347076416,4.176193749904632,448.1,179.38811202764273,27595.17694369973,48166.56032171582,111937.57908847184,668.0685771169109,0.7607447598954385,0.08084975578785104,0.020391656515534526,8.491046056684783e-5,0.0491648453765235,0.052220543317793584,13.800461561758778,13.920296888225675,13.9587524758378,14.433143531132226,14.843033147714488,14.948645156976484,14.317388793607575,0.49833753527659647,0.7867191132263486,5,0.48881606873328914,0.7895995122919787,0.363500885701741,0.8622150590503225,0.10124141230338557,0.03647735492089994,0.07026519707821796
1201,3.616146988396694,0.013431715461848546,106.53583839999996,0.30843174920357214,-0.005575069220381408,-0.006351764947530128,-1.28894393465283e-4,94.9072667184808,G01201,116.33182929347802,43.90012963839316,10000,15.72273842493693,26.638194640477497,4.205887158711751,945.875,163.04166666666666,13.875,63.31124782562256,416.9583333333333,51.208333333333336,399.875,51.208333333333336,10.129071990648905,29.729402383168537,904.6999359130859,31.849499702453613,-2.2100833182533584,34.05958286921183,25.442541519800823,4.205887158711751,169.25,71.16010729028743,28441.784974093265,50323.03626943005,183390.55699481865,751.1633587753004,0.16043334342105314,0.6549131968745412,0.04884903339578309,1.0525030538546215e-4,0.01644312173322118,0.06627779814283562,18.817912675822313,19.181541116154918,19.54745059732407,20.920949554841897,21.225826216256422,23.48726936790913,20.530158254718128,1.7376677091720727,0.9662660090057432,5,0.6003748274727608,0.6915503272356678,0.48519883966772803,0.24325951360249543,0.7037622302703243,0.037518752329527845,0.07069562848107984
1202,3.595543925183474,0.013424137509107254,106.36572199999986,0.3250697292511394,-0.006500375576889906,-0.006797464924512353,-1.0674792204929908e-4,91.10746241295077,G01202,117.23014457759756,43.90012963839316,10000,15.401081752777099,26.457427310943604,3.5960125088691712,926.5,172.5,14.7,63.81941146850586,413.95,56.1,410.25,56.1,9.910713529586792,28.970927906036376,922.2231048583984,31.327212524414062,-2.8768500089645386,34.20406284332275,25.641989994049073,3.5960125088691712,127.95,45.48623273498315,28840.742424242424,51398.97727272727,214026.39141414143,842.185096161391,0.08088726088672406,0.7926866500718188,0.06816233211375967,8.177655646380728e-5,0.011209086308665525,0.007089784303278715,20.806101069400185,21.487738024059094,21.810503433762936,23.366600221399676,23.759294533110502,26.34659838800263,22.929472611622504,2.0196945753508846,0.6434274853547739,4,0.46413482114649424,0.8256147330905559,0.30603175263006266,0.09926790805513211,0.8608489821855785,0.03881130472099509,0.07455547110669875
1203,3.517182147452263,0.013305019889175684,104.24262499999985,0.3216564378985873,-0.005525316859039018,-0.006144741301794013,-1.0557559095949349e-4,93.65795614669673,G01203,118.12845986171706,43.90012963839316,10000,14.981790820757547,25.931262095769245,3.2635486125946045,952,188.20833333333334,14.875,65.29596853256226,438.5416666666667,63.625,438.5416666666667,63.625,9.688286383946737,28.631883144378662,914.062624613444,30.84401035308838,-2.9873020946979523,33.831312815348305,25.931262095769245,3.2635486125946045,174.625,63.43967521436682,27983.554376657827,49431.74801061008,144353.48541114057,864.2159678673775,0.32886956960566943,0.5246661704248733,0.04189772007532152,2.7667659422918052e-5,0.03621693545106013,0.012029968169591614,19.38047950376697,19.68594891443608,19.743384546808013,20.628093389717527,21.165962491802823,22.225910807627653,20.471629942359844,1.0883313068402485,1.013054478262439,5,0.6294461379565143,0.5559623877041115,0.5658565367334022,0.3771441408857441,0.5665638905001948,0.03712177907205136,0.0690290386846453
1204,3.4507540956408036,0.013220376135896468,100.45138819999974,0.34550725322150994,-0.0052977810630374395,-0.0057965109895973185,-8.520448207894147e-5,92.4899248679118,G01204,119.0267751458366,43.90012963839316,10000,15.27712664604187,26.515285301208497,3.355897915363312,959,200.6,15.45,66.45800724029542,451.15,68.4,451.15,68.4,9.607184505462646,28.09593563079834,935.8238250732422,31.46716241836548,-2.723525011539459,34.19068775177002,26.515285301208497,3.355897915363312,55.1,12.379524691156254,27913.539440203564,50741.34096692112,212859.49872773536,959.0598836920211,0.03353909239402278,0.8675616301369455,0.044596703320899406,9.525844484720233e-5,0.002307600736471297,0.008962688247731427,20.70990551777713,20.807818454452153,20.921685822837112,21.65465493736527,22.55860631215984,25.3900685705163,22.007123269184632,1.7984419238089053,0.40850734604140404,3,0.3718394107321094,0.9064833290570717,0.17479506261996747,0.0449046398230727,0.9121583334578449,0.036983226332059874,0.06767022904138358
1205,3.580764632088629,0.013347787773183361,116.29923809999995,0.34442964629365064,-0.007113344368130619,-0.006962718869144158,-8.247813243707524e-5,87.1326377382301,G01205,119.9250904299561,43.90012963839316,10000,15.450406122207642,26.646285438537596,3.528447914123535,934.9,201.8,15.2,67.08246536254883,439.95,69.25,439.95,69.25,9.418633270263673,27.716579818725585,934.5049652099609,31.503112697601317,-2.4706874907016756,33.97380027770996,26.646285438537596,3.528447914123535,35.3,3.341918768107864,29218.02380952381,52712.14021164021,263983.8201058201,932.3856612598972,0.045585063156556166,0.7876254882652097,0.09818744397182043,7.11640213947694e-5,0.0033912596741194996,0.01266690068843349,19.61799409838768,19.814702410073707,20.189092013416744,21.631150933658155,23.657515058213704,25.813401118525118,21.78730927204585,2.485271624023968,0.6130896105068843,4,0.442250670349414,0.8312430384066741,0.2957908342513531,0.06171438754050392,0.8858129322370302,0.04006201598408199,0.07871891506909595
1206,3.60177551013199,0.0135970276945258,105.1966916999997,0.32307777055001247,-0.007020216413446415,-0.007118915971877405,-1.0942493152550963e-4,90.74960577419594,G01206,120.82340571407563,43.90012963839316,10000,15.427505294481913,26.69987146059672,3.3954027394453683,886.125,186.95833333333334,18.708333333333332,64.6357946395874,416,74.29166666666667,416,74.29166666666667,9.348204811414083,27.540239969889324,942.3681004842123,31.28851064046224,-2.646739582220713,33.93525060017904,26.69987146059672,3.3954027394453683,25.916666666666668,3.62259415416592,30648.50385604113,53563.29562982005,316690.17223650386,859.9004296887626,0.025016117238808783,0.7846482498888279,0.07433858360178348,4.419617416456367e-4,0.004016534400658608,0.05916875254041924,18.457157490668134,19.029112474026977,20.157965054905254,21.523470473143664,23.249278603643347,25.72251189359295,21.356582664996722,2.7543404107841454,0.6517998867949124,4,0.47017423216550397,0.8280110219952671,0.30363018838698874,0.08864336592153227,0.8589868334906113,0.03930468166072515,0.07673966815920287
1207,3.6625305746864574,0.013717049359675333,112.5086830999999,0.30969373075517037,-0.007104196955830734,-0.007347264120259163,-1.262932579063086e-4,91.70568252755345,G01207,121.72172099819515,43.90012963839316,10000,15.409857845306396,26.66554374694824,3.4272624969482424,874.85,187.35,23.85,66.04594287872314,425.5,81.6,425.5,81.6,9.118546867370606,27.06785297393799,941.1360748291015,31.216399955749512,-2.4678500056266786,33.68424987792969,26.66554374694824,3.4272624969482424,42.3,23.96290993664123,30953.155080213903,53811.73262032086,310886.23796791444,782.9171872413322,0.06640932030977707,0.716438054571408,0.07427603789030154,1.550976805608527e-4,0.013315048816171763,0.05926632071729961,20.958382889956944,21.604310868111508,22.80676139842391,24.28932719725502,25.280683518694854,27.20034963072493,23.689969250527863,2.3581332993851856,0.8289776487976106,5,0.5150727731670443,0.7704795851419736,0.3906125175326185,0.1391457875238093,0.7907140924617095,0.03951798249501187,0.07819264486752064
1208,3.6161474390945965,0.01393708303247783,125.45481569999994,0.32477342426182265,-0.005349900805129122,-0.0063140577277769235,-1.1690132243204763e-4,95.0491152922259,G01208,122.62003628231469,43.90012963839316,10000,15.240941619873047,26.40324182510376,3.348812532424927,882.3,205.45,25.15,70.86016159057617,440.65,85.95,440.65,85.95,8.964004182815552,26.851495838165285,934.623745727539,31.003412342071535,-2.3790875136852265,33.38249969482422,26.40324182510376,3.348812532424927,55.55,23.756384183492322,28799.475452196384,51124.74418604651,202395.84754521964,767.1484079934696,0.21870995173824903,0.6246294955917628,0.03863213518471254,6.465030342715146e-5,0.013908370169891892,0.05169916810940238,16.47055930656498,16.79762107963031,17.323318437270505,18.054955425435974,19.089422218203797,20.94145733928834,18.112888967732317,1.673820209769411,0.9648768336714639,5,0.5995116843073445,0.6591395571232351,0.5074158161976587,0.2843821403209704,0.6632616307764754,0.03768732910442388,0.07096050808866572
1209,3.7459423962433087,0.013658451924941797,126.66195729999986,0.3271841619509126,-0.0061983403873185445,-0.006912604184255088,-1.343081468432168e-4,92.24805046018102,G01209,123.51835156643419,43.90012963839316,10000,15.169914921124777,26.296708186467487,3.3610208133856454,929.3333333333334,216.25,26,71.05176289876302,461.1666666666667,88.70833333333333,461.1666666666667,88.70833333333333,8.409588476022085,25.670843442281086,931.2650985717773,30.77620816230774,-1.9621250083049138,32.73833314577738,26.296708186467487,3.3610208133856454,23.041666666666668,16.755217660197065,29381.035608308604,51757.3412462908,248278.3293768546,680.3483333952353,0.06412917179628248,0.6502262006647606,0.08865246246358902,2.2254782285953203e-4,0.006534951172350245,0.1239070004245723,19.60774908080714,20.691116185496373,21.729716208196667,22.931214477141943,24.30886763596595,25.733992176773643,22.500442627396954,2.286795374646405,0.9642094312547347,4,0.6955300824247869,0.6964179795702335,0.4836080233900115,0.19479367121606456,0.7388786631283496,0.0397333158824998,0.07660923160745903
1210,3.755595523072347,0.013372665912783922,116.11193259999976,0.3173839720666748,-0.007960893029094824,-0.00789832892584292,-1.2335045097384433e-4,86.48239619716384,G01210,124.41666685055372,43.90012963839316,10000,15.126960945129394,26.196618843078614,3.5644625306129454,974.65,210.9,31.05,67.19289627075196,477.15,99.55,477.15,99.55,8.145598983764648,25.223042488098145,920.4244049072265,30.768862533569337,-1.5244875013828278,32.293350315093996,26.196618843078614,3.5644625306129454,2.85,1.6311119875071343,31518.72405063291,54933.417721518985,395663.2278481013,728.1080772351984,0.030894607294335914,0.7081854089480262,0.15241644284298939,0.001470299146792577,0.007342948732121519,0.042488186822047386,22.904908230726246,24.59642484191093,25.967107948468755,26.986484533212707,28.980810417818933,29.535500153851064,26.495206020998108,2.5470558679155366,0.8091242167018469,4,0.5836597474494607,0.7511529391563723,0.4064661715981589,0.0821960419952974,0.8606018517910156,0.042222165657821796,0.08561678914115452
1211,3.6380598469706404,0.0133366049004109,110.10829929999996,0.3704163234610747,-0.006511504257501419,-0.0065565173217430875,-7.162682118231747e-5,86.21016140854333,G01211,125.31498213467323,43.90012963839316,10000,14.920480728149414,25.744337463378905,3.657648499806722,1010.8,198.06666666666666,29.533333333333335,61.828556569417316,471.2,101.46666666666667,471.2,101.46666666666667,7.935827287038167,25.125736872355144,901.0171101888021,30.34163678487142,-1.233768739302953,31.575405756632488,25.744337463378905,3.657648499806722,3.7333333333333334,0.7988086367179803,27066.827586206895,48735.19923371648,175955.54406130267,870.4360213292005,0.06802068753183234,0.7488694447003958,0.12016304506332584,0.004923545179650127,0.006021476424223889,0.0072223247553200205,21.21308783824059,22.657801246902597,23.78277890473099,25.463949698495494,26.89366605627704,28.05401775111757,24.677550249294047,2.600485637101247,0.7357581854761372,3,0.6697159617321643,0.7839754550448341,0.3643635679986408,0.08618803389102637,0.8690324897637217,0.0405923653931713,0.07942845165297431
1212,3.744402978903177,0.013208271731047966,115.98350519999994,0.31505852936012135,-0.007332071512673054,-0.007372616077864737,-1.352063281508076e-4,88.38371827254582,G01212,126.21329741879276,43.90012963839316,10000,15.17292332649231,25.6520037651062,4.284464478492737,1025.75,175.75,28.75,55.367302894592285,447.75,105.75,447.75,105.75,7.18760621547699,23.688172340393066,876.4606781005859,30.12654733657837,-0.21256363578140736,30.339110851287842,25.6520037651062,4.284464478492737,4,0.816496580927726,31327,53191.4,248368,692.757744323525,0.03499152552350266,0.6329559317584765,0.15205593228255962,0.0014672316322241262,0.00958870057197318,0.007243502901751604,19.591053979009644,20.565374553713024,21.03954225523859,25.496541096613957,29.916403729691464,30.60871145460341,24.536271178145014,4.882474409733657,0.7576833386575598,4,0.5465529976227272,0.7550444936258839,0.3950562708181359,0.05329096062945157,0.7850118640410362,0.04127780821558614,0.08245182769809911
1213,4.4957209784496355,0.019284655090994033,84.16073020000005,0.2617571347890115,-0.002471968946655569,-0.012021463782507421,-1.4860233744238473e-4,85.71412757363848,G01213,127.11161270291227,43.90012963839316,9999.999999999955,-3.574071556329727,6.810739517211914,-14.256911396980286,380,82.5,8.75,74.48618364334106,199.125,40.75,166.875,76.5,11.333726525306702,32.90107035636902,861.3460006713867,13.163281202316284,-21.288125038146973,34.451406478881836,6.521250069141388,-7.146385446190834,4859.5,441.8509768171682,22561.185430463574,38077.97350993378,40597.708609271525,27.529033291202317,2.4354795111376535e-4,6.365118124699058e-5,6.114642776352022e-4,6.221135522427274e-6,0.1089540884794684,0.0028728334711840176,2.871408725886362,2.8229555855061683,2.8210924160140123,2.8849683444825045,2.934001150845905,2.934001150845905,2.8780712289301427,0.05026448199698795,0.17292815944258574,2,0.24948259805787443,0.9663178964956861,0.06554613232820528,0.11207669103728861,6.751154588821928e-4,0.0478781346921112,0.10899048495595798
1214,4.492991415964875,0.020601709765288957,96.46022030000019,0.34331453817573676,-6.939914386897547e-5,-0.011685817387100025,-9.793649343802989e-5,82.4906943550775,G01214,128.0099279870318,43.90012963839316,9999.999999999995,-1.6481715107957522,9.055030544598898,-12.587313826878866,352.7,81.13333333333334,8,85.47136840820312,194.43333333333334,35.56666666666667,170.06666666666666,68.36666666666666,13.117540200551352,35.777183787027994,881.2821736653646,16.189266618092855,-20.463374900817872,36.65264155069987,8.608865213394164,-5.2505055646101635,4634.066666666667,412.3863215007495,19081.87081339713,31908.25119617225,30622.265550239234,24.959513362540132,2.391127407716693e-6,2.849002904367645e-6,4.5756003432702357e-4,3.215303239204603e-6,0.08420923891840762,0.0012169719179835705,2.9914571270721253,3.0161562692457236,3.0319560503764027,3.128506388302955,3.182298268852287,3.182298268852287,3.0887787287836304,0.08607488396807568,0.10861572121373417,2,0.15669936235763246,0.9804058241557277,0.038575289247812505,0.08543181726703812,4.604090372313912e-4,0.04949202815058915,0.10833324753872486
1215,4.476619648171277,0.022940667793607015,125.80680010000002,0.42041712507576057,0.0012180375449845847,-0.012292953912912906,-8.860177877041845e-5,81.21360990280728,G01215,128.90824327115132,43.90012963839316,9999.999999999958,-4.282573277950287,6.34878833770752,-14.570589904785157,204.12,66.84,1.96,127.21201080322265,150,11.64,136.04,24.56,13.84165828704834,37.693942108154296,853.6068017578125,13.746189918518066,-22.96204978942871,36.70823974609375,5.953493356704712,-5.234333302974701,5123.76,301.9095173502595,22133.310776942355,36795.142857142855,59127.533834586466,24.164689375355028,2.645502563865039e-7,0,6.034188053870811e-4,4.1717541848195056e-7,0.18473493074874697,0.0023236060200953956,3.0607579715485413,3.030984342123217,3.0334282507066055,3.1421328947118754,3.1863682111920375,3.185809395947114,3.106580177704899,0.07358397156376861,0.08835757724984711,2,0.12747303852331793,0.9843990972668759,0.03079476860786068,0.18705921849451723,6.034188053870811e-4,0.05097631622144209,0.11142386946877839
1216,4.399540307871645,0.025001388241328294,120.56687859999992,0.5559638035735438,0.003555983812304122,-0.011309304663303548,-2.5009299949480283e-5,78.0858789061905,G01216,129.80655855527084,43.90012963839316,10000.000000000002,-3.2188425207138063,7.330651664733887,-13.439206657409668,152.2,51,1.2,131.1187942504883,115.28,7.36,106,17.2,14.881291694641114,39.83614715576172,847.2193408203125,15.063869895935058,-22.28904006958008,37.35290969848633,6.889215011596679,-4.264429988861084,5044.6,203.04699784368478,18674.57177033493,31481.880382775118,33640.4019138756,32.87199199984752,5.9422059786562096e-5,0,1.9383394397152666e-5,0,0.21126191492826607,0.0031846153613919576,2.590404426262145,2.5822708743636618,2.615710700963855,2.6742850459339764,2.710267932388695,2.710267932388695,2.647201152050172,0.05851808678135609,0.08070496574634468,2,0.11643265385736513,0.984787713748308,0.029972701769618415,0.21450595234944458,1.9383394397152666e-5,0.05228975794505982,0.10847268605095624
1234,4.314942617162729,0.016660256666023655,95.31714829999977,0.28290190080824906,-0.006348576684946062,-0.008774118844316219,-2.464067539774388e-4,102.45149151074632,G01234,81.29753321281669,43.24933166475007,10000,0.06859289720654488,8.449688453674316,-8.863015003204346,577.56,126.6,4.52,94.9861117553711,338.92,16.24,338.92,16.96,13.873867492675782,41.55569290161133,709.9188525390625,14.974270057678222,-18.40547004699707,33.37973999023438,8.449688453674316,-8.065580043792725,4386.76,175.8515661952811,31432.33971291866,54200.66985645933,245549.18181818182,113.43138131277837,0.07078794259077571,1.6660561663445035e-4,4.098595852848573e-4,0.01615202484496851,0.7912289274203395,0.0015558709761960233,7.977771795892435,8.122536337338982,8.22061979184112,8.325458745933759,8.511558027883332,8.505128058235439,8.277178792854178,0.2125950172243404,0.3883280538214866,3,0.3534714273879748,0.8988161092206866,0.18532326388073328,0.8797247658322798,5.764652019193076e-4,0.03960338954778685,0.08069836460059195
1235,4.295674005335358,0.016439554566432604,90.62291769999989,0.2654256408066548,-0.006597700451469483,-0.008901351598860937,-2.592521251189629e-4,102.77050655238945,G01235,82.19584849693621,43.24933166475007,10000,0.7198197844127814,8.911679140726726,-8.049919414520264,589,124.5,4.633333333333334,93.58723856608073,339.46666666666664,16.4,339.46666666666664,16.766666666666666,13.932386716206869,42.12347653706868,694.5572347005208,15.484725030263265,-17.58853333791097,33.073258018493654,8.911679140726726,-7.280284722646077,4266.5,212.47519124959442,31981.184210526317,54433.846889952154,257082.41866028708,94.40873239533978,0.13305997145552478,5.335571858237217e-4,0.0012354192137758772,0.014585765192682702,0.7156652422459097,0.0028610500524488508,9.41894025071835,9.490211719772475,9.621416321943911,9.796035168123632,10.066301396186873,10.059595612848096,9.74208341159889,0.2797368369012863,0.5479436756515977,3,0.4987598275601769,0.8245551688855592,0.29631057443626985,0.866172028946566,0.0017689763995995989,0.0393415599718663,0.08107818302719567
1236,4.205578103805965,0.01622364596790913,106.88565660000005,0.2638027061738767,-0.006452739099417252,-0.008298666072508893,-2.6748738391601016e-4,104.76612664190655,G01236,83.09416378105573,43.24933166475007,10000,-0.4139958394318819,7.855014953613281,-9.388738346099853,635.64,129.04,4.76,91.99623779296876,358.12,17.68,358.12,17.92,13.615550079345702,40.98731674194336,706.5927368164063,14.331270065307617,-18.88072998046875,33.212000427246096,7.855014953613281,-8.44653839111328,4363.16,196.08239764615962,32692.441102756893,54651.508771929824,243692.18796992482,104.7124044448878,0.07211831500439239,0.002407794059763546,9.545482304063649e-4,0.012912851055496909,0.7136150183016294,0.0037074175831042174,8.529407179520518,8.720505341081724,8.783119111183021,9.051840686424994,9.327682685498937,9.314967860851738,8.95458714409349,0.32969876390715686,0.4398957821605002,3,0.4004103965501814,0.8856905754538172,0.20725210019887685,0.8023536019446229,0.003362342290169911,0.037963357007814155,0.07698768201338205
1237,4.195252803703729,0.016222282248989858,115.89277180000003,0.3015381792230847,-0.005405820511072987,-0.007486647670424943,-2.5136120794601844e-4,105.09663702264166,G01237,83.99247906517525,43.24933166475007,10000,0.7786958329379559,8.815379174550374,-8.173209714889527,670.4666666666667,134.03333333333333,3.8,91.88184407552083,368.8333333333333,14.966666666666667,368.8333333333333,14.966666666666667,14.360901387532552,42.658118057250974,694.4564412434896,15.310208384195963,-18.352600002288817,33.662808100382485,8.815379174550374,-7.57939305305481,4143.166666666667,129.87157670861478,30744.806220095692,52764.32775119617,173999.4043062201,119.59231778784523,0.07815295274352974,0.006366201092745872,0.0018582109481963818,0.008214203567429837,0.8472978228784944,0.0031583033909132583,9.641323263975874,9.901347679305234,9.989663097108771,10.246102694010398,10.696869407557362,10.656928850329278,10.188705832047821,0.4248712294790218,0.4102542856493587,2,0.591871823409774,0.8965662026380747,0.1891942286192152,0.9368232825803673,0.008224412040942253,0.037628289866813054,0.0723691473646843
1238,4.1282628493321605,0.01589851427248879,124.4473304000002,0.2818412422243611,-0.0055590911464708384,-0.007356601083992159,-2.611260393885784e-4,106.06453703941337,G01238,84.89079434929477,43.24933166475007,10000,0.8504616582393646,8.705676727294922,-7.9003933143615725,708.32,141.92,3.24,90.36531677246094,378.88,14.24,378.88,14.24,14.050316734313965,42.2687092590332,678.6909130859375,15.19076000213623,-18.03778995513916,33.22855018615723,8.705676727294922,-7.640288352966309,4064.44,160.5376591333012,31272.31328320802,53564.278195488725,177642.8045112782,123.8582385391473,0.24638758625732532,5.824888068083274e-4,8.714794499876213e-4,0.007789326428801519,0.6645796092201307,0.001490435492147979,8.277671677754201,8.390281547496299,8.445842674148533,8.564299638985021,8.778183655026805,8.76952322732638,8.537633736789541,0.20497151428111085,0.6504772018020797,2,0.9384402332511899,0.7210360657365151,0.40857255438666695,0.9202469573984056,0.0014539682567959486,0.03684099941525947,0.07123868647528588
1239,4.093884268431956,0.015308962079247899,110.36557699999977,0.22052050316015318,-0.006994717948445424,-0.008285231755538584,-2.5335800799494793e-4,103.35964077668145,G01239,85.7891096334143,43.24933166475007,10000,2.7143691194057467,10.301703300476074,-5.709819991588592,710,139.4,3.2,87.0590982055664,362.2,14,362.2,14,13.275243301391601,41.55280960083008,652.490361328125,16.859589881896973,-15.084349899291992,31.943939514160157,10.301703300476074,-5.709819991588592,3746.2,274.71363878288486,32000.112440191388,54219.638755980865,196789.63397129186,210.22112237642506,0.5191074480953283,0.0016214692773622215,0.001140181113276847,0.0032754070058572237,0.38314508557188576,0.003286762310150181,7.69687250548816,7.73460785567877,7.739801955342992,7.960942586745987,8.174105291211362,8.19086975198979,7.9161999910761764,0.22634356091946223,0.7450824983198918,2,1.0749268253792674,0.5694612921606022,0.4990223063309931,0.9088147029832214,0.0027616503906390684,0.037825919457491856,0.07889497837015823
1240,3.992885139210145,0.014726480477042957,91.53893489999999,0.15286406077763778,-0.00789048865258626,-0.008660278601106212,-2.787376347192025e-4,104.31569122510761,G01240,86.68742491753382,43.24933166475007,10000,1.8389117911458015,9.522773583730062,-6.546986107031504,756.4,138.2,4.7,81.18794733683268,366.3333333333333,19.866666666666667,365.4,19.866666666666667,12.121333344777424,39.05935516357422,652.311533610026,15.850691604614259,-15.164666811625162,31.015358289082844,8.944744396209718,-6.546986107031504,3764.366666666667,402.44532576473665,34546.784461152885,56773.619047619046,299297.9674185464,202.93615490180184,0.46020083433861714,0.0013089743584673139,0.0012533882803122927,0.0036446784765178605,0.333407885583713,0.0028117114409805374,5.804810668556596,5.791557249368145,5.8212719207403465,5.958477627316872,6.077827666971101,6.062183023598094,5.919354692758525,0.13123792884598062,0.7487208767188009,2,1.0801758958522512,0.5733679074271689,0.4986577840278783,0.8000651098398285,0.002562362638779607,0.03679791475740284,0.08173830069464426
1241,3.990112572315085,0.01438716857321279,92.92640189999976,0.07555774925869439,-0.008019575088343448,-0.009234900103930995,-2.3753575492844808e-4,98.71348706799495,G01241,87.58574020165334,43.24933166475007,10000,5.893152074813843,13.738494987487792,-2.686478313021362,792.84,137.6,5.44,78.07972839355469,379.04,23.2,376.32,23.2,10.267162590026855,35.32408706665039,662.0426513671875,19.426040000915528,-9.607009963989258,29.033050231933593,13.017718429565429,-2.686478313021362,2832.12,581.4239933129694,32191.51196172249,54297.40669856459,183389.92105263157,308.1234177504743,0.6953969985410076,0.006568426955620003,0.0027567155122103087,1.4967440128290454e-5,0.24867789975801002,0.002001017497526587,5.67070366179747,5.662182497253033,5.709629306406278,5.914312831400164,6.031517796560323,6.031657498889348,5.836667265384436,0.1767168637286805,0.645750621968127,2,0.9316212199643806,0.7278473249684472,0.40243140862096105,0.9460908832366725,0.00932514246783031,0.038461344399425286,0.09328853470823825
1242,3.7999305515398447,0.014369845600233501,105.87843109999984,0.18774026760543103,-0.0076275071224742004,-0.008618599569884597,-1.512936504439885e-4,91.72368796550991,G01242,88.48405548577286,43.24933166475007,10000,13.638305966059367,22.273712603251138,4.289627752701441,882.1666666666666,202,5.1,93.40583724975586,517.2,20.933333333333334,492.26666666666665,20.933333333333334,8.07104369799296,28.92925319671631,724.5467936197916,27.0878999710083,-0.8036416958396634,27.891541735331217,21.401476351420083,4.289627752701441,1097.7666666666667,464.8683672294499,27137.47619047619,48052.37343358396,105060.96240601504,613.0350669422837,0.7523199342804034,0.16210005138847783,0.023964578420643843,8.010680973772522e-6,0.014550621347384395,0.00832718496284797,12.541686241309465,12.696451554257505,13.062789250749512,13.291468292101698,13.802214346176232,14.375092593309413,13.294950379650638,0.6933314581464092,0.6886896439720358,4,0.49678456703502094,0.7826309320324525,0.3581267095518924,0.7752057512716096,0.18606462980912167,0.03952664248178804,0.08756932345702284
1243,3.8299078489273857,0.014146984967348081,101.44195570000024,0.32633392934469996,-0.003207044982174356,-0.0054672345563504575,-1.4200676722593675e-4,99.67016376268639,G01243,89.38237076989238,43.24933166475007,10000,15.527597160339356,24.57427001953125,5.905134983062744,960.96,228.56,5.36,94.47426940917968,567.2,20.12,537.24,20.12,7.500964183807373,26.8269962310791,752.1932446289062,29.40422996520996,1.4430800032615663,27.96115005493164,23.661135025024414,5.905134983062744,669.6,123.9243720984698,24896.576555023923,44838.674641148325,89773.91387559808,542.1085031662527,0.7544854598363014,0.16842426740699623,0.016155199462762157,1.7094017210029677e-6,0.004701648358934317,0.02467550871478427,14.38359208637998,14.237697514638866,14.336816394797113,14.477264961950503,14.731971848855492,15.172486847633254,14.556638275709199,0.3453407883211581,0.6863874682521307,4,0.4951238982878399,0.7790699523796739,0.36185347553115144,0.783864326311741,0.1845794668697584,0.03684038372983086,0.0638898476389016
1244,3.7939883515808712,0.013913600102199108,102.51938839999991,0.32924709460029383,-0.002768103714972827,-0.0051186590358390125,-1.3652223014305062e-4,99.6302003193941,G01244,90.2806860540119,43.24933166475007,10000,15.585952796936034,24.897923278808594,5.797371654510498,1024.16,219.2,8.04,83.7542578125,552.76,28.96,519.36,28.96,7.35222412109375,25.80317367553711,769.93044921875,30.048029861450196,1.5531999921798707,28.494830017089843,24.043691635131836,5.797371654510498,632.96,147.85394820565327,23438.272727272728,42525.916267942586,68403.05263157895,554.9861839971602,0.8440103887457172,0.09557001422429982,0.016462362675547224,2.2588522647168526e-6,0.003712108266917748,0.009364417982669656,13.770170559545422,13.50896551715943,13.558191214315151,14.24001468488467,14.648601580472079,15.196247762034503,14.153698553068542,0.6718171974842608,0.4842282993243988,3,0.44076359268786947,0.8709025076315665,0.23140728930589072,0.8570891738475692,0.11203237689984705,0.036334386513719515,0.06148023952640023
1245,3.6992262642370926,0.01330886485651974,91.38192309999994,0.2782385127175498,-0.003462439706057374,-0.005228131758318146,-1.65441954312743e-4,102.3785371953557,G01245,91.17900133813141,43.24933166475007,10000,14.822233200073242,24.411397234598795,4.8672208468119305,1077.5666666666666,197.9,11.433333333333334,72.36749216715495,517.5,41.1,483.5,41.1,7.623823642730713,26.03789602915446,787.6213582356771,29.744783465067545,0.4691333422747751,29.27565008799235,23.56892910003662,4.8672208468119305,788.4333333333333,196.29458568135823,25473.190476190477,45532.21052631579,77922.57142857143,567.7867603305987,0.8929520045063319,0.05735794674941445,0.00979949125417884,1.2210012353162308e-6,0.009788268231614853,0.0057139499396524655,11.43901753285724,11.453868858839883,11.491384777581164,11.78280274593925,12.10508927567609,12.365740203244641,11.772983899023046,0.3884369794314137,0.370137169922169,4,0.2669975297476944,0.9152728723368754,0.15858325162813613,0.9084554436788346,0.06715743800359329,0.034751330423203754,0.06025907950521746
1246,3.6457601999287856,0.012974164266198423,88.17127660000007,0.23884982903850388,-0.004113481939703084,-0.005387815301307874,-1.9162146759441376e-4,104.73151278619603,G01246,92.07731662225093,43.24933166475007,10000,12.962523384094238,22.578295059204102,3.0016233468055726,1114.76,187.92,14.04,66.59760040283203,498.32,50.08,469.24,50.08,8.015384941101074,27.045657806396484,788.831591796875,27.948970108032228,-1.686819985806942,29.635789794921877,21.756944961547852,3.0016233468055726,1134.52,243.01030842332594,27008.31818181818,47658.483253588514,84532.82296650717,539.1040413784243,0.945056257797515,0.018943864482347347,0.00556589337126819,2.5844525968984104e-5,0.014452197820002958,0.0014427655675085076,10.760747922987303,10.775103609155352,10.696586612014174,10.66666915318236,10.928566703841636,10.92674395966856,10.792402993474896,0.11214200012040963,0.21712242922593897,3,0.1976333520619589,0.958974016901764,0.07975021139214133,0.9609770657109955,0.02450975785361554,0.03361834343798137,0.06014297711747523
1247,3.644162661255672,0.0129653730557294,93.3784482000002,0.22297562780157215,-0.0041409466843130415,-0.005355367704302566,-2.0456576553703454e-4,106.14510529189178,G01247,92.97563190637047,43.24933166475007,10000,10.614733664194743,20.090756988525392,0.7076875182489554,1144.9666666666667,191.63333333333333,15.3,65.15719197591146,502.93333333333334,55,484.6,55,8.235628493626912,27.87581596374512,781.3039164225261,25.165291531880698,-4.374166631698609,29.53945821126302,19.311597061157226,0.7076875182489554,1514.3,281.6086977007096,26681.654135338347,47467.508771929824,85926.76190476191,482.4772180232659,0.9472754956127901,0.009116062451313857,0.001481339223642768,8.107219920223697e-5,0.03290751773097255,4.905720451828833e-4,7.087748433777966,7.098379281966242,6.992035240063972,7.083391740470646,7.209220255814979,7.203213830802807,7.112331463816102,0.08216412894282922,0.2138738199316582,2,0.3085546993913824,0.9555389397354179,0.08575641116822041,0.9807546575881478,0.010597401674956625,0.0330213225916395,0.05974545700229594
1248,3.6275116045527644,0.012826247488740849,91.96844320000032,0.15570707361094244,-0.005125496829438164,-0.00635404689250336,-1.7814309749849115e-4,100.82622658227795,G01248,93.87394719048999,43.24933166475007,10000,12.313578243255614,22.115310287475587,2.0587066888809202,1118.64,192.8,15.12,65.25288375854493,495.68,55,482.96,55,8.836528358459473,28.735552291870118,808.64408203125,27.31439971923828,-3.419039988517761,30.73343978881836,21.33667984008789,2.0587066888809202,1113.72,458.21724469222386,27382.22248803828,48582.95933014354,96106.81818181818,611.5609329686997,0.9310477922223527,0.019904955254072848,0.0037464998040281153,2.231379745045502e-5,0.02350614574402623,0.010161884425358324,8.013451073816363,7.987383486474539,7.840905781175094,7.890463178316885,8.006336752076736,8.004658196235573,7.957199744682531,0.0731027710225888,0.29229689859478425,4,0.21084764303495973,0.9419846186840414,0.11157373901314138,0.9647381361891877,0.023651455058100963,0.03452857821037998,0.06996369808691853
1249,3.5999516708422026,0.012962064177470905,105.67342659999991,0.22612694490709745,-0.004631910566230231,-0.006025411083669177,-1.5419856860213e-4,99.58120143550968,G01249,94.7722624746095,43.24933166475007,10000,12.767951736450195,22.778620071411133,2.282989970445633,1088.56,190,15.44,64.94112411499023,484.88,56.16,475.32,56.16,9.230208282470704,29.214456176757814,826.8031103515625,28.053210144042968,-3.5238100051879884,31.57702049255371,22.021609954833984,2.282989970445633,959.48,317.4912229757961,26709.373433583958,47558.65664160401,93447.20802005012,697.2316511858966,0.9167448615515031,0.03916076522317894,0.008175691896245016,1.9403744377010813e-5,0.018901851868989433,0.0034203195116719416,9.324920542779582,9.284048737910206,9.116577379730161,9.33031218544731,9.569893918290484,9.557044755679936,9.363799586639614,0.17316499210196445,0.3315300334645564,3,0.3017716412643473,0.9293629206269469,0.13426058903611093,0.9390864366765416,0.047336457119423955,0.03497278963659705,0.06524062545073453
1268,4.4554392172316435,0.02499238417762559,103.11559160000016,0.4572545133136646,0.002115118422590118,-0.0126662583198297,-7.83181898667408e-5,78.54621941967486,G01268,111.85198069558065,43.23987055820486,9676.977549893301,-1.3690031111240386,7.998191722234091,-10.560929075876873,135.73333333333332,23.4,2,55.17050183614095,54.3,12.8,46.7,38.266666666666666,14.1355562210083,41.44863650004069,760.7417358398437,14.960241667429607,-19.107541529337563,34.067783482869466,4.821427790323893,2.3641222630937895,4987.666666666667,333.946137855352,23261.907042253522,39389.47042253521,72460.07605633803,34.4688400789541,1.7008856399546339e-6,1.3083735579299895e-7,2.4191827752429235e-4,7.548309207742343e-7,0.2798782107242065,0.1254195350342176,2.7785572406268506,2.7945392288450863,2.823553738819709,2.860680480591547,3.027464583036222,3.052196204115603,2.8894985793391696,0.12000799887685212,0.6234000946640826,2,0.8993762250615824,0.6901332976209533,0.4280715813819058,0.4053002014749848,2.4204911488008536e-4,0.05295601440697606,0.11656168632312895
1269,4.606789543660366,0.02536996953952498,121.19914969999996,0.5092962962102651,0.002258303521654659,-0.01182573294979171,-6.68514347585057e-5,82.3741401801452,G01269,112.73856815699993,43.24933166475007,10000,-0.6621383250749204,8.685356616973877,-9.935678329467773,134.4,20.28,2.56,46.2718994140625,49.04,16.52,37.92,36.2,14.748793487548829,42.66011260986328,762.8678686523438,15.673279953002929,-18.901869888305665,34.575149841308594,0.3332950973510742,3.2673016864061357,4920.92,150.72268132788332,24135.1510989011,40866.73901098901,78842.25274725274,35.273198586581444,4.2099436696564616e-5,0,6.8780193345265e-5,0,0.43715312999502465,0.05392301735123151,3.6195115058954066,3.659349405533886,3.6605393661843935,3.890489421755517,3.9547804145810397,4.00750496967734,3.7986958472712637,0.1714650835326812,0.34830193699973255,2,0.5024934772415344,0.8899932326920338,0.19586014443601396,0.49111824678295274,6.8780193345265e-5,0.0519874786883935,0.1095112903948964
1270,4.617694101674225,0.02491176769443017,121.03141859999984,0.49366018920011295,0.002166144060508748,-0.011930075197153263,-7.231903418072339e-5,82.43985055532912,G01270,113.63688344111945,43.24933166475007,10000,-0.24022166639566422,9.069595012664795,-9.531618404388428,150.24,22.76,3.84,47.09538986206055,57.4,20.44,44.28,32.72,13.774043350219726,40.552874450683596,761.69867675781245,15.69408016204834,-18.164800109863283,33.85888038635254,5.603408403396607,-0.9153049802780151,4854.24,177.56343467429699,23960.24926686217,41006.52785923754,72900.35190615836,29.4643656288779,0,0,2.390297915052793e-5,4.025765013315448e-8,0.41868417868560376,0.16507177936446915,3.0660947559684626,3.089705639289099,3.083899252930686,3.276864860970732,3.3269763019627923,3.3269763019627923,3.195086185514094,0.12773733971658854,0.5959868430409285,2,0.8598272628902166,0.7171952610267398,0.4056756318086998,0.5837559983077231,2.390297915052793e-5,0.05197374309699819,0.10975458637876
1271,4.663477284557999,0.023210956368708062,120.21713189999979,0.4051375819481206,7.637335982285777e-6,-0.012433174189285755,-1.1832067506220139e-4,85.3568528502774,G01271,114.53519872523898,43.24933166475007,10000,-0.9981944255530835,8.257273642222087,-10.209720865885417,188.3,35.4,4.766666666666667,61.690803400675456,93.46666666666667,19,76.06666666666666,25.1,13.151418081919353,39.874824142456056,756.0003885904948,14.616591707865398,-18.321741580963135,32.938333638509114,7.605608304341634,-8.06558332045873,4994.233333333334,225.96363505621005,26764.05864197531,45461.5,102969.64814814815,31.18929313435964,5.946769565900862e-5,9.142624792158119e-8,4.3915075383385185e-5,8.634701558871839e-7,0.5614845894849827,0.15912711295508158,2.936141469558642,2.92740812907808,2.9354248099245757,3.0540568484588304,3.114740463496713,3.1125659596202295,3.0133896133561784,0.09077485161249081,0.5294006128646149,2,0.763763638823358,0.7790649274313709,0.34430947037434656,0.7206720336058792,4.400650163130676e-5,0.05060783409430918,0.11011113958942484
1272,4.749219614150034,0.021772615565779627,134.5191218999999,0.4233947855640509,-2.7500991285422764e-4,-0.011469293376620136,-1.1575504186847885e-4,88.54607880765734,G01272,115.43351400935852,43.24933166475007,10000,-0.6882658430933952,8.750774936676025,-10.2408016204834,258.76,57.48,4.28,84.64243377685547,153.6,14.2,135.12,16.32,13.414423294067383,39.783848419189454,775.907890625,15.145550003051758,-18.562380065917967,33.70793029785156,7.995076656341553,-9.304554996490479,4988.96,143.9014361753674,25694.17414248021,44137.4327176781,100263.49868073879,36.44124779911285,8.132045048629906e-6,0,1.7814009578689478e-5,2.918679607193111e-7,0.6534321554390676,0.06606420087442184,3.187017193832286,3.234062134571609,3.274160659269464,3.3494070571456076,3.4177722339073524,3.4172286817942936,3.313274660086769,0.09672353252875142,0.30715126190783726,2,0.443125602357224,0.908146819396021,0.1668390445512935,0.7195047802264989,1.7814009578689478e-5,0.049225227731449404,0.10251011169473905
1273,4.725644937375866,0.01970468697550004,108.62877080000001,0.36077343491502906,-0.002192003380486573,-0.011258305053925142,-1.5344068642185452e-4,91.15787656571801,G01273,116.33182929347802,43.24933166475007,10000,-0.5050701299488234,8.93817367553711,-10.122734705607096,342.1666666666667,82.7,2.6333333333333333,102.69845301310221,221.46666666666667,9.466666666666667,208.76666666666668,9.466666666666667,12.635129165649413,38.139560317993165,778.5774963378906,15.124533303578694,-17.98067487080892,33.10520833333333,8.191762510935465,-9.74411948521932,4974.533333333334,198.35821538115178,26132.330484330483,44389.638176638175,96866.66381766382,34.68119379890133,9.05797122503858e-8,0,1.0784017712908009e-4,1.9122383428800134e-7,0.6386285326721404,0.0810184480691673,4.444763696721858,4.5002301819835155,4.470811215082761,4.686308663770795,4.77418994590879,4.791585977503903,4.611314946828604,0.15777858532400849,0.3533001473434999,2,0.5097043705178074,0.8872858702313648,0.20005312837201927,0.7196472625448542,1.0784017712908009e-4,0.04750555552886507,0.09946606502305294
1274,4.70584638569471,0.018930990310700353,122.90250910000002,0.37632038437291204,-0.002664759451300177,-0.010269430316201908,-1.6652488248218686e-4,94.2529745151778,G01274,117.23014457759756,43.24933166475007,10000,-0.7046445879340172,8.754869899749757,-10.560760078430176,393.92,104,1.92,114.80717651367188,266.96,6.32,264.52,6.32,13.153269157409667,38.681084899902345,788.05580078125,14.95069995880127,-19.048960037231446,33.99966033935547,8.238909969329834,-10.560760078430176,4908.6,133.16218181851283,26139.646596858638,44392.56020942408,94653.57853403142,36.5188997539198,0,0,6.344605451772073e-5,3.019323595223053e-8,0.7268836455349257,0.05766341587085576,4.1014638561919945,4.146021122079713,4.129820253557769,4.296329231410591,4.382789765173431,4.382789765173431,4.239868998931155,0.12970318622348323,0.2634193903298646,2,0.38003384810288987,0.9264260555418384,0.13633352972577117,0.7845470915990174,6.344605451772073e-5,0.04568096942962439,0.091955225573137
1275,4.6558586224185925,0.018455132746016848,119.76536619999969,0.352170202012024,-0.00390094794468397,-0.010214577215919163,-1.9246852731647727e-4,96.1527850178093,G01275,118.12845986171706,43.24933166475007,10000,-1.1151979246735573,8.222876682281495,-10.889066543579101,414.36,113.2,1.84,119.22505737304688,288.48,5.84,288.48,5.84,12.872094268798827,38.077290802001954,780.2678662109375,14.30909008026123,-19.38273998260498,33.69183006286621,8.222876682281495,-10.612119903564453,4855,142.76875241686,27777.897727272728,47537.77840909091,128753.59090909091,36.86588752583154,0,0,1.8506441244899296e-4,4.227053040635098e-7,0.7398508855294729,0.1281158514797742,5.4533024924577145,5.524604615341486,5.560563258128051,5.727567214054011,5.942735769998836,5.940017640720278,5.691465165116729,0.21350307675375377,0.42046466808288374,2,0.6066022915122004,0.8522133157850917,0.2519546207034351,0.8679671597145512,1.8506441244899296e-4,0.044482162706683384,0.09035635933282693
1276,4.579539998021705,0.018040101386306028,102.35318289999987,0.30882627237799115,-0.005641861859549334,-0.010489649315967672,-2.2311175760304154e-4,97.82825315551084,G01276,119.0267751458366,43.24933166475007,10000,-1.967535428206126,7.483668073018392,-11.877956994374593,426.46666666666664,113.23333333333333,2.3666666666666667,116.47945175170898,292.3666666666667,7.7,292.3666666666667,7.7,12.847172292073568,37.435237884521484,791.6023844401042,13.66416670481364,-20.602424971262614,34.26659189860026,7.483668073018392,-11.170630645751952,4851.4,182.96082113109767,30436.07894736842,51184.318713450295,210846.75730994152,44.95130487043615,2.031694463875335e-6,0,2.879317364373586e-4,4.144656642415621e-6,0.7455650245997318,0.12439414876581177,6.497619699923171,6.517907758108347,6.581286593159995,6.750616407310174,6.96782999593354,6.960763818398979,6.712670712139034,0.21426042943109191,0.4132908966740755,2,0.5962527270762417,0.8567218768251471,0.24559562513375255,0.86996534971665,2.879317364373586e-4,0.0433389089420846,0.09097223404106033
1277,4.477890395257518,0.017231241406162993,102.85304299999986,0.2547725553512579,-0.006916992520741524,-0.010622204294076934,-2.4092066110786237e-4,98.1664017701891,G01277,119.9250904299561,43.24933166475007,10000,-2.679213292598724,6.62977668762207,-12.483386726379395,472,114.92,3.68,107.50763427734375,304.8,11.84,304.8,12.28,13.838348197937012,39.40904067993164,782.43642578125,12.987539978027344,-22.110639877319336,35.09817962646484,6.62977668762207,-11.478691635131836,4903.48,263.1659995769464,31573.30808080808,53705.2095959596,251304.24494949495,72.7509461043205,1.9122383428800134e-7,1.1070853255712765e-7,0.001553663441871984,5.5515297798843093e-5,0.8031423109279541,0.005688647358841926,6.9829414506896414,6.964504038880859,7.173914627940074,7.390119525390393,7.614068694099778,7.628340816342249,7.292314858890499,0.297723086591793,0.05643100644178723,1,0,0.9909948619540069,0.01787623453205467,0.8088866648084291,0.001553774150404541,0.042590093405273116,0.09254602888344605
1279,4.090153393953691,0.01605562692228285,83.48278620000019,0.2349836364586039,-0.006344963962165157,-0.00792985570976489,-2.9251133506087923e-4,107.76589186117374,G01279,121.72172099819515,43.24933166475007,10000,-3.053085436820984,5.8383566188812255,-12.493866653442383,680.16,146.92,6.12,94.26747406005859,397.68,21.6,397.68,24.08,11.937440872192383,36.62259033203125,751.3618041992188,11.71667999267578,-20.865599899291993,32.582279739379885,5.8383566188812255,-11.318643379211426,4928.84,224.65207915055373,35237.83838383838,56971.74494949495,498811.4191919192,69.79983302229807,0.01907590579688277,1.251006448651402e-5,4.3131038591744016e-4,0.009332840176075961,0.45242331945690756,0.0044640297941508904,7.380365369055546,7.470042511818768,7.543008728144949,7.857838501561221,8.110972599614524,8.11572868112216,7.746326065219527,0.32663685759954375,0.318858833655315,3,0.2902378181495493,0.9314106270816648,0.13047755259071958,0.4852960952240172,4.438204504039542e-4,0.03609963533679102,0.07390392361044923
1280,4.146716974541283,0.015880550272714986,84.12136570000011,0.22716655856814125,-0.0068625384913360106,-0.008485632509224848,-2.8619845270414635e-4,105.53887894684877,G01280,122.62003628231469,43.24933166475007,10000,-1.3001987429452129,7.312964973449707,-10.516241626739502,659.96,144.32,5,94.59017028808594,385.36,19.2,385.36,20.4,11.655395812988282,36.822481384277346,730.3128466796875,13.221269950866699,-18.439930000305175,31.661199798583983,7.312964973449707,-9.394064998626709,4681.44,266.43637139099457,34116.48941798942,56530.02380952381,381111.3306878307,85.33566387119014,0.11557172911499798,9.964774487846021e-5,0.0010080414691407387,0.01951965581551101,0.5108800021253032,0.005206370774823483,7.313137578008615,7.443287549669976,7.540823258046546,7.664991612643328,7.917953220090788,7.91917604604817,7.633228210751238,0.2493662175757102,0.6529124326915546,3,0.5943065077882077,0.7832153920342314,0.3542193827931792,0.6511777578306356,0.0011076892140191989,0.03730764602122635,0.0778414738092231
1281,4.205336249896171,0.01613826466115026,95.50015069999992,0.2443329124912674,-0.00687116268624226,-0.008647965834715495,-2.7550792284410753e-4,104.51930002372988,G01281,123.51835156643413,43.24933166475005,9999.999999999747,0.11008853887518247,8.528402725855509,-8.867291593551636,627.7666666666667,139.36666666666667,4.333333333333333,94.80313313802084,367.56666666666666,17.333333333333332,367.56666666666666,17.766666666666666,12.070118649800618,38.41203320821126,712.9021321614583,14.624633248647054,-16.801591555277508,31.426225026448567,8.528402725855509,-7.8326958020528155,4490.2,235.92640582503103,33426.131313131315,56013.07575757576,342307.9191919192,94.34144989841371,0.12383301503724523,9.225822813655097e-4,0.00119348842386778,0.020399207659877225,0.5512042261158902,0.0027769910580580574,7.859372728367471,7.96114655529541,7.998493984169553,8.193993042513268,8.459943965569314,8.44771736520996,8.153444606854164,0.25676798657849176,0.6393495486707652,3,0.5819610387262948,0.7870641145227508,0.3483955838537838,0.6982134398710707,0.0021160707052332896,0.03809473414684243,0.07904302650328986
1282,4.253443004020743,0.016371974582276506,93.18164719999982,0.2550454997716912,-0.006888625477502613,-0.008841315834560165,-2.674847618797838e-4,103.68403958405621,G01282,124.41666685055367,43.249331664750066,9999.99999999995,0.18470748275518417,8.401659984588623,-8.477975025177003,599.36,132.64,4.68,93.97004913330078,350.36,17.64,350.36,17.68,12.953278427124024,40.783785858154296,693.0364697265625,14.603009872436523,-17.152210083007812,31.7552197265625,8.401659984588623,-7.567496681213379,4493.92,217.93422555134993,33047.63492063492,55641.69047619047,289354.6693121693,98.22104463204718,0.11920526368156123,7.330817220111864e-4,0.0011556159462262827,0.0222390096572936,0.5980851849180462,0.0021991747195924277,8.962489277970349,9.010663694327055,9.050520365545482,9.296802997103402,9.531851014996391,9.499119791310394,9.225241190208846,0.2528832144285327,0.6076940676902034,3,0.5531469782000477,0.8042916164951327,0.3265109040144254,0.7417286329764934,0.0018886976682374692,0.038750334108613116,0.08041939899507475
1283,4.345515190379681,0.01636796199119938,95.73446409999991,0.2508502422339548,-0.006678799598121632,-0.009406456521460705,-2.568262837475338e-4,101.08454215422745,G01283,125.31498213467323,43.24933166475007,10000,1.5056437611579896,9.394418468475342,-6.86918496131897,573.32,125.12,4.2,93.47709106445312,334.32,16.4,334.32,16.44,13.885637474060058,43.45900512695312,666.7846337890625,15.76132999420166,-16.18501998901367,31.94634979248047,9.394418468475342,-6.172730035781861,4315.4,261.4203192816758,31229.09595959596,53478.13888888889,200771.12121212122,80.70922242155434,0.13031313415262483,3.190619993643929e-4,0.00168903985823362,0.027129740381816234,0.6900759962097742,0.0023063909031843534,8.076105394425786,8.256100129060961,8.253450054178838,8.471997315859593,8.764750059374219,8.798955565936302,8.436893086472617,0.2954037707666285,0.5988871490361586,3,0.5451305753754244,0.8101067952660973,0.319298480626403,0.8498252616473997,0.002008101857598013,0.04031022946592644,0.08471982060172167
1284,4.322082142680837,0.016363879332904296,103.4078579999998,0.26044384555786926,-0.006535588844818956,-0.009109792895338678,-2.4908611028384524e-4,101.3563276142323,G01284,126.21329741879276,43.24933166475007,10000,1.6703902959823609,9.306036122639973,-6.498001384735107,585.2,126.2,3.9,93.50526631673178,339.3333333333333,15.466666666666667,339.3333333333333,15.5,14.08484172821045,44.27833391825358,647.2388407389323,15.684200096130372,-16.098725032806396,31.782925287882488,9.306036122639973,-6.012838888168335,4243.333333333333,234.9185234154135,30961.325757575756,53251.32070707071,184981.82323232322,106.99485812885749,0.19251067820535658,0.0010224134467262487,0.0010794484721194334,0.005570611923552635,0.698826006349588,0.0023564009695164626,8.327348667300747,8.41675555634893,8.502282211313023,8.69883245512629,8.871576113884514,8.879577199424027,8.61606203389959,0.23562807907220182,0.5897616117356582,2,0.8508461525577165,0.7752969914231691,0.3532518200418173,0.8992636974480137,0.002101861918845682,0.04006841129201765,0.0832241598385208
1285,4.252750319199478,0.01610647009353819,102.25529939999973,0.24753140083536623,-0.0067882044533219745,-0.008865826195145853,-2.594725962467375e-4,102.63713412206958,G01285,127.11161270291227,43.24933166475007,10000,1.0937808415293693,8.8191766166687,-7.211198301315307,616.84,131.48,3.76,94.78043975830079,358,14.8,358,14.8,13.449531745910644,42.5608268737793,657.569638671875,15.016040077209473,-16.567379989624023,31.583420028686522,8.8191766166687,-6.692388305664062,4237.88,246.4373348338275,31832.095238095237,54538.521164021164,213660.6455026455,115.95709678528333,0.2610095412238866,6.302938771270694e-4,7.458937223128632e-4,0.009426630442597573,0.6628440823331764,0.002585386479056718,7.977577795698436,8.029948461049273,8.147390848012513,8.338591850406777,8.510646711490024,8.529678793365765,8.255639076670464,0.23957455281232012,0.674105878227737,3,0.6135976132626203,0.7072284467844956,0.422163133275983,0.9358656404787172,0.0013761875994399327,0.03911767466124165,0.08139520620644779
1286,4.192311108346668,0.01593537823411847,111.02198979999994,0.2559861820932538,-0.006326699807698077,-0.008243592681096278,-2.663546724511126e-4,104.36467818293563,G01286,128.0099279870318,43.24933166475007,10000,0.2527548590674996,7.971755520502726,-8.201855595906576,659.9333333333333,138,3.433333333333333,96.09934031168619,382.3,13.433333333333334,382.3,13.433333333333334,13.580768044789632,42.37956148783366,663.7152099609375,14.07535842259725,-17.973625214894614,32.048983319600424,7.971755520502726,-8.032180627187094,4347.133333333333,225.02731379551014,31857.29797979798,54098.43939393939,217173.91414141413,108.48183496663816,0.17336691382990288,0.0010056989090122528,8.106765551371828e-4,0.010120286476437253,0.6216071211045137,0.005359995935240858,7.6477363612733145,7.751613561121208,7.823875107929132,7.947239414799034,8.137293896025202,8.122210324693429,7.904994777640219,0.19960870463947233,0.6373167432522036,3,0.5801106994942204,0.7652708962746343,0.36860469296310683,0.8104543173460946,0.0018163754641494357,0.03797575520136637,0.07696938927527958
1287,4.139649148203133,0.015753634640085785,114.5279320000002,0.24981643711377274,-0.0064412164319824754,-0.008047281000668153,-2.671353117645546e-4,104.95561785505583,G01287,128.90824327115132,43.24933166475007,10000,1.43505749553442,8.9443798828125,-6.94182165145874,685.92,141.24,2.84,95.05870635986328,386.04,11.24,386.04,11.24,13.656441688537598,42.796586456298826,651.0300390625,15.079079856872559,-16.826269912719727,31.905349502563478,8.9443798828125,-6.94182165145874,4104.08,224.1652887194328,32273.79365079365,54699.30158730159,212148.9656084656,132.50483846329118,0.3244570146623496,0.0035142209987626943,0.0012129931605446126,0.009905132867017979,0.5480528583379752,0.0027703301157228433,8.139825742152048,8.24261906205976,8.32052946936407,8.500801455945416,8.739886390835606,8.814770869860087,8.45973883170283,0.27389091548073907,0.7652816717741311,3,0.6965893970673782,0.6158502408470302,0.4876484705376637,0.8851853359830656,0.004727214159307307,0.03744581075215144,0.0758246001409239
1288,4.073895077819521,0.014954325041313207,100.71215179999986,0.1360374721715378,-0.008416698825489448,-0.009420549906413953,-2.6358560927614727e-4,101.27187354290197,G01288,129.80282953456566,43.25764311816396,9723.800171120152,3.3886858603358267,10.760886726379395,-4.875051605701446,699.92,143.96,2.96,90.01200836181641,369.56,12.2,369.56,12.2,12.443711585998535,40.745895538330075,638.8914526367188,16.803949966430665,-13.725540065765381,30.52948989868164,10.711478385925293,-4.875051605701446,3725.48,439.48455793880476,33789.41161616162,56229.045454545456,250462.96464646465,221.78068369225912,0.5086930757127004,0.002122302749110139,0.0011367250465190264,0.004281360718589231,0.36410309984150235,0.003736262066886177,7.239636497857827,7.320142426136347,7.400708821095564,7.563293737907711,7.7938887427756764,7.7959270639124085,7.518932881614255,0.23907966531647534,0.7553244717395071,2,1.089702869640663,0.5753972531159384,0.49925098635239806,0.8808137983396781,0.0032590277956291653,0.038500330031163515,0.08857977765892326
1289,3.982678915931298,0.014343852042993932,86.03628119999982,0.06639491901564558,-0.008492115242315515,-0.009381795602446735,-2.6398913168672344e-4,100.83561776579856,G01289,130.6892633290516,43.258387339853094,9620.29442053662,2.9954961612820625,10.350801452000935,-5.077673585216204,777.3333333333334,148.23333333333332,5.133333333333334,82.97144724527995,385.3,20.033333333333335,384.7,20.033333333333335,11.39319232304891,38.7595511118571,626.6842712402344,16.189058367411295,-13.17135837872823,29.360416603088378,10.033536163965861,-5.077673585216204,3611.4666666666667,597.1859141774478,34483.060846560846,56173.39682539683,305570.0767195767,244.60508804766621,0.4879708232118507,0.001096819645669086,0.001139945653151797,0.0023250301972500558,0.3126749897932542,8.201288298101314e-4,4.904123468137721,4.878978915546989,4.9408877468256565,5.068517714941362,5.196924712374243,5.1840135947692065,5.028907692099196,0.14117631912527492,0.7133126636591426,2,1.029092642464342,0.6054020235428587,0.4829925723298313,0.8037909720321651,0.002236765298820883,0.03769051772988225,0.09245433306904549
1305,3.4973394856981135,0.012196105848932935,67.82399190000008,0.3116330108633584,-0.002641979299403878,-0.003928804961754675,-1.676774266359357e-4,105.3276927798624,G01305,80.5331751534424,42.57090486771486,6755.100224533038,16.15218776702881,26.863213272094725,5.163513317108154,1368.8,254.44,27.8,55.80720703125,571.88,117.6,570.92,117.6,7.898974151611328,25.348632736206056,884.3316479492188,31.538560104370116,0.38185999712441115,31.1567000579834,26.25017822265625,5.163513317108154,51.88,55.145504500971484,27764.853185595566,49237.99168975069,164077.74515235456,744.4625826018479,0.29108283005897634,0.5014451490979288,0.04622960954358622,7.263486335045745e-5,0.008499718209447643,0.07084468598317627,17.770032424952028,18.138988099383795,18.38674784113668,19.70328508042288,20.409217752675225,22.80424424634953,19.535419240820023,1.8901310125525606,1.0867888866312998,4,0.7839524686181071,0.5461326570558764,0.5926611366024614,0.3704998691149507,0.547674758641515,0.03269359582886731,0.05087108068271819
1306,3.654855687323378,0.012608729463662665,87.49301300000029,0.3069606713867873,-0.0035219275339178737,-0.004495239319332554,-1.823446869983948e-4,103.03845117567239,G01306,81.29753321281669,42.59150500572618,10000,16.106075286865234,26.86096160888672,4.815081634521484,1269.16,215.24,30.68,51.51182540893555,522.8,128.32,509.08,130.56,7.971695747375488,25.011054000854493,895.4744506835938,31.70501983642578,-0.16575000040233134,31.870769805908203,25.02004669189453,5.848823318481445,38.36,36.63090680468248,30241.382051282053,52538.19743589743,281021.6512820513,637.7092766042613,0.27259008535275736,0.4735849955601888,0.07885970137592785,3.730495725812241e-4,0.007094270628764844,0.06796934172682821,19.35212327196702,20.149575603641654,21.723762346619676,23.415450680724046,25.014568109974977,26.272213037254726,22.65461550836368,2.730693165730266,1.1493811844632345,4,0.8291032674580956,0.525930054308348,0.6183292790587462,0.34802674728093164,0.5524446969361166,0.034866436879277464,0.058531164997817936
1307,3.6851803345049032,0.012820527449785669,92.95297170000008,0.30917670743967685,-0.003388811983219351,-0.004680427772840754,-1.76874459308245e-4,103.25862443936025,G01307,82.19584849693621,42.59150500572618,10000,15.746639347076416,26.489920870463052,4.439237467447916,1205.3666666666666,192.93333333333334,31.9,49.4091293334961,490.8666666666667,128.86666666666667,478.9,137.3,8.037418683369955,25.036486180623374,895.3027303059896,31.45191656748454,-0.6486916636427243,32.1006077448527,24.721452903747558,6.557486073176066,61.13333333333333,65.42736606256634,29174.56582633053,51394.529411764706,237386.6386554622,637.1992688572429,0.3470116848555426,0.3867200583999091,0.055387973047145524,1.7921698875671724e-4,0.00608782207478248,0.08760538446304214,17.142165844836637,17.799134970532293,18.716535499820168,20.299863331376788,22.01533751286974,23.355472986968955,19.888085024400763,2.4492389251992757,1.1675936101521127,4,0.8422407555700474,0.43796545966391387,0.6399152277724495,0.440884108382124,0.44210803144705463,0.03490990809689395,0.0579486790128756
1308,3.9082568180823487,0.013620433625774598,97.8084221999999,0.3173993721463247,-0.0035224879470549656,-0.005133523892829568,-1.8991399945244165e-4,100.01489465573074,G01308,83.09416378105573,42.59150500572618,10000,15.674375038146973,26.318938217163087,4.539521646499634,1128.16,183.52,34.08,52.934645385742186,475.36,120.56,474.92,143.44,7.129840030670166,22.820149459838866,886.1326098632812,30.993229904174804,-0.1844800016283989,31.177709884643555,26.03630485534668,9.539548473358154,43.48,55.193689252788076,30335.67142857143,52877.96071428571,274436.8678571429,447.6881261973936,0.2774068438447514,0.24653784220189578,0.10006390906107772,0.00034545088609718003,0.005703552745653606,0.3050643317643355,17.888104368782347,20.03564237919731,21.351093137271548,22.795338536232006,24.84473203635261,25.708539327266653,22.10390829751708,2.952998907650359,1.3505640240131425,4,0.9742260099234018,0.32622946999005514,0.7245762321696698,0.5885201792408377,0.3466017512629735,0.037746651652238034,0.06696619019933238
1309,4.001275514660319,0.014936185034477755,103.2917755000001,0.4109215000658372,-8.974575452441545e-4,-0.007717421514820425,-5.380997160860983e-5,77.10787862489397,G01309,83.99247906517525,42.59150500572618,10000,16.010268274943034,26.51585890452067,5.054534244537353,1014.9,162.96666666666667,35.56666666666667,52.179276911417645,428.53333333333336,119.3,428.26666666666665,140.8,6.844972737630209,22.38233299255371,875.4317586263021,30.985782432556153,0.4183972271780173,30.567385292053224,26.4271338780721,11.322493282953898,5.1,2.5910988216292092,32507.86141304348,55976.470108695656,377275.4402173913,378.73956741994965,0.12117158970943757,0.33852476583017527,0.27685580387317205,0.001751696371771085,0.014902386007023417,0.1342358300941547,28.594301699959676,31.906543583006187,33.538952138206,34.81663370430794,35.73143787800423,35.78334124478734,33.39520170804523,2.773701025555095,1.3695150284061797,5,0.8509275305531586,0.381461254266254,0.7153525002994771,0.2720615021823868,0.6153805697033473,0.04827805763265928,0.09305297559507691
1312,4.616074915423119,0.01702238878166108,135.37559289999984,0.36891312164127504,-0.0010157526759982704,-0.007428180005122737,-1.8216446200099726e-4,98.77514320093286,G01312,86.68742491753382,42.59150500572618,10000,-4.631171882152557,4.608520746231079,-14.00655198097229,647.25,184.25,8.25,104.68258476257324,412.25,34.75,354.25,129.25,11.485145807266235,36.40440082550049,763.6151885986328,10.406124830245972,-21.12056255340576,31.526687145233154,4.270489513874054,-1.0984062552452087,5177.75,185.2266629474997,22336.64285714286,38136.0918367347,40065.142857142855,44.34441997823264,1.0909797812170298e-4,0,9.214618986895784e-6,1.7496112127198865e-6,0.18010482088844232,0.004106376360084861,2.446200043768496,2.352680828764632,2.311094834321254,2.4925103000048043,2.5281862654718195,2.5281862654718195,2.443143089633804,0.09222940129294775,0.1124139075799041,2,0.1621789869924779,0.9770715038737334,0.04483465172000578,0.1843220448378616,9.214618986895784e-6,0.042448432765569324,0.07677542409114821
1313,4.660486136021659,0.016950449936744855,132.93548799999985,0.26489406118720804,-0.0026849266621017257,-0.009430410483688088,-1.9506996228899417e-4,95.26139760804307,G01313,87.58574020165334,42.59150500572618,10000,-1.6598567633579175,6.981194446484248,-10.551742990811666,598.4166666666666,158.25,9.25,98.08435567220052,360.25,35.416666666666664,310.3333333333333,128.41666666666666,12.18708848953247,39.61789608001709,718.5133819580078,12.898625016212463,-17.834437370300293,30.733062585194904,6.537360976139705,2.0073645959297814,4852.833333333333,373.2461613596273,23820.18099547511,40135.27149321267,96444.83257918552,37.027784195488145,2.2521781745533175e-6,3.7992766428138176e-4,4.483642937383104e-4,2.959066271142259e-7,0.19682349180519773,0.12811303631152568,3.339413821205878,3.3094815898330663,3.2956456752195655,3.4948801630217967,3.8583818072993803,3.905712449591408,3.5339192510285162,0.2792880614111539,0.6884964032904628,2,0.9932903466970385,0.604184184920582,0.48030053661962446,0.32493907620152507,8.282919580196921e-4,0.044431407434023795,0.09103360655050098
1314,4.881207595442944,0.020944579458559952,137.89756780000005,0.4194536208941755,4.7443737873086804e-4,-0.011011615063650346,-1.1138249383316404e-4,89.432068238245,G01314,88.48405548577286,42.59150500572618,10000,-3.2573419037987206,5.918879943735459,-12.566076054292566,334.29411764705884,82.17647058823529,2.4705882352941178,91.48564282585593,188.41176470588235,12.176470588235293,160.94117647058823,86.3529411764706,13.149536805994371,39.998386831844556,757.5808536305148,12.268823623657227,-20.550147224875058,32.81897096072926,5.4715980782228355,0.4981740406330894,5164.235294117647,178.90658505619794,24558.571428571428,41639.52747252747,80982.8717948718,44.087920443320215,7.282913144330915e-7,0,9.025210073399221e-5,0,0.31470435564306654,0.020990504250587256,2.8521622894351206,2.8550150157348204,2.8637307474684777,2.857305029622566,2.8651144601582366,2.8651144601582366,2.8597403337629097,0.0056457411050096825,0.23631452488894608,2,0.34092979314731403,0.9372174698471545,0.11771564402243784,0.3356955881849682,9.025210073399221e-5,0.04970162647631727,0.10047937365831579
1315,4.757467691460083,0.02243179130365442,114.31496819999994,0.38135378150383653,8.050859581353965e-4,-0.012490862848663823,-1.0728954978361606e-4,84.34252813705974,G01315,89.38237076989238,42.59150500572618,10000,-1.4845947820693255,7.486860382556915,-10.865950012207032,258.7,49,1.45,70.39471225738525,116.7,14.2,98.3,78.1,14.378602123260498,42.18510131835937,750.0859497070312,14.526000213623046,-19.53432502746582,34.06032524108887,6.907531309127807,2.5445938140153883,4990.9,327.37277962913356,25310.15071770335,42755.33492822966,83894.75837320574,46.804565823554626,1.3938669790291276e-7,0,2.2849462463586464e-4,7.964954217624184e-8,0.4668312030095794,0.006607606519545481,3.8529808525946256,3.905887541196654,3.921796285875559,3.9741480079718077,4.052832806355443,4.050398400338044,3.9596739823886886,0.08103099284372198,0.07761692134934436,2,0.11197754751976782,0.9855672600595856,0.028462343958905567,0.473439028565365,2.2849462463586464e-4,0.05186881296500155,0.1126032291582444
1316,4.738984788782619,0.02392625343322379,124.6855078,0.4027153754497468,8.424701388649943e-4,-0.012742550103661071,-1.1251772883875047e-4,84.1449468332923,G01316,90.2806860540119,42.59150500572618,10000,-3.13173736895745,5.506661415100098,-11.911444365978241,186.08333333333334,27.541666666666668,1.125,57.550058364868164,72.625,11.041666666666666,51.125,67.75,14.007493813832602,42.65308539072672,713.4458389282227,12.206427176793417,-20.60601035753886,32.81243785222372,-6.115760385990143,0.6009270708697537,5302.166666666667,283.864429777233,27223.910843373495,45946.096385542165,92063.41927710843,39.22678400483992,7.865392285376329e-7,0,2.6324173727279365e-5,0,0.35934072094337494,0.015477150537214194,2.687291761362925,2.6831511044092915,2.6896370723632055,2.7143934800106884,2.8146932823957425,2.8146932823957425,2.733976663822933,0.06347056497953457,0.17278906185071358,2,0.24928192265188087,0.9586382051603277,0.07930796636206516,0.3748186580198177,2.6324173727279365e-5,0.052141240955171,0.1139087151015922
1319,4.771644742460824,0.024509665789887992,124.53854719999984,0.4650004129763845,0.0020644337479346427,-0.012125250278283883,-8.364840089183212e-5,83.8834290358011,G01319,92.97563190637047,42.59150500572618,10000,-1.6755134329432622,6.988659699757894,-10.409300446510315,185,29.541666666666668,5,51.235184828440346,79.41666666666667,22.25,59.666666666666664,38.166666666666664,13.957231799761454,43.091179847717285,713.119758605957,13.370656291643778,-18.998270829518635,32.368927001953125,5.304628503819306,-2.434750015536944,5167.791666666667,212.32337501959162,25425.626631853786,43032.24020887729,82787.25326370758,37.21211525073953,5.667772072371067e-6,0,2.9243292210885162e-5,1.929454360810609e-6,0.542032871258478,0.04186291831921024,3.269673260402351,3.285830523500025,3.265785712171268,3.3419090505829856,3.375405729127133,3.3743245019342694,3.318821462953005,0.051248691647934226,0.2587001507020143,2,0.37322542449502355,0.928245560055546,0.13322052801850393,0.5839033868041215,2.9243292210885162e-5,0.05249928105828349,0.11069054796379037
1320,4.886505959905057,0.02324595159012781,138.11075329999986,0.4495811002058568,5.665426850652742e-4,-0.011572833734451563,-1.0818871331652714e-4,88.83652740906732,G01320,93.87394719048999,42.59150500572618,10000,-2.149374967813492,6.605535411834717,-11.06686453819275,225.3,51.2,4.8,82.30969581604003,132.95,17.25,114.85,20.9,13.716641616821288,42.171730041503906,723.8234985351562,12.821162462234497,-19.705074882507326,32.52623748779297,5.941752076148987,-10.158593702316285,5243.5,115.82904826101539,27325.83253588517,46756.29425837321,90175.78708133972,41.6682012630907,8.120270739061684e-5,8.403026838317715e-6,1.71346076328965e-5,3.6021505475465175e-5,0.7045666565394436,6.910892085561435e-4,2.926963349529986,2.9608518931654517,2.9682322887168535,3.099461126585439,3.1392595440572464,3.138177732054328,3.0388243223515503,0.09717095036356216,0.00991094630100419,1,0,0.998817904088649,0.0023618180454840765,0.7053749699608658,2.5537634471214214e-5,0.0503370981461061,0.10398534905695417
1321,4.878153883135191,0.021243670707406497,129.56302069999995,0.384941081762138,-0.001708639382965824,-0.011614488355634767,-1.5285616113237037e-4,92.00555456865352,G01321,94.7722624746095,42.59150500572618,10000,-1.7632899306093652,7.019168416659038,-10.802119811375936,288.5833333333333,77.08333333333333,2.625,111.21268526713054,198,8.791666666666666,187.33333333333334,8.958333333333334,13.567277789115906,41.51466417312622,728.2363001505533,13.098552068074545,-19.58105214436849,32.679603815078735,6.348769108454387,-10.280916611353556,5180.083333333333,156.8834839498151,29000.24494949495,48966.14646464647,118523.77272727272,41.166165713754744,1.2972918963455715e-5,2.986857967435637e-8,7.03405020891453e-5,7.716049393524222e-6,0.7091397748744913,0.018874492223619522,4.19930735626494,4.182367008345118,4.174413604657038,4.30047349375745,4.35660075200189,4.355519232595871,4.261446907937051,0.08615878479776636,0.12160196245697427,2,0.1754345481990427,0.9739521867592289,0.050745139185624066,0.7280349560664677,7.037037066881966e-5,0.04852721096979921,0.10146332898085843
1322,4.869890800096908,0.020520774129785826,132.28229899999994,0.38564265177043433,-0.0021941436713116213,-0.011086759289689822,-1.6163868882332227e-4,93.9463433988692,G01322,95.67057775872902,42.59150500572618,10000.000000000042,-2.4333921641111376,6.471691632270813,-11.646520853042603,327,94.6,1.3,123.64252014160157,234.1,4.65,232.4,4.65,13.68627610206604,40.96994152069092,739.7997467041016,12.59087495803833,-20.806837463378905,33.397712516784665,6.035339522361755,-10.721072912216187,5196.35,127.44587086288831,29014.892344497606,49478.07894736842,130179.36602870813,47.12721807841472,6.571087035760714e-7,0,5.678016707853058e-5,8.447829538824778e-5,0.7809668957632051,0.0019676523297864233,5.660960519402473,5.68277662778884,5.716699115902769,5.821633065077322,5.887500581264174,5.885336956806969,5.775817811040425,0.10189249363401527,0.01942075148420586,1,0,0.9973060511982625,0.0053743095823497455,0.7830196834970834,5.678016707853058e-5,0.04737656169771786,0.09737076101406064
1328,4.31005145775596,0.015414859326476908,92.1888114999999,0.09370911916449041,-0.007189485177919632,-0.01004592854625502,-2.6656140936962984e-4,100.1431691519161,G01328,101.02375502830922,42.437641356510476,5245.558972065239,-0.332677086815238,7.721935439109802,-9.07348130941391,679.2,140.35,6.45,89.05965690612793,378.85,22.95,378.85,23.55,10.41878137588501,35.858764457702634,686.2455261230468,13.073724937438964,-16.030387425422667,29.104112434387208,7.721935439109802,-7.8018145900219675,4335.5,583.387431075475,34065.422764227646,54161.550135501355,823395.1598915989,135.95376297204524,0.2990512944831366,6.777479088431526e-4,2.2534846666552672e-4,0.0025310931939467917,0.09352007166160178,0.01020134407320737,1.8695347679691432,1.9124916471525695,1.9303668779346954,1.9758312171939634,2.0202052541714597,2.018582974723997,1.9545021231909712,0.0607371860045745,0.7025933528219371,3,0.6395280301057967,0.7362043693488532,0.40432572877596606,0.40530380341189254,9.030963755086793e-4,0.04039234710767734,0.09651376861363489
1339,3.734241864869256,0.014020826179133226,99.07849699999993,0.44313439187151726,-0.0026889907209488176,-0.004924624499385228,-4.5992463958051464e-5,91.48426229856221,G01339,110.9422339890988,42.59128760984968,9993.251997314754,16.69092031319936,25.217739661534626,7.337791641553243,1044.4166666666667,237.5,9.583333333333334,92.47591050465901,605.125,35.083333333333336,594.5416666666666,35.083333333333336,6.8937743703524275,25.689730405807495,722.9396107991537,29.851499875386555,3.017812500397364,26.833687384923298,24.510746399561565,7.337791641553243,441.625,52.870483669796904,22354.799498746866,40814.5313283208,63369.20551378446,838.73869824836,0.4534103809680995,0.3941350013053485,0.04722587682467234,2.226911873243308e-5,0.006451864147492136,0.013585559247111441,20.61841344962336,20.981469287124334,21.262110690025963,22.343638918672244,25.3944516296722,26.55866368882474,22.859791277323808,2.509064558757851,0.9613889233689813,4,0.6934955160550045,0.49562203833334034,0.5658106739464177,0.47347007348143555,0.44136087813002084,0.038876310188921646,0.06824916181829337
1340,3.695731244136332,0.014053119038918762,96.90721989999993,0.4327588371706933,-0.0018774410428668631,-0.004486405725232747,-6.269410292416925e-5,94.87944117715715,G01340,111.84025287288041,42.59150500572618,10000,17.38528699874878,26.245462512969972,7.849356269836425,1057.65,218.25,13.5,82.97034339904785,563.05,42.55,555.9,42.55,6.559484529495239,24.04387798309326,741.5289794921875,31.3652624130249,4.0851250171661375,27.28013734817505,25.738928890228273,7.849356269836425,325.3,31.732599873581776,22829.203349282296,41704.22009569378,73350.42105263157,824.9762289539561,0.5884503981237933,0.2872844981609323,0.028807576706725367,2.5220031866269606e-4,0.005435374357920106,0.014655007961332383,19.61753835271076,19.91010252872974,20.095572541237907,21.297005162826427,23.49093722144312,24.69444946609015,21.517600878839687,2.1095752595736545,0.8570182329657947,4,0.6182079773255872,0.6362416546165992,0.497458157501651,0.6087929807617084,0.31609207486765767,0.037494494733001205,0.061537650016721734
1341,3.5869315467026097,0.01335590845388784,92.35359360000005,0.40415505556131803,-0.0025824845704774477,-0.004574447342138016,-6.84251441838115e-5,94.56974239007965,G01341,112.73856815699993,42.59150500572618,10000,17.482139587402344,26.498210144042968,7.888566613197327,1127.6,204.85,15.6,73.07983856201172,538.9,50.95,534.55,50.95,6.532758402824402,23.561967849731445,750.0512481689453,32.04017477035522,4.317400026321411,27.722774696350097,26.11804141998291,7.888566613197327,358.35,92.73066545533615,23425.425837320574,41871.382775119615,84527.61722488038,915.3524337467351,0.5695130025918468,0.30644712267043034,0.029540939894382476,6.078255735615328e-5,0.01424795899780591,0.02926009555022523,20.296075265096835,20.531333376096764,20.83631567090915,21.787371502627312,23.793999697104056,24.99290467670248,22.039666698089434,1.9300873496016622,0.9503873217740335,5,0.5905088443807539,0.6000748746055999,0.5335061438414169,0.6130818396972342,0.33598806256481284,0.03653199461744437,0.061065210009242636
1342,3.5574262214919568,0.013077229757044704,92.12766230000001,0.3905187711004734,-0.0015109380747771746,-0.003924543851523332,-9.768631751379585e-5,98.96280572295885,G01342,113.63688344111945,42.59150500572618,10000,16.968401511510212,26.132277886072796,7.281472206115723,1219.7083333333333,191.04166666666666,17.375,65.44505405426025,526.8333333333334,59.708333333333336,516,59.708333333333336,6.863148470719655,24.238110462824505,761.0555216471354,31.841270605723064,3.5296041667461395,28.311666409174602,24.821558952331543,7.281472206115723,482.125,66.06802324613757,23521.63157894737,42094.754385964916,59179.20050125313,858.4501951319298,0.6653148546979437,0.22886832939989205,0.024097361619525578,6.219633609791637e-5,0.02133992435969239,0.008897272029326619,18.675142184171982,18.879558580324517,18.76774077381282,19.404971546303123,20.575251475184142,21.243111808680883,19.590962728079578,1.0728961886389663,0.8149244821628693,4,0.587843754557689,0.7013798497471473,0.4486134047399891,0.6956142474230607,0.2529656910194176,0.03485956938982082,0.054131586838370924
1344,3.55564034044807,0.012633070055506752,60.62830340000024,0.23555194292546552,-0.002496409358005824,-0.0040927436417839995,-1.91066713068629e-4,109.22212830161614,G01344,115.43351400935852,42.59150500572618,10000,13.189406633377075,22.451253573099773,3.406300365924835,1421.75,216.29166666666666,25.125,60.80118624369303,609.6666666666666,85.16666666666667,588,85.16666666666667,7.422019978364308,25.9414222240448,770.7385915120443,27.629791657129925,-0.9826145831029862,28.612406015396118,20.490277687708538,3.406300365924835,1133.375,255.77007550090596,25190.35588972431,44740.538847117794,61888.50626566416,530.5276358986381,0.8246532809757667,0.09780394938021346,0.017345814481423343,9.637222398216985e-5,0.040347754071814575,0.0024129936754623597,11.125601737502139,11.08118090636995,10.956822015493241,11.210932775664746,11.705507131450378,11.529149958910969,11.268199087565236,0.28805506360283606,0.594771155304576,4,0.42903669811085565,0.8392049566152282,0.2838253341010417,0.8675104009470258,0.1151497638616368,0.0313275467551564,0.05224549180869416
1345,3.5543212817476078,0.012775229002157277,66.84197310000022,0.2469520931618561,-0.002342849350202952,-0.004017568430262672,-1.908107288070294e-4,110.14223383249548,G01345,116.33182929347802,42.59150500572618,10000,12.652447271347047,22.01529378890991,2.806024965643883,1415.35,219.7,26.35,60.23860244750976,610.25,90.2,601.05,90.2,7.672367739677429,26.505805015563965,777.4768707275391,26.9695125579834,-1.9752124711871146,28.944725227355956,20.25707263946533,2.806024965643883,1177.1,228.71193097086353,24646.796650717704,43778.85167464115,54716.9019138756,517.7039326695418,0.8068303265990872,0.10897367589825231,0.00945686978793884,2.402728002500786e-4,0.04747134612069686,0.008384448435451507,10.12890748905413,10.185911062346909,9.877792871391877,9.856293485729726,10.185625839381766,10.175073888362487,10.068267439377815,0.157423865611841,0.6390264115466351,3,0.5816669066403322,0.8221578653060583,0.30921982122600955,0.8629263939554855,0.11843054568619116,0.031015981743568514,0.05039003416318171
1346,3.626902224190232,0.012545788158331935,75.9740056000003,0.2163620249631087,-0.0030304084651207514,-0.004920556712344376,-1.651048660489056e-4,103.1516790166958,G01346,117.23014457759753,42.59150500572617,9999.999999999998,13.81641354560852,23.42983741760254,3.726035475730896,1294.5,204.45,24.55,59.80431995391846,562.15,86.25,561.25,86.25,7.771418762207031,26.24428586959839,797.7528076171875,28.353237438201905,-1.2626874820329248,29.615924835205078,22.950641632080078,3.726035475730896,836.7,369.4092153981173,25447.791979949874,44848.215538847115,83451.29824561403,646.0592810867344,0.8488007765795296,0.0758448625811972,0.016033233762745337,4.0023894860616766e-5,0.0238906611027382,0.015638401055249856,10.807685695963334,10.917378192305113,10.767545048838503,10.979076229475073,11.570863585526263,11.637182835697033,11.113288597967554,0.3881148345390681,0.5469114747138403,5,0.3398152053512248,0.8659041508904928,0.2431073564029954,0.8883698626323782,0.09187809634394253,0.033642412777919406,0.05961484794931563
1348,3.6706577055631646,0.013157044978453705,102.0444362999998,0.3335888890153767,-0.0036893709425538,-0.005043512591528204,-1.50834985829163e-4,101.01914464105373,G01348,119.02677514583662,42.59150500572619,10000.000000000147,16.67128438949585,27.23656873703003,5.506858396530151,1109.8,166.9,27.2,50.79005584716797,459.5,102.45,426.4,102.45,7.88801863193512,24.994917488098146,882.1349914550781,31.7725622177124,0.21893750270828605,31.55362501144409,25.028879261016847,5.506858396530151,30.3,4.5084715580198225,30493.956310679612,53606.155339805824,293300.32524271845,761.2821370349336,0.05973819196435421,0.7840143267618862,0.04974769021881785,4.26742334994452e-4,0.003538112315405008,0.03510180205409268,15.497079420023619,15.54065650041309,15.775719179336786,16.96268047342792,17.32736710389466,19.221610885771476,16.720852260477926,1.4466439354602403,0.6263703609811402,4,0.45183070677366044,0.8407057505906619,0.28483338710121375,0.09880484866884634,0.8337620169807041,0.03591870781168176,0.059660635897072614
1349,3.595678481466726,0.01288172871372798,75.28985960000007,0.29526066168415205,-0.0043895993558634395,-0.004727733566920402,-2.0089105731998152e-4,106.81961956798546,G01349,119.92509042995613,42.591505005726184,9999.999999999998,16.932870467503864,27.617786248524983,5.67156594991684,1208.1666666666667,193.54166666666666,30.583333333333332,52.74090496699015,518.6666666666666,123.29166666666667,459.5,123.54166666666667,7.966056366761525,24.997517426808674,890.6048711140951,32.230551640192665,0.3664583396166563,31.86409330368042,24.520190874735516,6.256998240947723,26.25,1.9167454300136626,32589.979643765902,55673.54961832061,379559.7328244275,633.7602153068436,0.051784162464011324,0.7082903324688726,0.05351725456604205,3.041503377307363e-4,0.004032519352218954,0.059672605737994516,16.955486382642952,17.191898140687144,17.68898652971186,19.4446044125653,20.222687718021206,22.39760386123518,18.983544507477273,2.1167309806602073,0.7208453876649232,4,0.5199800330159335,0.8070755529574432,0.33678399292610384,0.11579343789195554,0.7618075870349147,0.0334894314232286,0.05594576295391067
1350,3.757750122250272,0.013348171285053683,92.38298750000011,0.3194882900922891,-0.002696416490730358,-0.00415113001862202,-1.7956115167764298e-4,100.34039364742141,G01350,120.82340571407569,42.591505005726155,9999.999999999836,17.034582805633544,27.810537338256836,5.6510957956314085,1310.15,221.6,32.15,55.61235752105713,578.35,132.05,513.15,136.05,8.170805215835571,25.278297996520998,898.4761688232422,32.76847457885742,0.4529875092208385,32.315486907958984,25.423389148712157,7.646337509155273,34.25,16.237950998558254,30655.85089974293,52273.3264781491,275573.4473007712,490.99393990100003,0.19153810238981414,0.37064904417355005,0.13269497209971756,1.926523301349818e-4,0.013184916389070201,0.15549115900963079,22.399967288559882,23.540593155474983,24.657692829759803,26.458313102581922,27.89025717020196,28.855935051346083,25.63379309965411,2.5276688554260143,1.3592163554861776,5,0.8445286052883583,0.4291156943253194,0.7104451462180758,0.36040683011865016,0.5033440162732676,0.036456220449585394,0.06355326128688803
1351,3.5109263983542283,0.012170469579105295,68.21848560000008,0.2907642613358539,-0.002728098025041697,-0.0039413759507108265,-1.7379744399937178e-4,105.54374270742332,G01351,121.72172099819512,42.59150500572617,9999.999999999953,16.74184913635254,27.489983463287352,5.389331245422364,1408.85,249.25,35.25,56.47906284332275,619.3,138.65,570.3,147.15,8.44083342552185,25.961115264892577,895.1888946533203,32.69345045089722,0.1821874945424497,32.511263084411624,24.68331880569458,7.3355625629425045,119.65,106.8300544150184,27217.99240506329,47964.09620253165,148269.23544303796,694.8294925695819,0.47816056340684254,0.3162758761376027,0.050897252183755785,2.8086419727405272e-5,0.015097540841051105,0.05860662081468021,17.442007716028446,17.906990721727233,18.032224697776694,19.33459859688916,20.261802887029777,21.75147868116101,19.121517216768723,1.6579950151138438,1.1106218911281418,5,0.6900681800445764,0.5202679619581944,0.6034944783272145,0.5518928114823012,0.3671731283213585,0.03256429935844487,0.05185044043905877
1352,3.3944335553057408,0.012006395740753054,55.886871000000305,0.246604439693658,-0.0035429311157452385,-0.004112031970719075,-1.9645475062148775e-4,109.87650608456697,G01352,122.62003628231479,42.59150500572619,9999.99999999992,16.565942883491516,27.23833163579305,5.383300364017487,1477.125,263.7916666666667,36.125,53.9723006884257,621.375,146.91666666666666,580.7083333333334,152.66666666666666,8.020913283030191,25.210182746251423,888.9637502034506,32.30747922261556,0.49675000086426735,31.810729265213013,22.222262064615887,7.206307331720988,117.29166666666667,132.5733526791101,28716.145077720208,50277.18393782384,198255.83937823834,665.31456876587,0.4259020010564683,0.357924163877136,0.03577684195253131,4.8954599802210516e-5,0.01476192751177535,0.09334155715650876,14.741776282271767,15.114625528985595,15.510558273796143,16.37854409031343,17.015266857115893,18.569710598451472,16.221746938489048,1.4204937755593816,1.1478566198272189,5,0.7132034177641623,0.4590670987941257,0.6285563360750113,0.5340544403245546,0.39370100582966727,0.030529711049659406,0.0493989161442548
1353,3.3616267841275467,0.012091812507589625,58.875553300000185,0.21965683092498609,-0.003877664886232071,-0.004146188461266795,-2.0832699164236715e-4,111.96340147609801,G01353,123.51835156643413,42.59150500572614,9999.999999999956,16.10543909072876,26.5406831741333,5.159397912025452,1547.1,287.15,34.95,54.91855125427246,653.65,148.1,596.6,156.15,7.537282276153564,24.411341381072997,870.7159637451172,31.28911237716675,0.41396249923855066,30.87514991760254,20.239091396331787,6.797839570045471,161.9,148.29270486369003,29300.018134715025,50275.22538860104,199572.12953367876,605.0109351823605,0.5802494325570341,0.2368020508633287,0.03935355439772945,1.0287734024453353e-4,0.009126841909364008,0.07912216244631941,13.868836600970706,14.740686379984636,15.068201341388837,15.989509779235009,16.83806394473212,17.804319195025187,15.71826954022275,1.4476030970565132,1.0321164568172603,4,0.7445146469350747,0.6141785474887154,0.5511176687273949,0.668601314252962,0.27615560526105815,0.029668990301370227,0.049450838338583936
1354,3.357703821248171,0.012267397884536789,55.798250900000156,0.2318478388824228,-0.003216079350351718,-0.003950654711056506,-1.979755398496432e-4,113.13682204375806,G01354,124.41666685055367,42.59150500572617,9999.999999999958,14.987045907974244,25.211331176757813,4.190420842170715,1558.95,271.05,37.1,52.71190567016602,650.7,150.55,586.3,169.8,7.558920955657959,24.705346488952635,854.4647247314454,29.960975170135498,-0.630775005184114,30.59175024032593,20.09440212249756,6.1322166442871096,356.6,152.702462669281,26810.340527577937,47329.91127098321,103091.0479616307,601.6869596605632,0.8440255351001211,0.09012271125051642,0.016273831776537545,4.290021139000698e-5,0.004995397458721904,0.015199015189230874,11.154516189915656,11.483280613843132,11.409052994285103,11.767682293091697,11.917466419592671,12.459108424589713,11.698517822552995,0.4598423632434452,0.5034294925000444,4,0.36314761613353086,0.8695383189383313,0.23472980131706878,0.8642628479594638,0.10639654302705397,0.0290765291064912,0.0462804126878055
1355,3.44842921807318,0.012402382381326347,54.2826684000002,0.24469164856448622,-0.002943765442992133,-0.004041185798727711,-1.942154145314646e-4,111.01155135003684,G01355,125.3149821346733,42.59150500572618,9999.999999999965,14.558682282765707,24.768217245737713,3.786979168653488,1462.0416666666667,238.125,37.375,49.646512031555176,592,146.875,548.4166666666666,169.20833333333334,7.80965797106425,25.232789516448975,851.7381540934244,29.750083367029827,-1.1979791733125846,30.948062578837078,22.242321014404297,5.81763889392217,405.125,179.06333892739207,26370.724310776943,46778.84210526316,98204.22807017544,590.3127334187482,0.8910372163124486,0.04083318398364265,0.015086310237488252,4.16467542178948e-5,0.02051796098267957,0.0069203504740908,10.826173528198812,11.003518663624805,10.839967465677926,11.21757382528404,11.747627657803411,12.258859115848676,11.315620042739612,0.5743089978011887,0.3961366811793796,4,0.28575221272585166,0.9144126497830092,0.1613600287102882,0.9185171745234368,0.0559194942211309,0.030265905568875474,0.048450306070705725
1356,3.8160821489366215,0.013537069866549572,102.41271819999997,0.29988302764929176,-0.002729988602470231,-0.004736249593515306,-1.4589199746825867e-4,94.2321228538398,G01356,126.21329741879276,42.59150500572618,10000,15.781009272525186,26.169017390200967,4.890236854553223,1327.4736842105262,203.3684210526316,39.36842105263158,47.04125916330438,508.05263157894734,144.21052631578948,492.1578947368421,171.1578947368421,7.88015237607454,25.030292109439248,865.1280935187089,31.375749989559775,-0.10328946429255761,31.479039342779863,23.959197295339482,7.535929830450761,134.8421052631579,155.00260326053836,29270.4,51217.43373493976,209432.6048192771,500.67587770671656,0.5504727965776005,0.16864613456458294,0.16219182783224484,5.74651559863534e-4,0.006643156533500809,0.03374131157682792,21.892734637128036,24.097703738311072,25.141164984459785,26.585169606325547,28.440490590973276,29.119477323950306,25.879456813524673,2.726475014402446,1.0855235104234848,4,0.7830396926281703,0.5968673696538612,0.5779935859310077,0.5914319162477928,0.3308379623968278,0.03881286476225788,0.0724587610264375
1357,3.8560617659380734,0.014267647895274462,109.09020280000007,0.3867871460621972,-0.0022411708798722204,-0.00623562092920596,-5.157120821787598e-5,79.78265349558288,G01357,127.11161270291227,42.59150500572618,10000,16.430117819044327,26.83724456363254,5.560564014646742,1202.2777777777778,180.88888888888889,42.94444444444444,45.26983133951823,447.1111111111111,143.33333333333334,437.94444444444446,169.27777777777777,7.697482268015544,24.573078791300457,866.2782457139757,31.90446949005127,0.5839949134323332,31.32047462463379,24.626912434895832,9.703610049353706,13.38888888888889,13.342276412564727,31090.104166666668,54102.00347222222,292514.6458333333,495.03118879895675,0.13341078596328007,0.4221534916952784,0.27703223093224244,0.0014700311060594487,0.007287729734175459,0.043220073506194605,27.84695921852845,30.85235941565386,32.351722962304905,33.98370257845142,35.31641500295179,35.54177906614173,32.64882304067203,2.954338877038099,1.199597620198971,4,0.865326768861629,0.47723913209320207,0.6489558815328651,0.1853886203097096,0.6991857226275209,0.04525007404759767,0.08940303227244653
1358,3.8791738841594205,0.01410696521331,132.75808749999973,0.3417420912590771,-0.002690401100221914,-0.005415599791743068,-1.2838041735340627e-4,89.44246279658259,G01358,128.0099279870318,42.59150500572618,10000,16.33646583557129,26.11771519978841,6.3084384600321455,1223.3333333333333,169.66666666666666,44,41.352484385172524,420,158,419,166.66666666666666,6.719883441925049,23.420657475789387,812.093017578125,30.57491683959961,1.8982582489649455,28.676658630371094,25.19094975789388,8.789749463399252,64.33333333333333,8.082903768654761,32385.921875,54383.34375,345906.609375,477.46205211894267,0.35276235739049033,0.19186735451893888,0.2135050514177718,0.0010520369377179327,0.015940358522140697,0.1235624660053667,24.56181759840408,28.326372201469233,29.824010273245687,31.12863844087534,32.10558760319132,32.48241601182009,29.738140354834297,2.961895356795812,1.3904287459958868,5,0.8639219539031575,0.39252968728994636,0.7246783011355105,0.49331721885571567,0.40537240593671064,0.041676129525202256,0.07875481218945671
1359,3.8481709808716316,0.01323696451089936,88.54108239999995,0.22649115080980023,-0.005096436380956409,-0.006032037738041609,-2.265108044867225e-4,100.75577629834146,G01359,128.8937674453087,42.60165678720912,9628.733835790594,16.585166931152344,26.211442947387695,6.920024871826172,1140,154,41,38.49685287475586,382,154,365,160,6.137002468109131,22.352767944335938,790.820068359375,30.306716918945312,2.8514926433563232,27.455224990844727,18.86480140686035,9.500497817993164,34,NA,35091.833333333336,56493.833333333336,511764.5,410.50640522077015,0.3737744401025396,0.05497174875179985,0.11394013439570651,1.1390134694932797e-4,0.015594843090653463,0.36986031440490136,24.145648215888837,27.131450401533634,29.225133137965422,30.730417951531365,30.57850964134986,32.75282157233002,29.093996820099857,3.053640125852126,1.227547752335119,5,0.7627183023659398,0.40266336970753275,0.6602463793523036,0.7593434989450437,0.16891188314750635,0.03717484953786059,0.07332676319926319
1360,4.85120506932662,0.019459089248230522,133.15512719999984,0.3805009708253639,-0.0015280814201661275,-0.01059763536627839,-1.6071457072788117e-4,93.48366877582029,G01360,129.58599097017577,42.68677562277046,3502.1447733604286,-3.15136456489563,4.9960832595825195,-11.603166580200195,386,87,1,82.85932159423828,199,15,167,110,11.007896423339844,38.48309326171875,681.7607421875,10.111249923706055,-18.493249893188477,28.60449981689453,4.654916763305664,0.18970823287963867,5112,NA,26182.6,43794,110392.4,22.40793638380747,0,0,0,0,0.04432571485542992,0.0034685714060157936,0.7014291248013896,0.7014291248013896,0.7014291248013896,0.7014291248013896,0.7014291248013896,0.7014291248013896,0.7014291248013896,0,0.2602440393478222,2,0.3754527849880154,0.9274270696910942,0.13461220019056896,0.04779428626144571,0,0.047236476010857224,0.0948735250119141
1361,4.777597448822331,0.02029005741708675,109.76075649999979,0.3424642596275023,-0.0012307992211454007,-0.011857528349715086,-1.3784807851100674e-4,88.60710274340155,G01361,130.48234378358893,42.77421233740516,1925.542398182844,-0.6992448091506958,7.616341686248779,-9.500199890136718,337.6,61.3,1,67.85509948730468,146.2,19.1,120.7,106.3,13.888910388946533,42.83278579711914,700.0295837402343,14.6621750831604,-17.726600170135498,32.3887752532959,6.994095969200134,3.2509709030389784,4947.1,287.6291787083578,25843.123529411765,43790.3,108938.42941176471,52.55746838304253,1.3630167761079624e-7,0,4.593366666391567e-5,3.6347116012996173e-7,0.5571109949001243,0.01833955023321257,3.7026178379137527,3.7782719260350164,3.762827555288042,3.7845286508951457,3.87611109961463,3.873683178522066,3.7963400413781088,0.06740665616804745,0.14201825650445113,2,0.20488903437466843,0.9680519892244975,0.06185981327625534,0.5754510449061746,4.593366666391567e-5,0.04940910498278885,0.10587192199307024
1377,4.558360202537585,0.01620268925314043,106.62384149999983,0.18953370746870182,-0.00462001503051739,-0.009449680307353407,-2.5495339682216886e-4,101.0270398605468,G01377,80.4252834827464,41.90783570222138,9280.005626670036,-0.7374466645717621,6.860344944000244,-8.889106569290162,650.76,137.24,6.08,83.82472259521484,354.88,24.8,354.88,25.44,11.731856536865234,40.41754364013672,649.457333984375,12.098420028686524,-16.893220024108885,28.991639938354492,6.860344944000244,-7.812518320083618,4615.72,437.0225509055569,31286.901515151516,51124.6994949495,262164.702020202,77.51214525049738,0.08623215113709012,3.0867809307532674e-4,6.607762030316885e-4,0.012246404663219766,0.36994844354888196,0.004853644616886004,4.202100101734316,4.284738127473187,4.2900807410615895,4.43551812375378,4.542489989197409,4.53669822954325,4.381937552127256,0.14340553715621768,0.6589610337007696,4,0.47533990772958273,0.7800703571902252,0.3576547422322197,0.47328064396607783,9.694542961070152e-4,0.04185524932165148,0.09021728108539018
1379,4.570582892887521,0.016469012996506875,116.38671539999973,0.18557463310812777,-0.0055609507805936,-0.010031226524882728,-2.508931576297517e-4,100.14094007230871,G01379,82.19584849693621,41.92666139845996,10000,1.5984125053882599,8.77504340171814,-6.258030037879944,606.4,135.48,3.8,89.66807830810546,346.24,17.08,346.24,17.08,12.256373291015626,42.32973907470703,618.5275512695313,14.05990005493164,-14.892689971923827,28.95259017944336,8.77504340171814,-6.085668385922909,4157.52,421.1945433328088,32468.39417989418,54642.86772486773,223482.1349206349,108.19411848236635,0.34678255502453065,9.724980281169894e-4,8.032210413632767e-4,0.0024911643053612646,0.4478765761184341,0.005704639496472953,6.205750633799342,6.264248164933325,6.323334828172196,6.525333224486953,6.688790170949228,6.648363519082234,6.442636756903879,0.20587578047799757,0.7568523222397763,2,1.091907091980621,0.5566238048277067,0.5043608342567854,0.802854934944799,0.0017757190694802662,0.04254054633180693,0.09339199667842633
1380,4.586412975999713,0.017079551810680882,131.79908229999978,0.3161236939596167,-0.0030722519280793883,-0.008000048215949249,-2.262289067832064e-4,103.13695111891082,G01380,83.09416378105573,41.92666139845996,10000,0.9755729297796886,8.173572142918905,-7.013922262191772,638.3333333333334,149.16666666666666,2.3,98.86151173909505,385.3,10.833333333333334,385.3,10.833333333333334,13.40405559539795,43.99522043863932,624.2327921549479,13.558658409118653,-16.894316705067954,30.4529754002889,8.173572142918905,-7.013922262191772,4337.9,189.06910796374666,29675.26767676768,51266.7095959596,137240.16919191918,108.34572056194972,0.17270329095155176,6.23632931563077e-4,9.28902368124215e-4,0.011290713879338271,0.7178692781008286,0.009434171808474317,6.5058295587941775,6.52472731436157,6.537963941969798,6.722520611963549,6.826225270282471,6.8187242834360005,6.65599849680126,0.15072957060041958,0.6175380533133276,4,0.445459543537681,0.7864044321997162,0.3455134202551754,0.9112974547401929,0.0015525352996872922,0.0412309087609595,0.07856508244509858
1381,4.402384954174033,0.016126244817407032,120.82584629999988,0.24608657853301474,-0.00394496374883941,-0.007869213336161723,-2.559528199805624e-4,105.22911225937264,G01381,83.99247906517525,41.92666139845996,10000,2.6466804379224778,9.586030044555663,-5.075089960098267,725.88,157.8,1.96,98.5748291015625,427.8,9.64,427.8,9.64,12.584540939331054,43.30845260620117,601.8325854492188,14.747500076293946,-14.293880081176757,29.041380081176758,9.586030044555663,-5.075089960098267,4068.44,295.5213021086636,31671.208994708995,53800.11111111111,190107.97619047618,123.390920525142,0.47246564248675205,9.358353053650991e-4,7.616036281404096e-4,0.009387805363443708,0.41429777400848916,0.003975768317145518,6.877393484806032,6.9788737881728125,7.052137860910381,7.2116763142672,7.364586803777227,7.372616289225914,7.142880756859928,0.20604895794738778,0.7805546891220089,3,0.7104914965663688,0.5238998049247465,0.5143514206183419,0.9001269901758304,0.0016974389335055087,0.03924625138356751,0.07780727892108218
1382,4.165447681306642,0.015723452032431987,92.01054669999972,-0.03832531312945658,-0.005769238394730047,-0.00918192507580185,-1.7980074588214097e-4,93.52040368563625,G01382,84.89079434929477,41.92666139845996,10000,3.9992849963903425,10.934943399429322,-3.659751694202423,836.4,167.76,5.24,91.85435821533203,465.68,19.28,465.68,19.28,11.335748329162598,40.566058502197265,595.9316528320312,15.974689998626708,-11.86911003112793,27.84379997253418,10.934943399429322,-3.659751694202423,3648.6,964.537367515294,32467.862944162436,53632.743654822334,248404.73604060913,334.9225641368385,0.46111784886536555,0.0038143124598995362,0.0017884357821529922,0.007151053986741859,0.3324141154362216,0.006839292748353906,6.463515337146603,6.521660287884614,6.617618050918634,6.798182392627267,7.013082263429206,7.063240240872879,6.746216428813201,0.25349747255095534,0.8077886212451644,2,1.165392637956932,0.5670933930807518,0.5111040717537552,0.807522311036683,0.0056027482420525285,0.040768735987455756,0.11202178120674934
1383,3.8525948703514845,0.013248381606767726,99.73007860000035,0.1536932286052435,-0.0039485121447524595,-0.006279778301591766,-1.7674996437091952e-4,102.13995387896446,G01383,85.7891096334143,41.92666139845996,10000,12.597821871439615,20.224441623687746,4.068031911055247,1135.1,241.66666666666666,13.466666666666667,88.38181177775066,638.6,44.233333333333334,636.4,44.233333333333334,8.45374657313029,32.170843569437665,650.0831624348958,24.92219181060791,-1.3612416731814543,26.283433469136558,20.118617979685464,4.068031911055247,1654.0333333333333,491.23801965444716,28769.359788359787,50136.27248677249,130647.53968253969,574.6190143527394,0.8448225470705061,0.03203053591297428,0.007030644212704739,2.4221828299656156e-4,0.08058904643975695,0.015722182814115755,9.463515339391158,9.505872893509416,9.568710858705524,9.725034807441848,10.177614145542924,10.058173790638076,9.74982030587149,0.30099344426188057,0.5491685336609657,4,0.3961413600624695,0.8616794312195758,0.24937626347221376,0.9413759946073753,0.03906118012567902,0.03592296150560434,0.07129640064141529
1384,3.6151079548145106,0.012584745277047062,79.93084110000028,0.3046684720369167,-0.0013398209957609323,-0.003727558856912404,-1.4003557032073242e-4,103.37011076899647,G01384,86.68742491753382,41.92666139845996,10000,16.844337005615234,24.98692825317383,7.7664266777038575,1431.2,343.92,15.72,94.35316650390625,840,54.56,836.24,54.56,6.886795883178711,26.49051582336426,694.9369946289063,29.503649978637696,3.5084000062942504,25.9952498626709,24.723841705322265,7.7664266777038575,540.12,212.7908441012755,24558.616161616163,43301.333333333336,100384.75505050505,740.5454208828965,0.6312616727430863,0.23563223996929536,0.03938769708243801,1.2224192363477439e-5,0.004525630428656464,0.021014607976952926,16.18178383677454,16.678395550573704,16.907189753177757,17.82293499747338,19.28643076880376,20.346088829241037,17.87047062267403,1.6331873344909968,0.8567467457382536,4,0.618012140687168,0.6774399986492368,0.4748133163098772,0.6568141353410593,0.2750199370517334,0.03365641223037406,0.05271451292965149
1385,3.7699593431699245,0.01395142483074454,96.9919993,0.44765626021298544,-0.0013022999757573202,-0.004186006233732982,-6.184368066632796e-5,94.89198872779073,G01385,87.58574020165334,41.92666139845996,10000,17.26035582224528,25.622367986043294,8.07497501373291,1163.7666666666667,245.4,14.6,86.72680257161458,646.9,49,646.8333333333334,49,6.560845136642456,25.031561533610027,707.9782430013021,30.43336664835612,4.222725001970927,26.21064147949219,25.598752721150717,8.07497501373291,404.46666666666664,80.01324602982861,21995.150793650795,39782.07142857143,57069.322751322754,819.0448177551544,0.4262668421064014,0.43207466692419705,0.04024966200488483,5.209783241965981e-6,0.0061387751144812595,0.010458858605723528,19.47982727430693,19.72068540136925,19.826719407240027,20.732392261973988,23.435469404257518,24.04239107632477,21.20624747091208,2.0163431639400433,0.9323496311884873,4,0.6725480946451424,0.4721126450350247,0.558061308953759,0.4428696856098482,0.4723243289290819,0.03774651489702564,0.0639309564940065
1386,3.735395580243393,0.014333526570011326,84.03137290000006,0.46983415765124953,-0.0013685131187742131,-0.004276342990144741,-3.410146042734048e-5,92.92149017583883,G01386,88.48405548577286,41.92666139845996,10000,17.449478530883788,26.113151626586912,8.11989330291748,1082.96,201,17.8,75.85977325439453,543.44,56.2,543.44,56.2,6.2476432991027835,23.43177307128906,725.1389501953125,31.37058006286621,4.705280036926269,26.66530014038086,26.113151626586912,8.11989330291748,372.44,38.58116984575074,22239.56313131313,40557.63888888889,57867.51262626263,899.4905332269359,0.5152963552672046,0.36945391044570647,0.03216114069188474,3.326438156573297e-5,0.003712805364750935,0.006215149725503837,20.33599425535453,20.797182963270892,20.72708803904684,21.754978461955723,25.18515141493396,25.41683175557538,22.369537815022884,2.3193362825633934,0.8656783659771038,3,0.7879744063545832,0.5559516387484724,0.5307686800888912,0.5252575747390251,0.4016150511375912,0.03830587357358292,0.06578348150571854
1393,3.7031906908815766,0.013149624975223893,101.60221270000015,0.3399732040007085,-0.002370252528297531,-0.004426194250898874,-1.5073484057802605e-4,103.33143427673423,G01393,94.77226247460953,41.92666139845996,10000.000000000035,16.885755729675292,27.1716277440389,6.048529227574666,1216.2333333333333,180.83333333333334,33.36666666666667,49.558131790161134,493.1,119.66666666666667,460.46666666666664,119.66666666666667,7.504642343521118,24.17658061981201,856.6826985677084,32.01907513936361,0.9770500063896179,31.04202512105306,23.444574864705405,6.048529227574666,68.26666666666667,45.20675364049761,28954.27088607595,50555.39493670886,251877.20506329113,742.9737993714776,0.25684784283889,0.5821013001699041,0.04155526010175986,2.8363869273580075e-4,0.0023190996856246753,0.04948820916646119,14.211900874458781,14.363469094892642,14.525870163357279,15.332252759818685,17.347820789852886,17.123330211504545,15.484107315647469,1.4125223618202003,0.9611365801564531,4,0.6933134889043463,0.624173495783392,0.5297480864481592,0.30893879038371164,0.6236565602716639,0.035121605436030025,0.054496553120994634
1400,3.4129200529571024,0.012663065394439737,65.02845780000013,0.24238738059124632,-0.0016430548477204278,-0.003355287423660756,-1.7698353908649064e-4,114.17902226601339,G01400,101.06046946344617,41.92666139845996,10000,15.612256240844726,25.606928482055665,4.959053344726563,1695.44,295.8,42.88,55.67824172973633,755.08,164.36,588.24,206.32,7.688099193572998,25.176542434692383,840.2657592773437,30.502609939575194,-0.02886000005528331,30.531469955444337,19.637225036621093,6.931231708526611,355.52,147.22293752446774,25324.60606060606,44719.833333333336,74386.92676767676,612.1210300469814,0.8979984986772018,0.044867150551954824,0.023039282174144964,1.1068800998057815e-4,0.005266951688396247,0.006169228479174034,11.478524215789129,11.965242685982314,11.906650511296121,12.279652127030808,12.401429343728843,12.603150859889002,12.105774957286036,0.40444305701753197,0.3688078933132018,3,0.33570341158328193,0.9187138425263308,0.1532334025548775,0.9095453668547526,0.06790643272609978,0.029005818604846866,0.04475545546788532
1401,3.4861484373405207,0.012841323952166153,66.92805980000014,0.2427661074223054,-0.002047467080800083,-0.0036905863652690325,-1.911497012152968e-4,113.68492277167047,G01401,101.94256955315814,41.91035170672058,9466.669587521019,15.571799341837565,25.53355147043864,5.010852773984273,1572.4666666666667,262.8333333333333,40.233333333333334,50.83710899353027,654.4333333333333,159.33333333333334,549.0333333333333,194.6,7.738438892364502,25.29153709411621,834.6852823893229,30.64839153289795,0.05988333548108737,30.588508288065594,20.051633262634276,7.053541644414266,334.1,145.51439080391495,26976.543715846994,46865.30601092896,113591.7131147541,560.9787197875236,0.8299579492604973,0.039965514201372815,0.024097892007580755,2.0306343647030745e-4,0.01017770884537992,0.07170340819380372,10.8500763685167,11.351912337269043,11.38981879609645,12.002858108165064,12.636762276823962,13.269945479103786,11.916895560995833,0.9045950339899378,0.601277924345242,5,0.3735949797751902,0.8502748101483704,0.26924192379797907,0.9120421297361512,0.06406340620895357,0.02982452605616421,0.046756570442726436
1410,4.949996679207565,0.021025193852306678,130.95859249999984,0.3359908739330973,1.3405049048700648e-4,-0.012263772364496934,-1.3610464932956119e-4,87.70418731600553,G01410,110.04362230464137,41.92666139845996,10000,0.595424154996872,7.982646722793579,-7.2130317115783695,333.48,69.56,6.64,71.71199554443359,175.52,29.12,162.24,42,14.54586326599121,46.72913299560547,622.2951635742188,14.67917995452881,-16.433570098876952,31.112749938964843,7.315655021667481,-4.800519976615906,4794.32,351.12577518604354,26690.136363636364,44876.433014354065,132566.22488038277,37.89209958990796,4.736842213240071e-6,0.0063970760316745985,0.0016936549753282044,1.2050682219809314e-4,0.4607650192019907,0.009437631557157005,7.826337617439726,7.780905745280268,7.613118357104273,8.003264037072542,8.108157164082527,8.185191095695261,7.919495669445766,0.21677500121309534,0.19352607126624854,3,0.1761550214415203,0.9631000858031322,0.07185769370855632,0.47032789442355905,0.008090731007002803,0.05144550700481289,0.1104805849221408
1412,4.96256906678289,0.022671926793945817,133.39283819999997,0.37642561565537824,2.5556857631943484e-5,-0.012483274963441213,-1.354348308177817e-4,88.27429604060617,G01412,111.84025287288041,41.92666139845996,10000,0.501679168343544,8.24262336730957,-7.808111648559571,252.64,81.68,0.88,135.62329650878905,195.16,3.28,195.16,3.28,14.92769172668457,45.76993377685547,655.8605639648438,14.708069953918457,-17.905680046081542,32.613749771118165,8.24262336730957,-7.173966627120972,4695.2,259.1003666535422,29224.57177033493,49724.94976076555,205171.23684210525,45.84225028128689,1.9424951250058306e-5,0.023137056543020475,0.0018200584802651252,4.208576991511568e-5,0.6389312375475065,0.0010326413260484339,9.402705796547156,9.391677940041763,9.208061910525307,9.551346286818916,9.691943492154655,9.805282069702068,9.508502915964977,0.21848101461591615,0.1823572092773223,2,0.26308584149474373,0.9608241316281484,0.07559649422806602,0.6400253895947201,0.0249571150232856,0.05154324010086701,0.11035714799544155
1413,4.960468101230099,0.021982783672861467,133.034165,0.34378048402554573,-9.984993742747545e-4,-0.012601093715546414,-1.554661022274366e-4,89.52052530293666,G01413,112.73856815699993,41.92666139845996,10000,-1.2388591742515564,6.578676662445068,-9.504386711120606,268.88,79.28,1.48,121.28604797363282,193.52,5.32,193.52,5.32,14.218354835510254,44.41523712158203,657.764052734375,12.656129989624024,-19.33428985595703,31.99042022705078,6.578676662445068,-8.790668430328369,4994.2,282.1732623761507,30262.018372703413,50887.56167979003,181348.5223097113,43.03729905971536,9.161793445811114e-7,0.0012980896716657277,0.0013842105267729522,5.6754386090613594e-5,0.5704900778820293,0.09931631576837036,7.689266094198768,7.666340962034775,7.5881983929000265,8.03578664062377,8.229375461880476,8.212213140756544,7.90353011539906,0.29001863695312785,0.44766820955817943,2,0.6458487058932267,0.8482539019876706,0.25865030814946166,0.6698640642158349,0.00268230019843868,0.050812049994181256,0.11012408946437276
1414,4.970612798917772,0.02101930804329245,141.40114379999986,0.3443649261516903,-0.0015931232609603374,-0.0120653859572352,-1.60142471132059e-4,91.58151540192269,G01414,113.63688344111945,41.92666139845996,10000,0.024451380036771296,7.667290250460307,-8.110443019866944,316.26666666666665,80.6,2.6333333333333333,104.58542022705078,207,8.566666666666666,207,9.033333333333333,14.494070911407471,45.12382570902506,644.1514343261719,13.889283370971679,-18.214308230082192,32.10359160105387,7.667290250460307,-7.276294422149658,4801.366666666667,249.58731225120727,29959.806701030928,51414.721649484534,181885.6649484536,56.69618841537249,2.378750611667531e-5,0.0025519724504283075,8.586915899204975e-4,9.751106788524767e-5,0.7300679486039064,0.03150472210754424,7.746700100692509,7.6160527512411615,7.462743298660568,7.955059320742306,8.015483320118715,8.019939414420572,7.802663034312638,0.23204603073274138,0.20418934192290772,2,0.2945829509945599,0.9542066755371804,0.08778167203008025,0.7616939692854526,0.003410664040348805,0.04969063152965963,0.10579960053535858
1415,4.956348779923349,0.020874147967931914,137.02794009999968,0.33245462904311535,-0.002207225923571194,-0.01213446783639531,-1.69052151033101e-4,92.18916060664588,G01415,114.53519872523898,41.92666139845997,9999.999999999683,0.5128095689415931,8.019971618652344,-7.439885082244873,317.76,78.24,2.76,100.55567413330078,202.72,9.76,202.72,10.16,14.853054084777831,46.169435577392576,632.5821997070312,14.189729919433594,-17.973940162658693,32.16366989135742,8.019971618652344,-6.723093395233154,4704.52,250.82067299168145,30858.532530120483,52647.8578313253,203098.421686747,62.78057462098577,0.00480511695395319,0.006715692011740034,0.0014384795337929945,0.005548713443942412,0.7465226995783483,0.0061639278761458005,8.585568839424798,8.50447812645593,8.38554624708634,8.637702564983956,8.808085379041561,8.8315300417165,8.625485199784846,0.17306258694802365,0.19024617330111135,1,0,0.968008166967091,0.06272640442819233,0.7630404578523897,0.008154171545533028,0.04930113367313595,0.10577473030492257
1416,4.749621706031004,0.0186232634272146,109.63649189999973,0.18039922601539826,-0.0060718482489680835,-0.012640452467635578,-2.2465530132945462e-4,93.74995483255026,G01416,115.43351400935853,41.92666139845998,9999.999999999853,1.8972593834002813,9.00434308052063,-5.707175016403198,398.6666666666667,96.03333333333333,2.5,101.24202728271484,249.23333333333332,10.066666666666666,249.23333333333332,10.066666666666666,12.747710418701171,43.773888778686526,602.2305094401041,14.224208418528239,-14.840891615549724,29.06510009765625,9.00434308052063,-5.556411115328471,4317.3,449.2706848614341,34572.303258145366,56477.734335839596,318440.365914787,101.46520833868355,0.17445081868232135,0.0013407212498892924,0.002017017549130356,0.03414509747945579,0.4764270272861958,0.004908138405433412,7.031119264755984,7.03631874458548,6.981498901968513,7.219264463105667,7.377958717148759,7.394861233184423,7.173503554124804,0.18376830022266105,0.8173940564537172,3,0.744024133795805,0.6871984850957926,0.4619536612983085,0.6899310818534062,0.0033577387990196485,0.04705927618132719,0.11075737719858678
1417,4.2838691570829415,0.01573889175294737,110.86675869999966,-0.014692183697113262,-0.006598254541958747,-0.010080938437859364,-2.1102769703389924e-4,94.8720396574689,G01417,116.331829293478,41.92666139845996,9999.999999999874,5.414266203641891,12.141618404388428,-2.009629994928837,731.48,150.76,4.28,91.54021759033203,416.24,18.6,416.24,20.16,10.828672561645508,41.06354248046875,580.0184143066406,16.908180046081544,-9.493769977688789,26.401949996948243,12.141618404388428,-1.5380199813842774,3512.48,839.0984308569923,34050.92344497608,56190.34449760766,403312.65311004786,264.7131175161565,0.5606069883637743,0.0010103411322253525,4.3273879203405987e-4,0.001999834310765337,0.18265093564751742,0.0059773391780151485,3.671384641239594,3.7236903048305043,3.784578531000509,3.9309853425028125,4.016225809560103,4.003124800532545,3.854998238277678,0.1480705978727912,0.6303950892482982,2,0.9094678690592753,0.7448163174893341,0.3862886190354553,0.7512350975000722,0.0014430799242594124,0.0417758056545836,0.1117386068926799
1418,3.5648546969002863,0.012276432077834642,71.49741649999987,0.024123797872218182,-0.002463372378262857,-0.004855033306278621,-1.8125581072194442e-4,108.56689342772029,G01418,117.2301445775976,41.92666139845996,9999.999999999973,13.493785705566406,19.317486610412598,6.536338394470513,1454.84,277.8,8.2,86.63994812011718,793.96,36.84,793.96,51.36,9.86259334564209,40.90812194824219,525.3512060546875,23.9985099029541,-0.10928001910448075,24.10778991699219,19.317486610412598,7.73108169555664,1991.72,783.9255130431718,32332.86215538847,54747.874686716794,246816.5037593985,583.2082341725413,0.8881563158168416,0.0010374463962593667,3.041617969840097e-4,3.703703714386455e-6,0.0379953508488616,0.005048177377767737,3.8068085761587556,3.8785586743819938,3.9113246321798467,3.943782659492397,3.907306258100589,3.9021968649271774,3.891662944206793,0.046541828746189694,0.2153324228853094,2,0.310659018639241,0.9524003316720647,0.09124290999594342,0.9312035477471854,0.0013416081932433764,0.031158480133800216,0.07131824975290567
1419,3.7510890271393285,0.013110949773742091,110.37141169999995,0.06707195230562717,-0.0019058606965284947,-0.0052511263451720845,-2.2258597981606847e-4,110.24076162455627,G01419,118.12845986171706,41.92666139845996,9999.999999999975,9.990781545639038,16.16198336283366,2.8835236291401087,1306.7333333333333,255.4,8.5,85.50026219685873,719.8,36.7,719.8,47.96666666666667,10.099166011810302,40.76619885762533,547.5844045003255,20.904725074768066,-3.861449960867564,24.76617488861084,16.16198336283366,4.247269451618195,2603.7,683.7121873803434,31588.54066985646,53945.916267942586,212686.74880382774,344.9561079495914,0.8236847615975063,1.301426465579962e-4,2.1469749217846996e-4,5.735366550564859e-6,0.11710156412745497,0.004073044763618387,2.1889728308663496,2.2297764961691575,2.252264756928228,2.2906926244611503,2.265598722924873,2.268349934643244,2.249275894332167,0.03569655045892414,0.40532672784145424,2,0.5847628601966166,0.8714304849293778,0.2252416685787032,0.9448651058551302,3.448401387364661e-4,0.03202561367254292,0.0713411925694509
1420,3.9638360127229504,0.014989591550955266,106.86549789999997,0.15883486550587225,-0.0036062039184922632,-0.006555142455789147,-2.846242872819094e-4,112.15827934648678,G01420,119.02677514583667,41.92666139845996,9999.999999999753,3.438691670894623,10.136296768188476,-3.9882466588914394,959.2,190.2,9.16,81.79544555664063,519.2,36.84,519.2,41.68,10.135631675720214,39.46130783081055,584.7843212890625,14.79507007598877,-10.898589973449708,25.693660278320312,10.136296768188476,-2.497551641855389,3727.6,385.1944314239239,36265.52151898734,58413.64050632912,632909.6582278481,168.63292818704613,0.3745504289080109,6.188206661478233e-4,1.0310916316769945e-4,4.0126705566913816e-5,0.2623642788150785,0.009127417138321287,1.9266398977293482,1.8873712005948022,1.9158853766032247,1.981840028066598,2.029580200660315,2.0280072554451722,1.9615539931832433,0.06043645836441964,0.7511380713781715,3,0.6837153371812409,0.5790785521816626,0.49993087464740416,0.6460822515669776,7.219298293155228e-4,0.03392054921153531,0.06959740028905541
1421,4.199865994267481,0.015080082071257253,96.65280739999986,0.1277651579641447,-0.0048647494255643865,-0.008158173512881688,-2.78677845170813e-4,106.27028696347915,G01421,119.925090429956,41.926661398459956,9999.999999999918,1.059893082017484,8.057802511298139,-6.558864088162132,822.304347826087,164.52173913043478,8.73913043478261,78.39438529636548,435.04347826086956,35.608695652173914,435.04347826086956,39.04347826086956,10.446570562279742,39.37721335369608,605.8601870329484,12.789760796920113,-13.746293503305186,26.536054196565047,8.057802511298139,-5.063829720020294,4146.217391304348,518.6974907945109,35159.66336633663,56913.9702970297,443147.2846534653,142.09766810909275,0.2909884308788961,4.7773062496642653e-4,6.860563808666024e-4,0.0032682226996968208,0.23462064272588534,0.005288703657505424,2.8420503097497996,2.8161814026514365,2.8639317957568298,2.984099235650162,3.0542918916721007,3.06228647129484,2.9371401844625282,0.11011253102664184,0.7844406253835424,2,1.1317086001126737,0.5435685402956849,0.5123126240651847,0.5341659999619838,0.0011637870058330288,0.037398163483784004,0.08300130917431593
1422,4.3639881544609995,0.015794846681694685,110.15570509999992,0.17212400205321846,-0.005256195826690575,-0.008792831605684639,-2.7431631141157045e-4,104.56382108785722,G01422,120.82340571407559,41.92666139845994,9999.999999999904,1.8739336838945746,8.80653886795044,-5.66104172898146,715.6,144.13333333333333,7.766666666666667,75.76381505330404,368.6333333333333,32.9,368.6333333333333,35.4,10.443386840820313,39.80227076212565,597.9568888346354,13.437125078837077,-12.791441726684571,26.22856674194336,8.80653886795044,-4.34747222661972,4018,428.7307651259905,34287.65071770335,55616.35167464115,310668.2631578947,116.96200017188443,0.39679280702462477,8.137914256219578e-4,0.001073840156664429,0.004145828470809186,0.25522557511324273,0.004920633531300763,5.078150238590558,5.091392947793303,5.142485864127792,5.24185455803848,5.39570175372947,5.38719055785923,5.222795986689806,0.1427754007578046,0.7614743835371306,2,1.0985753168929988,0.598505702053989,0.49348946890224077,0.6610848441399775,0.001887631582286387,0.03932110684431092,0.08491962949753468
1423,4.53785409963271,0.016453185449731317,117.39471559999988,0.2237205310706658,-0.005014801240640866,-0.009276399929999547,-2.4375981853910213e-4,101.44524496433941,G01423,121.72172099819515,41.92666139845996,10000,3.5958091294765473,10.586078338623047,-4.068771704435348,635.12,132.76,5.16,78.96385772705078,333.2,23.96,333.2,25.32,11.00699993133545,40.63031036376953,603.4557446289062,15.454199981689452,-11.620550022125244,27.074750061035157,10.586078338623047,-3.0810867017507553,3791.32,344.1261541934876,31761.458646616542,53607.02255639098,178319.86215538846,131.72567677545754,0.5004909843287491,0.0018182261229935691,0.0012325633545651816,0.0036481578960904063,0.36226030195195763,0.0020972222189893424,6.685037764584854,6.790887855171923,6.87405611439788,7.121005975520915,7.326620594410625,7.330549867151606,7.0213596952063,0.2780792028095198,0.7430193031025848,2,1.0719502638708727,0.5742555737567103,0.4974344216546027,0.8684966663957864,0.0030507894775587507,0.04179243802531501,0.08762022822112606
1424,4.511187498417164,0.016248182602760276,115.40756109999977,0.23275098267003405,-0.004234294000068259,-0.008691505234856577,-2.50768741528766e-4,102.6624360763467,G01424,122.62003628231469,41.92666139845996,10000,2.569418425299227,9.467711130777994,-5.118323610226313,674.7,146.93333333333334,3.7666666666666666,87.96038131713867,377.1333333333333,18.133333333333333,377.1333333333333,18.233333333333334,12.31613270441691,43.035909016927086,599.5471415201823,14.552191638946534,-14.037024879455567,28.589216486612955,9.467711130777994,-4.68521387775739,4081.866666666667,342.1956219447597,31057.191387559807,52949.961722488035,174783.75119617226,102.54820122274621,0.40232181010501944,0.0026492474180750116,0.001806099362131759,0.02015320219993638,0.49159201171755756,0.00269508116905454,6.47995889865286,6.527212978613023,6.638921653477189,6.913211424019966,7.1032138678960655,7.055744683651858,6.786377251051827,0.2727022709854367,0.8266908160960953,3,0.7524864091028187,0.5336329773880787,0.5240048998990812,0.916762105191568,0.0044553467802067705,0.04095468284499653,0.08387574523020846
1425,4.362223514846389,0.01578797950517827,109.26736589999982,0.24096781015864555,-0.0033337470754288214,-0.007444565165907279,-2.549968001202861e-4,105.58258840052552,G01425,123.51835156643419,41.92666139845996,10000,4.502693352699279,10.940815048217774,-2.7254599970579148,778.32,166.24,2.88,93.5444415283203,443.92,13.52,443.92,13.52,12.089796676635743,44.42223434448242,559.559541015625,15.760679931640626,-11.462980098724366,27.223659896850585,10.940815048217774,-2.7254599970579148,3806.2,321.1565039042492,30551.501253132832,52424.12781954887,158654.90476190476,118.6552425219833,0.6530771832571176,8.703118941989921e-4,7.891812858187192e-4,0.010299619892448285,0.28406777780772485,0.0036942202583893206,5.586071778815122,5.6291521930875765,5.720683809690006,5.914411803383373,6.031721483986333,6.034604083567046,5.819440858754909,0.20040040717385235,0.702437712673323,3,0.6393863603372901,0.6854306804477698,0.441163606867373,0.9511388012156801,0.0016594931800177114,0.03868212984142532,0.07584382868400298
1426,4.185840420263427,0.014434026926196124,91.4116353000001,0.07689127713078074,-0.0050598353209472475,-0.00819757230941534,-2.3562824536462116e-4,102.0844350527758,G01426,124.41666685055372,41.92666139845996,10000,7.026251664161682,13.18671329498291,0.12117831349372864,889.2,183.16,4.28,93.7064419555664,503.72,16.72,503.72,16.72,11.178411712646485,43.4324186706543,531.1520227050781,17.98877998352051,-7.74664999961853,25.735430068969727,13.18671329498291,0.12117831349372864,3254.44,637.9506955870492,32460.674641148325,54357.91866028708,197901.38755980862,256.14444110494503,0.5853661500629338,0.02711064329119857,0.0023959454298739346,0.004736461990621154,0.28653256336745836,0.0059926413274414385,7.11797863247353,7.219327439693984,7.284553154617778,7.460671675177119,7.673097051136399,7.6833158376706345,7.406490631794909,0.23823716984314752,0.8288360198584852,3,0.7544390577164536,0.6417542705908704,0.4885107566924196,0.8826278167484548,0.029506588721072504,0.03846587900489131,0.08952077182162267
1427,4.100013302958015,0.014243653861823953,98.34843370000014,0.1760228438652725,-0.004179279604687189,-0.00710342308139775,-1.996035952103348e-4,102.15598709448346,G01427,125.31498213467323,41.92666139845996,10000,9.119022258122762,15.88386936187744,1.5882986382581294,954.7,186.8,8.8,88.25564219156901,526.9333333333333,28.8,526.9333333333333,28.8,9.462241586049398,37.26893310546875,575.6683064778646,20.55029157002767,-4.868066712717215,25.418358294169106,15.88386936187744,1.5882986382581294,2508.4666666666667,438.1076653481215,28980.478696741855,50370.784461152885,112300.82706766918,397.43849102992124,0.6315428655036863,0.05180502924157298,0.002731939575245399,0.009844814826091073,0.28332118907578774,6.621150124992994e-4,9.04168603616116,9.11098169987079,9.140638307882739,9.257045738192122,9.642880379226481,9.559652918660348,9.292147513332274,0.2507236975500872,0.8648765519979047,4,0.6238765562742614,0.6444920295001485,0.498129519464911,0.9253709844180645,0.05453696881681838,0.03798455755160952,0.07653499566419916
1428,3.8988422461289733,0.013856555327434263,105.81918799999998,0.23073887068473165,-0.003511739622576565,-0.0062133988649404,-1.407417309252198e-4,98.87324056572692,G01428,126.21241742183055,41.92729743213694,9979.82255059613,13.96634132385254,22.08126159667969,4.922049984931946,1093.92,225.64,13.96,83.99355010986328,601.88,47.16,601.88,47.16,7.423197498321533,28.10957450866699,689.4170971679688,26.698060073852538,0.3055300104618073,26.392530212402345,22.08126159667969,4.922049984931946,1121.76,420.795603589201,25467.81100478469,45276.49282296651,80661.24401913876,616.2691864005989,0.8841127291243541,0.04504420083183958,0.007331803147500364,1.6306043224772085e-5,0.030933557518253357,0.013280740736646696,10.095395101565687,10.111856918038303,10.042001904098756,10.264625363663425,10.750360644383337,10.587119381501735,10.308559885541873,0.2932227772661417,0.4390440747257862,4,0.3167033546692876,0.9014941333435916,0.18396463462756552,0.9283433334224789,0.05237600397933995,0.03727104033702047,0.06865222667910433
1429,3.8224458350793125,0.013945280966400077,99.89965920000004,0.3851344565656919,-0.0017144073736583645,-0.004685849575929701,-9.791399368392854e-5,97.7742687559135,G01429,127.1314378326078,41.95053035244625,9192.419659740119,17.368060143788657,25.64358590443929,8.238076400756835,1137.8666666666666,214.93333333333334,18.6,77.65966237386068,593.1666666666666,60.3,593.1666666666666,60.3,6.4881103992462155,25.172985204060872,701.0847371419271,30.44264170328776,4.673850027720134,25.768791580200194,25.64358590443929,8.238076400756835,443.8,144.09776374823232,23465.779448621553,41868.436090225565,75593.12280701754,729.5159110863723,0.5584114312319557,0.32414638466818,0.02763982294284746,9.601574072287227e-6,0.006485863265181763,0.02014534185921803,18.927279967455938,19.1238953651202,19.07842599003686,19.932146579910846,22.41455178838238,23.28120522945142,20.459584153392942,1.9026956075104073,0.8966825018558373,4,0.6468196993396627,0.5960594741702943,0.523616117890654,0.5850522379304277,0.35178620761102747,0.037276319153000566,0.05922614053943152
1430,3.8836669051283796,0.014196796399977524,99.65731370000005,0.38826837705343314,-0.001844220301662246,-0.0049247638625333386,-9.532249999122608e-5,96.96213633478283,G01430,127.92669354099488,41.961172216350825,7623.221789386136,17.48948673248291,26.012060394287108,8.245014953613282,1099.96,182.2,21.72,68.23831787109376,514.56,69.08,513.76,69.08,6.173451709747314,23.62800735473633,715.8675634765625,31.16465003967285,5.036829986572266,26.127820053100585,25.804943618774413,8.245014953613282,421.36,152.0194285828843,23161.141148325358,41443.318181818184,82882.3038277512,691.5213235943849,0.5425264033541733,0.3479968909125421,0.029305623810565347,1.1988304142459418e-5,0.001751978561904316,0.023986052652629982,18.624982704394093,18.911500319366894,18.992965509465563,19.927104722446337,23.437442893293433,22.995813112124203,20.48163487684842,2.1676721719124137,0.8993041927113248,4,0.6487108495376405,0.5737505159891716,0.5337603736310723,0.5682764228728502,0.37730251472310744,0.038040127814972124,0.06123872590203757
1431,3.8739327780026134,0.013914624852043584,107.91070320000026,0.2962377592344012,-0.002833070553689734,-0.0056201446747145365,-1.2790534365899296e-4,98.66996496247907,G01431,128.75771641227084,42.14630382251301,2456.9898699032406,15.811819038391114,24.594928283691406,6.365998334884644,1093.64,175,18.08,66.16741912841798,494.68,59.12,483.88,59.12,6.599576606750488,24.435485153198243,735.1441870117187,29.96801010131836,2.9613999915122986,27.00661003112793,23.007994689941405,6.365998334884644,763.48,294.5592922768974,24121.576555023923,43074.68660287081,61573.6985645933,628.3986302522255,0.8047007016381013,0.10808263164402371,0.014092095529718563,3.285380122310243e-4,0.03772356728162241,0.006397417135130806,15.837464985868685,15.90116247627945,15.775827517500726,16.27133810997446,17.53281095335812,17.758505752350857,16.512851632555385,0.8970858684034237,0.6235939733036897,4,0.4498279664067389,0.8284567390244936,0.2995153525086408,0.8491502240670854,0.12217472717374227,0.03721923258719104,0.06342697982532855
1447,3.6651892536384523,0.013115837724270944,60.56181070000027,0.27316713243397184,-6.009489846923365e-4,-0.0033481051804926604,-1.642874775731636e-4,109.65310872253205,G01447,78.64059998735392,41.20882902995585,8446.74170789545,15.41367301940918,24.772650909423827,5.5998699029286705,1529.4333333333334,226.4,41.8,48.24702835083008,565.8,164.3,554.5666666666667,172.16666666666666,7.148416105906168,24.87356300354004,784.3324869791667,29.526416905721028,0.8138411715626717,28.712575721740723,21.745941225687663,7.622960138320923,373.2,184.31333890023183,26895.83971291866,47618.57177033493,121622.93062200958,612.3527676737076,0.8089495906348296,0.06922197861159647,0.043111159878843175,3.755847958142524e-4,0.032581491263375346,0.012806461984498037,13.133617231002596,13.761581547496798,13.907201491213302,14.600737748569719,15.73405509639608,16.459405083891262,14.599433033094959,1.2709571624342144,0.6512932289847108,5,0.40467123581033354,0.8365159125250978,0.29181925496442207,0.8547131286785173,0.11233313849043965,0.03234487511869483,0.05052351645554795
1448,3.912618084512046,0.013953243859599167,96.69241880000008,0.3604137126000274,-8.558312691352325e-4,-0.003839239197379515,-1.1722278152529542e-4,94.99005410155095,G01448,79.50090264457765,41.25481646431225,10000,16.732394814491272,26.114883422851562,7.032767415046692,1375.875,197.125,42.625,45.46758508682251,494.25,159.75,452.375,165.75,6.5819589495658875,23.721601724624634,782.2761611938477,30.24006199836731,2.502975285053253,27.73708701133728,20.979344129562378,8.851324796676636,87.625,69.62129702899824,29922.094488188977,51358.17322834646,242774.29921259842,595.8972626849917,0.5047817070344862,0.18269172738392875,0.16318362969107644,7.140984585798776e-4,0.02343722694358779,0.06621642874099923,22.239064843947745,23.720951405017832,24.653828862569675,26.056702621919417,27.69965360619287,28.972746462808214,25.557157967075955,2.5180737551287247,1.2403412773051508,5,0.7706673663659812,0.5364169969202194,0.6389224618321478,0.595149461177653,0.34587535707500516,0.0397118830063668,0.07045122857892203
1449,4.798823686389544,0.0175487566368685,138.90345779999993,0.1948590445874935,-0.00462553497387685,-0.011036495557991854,-2.067157375158567e-4,95.95592281037814,G01449,80.39921792869717,41.25481646431225,10000,2.2220868269602456,7.856152534484863,-4.17609719435374,541.6666666666666,83,10,47.14433924357096,224.66666666666666,72,202.66666666666666,113.33333333333333,10.63203493754069,45.31985346476237,494.96250406901044,12.517166455586752,-10.94474983215332,23.46191660563151,7.528347174326579,-0.305166631937027,4285.666666666667,423.62286686784665,32081.285714285714,50499.42857142857,645237,167.5333335456341,0.3263155349678766,0.0013689320455774331,0.0038699029345241674,0,0.2084990289104363,0.006369902896304904,5.2260363378022845,5.6292114446037695,5.347017497765391,6.172674849158839,6.082017282435769,6.460964640818144,5.8196536754307,0.49330986387071935,0.7774537318771606,3,0.7076688836420152,0.5971845159604017,0.4975822537914374,0.5411844667746177,0.0052388349801016,0.04632108750284818,0.10285519827362119
1450,5.101176402794274,0.01970375921266394,157.63949949999986,0.3738460228651921,-7.101963627741982e-4,-0.010096261333374792,-1.8060501348165906e-4,97.76625835803596,G01450,81.29753321281669,41.25481646431225,10000,-0.8820660014947256,5.663902918497722,-7.738277912139893,439.3333333333333,55,12,35.6706657409668,146.33333333333334,70.66666666666667,109.66666666666667,129,11.9480349222819,45.33984375,553.69415283203125,10.92508316040039,-15.455499966939291,26.38058344523112,-3.9273473421732583,-0.5779306491216024,4887.666666666667,169.80086375909084,29659.48598130841,48218.57943925234,217677.2710280374,47.65057067863683,0.04997025105474974,8.288702904271102e-5,0.0012186610913258503,8.368200625421549e-8,0.20004272011906798,0.013925439360127521,3.6364817721222162,3.774370792005871,3.6601448834303922,3.7788168869743646,3.833215827246764,3.8985718307374597,3.763600332086178,0.1002729545870218,0.7092099777124347,3,0.64555074162900306,0.75419502408847094,0.39291909666542857,0.2639384942159515,0.0013015481203685613,0.04729514241822354,0.09291175979618055
1452,4.98244404890802,0.018556133231790777,131.59422059999991,0.22507735247411695,-0.001638304146174,-0.011445142505142782,-1.7767707317032337e-4,91.97626512656215,G01452,83.09416378105573,41.25481646431225,10000,-0.5148720507110868,6.3350178854806085,-7.71708046751363,485.14285714285717,90.35714285714286,9.071428571428571,66.09050805228097,238.64285714285714,40.214285714285715,230.14285714285714,59.142857142857146,12.524562631334577,45.65894372122629,577.472675868443,11.5227678162711,-15.897803579057966,27.420570918491908,5.931964227131435,-6.578413712126868,4794.285714285715,471.99436577006014,28027.039426523297,46010.18637992832,194084.4265232975,68.41771826604929,0.04867736941084976,7.918511965069713e-5,0.001006273990039598,3.041039301597854e-6,0.20579024208576752,0.012471346349674808,5.350867253239065,5.323240661506799,5.193358043330513,5.451046501767258,5.542238034235094,5.553551552748291,5.40238367447117,0.13956239662575637,0.6789219690825526,3,0.6179814080776723,0.7677953730001368,0.37532761612516974,0.26694199888559367,0.0010854591096902952,0.04920100807225791,0.1081870958234218
1453,5.010067791025763,0.023341459566288403,128.39272889999998,0.4085510428158349,0.003869219714490533,-0.012158806428713725,-7.263568837768581e-5,82.52344501039346,G01453,83.99247906517525,41.25481646431225,10000,-1.4860232048309767,6.137051247633421,-9.518842990581806,298.6923076923077,81.46153846153847,3.6923076923076925,106.30545102632962,191.92307692307693,15.538461538461538,188.84615384615384,19.923076923076923,14.277886170607347,45.71343113825871,643.1234788161057,12.084884515175453,-19.034153718214768,31.11903821505033,5.717419936106755,-8.119352597456713,4964.923076923077,411.81599077307607,23752.88888888889,39754.086956521736,110976.7922705314,33.773849480315356,0.0013321703220541927,2.254736449879686e-5,0.0010124742060843852,0,0.28716184596647876,0.011169986873774448,6.662537823111066,6.572358418330514,6.493608111858019,6.75791713035961,6.871691288438325,6.8843680312580045,6.70708013389259,0.1592585905049977,0.2102019910527289,2,0.30325737007675824,0.9549809688327494,0.08660049943146675,0.2996640031623074,0.0010350215705831822,0.05505397649134462,0.11611807058680254
1454,5.164661559095116,0.023680615332868866,152.39077839999985,0.47170597855528373,0.0030851970591685186,-0.011374975725491832,-8.344248026941623e-5,88.3440910960069,G01454,84.89079434929477,41.25481646431225,10000,-0.6869176101278175,7.034359888596968,-8.892560742118143,278.1818181818182,85.36363636363636,2,125.05371232466264,200.1818181818182,7.090909090909091,200.1818181818182,7.454545454545454,14.093077659606934,44.985809326171875,651.8502752130681,12.622772650285201,-18.688477082685992,31.311249819668856,7.034359888596968,-8.156954548575662,4749.454545454545,172.470498135979,26777.86220472441,44802.47244094488,122120.46062992126,57.215948288119925,0.0013789129103647995,2.529469556064246e-5,0.001549672565163829,6.876227855164717e-7,0.5027601670009487,0.022910101501187295,6.3709456509094995,6.348183116132784,6.2825666006370735,6.498049177132972,6.568861434673671,6.559525555596087,6.438021922513681,0.12018483809169886,0.21684833366646045,2,0.31284601560563774,0.9510717856612797,0.09356878441979688,0.5270498690352864,0.0015749672607244713,0.05301856825911528,0.10592386406346968
1455,5.197481991443838,0.023762149994638732,151.4373130999999,0.4833191118333785,0.0036794067128842582,-0.011195454210972724,-8.232536636305266e-5,88.42074236121559,G01455,85.7891096334143,41.25481646431225,10000,-5.868472862243652,2.2949583530426025,-14.186808586120605,277.8,81,2.6,113.7005630493164,188.2,10.2,188.2,11,12.182220840454102,40.40133438110352,676.91290283203125,7.414549922943115,-22.735850143432618,30.150400161743164,2.2949583530426025,-13.159808540344239,5590.6,167.63740632686964,26047.738095238095,42878.38888888889,146217.6984126984,32.65905353420875,6.210835548386379e-5,1.511096623755065e-4,5.130221961996727e-4,1.5731070433510314e-5,0.1697256525834385,0.011071671050000462,4.712188812596735,4.581923163719927,4.469761251025946,4.719452034749032,4.7731969841401085,4.7547946416249784,4.668552814642788,0.11824184372726639,0.25952636741514024,2,0.37441740324974987,0.9349251502831186,0.12218665567465326,0.18087516305935633,6.641318585751793e-4,0.053130089089098484,0.10497294411096808
1456,4.985490384698556,0.019755191692960302,113.76846560000016,0.23976343554246204,-0.0027896860518271944,-0.012482413907644018,-1.8445412562955685e-4,91.89269278223409,G01456,86.68742491753382,41.25481646431225,10000,-0.63498869833226,6.465628484884898,-8.196527818838755,386.25,87.33333333333333,4,88.1957181294759,224,13.416666666666666,224,15.166666666666666,12.764397621154785,44.03329531351725,601.0115051269531,11.522208452224731,-17.43581263224284,28.95802116394043,6.465628484884898,-7.125350654125214,4748.666666666667,413.87291271450454,31926.86046511628,51706.53488372093,291759.2744186047,93.18855004365182,0.08039622282520588,3.2808088333567497e-4,0.0017967760445087844,0.001011751242215136,0.34059788247318323,0.006473636009076212,6.849757027521136,6.848835854185324,6.786953893945666,6.911922599569389,7.003561249923893,6.983028372876716,6.897343166337021,0.08442746848351493,0.6044676373981357,3,0.5502101547862306,0.7909764099838952,0.3392478269093737,0.42847949254968043,0.0021248569278444593,0.04980122064679644,0.1117447483864196
1462,3.6341772031558537,0.013216626408825758,75.44143490000005,0.057442701213284035,2.655220574488469e-4,-0.004496497352009115,-2.3885672988887242e-4,117.86393681158754,G01462,92.07731662225093,41.25481646431225,10000,8.713347673416138,14.816760301589966,1.75123954936862,1500.875,301.625,11.5,85.2432804107666,842.5,47.875,842.5,62.5,9.568174481391907,39.70764493942261,543.5094985961914,19.145406246185303,-4.95484384894371,24.100250244140625,14.816760301589966,3.224281169474125,2761.875,620.1961527268151,34470.20111731844,56950.82122905028,347849.0502793296,276.2362789786661,0.7126199225301146,1.0867787219460962e-4,6.71740123141784e-5,4.634257210666116e-6,0.14755043159836706,0.0027035892898324243,3.0506467867110456,3.116930859573447,3.1690737282730796,3.282197772374756,3.2831530175597106,3.281982057372357,3.197330703644066,0.10051119706710983,0.48011286536866643,2,0.6926564499343656,0.8256952263061703,0.2889891882244793,0.8628785776755248,1.7585188450878802e-4,0.02858172406065493,0.0618742166693815
1465,4.513520530040324,0.016097430422365368,110.89249769999981,0.23051144906397109,-0.003414792287311876,-0.008015252276394387,-2.3080154676899834e-4,103.73526672891106,G01465,94.7722624746095,41.25481646431225,10000.000000000122,5.528340113162995,12.263495826721192,-1.7753437608480453,751.55,140.85,9,67.49018745422363,356.55,39.8,356.55,49.9,9.964219903945922,39.417544555664065,579.3684875488282,16.65308756828308,-8.617162537574767,25.270250129699708,12.263495826721192,-0.5607333153486251,3394.25,337.21988375539183,31577.38345864662,53738.05513784461,192588.62656641603,203.7334687886931,0.7258726021446406,0.006759483435418542,0.002848654970619226,0.0033281384053936267,0.174485428983172,0.005371666681223278,6.460717496745343,6.566364025518789,6.416844206407784,6.576665876637255,6.780831716256632,6.755429622787342,6.592808824058857,0.14911050915835666,0.606090408622398,2,0.8744036268498991,0.790137680286378,0.33949664847020045,0.9090578362144294,0.009608138406037768,0.04076726612073073,0.08133125956850926
1466,4.638148702077032,0.016055648030408837,132.26228709999992,0.18275971161725474,-0.0030309946617706023,-0.008816838933541878,-2.2145232017306001e-4,100.12542138751562,G01466,95.67057775872902,41.25481646431225,10000,5.87428035090367,12.32028297583262,-1.287720459823807,725.4166666666666,145.16666666666666,6.458333333333333,76.52578353881836,372.7916666666667,29.791666666666668,372.7916666666667,33.166666666666664,11.176123261451721,42.80134661992391,559.9288126627604,16.97530202070872,-9.140729114413261,26.116031010945637,12.32028297583262,-0.37723781789342564,3488.0833333333335,475.98364208891877,29579.633971291867,51389.416267942586,159834.57894736843,149.03167560483973,0.718631126530011,0.005348480080870066,0.001728696510650771,0.004173910479288123,0.22993277913923962,0.00391563206332346,5.684857107202972,5.79202665255952,5.886471302890559,5.981708268415742,6.150524846223264,6.1767936554741905,5.945396972127708,0.19586530609953648,0.6468362145547167,2,0.9331873990054794,0.7456763415364367,0.38697415994582285,0.9566534482118623,0.007077176591520837,0.042741104491791325,0.09067678690483792
1468,4.371640408120189,0.014910997443209405,122.36141710000003,0.1810598682593413,-0.0030556280029279854,-0.007453535762389457,-1.9594477571498425e-4,100.67834267550582,G01468,97.46720832696808,41.25481646431225,10000.000000000004,11.93033699989319,17.528864526748656,5.4041042029857635,905.25,198.85,4.8,95.260697555542,527.1,18.1,527.1,18.1,10.86134901046753,45.190440559387206,495.056884765625,22.094400119781493,-1.9373249799013137,24.031725025177003,17.528864526748656,5.4041042029857635,2492.55,467.8413445648113,28931.395683453236,50397.60431654676,132892.26378896882,314.2761177685355,0.5949173487644746,0.094531140486492,0.01234244642016305,0.010806228083682597,0.23589467829394856,0.012948274869187927,11.057752198053151,11.341561327394437,11.691864244695978,12.0025794655484,12.529716383003473,12.718652454880141,11.89035434559593,0.6544088146327024,1.034184675651606,6,0.5771894572976163,0.61877733027365045,0.5467754567231882,0.8545665300112936,0.10687358690665505,0.04052995463186998,0.08265436460789227
1471,4.162902242507487,0.015049466778634082,115.52946330000029,0.32073117719903643,-0.0016232080582431866,-0.005910279257397419,-1.1554853632528167e-4,98.49233499484127,G01471,100.16215417932663,41.25481646431225,10000,14.74991281827291,23.012199719746906,5.557368030150731,1008.625,175.375,16.166666666666668,74.12068621317546,503.5416666666667,51.875,503.5416666666667,51.875,7.38550607363383,27.85708459218343,701.8636678059896,27.867093722025555,1.3632499926146313,26.503843625386555,23.012199719746906,5.557368030150731,1035.5416666666667,299.65849826045337,24072.91478696742,43090.448621553885,55958.260651629076,547.9905461239666,0.7609524936823424,0.15503401867400624,0.00785189376404945,0.0030275553427697322,0.03911938026428512,0.0020247417633373105,13.684224542626554,13.720544190955266,13.683443309822364,14.006754757341941,15.094994050451335,14.688067435366984,14.146338047760741,0.6036593864644192,0.6821989992095935,3,0.6209642894461428,0.7860997593519201,0.354683667965239,0.8051241710527346,0.1628859124380557,0.039609754136262006,0.0666522485374454
1476,3.904346659731259,0.013793529748047578,60.638545000000114,0.31178111912399614,-3.0213985523379854e-4,-0.003964770225168841,-1.4969708186242657e-4,105.74600383545673,G01476,104.65301825389886,41.25414743364127,9979.634263328453,15.720223069190979,25.15349825223287,5.728215306997299,1278.875,213.79166666666666,29.666666666666668,58.83997551600138,566.9166666666666,101.04166666666667,493.5833333333333,101.04166666666667,7.741343796253204,26.425590833028156,789.4117813110352,30.420229355494182,1.1323125082999468,29.28791681925456,22.068673849105835,5.728215306997299,647.75,215.9175063889387,25004.01754385965,44496.814536340855,62845.03258145363,566.7721332793182,0.7393107626216089,0.09943969510036414,0.02038704379464297,0.00130883424034966,0.09651110668845063,0.003788893269185713,15.05450373474507,15.118984104527875,15.094786386951657,15.687056631881706,16.665514029472043,16.562987647599396,15.697305422529626,0.7480130218086619,0.779793727719258,4,0.5625022719484462,0.7695171296924181,0.386571844386293,0.8409195968195949,0.11982673889500711,0.03512954579725467,0.054187320806285987
1477,3.766227185075844,0.0139002734352077,59.10287480000031,0.3446259708789956,-1.706164517017193e-4,-0.0034185189206057992,-1.5082681742911906e-4,109.34291613659474,G01477,105.55204588404376,41.25481646431225,10000,16.86147985458374,26.61130428314209,6.549658298492432,1342.5,229,34.05,57.786420822143555,611.1,127.9,493.3,127.9,7.85557188987732,25.99555015563965,816.4043212890625,32.01375036239624,1.795649978518486,30.218100357055665,20.944504165649413,6.549658298492432,311.05,81.45032389842224,25418.13157894737,44869.17224880383,78382.07655502393,618.2252681300962,0.8580794445406028,0.06071820663083842,0.012004093557677505,3.045906441397799e-4,0.01870756338368601,0.015366364525422777,12.476489297716082,12.68353126858966,12.62185239366394,12.867593057175363,13.739057889206535,13.473410983751199,12.97698914835046,0.5102726038942332,0.47802957868158946,5,0.2970164769876842,0.8890354239346566,0.20487458300058203,0.8924579630938514,0.07272230018851593,0.03314919504621052,0.04708349231753542
1479,3.7238970500440365,0.01310656760555375,74.84937960000012,0.32702525474343197,-6.730778384272731e-4,-0.0035393785431242154,-1.4491669152180705e-4,105.44724130423617,G01479,107.34867645228282,41.25481646431225,10000,16.67936595280965,26.823564449946087,6.09386283159256,1411.9166666666667,206.25,45.041666666666664,47.134203592936196,601.2916666666666,180.70833333333334,449.0833333333333,182.375,7.760445435841878,24.830511808395386,842.1835606892904,32.43627111117045,1.1833124980330467,31.25295877456665,20.8572674592336,7.092649340629578,326.2083333333333,131.0472796083674,26546.184210526317,47156.34449760766,94697.67224880382,701.7082284583574,0.6822924661406972,0.148224678349862,0.04577448347834497,6.88791424217003e-5,0.06190096488254945,0.008854288493591888,14.5797955558147,14.952351043764937,14.944438896541831,15.806271418938607,17.555275525337308,17.086222014987563,15.820725742564155,1.2387262550151932,0.8956111062924724,4,0.6460468508066142,0.7203897291177277,0.4498512248501356,0.7531165986592603,0.19399916182820698,0.03418843967930145,0.051580771426472785
1480,3.873354901119154,0.013894281338493783,98.3158586,0.3971472094059315,9.652249374023543e-5,-0.0030880145397560524,-1.17231941976278e-4,99.06282613067852,G01480,108.24699173640234,41.25481646431225,10000,17.556287384033205,27.892506504058836,6.72229585647583,1398.35,201.1,46.65,46.70638217926025,595.7,189.45,417.15,202.6,7.596418786048889,24.184236907958983,859.4233337402344,33.32257480621338,1.9126624941825867,31.409912109375,21.862576961517334,8.72263126373291,80.85,25.140185905605808,26790.61004784689,47840.196172248805,130901.12918660288,626.6235759087981,0.48603893743463744,0.25347132545510914,0.11795884014825408,6.042982485955132e-4,0.006533031205715453,0.02743244644762529,20.000749467159558,21.18696953741352,22.140409773898686,24.169703879870237,26.070317802378057,26.76622088711644,23.389061891306085,2.7237012313010536,1.1039439726842792,4,0.7963272474054355,0.544862952624023,0.6038981780520932,0.5206087133365738,0.3714301656033632,0.037684441515529014,0.06374277029822575
1481,3.740547607304878,0.013383163371140214,84.44542339999997,0.3520568279134194,9.354404323668544e-5,-0.002912021485238223,-1.360446342007495e-4,105.14118063287084,G01481,109.14530702052186,41.25481646431225,10000,16.96244223912557,27.02322554588318,6.3221719066301985,1482.0833333333333,218.91666666666666,46.041666666666664,48.71700223286947,642.5833333333334,184.83333333333334,447.4166666666667,206,7.896289070447286,25.467788537343342,842.5198415120443,32.4185516834259,1.41284375389417,31.00570797920227,21.198321104049683,8.23945144812266,188.125,83.66460604310419,25477.2656641604,45621.746867167916,103052.19298245614,657.42003573581,0.6841264240199395,0.16775938025350748,0.066759193347389,7.358386624287285e-4,0.009452159389873033,0.010249375307843337,14.358818553695114,15.250309915441626,15.337236529726324,16.786465951504947,18.281738169051234,18.83768089405507,16.47537500224572,1.8008980784606372,0.8275953896292704,5,0.5142139272571392,0.7285052357071613,0.43209241578739144,0.7045637973800846,0.23451857360089648,0.03434040227699276,0.05328145058506427
1482,3.6373308458156473,0.013113739469871023,59.82644299999983,0.33459574443267076,-3.0736925608955905e-4,-0.0029633864730524468,-1.4512034575913453e-4,107.73736458943465,G01482,110.04362230464137,41.25481646431225,10000,17.204512310028075,27.201593780517577,6.537635421752929,1530.75,239.1,43.55,52.43064155578613,683.2,172.85,477.25,201.55,8.101083397865295,26.00139989852905,842.243896484375,32.72497501373291,1.5702499985694884,31.154724884033204,21.4511061668396,8.468108344078065,163.15,70.21341527237175,26108.641148325358,46598.638755980865,110790.71291866028,698.4909405331363,0.6743794831521396,0.17896442503697968,0.05292516569585614,2.298148158242094e-4,0.011057358685809615,0.01638391811651084,14.31679823649461,14.903119114300496,15.258577746718403,15.795823254632152,17.09316686520767,17.512348488637304,15.813305617665106,1.2570436704418675,0.8398929316279339,5,0.5218548197101228,0.7220799662137314,0.43822182106170804,0.7020505747702842,0.23188959073283583,0.03284076821043426,0.04890137016118718
1483,3.4688927288834717,0.01272041427990392,61.35915660000034,0.274649365958819,-0.002011218970954443,-0.0035672084123780554,-1.754913038210308e-4,112.08401468888388,G01483,110.9419375887609,41.25481646431225,10000,17.778446865081786,27.970733547210692,6.8750687599182125,1584.1,270.8,42.8,57.65146770477295,734.85,169.45,521.2,206.55,7.880447912216186,24.99272346496582,859.8504943847656,33.38821220397949,1.8585749804973601,31.52963705062866,21.976508331298827,8.872874975204468,82.25,66.55577399919243,30006.56140350877,52303.654135338344,210399.94987468672,727.9305203541226,0.3645437135259364,0.4447993761923396,0.04411110145243711,2.3182261283807848e-4,0.009097212497288754,0.03811226120306159,16.55442859257914,16.985960066059825,17.26401212195946,18.010769458489058,19.675970834434292,20.092273381799043,18.09723574255347,1.4689795930316065,1.044601276423382,5,0.6490472657274091,0.49373027434582184,0.5882028960728167,0.4119850098391248,0.48891047764477674,0.0307398089271801,0.04594976047284037
1484,3.413332344422228,0.012776031704430863,62.991702100000154,0.2730086265600246,-0.0019050036372579929,-0.0033293474735668653,-1.7260537431349593e-4,113.52267159781688,G01484,111.84025287288041,41.25481646431225,10000,18.089656273523968,28.03257457415263,7.394331594308217,1684.5416666666667,308.375,45.458333333333336,61.869024435679115,809,174.33333333333334,561.9166666666666,222.04166666666666,8.19253126780192,26.097869396209717,841.0127716064453,33.58823935190836,2.1927916457255683,31.395447731018066,22.189562797546387,12.534354090690613,75.25,31.400983091782887,29405.655502392343,51640.30861244019,194601.61483253588,725.7477091417559,0.4539946784707428,0.3751149026259666,0.04852929828936863,6.3389863742692e-4,0.011986091634305914,0.029120029293738903,17.017122772900862,17.412836132889428,17.635473693078996,18.291106146144198,19.69294168232502,19.953113219900807,18.333765607873218,1.2280665430392297,1.0404159393106562,5,0.6464467695663637,0.49380584978453795,0.5857245033834504,0.49573469803621456,0.4236442009153352,0.029853728263471758,0.04407370643428212
1485,3.4182320682963327,0.01265734385502315,57.03715880000005,0.19336894611305497,-5.057241818830239e-4,-0.003168969587045678,-1.6770410204459718e-4,115.95605192836875,G01485,112.73856815699993,41.25481646431225,10000,17.18075466156006,26.44159574508667,7.142335391044616,1838.45,332.85,49.9,61.775362968444824,883.6,185.2,601.85,243.4,8.287505292892456,27.616878509521484,786.86761474609375,31.880249881744383,1.8637750081717968,30.01647481918335,21.01116065979004,11.791987562179566,354.6,270.29484875438874,26228.35588972431,46256.44110275689,113198.78446115289,641.2329180827508,0.738400691930043,0.15569160828127904,0.02235475632779095,2.0805068215743667e-4,0.013012582875332818,0.016582358665160696,11.52615590774718,11.828888069820234,11.940945037589088,12.296434920544346,13.120745694415358,13.435490159835174,12.358109964991897,0.760580711757986,0.7106227117575159,5,0.4415347161064301,0.7803441520518739,0.3629367342307881,0.7682036841526939,0.17804636460906997,0.028320503800663498,0.046619230983062664
1486,3.4278068505913963,0.01271353321703606,57.16584580000014,0.2057459521271646,-1.239164898977197e-4,-0.002984318796860728,-1.5915252310011612e-4,115.6310436131721,G01486,113.63688344111951,41.25481646431225,9999.999999999649,16.30809540748596,25.15111036300659,6.6945312261581424,1847.6,334.75,46.35,61.33897590637207,879.2,179.4,612.65,233.45,8.327588629722595,28.564770793914796,752.1558288574219,30.514862728118896,1.3641749940812589,29.150687789916994,19.96241874694824,8.869920873641968,578.6,269.23857547965855,24988.25119617225,44442.12918660287,76983.13157894737,653.4441675069057,0.8149261877222854,0.09651590750326855,0.018052798812241824,4.9808165515737267e-5,0.028901908531188705,0.0077442400522652445,11.12930876411546,11.252069289422836,11.116591964251356,11.659365923532837,12.139594165070157,12.548004128186315,11.64082237242983,0.5932433824823963,0.5922654581154746,4,0.42722921965651267,0.8434422526964462,0.27731835272457794,0.8516221444712551,0.11456870631551037,0.028387423452757743,0.04588716091588395
1487,3.4611845616638313,0.012960144922196085,47.45434910000021,0.22355262650419816,-4.916543994478263e-5,-0.003070920904382534,-1.6301660626648166e-4,116.34824753036739,G01487,114.53519872523898,41.25481646431224,10000,15.471686244010925,24.199677149454754,6.049536486466725,1788.25,320,39.333333333333336,57.05941994984945,785.5416666666666,165.20833333333334,635.875,206.04166666666666,8.355971336364746,28.844168265660603,737.8180033365885,29.656260410944622,0.6926145742957791,28.963645776112873,19.028218746185303,7.806930581728618,696.3333333333334,217.54173346073495,24508.872180451126,43970.30576441103,67296.91979949875,622.1622026761153,0.9092474075339255,0.023417748556453413,0.00827784601934523,3.839181294235501e-5,0.03727572127466127,0.0046261793322245415,8.64974014649446,8.677038267639253,8.3344037139705,8.449509496783236,8.624355202875222,8.62844204873722,8.56058147941665,0.13687729031422938,0.35102078357956207,3,0.319512886575407,0.9250817595481955,0.142124699800538,0.9511876999537537,0.031695594575798645,0.02845133562191666,0.044296640312859986
1488,3.527188238380333,0.013174697454417916,59.7225393000003,0.24939866630677415,-3.9068359026320714e-4,-0.0032076072479324965,-1.6883490377226756e-4,115.04055151536652,G01488,115.43351400935852,41.25481646431225,10000,15.647922372817993,24.495831108093263,6.288429164886475,1670.8,265.2,37.9,51.6530782699585,653.75,159.6,608.3,182.55,7.916007256507873,27.678697299957275,742.2088134765625,29.788062572479248,1.1889499954879283,28.599112510681152,19.097027111053468,8.216812467575073,547.25,165.1270244706369,25477.155502392343,45134.26315789474,90774.3995215311,600.5344846949753,0.8712508090915325,0.02851693960875818,0.015114113051617695,9.892787486208116e-5,0.03710211503369466,0.01998237818267216,10.127431579320321,10.422418259527417,10.425365242706686,10.880809785761576,11.7581904290098,12.542357006835669,11.026095383860245,0.9369119249938898,0.4718414817702097,5,0.29317159619820354,0.8962883712329089,0.19368536717170848,0.9284342301827614,0.043631052660375876,0.02952337003294126,0.04487192699552996
1489,3.7680976698110102,0.0135839839559057,75.4109098999999,0.3001194756554757,-5.6531490789468065e-5,-0.0029373193966437416,-1.4689858845626252e-4,103.2866347347591,G01489,116.331829293478,41.254816464312285,9999.999999999944,16.698692067464194,25.643300120035807,7.416960207621257,1543.3333333333333,223.4,43.666666666666664,47.97459284464518,564.2,171.26666666666668,532.6666666666666,176,6.9454750696818035,25.477266057332358,748.082686360677,30.08781483968099,2.8706281423568725,27.217186609903973,21.489950307210286,9.0586075146993,208.86666666666667,135.12632537564176,28902.05078125,50110.83984375,211015.26953125,561.3248228340054,0.6121598460683028,0.10915054580334696,0.12167520375163207,2.816295156053226e-4,0.04583468101320514,0.054021475831166205,20.017028282882077,21.01935885291664,21.614485420336813,23.009361494791236,25.25795207266958,25.89048339691535,22.801444920085284,2.3646350677618577,1.1075089374692124,5,0.6881339931866184,0.6490771597466019,0.5430174843277578,0.7122976324282794,0.23082574955497903,0.03529275122043624,0.059606617823823864
1490,3.86885236605516,0.01417910226861433,99.47533450000016,0.3116049262138539,3.465539531753442e-4,-0.003194660902790785,-1.1639614300949863e-4,96.19259932733523,G01490,117.23014457759756,41.25481646431225,10000,17.00928497314453,26.113096237182617,7.729762077331543,1485,202,57,40.07596969604492,505,193,475,193,5.343809604644775,20.878915786743164,752.96527099609375,29.46000099182129,3.8657143115997314,25.59428596496582,19.14666748046875,7.729762077331543,40,NA,30261.260869565216,52196.65217391304,231413.13043478262,527.2194457078343,0.42101688336190296,0.179956132817829,0.17622756153809763,2.669552679283344e-4,0.026403174572888845,0.12156305917012104,24.003964585843292,27.02260717931001,29.289652673057887,30.848891100676163,32.36933187401813,32.47150577876879,29.334325531945712,3.3198149792248453,1.3630203623026682,5,0.8468921676147467,0.4549400491945712,0.7008850034992142,0.5692500723728412,0.3561836943559266,0.0384695546305704,0.06951840990013211
1491,4.860500535605681,0.017957896508628054,132.64730429999972,0.37226513788595034,8.490908168454278e-4,-0.007184299199926186,-2.167126736399155e-4,103.75824811837796,G01491,118.12845986171706,41.25481646431225,10000,NA,NA,NA,NA,NA,NA,NA,NA,NA,NA,NA,NA,NA,NA,NA,NA,NA,NA,NA,NA,NA,NA,NA,NA,0,0,0,0,0,0,1,NA,NA,NA,NA,NA,NA,NA,NA,-0,1,0,1,0,1,0,0.04249573242427784,0.0760916728414204
1492,4.670615073161532,0.01751327781052959,112.36682119999985,0.23233763949249756,-0.003977779822665209,-0.009170619039335784,-2.6808994921485965e-4,105.03375374979363,G01492,119.02677514583652,41.25481646431225,9999.999999999933,3.1203229427337646,9.417437553405762,-3.7206459045410156,602,126.5,4.5,81.64834976196289,323.5,21,323.5,31.5,11.474937438964844,44.97981262207031,539.28680419921875,13.796249866485596,-11.720999717712402,25.517250061035156,9.417437553405762,-2.531229257583618,3943,311.1269837220809,36043.833333333336,58187.416666666664,330830.3333333333,70.1326547835632,0.3382749222678021,5.596330287383545e-5,0.004917431218560824,1.3149847007365129e-5,0.4998529051752357,0.003143119286402771,7.795273955345154,7.772197448730469,7.445691824913025,7.91429892539978,8.662866536140442,8.874866541862488,8.077532538731893,0.5616270517545947,0.7290341333942676,2,1.051773928886693,0.5906629015794675,0.49128530658821423,0.8412840965764479,0.004973394521434659,0.0414286750722473,0.08670094796393082
1493,4.878777298408451,0.017693504160533474,134.08186199999977,0.21797770182829052,-0.0037503599904534814,-0.010754885846196141,-2.3030127161014464e-4,98.1690041430125,G01493,119.9250904299561,41.25481646431225,10000,1.1782707870006561,7.6869378089904785,-5.845375180244446,526.5,127,4.5,95.43900299072266,311.5,16.5,311.5,22.5,11.770729541778564,44.812461853027344,556.3599853515625,11.91587495803833,-14.352750301361084,26.268625259399414,7.6869378089904785,-4.653520941734314,4259,401.636651713959,32198.428571428572,54698.333333333336,207536.64285714287,73.82472116569097,0.3511508711176317,1.4705882100327537e-5,0.0017653594783548882,5.697167772171494e-5,0.5537827886569027,0.003258823535991551,4.400214977572906,4.4691771288964315,4.401617928563962,4.605478707580459,4.6950237308373435,4.7456566435710625,4.552861519503694,0.15055051675209397,0.7027753508530873,2,1.0138905135347505,0.6085327742386922,0.48077749734526476,0.9082494549882477,0.0017800653604552158,0.04572372966444271,0.09911245602197165
1494,3.9401787477362658,0.014290971359418642,106.91218109999978,-0.025874777654968376,-0.0021316237997316364,-0.005864026863042201,-1.2782252256267115e-4,99.73425556439564,G01494,120.82216989505226,41.25588716926287,9967.096521502193,11.974517583847046,17.161963641643524,5.837888024747372,1267.125,257.8125,5.6875,84.51403045654297,710.8125,32.875,684.125,38.6875,9.521384239196777,43.272751569747925,463.60828590393066,21.383828163146973,-0.6108281053602695,21.994656324386597,17.152640640735626,6.92345573194325,2465.625,1058.9094311287124,30439.01395348837,52040.2,137121.26511627907,533.4237114447449,0.848422558314202,0.006034835885644284,0.0013418544951341316,7.886516384045457e-5,0.11159179523953436,9.701067608646952e-4,5.8629396307260135,5.963574864360804,6.0476038517834345,6.145049458968798,6.228175669081532,6.555256863353431,6.13376672304567,0.2434875400012294,0.4133495639429717,2,0.5963373660541408,0.8760713564293025,0.2191796323337507,0.9610633254784415,0.007376690380778416,0.035799024318194705,0.08994576781708281
1495,3.3051798845992786,0.011767699305877765,52.91775320000032,0.07605295034466705,-5.768891966882314e-4,-0.00319773216370328,-1.380407427623384e-4,112.33936819881411,G01495,121.71997996611455,41.2651205477055,9652.613996065755,17.711252432603104,22.618640973017765,11.493722677230835,1845.4615384615386,374,5.8076923076923075,90.60435808621921,1056.576923076923,43.65384615384615,1049.6153846153845,49.15384615384615,8.994314120366024,42.231600101177506,455.18687321589545,26.58418266589825,5.2817884391317005,21.302394280066856,22.618051235492413,12.52222594848046,1373.9615384615386,688.9395608190448,29851.768361581922,51265.16384180791,137399.66949152542,843.6930352452764,0.9607948000989506,0.014171679433575703,7.809095013869943e-4,7.563710036751212e-4,0.011416873034308843,0.0024919968445874046,4.9586064665655885,5.191411004448946,5.365622630391822,5.510239601113363,5.6204182168924985,5.668163184046447,5.385743517243111,0.27237782341076733,0.167842219553438,3,0.15277657212165324,0.9700954643318397,0.058569630001355955,0.975460040981522,0.014952588934962697,0.028203897940556107,0.05598541053437668
1496,3.100423101110917,0.011474378190235503,25.068592499999873,0.06513162663609108,-4.545774535149646e-5,-0.003018561449022699,-1.582756976993954e-4,121.2892415165804,G01496,122.62003628231469,41.25481646431225,10000,19.097539493015834,23.987785475594656,12.865752833230156,2297.5714285714284,444.14285714285717,9.785714285714286,88.25554275512695,1261.4285714285713,57.642857142857146,1261.4285714285713,70.42857142857143,9.12297773361206,42.177355085100444,455.294180733817,27.78274999346052,6.149749943188259,21.633000101361954,23.987785475594656,13.931714262281146,1072.2857142857142,587.1058649879907,29197.590308370043,50248.87665198238,114776.50660792952,768.142562007199,0.9395870916923439,0.02347120214023151,0.005585525575467447,4.6603132747950293e-4,0.016450217008488605,0.001960181171345512,6.214444140909351,6.472915159007181,6.764533858491858,7.340511387389614,7.731174459159739,8.431988883251952,7.159261314701617,0.8365801813833018,0.24966734838012355,3,0.22725701410349683,0.9514610892529445,0.09384323958498686,0.9584635211996575,0.029056727715698956,0.02385504585373908,0.046530392415616385
1497,2.711825319351187,0.01120776224484651,22.212169700000203,0.06654980742773675,-0.0012661806517940749,-0.0035057176239994214,-1.5130044037243998e-4,129.26583754598522,G01497,123.51835156643419,41.25481646431225,10000,22.285880088806152,26.971166610717773,16.11562442779541,2917,548,16.5,85.78974151611328,1552.5,75,1552.5,102.5,9.23061466217041,42.458120346069336,445.5314178466797,30.86412525177002,9.125374794006348,21.738750457763672,26.971166610717773,17.183833122253418,391,106.06601717798213,29248,51360.333333333336,117424.66666666667,1015.460710797991,0.9995999932289124,0,0,0,3.9999998989515007e-4,0,1.3752201994260151,1.5409843921661377,1.6571553548177083,1.5844189922014873,1.6618921160697937,1.6618921160697937,1.5802605284584892,0.11210859979965947,0.0035295383358384274,1,0,0.9996000000073924,7.996799852272307e-4,0.9999999932188075,0,0.019774383099040234,0.03512759882521974
1498,3.98545313374702,0.015479792618887414,76.43565230000014,0.21767834902719685,-0.0011230165062390178,-0.005048043825082235,-2.541233756413834e-4,115.62290140765289,G01498,124.41666685055372,41.25481646431225,10000,8.397117018699646,14.590615034103394,1.552072912454605,1087.75,191.75,16,63.95330619812012,511.25,65.75,511.25,91.5,9.132421970367432,38.76001167297363,538.8291473388672,18.737563133239746,-4.824750125408173,23.562313556671143,14.590615034103394,2.8596250414848328,2875.5,216.30302818037475,33513.71111111111,56163.75555555556,222788.44444444444,213.50976232492414,0.8365682417588247,4.1098901371927014e-5,2.0505494561563195e-4,8.593406529034038e-5,0.15776318713375317,0.0015009889876867188,4.987031041328504,4.829425539671038,4.340611766806632,4.603402147289527,4.713761272540898,4.707782199297251,4.697002327822308,0.21809395008955526,0.4512406825311032,2,0.6510026949349738,0.8397892485571508,0.26967044390244976,0.9959183519455549,2.4615384698755896e-4,0.03281912748928211,0.05883617077475458
1499,4.263519743481365,0.015499758635176069,104.51939280000006,0.2678612271661835,-0.0017829067533807067,-0.005957273582142226,-2.260162093247618e-4,108.29678497299291,G01499,125.31498213467323,41.25481646431225,9999.999999999985,9.499999980926514,15.69556495666504,2.742601687312126,930.4,157.72,12.92,61.323857116699216,414.2,56.16,414.04,80.92,9.956383361816407,41.45963882446289,531.9102844238281,19.82462989807129,-4.188770017623901,24.01339988708496,15.616294975280761,3.768603310585022,2864.96,251.60575642593452,30201.542857142857,52284.18095238095,160157.14285714287,256.8812235067244,0.7951648146424724,0.028496431308619806,0.0025820119602586703,3.949363432580126e-4,0.15025290317901546,0.00561242284259025,7.990966433204124,8.093585414257033,7.727793209829319,7.820919117862729,8.08911536712535,8.056590908804413,7.963161741847162,0.15362816804713147,0.6093289749190957,3,0.5546351348916811,0.8093251558212484,0.3207247055339897,0.951425077007336,0.031078443268878476,0.037174085156891745,0.06662315012637887
1500,4.542837018109015,0.01574534580429208,120.25257269999999,0.22927611105862666,-0.0025046450274987357,-0.007781102239892541,-2.1887029170862527e-4,101.78951560066724,G01500,126.0842883269079,41.320702301277144,6388.239945683091,9.550540248552958,15.457347106933593,2.9348027852674323,790.8666666666667,142.86666666666667,9.666666666666666,66.9640661875407,374.43333333333334,42.8,374.43333333333334,52.8,10.934433364868164,44.51094576517741,513.6941741943359,20.016633478800454,-4.556708321968714,24.57334181467692,15.457347106933593,3.653012498219808,2967.633333333333,382.9558796351434,29024.920454545456,50258.93636363636,129558.29090909091,179.68922666970744,0.7215783780344831,0.03839223127339618,0.008914622291654963,0.003969236767853627,0.17949035243278016,0.012296251960095535,8.683453352444358,8.919974529747739,8.884540591468927,9.065434755644098,9.381433271843783,9.37825705547403,9.052182259437155,0.28158488948020494,0.7798728177553448,4,0.5625593233498691,0.7480278400024261,0.40398364498404316,0.9173342191952125,0.04730685356505114,0.04141429871615088,0.08232998863952432
1502,4.314548802885729,0.014993642838360372,112.99348820000009,0.21746144956631006,-0.0029379813823340994,-0.007025177034561381,-2.1100759207839083e-4,103.3154339793952,G01502,127.89547759389878,41.4968853546392,2080.8408801781447,13.834032135009766,19.081206703186034,7.5602734184265135,894.12,197.08,6.68,93.60885803222656,521.12,23.92,521.12,23.92,10.913152542114258,46.252145233154295,474.73414306640626,23.71880989074707,0.13752001106739045,23.581289825439452,19.081206703186034,7.5602734184265135,2218.8,381.3041218415208,28923.204545454544,50675.83863636364,125633.90909090909,283.45992495656964,0.6455492479353955,0.12460661649612768,0.0051464409798925624,0.0015664158995036814,0.1895389274078132,0.011935281650525167,10.766920421089258,11.095722686718604,11.09518417718678,11.31061524397478,11.721399203816045,11.756892169099213,11.29112231698078,0.3882834342277975,0.9464306260161057,4,0.6827053853494365,0.6598394365580427,0.5106779048676682,0.8485898728932375,0.12975305747602026,0.039188903091173434,0.07625992774513056
1518,3.5793096920209755,0.013632843445699696,63.42262680000014,0.2714463739791731,0.0010040429025561961,-0.0027579137506713214,-1.4800379224847417e-4,115.88002598006776,G01518,77.7042720763386,40.575989819444416,10000,17.380180168151856,26.713510958353677,7.1994194984436035,1737.3666666666666,305.26666666666665,46.13333333333333,61.352151743570964,832.7,175.3,563.3333333333334,223.6,8.3089812596639,27.400888697306314,795.1259460449219,32.21651674906413,1.8907666643460592,30.325750160217286,21.40334326426188,10.161044470469157,315.3,133.6230286780817,25036.175,44347.39318181818,68813.60454545454,654.617321096842,0.81293425932153,0.09766920323422892,0.01411111115013132,3.2991898292409504e-4,0.040885619247047894,0.010494830233066446,10.220751148440351,10.392434286045154,10.386512371766411,10.592929763298766,11.031382273852833,11.021325153733656,10.607555832856196,0.34519651805223545,0.6283803489835162,5,0.39043466301421914,0.8325619555720919,0.2947572962349684,0.8646446277845684,0.11178031438436024,0.029578162537264866,0.043442793656653704
1520,3.590593350322743,0.013803879581432003,65.70314649999999,0.294436564745923,0.0013538503049912412,-0.0025353310363973145,-1.3950157759622475e-4,115.58583641978832,G01520,79.50090264457765,40.575989819444416,10000,17.93533935546875,26.360996475219725,8.638415069580079,1743.04,322.32,43.96,64.07505828857421,851.08,165.48,579.6,216.16,8.742802619934082,30.364717712402342,723.0390966796875,32.15435974121094,3.3643499994277954,28.79000961303711,21.40506980895996,11.25227840423584,366.32,94.53161728578786,24014.129545454547,42819.93636363636,62780.9,663.5730102983803,0.8587092873780777,0.06117099882406413,0.01361541082776703,3.069119942909231e-4,0.03539735204294856,0.009430159636380653,9.87108387713814,9.848940993506542,9.762019218165507,10.00161179117811,10.45401680030241,10.854994561741888,10.132111207005435,0.4309297785106828,0.5148105368157808,4,0.3713573042307561,0.8774605126201909,0.22456114622152634,0.9038437110516978,0.07478640965183116,0.029685015002945007,0.043096194200509134
1521,3.6008127567598818,0.013477965968362832,69.17734879999983,0.22938107392284618,0.001535364472578304,-0.0027679179722777843,-1.540045601648346e-4,116.81903367205292,G01521,80.39921792869717,40.575989819444416,10000,15.921764659881593,24.169779205322264,7.0739693959554035,1782.4666666666667,314.8,39.833333333333336,58.95169614156087,787.8666666666667,152.8,647.1,197.1,8.217747163772582,29.7713446299235,696.6360127766927,29.50224183400472,1.9001499881347022,27.602091789245605,19.085511016845704,8.80064026514689,722.0333333333333,235.52399150556326,24707.754761904762,44230.223809523806,68338.38333333333,593.2335179652506,0.8297310857863152,0.03164700040156206,0.010492785508437952,9.799382784503456e-5,0.10020108994948726,0.006290190972265464,10.063492187730423,10.080460662612827,9.764599038484862,9.846732900546092,10.282117691436191,10.568321964211338,10.10095407417029,0.29354368971755934,0.5661665138370633,4,0.408402810915062,0.8479968129516258,0.26921177734583124,0.9363203605359129,0.04213978591000002,0.02909144308047449,0.045345936949043916
1522,3.6384531686378536,0.013513583656764278,67.62593849999993,0.26687658334696585,0.0010617666851705373,-0.002766570640488572,-1.4649066554965463e-4,113.67479870209652,G01522,81.29753321281669,40.575989819444416,10000,16.461523446169767,24.89093763178045,7.624826041134921,1689.3181818181818,266.72727272727275,38.81818181818182,54.95014554804022,663.0909090909091,146.86363636363637,616.1818181818181,180.5,7.659961462020874,28.206337928771973,707.9133245294744,29.931747783314098,2.784912163222378,27.146835587241434,19.274556853554465,9.633269440044057,488.59090909090907,193.20693546925253,25366.330827067668,44787.83458646617,99818.92731829574,643.4518353164227,0.8134936351295603,0.039928904551024456,0.023875181209240537,7.322760281919572e-5,0.056529650262657306,0.032099348815234394,12.997763858914158,13.115160228362894,13.291262435799187,14.318130560465303,15.956196272626123,17.94210715616823,14.603436752055982,1.9785364236090566,0.6477910790111162,5,0.40249522768567225,0.8421259619894129,0.2839757944685096,0.9021958618102712,0.063804085760265,0.030641408476171104,0.04653881701051009
1523,3.911282565157059,0.01430951309968881,75.94199040000012,0.34159803927843185,0.00126841520116842,-0.002659919569405028,-1.3200403039240834e-4,102.77667381515485,G01523,82.19584849693621,40.575989819444416,10000,17.423952484130858,26.07632713317871,8.484199142456054,1492.2,215,39.2,50.52220458984375,552,157.2,498.4,169.2,7.176174259185791,26.943260192871094,723.2005493164063,30.56847724914551,3.9418834686279296,26.626593399047852,19.9040283203125,10.756423950195312,149.4,78.04357757048302,29374.604166666668,50734.416666666664,218661.45833333334,554.7569322824427,0.4899262705366485,0.1402328195925402,0.12619506920592136,2.5439137204427155e-4,0.0574845147746794,0.11656494577667222,20.640984308786233,21.474567429846225,22.944024286856198,25.721392355018487,29.28812811760929,29.392038728937756,24.910189204509035,3.8420511902228847,1.3283141846505842,5,0.8253280069944748,0.5264299717080103,0.6622769976237387,0.6642301224600443,0.2664278887984616,0.036710076760320405,0.060757199098878376
1528,5.063687064045689,0.01847454237402245,129.72367829999985,0.3920418034122953,0.002745521191608127,-0.007058483629365094,-2.0067810780815369e-4,103.15930665953574,G01528,86.68742491753382,40.575989819444416,10000,NA,NA,NA,NA,NA,NA,NA,NA,NA,NA,NA,NA,NA,NA,NA,NA,NA,NA,NA,NA,NA,NA,NA,NA,0,NA,NA,NA,NA,NA,NA,NA,NA,NA,NA,NA,NA,NA,NA,NA,0,0,0,NA,0,0,0.04419776140929763,0.07812626429503833
1529,5.063687064045689,0.01847454237402245,129.72367829999985,0.3920418034122953,0.002745521191608127,-0.007058483629365094,-2.0067810780815369e-4,103.15930665953574,G01529,87.58574020165334,40.575989819444416,10000,NA,NA,NA,NA,NA,NA,NA,NA,NA,NA,NA,NA,NA,NA,NA,NA,NA,NA,NA,NA,NA,NA,NA,NA,0,NA,NA,NA,NA,NA,NA,NA,NA,NA,NA,NA,NA,NA,NA,NA,0,0,0,NA,0,0,0.04419776140929763,0.07812626429503833
1533,4.608304817565583,0.0159706443212775,119.18268280000021,0.2403199209913517,-0.0019843596519791957,-0.007769596552481357,-1.6726059964965623e-4,99.13365368807021,G01533,91.17900133813141,40.575989819444416,10000,13.505830574035645,18.690150038401285,7.386009764671326,829.5333333333333,139.13333333333333,12.2,62.82021840413412,381.3,53.1,378.6666666666667,61.86666666666667,11.347770849863688,47.5480042775472,465.20135396321615,23.521100171407063,-0.34139999567026585,23.862500190734863,18.689798641204835,7.90303061803182,2411.266666666667,386.83846163779896,28509.480861244017,49771.28468899521,129985.35885167464,333.96113448866,0.5994388337664257,0.17445822634945599,0.011746378506687843,0.003905889808151742,0.16033243771347364,0.012457311141325644,10.912872036219351,11.114154986778738,11.182898122798818,11.445665166948666,12.019876632304092,11.95746692589773,11.438822311824566,0.4591716320966216,1.0354210687274616,5,0.6433432819794207,0.6228977373102929,0.551043010222689,0.7761344724293767,0.18620460485614382,0.04315245367137908,0.08367687346925716
1535,4.65655463989464,0.01648326584504588,102.05636409999973,0.31649465967117524,-6.70452276590835e-4,-0.006794728862329272,-1.771488013183788e-4,102.31638131311706,G01535,92.97563190637047,40.575989819444416,9999.999999999967,17.32064292907715,22.205168533325196,11.158781681060791,813,177.76,6.56,93.47212982177734,477.84,23.4,460.64,23.4,11.485925788879394,47.01222305297851,463.39345092773436,27.687469787597657,3.260279992818832,24.42718978881836,22.19901351928711,11.158781681060791,1747.6,235.27094309894426,28621.373205741627,50325.77990430622,128449.83971291866,276.075789432942,0.42733181891586963,0.23328303424507607,0.013464245770878566,4.3021797917132106e-4,0.2493216436102261,0.010250540135372275,14.826797297640862,15.430069764484692,15.484311923918103,15.770617278405139,16.256463997694517,16.367963289750872,15.689370591982366,0.5730624170056956,1.170947183921051,5,0.727550391894348,0.45748879366038747,0.6567582207769356,0.6873342206406393,0.24674728001595464,0.04226676652914169,0.0755317715934358
1536,4.55601742791428,0.01564946533104111,104.20180519999991,0.23120784517861628,-9.368823656344071e-4,-0.006819562675582137,-2.0717656206179012e-4,103.85003775926326,G01536,93.87394719048999,40.575989819444416,10000,13.721880499521891,18.90399036407471,7.372712484995524,886.3333333333334,183.83333333333334,7.5,91.20690739949545,506.9,25.7,506.9,25.7,10.843044503529866,46.3078810373942,475.5085194905599,23.505266825358074,0.0878499982257684,23.417416699727376,18.90399036407471,7.372712484995524,2212.3333333333335,383.6170264580363,29791.95739348371,51949.06516290727,154283.10776942357,239.0083237286667,0.3774706404880416,0.16915029917063126,0.012890123497163867,0.0024118730724965497,0.366710503308146,0.00785673225643649,13.929967493022021,14.150203685593809,14.246395104256825,14.546681073484212,15.109027604417196,15.118885302434288,14.516860043868059,0.5031932353254029,1.1569383176147645,4,0.8345545867186206,0.40306951621859727,0.6513097200569742,0.7544497491251205,0.18204042266779513,0.04077948584535042,0.07824781201217848
1537,4.4525506680791525,0.01623490813402743,103.71270259999989,0.34822820368697016,2.2358094015576948e-4,-0.005217460200033073,-1.8069585449901484e-4,106.50523656669155,G01537,94.7722624746095,40.575989819444416,10000,12.700582962036133,18.34086814880371,5.93594669342041,933.84,185.32,9.68,87.31196166992187,513.88,31.36,513.88,31.36,10.268059196472167,43.77955490112305,505.826279296875,22.764709854125975,-0.699270002245903,23.463979873657227,18.34086814880371,5.93594669342041,2187.44,145.19845040495437,28574.145933014355,50571.11483253589,125132.13875598086,315.745322250119,0.4565861303186792,0.2834841051328504,0.013933198333615093,0.0037556905953573575,0.1938265143352563,0.0023921585701593617,11.608363253906772,11.746038231763487,11.830482387755229,12.088683777618124,12.637970333023809,12.499198360117274,12.068456057364116,0.4201344336550738,1.1356140090280025,4,0.8191723495943669,0.4786129526469841,0.6411094684686854,0.6565604938194523,0.2974173034664655,0.039144420859812484,0.0640652777529471
1538,4.247228203304889,0.014945954895469502,97.48809200000002,0.3222503568612953,-1.5549779320176097e-4,-0.005017300845881673,-1.430280090552546e-4,103.1228885723481,G01538,95.67057775872902,40.575989819444416,10000,12.90574696858724,19.232743136088054,5.355630564689636,1083.0666666666666,216,14.6,82.21125946044921,573.5666666666667,46.03333333333333,573.5666666666667,46.03333333333333,8.850993728637695,37.07567863464355,561.5050262451172,23.741708183288573,-0.16124167231221995,23.902949651082356,19.232743136088054,5.355630564689636,1880.5,237.40213954821252,26667.894736842107,47667.88471177945,90779.42355889724,501.33137067408353,0.46464112160207843,0.23590277455053882,0.01983491045261149,0.00877067758638233,0.22193778237131928,0.001960523754008921,14.257512450321643,14.380227336242797,14.400579822658976,14.985201448523542,15.782692080583214,15.313022964104439,14.853206017072432,0.6125730798556847,1.1716642330766696,4,0.8451770893233409,0.48753181773556226,0.6462930417000972,0.697310105313789,0.2557376850031503,0.03879662280004746,0.062457976370638
1539,4.087250440443212,0.014713203820628903,100.3988881,0.3648134991001734,1.1377942810024145e-4,-0.004393503555444661,-1.1845903326688795e-4,102.59039787593862,G01539,96.56889304284854,40.575989819444416,10000,14.03639633178711,21.230850219726562,5.614516611099243,1163.2,226.44,17.56,75.80647766113282,582.8,57.84,581.72,57.84,7.925154151916504,31.835618209838866,631.2735424804688,25.783699951171876,0.8820300076901912,24.901669921875,20.946540222167968,5.614516611099243,1482.28,168.70129420566596,25931.6004784689,46582.717703349284,85760.91148325359,635.3419041233618,0.4083889854904517,0.20803286078740152,0.022070351083407838,0.023537258919021992,0.2810219906561997,0.00925724340938435,15.972146623820281,16.137687244479068,16.197945992722794,17.29271675951563,19.612880103092603,18.22948899828977,17.240477620320025,1.4505756304276598,1.2792901421979792,5,0.794867656785338,0.4288409731324931,0.6800507182498922,0.7222054784750578,0.23010321187080934,0.037808031390783405,0.05695739230696496
1540,4.12417530205423,0.014828894491899128,101.21186860000012,0.407332447290537,-8.033296306637515e-5,-0.004325188061442238,-1.1396066052994958e-4,100.68727416884661,G01540,97.46720832696808,40.575989819444416,10000,14.585805397033692,22.277626724243163,5.7911067390441895,1146.96,217.44,17.72,71.83162048339844,565.52,60.6,542.24,60.6,7.836177520751953,30.385368881225585,668.2080493164062,26.87376998901367,1.0791999995708466,25.794569854736327,21.03328514099121,5.7911067390441895,1273.08,68.93470340353495,27087.53827751196,48291,111789.21770334928,639.9756776535178,0.44593715281092444,0.2084482927941188,0.05026408178357444,0.018110233431340852,0.1844508680318292,0.012116550900543643,19.795569109958034,20.26487825769748,20.58733862416239,22.976162288987208,25.963281973755286,24.624931782989805,22.368693672925033,2.5534654377500487,1.302999404363802,6,0.7272178139653835,0.4850690403073482,0.6694907321277624,0.6606148051746381,0.25871237457769325,0.03907385021485027,0.05966960358717773
1542,4.1034783759746984,0.01480539885197704,85.54253640000009,0.35349855391639595,0.0011920459697670604,-0.00373397722261212,-1.3740151115369464e-4,106.46983092459409,G01542,99.26383889520712,40.575989819444416,9999.999999999965,15.209958343505859,24.012216720581055,5.6802649974823,1214.52,203.6,28.2,61.025765838623045,548.28,97,494.56,97,7.749666690826416,27.816968231201173,746.4535473632812,28.83231994628906,0.9698800149839372,27.862439880371095,22.31265007019043,5.6802649974823,872.52,168.03474839052387,25073.50956937799,44798.57177033493,63282.22009569378,525.622904969838,0.7939715760913254,0.05171090862223118,0.015393730729858873,0.003544695227069384,0.10628991126931857,0.003269637343236562,11.859743509037534,11.932434582072593,11.855737023096147,12.305161639273079,13.199058825837438,12.729147983075606,12.313547260398733,0.55094463307421,0.6693676968894476,4,0.48284672841683646,0.8150148861286528,0.3207545581039607,0.9070758199309499,0.06710463935209006,0.036399237759329905,0.05403015583284841
1549,3.7163563834275517,0.013679421553365519,68.64898239999998,0.3042912912788195,6.770811994970853e-4,-0.003101012665205834,-1.445963540453939e-4,111.36169520752439,G01549,105.55204588404376,40.575989819444416,10000,17.542035598754882,26.79634666442871,7.377123317718506,1517.88,234.28,42.48,50.95806121826172,652.56,165.16,460.44,211.6,8.10662748336792,27.06620819091797,791.3943090820312,32.3085400390625,2.3545499873161315,29.9539900970459,21.734091415405274,9.18818841934204,305.12,155.35907869620408,26045.543062200955,46006.224880382775,90466.64593301436,674.689201788732,0.7811058740659782,0.11102208715322005,0.016645978004714693,2.0048225445494316e-4,0.0361812210723065,0.017643296678530943,10.75633702733394,10.960182444560033,10.887692773201712,11.208384960272706,11.619209174642782,11.706682261102184,11.189748106852226,0.39592626652520113,0.6872727302865562,5,0.42702655689720315,0.8112865960273218,0.32647028501193476,0.8351308740712705,0.12766806515793475,0.032165366115411265,0.04653305021032812
1550,3.6588499713736558,0.013816630432476117,71.83534090000013,0.30602621386708834,6.900082195251657e-4,-0.002909912847823313,-1.4801368575865674e-4,113.57456261455832,G01550,106.45036116816328,40.575989819444416,10000,17.83205665588379,26.877110137939454,7.827823371887207,1590.64,253.32,41.92,54.73893768310547,709.12,164.2,491.6,213.76,8.187491588592529,27.627429580688478,776.8743505859375,32.30688011169433,2.6654900121688843,29.641390075683592,21.929464874267577,9.624179878234862,315.44,96.93343076565483,25983.74185463659,45624.61152882205,77895.99248120301,661.6443141270595,0.6982214699312941,0.10689454092125308,0.0180936246214624,1.2566550968757175e-4,0.11302540513660261,0.007916869214259799,11.487190820806417,11.570123169692046,11.481911408419888,11.711917370594696,12.256032432811757,12.18913859183581,11.782718965693435,0.3513500988895566,0.8409859368654367,4,0.6066431202865622,0.7394239661827325,0.42567301658940015,0.8192894097918442,0.12498816554271548,0.031093687600784466,0.04436343749410792
1551,3.5880923542088126,0.0136069124655392,70.97379489999996,0.2811107477341024,0.00067909974070528515,-0.0028783132400957614,-1.48707125761502e-4,114.9373790705499,G01551,107.34867645228282,40.575989819444416,10000,17.738215192159018,26.29579995473226,8.198215262095134,1680.8333333333333,281.1666666666667,42.8,59.53572082519531,786.8,164.56666666666666,545.5333333333333,210.56666666666666,8.810506820678711,30.11018975575765,737.744541422526,31.91791674296061,2.6378333449363707,29.280083401997885,21.619866689046223,9.88173605600993,408.06666666666666,125.90224268313759,25741.052631578947,45473.70813397129,76871.65311004785,676.2385331758259,0.7200826483387157,0.11203800149715483,0.014891464121777843,2.225501548309694e-4,0.10638051698945808,0.005533632321521789,10.712035631888483,10.780881972541398,10.753877743497496,11.036920263313547,11.482995905320626,11.543580907102827,11.051715403944064,0.3756577717393528,0.8062897848168012,4,0.5816151370373143,0.7507517480718635,0.4101515581147257,0.8322193478045266,0.12692946561893267,0.03009480313247879,0.043594456561325545
1552,3.6020902481260983,0.013669164386018819,72.84234559999985,0.29804536013835564,0.0010458599673367453,-0.002701104782626186,-1.393727508667676e-4,114.19550003329275,G01552,108.24699173640234,40.575989819444416,10000,17.72515701293945,25.63454490661621,8.972829990386963,1676.16,287.52,41.52,60.42289184570313,789.4,159.8,557.36,203.16,8.776572456359863,31.71552101135254,679.148388671875,31.35082000732422,3.669959988594055,27.680860214233398,21.14371826171875,11.078963203430176,522.68,120.8496724585273,24690.10275689223,43724.508771929824,69338.97493734336,693.510652872127,0.8897186438597612,0.0404441936503472,0.01190922066341935,1.3305362670137214e-4,0.026175839155273703,0.01058383490484585,8.896442567915322,8.940117468301217,8.848483209211931,9.062074107051279,9.335093474990519,9.563104543202815,9.107552561778846,0.28322769436807316,0.4191532181946542,5,0.26043453739742617,0.908836208115336,0.17133013659067375,0.926611371546582,0.052353414313766555,0.030335218155603104,0.04355143464584802
1553,3.6724618288650848,0.013714262710384001,67.21835469999989,0.29157541266179143,0.0010998124339399902,-0.0028002200408495997,-1.4462116837153627e-4,113.32943647843909,G01553,109.14530702052186,40.575989819444416,10000,18.252111587524414,26.068223342895507,9.75050994873047,1624,286.96,39.48,61.32512420654297,763.76,148.76,558.84,191.76,8.391194877624512,31.18319938659668,665.8069262695312,31.675449905395507,4.759900016784668,26.91554985046387,21.364883422851562,11.900591621398926,462.56,153.89771494946461,25067.337320574163,44372.437799043066,80706.67942583733,644.6867032852618,0.8683054516148564,0.0277596865563917,0.017494012836751775,8.148364475635168e-5,0.045652063900608816,0.015507720017504197,10.881691000779115,10.928206727440868,10.854624674640714,11.30764642626875,11.779308831023554,11.956226683295672,11.284617390574779,0.48385555116233,0.48656450603907464,5,0.3023195255188183,0.8907520299261438,0.20298144915674954,0.9295467191777258,0.04525369939314347,0.031062586278802998,0.04565565377655134
1554,3.7223847210010517,0.013473203587073693,72.2267856999999,0.28564661530914814,9.93317253225005e-4,-0.00280923206518268,-1.389341562011379e-4,109.97124475621087,G01554,110.04362230464137,40.575989819444416,10000,17.373991680145263,25.245044581095378,9.069391695658366,1598.6,286.06666666666666,38.1,59.56456553141276,704.8333333333334,132.83333333333334,591.1666666666666,178.46666666666667,7.60725557009379,29.316007741292317,663.2812235514323,30.325216865539552,4.3878166278203325,25.93740030924479,20.085969416300454,10.897830518086751,537.1333333333333,210.31269549187346,25758.809523809523,45433.869674185466,89701.19799498747,658.4071377420948,0.806240219946653,0.029950675152044234,0.03823025661839904,6.345486125972591e-5,0.07109698119300371,0.01876932872714804,14.532635119200018,14.673791499867207,14.685953473251153,15.537341785304042,16.297016887201,16.814388011118783,15.423521129323701,0.9602332124265675,0.6550411574528148,5,0.40699995469979705,0.8360444379252069,0.2926792720356365,0.8961699847280644,0.06818093177044326,0.032480367010981455,0.049948496367226876
1555,3.7728610544009697,0.013979828185084003,77.95340980000019,0.29885804617961315,2.636751328183306e-4,-0.003095502019211719,-1.665953229659397e-4,111.26468170119922,G01555,110.9419375887609,40.575989819444416,10000,18.43998146057129,26.598017930984497,10.080724954605103,1520.75,262.625,41.625,55.35503530502319,612.5,134.375,506.625,181.375,6.427464187145233,25.76918315887451,683.6593017578125,31.056416749954224,6.119645357131958,24.936771392822266,20.713435411453247,12.278868317604065,189.125,82.40221477606048,28980.245614035088,48997.19298245614,210520.95614035087,563.0489532220779,0.6015386172565973,0.051542015909010086,0.05933841197258701,1.7571051921256824e-4,0.02636147085870974,0.20441740414392626,19.423529265227607,19.56525009783248,20.201292319741516,22.378920025120493,23.66409195781486,25.80976599435171,21.840474943348113,2.572001856581195,1.0526980506962405,5,0.6540780744403795,0.637646206875343,0.5387313762949766,0.832493202778446,0.1108804278815971,0.03283912042585175,0.049995830062583145
1556,5.063687064045689,0.01847454237402245,129.72367829999985,0.3920418034122953,0.002745521191608127,-0.007058483629365094,-2.0067810780815369e-4,103.15930665953574,G01556,111.84025287288043,40.57598981944442,10000.00000000005,NA,NA,NA,NA,NA,NA,NA,NA,NA,NA,NA,NA,NA,NA,NA,NA,NA,NA,NA,NA,NA,NA,NA,NA,0,NA,NA,NA,NA,NA,NA,NA,NA,NA,NA,NA,NA,NA,NA,NA,0,0,0,NA,0,0,0.04419776140929763,0.07812626429503833
1557,5.063687064045689,0.01847454237402245,129.72367829999985,0.3920418034122953,0.002745521191608127,-0.007058483629365094,-2.0067810780815369e-4,103.15930665953574,G01557,112.73856815699993,40.575989819444416,9999.999999999987,NA,NA,NA,NA,NA,NA,NA,NA,NA,NA,NA,NA,NA,NA,NA,NA,NA,NA,NA,NA,NA,NA,NA,NA,0,NA,NA,NA,NA,NA,NA,NA,NA,NA,NA,NA,NA,NA,NA,NA,0,0,0,NA,0,0,0.04419776140929763,0.07812626429503833
1558,5.051021979849982,0.018564620633980476,119.81197709999988,0.3886975797542949,0.0027176805955829537,-0.006951461267992227,-2.0265844628513378e-4,104.04834465497382,G01558,113.63688344111941,40.57598981944441,9999.999999999822,NA,NA,NA,NA,NA,NA,NA,NA,NA,NA,NA,NA,NA,NA,NA,NA,NA,NA,NA,NA,NA,NA,NA,NA,0,0,0,0,0,0,1,NA,NA,NA,NA,NA,NA,NA,NA,-0,1,0,1,0,1,0,0.04369460006992206,0.07715022385784479
1559,5.051021979849996,0.018564620633980223,119.81197709999988,0.3886975797542875,0.0027176805955830613,-0.006951461267992604,-2.0265844628515275e-4,104.04834465497382,G01559,114.53519872523903,40.575989819444416,9999.99999999974,NA,NA,NA,NA,NA,NA,NA,NA,NA,NA,NA,NA,NA,NA,NA,NA,NA,NA,NA,NA,NA,NA,NA,NA,0,0,0,0,0,0,1,NA,NA,NA,NA,NA,NA,NA,NA,-0,1,0,1,0,1,0,0.04369460006992205,0.07715022385784613
1560,5.063687064045689,0.01847454237402245,129.72367829999985,0.3920418034122953,0.002745521191608127,-0.007058483629365094,-2.0067810780815369e-4,103.15930665953574,G01560,115.43351400935846,40.575989819444416,9999.999999999969,NA,NA,NA,NA,NA,NA,NA,NA,NA,NA,NA,NA,NA,NA,NA,NA,NA,NA,NA,NA,NA,NA,NA,NA,0,NA,NA,NA,NA,NA,NA,NA,NA,NA,NA,NA,NA,NA,NA,NA,0,0,0,NA,0,0,0.04419776140929763,0.07812626429503833
1561,5.063687064045689,0.01847454237402245,129.72367829999985,0.3920418034122953,0.002745521191608127,-0.007058483629365094,-2.0067810780815369e-4,103.15930665953574,G01561,116.33182929347794,40.57598981944444,9999.999999999896,NA,NA,NA,NA,NA,NA,NA,NA,NA,NA,NA,NA,NA,NA,NA,NA,NA,NA,NA,NA,NA,NA,NA,NA,0,NA,NA,NA,NA,NA,NA,NA,NA,NA,NA,NA,NA,NA,NA,NA,0,0,0,NA,0,0,0.04419776140929763,0.07812626429503833
1562,5.063687064045683,0.018474542374022393,129.72367829999985,0.3920418034123232,0.002745521191607949,-0.007058483629365069,-2.0067810780815003e-4,103.15930665953572,G01562,117.2301445775976,40.57598981944442,9999.999999999673,NA,NA,NA,NA,NA,NA,NA,NA,NA,NA,NA,NA,NA,NA,NA,NA,NA,NA,NA,NA,NA,NA,NA,NA,0,NA,NA,NA,NA,NA,NA,NA,NA,NA,NA,NA,NA,NA,NA,NA,0,0,0,NA,0,0,0.04419776140929757,0.07812626429504123
1563,5.063687064045689,0.01847454237402245,129.72367829999985,0.3920418034122953,0.002745521191608127,-0.007058483629365094,-2.0067810780815369e-4,103.15930665953574,G01563,118.12845986171706,40.575989819444416,10000,NA,NA,NA,NA,NA,NA,NA,NA,NA,NA,NA,NA,NA,NA,NA,NA,NA,NA,NA,NA,NA,NA,NA,NA,0,NA,NA,NA,NA,NA,NA,NA,NA,NA,NA,NA,NA,NA,NA,NA,0,0,0,NA,0,0,0.04419776140929763,0.07812626429503833
1564,5.063687064045689,0.01847454237402245,129.72367829999985,0.3920418034122953,0.002745521191608127,-0.007058483629365094,-2.0067810780815369e-4,103.15930665953574,G01564,119.0267751458366,40.575989819444416,9999.999999999958,NA,NA,NA,NA,NA,NA,NA,NA,NA,NA,NA,NA,NA,NA,NA,NA,NA,NA,NA,NA,NA,NA,NA,NA,0,NA,NA,NA,NA,NA,NA,NA,NA,NA,NA,NA,NA,NA,NA,NA,0,0,0,NA,0,0,0.04419776140929763,0.07812626429503833
1565,5.063687064045689,0.01847454237402245,129.72367829999985,0.3920418034122953,0.002745521191608127,-0.007058483629365094,-2.0067810780815369e-4,103.15930665953574,G01565,119.92509042995613,40.57598981944442,9999.999999999982,NA,NA,NA,NA,NA,NA,NA,NA,NA,NA,NA,NA,NA,NA,NA,NA,NA,NA,NA,NA,NA,NA,NA,NA,0,NA,NA,NA,NA,NA,NA,NA,NA,NA,NA,NA,NA,NA,NA,NA,0,0,0,NA,0,0,0.04419776140929763,0.07812626429503833
1566,3.7662378802073584,0.013733272765496452,54.80921710000011,0.1606110755441102,0.004186767321152388,-0.0027674283691162204,-2.0059251797530187e-4,123.2977394082228,G01566,120.61234233380678,40.68549259791854,3996.6395585806317,13.831551551818848,18.082374572753906,8.082416534423828,1706,330,16,81.68946075439453,926,74,926,74,9.779479026794434,46.810245513916016,416.3251037597656,21.486000061035156,0.5942500233650208,20.89175033569336,18.082374572753906,8.082416534423828,2130,NA,25854,45843,64400,118.54976032111063,0.9914442300796509,5.961538562797404e-5,3.90384616996296e-4,0,0.006432692240056125,0,2.1915482835071844,2.1215043126083,2.1406595648788826,2.711127345154925,2.82418078329505,2.82418078329505,2.4688668454565654,0.35113315753751095,0.043024866155733525,1,0,0.9931057731803229,0.013699248458556745,0.997876922319707,4.5000000262427004e-4,0.02706824985303629,0.04451940171180311
1567,3.8802538375816167,0.014396970388440225,65.36442190000007,0.21165102865795687,0.0012169883748612191,-0.0037588598857263536,-2.094906242693427e-4,116.39762832504594,G01567,122.02589094299846,40.72590444389098,1130.9715635098316,13.771111544440775,18.407551428850958,7.784887229695039,1410.9411764705883,258.8235294117647,16.88235294117647,73.9350159588982,724.9411764705883,77.05882352941177,724.9411764705883,78.23529411764706,10.276357706855325,46.65959481632008,440.87694594439336,22.173073375926297,0.15464706061517491,22.01842633415671,18.407551428850958,8.053198477801155,2200.823529411765,264.03627480284734,28389.47619047619,49608.96103896104,104909.20346320346,324.069188793118,0.8544050418867675,0.06310894621390575,0.00678525912719827,4.723389325967733e-5,0.05538958335214897,0.0030492997198052763,7.932600131248264,8.21063728908087,7.841362669093915,7.903073373043515,8.216732750884232,8.05692262548758,8.026888139806395,0.1608395609630998,0.5128422041732461,3,0.46680909130825815,0.8693709461050793,0.23683694977037473,0.9128911588519814,0.06989420534110402,0.031263901153463024,0.05251743140582045
1568,4.285338290150153,0.014965263247320865,85.1095605000001,0.24447630506109733,8.405219007781246e-5,-0.005231308199960936,-1.9473465485504872e-4,107.69705583685985,G01568,122.62548561802468,40.57713045674373,9872.672474156476,14.636173362731933,19.3769482421875,8.633228321075439,1071.6,183.4,16.24,66.77467834472657,517.36,70.44,517.36,73.56,10.830318336486817,47.53714126586914,443.5889880371094,23.648880004882812,0.8693800070881843,22.779500122070313,19.3769482421875,9.012756710052491,2116.56,349.100162322124,28434.456140350878,50251.74436090225,124191.27318295739,334.00429880331694,0.6472268612895461,0.1006616266045941,0.0062041141763209936,8.766704872398466e-5,0.20880974620599962,0.0070762981927245,10.942171445992372,10.955109663485892,11.026020826746592,11.146335106389884,11.484125570157307,11.556902820261428,11.18511090550558,0.27069258047843664,0.9047528680084235,3,0.8235415508644004,0.6671985742319019,0.49765030580835556,0.8632005727369941,0.1068657407809151,0.03729802389486794,0.06604909952628238
1569,4.5637516573380665,0.01591687018723563,114.63928420000012,0.30149987272294265,-0.0014808634607869553,-0.006880345751602244,-1.716253192630606e-4,100.91531994231919,G01569,123.51835156643419,40.575989819444416,10000,14.963988876342773,19.775895754496258,8.963999938964843,861.5666666666667,148.93333333333334,14.166666666666666,67.7687489827474,416.1,57.833333333333336,416.1,58.36666666666667,11.358683236440022,48.35677960713704,446.48158467610676,24.620341746012368,1.137508326768875,23.482833480834962,19.775895754496258,9.075747140248616,2132.8,244.8932772482318,29412.67156862745,51373.87745098039,164921.4387254902,347.7850563795836,0.5162173522911379,0.21607887080902224,0.02661383565248239,0.0010938433388350424,0.16268617402830252,0.033861556989458315,13.304076629966799,13.530942599581637,13.74979248284823,14.274452022452605,14.80609749457938,14.867910932456303,14.088878693647493,0.6630109984684404,1.1958960523499245,5,0.7430519954269384,0.5396649113578856,0.6267795943174325,0.7138589266477338,0.24269270646150465,0.04231218399371175,0.07625812908601508
1570,4.650299587445213,0.01707444881654565,103.88534330000003,0.37199071645636284,-2.0524961883985497e-4,-0.006299333045824037,-1.5191079813307856e-4,102.52153001272406,G01570,124.39390369952042,40.59409763666985,9361.454417224288,15.102961769104004,19.88006317138672,9.074553394317627,796,152.64,10.96,78.82234924316407,420.64,39.76,420.64,39.76,11.49486831665039,48.080079040527345,449.0676647949219,25.001829986572265,1.096989985704422,23.90484016418457,19.88006317138672,9.074553394317627,2148.72,132.08378653970618,27977.69172932331,49695.26315789474,125290.7769423559,321.85167757849524,0.6009342687609628,0.1806183276104104,0.010098491783061507,4.5444826374478343e-4,0.16466081537795976,0.0045874093219272554,11.109400657339643,11.241974285029835,11.161236290546348,11.463622443562743,11.966699571597731,12.0539296752652,11.499477153890249,0.41469849977744083,0.9870283978310364,4,0.7119904873837075,0.6250917124015499,0.5444915494139091,0.7706369417245945,0.19071681939347193,0.04211749272289403,0.07130424864192017
1571,4.612776957610517,0.01643225280460438,119.60105779999998,0.2890668288066869,-0.0020009215037211413,-0.0076162332447255714,-1.6529125520690148e-4,100.11852932397179,G01571,125.20295537831663,40.746934829261306,4172.520730499039,16.40991092681885,21.08228157043457,10.322936668395997,780.72,162.2,8.56,87.88330078125,441.24,29.36,407.08,29.36,11.531706695556641,47.58460861206055,451.38666748046876,26.482769927978516,2.2548700064234435,24.227899856567383,21.056833267211914,10.322936668395997,1896.64,276.0962815154645,28756.746411483255,50503.49043062201,136939.93062200956,332.1591764956644,0.5355891940456072,0.19118579612812614,0.00887580184427973,9.685185212531795e-4,0.20553993896779232,0.005249484543841982,12.970220367358733,13.117075174510406,13.068635642219855,13.302444568779848,13.83474896327488,13.731272988607499,13.337399617458537,0.36312862623667636,1.0565140513007119,3,0.9616805329763467,0.5653200934253073,0.5925038588703379,0.7473471360784947,0.20006159797240586,0.042934449577726075,0.07996684009105781
1586,3.755049477641732,0.014331746957373595,62.895728100000085,0.30889870272283004,0.001466386319588796,-0.002874296964248474,-1.3922335603978625e-4,113.84136696048192,G01586,74.25934101094575,39.837567898663394,5887.41834202868,18.670909652709963,26.916011810302734,9.329473342895508,1579.92,256,40,55.278083648681644,695.88,153.88,506.68,204.6,8.429590873718261,29.76890853881836,718.7019018554688,32.232330322265625,3.9057999801635743,28.326530227661134,22.552761611938475,11.001439971923828,330.48,99.31226845997763,27841.809523809523,48148.93233082707,97061.36591478696,699.7462776061361,0.7369966495091863,0.0760331997104096,0.021978445984099478,1.5726422345112816e-4,0.10030446740970195,0.010781996942185363,12.167317367182262,12.292525134829976,12.263566953299607,12.71516259803405,13.421506436222812,13.466419371290636,12.72108297680989,0.5908965223143173,0.7749729611977416,5,0.4815177741312674,0.7788587300092135,0.3750169026469141,0.8482403780845247,0.09801164569450908,0.03184029935409601,0.04512389724670672
1587,3.7399373830271583,0.014112203599484664,68.55816700000001,0.3172632795400303,0.0019381424561316504,-0.0026064536421437122,-1.24697516799844e-4,112.37392060070218,G01587,75.00937408415673,39.890168402415775,9998.923131870824,18.089693768819174,25.700971031188963,9.391498629252116,1615.5,260.56666666666666,38.7,57.4918872833252,726.8,149,546.5,191.96666666666667,8.832693068186442,32.14096240997314,666.9707092285156,31.118066596984864,3.6223416566848754,27.495724868774413,21.62369581858317,10.965306917826334,515.4333333333333,133.6265210444273,26174.47129186603,45991.887559808616,84465.45215311005,736.7581980291764,0.8141969070780593,0.07238732333999548,0.02046429935254942,1.1593165375232982e-4,0.058284316575160276,0.003166361201412535,10.54704746062473,10.660196351081563,10.501340215944605,10.847796001695478,11.313358055761508,11.448873683176103,10.886435294713998,0.40367297678129993,0.6102238439206611,4,0.4401834567282693,0.8405783413108128,0.28376522410156,0.8757635165083845,0.0928516226925449,0.03199804055096658,0.045796745762223895
1588,3.8205139554773706,0.014284977526579428,64.26880120000034,0.33140723740469297,0.0025771653020185813,-0.0025304064195767065,-1.1293643204308953e-4,110.82509271502964,G01588,75.90764150809956,39.8902051834657,10000,17.530341987609862,24.604690170288087,9.638594989776612,1556.44,253.64,35.6,57.958872680664065,695.92,137.04,550.2,174.52,8.80210247039795,34.0139582824707,612.4311157226563,30.082930068969727,4.20063998222351,25.882290115356444,20.531481628417968,11.10971004486084,676.2,175.01571358023827,24577.754385964912,43739.857142857145,61891.739348370924,724.732663549363,0.9136949791466308,0.02399938911716685,0.010550706374027595,3.739977105471637e-5,0.025849513216038518,0.00481983582519427,8.605706851716723,8.679399683143549,8.491218081942497,8.666747750241008,8.862702267592455,8.937119074661057,8.707148951549547,0.16516779994167052,0.32663925605385635,4,0.23562041743427944,0.9333400860590895,0.12743764190254414,0.9444017279589184,0.03455009549119444,0.03283197149217749,0.047420566816134255
1589,3.909170320369078,0.014451547248275378,63.05458000000009,0.3487130319241405,0.0023769126772029267,-0.0027626497581873175,-1.1370856672439855e-4,108.95734864111385,G01589,76.80595679221908,39.8902051834657,10000,17.492643356323242,24.52614013671875,9.8433451461792,1462.96,247,31.68,59.340126037597656,649.4,121.4,525.92,157.84,8.213589954376221,32.96757286071777,602.8564916992187,29.657679977416993,4.752119989395141,24.905560073852538,20.128171691894533,12.13663158416748,649.64,160.12778230733937,25227.27990430622,45023.861244019135,72781.7966507177,702.8166782706819,0.8273580114835936,0.026654321241786582,0.01774639175431237,4.3848154937258645e-5,0.08759875716213246,0.008333847176985175,10.92519418785853,11.075107039558086,11.132989426206322,12.04381222363095,12.650540751104808,12.957018236522686,11.797443644146895,0.8783136203206334,0.5650953730211616,4,0.40763014614346443,0.854942582609083,0.2597103636046155,0.9233344639776485,0.04440071299609895,0.03417831281066915,0.04939890037285638
1590,4.094403353922507,0.014165871409316433,72.5761431,0.36522082478626183,-2.902614826752281e-4,-0.004168625249899385,-9.295931819522713e-5,97.0957757949372,G01590,77.7042720763386,39.8902051834657,10000,18.764602307920104,26.1210265689426,11.041769628171567,1335.2592592592594,246.88888888888889,28.62962962962963,61.958823875144674,594.4814814814815,102,445.3333333333333,145.2962962962963,6.930881977081299,28.997244658293546,624.1811455620659,30.596222277040834,6.7017816172705755,23.894440756903755,21.060425087257666,16.045078206945348,324.14814814814815,226.71274669870132,27691.36023054755,48388.62247838617,149030.01152737753,720.6535026433664,0.6792239956683105,0.07656951525098757,0.09026898241803502,2.908151309227273e-4,0.040382908931239005,0.04791847626178531,18.26024808966296,18.368274489172098,19.117867846850455,20.67725366675036,21.81657079266297,22.52976819244963,20.128330512924748,1.8180725368343194,0.9532579817615814,5,0.5922924857162598,0.7267111589710391,0.45135649672710465,0.7678161959922576,0.1668384976690226,0.03983115771301612,0.06763045658443417
1591,4.287019284736705,0.015885851079844884,103.73386349999986,0.37958875928169744,0.0030493760875324977,-0.0031746498993911374,-1.210431592468369e-4,98.4080613189679,G01591,78.60258736045813,39.8902051834657,10000,19.74262046813965,27.301490783691406,11.940694999694824,1265.8,241.6,31,59.744992065429685,545,105.8,367.2,209.2,5.723621082305908,25.130280685424804,638.5511352539063,31.193005752563476,8.43870668411255,22.754298782348634,21.771989822387695,17.93492546081543,63.8,52.22738745141288,31560.35849056604,53386.56603773585,278856.22641509434,405.2301962601088,0.28443340912216436,0.11569036499112473,0.15211442436087189,5.071265744432986e-4,0.03824407070124392,0.28595763976200145,26.716399503611374,27.700700067489663,29.739566278203668,32.25284206756104,33.58953646242063,34.21536869501147,30.702402179049642,3.1274855020439305,1.4426084009992461,5,0.8963429964300129,0.3260831363607905,0.739075890029544,0.609142246159853,0.2678047893519966,0.04138949164227183,0.07009489277993282
1592,2.907231435724244,0.011511995948401183,19.190425500000096,0.04664901010497978,0.003169331017444948,-0.002125478701043189,-1.3123591547486966e-4,129.9303246067218,G01592,79.50090264457765,39.8902051834657,10000,19.696670532226562,25.435327529907227,13.643500328063965,3129,391,193,23.0111026763916,1038,655,803,661,5.274485111236572,28.211626052856445,487.3033752441406,29.21274185180664,10.516602516174316,18.69614028930664,23.732688903808594,15.18667984008789,325,NA,30133.428571428572,52755.28571428572,236759.14285714287,880.8555547648873,0.7569099594931679,0.025023904424890053,0.040007968143438474,7.569721133023337e-5,0.00855976100039364,0.15321792813005325,28.70484688861222,29.73457133837339,29.671306394587802,30.307496949104266,29.830563248887575,30.378585885473562,29.771228450839804,0.6014125657772769,0.7569492993105038,4,0.5460235001598198,0.7693775547330401,0.3814261988289175,0.9187633458349451,0.06503187256832853,0.01967457033587917,0.03577573250192033
1593,3.0408641847721363,0.010680358984487564,28.599076099999856,0.058097423806783524,0.0018985028947218505,-0.002482451468354808,-1.3834308346942248e-4,133.75225576302196,G01593,80.39921792869717,39.8902051834657,10000,23.04319445292155,28.2483336130778,17.58277765909831,2645.3333333333335,286,153.66666666666666,20.791916529337566,840.3333333333334,488.6666666666667,741.3333333333334,548.3333333333334,3.4286111195882163,21.890202204386394,440.7408142089844,30.71999994913737,15.056666692097982,15.663333257039389,26.979999542236328,18.991111119588215,36.333333333333336,46.30694692304097,NA,NA,NA,0,0,0,0,0,0,1,NA,NA,NA,NA,NA,NA,NA,NA,-0,1,0,1,0,1,0,0.019513768481581904,0.03584175592203471
1594,5.256837476086475,0.01921705466811692,123.0369058999997,0.40552883612146245,0.004674166734016609,-0.006701218469348965,-1.873064163761599e-4,104.37839613255427,G01594,81.29753321281669,39.8902051834657,10000,NA,NA,NA,NA,NA,NA,NA,NA,NA,NA,NA,NA,NA,NA,NA,NA,NA,NA,NA,NA,NA,NA,NA,NA,0,0,0,0,0,0,1,NA,NA,NA,NA,NA,NA,NA,NA,-0,1,0,1,0,1,0,0.044922023463764546,0.07831464935556329
1597,5.267794576315372,0.019131112448578177,129.24087209999968,0.40940718857988234,0.004733958938999914,-0.0068012097647802364,-1.8500432138720838e-4,103.45789156406515,G01597,83.99247906517525,39.8902051834657,10000,NA,NA,NA,NA,NA,NA,NA,NA,NA,NA,NA,NA,NA,NA,NA,NA,NA,NA,NA,NA,NA,NA,NA,NA,0,NA,NA,NA,NA,NA,NA,NA,NA,NA,NA,NA,NA,NA,NA,NA,0,0,0,NA,0,0,0.0454474000335549,0.07928338286381827
1599,5.267794576315372,0.019131112448578177,129.24087209999968,0.40940718857988234,0.004733958938999914,-0.0068012097647802364,-1.8500432138720838e-4,103.45789156406515,G01599,85.7891096334143,39.8902051834657,10000,NA,NA,NA,NA,NA,NA,NA,NA,NA,NA,NA,NA,NA,NA,NA,NA,NA,NA,NA,NA,NA,NA,NA,NA,0,NA,NA,NA,NA,NA,NA,NA,NA,NA,NA,NA,NA,NA,NA,NA,0,0,0,NA,0,0,0.0454474000335549,0.07928338286381827
1602,3.885605883360724,0.014110101915857471,64.5298914999999,0.26480882339431716,0.0021942851357540294,-0.002961597533634071,-1.4109875919405472e-4,112.14683090520884,G01602,88.48405548577286,39.8902051834657,10000,16.94829486211141,21.267083168029785,10.94402494430542,1532.8666666666666,322.6,13.933333333333334,86.70124893188476,870.8333333333334,57.833333333333336,870.8333333333334,57.833333333333336,10.826261742909749,48.01988169352214,429.28685099283854,25.363949902852376,2.82030831972758,22.54364159901937,21.267083168029785,10.94402494430542,1581.0333333333333,272.85975724983115,26653.538636363635,47390.82272727273,98822.88863636364,604.6143373623689,0.8193696713973271,0.08305753024122282,0.018417838264618656,2.8637566115318097e-5,0.049871976597750375,0.005175812558961475,10.393281045307203,10.776778686752264,10.887220533589366,11.247493126071555,11.706073975438436,11.515725125602257,11.087762082126845,0.4919771266596784,0.6114812222547154,4,0.4410904634718,0.8395856627993774,0.2848570010397865,0.8744460981201542,0.10147536850584148,0.03283768917560943,0.05077915395717975
1608,4.519085886925648,0.01604406046287782,93.8483136000002,0.35547154000204256,0.0011184615388075104,-0.005054637346063719,-1.4445974274382735e-4,103.68274446661881,G01608,93.87394719048999,39.8902051834657,10000,14.727526321411133,19.608126678466796,8.359485054016114,1004.28,188.92,14.52,81.83192504882813,550.24,48.92,550.24,48.92,10.546714248657226,46.651011352539065,465.6183825683594,24.12705001831055,1.5233700132369996,22.603680114746094,19.608126678466796,8.359485054016114,1878.12,176.71524174973322,28329.45,50195.70681818182,141110.7840909091,425.2330694643336,0.40346234890269744,0.3999344859702723,0.02885677439071095,0.003557142866899382,0.07552881706370476,0.009345304223942365,14.694685808346136,14.761189455074312,14.998542011356504,15.519814309625241,17.046137683632395,16.443547058557556,15.577319387765357,0.9686255986630871,1.1054770400793414,5,0.686871504354851,0.43821980848318115,0.611440298606434,0.49189361305724394,0.42879126036098325,0.04079857975825885,0.06537264870259693
1609,4.253358857682176,0.015159642088114881,100.91013469999983,0.3312559910771082,0.0012359883811134224,-0.004456410048016687,-1.1512700242978997e-4,103.62963971173934,G01609,94.7722624746095,39.8902051834657,10000,16.864536571502686,22.42736384073893,9.731286207834879,1165.9333333333334,219.2,17.533333333333335,80.52215347290038,630.9,61.1,630.9,61.1,9.12795197168986,40.49648195902507,520.0064076741536,26.614583269755045,4.0685583591461185,22.546024958292644,22.42736384073893,9.792443148295085,1304.1,271.1029006827863,26067.095238095237,46648.70238095238,100653.65952380952,591.9029272458981,0.7292029560714576,0.12183763120009727,0.012106046149926686,0.0037941731904687767,0.08845904063688816,0.014391522031891407,12.849856308950276,12.995134696440411,13.28171350002173,13.720239980810906,14.381658310243914,13.986825511181618,13.535904717941477,0.596710315095538,0.8323110399996372,5,0.5171439255714171,0.7519173496174638,0.4101252505561178,0.835847691930706,0.13394367735002397,0.038499488595936875,0.0594116297898955
1610,4.148154604751707,0.014910925517046621,79.52396290000021,0.322918332627432,0.002104197711490111,-0.0036137876742568338,-1.315051462032751e-4,107.95940409770452,G01610,95.67057775872902,39.8902051834657,10000,17.879029159545897,23.99097671508789,10.270735054016113,1274.56,251.88,12.2,85.22467071533202,714.68,55.84,714.68,55.84,8.36903491973877,36.38603042602539,559.2477270507812,28.248779830932616,5.241440048217774,23.007339935302735,23.99097671508789,10.270735054016113,978.36,235.84332369887713,26083.60681818182,46940.818181818184,92646.3659090909,562.4632722602613,0.7216786848079634,0.07843973927742413,0.010434552173198674,0.003081575970478732,0.15993699939681927,0.00430508313245078,13.827096448277992,13.842659534292018,14.042913565070434,14.27704923212347,14.347293461216982,14.384132369658868,14.120190768439961,0.2508963978016535,0.8132125168363015,4,0.5866088326142824,0.7380058579539673,0.42201946962980164,0.8890023433077122,0.08887429145062281,0.036196230312448056,0.05424675956394666
1611,4.198422838005576,0.015301595320538266,84.12570640000018,0.34281176122647156,0.00273311648214927,-0.00338613802477243,-1.3278793372439298e-4,109.02842043979244,G01611,96.56889304284854,39.8902051834657,10000,17.81165702819824,24.32126823425293,9.932528381347657,1254.52,239.16,13.24,81.42562927246094,677.48,56.72,677.48,56.72,8.010705795288086,34.09771774291992,585.55878417968745,28.577999954223632,5.075469961166382,23.502529983520507,24.28197494506836,9.932528381347657,866.12,201.34636823146326,25288.25909090909,45397.763636363634,77683.55227272728,511.141983816105,0.816068726562552,0.030461233954252584,0.0055083333364637724,0.0020621126270576134,0.12000313684234226,0.014190136076505974,11.440690732556181,11.457669274126319,11.448765248600374,11.539890824958162,11.546324663535767,11.673073234617268,11.517735663065679,0.08915015844164242,0.624110093162767,4,0.45020026818733644,0.8257350457393141,0.30222613218177174,0.9523241121084578,0.035969567290716355,0.03610024607960659,0.05320441603949435
1612,4.041674939985645,0.01516725563614653,74.99924690000007,0.3808388601683805,0.003002939969451193,-0.002731810182085962,-1.1154992093394529e-4,109.21188386848527,G01612,97.46720832696808,39.8902051834657,10000,18.042382303873698,25.193893241882325,9.644827810923259,1363.0666666666666,246.1,24.5,73.5257199605306,683.1333333333333,88,680.6333333333333,88.1,7.725997877120972,31.45282745361328,634.974863688151,29.522616704305012,4.95130832195282,24.571308263142903,24.813675181070963,9.70027224222819,684.1,118.39453330809401,24285.902380952382,43343.49285714285,61717.44047619047,625.268838670493,0.8470972407222405,0.030913973925170504,0.008358956910254392,2.0222033308954116e-4,0.09306194260811307,0.01022806120497643,11.086966803692027,11.106141182868292,10.985408878506092,10.949638837972214,11.126676141788273,11.248006879508141,11.083806454055841,0.10676277426666393,0.5531211550594418,4,0.39899257370751606,0.8557727259857262,0.2576607472931588,0.9505894648684196,0.039272930835424893,0.034953648819717444,0.04980624857616308
1613,3.8996262463091584,0.014660945282913649,60.52812960000009,0.36766526549254713,0.0028661230999073683,-0.002467532580080678,-1.0704668514787381e-4,109.59150086900847,G01613,98.3655236110876,39.8902051834657,10000,19.055408325195312,26.692263412475587,10.252576560974122,1485.72,264.52,32.92,68.50464874267578,716,119.84,696,126.04,7.602343311309815,29.765078506469727,673.8558984375,31.11031982421875,5.568540000915528,25.541779708862304,25.667788162231446,11.297453269958496,407.2,126.01521072209233,24161.088636363635,43552.22727272727,65914.07954545454,702.7398338479875,0.8168516440754539,0.054596126244184744,0.013543849218718058,0.001450236207482616,0.09497523629092255,0.004308928583215574,12.975636167072777,12.885043356926877,12.81162734830755,12.905031612257764,13.054253135967846,13.154338747773975,12.964321728051132,0.12444926195746749,0.6336728525644153,4,0.45709834097032265,0.828680208281091,0.3007279373803249,0.9175860451570745,0.0681399754629028,0.03381620001003978,0.048811416663589215
1614,3.75754574321776,0.014140443469117735,66.61106349999991,0.33800900499471753,0.002393543242989772,-0.0023587361017045273,-1.1171563612270393e-4,110.7796696625172,G01614,99.26383889520712,39.8902051834657,10000,19.31419760386149,27.195534833272298,10.246469402313233,1618.8666666666666,298.93333333333334,39.43333333333333,67.21256535847982,782.7,140.93333333333334,681.2333333333333,174.96666666666667,7.689057683944702,29.283657391866047,697.8843343098958,31.70080846150716,5.441483283042908,26.259325091044108,25.74485003153483,12.081311162312826,287.8333333333333,134.2494033463485,25039.316666666666,44445.56428571429,79638.40714285715,759.7316705211607,0.728673946251058,0.16365614149397864,0.023176044285271504,0.0019139710126281986,0.041172105712790244,0.013822105640014135,16.32943341861292,16.351652081737893,16.473544298370708,16.879362242429934,17.453509287274205,17.75615040669904,16.873941955854114,0.6072584236960826,0.8118004395241823,5,0.5043999729672219,0.7493451458536545,0.4075907365236987,0.7855821286164907,0.18683218577925015,0.032502225278218416,0.04729645740927432
1616,3.750199360872347,0.014017919349460069,65.98098070000013,0.2780701052194625,0.002108438034489941,-0.0026256248420602852,-1.35385652857547e-4,113.78696186241906,G01616,101.06046946344617,39.8902051834657,10000,18.44292793273926,26.480313262939454,9.256130046844483,1664,303.64,45.2,62.66163726806641,784.72,156.64,619.8,187,7.398454189300537,27.955799102783203,709.4454711914062,30.87188003540039,4.402099990844727,26.469780044555662,22.211515045166017,11.151045112609863,428.28,193.77769049437381,26380.009523809524,46741.15714285714,93308.14761904762,666.6212712951451,0.7178665910414456,0.1339739324383974,0.023941241531788237,0.0017065192752470232,0.07103211455289629,0.010824990588970034,13.834747139745112,13.787689048411735,13.799211953581647,14.082766132661195,14.712785765041689,15.022225688054457,14.20657095458264,0.5322649845308822,0.8386055970120764,5,0.5210549537408227,0.748287946084683,0.41432709695806713,0.8014302154585589,0.15791517397018562,0.031436317029993784,0.04704423319018348
1617,3.812294658098681,0.014311750888736506,64.3773878000001,0.2866599389001852,0.0023812585508839533,-0.002694099838489501,-1.399908536853158e-4,114.39770227780336,G01617,101.95878474756569,39.8902051834657,10000,17.95920705795288,25.967108154296874,8.782804155349732,1605.2,284.26666666666665,43.6,59.97115987141927,746.8,150.23333333333332,565.3666666666667,188.6,7.568909692764282,28.308323733011882,705.618398030599,30.53606669108073,3.7907166481018066,26.74534994761149,21.77514705657959,10.63853047688802,525.6666666666666,180.68611253875548,25964.854545454546,46159.66136363636,81811.4,616.9015250744642,0.8123369427089518,0.0796877455944406,0.015352173113820653,1.5329743037852735e-4,0.04649182728769772,0.004415164401932198,11.273678847230816,11.305507760144753,11.207879695625008,11.452296982190767,11.814965123302757,11.841776202647889,11.482684101856998,0.2795973194840996,0.5861590783991549,4,0.42282439778925296,0.8475641227529861,0.2720913867010275,0.8633972318289603,0.09503991870826126,0.03162933916179681,0.0467841564488179
1618,3.8409678303446326,0.014225045949721963,72.35067480000005,0.2779802689308486,0.002501616743116721,-0.002725486668629244,-1.3824197839207246e-4,113.63841638086689,G01618,102.8571000316852,39.8902051834657,10000,18.00531867980957,25.8555948638916,9.044175090789794,1586.92,274.04,39.56,62.04192977905274,751.08,129.52,560.76,180.8,7.8678391456604,29.496933975219726,689.18130859375,30.610539855957033,3.9264400100708006,26.684100036621093,21.77313507080078,10.79895004272461,532.08,226.9944786406342,25774.861363636363,45637.718181818185,76307.26363636364,610.4977014413296,0.7360418363680373,0.08328034770791636,0.01396069537077189,1.1459750627994639e-4,0.13074056131207482,0.008586007166226971,11.800462360149576,11.99439634224726,11.820417487145862,12.262247455360708,12.657087850069141,12.745354650071043,12.213327690840599,0.4135543622011941,0.7948696859044402,4,0.5733772770036519,0.7566810338708911,0.4017547303067255,0.875483002352619,0.09724104307868825,0.03199058767976719,0.04816019079395144
1619,3.7679766291254513,0.014061226147780952,67.77693220000006,0.29616365455064086,0.0018938797098108327,-0.0026822358509749735,-1.3326487687277973e-4,112.63428926896043,G01619,103.75541531580473,39.8902051834657,10000,19.112548383076987,26.874286206563315,10.303494469324749,1618.9666666666667,278.8333333333333,36.36666666666667,64.07891438802083,772.5,121.83333333333333,586.2666666666667,180.16666666666666,8.026224247614543,30.1748597462972,679.6670654296875,31.697933260599772,5.09023331006368,26.607700030008953,22.799526341756184,11.964591693878173,352.53333333333336,165.26399639893475,26763.038095238095,47201.63809523809,108308.65714285715,686.5579666687436,0.8273021459685147,0.07447831399612242,0.027761462912718124,5.882605389153632e-4,0.02591172040832844,0.012213398822402967,12.26177515961267,12.443897690085604,12.356226740028902,13.115817906863203,13.92239879207013,14.311935843812227,13.06867535541212,0.8747320567015778,0.5901160790615453,5,0.36665973536628,0.854425628970839,0.26234243504951693,0.8660155257381615,0.10223977690884055,0.032074780867905814,0.04724546628123357
1620,3.6570431096013536,0.014144029531799693,63.237347499999906,0.2893796515393665,0.0016552143478001803,-0.0026741047003691486,-1.373394791955248e-4,115.83476182130691,G01620,104.65373059992424,39.8902051834657,10000,18.887126235961915,26.379866638183593,10.260465049743653,1709.6,297.68,37.04,61.35916549682617,787.24,139.96,608.28,194.92,8.262945766448974,31.152593688964842,660.8499584960938,31.277579956054687,4.739189987182617,26.53838996887207,22.516701583862304,12.590238342285156,427,105.99921383356262,26760.359090909093,46803.63181818182,82451.625,711.4849052773495,0.8210862716300176,0.07848529858370625,0.017452210901511292,1.850151174756647e-4,0.04477579369487073,0.004441326528722239,10.50941325684321,10.799729294253531,10.66829700596475,11.009735621457658,11.642307951474665,11.941032138190378,11.0950858780307,0.5717968889646066,0.5835566448871965,4,0.42094713882828017,0.8496111886576693,0.26907159526688595,0.8704884069710862,0.09593750948521754,0.03034962188650931,0.04334618925497233
1621,3.6455963433110963,0.014036269212265659,60.33163260000003,0.2895881584549151,0.0012803399267879907,-0.0028267626009530742,-1.3779619203831898e-4,115.12037951083592,G01621,105.55204588404376,39.8902051834657,10000,19.219645919799806,26.463775177001953,10.762840042114258,1675.52,280.48,36.24,58.97191909790039,745.16,140.8,592.24,193.4,8.56009822845459,32.44813499450684,644.0297412109375,31.479070129394533,5.0881399822235105,26.39093017578125,22.720431671142578,14.316951560974122,393.72,114.76807047258399,27506.383333333335,47931.29285714286,91662.89047619047,743.4097459086518,0.7710565002665369,0.047960090714204456,0.01648993766938394,1.1595805022059381e-4,0.1229589852639487,0.0069171296397975155,11.921541456091921,12.095821696587954,12.054361422676731,12.562976373956142,13.085066817678221,13.282890432281166,12.500443033212022,0.5754569637565636,0.6971530890708646,4,0.5028896521714791,0.7986096499627172,0.34319334415891256,0.9010485732205037,0.0644500283835884,0.030640008596686745,0.043484711454125254
1622,3.780545673147611,0.014133252860418942,53.644240799999864,0.3402552065249744,0.0018450406075996603,-0.002713652928931818,-1.1745078328096325e-4,110.02614785060823,G01622,106.45036116816328,39.8902051834657,10000,19.512922604878742,26.38842906951904,11.513444519042968,1543.0333333333333,245,32.4,58.124288940429686,676.4,126.76666666666667,556.1333333333333,167.13333333333333,8.511695035298665,33.30290196736654,611.5499206542969,31.39527473449707,5.831499965985616,25.563774808247885,22.621352767944337,13.122141679128012,376.03333333333336,124.88849739511319,26354.8,46035.83409090909,94917.46818181819,772.413497321958,0.856209060855081,0.04369866780582781,0.022662915748170934,8.887944114560574e-5,0.03255600911970189,0.012678099011156225,11.950048932638962,12.156987526247473,11.917547653606778,12.48399400315338,13.002339655149308,13.35047050904671,12.476898046640436,0.5885666786006369,0.5079661812046763,5,0.31561713395730345,0.8846106974612421,0.2135743464651867,0.9015320484270847,0.06636158355399874,0.03310213695702923,0.04708212073710256
1623,3.914600008046816,0.014047337764122526,85.10420730000006,0.3404772000491513,0.0014994239099628637,-0.003194359109971317,-1.0532304787748634e-4,104.78060998509744,G01623,107.34867645228282,39.8902051834657,10000,18.68957229614258,25.29245819091797,11.257601623535157,1439.44,230.2,29.8,59.13479293823242,619.12,110,530.52,147.6,8.460968379974366,34.63084884643555,579.5953588867187,30.270840072631835,5.842880039215088,24.427959823608397,21.286959915161134,12.955644989013672,518.28,223.8203371754527,26123.623809523808,46221.87857142857,91644.95476190477,767.1551837783505,0.8641374342905823,0.026682671960554818,0.03435138891195434,1.3928571530422295e-4,0.02717254347588815,0.004701823500927647,12.989254875244626,13.183484534151715,13.355023775093743,14.050572849744832,14.912865251389775,15.510375308201167,14.000262765637643,1.0219012947986557,0.44004275785267843,4,0.3174237522665811,0.9027902660492346,0.18207468346105582,0.8961510869827023,0.06103406087250916,0.03558723180173054,0.0539755536358881
1624,4.2233898362913935,0.01426539828648144,88.01931799999977,0.37909594890630244,-0.003129455688494748,-0.005838551450180742,-5.96335275485556e-5,87.86940091357907,G01624,108.24699173640234,39.8902051834657,10000,19.645904813494003,26.502173287527903,12.284276871454148,1226.857142857143,199,25.80952380952381,59.76439739408947,524.7142857142857,92.14285714285714,399.9047619047619,133.23809523809524,7.767245973859515,32.84229115077427,589.4522356305804,31.05145972115653,7.4291096187773205,23.622350056966145,22.045862379528227,16.256607282729377,266.76190476190476,241.9770453497407,29262.882037533513,50986.5308310992,204028.21983914208,717.8495808981623,0.5822291499082707,0.06340881940080126,0.1462705876516538,1.7522704982120334e-4,0.06407767812194219,0.041572360247036304,22.86613042574717,23.393644518436822,24.5020556731359,26.415316116321645,27.775875252463084,28.18996646580018,25.523831408650796,2.2636174127656,1.096018553100881,5,0.6809946159670563,0.648554321329923,0.5406020160803514,0.6880544153270703,0.20967940705245505,0.04450469221894835,0.08428214567066027
1625,4.353425637748195,0.015840428305330608,110.16394320000005,0.4427502727031094,0.0015431607877554585,-0.0055640930166655994,-2.9161094915098212e-5,82.69675893406242,G01625,109.14530702052186,39.8902051834657,10000,20.326163291931152,27.473267793655396,12.885956883430481,1131.75,195.125,23.5,61.12504291534424,489.125,79.625,359.125,151.125,6.287046015262604,28.291118144989014,606.3368759155273,31.164291381835938,8.946424841880798,22.21786642074585,22.856788635253906,18.65662455558777,58.875,54.18074908515543,32059.411111111112,54552.97777777778,387494.0444444445,472.1588375334054,0.2940707118448928,0.12146078935639931,0.23001781607801416,1.1158244289295135e-4,0.026561416490230735,0.18837447430920737,32.009455001711046,33.348907414193405,34.482350445842336,35.97087676217808,37.14219215415787,37.3174480771465,35.04520497587154,2.1366946781652203,1.4369817705557681,5,0.8928469743716234,0.3417055641895276,0.7430163784475818,0.5091181850872238,0.35147860543441345,0.04892232946215092,0.091188449544211
1626,4.369809688873556,0.017336730122574993,79.10100249999985,0.34444461258716946,0.0058149137934640355,-0.0024311635805892456,-1.8849992400970058e-4,115.9629528648226,G01626,110.04362230464137,39.8902051834657,10000,20.29581928253174,27.476412773132324,12.723804473876953,1199,228.5,27,62.15509033203125,523,86,359,231,5.650085687637329,25.797584533691406,612.89569091796875,31.209985733032227,9.320967674255371,21.889018058776855,22.27926731109619,18.703791618347168,19,4.242640687119285,NA,NA,NA,112.08678087146802,0.08342222108573576,0.013779629655160804,0.024172221982923844,0,0.02573148133039164,0.7650129621744983,NA,NA,NA,NA,NA,NA,NA,NA,0.6264805779507007,5,0.3892542689038664,0.8387210089074368,0.2864557803118678,0.8741666645906258,0.03795185163808465,0.034205402359641986,0.05226195286377316
1627,3.5125825034385114,0.013473343727241353,67.01433419999996,0.09222618774461347,0.003936766464515091,-0.001216881743768817,-6.990635942054819e-5,109.82445238802939,G01627,110.9419375887609,39.8902051834657,10000,18.523172310420446,23.76434768949236,12.628664697919573,2309.8571428571427,348.5,55.07142857142857,53.957166944231304,950.3571428571429,198.14285714285714,938.8571428571429,282.2857142857143,6.140207835606167,32.63047586168562,459.85254342215404,27.61483587537493,8.760683864887271,18.85415199824742,22.982622078486852,14.921672684805733,689.9285714285714,807.2739945011248,29760.558659217877,51613.167597765365,225430.6312849162,789.3848770510883,0.7230162220809317,0.10344609073972742,0.1084080990334912,5.053370802060806e-4,0.020440894225421866,0.01596980338032215,25.025783111588463,25.306078231403383,25.60251088232064,26.376832105696185,27.56315754119432,27.34234352949933,26.202784233617052,1.0704433640800353,0.8558033158782238,5,0.531740497267095,0.7440073121570303,0.42196424670329946,0.7599322567668818,0.21185418977321863,0.02841372354527176,0.058138712572786605
1628,3.1062508156952533,0.012291101227852895,50.03500779999981,0.078385512120871,0.0038446664154801508,-0.001297567843099501,-1.0884311433662087e-4,121.37490889547036,G01628,111.84025287288041,39.8902051834657,10000,18.622436332702637,23.761505063374837,12.993885930379232,2934.0666666666666,399,134,37.98636843363444,1082.6666666666667,435.73333333333335,958.0666666666667,451.3333333333333,5.541136837005615,31.195731099446615,441.7826700846354,27.454797108968098,9.670593070983887,17.7842041015625,22.808611361185708,13.796199417114257,689.8666666666667,570.2107212835152,29341.21153846154,50283.33076923077,209060.1923076923,911.4678179930904,0.8298310883448164,0.03592545779182659,0.0832869078352037,1.1463599233362908e-4,0.008634523997403753,0.026447691823031135,19.614035728762538,19.78840025627958,19.851808352592496,20.331707991781972,20.909638394616934,21.13650266962465,20.272015565609696,0.6325913919441599,0.6134749233571,4,0.4425286148185125,0.8431183761401572,0.27985943849389716,0.8650279401575849,0.1192123656270303,0.022446542708177857,0.044081517661436934
1629,5.267794576315372,0.019131112448578177,129.24087209999968,0.40940718857988234,0.004733958938999914,-0.0068012097647802364,-1.8500432138720838e-4,103.45789156406515,G01629,112.73856815699993,39.8902051834657,10000,NA,NA,NA,NA,NA,NA,NA,NA,NA,NA,NA,NA,NA,NA,NA,NA,NA,NA,NA,NA,NA,NA,NA,NA,0,NA,NA,NA,NA,NA,NA,NA,NA,NA,NA,NA,NA,NA,NA,NA,0,0,0,NA,0,0,0.0454474000335549,0.07928338286381827
1630,5.267794576315372,0.019131112448578177,129.24087209999968,0.40940718857988234,0.004733958938999914,-0.0068012097647802364,-1.8500432138720838e-4,103.45789156406515,G01630,113.6368834411194,39.8902051834657,9999.999999999922,NA,NA,NA,NA,NA,NA,NA,NA,NA,NA,NA,NA,NA,NA,NA,NA,NA,NA,NA,NA,NA,NA,NA,NA,0,NA,NA,NA,NA,NA,NA,NA,NA,NA,NA,NA,NA,NA,NA,NA,0,0,0,NA,0,0,0.0454474000335549,0.07928338286381827
1631,5.267794576315377,0.01913111244857817,129.24087209999968,0.40940718857988384,0.004733958938999738,-0.006801209764780427,-1.8500432138718683e-4,103.45789156406516,G01631,114.53519872523897,39.89020518346567,9999.999999999804,NA,NA,NA,NA,NA,NA,NA,NA,NA,NA,NA,NA,NA,NA,NA,NA,NA,NA,NA,NA,NA,NA,NA,NA,0,NA,NA,NA,NA,NA,NA,NA,NA,NA,NA,NA,NA,NA,NA,NA,0,0,0,NA,0,0,0.04544740003355485,0.07928338286382156
1632,3.852107848278574,0.013916054147270821,81.94302520000002,0.35141828965785493,0.0019205461613443105,-0.0026182175039809468,-9.789366449841134e-5,104.56781686961205,G01632,115.4335140093583,39.890205183465675,9999.999999999976,19.720036506652832,23.55147933959961,13.841458320617676,1542,325,10,90.08959579467773,884,40,884,40,11.341322898864746,48.40027618408203,409.884033203125,28.64712429046631,5.214500188827515,23.43262481689453,23.55147933959961,14.596478939056396,1055,199.4041122946064,25673.61224489796,45780.36734693877,106857.61224489796,786.7441162284745,0.6056232717270742,0.23501735771772847,0.052406835663296444,0.003964976973374263,0.05415775732629994,0.007698387041294192,15.477634695571238,16.481928711801064,17.123829041175018,18.489090578293236,18.44184344842678,18.62885131962656,17.440529632482317,1.2950976310869369,1.0174646277457329,4,0.733945586364352,0.6316019528492951,0.5347468409455765,0.6714443930680426,0.28742419338102493,0.03514297136084937,0.05512966428447063
1633,3.8867896963077166,0.013785083681214463,55.67458890000015,0.2384516054359049,0.001812027176823605,-0.003234251451580331,-1.2878790913210486e-4,109.6749116694554,G01633,116.3318292934779,39.890205183465646,9999.99999999972,18.339525434705948,22.32450909084744,12.534717559814453,1502,328.8888888888889,11.333333333333334,90.88119167751736,875.5555555555555,44.77777777777778,875.5555555555555,44.888888888888886,11.273263931274414,49.02031580607096,410.0165303548177,27.086138831244575,4.083722260263231,23.002416398790146,22.32450909084744,12.688036918640137,1384.888888888889,376.58878250833646,26860.222222222223,47647.067901234564,101288.57407407407,672.5072338503933,0.7751775761958859,0.08854273797524082,0.012025564249432545,3.688910678705532e-4,0.0937913639586579,0.009961285562114695,9.584038474796564,9.8829603605461,9.934776323724732,10.6805621523324,10.75542308783844,10.880032708241298,10.28629885124659,0.5490829909313188,0.7308093690987889,5,0.45407739152454724,0.7911045526748,0.3565721808016026,0.8792991167845291,0.10056830222467336,0.03354106022745456,0.05361310533221315
1634,4.034331772996491,0.014463476183202295,67.70578880000035,0.25723289652847353,0.0015990655451720045,-0.0037689463106783754,-1.5603807062660008e-4,111.19775542201923,G01634,117.23014457759714,39.89020518346546,9999.999999999474,18.813929023742677,22.81636344909668,13.158669929504395,1346.44,288.84,11.92,89.254241943359375,774.96,46.96,774.96,47.72,11.86082420349121,50.350588989257815,403.78309448242186,28.079920120239258,4.520000019073486,23.55992012023926,22.81636344909668,13.854944915771485,1457.84,303.39161711117424,27960.185990338163,49513.17632850241,110569.3502415459,547.2135191894879,0.6364305996929672,0.1150923644569195,0.005438053268886904,1.7139298783815963e-4,0.2167757617216212,0.0030261735916404476,12.028325057888653,12.258276386805072,12.111870650624812,12.291388981371338,12.46029301570905,12.532222192313535,12.280396047452077,0.19407732663162755,0.9135174762012228,3,0.8315194410475013,0.6514568788386703,0.5124472946729431,0.8564039279940671,0.12053041772580642,0.03434022452415958,0.05446321668776459
1635,4.257531919734936,0.015081782268662393,81.53695789999998,0.29153718125264433,0.001668173630461519,-0.004239947708802402,-1.494367007374819e-4,107.92699407216413,G01635,118.12845986171706,39.89020518346571,9999.999999999958,17.697774918874106,21.866620763142905,12.117088921864827,1186.9666666666667,242.5,12.566666666666666,86.18000768025716,665.9,46.5,665.9,48.333333333333336,11.61056105295817,50.34238967895508,403.9538116455078,26.781274795532227,3.7178333163261414,23.063441530863443,21.866620763142905,13.058452828725178,1708.7666666666667,287.84894066797983,27263.372727272726,48695.3,103940.39318181819,487.45572296783274,0.6779031812443796,0.07489477016910209,0.006923203999462522,1.5117530466608742e-4,0.21566291907099602,0.004330605110711757,11.794994471385499,11.91236201293403,11.810688872167594,11.959840137981674,12.23292610620432,12.21338877168674,11.987366728726641,0.19286831919891836,0.8448796284346581,3,0.7690425795791329,0.6918326400036,0.4670144966143134,0.8980478807307535,0.08181797416856461,0.0370226684826554,0.058837320250824963
1636,4.313925362916767,0.015560170865868724,96.26301729999999,0.32858814210655884,0.0018087946154753747,-0.0042487286043529715,-1.4245919110354385e-4,107.59631582076551,G01636,119.00073545077201,39.90789231187076,9316.951455718287,17.96790916442871,22.190591506958008,12.349560012817383,1130.44,230.8,14.04,85.174150390625,633.84,48.76,633.84,50.68,10.922018508911133,49.31788650512695,408.1930126953125,26.76532012939453,4.618820009231567,22.146500244140626,22.190591506958008,13.851419944763183,1617.16,225.64845076652605,26815.404761904763,48117.75,95043.39285714286,482.0653500522542,0.8195874204813103,0.0846422746223247,0.0031729610930025837,0.0010342592621899094,0.0754321175556114,0.0010046670423059692,9.353007952705552,9.492099997010182,9.315061521758713,9.368038563302637,9.529774938849648,9.50532916322163,9.427218689474726,0.09210577128277414,0.5932874745842373,3,0.5400335320329455,0.8321751514271207,0.29421979427962675,0.8970584643414176,0.08781523571532728,0.03758070411820168,0.05763540107913286
1637,4.331360441682064,0.01536024979714674,83.72239710000017,0.2850698704750395,7.588030268645675e-4,-0.0048991641899068855,-1.715374829785457e-4,107.78802236359125,G01637,119.7804023709991,40.1006206181111,2946.9911648248467,18.23034034729004,22.439993209838867,12.494441680908203,1082.44,219.52,14.68,84.50812347412109,607.88,50.32,607.88,51.44,10.592422485351562,48.340962677001954,416.35166259765623,27.243370056152344,5.325469970703125,21.91790023803711,22.439993209838867,13.07689826965332,1465.48,274.68650616050775,28598.18409090909,50636.76818181818,129421.81818181818,414.9816939695803,0.6732611205838819,0.11890354470352725,0.006937467261349841,0.0037592031522966267,0.15607392444688076,0.001925888511436101,11.527568984874499,11.89037948994668,11.832435118530666,12.110084060711229,12.389717972185741,12.383606529807244,12.02229869267601,0.33806948622622945,0.8727630567181778,3,0.7944231697756287,0.7006851317937454,0.46727168241955697,0.8350201366944953,0.1258410119648771,0.03775600991402633,0.062496549125272
1639,4.393945467017705,0.015979680009050437,83.56927890000009,0.32422665628014175,0.0021840291939181442,-0.004207043955198801,-1.696452928425011e-4,109.57790573301229,G01639,121.85466958923632,39.80204695682132,5838.690274882342,16.035699729919433,20.68300163269043,9.890716705322266,1103.28,223.12,11.88,84.72510620117187,620.56,46.16,620.56,46.16,9.97448585510254,46.67614074707031,446.4140637207031,25.019580078125,3.6502800130844117,21.369299850463868,20.68300163269043,9.890716705322266,1631.4,196.6244304929239,28424.011363636364,50234.90454545455,126058.10227272728,376.0004715297645,0.3762566497788718,0.32694392991690596,0.012503759829017606,0.0031350542530633354,0.21997442958342583,0.00569649271822126,13.903843717610508,14.189799871688178,14.223475006720323,14.47829083140114,15.20233561726021,14.948924123447862,14.49111152802137,0.49454988642759434,1.1802647056373943,4,0.8513810188796704,0.39836160958055616,0.6670229126779053,0.6050626263335822,0.33944768974592354,0.03751739360310351,0.059118523820214555
1640,4.238174203679663,0.015807010896671334,75.41738260000002,0.3410055270403771,0.002266427766880271,-0.0036342174897187065,-1.6026107673171652e-4,111.34287726665062,G01640,122.60493927939766,39.903840186787164,9556.770645501321,16.370283285776775,21.542141723632813,9.68749713897705,1192.1,234.7,13.7,82.89157231648763,655.1333333333333,49.733333333333334,655.1333333333333,49.733333333333334,9.227159627278645,42.707518641153975,485.8970916748047,25.604091580708822,3.9909249782562255,21.61316661834717,21.542141723632813,9.68749713897705,1465.0333333333333,138.30812261616884,27557.416666666668,49132.92857142857,106113.37619047619,434.8688827695809,0.5818327951460803,0.16907500237337914,0.00813061456653418,0.004873520255839335,0.20213279532304335,0.0018545549020490331,11.541240781602786,11.624315216094399,11.614926821262015,11.85376206694719,12.270423133301255,12.178114216628263,11.847130372639318,0.311738534911153,1.0165870367075376,3,0.9253373980915373,0.6011294828146022,0.5644170781269495,0.790693665627012,0.17720561693991332,0.03578752863915419,0.05320333561227877
1641,4.15431175486717,0.014931553418954087,74.12854490000015,0.32187490218308445,0.0017292566003947964,-0.0038737873358539172,-1.3103729641984077e-4,107.308190537934,G01641,123.48726626738137,40.009069455030215,6419.02707921165,18.511288833618163,24.169440002441405,11.363173332214355,1235,253.12,10.72,86.80482604980469,700.56,45.44,700.56,45.44,8.37122579574585,38.203753814697265,523.49564453125,28.28239990234375,6.362889957427979,21.919510116577147,24.169440002441405,11.363173332214355,992.72,244.28629378934326,25975.802272727273,46691.961363636365,84944.82727272727,566.1102012351744,0.7786091188411733,0.0575496446414033,0.005060877303429436,0.00457258699297993,0.13975815556629984,0.002420931533955917,11.553046874481662,11.677184407759267,11.607951458180063,11.688105010563893,11.583049812531536,11.621718553501761,11.621842686169698,0.05269560542876458,0.696570285544621,3,0.6340455980053711,0.7880887907523322,0.3554584377168355,0.9253607929344091,0.06261052194483274,0.03645996453705937,0.05479647771802873
1642,4.047179645379741,0.014665162253205702,66.70250570000003,0.3406483413235019,0.0019327512312446527,-0.0033646187747780557,-1.236502446643802e-4,107.52460806614917,G01642,124.1510042904868,40.067070772951645,2201.9824763998104,20.403799743652343,26.475568618774414,12.901239852905274,1321.36,255.96,14.84,84.54005493164063,740.28,61.16,740.28,61.16,7.94928581237793,35.54731399536133,554.6323754882812,30.604630126953126,8.245160045623779,22.359469985961915,26.475568618774414,12.901239852905274,576.32,200.3860274570061,25386.827272727274,45352.204545454544,79978.27272727272,616.084575738633,0.8418199027634305,0.05099161058003282,0.013054395813572721,0.0010595117858306997,0.06244558555083585,0.016323671876309384,12.47134541617903,12.610516754163147,12.761368746084523,12.899959238692976,13.05492630889085,13.09533609357625,12.815575426264465,0.24744988454725148,0.595281591294213,5,0.3698692485713314,0.8540371792972453,0.26348006777252153,0.9216486719764065,0.06404600639360554,0.035621389282805914,0.052167502113528934
1658,3.215649417769434,0.012674784500005209,37.67113109999986,0.05384225057990608,0.004251066297041319,-0.0015296874474821321,-1.042487620532704e-4,123.46763958118905,G01658,74.147793195727,39.20028357467078,9064.78146471207,17.435484528541565,21.723820447921753,12.463616967201233,2593.125,360.75,83.75,48.06189203262329,1004.625,276.125,923.5,301.125,5.614781439304352,34.675318241119385,377.15628814697266,25.115337133407593,8.92374986410141,16.191587209701538,21.10661792755127,13.048281788825989,1085.75,727.7709117572645,30277.26282051282,51485.63461538462,217419.03846153847,902.0073627034255,0.9025028292459325,0.02310088708169515,0.011216350994475117,6.608007691340041e-4,0.01990402780652286,0.015368592696015716,9.23689026567099,9.200127489106439,9.27076702953341,9.661693623980058,10.1358971286526,10.290810988134693,9.632697754179699,0.48206593973650713,0.3598925944472959,5,0.2236138416193995,0.9277816423466153,0.13785556069117522,0.9384362505176052,0.034317238076170264,0.023064425297267262,0.04496124844458794
1659,5.487904812795198,0.019823535500375744,133.89992309999954,0.4271825885522158,0.006750968114183888,-0.006538171138514899,-1.6828864972437594e-4,103.79996736572706,G01659,75.00932622398004,39.197490485790226,10000,NA,NA,NA,NA,NA,NA,NA,NA,NA,NA,NA,NA,NA,NA,NA,NA,NA,NA,NA,NA,NA,NA,NA,NA,0,NA,NA,NA,NA,NA,NA,NA,NA,NA,NA,NA,NA,NA,NA,NA,0,0,0,NA,0,0,0.046718283863108785,0.08052717332866112
1660,4.0911012211646085,0.015113746880551147,66.72053070000008,0.27093987473244807,0.0032553274939792673,-0.003186662468640999,-1.4594894454142762e-4,114.01308330856523,G01660,75.90764150809956,39.197490485790226,10000,19.026243845621746,22.714680194854736,13.702208280563354,1424.8333333333333,293.25,10.75,87.82247797648112,793.1666666666666,39.083333333333336,793.1666666666666,44.416666666666664,12.062057256698608,51.710311571756996,379.0797348022461,28.389104048411053,5.061666667461395,23.32743724187215,22.714680194854736,15.118802150090536,1488.5,259.5231641439213,28238.230088495577,49936.845132743365,108583.33628318584,554.1364700271185,0.7237055967339993,0.10486938273319074,0.005987555541583421,1.6502057637759665e-4,0.14733069953140265,7.884115211659881e-4,11.045338639616967,11.28262962003549,11.157487378269433,11.283184471776089,11.618067931135496,11.62056793342034,11.33454599570897,0.23770452320108448,0.7868667423882785,3,0.7162369750498855,0.7363362173366962,0.42391576241543927,0.8719897283629454,0.11085693827477416,0.03370253785076544,0.05152104233723055
1661,4.058690225990161,0.015153036067221664,66.18466879999998,0.29607273152514946,0.003117276873552178,-0.0030888400192932326,-1.3304717018210093e-4,113.28589631094565,G01661,76.80595679221908,39.197490485790226,10000,18.995550028483073,22.751872126261393,13.668256950378417,1431.1333333333334,300.3333333333333,13.966666666666667,87.79238510131836,805,45.8,805,55,11.60317497253418,50.95028228759766,380.68780008951825,28.250741640726726,5.479716690381368,22.771024894714355,22.751872126261393,15.192320760091146,1427.6333333333334,219.11994563414947,27759.686602870814,49460.52631578947,110723.77272727272,615.9099656413723,0.6948011988722795,0.08529452469319473,0.004250523927217145,5.837534236346161e-4,0.18007614471191727,0.020297602187577698,10.619740576925528,10.738895309560267,10.590652463228194,10.707040439032967,10.845397119966137,10.800726829029319,10.717075456290402,0.09949639291298025,0.8766385887314256,4,0.6323610723073637,0.7051644738107259,0.46140395923174293,0.8957586991954091,0.08954504862041188,0.03382194637569977,0.0496528265059232
1662,4.16418840179481,0.01564854221364812,72.29056030000005,0.32777094670112583,0.003711170627589056,-0.0029355182567805086,-1.3314532621922087e-4,113.0536755207538,G01662,77.7042720763386,39.197490485790226,10000,18.672015686035156,22.448911590576174,13.36006160736084,1373.4,288.72,16.08,86.37516387939453,772.12,55.44,772.12,59.36,10.743173370361328,50.1238362121582,380.2655395507812,27.45568000793457,6.020860004425049,21.434819946289064,22.448911590576174,14.766976699829101,1406.28,169.74307055075914,27058.348370927317,48298.802005012534,97888.33333333333,552.4014702637668,0.8276608113294939,0.05817322297403983,0.006845043043282929,7.067059499556196e-4,0.08863824360781197,0.0036240086045350966,9.302487244844944,9.532829674049292,9.567440820991274,9.62029260716746,9.850138955577219,9.82685840583473,9.616674618077488,0.20340283099239734,0.5906452529605143,3,0.5376284782655912,0.8397123329140307,0.2832503356352918,0.9206297694917965,0.06501826601732276,0.03456224471082846,0.04999982724263116
1666,4.011992089676287,0.015248126894099663,65.15998739999995,0.2882277935543287,0.0037281608492255557,-0.0027168886042485464,-1.436518130778427e-4,116.02058268122757,G01666,81.29753321281669,39.197490485790226,10000,17.056414794921874,22.058075046539308,10.610947799682616,1527.5,352.15,10.9,90.75506591796875,880.95,54.45,880.95,54.45,8.403106236457825,41.41214084625244,469.3676055908203,25.870937442779542,5.581112504005432,20.289824771881104,22.058075046539308,10.610947799682616,1334.95,176.23353973156128,27401.533333333333,49158.815873015876,111333.36507936507,551.8237298575806,0.6607067237720281,0.13770949874661179,0.011260403434041569,0.0017502322775030479,0.15389836182805844,0.0018970537884642974,13.533180683828565,13.67730274034987,13.718590974408622,13.868638412427401,14.64257662888804,14.492066811361445,13.988726041877323,0.46320029355698367,0.9058423413280585,4,0.6534271268306189,0.6830970932300324,0.48764751666573125,0.8182523716660538,0.14896990218065337,0.03240812987978231,0.04782589745754666
1669,3.9713665145143264,0.015151566563076195,69.06177299999995,0.362553455822146,0.0037216165531012034,-0.0023046169510878667,-9.935335032112333e-5,110.87084477028912,G01669,83.99247906517525,39.197490485790226,10000,21.472913551330567,27.725997161865234,13.849500020345053,1525.7666666666667,274.5,30.433333333333334,77.11183675130208,810,105.83333333333333,810,118.23333333333333,7.375693766276042,32.97624734242757,569.2114217122396,31.59317487080892,9.21995833714803,22.373216692606608,27.725997161865234,15.39499724706014,368.96666666666664,124.48472647853944,25692.624060150374,45784.160401002504,81063.81704260652,730.777415794863,0.711979021681396,0.1140541339557629,0.017570847402503243,0.001127366258058095,0.13257961095653584,0.004500177696521032,14.188271819397192,14.28399144559412,14.26489948260084,14.446091365971972,15.009241747937839,15.244270758807454,14.572794436718238,0.44350523974772443,0.8579367118881642,4,0.618870519818819,0.7251690061940516,0.44205786004285585,0.850186176592511,0.13162498135826614,0.033978307374167675,0.04868862841051567
1672,3.974832256477223,0.014938484536639762,76.7715205,0.42775634068420915,0.002961895189194976,-0.002474699409700272,-6.888019610747794e-5,102.9641583160548,G01672,86.68742491753382,39.197490485790226,10000,21.35075736999512,27.883916702270508,13.381069946289063,1475.92,257.48,32,65.93049743652344,676.84,116.56,629.6,157.64,7.3427165985107425,31.572280654907228,600.6026831054687,31.902859954833986,8.645009994506836,23.25784980773926,26.997196655273438,15.204999961853026,156.16,113.63489780872776,25773.107655502394,45654.90669856459,107969.28468899522,857.190666201438,0.6350812478707173,0.2105546577556901,0.04909176017598472,7.78329595142177e-4,0.034062046401587685,0.019742078204801804,17.099052025140985,17.197669289764114,17.3856937193265,18.13385572236315,19.04537205777785,20.008356978973552,18.14499996555769,1.1705453376079484,0.961889960835192,5,0.5976558358690816,0.668992391936254,0.4988601925929006,0.6896637020722489,0.2596464179316748,0.03665152386252113,0.057719233600189254
1674,3.760830140044979,0.01481434193285395,62.7854889999998,0.30681224165866977,0.0033709683414029417,-0.0021341349457205607,-1.1642321894501718e-4,116.21700360502254,G01674,88.48405548577286,39.197490485790226,10000,21.55972671508789,27.839562479654948,13.854861164093018,1777.5,315.8,34.13333333333333,68.99695129394532,817.1666666666666,118.36666666666666,756.7,149.5,7.746564626693726,33.14485969543457,576.7927327473958,32.13260014851888,8.761408297220866,23.371192105611165,26.48067506154378,15.436226399739583,192.6,88.54751305917924,26397.409090909092,46436.22966507177,93854.495215311,731.183207726524,0.8591490273773584,0.04651225216930722,0.024500963364667522,2.2955480764855928e-4,0.021621820069351008,0.017024551037215972,13.232319563796414,13.423837337554797,13.71244520321136,14.564924800830171,15.208476740200789,16.176558381561524,14.386427004525842,1.1510857395056189,0.503276711978824,5,0.3127034029027392,0.8865997800877407,0.21019115283645595,0.898024953291574,0.07101321553397474,0.030697464998824534,0.04421784410852813
1675,3.959490950935209,0.015995396641077672,72.49396139999975,0.34540430377532433,0.006108224211856414,-6.420159958604103e-4,-7.832546620325217e-5,104.21708999916103,G01675,89.38237076989238,39.197490485790226,10000,21.85636749267578,28.194188385009767,14.17966667175293,1781.88,302.04,37.16,66.49690673828125,811.56,121.52,761.64,147.96,7.214148292541504,31.533513946533205,578.964775390625,32.28460006713867,9.41495994567871,22.869640121459963,27.22555160522461,15.830750007629394,69.28,66.9648664101806,30075.33014354067,52166.33732057416,206929.44736842104,554.15638941415,0.5063430042413131,0.13590728585069906,0.17229798923491443,3.7868499879512545e-4,0.018226346827101992,0.0507823980094328,23.415236424565794,24.606338781573424,25.58395787751638,26.59930765355515,27.788399839142034,28.470374968113333,26.077269257411018,1.9194196145088873,1.1732614721308114,5,0.7289883400077116,0.5728278640549501,0.6065081776215213,0.575730434076643,0.30820527508561346,0.035666225923180805,0.061895904815668645
1676,3.91095750731932,0.018032037025379817,89.40252510000028,0.40805732956354096,0.009050534660977176,2.44182915997047e-4,1.3591897812741916e-5,90.34977908658672,G01676,90.2806860540119,39.197490485790226,10000,22.00808977197718,28.235228503191912,14.459969061392325,1761.962962962963,289.6296296296296,34.592592592592595,67.79301141809535,817.2962962962963,115.22222222222223,797.0370370370371,146.22222222222223,7.364215285689743,32.2891050974528,569.928776493779,32.25329625165021,9.453287018669975,22.800009056373877,27.566114143089013,16.108896714669687,49.48148148148148,48.2974520512612,31662.59067357513,54299.58808290155,238089.83160621763,506.29461687153895,0.443399490381606,0.09696823482785918,0.2987486328536413,6.274821148379828e-4,0.01369818683761947,0.05415626775687044,32.66327311356902,33.41755653747926,34.0726936560493,34.934418321756034,35.42218480183912,35.95491705002645,34.41084058011986,1.2518843008066476,1.1911923004195415,5,0.7401293900290893,0.4885415639666679,0.6377745887625574,0.5118814270909339,0.3957168676815005,0.03975008345154096,0.0757434701151828
1678,3.780741342593411,0.01444041536600243,63.74831930000025,0.32239629839986733,0.00276467976124438,-0.0023400086691360527,-1.0405714136099639e-4,111.47479774320993,G01678,92.07731662225093,39.197490485790226,10000.00000000007,21.027510234287806,26.877445765904017,13.97778220403762,1670.4761904761904,267.8095238095238,29.61904761904762,66.54875164940243,767.3333333333334,106.14285714285714,763.1904761904761,138.52380952380952,7.0356207348051525,32.90013231549944,535.6056024460565,30.436954589117143,9.055765628814697,21.381188983008975,26.64661434718541,15.606667745681037,219.85714285714286,145.54905898503287,27440.44383561644,47697.86849315069,117698.22191780822,829.7503270779995,0.719589574556419,0.07095079166382595,0.03029668929082058,4.1302693932541003e-4,0.10193027972543998,0.030473761058770362,15.787345046386525,16.017524198948824,16.126612159521706,17.43445731253952,19.187212817899038,20.1055041654491,17.443109283457453,1.8241343822413612,0.8677726869458146,5,0.5391774856560962,0.7545603348473103,0.411648773797346,0.8524066422799548,0.10124748095464653,0.032591223835302705,0.04698886227508549
1679,4.020579555909669,0.015275298184085406,91.63019159999997,0.38143314308947457,0.0033926232837147496,-0.0019155711264928807,-8.020387301506895e-5,100.12887822553655,G01679,92.97563190637048,39.19749048579023,10000.00000000004,21.5163698832194,27.45082689921061,14.59348659515381,1571.7333333333333,261.53333333333336,31.4,66.5969736735026,733.6,103.33333333333333,667.2,130.33333333333334,6.809813785552978,32.388516362508135,537.511376953125,30.98834622701009,9.965056482950846,21.02328961690267,27.428049341837564,16.38383782704671,85.66666666666667,64.1389859898761,30968.610108303248,53190.592057761736,268909.61371841154,693.3800363865757,0.49764042907749073,0.13285813104438748,0.15195261142656755,7.032044084451808e-4,0.0724121541798398,0.050784613160873716,25.02041713333985,25.106764441562873,26.301301622989467,28.222926158648434,30.288582238039094,31.028929693709575,27.66148688138155,2.604168783508878,1.2789862421280773,5,0.7946788330552927,0.5490591949461339,0.639415798901867,0.6215404008266494,0.28481074247095506,0.038483968609898216,0.0651470282400162
1680,4.152308109746633,0.01597818597906529,64.44618390000004,0.255569583498984,0.004595580392506559,-0.002604873168819212,-1.747247157235099e-4,109.7158513520578,G01680,93.87394719049,39.19749048579023,10000.000000000036,20.57338523864746,26.56531524658203,13.78153133392334,1466,254,29,68.35985565185547,691,90,578,119,5.596621513366699,28.55681610107422,536.13946533203125,29.72432518005371,10.126126289367676,19.59819793701172,26.436786651611328,15.806156158447266,148,NA,34943.6,56359.8,419021,322.4520614177997,0.15477002320311223,0.12661438847632564,0.12205347695308126,0.002341247019362865,0.0326424461771248,0.45078297441007503,29.808310327075777,31.36579824304905,32.70028356954354,34.10825434833968,35.32861128307524,36.246978617038856,33.25970606468702,2.438695273991141,1.3357893534053589,5,0.8299725904835449,0.5069508149133598,0.6722355935360071,0.6405366908096749,0.2486678654294069,0.035306950068088094,0.06083815481331022
1681,4.682453220227066,0.01808727056547526,107.95905849999964,0.437489224507412,0.006748906874794433,-0.0024710243340455473,-1.4663980944849942e-4,109.29941606240348,G01681,94.7722624746095,39.197490485790226,10000,22.70304584503174,27.65302276611328,16.87445068359375,1085,209,18.5,76.329345703125,563.5,65,461,93,5.005906581878662,29.50434970855713,450.3685302734375,30.7708797454834,13.796154022216797,16.9747257232666,27.63708782196045,18.53095245361328,17.5,0.7071067811865476,NA,NA,NA,212.88809712727866,0.11445384931105834,0.013384615429318868,0.04829999877927968,2.1538460770478615e-4,0.02053076881342209,0.7671307669236109,32.54053497314453,34.09587732950846,34.85151672363281,37.45389048258463,29.115070978800457,39.78173828125,34.63977146148681,3.7317249303954423,0.7280201550233133,5,0.45234435537948886,0.7957661047362715,0.3495037104205845,0.9023307696557962,0.06168461420859855,0.039194265252811146,0.06005015775401266
1684,3.1459801352807393,0.01404654058589016,34.22293570000001,0.21530841009284726,-3.49108785533226e-4,-0.002950012619755822,-1.1455505105318456e-4,120.87575732467927,G01684,97.46720832696808,39.197490485790226,10000.000000000111,21.77729892730713,25.82212734222412,17.107523918151855,2192,361,64.5,59.48940086364746,969,214,827.5,214,5.1640784740448,34.390602111816406,355.3129577636719,29.030973434448242,14.017869472503662,15.01310396194458,25.652618408203125,17.107523918151855,376.5,40.30508652763321,31915.302325581397,53404.20930232558,267476.88372093026,1157.5012089272218,0.8577517716230905,0.06426382825228186,0.01134333083960182,6.686510905096541e-4,0.0060338357391333565,0.02725229843748116,14.80037030075245,14.732898211113795,14.851099710697415,15.468215918175563,16.554911912286876,17.18134870805503,15.598140793513522,1.0374961795158884,0.47613028488246595,4,0.34345540040849154,0.8867358721903666,0.2083152081647478,0.8917065568902146,0.07560715909188367,0.026041277441430172,0.0380047614466298
1685,5.487904812795198,0.019823535500375744,133.89992309999954,0.4271825885522158,0.006750968114183888,-0.006538171138514899,-1.6828864972437594e-4,103.79996736572706,G01685,98.3655236110876,39.19749048579022,9999.99999999997,NA,NA,NA,NA,NA,NA,NA,NA,NA,NA,NA,NA,NA,NA,NA,NA,NA,NA,NA,NA,NA,NA,NA,NA,0,NA,NA,NA,NA,NA,NA,NA,NA,NA,NA,NA,NA,NA,NA,NA,0,0,0,NA,0,0,0.046718283863108785,0.08052717332866112
1686,4.063461664061248,0.015422460481406278,67.8201431999999,0.31652012065432167,0.003413261101934183,-0.0028666026785820866,-1.3354451666659805e-4,114.09612261167028,G01686,99.26383889520712,39.19749048579023,10000.00000000006,19.932650429861887,23.209244319370814,14.902583394731794,1443,276.85714285714283,9.142857142857142,84.36435154506138,758.8571428571429,34,728.5714285714286,42.285714285714285,12.008330481392997,51.443321228027344,353.97729928152904,29.69235747201102,6.348500047411237,23.34385735648019,23.197119304112025,16.33323805672782,1235.5714285714287,159.76113121663556,27409.592857142856,48988.35,103404.06428571428,593.8473048121047,0.743193715078705,0.07651540403498683,0.0075027216565693,2.4172278393835614e-4,0.1533400393457737,0.001369360274431904,10.529504180758567,10.734057339701113,10.595228305978473,10.69247434864579,11.155889138119162,11.275874938616145,10.830504708636541,0.3093672404719347,0.7481882437677487,3,0.6810302883784473,0.7566908374111989,0.3969144624769113,0.8981448374828489,0.08401812569155613,0.033581623949070896,0.04826631370132875
1687,3.9741644364418915,0.015151046680825581,65.62557379999986,0.31457832095995003,0.003577532998816018,-0.0025909085284625613,-1.234456356203601e-4,114.36747255628924,G01687,100.16215417932663,39.197490485790226,10000.000000000011,19.18611397062029,22.4885698727199,14.230562448501587,1534.5714285714287,308.7142857142857,15.142857142857142,85.14753450666156,825.2857142857143,48.82142857142857,781.3571428571429,59.57142857142857,11.679671049118042,51.54714625222342,350.35730743408203,28.71080344063895,6.054482170513698,22.65632152557373,22.4588406426566,15.723763329642159,1358.6785714285713,163.65162944531235,26526.911270983215,47674.93525179856,98726.96163069544,645.8320053168835,0.7228675909499952,0.07798246390059892,0.007085536152603856,8.020947650603327e-4,0.16541458354200186,0.007094563596700916,10.582090195346234,10.783064237904194,10.829992322957338,10.946397335286164,11.211088685936003,11.285839931021876,10.939745451408635,0.2675686160074784,0.8035655299320892,3,0.7314368665093696,0.7366827251900392,0.42245970667862986,0.8961788328537583,0.08506800005320277,0.032791643237199554,0.04690622762576502
1688,3.9387752130525677,0.014984276525662199,66.17639520000016,0.33557585724381556,0.0036547413514662515,-0.002409724137898817,-1.0250857004340582e-4,111.95230025121137,G01688,101.06046946344617,39.197490485790226,9999.999999999989,20.328669052124024,23.665764923095704,15.400020027160645,1550.12,302.36,17.28,80.31965698242188,812.48,65.28,733.48,71.8,10.83912841796875,51.4135774230957,349.754560546875,29.27599006652832,8.192599964141845,21.08339027404785,23.42472640991211,16.706656837463377,1063.92,174.17948597160728,25577.035714285714,46057.857142857145,88763.99761904762,735.7689604346837,0.8831007501063316,0.03333676852999041,0.006872990764428256,4.458981498255862e-4,0.058250981473164654,0.004252990732859164,8.640204083335982,8.839188518390788,8.797969529734347,9.061061446358273,9.394381763329317,9.933426052540332,9.11103856561484,0.48014623561942815,0.44209238128047335,3,0.4024098272343549,0.8954032507361526,0.19355475915897347,0.9460506204621809,0.04020975929441867,0.03330654507527833,0.0474688495020581
1689,3.965368556106622,0.01523192140418683,74.62551189999998,0.37009273318096364,0.0031335626472160177,-0.002788199215528274,-8.616395955060116e-5,108.34758103184893,G01689,101.95878474756569,39.197490485790226,10000.00000000004,19.635364532470703,23.16516664293077,14.58766672346327,1442.3333333333333,286.55555555555554,16.11111111111111,79.25004238552518,761,67.22222222222223,745.2222222222222,67.77777777777777,10.292215347290039,51.42515309651693,360.1105244954427,28.019722408718533,8.00836107465956,20.011361651950413,23.03816689385308,14.919708357916939,1133.2222222222222,159.84975584730947,25910.172043010753,46813.15053763441,88675.18279569893,824.6953474962086,0.8980302492755732,0.02867152744366042,0.0024640517037780862,4.6340563240424037e-4,0.060386432841394846,0.0018041532057462824,8.736572906096205,8.838189740798455,8.735172551690246,8.821193107426595,8.95465276251594,8.951487295438918,8.839544727327727,0.09758725662374908,0.3927462997224838,3,0.35749308811994573,0.9054368858879169,0.1756317541427762,0.9606842409551185,0.031135579147438506,0.03478129336123474,0.04896422747861795
1691,3.81757205042574,0.014783535895783271,58.268449299999894,0.28152616488979554,0.0029414513012001402,-0.002681134788456429,-1.2855842692766843e-4,116.48317408541511,G01691,103.75541531580473,39.197490485790226,10000.000000000007,22.316301345825195,27.118165969848633,16.1269588470459,1650,331,19,77.322540283203125,839,86,839,86,7.960604190826416,40.79955291748047,453.1178894042969,31.0627498626709,11.551250457763672,19.511499404907227,27.118165969848633,16.1269588470459,320,NA,27439.027777777777,48986.666666666664,121078.75,704.6669910894376,0.9230237240215827,0.02146965514787208,0.004560551731335401,2.662068992604277e-5,0.0381704828257528,2.4137931073020245e-4,11.943305252002324,12.072577983834023,12.09024182783805,12.269418086720464,12.602214166492322,12.623808838204292,12.266927692515246,0.2875790541358494,0.299242451437027,3,0.2723822175699584,0.934714749390038,0.12432012333764852,0.9614622068479918,0.02603020687920748,0.031127303149674594,0.04464322946550847
1692,3.874750007053425,0.015295283006443937,41.02410300000007,0.22683084675707157,0.003801389428407686,-0.0028795913433786284,-1.6908027048215192e-4,122.66617153637024,G01692,104.65373059992424,39.197490485790226,10000.000000000011,18.82990550994873,23.689520835876465,12.544250011444092,1673.5,404.5,9.5,91.37256240844727,956,59.5,956,59.5,8.02806305885315,40.96699523925781,458.3700866699219,27.453499794006348,7.8571248054504395,19.59637451171875,23.689520835876465,12.544250011444092,1010.5,109.60155108391487,28596,50151,102685,469.34347832721215,0.7577263171735563,0.017336841910276377,6.657894815649151e-4,4.473684403867657e-5,0.21011315920776197,0,10.225748327043322,10.301693823602465,10.395928396119011,10.276882463031345,11.27950186199612,11.057279692755806,10.589505760758012,0.4572237472648309,0.6082058491928355,3,0.5536128217992055,0.7685733117452921,0.3635648261186838,0.967884213225357,0.018002631391841294,0.02904468082301197,0.04342010397456419
1693,4.118123519430625,0.015772802322665522,84.39273990000027,0.41566980813214477,0.0032885117067693983,-0.0028297738526352474,-8.55844628741481e-5,106.90376234009878,G01693,105.55204588404376,39.197490485790226,9999.99999999999,21.773626804351807,27.403218269348145,14.730093955993652,1338.25,251.25,22,77.20291519165039,695.75,78.75,695.75,86,7.543171763420105,35.463379859924316,522.8636016845703,31.344374656677246,10.077062606811523,21.267312049865723,27.403218269348145,15.98063588142395,316.25,78.43627987098827,26316.542857142857,47248.038095238095,104176.01904761905,750.9427925757376,0.7711471551884039,0.16277796054812246,0.01792338809342033,0.001262452590946572,0.02117294567583905,0.004882300887885297,15.849017800360569,15.948205635824397,16.05391324569369,16.27622408303209,16.797047785676707,17.45363290596821,16.396340242759276,0.6181431764015989,0.6775193802370685,4,0.48872692498709136,0.7875549144137671,0.35129189228155944,0.7984648543430749,0.1807013486415428,0.036527433149552535,0.05201110542610451
1694,3.9001552277648197,0.015168041474033608,64.0976171999999,0.3711658411941527,0.0033715067403758633,-0.0023062956741441557,-9.738081362643396e-5,111.29640356887651,G01694,106.45036116816328,39.197490485790226,9999.99999999997,21.9920654296875,27.760166694378032,14.807778753083328,1550.5172413793102,286.2758620689655,26.620689655172413,78.22828832165948,828.2068965517242,97.62068965517241,828.2068965517242,103.17241379310344,7.3882097704657195,34.412723541259766,534.3100228145205,31.594198095387426,10.132905203720618,21.46129292455213,27.760166694378032,16.15591812133789,239.6206896551724,79.98679078139958,26152.351674641148,46567.875598086124,96233.15071770335,787.4629655201326,0.6564607059659973,0.23580323877320455,0.015952230761784682,0.0010608922895665987,0.04559208514565748,0.012324874000900573,16.402339994060185,16.592067885354055,16.800121954489185,17.14477594697236,17.27635297567461,17.641886172753363,16.976257488217293,0.4624984292946557,0.8818971252633017,5,0.5479534926137833,0.6787270058365256,0.4772328850472596,0.7154385574021219,0.25175546953498923,0.03347081444605801,0.04696938441191935
1695,3.689127602515918,0.014432458114067905,54.110677300000255,0.35337345908436546,0.002944851158941966,-0.0020400638793098246,-8.584607587106649e-5,109.98132645310933,G01695,107.34867645228282,39.197490485790226,9999.99999999994,21.438595962524413,27.7151953125,13.72821720123291,1726.6,316.6,30.96,77.55855072021484,917.52,113.44,917.52,117.84,6.962502193450928,31.250114669799803,576.9047021484375,31.366130905151365,9.085553016662598,22.280577850341796,27.7151953125,15.255460777282714,169.08,110.9778206069423,26320.452272727274,46362.545454545456,88218.90681818181,943.2358116334306,0.7140187570142934,0.17766439430191244,0.028103130791718826,7.440533559426023e-4,0.023116052285242574,0.015215366805092976,16.4166474121027,16.702358916924926,17.14374916493719,17.703377071608607,18.486928593799604,18.94088961812567,17.56565846291645,1.0002485447345866,0.7964863891178108,5,0.4948848184601365,0.7446524523717785,0.4094689440750312,0.7530942294605716,0.20576752509363128,0.03233902160316615,0.04693678766134962
1696,3.8084109290904506,0.014998643006887163,77.18012690000019,0.40386541785051566,0.0036072002655698466,-0.0019159384534248505,-7.628113485520144e-5,108.54297417333315,G01696,108.24699173640234,39.197490485790226,10000,21.468323516845704,27.915652656555174,13.565233325958252,1619.9666666666667,282.53333333333336,29.733333333333334,72.36542256673177,801.1333333333333,107.66666666666667,801.1333333333333,125.4,6.896144374211629,30.40473486582438,594.3611368815104,31.50375836690267,8.820166683197021,22.683591461181642,27.915652656555174,15.234232012430827,104.9,59.04957005887452,25110.483333333334,44713.86666666667,81355.53095238096,899.2843986635603,0.7898109346496107,0.1129396729200006,0.025539682244582244,2.577476644385051e-4,0.019994383211713828,0.01842797195959048,16.163870519046004,16.269519226105565,16.2664219022617,16.782308048295423,17.260986989327336,17.936706769576176,16.779968909102035,0.7033196963352568,0.6699460114285973,5,0.4162608611694605,0.8167891598885167,0.31772541823395495,0.8284910374853536,0.13847935516458285,0.03361177444454757,0.0493893929017843
1697,3.8135581875182956,0.01473031900785348,74.14951300000023,0.40393608365557065,0.003468345013472515,-0.0018227579645572675,-7.535313044333946e-5,106.69927921241091,G01697,109.14530702052186,39.19749048579022,10000.00000000003,21.69577697753906,27.725865020751954,14.149433364868164,1647.8,273.2,27.52,68.69890472412109,757.76,109.16,757.52,133.24,7.071235904693603,32.04245788574219,563.4349609375,31.39225028991699,9.321270027160644,22.070980224609375,27.69886001586914,15.729608268737794,156.28,70.92749819357795,25727.34772727273,46020.56363636364,99168.23636363636,893.6509876733517,0.755849972327533,0.09292934261695134,0.04954983334587302,6.309907420149507e-4,0.04821768521357255,0.007437259256330435,16.786643257907162,16.905800545451527,17.06466442386818,17.770645897047068,18.60955168687423,19.376871690539183,17.75236291694789,1.048460503423912,0.7586405928842659,4,0.5472435105855967,0.7917850716903443,0.35829328458611864,0.812135907539451,0.14247917596282436,0.03424576793625987,0.05266412729836949
1698,3.744393226426147,0.014417067076783212,68.46348070000005,0.302982166663062,0.0038362225323257835,-0.0017732627852761259,-9.31442167711465e-5,113.28203037545657,G01698,110.04362230464137,39.197490485790226,9999.999999999964,21.64012939453125,27.18291328430176,14.618771629333496,1819.56,310,24.72,72.44428985595704,837.12,104.2,823.12,128.04,7.407225799560547,34.57510070800781,519.7699291992187,31.008959732055665,9.581720008850098,21.427239837646486,26.677314987182616,16.12303821563721,280.64,196.78284986248167,24960.105263157893,44755.40909090909,74162.45933014354,805.3026343583368,0.8378645001244472,0.050958166706864344,0.025151925964229223,1.3460185250450095e-4,0.04304899078138449,0.007715194434838648,12.794789462582733,12.82178947991911,12.759774692993767,13.182117407275475,13.931265353182903,14.904816520769028,13.399092152787171,0.8607762960989671,0.5515464964707012,4,0.3978566976389814,0.8683673087160018,0.2404148884528119,0.8887632871931749,0.07611009267109356,0.031232103850543078,0.046917557421569556
1699,3.477769171964472,0.014014801583832559,56.473384899999964,0.25429250331754455,0.0023332962374727436,-0.0021197916360340715,-1.0660847445592712e-4,117.41305587217862,G01699,110.9419375887609,39.197490485790226,10000.000000000111,21.912592315673827,27.545505332946778,14.864695803324382,2051.4666666666667,356.9,29.033333333333335,73.60271021525065,950.2,112.9,922.5,131.9,7.103123569488526,33.43160730997722,523.8491363525391,31.226033210754395,9.97954994837443,21.246483357747397,26.862116559346518,16.37937488555908,206.33333333333334,144.34473422626326,27256.713636363635,48162.025,109358.38636363637,919.9404471946046,0.8042876202065262,0.08632253709001479,0.026191851875104206,3.1139814860310893e-4,0.03553574079450671,0.010229296295227093,13.902060027819969,14.111302924100613,14.266413349003503,14.952456301026967,15.727232746811179,16.645046306191347,14.934085275825597,1.071880661774015,0.637244746854462,5,0.39594242308527355,0.8352950726811267,0.29203000039065097,0.8503640554448632,0.112514388965119,0.02837806942775197,0.0413768229726931
1700,3.556598462551939,0.014283167707200221,67.63142200000007,0.2563135676007679,0.0020809963835284545,-0.0021162333723482207,-1.2560133808589902e-4,115.98463096939444,G01700,111.84025287288041,39.197490485790226,9999.999999999756,22.34016918000721,28.18520654950823,15.186890920003256,2049.190476190476,345.95238095238096,32.76190476190476,71.88694944835845,939.8571428571429,110.95238095238095,915.7142857142857,125.14285714285714,6.502432459876651,31.011297861735027,536.8148382277716,31.685057867140998,10.72530442192441,20.959753581455775,27.342843191964285,16.760796410696848,68.33333333333333,52.20185181900479,30382.76381909548,52407.91206030151,223184.62311557788,805.2780109357647,0.5796925263808471,0.15703451216239084,0.08336327393528845,5.398517350600308e-4,0.033047285142240236,0.0677946002831657,20.55351312857626,21.132393591313967,21.579379229689827,22.57440656654714,24.244045761680653,25.411875896949432,22.58260236245955,1.8969457201482514,1.1261962046517642,5,0.69974504511858715,0.6290939878295331,0.5603150400873674,0.681074263541313,0.24039778609767928,0.0293997567098763,0.04484249271759533
1701,3.855804365936447,0.01732225600695856,59.291804499999834,0.3275485327245951,0.00972943602408898,5.254392247852217e-4,-5.060919767550583e-5,100.74647858069359,G01701,112.73856815699993,39.197490485790226,10000,22.411510320810173,28.22198647719163,15.356347524202787,1972.4615384615386,331.3076923076923,31,74.1774432842548,942.0769230769231,102.76923076923077,938.9230769230769,115,5.9735026726355915,29.35646335895245,533.2636460524338,31.545005798339844,11.205053696265587,20.339952028714695,27.872756517850437,16.995109117948093,57.15384615384615,54.422492522005015,33446.286516853936,56034.45505617977,348689.59550561797,398.83988027540823,0.3134091718182981,0.10247536234543288,0.2747880953756283,0.0013861490711077492,0.023989523862795636,0.16730861276866965,33.92575044951531,34.758505589453215,35.25554278136561,35.731600452604745,36.25179188709831,36.41216320259861,35.389225727105966,0.9449953250607254,1.403989984370735,5,0.8723480250613411,0.35479336427955865,0.7272852809112884,0.5060934575208711,0.3772634577210612,0.0344802158271671,0.0621440013726557
1702,3.729929093155063,0.015182499648869158,57.79727330000002,0.27747325165059716,0.004194614822813563,-0.0012194048015698664,-1.10501337504526e-4,109.64745796551226,G01702,113.63688344111945,39.19749048579021,9999.999999999878,22.082107067108154,27.624982357025146,15.34680962562561,2004.75,349.75,26.75,76.17251014709473,992.5,92.5,992.5,108.25,5.88046658039093,30.09118890762329,510.6787643432617,30.808984756469727,11.283112287521362,19.525872707366943,27.624982357025146,17.020853996276855,117,47.51841748206689,32749.88775510204,54273.86734693877,283657.2653061224,648.9843553800836,0.579148828167357,0.019631578966860408,0.16655328440666722,1.5774106806665773e-4,0.030455781802690093,0.1526870918002473,28.702865050268954,29.234527134504475,29.870011219821993,31.168792510032652,32.02695499482702,32.873910114413405,30.646176837311415,1.6440267434819582,1.092810709722135,5,0.6790014708112456,0.6105079948879661,0.5690891748618111,0.762449442838361,0.18618486337352763,0.0320990954806906,0.05358153958951697
1703,3.831890879502767,0.015455455547177172,56.001900599999956,0.25380334012757855,0.002043792404218624,-0.002994413411423884,-1.7374048116605942e-4,118.55416007183173,G01703,114.53519872523894,39.19749048579022,9999.999999999556,22.044631958007812,27.6599760055542,15.21246600151062,1638.5,276.25,28.5,70.83160018920898,798.75,95,779.25,118.75,6.405826568603516,31.78788185119629,519.0698547363281,30.86282444000244,10.71048092842102,20.15234375,27.659865379333496,16.89056396484375,62.25,11.89887949906769,33348.166666666664,54166.833333333336,256459,549.3847291830725,0.3079493984002171,0.0693000002760396,0.055737349874764634,1.94578314342407e-4,0.23479397635042937,0.20723554333573746,27.661505794525148,29.192562796852805,29.671057189594617,30.05085103295066,33.07113785310225,34.80750153281472,30.7424360333067,2.663380945550051,1.4396672259475554,5,0.8945155416217422,0.35185738341062217,0.7378350391758861,0.7501734964007264,0.12503735015080422,0.03084945992038241,0.046728397558053504
1704,3.4690704854627725,0.019536776071488435,60.63107340000022,0.3108544123122681,0.01357049360041939,0.0016882868788054813,5.09350504765197e-5,84.74780017162387,G01704,115.43351400935846,39.197490485790226,9999.99999999999,24.309390703837078,28.069886843363445,19.3125794728597,2228,558.3333333333334,12.833333333333334,108.04184214274089,1456.5,49.5,1456.5,58,6.68798025449117,40.07529258728027,361.88059488932294,31.460224787394207,14.788429260253906,16.671795686086018,28.069886843363445,20.492657979329426,23.833333333333332,19.782989325849282,36928.833333333336,58719.166666666664,459251.9166666667,230.10551972732543,0.15151794120968534,0.04055029405567706,0.5322841162422692,1.4294117669016808e-4,0.026233529425007875,0.19367470555527475,43.60119626439851,43.005600970366906,42.66177959277712,42.36597313552067,42.18517848540996,42.16793710609962,42.66461092576214,0.5584262173779352,1.1777014677637692,5,0.7317470644037604,0.5636193646571221,0.6119214367794696,0.3715691173666581,0.5728344102979464,0.03486582437472728,0.0639392489871778
1705,3.0576022307646746,0.012638701805362288,36.04492799999989,0.06814608815402744,0.004150511300767706,-0.001308122454896853,-1.0494478593596945e-4,125.60818996328292,G01705,116.33182929347797,39.197490485790226,9999.99999999981,22.202374352349175,25.6346624162462,17.751243167453342,3054,728.8888888888889,32.111111111111114,100.72938113742404,1859.7777777777778,114.33333333333333,1849.2222222222222,115.88888888888889,5.806305991278754,39.21166441175673,323.0159844292535,28.70583724975586,13.954851150512695,14.75098631117079,25.587561501397026,18.23228433397081,444.8888888888889,406.5219687927223,29630.57471264368,50824.96551724138,204019.83333333334,1006.0689346040641,0.7643392639200922,0.07102835862557737,0.05656346814687287,9.015353342299548e-4,0.015971347959276017,0.05160853465917069,18.149566559367024,18.371051816796918,18.435497423739367,18.988961566591037,19.914028506620593,20.117756907353705,18.99614379674477,0.8393255926932088,0.7728995383196431,5,0.48022948406298965,0.7958447615371935,0.3545280303284837,0.8328206818727689,0.12759182677245023,0.021322202988742968,0.039945262290339414
1706,3.180296594228745,0.013560094182070544,21.726458600000115,0.119553186421606,0.0014136671710925687,-0.00312370192795672,-1.49346385229851e-4,128.3024642939374,G01706,117.22811942118358,39.19904247634852,9952.25547474465,24.233870188395183,27.63966941833496,20.329920450846355,2453,328.3333333333333,126.16666666666667,31.944686571757,879.8333333333334,424.3333333333333,705,484.5,4.107599258422852,33.63973426818848,299.3998769124349,30.194523811340332,17.968571027119953,12.225952784220377,26.612932205200195,21.96924591064453,77.5,54.20977771583278,31883,52474,309707,874.1743925768088,0.577085147948364,0.0029128712946595164,0.014012871285117263,3.069306975622468e-5,0.005885148592527246,0.38496732613609785,13.794178790059583,14.22157410917611,13.985463504133554,15.922001402953576,16.168135495021424,17.788825158415168,15.313363076626567,1.580647357162349,0.7890298945100757,3,0.7182059609643063,0.5859362670223794,0.5036510330488867,0.9679683157467452,0.01692574257977678,0.023162010698390374,0.03752091692692367
1707,5.448293649776165,0.019700957444148758,138.11047249999956,0.4240518205925768,0.00640041758885094,-0.006583736271658587,-1.7126331312076795e-4,103.73688172008777,G01707,118.14480720010033,39.3189207712947,6247.441800133518,NA,NA,NA,NA,NA,NA,NA,NA,NA,NA,NA,NA,NA,NA,NA,NA,NA,NA,NA,NA,NA,NA,NA,NA,0,NA,NA,NA,NA,NA,NA,NA,NA,NA,NA,NA,NA,NA,NA,NA,0,0,0,NA,0,0,0.04649527954899338,0.08030500923139657
1708,3.8913225139174066,0.014829003216227286,65.03184769999987,0.2984681357034586,0.0029587205093944777,-0.0027401831843668484,-1.2866138675815298e-4,114.76233492175335,G01708,118.85978714318792,39.35643137479748,3689.869656639971,20.01330348423549,22.993970326014928,15.462434768676758,1561.5714285714287,315.42857142857144,14.428571428571429,83.39307621547154,822.2857142857143,55,674.4285714285714,64.57142857142857,11.480142865862165,52.12902178083147,322.14595685686385,29.479642868041992,7.45603575025286,22.02360725402832,22.61166708809989,16.93826198577881,1263.5714285714287,176.16361442596212,26857.413533834588,47980.58646616541,95174.1954887218,669.0361893512722,0.787453828635526,0.04986467305997882,0.004776010528450655,2.179756824189529e-4,0.14172471260053782,0.0015393033297422592,10.20439668555758,10.382397770256514,10.18833472094934,10.257660032905557,10.609133293668124,11.219056657554162,10.476829860148547,0.3956783870879093,0.6469331007284371,3,0.5888638852863545,0.7989778830665341,0.33837048271288783,0.9309358202482251,0.054640683588429474,0.03216836935256098,0.0461012694675741
1710,3.88799353855132,0.015309344844385524,62.560433699999976,0.33076301365517896,0.004277852247875457,-0.0020488832941336203,-1.0596543775883465e-4,115.78786316452343,G01710,121.19495217085127,39.00802925609208,334.7686291630859,20.89721734183175,24.008243833269393,16.280755860464915,1679.142857142857,328.2857142857143,13.142857142857142,82.48751286097935,902.2857142857143,70.57142857142857,725.4285714285714,75.14285714285714,10.603381020682198,53.04717854091099,328.32484654017856,29.336999893188477,9.3484285899571,19.988571439470565,23.723220552716935,17.555809838431223,997.1428571428571,105.21949846460426,25208.39285714286,45572.0625,75081.20535714286,712.603255439388,0.9304209424194427,0.02844773649834502,0.00707754875219332,4.920132521993119e-4,0.023995656915884643,0.0010998159718263914,7.2732756867018695,7.341254202101161,7.449071859064348,7.554329568355837,8.001177193487392,9.006691909340375,7.770966736508497,0.6577097802689563,0.29824092130166613,3,0.271470585554104,0.9383654125530159,0.1180091059691264,0.9560084285593531,0.03552528525053834,0.03158369489801939,0.04488992426369178
1711,3.7071165199616125,0.01487435931216761,56.327921599999996,0.3311613572726468,0.0035807847788504993,-0.001959561215744069,-9.69758448817323e-5,115.58088896341778,G01711,121.74797157941651,39.25228723413623,6068.497776869481,20.46932315826416,25.828478813171387,13.742687702178955,1785.25,354.75,25.5,83.5108413696289,985.5,99,985.5,110,6.499354243278503,32.99014186859131,499.9179382324219,29.14437484741211,9.446312665939331,19.6980619430542,25.828478813171387,15.015302419662476,522.5,87.01532432087274,24364.826530612245,43598.4693877551,51717.316326530614,823.2367561139652,0.9333196611262342,0.006894475870033453,0.0026137451098333987,3.121792097602699e-4,0.047746628987768325,3.518486343758501e-4,8.817080585067945,8.866627996193223,8.607876360800546,8.73718781386743,8.895709532159996,8.909135954848677,8.805603040489638,0.11530004903696171,0.25836046701410104,2,0.3727353645230002,0.9415691828590277,0.11107169844007447,0.9817303179581387,0.009508220979866852,0.0304810977668831,0.042957297670245025
1712,3.457114626431647,0.013758561264459984,47.944608899999785,0.21204186300799335,0.002477059246234763,-0.002297541527346335,-1.3059260934282586e-4,120.6903315267928,G01712,122.40786611290778,39.40946029764842,1491.687818605402,21.85867385864258,27.612183380126954,14.660966873168945,2159.4,437.4,33.4,86.21069030761718,1234,121.6,1234,122,6.385765266418457,31.20748100280762,536.575146484375,30.82839164733887,10.350915336608887,20.477476119995117,27.612183380126954,14.946500205993653,128.2,136.4540215603776,27411.114285714284,47411.107142857145,127263.45,794.9174021006336,0.771791058596741,0.03653342137391795,0.03220653772091654,2.739079446028663e-4,0.0243470829702735,0.08310002932089623,13.341223829556382,13.816552669862851,14.416037295819654,15.555502183761991,16.24083634954258,17.11684310952081,15.081165906344046,1.4685266938965933,0.7176684533276032,5,0.4459124814838042,0.8139092010639823,0.3265746986759145,0.8795120788325137,0.06873995909483449,0.026881717391602885,0.04059138095629723
1713,3.7708375251752755,0.014779283294516683,66.52361339999993,0.3574205300793119,0.002343700328667297,-0.0022680073863627667,-1.0560358642064887e-4,110.89512800887965,G01713,123.13892765582007,39.06840079332711,43.33208514454792,22.399184908185685,28.43487412588937,14.917854309082031,1675.4285714285713,310.7142857142857,27.142857142857142,74.89931924002511,847.2857142857143,103,847.2857142857143,107.57142857142857,6.8366835457938055,31.434811455862864,559.952392578125,31.81537437438965,10.060772895812988,21.754601614815847,28.43487412588937,16.52363954271589,27.285714285714285,6.626066850308854,29698.350282485877,51090.76271186441,209469.89830508476,858.4235407609318,0.4734703521457138,0.29484779517555676,0.05840356747469794,3.64303125296952e-4,0.02184896965918726,0.07913390213332495,20.473147350149773,20.722625999900558,21.749350020866608,22.96683859762264,23.458796971570074,24.535201196687296,22.31766002279949,1.606888422250535,1.1829519664409474,5,0.7350093826557502,0.5101672487822915,0.6270107594697256,0.574817527063523,0.3532513626502547,0.03309014854037805,0.047378181652673296
1731,5.713798444899169,0.02049786218014573,136.84500929999973,0.44451863424037263,0.008625985617405844,-0.006297787173443846,-1.5175132822844086e-4,104.17274940611794,G01731,75.082974025480965,38.52881378024169,8110.658235697422,NA,NA,NA,NA,NA,NA,NA,NA,NA,NA,NA,NA,NA,NA,NA,NA,NA,NA,NA,NA,NA,NA,NA,NA,0,NA,NA,NA,NA,NA,NA,NA,NA,NA,NA,NA,NA,NA,NA,NA,0,0,0,NA,0,0,0.047944310657782874,0.08176603116696754
1732,4.598220446932539,0.01642669842293639,102.64943359999972,0.47369967215026715,0.001101884631411004,-0.005101594562247639,-4.483105278528869e-5,91.71740620689533,G01732,75.90764150809956,38.49787796933202,10000,25.05309247970581,28.962411403656006,20.015546798706055,1120.625,212.25,11.5,81.52497386932373,586.625,44.375,488.125,44.375,7.038731217384338,41.68183708190918,370.0237731933594,32.430400371551514,15.539121389389038,16.891278982162476,27.277116775512695,20.122800588607788,45.625,60.35593828045659,31056.076923076922,52556.92307692308,224827.3076923077,667.0287688983485,0.21283794281116336,0.34901093314898723,0.12624501596077012,0.0015221865055493043,0.07934662365936487,0.06031704159326989,27.686977504454937,28.765325777309457,30.477023527794277,32.491095769036676,39.385951169987315,36.27173917318128,32.51301882029399,4.535345921813414,1.4265832115524772,5,0.8863859863937994,0.42086031379543665,0.7193814141156227,0.3540237945693474,0.4752559491097573,0.04675714558757409,0.08085620822792597
1733,4.021390497330367,0.015804923423256064,70.44038060000015,0.3725697600718082,0.002098633863770899,-0.003550873367432224,-5.803913516396518e-5,103.88440962257026,G01733,76.80595679221908,38.49787796933202,10000,23.447622362772623,27.030341784159344,18.721713574727378,1402.1,257.53333333333336,16.2,78.2173957824707,709.9333333333333,59.13333333333333,574.7666666666667,60.03333333333333,6.988287035624186,43.15776850382487,343.8953063964844,30.595860608418782,14.391756947835287,16.20410369237264,25.56882813771566,18.925016657511392,351.1,212.37626823716633,28752.127710843375,50033.71325301205,151776.9638554217,992.4163045398827,0.8098841706657929,0.10445813626957431,0.011324353518566577,9.459272278681303e-4,0.03025425750148407,0.016969098634259716,12.556302620986742,12.723000972632132,12.85871351963511,13.514216589421716,16.280976254846646,16.065624386681055,13.999805724033898,1.715993330167212,0.6297349254310982,5,0.39127630868263347,0.8316433335690573,0.29545870491506465,0.8580534540294047,0.11578248978814089,0.03652773910151361,0.05471908573895659
1734,3.791821120858239,0.015276792731855884,43.722766699999994,0.3561279253533819,0.0031136556930642695,-0.002440705745545894,-6.149643588987432e-5,107.72541466162335,G01734,77.7042720763386,38.49787796933202,10000,23.988489071528118,27.452516555786133,19.350414594014484,1644.7916666666667,286.7916666666667,22.958333333333332,73.23684310913086,791.375,79.79166666666667,659,85.45833333333333,6.986370662848155,43.484107653299965,334.9904441833496,31.266401052474976,15.186126510302225,16.080274661382038,25.997703790664673,20.368666728337605,226.54166666666666,170.36635184384184,28004.634382566586,49062.57627118644,127507.76513317191,1059.8132745846142,0.8722647704113607,0.03359201812066016,0.015091385985969919,1.7081800183553014e-4,0.014785375992890074,0.041789348081159916,11.99334044103912,12.175500787867826,12.438383390428237,12.910491747836561,14.49948531296533,13.681623328068785,12.94980416803431,0.9710341083290596,0.48165004590814986,5,0.2992659997549743,0.8921656707073737,0.20056598160185168,0.9290103124872462,0.04868340410663008,0.033607756948977455,0.04885990614918552
1737,4.113145804024871,0.015519789455735412,77.14020559999987,0.3745220260817954,0.0024635694472402068,-0.0031785933903200974,-8.721169413623891e-5,105.7515385626643,G01737,80.39921792869717,38.49787796933202,10000,24.813561757405598,27.9678160349528,20.653746604919434,1419,278.3333333333333,22.166666666666668,77.29513804117839,741.1666666666666,74.83333333333333,411,87.16666666666667,6.901991605758667,45.99867375691732,302.6691436767578,31.439642588297527,16.43200143178304,15.007641156514486,26.549377123514812,21.508114496866863,168.33333333333334,105.36919220847557,30982.552083333332,53082.677083333336,218799.84375,851.3561409003992,0.6482517381750351,0.1105359030915241,0.05167773988473022,2.6715797389563044e-4,0.03178737727737788,0.11914795922237734,16.97491667995282,17.536410887104985,18.21885998079811,19.186537042311517,23.500204339017547,23.73540023110966,19.858721526715772,3.004645397424014,1.0453335279104938,5,0.6495022391572348,0.674091081345281,0.5130586605026051,0.799454232648686,0.16221364297625432,0.03718237306102909,0.05452261425674651
1738,4.0118518278940565,0.01590680211127723,65.6546398999998,0.3507451674539238,0.0026086612896646815,-0.0028041099774070237,-1.1203045868180441e-4,112.28213342037986,G01738,81.29753321281669,38.49787796933202,10000,25.501983006795246,28.512278874715168,21.393290837605793,1510,280.6666666666667,22.666666666666668,75.7986577351888,768,73,488.3333333333333,86.66666666666667,6.991868019104004,46.84218978881836,295.0994567871094,32.111419677734375,17.18625768025716,14.925161997477213,27.21092160542806,22.347827911376953,41.333333333333336,13.613718571108091,32206.035087719298,53777.45614035088,251774.19298245615,793.0013362657629,0.5222146712651446,0.09756526936891782,0.046262934136522126,1.0257485104114107e-4,0.02665383235164005,0.2539911974562349,21.315702068104464,21.702607291586258,24.07428667755688,25.23556141502717,30.10460525120006,27.52889025632073,24.993608826632595,3.400332921246953,1.1643400608859458,5,0.7234451555357035,0.5515630782217106,0.610012709804048,0.8029622759240608,0.14382820350543996,0.03444907117303715,0.04826625182204021
1739,5.72456278173498,0.02052875185410184,138.2265113999999,0.4453242638388572,0.008709659770625563,-0.006287243167237506,-1.5098443788874542e-4,104.19107839656768,G01739,82.19584849693621,38.49787796933202,10000,NA,NA,NA,NA,NA,NA,NA,NA,NA,NA,NA,NA,NA,NA,NA,NA,NA,NA,NA,NA,NA,NA,NA,NA,0,NA,NA,NA,NA,NA,NA,NA,NA,NA,NA,NA,NA,NA,NA,NA,0,0,0,NA,0,0,0.04800085253150291,0.08182348759777754
1743,5.580323267020732,0.020597754721373266,151.04862269999958,0.4484861907405807,0.005694524849208586,-0.007473356647201849,-7.098170482037354e-5,98.42534256363773,G01743,85.7891096334143,38.49787796933202,10000,NA,NA,NA,NA,NA,NA,NA,NA,NA,NA,NA,NA,NA,NA,NA,NA,NA,NA,NA,NA,NA,NA,NA,NA,NA,NA,NA,NA,NA,NA,NA,NA,NA,NA,NA,NA,NA,NA,NA,NA,0,0,0,NA,0,0,0.05048334947040557,0.08652778286231845
1748,5.580323267020732,0.020597754721373266,151.04862269999958,0.4484861907405807,0.005694524849208586,-0.007473356647201849,-7.098170482037354e-5,98.42534256363773,G01748,90.2806860540119,38.49787796933202,10000.000000000047,NA,NA,NA,NA,NA,NA,NA,NA,NA,NA,NA,NA,NA,NA,NA,NA,NA,NA,NA,NA,NA,NA,NA,NA,NA,NA,NA,NA,NA,NA,NA,NA,NA,NA,NA,NA,NA,NA,NA,NA,0,0,0,NA,0,0,0.05048334947040557,0.08652778286231845
1749,5.580323267020732,0.020597754721373266,151.04862269999958,0.4484861907405807,0.005694524849208586,-0.007473356647201849,-7.098170482037354e-5,98.42534256363773,G01749,91.17900133813141,38.49787796933202,9999.999999999869,NA,NA,NA,NA,NA,NA,NA,NA,NA,NA,NA,NA,NA,NA,NA,NA,NA,NA,NA,NA,NA,NA,NA,NA,NA,NA,NA,NA,NA,NA,NA,NA,NA,NA,NA,NA,NA,NA,NA,NA,0,0,0,NA,0,0,0.05048334947040557,0.08652778286231845
1753,5.580323267020732,0.020597754721373266,151.04862269999958,0.4484861907405807,0.005694524849208586,-0.007473356647201849,-7.098170482037354e-5,98.42534256363773,G01753,94.77226247460953,38.49787796933202,9999.999999999949,NA,NA,NA,NA,NA,NA,NA,NA,NA,NA,NA,NA,NA,NA,NA,NA,NA,NA,NA,NA,NA,NA,NA,NA,NA,NA,NA,NA,NA,NA,NA,NA,NA,NA,NA,NA,NA,NA,NA,NA,0,0,0,NA,0,0,0.05048334947040557,0.08652778286231845
1755,5.580323267020732,0.020597754721373266,151.04862269999958,0.4484861907405807,0.005694524849208586,-0.007473356647201849,-7.098170482037354e-5,98.42534256363773,G01755,96.56889304284853,38.49787796933202,9999.999999999854,NA,NA,NA,NA,NA,NA,NA,NA,NA,NA,NA,NA,NA,NA,NA,NA,NA,NA,NA,NA,NA,NA,NA,NA,NA,NA,NA,NA,NA,NA,NA,NA,NA,NA,NA,NA,NA,NA,NA,NA,0,0,0,NA,0,0,0.05048334947040557,0.08652778286231845
1756,5.580323267020732,0.020597754721373266,151.04862269999958,0.4484861907405807,0.005694524849208586,-0.007473356647201849,-7.098170482037354e-5,98.42534256363773,G01756,97.46720832696808,38.49787796933202,9999.999999999918,NA,NA,NA,NA,NA,NA,NA,NA,NA,NA,NA,NA,NA,NA,NA,NA,NA,NA,NA,NA,NA,NA,NA,NA,NA,NA,NA,NA,NA,NA,NA,NA,NA,NA,NA,NA,NA,NA,NA,NA,0,0,0,NA,0,0,0.05048334947040557,0.08652778286231845
1757,5.580323267020732,0.020597754721373266,151.04862269999958,0.4484861907405807,0.005694524849208586,-0.007473356647201849,-7.098170482037354e-5,98.42534256363773,G01757,98.3655236110876,38.49787796933202,10000,NA,NA,NA,NA,NA,NA,NA,NA,NA,NA,NA,NA,NA,NA,NA,NA,NA,NA,NA,NA,NA,NA,NA,NA,NA,NA,NA,NA,NA,NA,NA,NA,NA,NA,NA,NA,NA,NA,NA,NA,0,0,0,NA,0,0,0.05048334947040557,0.08652778286231845
1758,5.580323267020732,0.020597754721373266,151.04862269999958,0.4484861907405807,0.005694524849208586,-0.007473356647201849,-7.098170482037354e-5,98.42534256363773,G01758,99.26383889520712,38.49787796933202,9999.999999999969,NA,NA,NA,NA,NA,NA,NA,NA,NA,NA,NA,NA,NA,NA,NA,NA,NA,NA,NA,NA,NA,NA,NA,NA,NA,NA,NA,NA,NA,NA,NA,NA,NA,NA,NA,NA,NA,NA,NA,NA,0,0,0,NA,0,0,0.05048334947040557,0.08652778286231845
1759,5.580323267020732,0.020597754721373266,151.04862269999958,0.4484861907405807,0.005694524849208586,-0.007473356647201849,-7.098170482037354e-5,98.42534256363773,G01759,100.16215417932663,38.49787796933202,10000.000000000062,NA,NA,NA,NA,NA,NA,NA,NA,NA,NA,NA,NA,NA,NA,NA,NA,NA,NA,NA,NA,NA,NA,NA,NA,NA,NA,NA,NA,NA,NA,NA,NA,NA,NA,NA,NA,NA,NA,NA,NA,0,0,0,NA,0,0,0.05048334947040557,0.08652778286231845
1760,5.580323267020732,0.020597754721373266,151.04862269999958,0.4484861907405807,0.005694524849208586,-0.007473356647201849,-7.098170482037354e-5,98.42534256363773,G01760,101.06046946344617,38.49787796933202,9999.999999999938,NA,NA,NA,NA,NA,NA,NA,NA,NA,NA,NA,NA,NA,NA,NA,NA,NA,NA,NA,NA,NA,NA,NA,NA,NA,NA,NA,NA,NA,NA,NA,NA,NA,NA,NA,NA,NA,NA,NA,NA,0,0,0,NA,0,0,0.05048334947040557,0.08652778286231845
1761,5.580323267020732,0.020597754721373266,151.04862269999958,0.4484861907405807,0.005694524849208586,-0.007473356647201849,-7.098170482037354e-5,98.42534256363773,G01761,101.95878474756569,38.49787796933202,10000,NA,NA,NA,NA,NA,NA,NA,NA,NA,NA,NA,NA,NA,NA,NA,NA,NA,NA,NA,NA,NA,NA,NA,NA,NA,NA,NA,NA,NA,NA,NA,NA,NA,NA,NA,NA,NA,NA,NA,NA,0,0,0,NA,0,0,0.05048334947040557,0.08652778286231845
1762,5.580323267020732,0.020597754721373266,151.04862269999958,0.4484861907405807,0.005694524849208586,-0.007473356647201849,-7.098170482037354e-5,98.42534256363773,G01762,102.8571000316852,38.49787796933202,10000,NA,NA,NA,NA,NA,NA,NA,NA,NA,NA,NA,NA,NA,NA,NA,NA,NA,NA,NA,NA,NA,NA,NA,NA,NA,NA,NA,NA,NA,NA,NA,NA,NA,NA,NA,NA,NA,NA,NA,NA,0,0,0,NA,0,0,0.05048334947040557,0.08652778286231845
1764,5.580323267020732,0.020597754721373266,151.04862269999958,0.4484861907405807,0.005694524849208586,-0.007473356647201849,-7.098170482037354e-5,98.42534256363773,G01764,104.65373059992424,38.49787796933202,10000,NA,NA,NA,NA,NA,NA,NA,NA,NA,NA,NA,NA,NA,NA,NA,NA,NA,NA,NA,NA,NA,NA,NA,NA,NA,NA,NA,NA,NA,NA,NA,NA,NA,NA,NA,NA,NA,NA,NA,NA,0,0,0,NA,0,0,0.05048334947040557,0.08652778286231845
1765,5.580323267020732,0.020597754721373266,151.04862269999958,0.4484861907405807,0.005694524849208586,-0.007473356647201849,-7.098170482037354e-5,98.42534256363773,G01765,105.55204588404376,38.49787796933202,10000,NA,NA,NA,NA,NA,NA,NA,NA,NA,NA,NA,NA,NA,NA,NA,NA,NA,NA,NA,NA,NA,NA,NA,NA,NA,NA,NA,NA,NA,NA,NA,NA,NA,NA,NA,NA,NA,NA,NA,NA,0,0,0,NA,0,0,0.05048334947040557,0.08652778286231845
1766,5.580323267020732,0.020597754721373266,151.04862269999958,0.4484861907405807,0.005694524849208586,-0.007473356647201849,-7.098170482037354e-5,98.42534256363773,G01766,106.45036116816328,38.49787796933202,10000,NA,NA,NA,NA,NA,NA,NA,NA,NA,NA,NA,NA,NA,NA,NA,NA,NA,NA,NA,NA,NA,NA,NA,NA,NA,NA,NA,NA,NA,NA,NA,NA,NA,NA,NA,NA,NA,NA,NA,NA,0,0,0,NA,0,0,0.05048334947040557,0.08652778286231845
1767,5.580323267020732,0.020597754721373266,151.04862269999958,0.4484861907405807,0.005694524849208586,-0.007473356647201849,-7.098170482037354e-5,98.42534256363773,G01767,107.34867645228282,38.49787796933202,10000,NA,NA,NA,NA,NA,NA,NA,NA,NA,NA,NA,NA,NA,NA,NA,NA,NA,NA,NA,NA,NA,NA,NA,NA,NA,NA,NA,NA,NA,NA,NA,NA,NA,NA,NA,NA,NA,NA,NA,NA,0,0,0,NA,0,0,0.05048334947040557,0.08652778286231845
1769,5.580323267020732,0.020597754721373266,151.04862269999958,0.4484861907405807,0.005694524849208586,-0.007473356647201849,-7.098170482037354e-5,98.42534256363773,G01769,109.14530702052186,38.49787796933202,10000,NA,NA,NA,NA,NA,NA,NA,NA,NA,NA,NA,NA,NA,NA,NA,NA,NA,NA,NA,NA,NA,NA,NA,NA,NA,NA,NA,NA,NA,NA,NA,NA,NA,NA,NA,NA,NA,NA,NA,NA,0,0,0,NA,0,0,0.05048334947040557,0.08652778286231845
1770,5.580323267020732,0.020597754721373266,151.04862269999958,0.4484861907405807,0.005694524849208586,-0.007473356647201849,-7.098170482037354e-5,98.42534256363773,G01770,110.04362230464139,38.49787796933202,9999.999999999975,NA,NA,NA,NA,NA,NA,NA,NA,NA,NA,NA,NA,NA,NA,NA,NA,NA,NA,NA,NA,NA,NA,NA,NA,NA,NA,NA,NA,NA,NA,NA,NA,NA,NA,NA,NA,NA,NA,NA,NA,0,0,0,NA,0,0,0.05048334947040557,0.08652778286231845
1771,5.580323267020732,0.020597754721373266,151.04862269999958,0.4484861907405807,0.005694524849208586,-0.007473356647201849,-7.098170482037354e-5,98.42534256363773,G01771,110.9419375887609,38.49787796933201,10000,NA,NA,NA,NA,NA,NA,NA,NA,NA,NA,NA,NA,NA,NA,NA,NA,NA,NA,NA,NA,NA,NA,NA,NA,NA,NA,NA,NA,NA,NA,NA,NA,NA,NA,NA,NA,NA,NA,NA,NA,0,0,0,NA,0,0,0.05048334947040557,0.08652778286231845
1772,5.580323267020732,0.020597754721373266,151.04862269999958,0.4484861907405807,0.005694524849208586,-0.007473356647201849,-7.098170482037354e-5,98.42534256363773,G01772,111.84025287288041,38.49787796933202,10000,NA,NA,NA,NA,NA,NA,NA,NA,NA,NA,NA,NA,NA,NA,NA,NA,NA,NA,NA,NA,NA,NA,NA,NA,NA,NA,NA,NA,NA,NA,NA,NA,NA,NA,NA,NA,NA,NA,NA,NA,0,0,0,NA,0,0,0.05048334947040557,0.08652778286231845
1773,5.580323267020732,0.020597754721373266,151.04862269999958,0.4484861907405807,0.005694524849208586,-0.007473356647201849,-7.098170482037354e-5,98.42534256363773,G01773,112.73856815699993,38.49787796933202,10000,NA,NA,NA,NA,NA,NA,NA,NA,NA,NA,NA,NA,NA,NA,NA,NA,NA,NA,NA,NA,NA,NA,NA,NA,NA,NA,NA,NA,NA,NA,NA,NA,NA,NA,NA,NA,NA,NA,NA,NA,0,0,0,NA,0,0,0.05048334947040557,0.08652778286231845
1774,5.580323267020728,0.02059775472137389,151.04862269999958,0.448486190740575,0.005694524849208461,-0.007473356647201925,-7.098170482033998e-5,98.42534256363771,G01774,113.63688344111945,38.49787796933202,9999.999999999704,NA,NA,NA,NA,NA,NA,NA,NA,NA,NA,NA,NA,NA,NA,NA,NA,NA,NA,NA,NA,NA,NA,NA,NA,NA,NA,NA,NA,NA,NA,NA,NA,NA,NA,NA,NA,NA,NA,NA,NA,0,0,0,NA,0,0,0.050483349470405545,0.08652778286230765
1775,5.580323267020732,0.020597754721373266,151.04862269999958,0.4484861907405807,0.005694524849208586,-0.007473356647201849,-7.098170482037354e-5,98.42534256363773,G01775,114.53519872523898,38.49787796933202,10000,NA,NA,NA,NA,NA,NA,NA,NA,NA,NA,NA,NA,NA,NA,NA,NA,NA,NA,NA,NA,NA,NA,NA,NA,NA,NA,NA,NA,NA,NA,NA,NA,NA,NA,NA,NA,NA,NA,NA,NA,0,0,0,NA,0,0,0.05048334947040557,0.08652778286231845
1776,5.580323267020732,0.020597754721373266,151.04862269999958,0.4484861907405807,0.005694524849208586,-0.007473356647201849,-7.098170482037354e-5,98.42534256363773,G01776,115.43351400935852,38.49787796933202,10000,NA,NA,NA,NA,NA,NA,NA,NA,NA,NA,NA,NA,NA,NA,NA,NA,NA,NA,NA,NA,NA,NA,NA,NA,NA,NA,NA,NA,NA,NA,NA,NA,NA,NA,NA,NA,NA,NA,NA,NA,0,0,0,NA,0,0,0.05048334947040557,0.08652778286231845
1777,5.580323267020732,0.020597754721373266,151.04862269999958,0.4484861907405807,0.005694524849208586,-0.007473356647201849,-7.098170482037354e-5,98.42534256363773,G01777,116.33182929347802,38.49787796933202,9999.99999999995,NA,NA,NA,NA,NA,NA,NA,NA,NA,NA,NA,NA,NA,NA,NA,NA,NA,NA,NA,NA,NA,NA,NA,NA,NA,NA,NA,NA,NA,NA,NA,NA,NA,NA,NA,NA,NA,NA,NA,NA,0,0,0,NA,0,0,0.05048334947040557,0.08652778286231845
1778,5.5848789790367555,0.020614171061047706,151.04862269999958,0.4489625952762148,0.005734499557563062,-0.007468293133697656,-7.053914770185954e-5,98.42802500732513,G01778,117.19606211349272,38.484419821991175,9186.439337747563,NA,NA,NA,NA,NA,NA,NA,NA,NA,NA,NA,NA,NA,NA,NA,NA,NA,NA,NA,NA,NA,NA,NA,NA,NA,NA,NA,NA,NA,NA,NA,NA,NA,NA,NA,NA,NA,NA,NA,NA,0,0,0,NA,0,0,0.05051282205686285,0.08655257942641402
1779,5.675061231364792,0.020936862668361117,139.10083829999965,0.45832956215173887,0.006520218871964632,-0.007366572147395282,-6.179980274763468e-5,98.48424114148384,G01779,117.76128056688434,38.22139190176955,367.59188273341454,NA,NA,NA,NA,NA,NA,NA,NA,NA,NA,NA,NA,NA,NA,NA,NA,NA,NA,NA,NA,NA,NA,NA,NA,NA,NA,NA,NA,NA,NA,NA,NA,NA,NA,NA,NA,NA,NA,NA,NA,0,0,0,NA,0,0,0.05109011002529218,0.08704775562540476
1780,5.69849069667129,0.02101986139702252,141.4196108999997,0.4607430104509082,0.00672236285200445,-0.0073397433459843,-5.953824272157478e-5,98.49982028370509,G01780,118.73626261306819,38.154081067510944,26.777524581511553,NA,NA,NA,NA,NA,NA,NA,NA,NA,NA,NA,NA,NA,NA,NA,NA,NA,NA,NA,NA,NA,NA,NA,NA,NA,NA,NA,NA,NA,NA,NA,NA,NA,NA,NA,NA,NA,NA,NA,NA,0,0,0,NA,0,0,0.05123817105052843,0.08717753658496452
1782,5.513544676442643,0.020356157748160367,151.6168896999998,0.44146822737531877,0.005106061888879381,-0.007546592717825542,-7.747480836209013e-5,98.38775265909138,G01782,121.09710835058704,38.69710904849821,299.6598250146677,NA,NA,NA,NA,NA,NA,NA,NA,NA,NA,NA,NA,NA,NA,NA,NA,NA,NA,NA,NA,NA,NA,NA,NA,NA,NA,NA,NA,NA,NA,NA,NA,NA,NA,NA,NA,NA,NA,NA,NA,0,0,0,NA,0,0,0.05004793541907371,0.08616722024236878
1783,5.469356005442666,0.02019551791996429,151.6168896999998,0.43678921515612495,0.004714554058040637,-0.007593919402877474,-8.177315655673508e-5,98.36465431687795,G01783,121.3744435909699,38.831015037886615,119.69699399296788,NA,NA,NA,NA,NA,NA,NA,NA,NA,NA,NA,NA,NA,NA,NA,NA,NA,NA,NA,NA,NA,NA,NA,NA,NA,NA,NA,NA,NA,NA,NA,NA,NA,NA,NA,NA,NA,NA,NA,NA,0,0,0,NA,0,0,0.049756434793213816,0.08593198144021504
1803,5.8184918983495715,0.02143789281698672,145.27361269999972,0.4729717385522672,0.0077419086333261255,-0.007200470351174027,-4.804070820887728e-5,98.58596005879961,G01803,75.21016357482502,37.81558003289568,5422.844378269938,NA,NA,NA,NA,NA,NA,NA,NA,NA,NA,NA,NA,NA,NA,NA,NA,NA,NA,NA,NA,NA,NA,NA,NA,NA,NA,NA,NA,NA,NA,NA,NA,NA,NA,NA,NA,NA,NA,NA,NA,0,0,0,NA,0,0,0.0519840142585741,0.08784680343674366
1804,5.82720126331062,0.02146770044078923,145.27361269999972,0.4738505740038421,0.007814758060111782,-0.007190269757438934,-4.72129460368998e-5,98.59262750240597,G01804,75.90764150809956,37.79140429115398,10000,NA,NA,NA,NA,NA,NA,NA,NA,NA,NA,NA,NA,NA,NA,NA,NA,NA,NA,NA,NA,NA,NA,NA,NA,NA,NA,NA,NA,NA,NA,NA,NA,NA,NA,NA,NA,NA,NA,NA,NA,0,0,0,NA,0,0,0.05203732845609986,0.08789555383090114
1805,5.82720126331062,0.02146770044078923,145.27361269999972,0.4738505740038421,0.007814758060111782,-0.007190269757438934,-4.72129460368998e-5,98.59262750240597,G01805,76.80595679221908,37.79140429115398,10000,NA,NA,NA,NA,NA,NA,NA,NA,NA,NA,NA,NA,NA,NA,NA,NA,NA,NA,NA,NA,NA,NA,NA,NA,NA,NA,NA,NA,NA,NA,NA,NA,NA,NA,NA,NA,NA,NA,NA,NA,0,0,0,NA,0,0,0.05203732845609986,0.08789555383090114
1806,5.82720126331062,0.02146770044078923,145.27361269999972,0.4738505740038421,0.007814758060111782,-0.007190269757438934,-4.72129460368998e-5,98.59262750240597,G01806,77.7042720763386,37.79140429115398,10000,NA,NA,NA,NA,NA,NA,NA,NA,NA,NA,NA,NA,NA,NA,NA,NA,NA,NA,NA,NA,NA,NA,NA,NA,NA,NA,NA,NA,NA,NA,NA,NA,NA,NA,NA,NA,NA,NA,NA,NA,0,0,0,NA,0,0,0.05203732845609986,0.08789555383090114
1807,5.82720126331062,0.02146770044078923,145.27361269999972,0.4738505740038421,0.007814758060111782,-0.007190269757438934,-4.72129460368998e-5,98.59262750240597,G01807,78.60258736045813,37.79140429115398,10000,NA,NA,NA,NA,NA,NA,NA,NA,NA,NA,NA,NA,NA,NA,NA,NA,NA,NA,NA,NA,NA,NA,NA,NA,NA,NA,NA,NA,NA,NA,NA,NA,NA,NA,NA,NA,NA,NA,NA,NA,0,0,0,NA,0,0,0.05203732845609986,0.08789555383090114
1808,5.82720126331062,0.02146770044078923,145.27361269999972,0.4738505740038421,0.007814758060111782,-0.007190269757438934,-4.72129460368998e-5,98.59262750240597,G01808,79.50090264457765,37.79140429115398,10000,NA,NA,NA,NA,NA,NA,NA,NA,NA,NA,NA,NA,NA,NA,NA,NA,NA,NA,NA,NA,NA,NA,NA,NA,NA,NA,NA,NA,NA,NA,NA,NA,NA,NA,NA,NA,NA,NA,NA,NA,0,0,0,NA,0,0,0.05203732845609986,0.08789555383090114
1809,5.82720126331062,0.02146770044078923,145.27361269999972,0.4738505740038421,0.007814758060111782,-0.007190269757438934,-4.72129460368998e-5,98.59262750240597,G01809,80.39921792869717,37.79140429115398,10000,NA,NA,NA,NA,NA,NA,NA,NA,NA,NA,NA,NA,NA,NA,NA,NA,NA,NA,NA,NA,NA,NA,NA,NA,NA,NA,NA,NA,NA,NA,NA,NA,NA,NA,NA,NA,NA,NA,NA,NA,0,0,0,NA,0,0,0.05203732845609986,0.08789555383090114
1815,5.82720126331062,0.02146770044078923,145.27361269999972,0.4738505740038421,0.007814758060111782,-0.007190269757438934,-4.72129460368998e-5,98.59262750240597,G01815,85.7891096334143,37.79140429115398,10000,NA,NA,NA,NA,NA,NA,NA,NA,NA,NA,NA,NA,NA,NA,NA,NA,NA,NA,NA,NA,NA,NA,NA,NA,NA,NA,NA,NA,NA,NA,NA,NA,NA,NA,NA,NA,NA,NA,NA,NA,0,0,0,NA,0,0,0.05203732845609986,0.08789555383090114
1816,5.82720126331062,0.02146770044078923,145.27361269999972,0.4738505740038421,0.007814758060111782,-0.007190269757438934,-4.72129460368998e-5,98.59262750240597,G01816,86.68742491753382,37.79140429115398,10000,NA,NA,NA,NA,NA,NA,NA,NA,NA,NA,NA,NA,NA,NA,NA,NA,NA,NA,NA,NA,NA,NA,NA,NA,NA,NA,NA,NA,NA,NA,NA,NA,NA,NA,NA,NA,NA,NA,NA,NA,0,0,0,NA,0,0,0.05203732845609986,0.08789555383090114
1819,5.82720126331062,0.02146770044078923,145.27361269999972,0.4738505740038421,0.007814758060111782,-0.007190269757438934,-4.72129460368998e-5,98.59262750240597,G01819,89.38237076989238,37.79140429115398,10000,NA,NA,NA,NA,NA,NA,NA,NA,NA,NA,NA,NA,NA,NA,NA,NA,NA,NA,NA,NA,NA,NA,NA,NA,NA,NA,NA,NA,NA,NA,NA,NA,NA,NA,NA,NA,NA,NA,NA,NA,0,0,0,NA,0,0,0.05203732845609986,0.08789555383090114
1820,5.82720126331062,0.02146770044078923,145.27361269999972,0.4738505740038421,0.007814758060111782,-0.007190269757438934,-4.72129460368998e-5,98.59262750240597,G01820,90.2806860540119,37.79140429115398,9999.999999999973,NA,NA,NA,NA,NA,NA,NA,NA,NA,NA,NA,NA,NA,NA,NA,NA,NA,NA,NA,NA,NA,NA,NA,NA,NA,NA,NA,NA,NA,NA,NA,NA,NA,NA,NA,NA,NA,NA,NA,NA,0,0,0,NA,0,0,0.05203732845609986,0.08789555383090114
1821,5.82720126331062,0.02146770044078923,145.27361269999972,0.4738505740038421,0.007814758060111782,-0.007190269757438934,-4.72129460368998e-5,98.59262750240597,G01821,91.17900133813144,37.79140429115399,10000.000000000056,NA,NA,NA,NA,NA,NA,NA,NA,NA,NA,NA,NA,NA,NA,NA,NA,NA,NA,NA,NA,NA,NA,NA,NA,NA,NA,NA,NA,NA,NA,NA,NA,NA,NA,NA,NA,NA,NA,NA,NA,0,0,0,NA,0,0,0.05203732845609986,0.08789555383090114
1822,5.82720126331062,0.02146770044078923,145.27361269999972,0.4738505740038421,0.007814758060111782,-0.007190269757438934,-4.72129460368998e-5,98.59262750240597,G01822,92.07731662225093,37.79140429115398,10000,NA,NA,NA,NA,NA,NA,NA,NA,NA,NA,NA,NA,NA,NA,NA,NA,NA,NA,NA,NA,NA,NA,NA,NA,NA,NA,NA,NA,NA,NA,NA,NA,NA,NA,NA,NA,NA,NA,NA,NA,0,0,0,NA,0,0,0.05203732845609986,0.08789555383090114
1823,5.82720126331062,0.02146770044078923,145.27361269999972,0.4738505740038421,0.007814758060111782,-0.007190269757438934,-4.72129460368998e-5,98.59262750240597,G01823,92.97563190637047,37.79140429115398,10000,NA,NA,NA,NA,NA,NA,NA,NA,NA,NA,NA,NA,NA,NA,NA,NA,NA,NA,NA,NA,NA,NA,NA,NA,NA,NA,NA,NA,NA,NA,NA,NA,NA,NA,NA,NA,NA,NA,NA,NA,0,0,0,NA,0,0,0.05203732845609986,0.08789555383090114
1824,5.82720126331062,0.02146770044078923,145.27361269999972,0.4738505740038421,0.007814758060111782,-0.007190269757438934,-4.72129460368998e-5,98.59262750240597,G01824,93.87394719048999,37.79140429115398,10000,NA,NA,NA,NA,NA,NA,NA,NA,NA,NA,NA,NA,NA,NA,NA,NA,NA,NA,NA,NA,NA,NA,NA,NA,NA,NA,NA,NA,NA,NA,NA,NA,NA,NA,NA,NA,NA,NA,NA,NA,0,0,0,NA,0,0,0.05203732845609986,0.08789555383090114
1825,5.82720126331062,0.02146770044078923,145.27361269999972,0.4738505740038421,0.007814758060111782,-0.007190269757438934,-4.72129460368998e-5,98.59262750240597,G01825,94.7722624746095,37.79140429115398,10000,NA,NA,NA,NA,NA,NA,NA,NA,NA,NA,NA,NA,NA,NA,NA,NA,NA,NA,NA,NA,NA,NA,NA,NA,NA,NA,NA,NA,NA,NA,NA,NA,NA,NA,NA,NA,NA,NA,NA,NA,0,0,0,NA,0,0,0.05203732845609986,0.08789555383090114
1826,5.82720126331062,0.02146770044078923,145.27361269999972,0.4738505740038421,0.007814758060111782,-0.007190269757438934,-4.72129460368998e-5,98.59262750240597,G01826,95.67057775872902,37.79140429115398,10000,NA,NA,NA,NA,NA,NA,NA,NA,NA,NA,NA,NA,NA,NA,NA,NA,NA,NA,NA,NA,NA,NA,NA,NA,NA,NA,NA,NA,NA,NA,NA,NA,NA,NA,NA,NA,NA,NA,NA,NA,0,0,0,NA,0,0,0.05203732845609986,0.08789555383090114
1827,5.82720126331062,0.02146770044078923,145.27361269999972,0.4738505740038421,0.007814758060111782,-0.007190269757438934,-4.72129460368998e-5,98.59262750240597,G01827,96.56889304284854,37.79140429115398,10000,NA,NA,NA,NA,NA,NA,NA,NA,NA,NA,NA,NA,NA,NA,NA,NA,NA,NA,NA,NA,NA,NA,NA,NA,NA,NA,NA,NA,NA,NA,NA,NA,NA,NA,NA,NA,NA,NA,NA,NA,0,0,0,NA,0,0,0.05203732845609986,0.08789555383090114
1828,5.82720126331062,0.02146770044078923,145.27361269999972,0.4738505740038421,0.007814758060111782,-0.007190269757438934,-4.72129460368998e-5,98.59262750240597,G01828,97.46720832696808,37.79140429115398,10000,NA,NA,NA,NA,NA,NA,NA,NA,NA,NA,NA,NA,NA,NA,NA,NA,NA,NA,NA,NA,NA,NA,NA,NA,NA,NA,NA,NA,NA,NA,NA,NA,NA,NA,NA,NA,NA,NA,NA,NA,0,0,0,NA,0,0,0.05203732845609986,0.08789555383090114
1829,5.82720126331062,0.02146770044078923,145.27361269999972,0.4738505740038421,0.007814758060111782,-0.007190269757438934,-4.72129460368998e-5,98.59262750240597,G01829,98.3655236110876,37.79140429115398,10000,NA,NA,NA,NA,NA,NA,NA,NA,NA,NA,NA,NA,NA,NA,NA,NA,NA,NA,NA,NA,NA,NA,NA,NA,NA,NA,NA,NA,NA,NA,NA,NA,NA,NA,NA,NA,NA,NA,NA,NA,0,0,0,NA,0,0,0.05203732845609986,0.08789555383090114
1830,5.82720126331062,0.02146770044078923,145.27361269999972,0.4738505740038421,0.007814758060111782,-0.007190269757438934,-4.72129460368998e-5,98.59262750240597,G01830,99.26383889520712,37.79140429115398,10000,NA,NA,NA,NA,NA,NA,NA,NA,NA,NA,NA,NA,NA,NA,NA,NA,NA,NA,NA,NA,NA,NA,NA,NA,NA,NA,NA,NA,NA,NA,NA,NA,NA,NA,NA,NA,NA,NA,NA,NA,0,0,0,NA,0,0,0.05203732845609986,0.08789555383090114
1831,5.82720126331062,0.02146770044078923,145.27361269999972,0.4738505740038421,0.007814758060111782,-0.007190269757438934,-4.72129460368998e-5,98.59262750240597,G01831,100.16215417932663,37.79140429115398,10000,NA,NA,NA,NA,NA,NA,NA,NA,NA,NA,NA,NA,NA,NA,NA,NA,NA,NA,NA,NA,NA,NA,NA,NA,NA,NA,NA,NA,NA,NA,NA,NA,NA,NA,NA,NA,NA,NA,NA,NA,0,0,0,NA,0,0,0.05203732845609986,0.08789555383090114
1832,5.82720126331062,0.02146770044078923,145.27361269999972,0.4738505740038421,0.007814758060111782,-0.007190269757438934,-4.72129460368998e-5,98.59262750240597,G01832,101.06046946344617,37.79140429115398,10000.000000000025,NA,NA,NA,NA,NA,NA,NA,NA,NA,NA,NA,NA,NA,NA,NA,NA,NA,NA,NA,NA,NA,NA,NA,NA,NA,NA,NA,NA,NA,NA,NA,NA,NA,NA,NA,NA,NA,NA,NA,NA,0,0,0,NA,0,0,0.05203732845609986,0.08789555383090114
1833,5.82720126331062,0.02146770044078923,145.27361269999972,0.4738505740038421,0.007814758060111782,-0.007190269757438934,-4.72129460368998e-5,98.59262750240597,G01833,101.95878474756569,37.79140429115398,9999.999999999975,NA,NA,NA,NA,NA,NA,NA,NA,NA,NA,NA,NA,NA,NA,NA,NA,NA,NA,NA,NA,NA,NA,NA,NA,NA,NA,NA,NA,NA,NA,NA,NA,NA,NA,NA,NA,NA,NA,NA,NA,0,0,0,NA,0,0,0.05203732845609986,0.08789555383090114
1834,5.82720126331062,0.02146770044078923,145.27361269999972,0.4738505740038421,0.007814758060111782,-0.007190269757438934,-4.72129460368998e-5,98.59262750240597,G01834,102.8571000316852,37.79140429115398,10000,NA,NA,NA,NA,NA,NA,NA,NA,NA,NA,NA,NA,NA,NA,NA,NA,NA,NA,NA,NA,NA,NA,NA,NA,NA,NA,NA,NA,NA,NA,NA,NA,NA,NA,NA,NA,NA,NA,NA,NA,0,0,0,NA,0,0,0.05203732845609986,0.08789555383090114
1835,5.82720126331062,0.02146770044078923,145.27361269999972,0.4738505740038421,0.007814758060111782,-0.007190269757438934,-4.72129460368998e-5,98.59262750240597,G01835,103.75541531580473,37.79140429115398,10000,NA,NA,NA,NA,NA,NA,NA,NA,NA,NA,NA,NA,NA,NA,NA,NA,NA,NA,NA,NA,NA,NA,NA,NA,NA,NA,NA,NA,NA,NA,NA,NA,NA,NA,NA,NA,NA,NA,NA,NA,0,0,0,NA,0,0,0.05203732845609986,0.08789555383090114
1836,5.82720126331062,0.02146770044078923,145.27361269999972,0.4738505740038421,0.007814758060111782,-0.007190269757438934,-4.72129460368998e-5,98.59262750240597,G01836,104.65373059992424,37.79140429115398,10000.000000000005,NA,NA,NA,NA,NA,NA,NA,NA,NA,NA,NA,NA,NA,NA,NA,NA,NA,NA,NA,NA,NA,NA,NA,NA,NA,NA,NA,NA,NA,NA,NA,NA,NA,NA,NA,NA,NA,NA,NA,NA,0,0,0,NA,0,0,0.05203732845609986,0.08789555383090114
1837,5.82720126331062,0.02146770044078923,145.27361269999972,0.4738505740038421,0.007814758060111782,-0.007190269757438934,-4.72129460368998e-5,98.59262750240597,G01837,105.55204588404376,37.79140429115398,10000,NA,NA,NA,NA,NA,NA,NA,NA,NA,NA,NA,NA,NA,NA,NA,NA,NA,NA,NA,NA,NA,NA,NA,NA,NA,NA,NA,NA,NA,NA,NA,NA,NA,NA,NA,NA,NA,NA,NA,NA,0,0,0,NA,0,0,0.05203732845609986,0.08789555383090114
1838,5.82720126331062,0.02146770044078923,145.27361269999972,0.4738505740038421,0.007814758060111782,-0.007190269757438934,-4.72129460368998e-5,98.59262750240597,G01838,106.45036116816328,37.79140429115398,9999.999999999962,NA,NA,NA,NA,NA,NA,NA,NA,NA,NA,NA,NA,NA,NA,NA,NA,NA,NA,NA,NA,NA,NA,NA,NA,NA,NA,NA,NA,NA,NA,NA,NA,NA,NA,NA,NA,NA,NA,NA,NA,0,0,0,NA,0,0,0.05203732845609986,0.08789555383090114
1839,5.82720126331062,0.02146770044078923,145.27361269999972,0.4738505740038421,0.007814758060111782,-0.007190269757438934,-4.72129460368998e-5,98.59262750240597,G01839,107.34867645228282,37.79140429115398,10000.000000000035,NA,NA,NA,NA,NA,NA,NA,NA,NA,NA,NA,NA,NA,NA,NA,NA,NA,NA,NA,NA,NA,NA,NA,NA,NA,NA,NA,NA,NA,NA,NA,NA,NA,NA,NA,NA,NA,NA,NA,NA,0,0,0,NA,0,0,0.05203732845609986,0.08789555383090114
1840,5.82720126331062,0.02146770044078923,145.27361269999972,0.4738505740038421,0.007814758060111782,-0.007190269757438934,-4.72129460368998e-5,98.59262750240597,G01840,108.24699173640235,37.79140429115398,10000.000000000016,NA,NA,NA,NA,NA,NA,NA,NA,NA,NA,NA,NA,NA,NA,NA,NA,NA,NA,NA,NA,NA,NA,NA,NA,NA,NA,NA,NA,NA,NA,NA,NA,NA,NA,NA,NA,NA,NA,NA,NA,0,0,0,NA,0,0,0.05203732845609986,0.08789555383090114
1841,5.82720126331062,0.02146770044078923,145.27361269999972,0.4738505740038421,0.007814758060111782,-0.007190269757438934,-4.72129460368998e-5,98.59262750240597,G01841,109.14530702052186,37.79140429115398,10000,NA,NA,NA,NA,NA,NA,NA,NA,NA,NA,NA,NA,NA,NA,NA,NA,NA,NA,NA,NA,NA,NA,NA,NA,NA,NA,NA,NA,NA,NA,NA,NA,NA,NA,NA,NA,NA,NA,NA,NA,0,0,0,NA,0,0,0.05203732845609986,0.08789555383090114
1842,5.82720126331062,0.02146770044078923,145.27361269999972,0.4738505740038421,0.007814758060111782,-0.007190269757438934,-4.72129460368998e-5,98.59262750240597,G01842,110.04362230464137,37.79140429115398,9999.999999999973,NA,NA,NA,NA,NA,NA,NA,NA,NA,NA,NA,NA,NA,NA,NA,NA,NA,NA,NA,NA,NA,NA,NA,NA,NA,NA,NA,NA,NA,NA,NA,NA,NA,NA,NA,NA,NA,NA,NA,NA,0,0,0,NA,0,0,0.05203732845609986,0.08789555383090114
1843,5.82720126331062,0.02146770044078923,145.27361269999972,0.4738505740038421,0.007814758060111782,-0.007190269757438934,-4.72129460368998e-5,98.59262750240597,G01843,110.94193758876088,37.79140429115397,10000.000000000027,NA,NA,NA,NA,NA,NA,NA,NA,NA,NA,NA,NA,NA,NA,NA,NA,NA,NA,NA,NA,NA,NA,NA,NA,NA,NA,NA,NA,NA,NA,NA,NA,NA,NA,NA,NA,NA,NA,NA,NA,0,0,0,NA,0,0,0.05203732845609986,0.08789555383090114
1844,5.82720126331062,0.02146770044078923,145.27361269999972,0.4738505740038421,0.007814758060111782,-0.007190269757438934,-4.72129460368998e-5,98.59262750240597,G01844,111.84025287288041,37.79140429115398,10000,NA,NA,NA,NA,NA,NA,NA,NA,NA,NA,NA,NA,NA,NA,NA,NA,NA,NA,NA,NA,NA,NA,NA,NA,NA,NA,NA,NA,NA,NA,NA,NA,NA,NA,NA,NA,NA,NA,NA,NA,0,0,0,NA,0,0,0.05203732845609986,0.08789555383090114
1845,5.82720126331062,0.02146770044078923,145.27361269999972,0.4738505740038421,0.007814758060111782,-0.007190269757438934,-4.72129460368998e-5,98.59262750240597,G01845,112.73856815699993,37.79140429115398,10000,NA,NA,NA,NA,NA,NA,NA,NA,NA,NA,NA,NA,NA,NA,NA,NA,NA,NA,NA,NA,NA,NA,NA,NA,NA,NA,NA,NA,NA,NA,NA,NA,NA,NA,NA,NA,NA,NA,NA,NA,0,0,0,NA,0,0,0.05203732845609986,0.08789555383090114
1846,5.82720126331062,0.02146770044078923,145.27361269999972,0.4738505740038421,0.007814758060111782,-0.007190269757438934,-4.72129460368998e-5,98.59262750240597,G01846,113.63688344111951,37.79140429115398,9999.999999999673,NA,NA,NA,NA,NA,NA,NA,NA,NA,NA,NA,NA,NA,NA,NA,NA,NA,NA,NA,NA,NA,NA,NA,NA,NA,NA,NA,NA,NA,NA,NA,NA,NA,NA,NA,NA,NA,NA,NA,NA,0,0,0,NA,0,0,0.05203732845609986,0.08789555383090114
1847,5.82720126331062,0.02146770044078923,145.27361269999972,0.4738505740038421,0.007814758060111782,-0.007190269757438934,-4.72129460368998e-5,98.59262750240597,G01847,114.53519872523898,37.79140429115398,9999.9999999999,NA,NA,NA,NA,NA,NA,NA,NA,NA,NA,NA,NA,NA,NA,NA,NA,NA,NA,NA,NA,NA,NA,NA,NA,NA,NA,NA,NA,NA,NA,NA,NA,NA,NA,NA,NA,NA,NA,NA,NA,0,0,0,NA,0,0,0.05203732845609986,0.08789555383090114
1848,5.82720126331062,0.02146770044078923,145.27361269999972,0.4738505740038421,0.007814758060111782,-0.007190269757438934,-4.72129460368998e-5,98.59262750240597,G01848,115.43351400935852,37.79140429115398,10000,NA,NA,NA,NA,NA,NA,NA,NA,NA,NA,NA,NA,NA,NA,NA,NA,NA,NA,NA,NA,NA,NA,NA,NA,NA,NA,NA,NA,NA,NA,NA,NA,NA,NA,NA,NA,NA,NA,NA,NA,0,0,0,NA,0,0,0.05203732845609986,0.08789555383090114
1849,5.82720126331062,0.02146770044078923,145.27361269999972,0.4738505740038421,0.007814758060111782,-0.007190269757438934,-4.72129460368998e-5,98.59262750240597,G01849,116.33182929347802,37.79140429115398,9999.999999999949,NA,NA,NA,NA,NA,NA,NA,NA,NA,NA,NA,NA,NA,NA,NA,NA,NA,NA,NA,NA,NA,NA,NA,NA,NA,NA,NA,NA,NA,NA,NA,NA,NA,NA,NA,NA,NA,NA,NA,NA,0,0,0,NA,0,0,0.05203732845609986,0.08789555383090114
1850,5.82720126331062,0.02146770044078923,145.27361269999972,0.4738505740038421,0.007814758060111782,-0.007190269757438934,-4.72129460368998e-5,98.59262750240597,G01850,117.23014457759756,37.79140429115398,10000.000000000047,NA,NA,NA,NA,NA,NA,NA,NA,NA,NA,NA,NA,NA,NA,NA,NA,NA,NA,NA,NA,NA,NA,NA,NA,NA,NA,NA,NA,NA,NA,NA,NA,NA,NA,NA,NA,NA,NA,NA,NA,0,0,0,NA,0,0,0.05203732845609986,0.08789555383090114
1851,5.839302944293031,0.02150898374283615,145.27361269999972,0.47506975785375194,0.007915701581064834,-0.007176080792121644,-4.6064494089300376e-5,98.60198584297696,G01851,118.11952184177386,37.757896886637774,8942.635437212328,NA,NA,NA,NA,NA,NA,NA,NA,NA,NA,NA,NA,NA,NA,NA,NA,NA,NA,NA,NA,NA,NA,NA,NA,NA,NA,NA,NA,NA,NA,NA,NA,NA,NA,NA,NA,NA,NA,NA,NA,0,0,0,NA,0,0,0.052111224466656524,0.08796330727666017
1852,5.832716861668823,0.021486535795160685,145.27361269999972,0.47440652566733077,0.007860806059846018,-0.00718380495375505,-4.6689262713295176e-5,98.59687921074458,G01852,118.81183235760908,37.77612038801182,4601.845360384101,NA,NA,NA,NA,NA,NA,NA,NA,NA,NA,NA,NA,NA,NA,NA,NA,NA,NA,NA,NA,NA,NA,NA,NA,NA,NA,NA,NA,NA,NA,NA,NA,NA,NA,NA,NA,NA,NA,NA,NA,0,0,0,NA,0,0,0.052071034707614275,0.08792643215373455
1853,5.918099689002291,0.021773662701404413,148.98804789999983,0.482952441971549,0.008564540807913976,-0.007083361145021368,-3.8639854265708594e-5,98.66560317944959,G01853,120.27570256275236,37.54207252184061,675.8850379062173,NA,NA,NA,NA,NA,NA,NA,NA,NA,NA,NA,NA,NA,NA,NA,NA,NA,NA,NA,NA,NA,NA,NA,NA,NA,NA,NA,NA,NA,NA,NA,NA,NA,NA,NA,NA,NA,NA,NA,NA,0,0,0,NA,0,0,0.052587129022027175,0.08840437821485056
1854,5.895318845092912,0.02169791353777381,148.4306190999999,0.48068339661069254,0.00837850877229005,-0.0071102146404067685,-4.0776420400316884e-5,98.64673124975594,G01854,120.77334839029187,37.604058266737006,4282.099543383318,NA,NA,NA,NA,NA,NA,NA,NA,NA,NA,NA,NA,NA,NA,NA,NA,NA,NA,NA,NA,NA,NA,NA,NA,NA,NA,NA,NA,NA,NA,NA,NA,NA,NA,NA,NA,NA,NA,NA,NA,0,0,0,NA,0,0,0.052450477184841346,0.08827693742321298
1855,5.934175340528616,0.02182671330839039,148.98804789999983,0.4845487950387038,0.008695022869325114,-0.007064395872287453,-3.713734967462804e-5,98.67915634189245,G01855,121.6562053402167,37.49852734243046,705.1093366012568,NA,NA,NA,NA,NA,NA,NA,NA,NA,NA,NA,NA,NA,NA,NA,NA,NA,NA,NA,NA,NA,NA,NA,NA,NA,NA,NA,NA,NA,NA,NA,NA,NA,NA,NA,NA,NA,NA,NA,NA,0,0,0,NA,0,0,0.0526831002678842,0.08849422960144504
1856,5.953048932844445,0.02188855564751738,147.09298729999986,0.486417902868606,0.008847355448207007,-0.0070421176356009986,-3.537901892926607e-5,98.69531829930605,G01856,122.19804630974411,37.447606875230626,8.962121329760349,NA,NA,NA,NA,NA,NA,NA,NA,NA,NA,NA,NA,NA,NA,NA,NA,NA,NA,NA,NA,NA,NA,NA,NA,NA,NA,NA,NA,NA,NA,NA,NA,NA,NA,NA,NA,NA,NA,NA,NA,0,0,0,NA,0,0,0.05279528970354956,0.08859960935264403
1875,6.052071767794387,0.022204542773988815,155.32744839999978,0.49613536375749384,0.009630570210921926,-0.006925181478559371,-2.62617378981287e-5,98.78457251934975,G01875,75.09454051938708,37.183915901525914,4385.462524369129,NA,NA,NA,NA,NA,NA,NA,NA,NA,NA,NA,NA,NA,NA,NA,NA,NA,NA,NA,NA,NA,NA,NA,NA,NA,NA,NA,NA,NA,NA,NA,NA,NA,NA,NA,NA,NA,NA,NA,NA,0,0,0,NA,0,0,0.05337529395403884,0.0891494761945645
1876,6.0887384009927885,0.02231761214796762,158.0802777999998,0.4996962896139966,0.009913391005560948,-0.006881929479135844,-2.2935158565554746e-5,98.8195414499532,G01876,75.91626844227284,37.08768825256086,9715.258877305978,NA,NA,NA,NA,NA,NA,NA,NA,NA,NA,NA,NA,NA,NA,NA,NA,NA,NA,NA,NA,NA,NA,NA,NA,NA,NA,NA,NA,NA,NA,NA,NA,NA,NA,NA,NA,NA,NA,NA,NA,0,0,0,NA,0,0,0.053586379925024415,0.08935127948200011
1877,6.09240319588123,0.022328787794613687,158.0802777999998,0.5000511145000022,0.009941436002512948,-0.006877609464927788,-2.2604220555282373e-5,98.82309415845742,G01877,76.80595679221908,37.07811061967602,10000,NA,NA,NA,NA,NA,NA,NA,NA,NA,NA,NA,NA,NA,NA,NA,NA,NA,NA,NA,NA,NA,NA,NA,NA,NA,NA,NA,NA,NA,NA,NA,NA,NA,NA,NA,NA,NA,NA,NA,NA,0,0,0,NA,0,0,0.053607368139469695,0.08937138246767466
1878,6.09240319588123,0.022328787794613687,158.0802777999998,0.5000511145000022,0.009941436002512948,-0.006877609464927788,-2.2604220555282373e-5,98.82309415845742,G01878,77.7042720763386,37.07811061967602,10000,NA,NA,NA,NA,NA,NA,NA,NA,NA,NA,NA,NA,NA,NA,NA,NA,NA,NA,NA,NA,NA,NA,NA,NA,NA,NA,NA,NA,NA,NA,NA,NA,NA,NA,NA,NA,NA,NA,NA,NA,0,0,0,NA,0,0,0.053607368139469695,0.08937138246767466
1879,6.09240319588123,0.022328787794613687,158.0802777999998,0.5000511145000022,0.009941436002512948,-0.006877609464927788,-2.2604220555282373e-5,98.82309415845742,G01879,78.60258736045813,37.07811061967602,10000,NA,NA,NA,NA,NA,NA,NA,NA,NA,NA,NA,NA,NA,NA,NA,NA,NA,NA,NA,NA,NA,NA,NA,NA,NA,NA,NA,NA,NA,NA,NA,NA,NA,NA,NA,NA,NA,NA,NA,NA,0,0,0,NA,0,0,0.053607368139469695,0.08937138246767466
1880,6.09240319588123,0.022328787794613687,158.0802777999998,0.5000511145000022,0.009941436002512948,-0.006877609464927788,-2.2604220555282373e-5,98.82309415845742,G01880,79.50090264457765,37.07811061967602,10000,NA,NA,NA,NA,NA,NA,NA,NA,NA,NA,NA,NA,NA,NA,NA,NA,NA,NA,NA,NA,NA,NA,NA,NA,NA,NA,NA,NA,NA,NA,NA,NA,NA,NA,NA,NA,NA,NA,NA,NA,0,0,0,NA,0,0,0.053607368139469695,0.08937138246767466
1881,6.09240319588123,0.022328787794613687,158.0802777999998,0.5000511145000022,0.009941436002512948,-0.006877609464927788,-2.2604220555282373e-5,98.82309415845742,G01881,80.39921792869717,37.07811061967602,10000,NA,NA,NA,NA,NA,NA,NA,NA,NA,NA,NA,NA,NA,NA,NA,NA,NA,NA,NA,NA,NA,NA,NA,NA,NA,NA,NA,NA,NA,NA,NA,NA,NA,NA,NA,NA,NA,NA,NA,NA,0,0,0,NA,0,0,0.053607368139469695,0.08937138246767466
1882,6.09240319588123,0.022328787794613687,158.0802777999998,0.5000511145000022,0.009941436002512948,-0.006877609464927788,-2.2604220555282373e-5,98.82309415845742,G01882,81.29753321281669,37.07811061967602,10000,NA,NA,NA,NA,NA,NA,NA,NA,NA,NA,NA,NA,NA,NA,NA,NA,NA,NA,NA,NA,NA,NA,NA,NA,NA,NA,NA,NA,NA,NA,NA,NA,NA,NA,NA,NA,NA,NA,NA,NA,0,0,0,NA,0,0,0.053607368139469695,0.08937138246767466
1884,6.09240319588123,0.022328787794613687,158.0802777999998,0.5000511145000022,0.009941436002512948,-0.006877609464927788,-2.2604220555282373e-5,98.82309415845742,G01884,83.09416378105573,37.07811061967602,10000,NA,NA,NA,NA,NA,NA,NA,NA,NA,NA,NA,NA,NA,NA,NA,NA,NA,NA,NA,NA,NA,NA,NA,NA,NA,NA,NA,NA,NA,NA,NA,NA,NA,NA,NA,NA,NA,NA,NA,NA,0,0,0,NA,0,0,0.053607368139469695,0.08937138246767466
1892,6.09240319588123,0.022328787794613687,158.0802777999998,0.5000511145000022,0.009941436002512948,-0.006877609464927788,-2.2604220555282373e-5,98.82309415845742,G01892,90.28068605401192,37.078110619676025,10000.00000000006,NA,NA,NA,NA,NA,NA,NA,NA,NA,NA,NA,NA,NA,NA,NA,NA,NA,NA,NA,NA,NA,NA,NA,NA,NA,NA,NA,NA,NA,NA,NA,NA,NA,NA,NA,NA,NA,NA,NA,NA,0,0,0,NA,0,0,0.053607368139469695,0.08937138246767466
1895,6.09240319588123,0.022328787794613687,158.0802777999998,0.5000511145000022,0.009941436002512948,-0.006877609464927788,-2.2604220555282373e-5,98.82309415845742,G01895,92.97563190637047,37.07811061967602,10000,NA,NA,NA,NA,NA,NA,NA,NA,NA,NA,NA,NA,NA,NA,NA,NA,NA,NA,NA,NA,NA,NA,NA,NA,NA,NA,NA,NA,NA,NA,NA,NA,NA,NA,NA,NA,NA,NA,NA,NA,0,0,0,NA,0,0,0.053607368139469695,0.08937138246767466
1896,6.09240319588123,0.022328787794613687,158.0802777999998,0.5000511145000022,0.009941436002512948,-0.006877609464927788,-2.2604220555282373e-5,98.82309415845742,G01896,93.87394719048999,37.07811061967602,10000,NA,NA,NA,NA,NA,NA,NA,NA,NA,NA,NA,NA,NA,NA,NA,NA,NA,NA,NA,NA,NA,NA,NA,NA,NA,NA,NA,NA,NA,NA,NA,NA,NA,NA,NA,NA,NA,NA,NA,NA,0,0,0,NA,0,0,0.053607368139469695,0.08937138246767466
1897,6.09240319588123,0.022328787794613687,158.0802777999998,0.5000511145000022,0.009941436002512948,-0.006877609464927788,-2.2604220555282373e-5,98.82309415845742,G01897,94.7722624746095,37.07811061967602,10000,NA,NA,NA,NA,NA,NA,NA,NA,NA,NA,NA,NA,NA,NA,NA,NA,NA,NA,NA,NA,NA,NA,NA,NA,NA,NA,NA,NA,NA,NA,NA,NA,NA,NA,NA,NA,NA,NA,NA,NA,0,0,0,NA,0,0,0.053607368139469695,0.08937138246767466
1898,6.09240319588123,0.022328787794613687,158.0802777999998,0.5000511145000022,0.009941436002512948,-0.006877609464927788,-2.2604220555282373e-5,98.82309415845742,G01898,95.67057775872902,37.07811061967602,10000,NA,NA,NA,NA,NA,NA,NA,NA,NA,NA,NA,NA,NA,NA,NA,NA,NA,NA,NA,NA,NA,NA,NA,NA,NA,NA,NA,NA,NA,NA,NA,NA,NA,NA,NA,NA,NA,NA,NA,NA,0,0,0,NA,0,0,0.053607368139469695,0.08937138246767466
1899,6.09240319588123,0.022328787794613687,158.0802777999998,0.5000511145000022,0.009941436002512948,-0.006877609464927788,-2.2604220555282373e-5,98.82309415845742,G01899,96.56889304284854,37.07811061967602,10000,NA,NA,NA,NA,NA,NA,NA,NA,NA,NA,NA,NA,NA,NA,NA,NA,NA,NA,NA,NA,NA,NA,NA,NA,NA,NA,NA,NA,NA,NA,NA,NA,NA,NA,NA,NA,NA,NA,NA,NA,0,0,0,NA,0,0,0.053607368139469695,0.08937138246767466
1900,6.09240319588123,0.022328787794613687,158.0802777999998,0.5000511145000022,0.009941436002512948,-0.006877609464927788,-2.2604220555282373e-5,98.82309415845742,G01900,97.46720832696808,37.07811061967602,10000,NA,NA,NA,NA,NA,NA,NA,NA,NA,NA,NA,NA,NA,NA,NA,NA,NA,NA,NA,NA,NA,NA,NA,NA,NA,NA,NA,NA,NA,NA,NA,NA,NA,NA,NA,NA,NA,NA,NA,NA,0,0,0,NA,0,0,0.053607368139469695,0.08937138246767466
1901,6.09240319588123,0.022328787794613687,158.0802777999998,0.5000511145000022,0.009941436002512948,-0.006877609464927788,-2.2604220555282373e-5,98.82309415845742,G01901,98.3655236110876,37.07811061967602,10000,NA,NA,NA,NA,NA,NA,NA,NA,NA,NA,NA,NA,NA,NA,NA,NA,NA,NA,NA,NA,NA,NA,NA,NA,NA,NA,NA,NA,NA,NA,NA,NA,NA,NA,NA,NA,NA,NA,NA,NA,0,0,0,NA,0,0,0.053607368139469695,0.08937138246767466
1902,6.09240319588123,0.022328787794613687,158.0802777999998,0.5000511145000022,0.009941436002512948,-0.006877609464927788,-2.2604220555282373e-5,98.82309415845742,G01902,99.26383889520712,37.07811061967602,10000,NA,NA,NA,NA,NA,NA,NA,NA,NA,NA,NA,NA,NA,NA,NA,NA,NA,NA,NA,NA,NA,NA,NA,NA,NA,NA,NA,NA,NA,NA,NA,NA,NA,NA,NA,NA,NA,NA,NA,NA,0,0,0,NA,0,0,0.053607368139469695,0.08937138246767466
1903,6.09240319588123,0.022328787794613687,158.0802777999998,0.5000511145000022,0.009941436002512948,-0.006877609464927788,-2.2604220555282373e-5,98.82309415845742,G01903,100.16215417932663,37.07811061967602,10000,NA,NA,NA,NA,NA,NA,NA,NA,NA,NA,NA,NA,NA,NA,NA,NA,NA,NA,NA,NA,NA,NA,NA,NA,NA,NA,NA,NA,NA,NA,NA,NA,NA,NA,NA,NA,NA,NA,NA,NA,0,0,0,NA,0,0,0.053607368139469695,0.08937138246767466
1904,6.09240319588123,0.022328787794613687,158.0802777999998,0.5000511145000022,0.009941436002512948,-0.006877609464927788,-2.2604220555282373e-5,98.82309415845742,G01904,101.06046946344617,37.07811061967602,10000,NA,NA,NA,NA,NA,NA,NA,NA,NA,NA,NA,NA,NA,NA,NA,NA,NA,NA,NA,NA,NA,NA,NA,NA,NA,NA,NA,NA,NA,NA,NA,NA,NA,NA,NA,NA,NA,NA,NA,NA,0,0,0,NA,0,0,0.053607368139469695,0.08937138246767466
1905,6.09240319588123,0.022328787794613687,158.0802777999998,0.5000511145000022,0.009941436002512948,-0.006877609464927788,-2.2604220555282373e-5,98.82309415845742,G01905,101.95878474756569,37.07811061967602,9999.999999999969,NA,NA,NA,NA,NA,NA,NA,NA,NA,NA,NA,NA,NA,NA,NA,NA,NA,NA,NA,NA,NA,NA,NA,NA,NA,NA,NA,NA,NA,NA,NA,NA,NA,NA,NA,NA,NA,NA,NA,NA,0,0,0,NA,0,0,0.053607368139469695,0.08937138246767466
1906,6.09240319588123,0.022328787794613687,158.0802777999998,0.5000511145000022,0.009941436002512948,-0.006877609464927788,-2.2604220555282373e-5,98.82309415845742,G01906,102.8571000316852,37.07811061967602,10000.000000000091,NA,NA,NA,NA,NA,NA,NA,NA,NA,NA,NA,NA,NA,NA,NA,NA,NA,NA,NA,NA,NA,NA,NA,NA,NA,NA,NA,NA,NA,NA,NA,NA,NA,NA,NA,NA,NA,NA,NA,NA,0,0,0,NA,0,0,0.053607368139469695,0.08937138246767466
1907,6.09240319588123,0.022328787794613687,158.0802777999998,0.5000511145000022,0.009941436002512948,-0.006877609464927788,-2.2604220555282373e-5,98.82309415845742,G01907,103.75541531580473,37.07811061967602,10000.000000000053,NA,NA,NA,NA,NA,NA,NA,NA,NA,NA,NA,NA,NA,NA,NA,NA,NA,NA,NA,NA,NA,NA,NA,NA,NA,NA,NA,NA,NA,NA,NA,NA,NA,NA,NA,NA,NA,NA,NA,NA,0,0,0,NA,0,0,0.053607368139469695,0.08937138246767466
1908,6.09240319588123,0.022328787794613687,158.0802777999998,0.5000511145000022,0.009941436002512948,-0.006877609464927788,-2.2604220555282373e-5,98.82309415845742,G01908,104.65373059992424,37.07811061967602,10000.000000000013,NA,NA,NA,NA,NA,NA,NA,NA,NA,NA,NA,NA,NA,NA,NA,NA,NA,NA,NA,NA,NA,NA,NA,NA,NA,NA,NA,NA,NA,NA,NA,NA,NA,NA,NA,NA,NA,NA,NA,NA,0,0,0,NA,0,0,0.053607368139469695,0.08937138246767466
1909,6.09240319588123,0.022328787794613687,158.0802777999998,0.5000511145000022,0.009941436002512948,-0.006877609464927788,-2.2604220555282373e-5,98.82309415845742,G01909,105.55204588404376,37.07811061967602,9999.999999999987,NA,NA,NA,NA,NA,NA,NA,NA,NA,NA,NA,NA,NA,NA,NA,NA,NA,NA,NA,NA,NA,NA,NA,NA,NA,NA,NA,NA,NA,NA,NA,NA,NA,NA,NA,NA,NA,NA,NA,NA,0,0,0,NA,0,0,0.053607368139469695,0.08937138246767466
1910,6.09240319588123,0.022328787794613687,158.0802777999998,0.5000511145000022,0.009941436002512948,-0.006877609464927788,-2.2604220555282373e-5,98.82309415845742,G01910,106.45036116816327,37.07811061967602,9999.999999999965,NA,NA,NA,NA,NA,NA,NA,NA,NA,NA,NA,NA,NA,NA,NA,NA,NA,NA,NA,NA,NA,NA,NA,NA,NA,NA,NA,NA,NA,NA,NA,NA,NA,NA,NA,NA,NA,NA,NA,NA,0,0,0,NA,0,0,0.053607368139469695,0.08937138246767466
1911,6.09240319588123,0.022328787794613687,158.0802777999998,0.5000511145000022,0.009941436002512948,-0.006877609464927788,-2.2604220555282373e-5,98.82309415845742,G01911,107.34867645228282,37.07811061967602,10000.000000000004,NA,NA,NA,NA,NA,NA,NA,NA,NA,NA,NA,NA,NA,NA,NA,NA,NA,NA,NA,NA,NA,NA,NA,NA,NA,NA,NA,NA,NA,NA,NA,NA,NA,NA,NA,NA,NA,NA,NA,NA,0,0,0,NA,0,0,0.053607368139469695,0.08937138246767466
1912,6.09240319588123,0.022328787794613687,158.0802777999998,0.5000511145000022,0.009941436002512948,-0.006877609464927788,-2.2604220555282373e-5,98.82309415845742,G01912,108.24699173640234,37.07811061967602,9999.999999999996,NA,NA,NA,NA,NA,NA,NA,NA,NA,NA,NA,NA,NA,NA,NA,NA,NA,NA,NA,NA,NA,NA,NA,NA,NA,NA,NA,NA,NA,NA,NA,NA,NA,NA,NA,NA,NA,NA,NA,NA,0,0,0,NA,0,0,0.053607368139469695,0.08937138246767466
1913,6.09240319588123,0.022328787794613687,158.0802777999998,0.5000511145000022,0.009941436002512948,-0.006877609464927788,-2.2604220555282373e-5,98.82309415845742,G01913,109.14530702052186,37.07811061967602,10000,NA,NA,NA,NA,NA,NA,NA,NA,NA,NA,NA,NA,NA,NA,NA,NA,NA,NA,NA,NA,NA,NA,NA,NA,NA,NA,NA,NA,NA,NA,NA,NA,NA,NA,NA,NA,NA,NA,NA,NA,0,0,0,NA,0,0,0.053607368139469695,0.08937138246767466
1914,6.09240319588123,0.022328787794613687,158.0802777999998,0.5000511145000022,0.009941436002512948,-0.006877609464927788,-2.2604220555282373e-5,98.82309415845742,G01914,110.04362230464137,37.07811061967602,10000.000000000044,NA,NA,NA,NA,NA,NA,NA,NA,NA,NA,NA,NA,NA,NA,NA,NA,NA,NA,NA,NA,NA,NA,NA,NA,NA,NA,NA,NA,NA,NA,NA,NA,NA,NA,NA,NA,NA,NA,NA,NA,0,0,0,NA,0,0,0.053607368139469695,0.08937138246767466
1915,6.09240319588123,0.022328787794613687,158.0802777999998,0.5000511145000022,0.009941436002512948,-0.006877609464927788,-2.2604220555282373e-5,98.82309415845742,G01915,110.9419375887609,37.07811061967602,10000,NA,NA,NA,NA,NA,NA,NA,NA,NA,NA,NA,NA,NA,NA,NA,NA,NA,NA,NA,NA,NA,NA,NA,NA,NA,NA,NA,NA,NA,NA,NA,NA,NA,NA,NA,NA,NA,NA,NA,NA,0,0,0,NA,0,0,0.053607368139469695,0.08937138246767466
1916,6.09240319588123,0.022328787794613687,158.0802777999998,0.5000511145000022,0.009941436002512948,-0.006877609464927788,-2.2604220555282373e-5,98.82309415845742,G01916,111.84025287288041,37.07811061967602,10000,NA,NA,NA,NA,NA,NA,NA,NA,NA,NA,NA,NA,NA,NA,NA,NA,NA,NA,NA,NA,NA,NA,NA,NA,NA,NA,NA,NA,NA,NA,NA,NA,NA,NA,NA,NA,NA,NA,NA,NA,0,0,0,NA,0,0,0.053607368139469695,0.08937138246767466
1917,6.09240319588123,0.022328787794613687,158.0802777999998,0.5000511145000022,0.009941436002512948,-0.006877609464927788,-2.2604220555282373e-5,98.82309415845742,G01917,112.73856815699993,37.07811061967602,10000,NA,NA,NA,NA,NA,NA,NA,NA,NA,NA,NA,NA,NA,NA,NA,NA,NA,NA,NA,NA,NA,NA,NA,NA,NA,NA,NA,NA,NA,NA,NA,NA,NA,NA,NA,NA,NA,NA,NA,NA,0,0,0,NA,0,0,0.053607368139469695,0.08937138246767466
1918,6.09240319588123,0.022328787794613687,158.0802777999998,0.5000511145000022,0.009941436002512948,-0.006877609464927788,-2.2604220555282373e-5,98.82309415845742,G01918,113.63688344111945,37.07811061967602,9999.999999999769,NA,NA,NA,NA,NA,NA,NA,NA,NA,NA,NA,NA,NA,NA,NA,NA,NA,NA,NA,NA,NA,NA,NA,NA,NA,NA,NA,NA,NA,NA,NA,NA,NA,NA,NA,NA,NA,NA,NA,NA,0,0,0,NA,0,0,0.053607368139469695,0.08937138246767466
1919,6.09240319588123,0.022328787794613687,158.0802777999998,0.5000511145000022,0.009941436002512948,-0.006877609464927788,-2.2604220555282373e-5,98.82309415845742,G01919,114.53519872523898,37.07811061967602,10000,NA,NA,NA,NA,NA,NA,NA,NA,NA,NA,NA,NA,NA,NA,NA,NA,NA,NA,NA,NA,NA,NA,NA,NA,NA,NA,NA,NA,NA,NA,NA,NA,NA,NA,NA,NA,NA,NA,NA,NA,0,0,0,NA,0,0,0.053607368139469695,0.08937138246767466
1920,6.09240319588123,0.022328787794613687,158.0802777999998,0.5000511145000022,0.009941436002512948,-0.006877609464927788,-2.2604220555282373e-5,98.82309415845742,G01920,115.43351400935852,37.07811061967602,9999.99999999995,NA,NA,NA,NA,NA,NA,NA,NA,NA,NA,NA,NA,NA,NA,NA,NA,NA,NA,NA,NA,NA,NA,NA,NA,NA,NA,NA,NA,NA,NA,NA,NA,NA,NA,NA,NA,NA,NA,NA,NA,0,0,0,NA,0,0,0.053607368139469695,0.08937138246767466
1921,6.09240319588123,0.022328787794613687,158.0802777999998,0.5000511145000022,0.009941436002512948,-0.006877609464927788,-2.2604220555282373e-5,98.82309415845742,G01921,116.33182929347802,37.07811061967602,10000,NA,NA,NA,NA,NA,NA,NA,NA,NA,NA,NA,NA,NA,NA,NA,NA,NA,NA,NA,NA,NA,NA,NA,NA,NA,NA,NA,NA,NA,NA,NA,NA,NA,NA,NA,NA,NA,NA,NA,NA,0,0,0,NA,0,0,0.053607368139469695,0.08937138246767466
1922,6.09240319588123,0.022328787794613687,158.0802777999998,0.5000511145000022,0.009941436002512948,-0.006877609464927788,-2.2604220555282373e-5,98.82309415845742,G01922,117.23014457759756,37.07811061967602,10000,NA,NA,NA,NA,NA,NA,NA,NA,NA,NA,NA,NA,NA,NA,NA,NA,NA,NA,NA,NA,NA,NA,NA,NA,NA,NA,NA,NA,NA,NA,NA,NA,NA,NA,NA,NA,NA,NA,NA,NA,0,0,0,NA,0,0,0.053607368139469695,0.08937138246767466
1923,6.09240319588123,0.022328787794613687,158.0802777999998,0.5000511145000022,0.009941436002512948,-0.006877609464927788,-2.2604220555282373e-5,98.82309415845742,G01923,118.12845986171706,37.07811061967602,10000,NA,NA,NA,NA,NA,NA,NA,NA,NA,NA,NA,NA,NA,NA,NA,NA,NA,NA,NA,NA,NA,NA,NA,NA,NA,NA,NA,NA,NA,NA,NA,NA,NA,NA,NA,NA,NA,NA,NA,NA,0,0,0,NA,0,0,0.053607368139469695,0.08937138246767466
1924,6.119648710085954,0.02241113309250792,158.89038369999977,0.5026829050663056,0.01014864200596851,-0.006845513262655618,-2.0152937713097583e-5,98.84983630382835,G01924,118.96492958505569,37.00713116403455,7518.700677841981,NA,NA,NA,NA,NA,NA,NA,NA,NA,NA,NA,NA,NA,NA,NA,NA,NA,NA,NA,NA,NA,NA,NA,NA,NA,NA,NA,NA,NA,NA,NA,NA,NA,NA,NA,NA,NA,NA,NA,NA,0,0,0,NA,0,0,0.053762777275360295,0.08952041783283834
1925,6.110916757861298,0.022384885436450324,158.89038369999977,0.5018406080064384,0.010082483551251626,-0.006855795689574849,-2.0936805109964978e-5,98.8412022316768,G01925,119.98088085586191,37.02983669432528,8182.889552532295,NA,NA,NA,NA,NA,NA,NA,NA,NA,NA,NA,NA,NA,NA,NA,NA,NA,NA,NA,NA,NA,NA,NA,NA,NA,NA,NA,NA,NA,NA,NA,NA,NA,NA,NA,NA,NA,NA,NA,NA,0,0,0,NA,0,0,0.05371309009647899,0.08947273577046116
1926,6.09240319588123,0.022328787794613687,158.0802777999998,0.5000511145000022,0.009941436002512948,-0.006877609464927788,-2.2604220555282373e-5,98.82309415845742,G01926,120.82340571407563,37.07811061967602,10000,NA,NA,NA,NA,NA,NA,NA,NA,NA,NA,NA,NA,NA,NA,NA,NA,NA,NA,NA,NA,NA,NA,NA,NA,NA,NA,NA,NA,NA,NA,NA,NA,NA,NA,NA,NA,NA,NA,NA,NA,0,0,0,NA,0,0,0.053607368139469695,0.08937138246767466
1927,6.071361153675962,0.022264307449745165,158.0802777999998,0.4980111485509425,0.009779857138372327,-0.006902421398391008,-2.4508219122641337e-5,98.80283837776945,G01927,121.68864427738737,37.13320114804453,8188.826608084066,NA,NA,NA,NA,NA,NA,NA,NA,NA,NA,NA,NA,NA,NA,NA,NA,NA,NA,NA,NA,NA,NA,NA,NA,NA,NA,NA,NA,NA,NA,NA,NA,NA,NA,NA,NA,NA,NA,NA,NA,0,0,0,NA,0,0,0.05348658944313196,0.08925578735694639
1928,6.068812573126204,0.022256446641747515,155.32744839999984,0.4977636290184029,0.009760196385166564,-0.006905427794673486,-2.4739459129517352e-5,98.80040845517819,G01928,122.34726400734631,37.13988999687413,2968.4577655108387,NA,NA,NA,NA,NA,NA,NA,NA,NA,NA,NA,NA,NA,NA,NA,NA,NA,NA,NA,NA,NA,NA,NA,NA,NA,NA,NA,NA,NA,NA,NA,NA,NA,NA,NA,NA,NA,NA,NA,NA,0,0,0,NA,0,0,0.053471916317215464,0.08924175939484416
1950,6.375542378376211,0.02311254707383051,157.70238719999995,0.5269107809315452,0.011976929341780754,-0.006546476001466339,2.0333610964055295e-6,99.13016062025474,G01950,77.7042720763386,36.358042728037645,10000,NA,NA,NA,NA,NA,NA,NA,NA,NA,NA,NA,NA,NA,NA,NA,NA,NA,NA,NA,NA,NA,NA,NA,NA,NA,NA,NA,NA,NA,NA,NA,NA,NA,NA,NA,NA,NA,NA,NA,NA,0,0,0,NA,0,0,0.05516824906381516,0.09087230730529262
1951,6.375542378376211,0.02311254707383051,157.70238719999995,0.5269107809315452,0.011976929341780754,-0.006546476001466339,2.0333610964055295e-6,99.13016062025474,G01951,78.60258736045813,36.358042728037645,10000,NA,NA,NA,NA,NA,NA,NA,NA,NA,NA,NA,NA,NA,NA,NA,NA,NA,NA,NA,NA,NA,NA,NA,NA,NA,NA,NA,NA,NA,NA,NA,NA,NA,NA,NA,NA,NA,NA,NA,NA,0,0,0,NA,0,0,0.05516824906381516,0.09087230730529262
1952,6.375542378376211,0.02311254707383051,157.70238719999995,0.5269107809315452,0.011976929341780754,-0.006546476001466339,2.0333610964055295e-6,99.13016062025474,G01952,79.50090264457765,36.358042728037645,10000,NA,NA,NA,NA,NA,NA,NA,NA,NA,NA,NA,NA,NA,NA,NA,NA,NA,NA,NA,NA,NA,NA,NA,NA,NA,NA,NA,NA,NA,NA,NA,NA,NA,NA,NA,NA,NA,NA,NA,NA,0,0,0,NA,0,0,0.05516824906381516,0.09087230730529262
1953,6.375542378376211,0.02311254707383051,157.70238719999995,0.5269107809315452,0.011976929341780754,-0.006546476001466339,2.0333610964055295e-6,99.13016062025474,G01953,80.39921792869717,36.358042728037645,10000,NA,NA,NA,NA,NA,NA,NA,NA,NA,NA,NA,NA,NA,NA,NA,NA,NA,NA,NA,NA,NA,NA,NA,NA,NA,NA,NA,NA,NA,NA,NA,NA,NA,NA,NA,NA,NA,NA,NA,NA,0,0,0,NA,0,0,0.05516824906381516,0.09087230730529262
1954,6.375542378376211,0.02311254707383051,157.70238719999995,0.5269107809315452,0.011976929341780754,-0.006546476001466339,2.0333610964055295e-6,99.13016062025474,G01954,81.29753321281669,36.358042728037645,10000,NA,NA,NA,NA,NA,NA,NA,NA,NA,NA,NA,NA,NA,NA,NA,NA,NA,NA,NA,NA,NA,NA,NA,NA,NA,NA,NA,NA,NA,NA,NA,NA,NA,NA,NA,NA,NA,NA,NA,NA,0,0,0,NA,0,0,0.05516824906381516,0.09087230730529262
1967,6.375542378376211,0.02311254707383051,157.70238719999995,0.5269107809315452,0.011976929341780754,-0.006546476001466339,2.0333610964055295e-6,99.13016062025474,G01967,92.97563190637047,36.358042728037645,10000,NA,NA,NA,NA,NA,NA,NA,NA,NA,NA,NA,NA,NA,NA,NA,NA,NA,NA,NA,NA,NA,NA,NA,NA,NA,NA,NA,NA,NA,NA,NA,NA,NA,NA,NA,NA,NA,NA,NA,NA,0,0,0,NA,0,0,0.05516824906381516,0.09087230730529262
1968,6.375542378376211,0.02311254707383051,157.70238719999995,0.5269107809315452,0.011976929341780754,-0.006546476001466339,2.0333610964055295e-6,99.13016062025474,G01968,93.87394719048999,36.358042728037645,10000,NA,NA,NA,NA,NA,NA,NA,NA,NA,NA,NA,NA,NA,NA,NA,NA,NA,NA,NA,NA,NA,NA,NA,NA,NA,NA,NA,NA,NA,NA,NA,NA,NA,NA,NA,NA,NA,NA,NA,NA,0,0,0,NA,0,0,0.05516824906381516,0.09087230730529262
1969,6.375542378376211,0.02311254707383051,157.70238719999995,0.5269107809315452,0.011976929341780754,-0.006546476001466339,2.0333610964055295e-6,99.13016062025474,G01969,94.7722624746095,36.358042728037645,10000,NA,NA,NA,NA,NA,NA,NA,NA,NA,NA,NA,NA,NA,NA,NA,NA,NA,NA,NA,NA,NA,NA,NA,NA,NA,NA,NA,NA,NA,NA,NA,NA,NA,NA,NA,NA,NA,NA,NA,NA,0,0,0,NA,0,0,0.05516824906381516,0.09087230730529262
1970,6.375542378376211,0.02311254707383051,157.70238719999995,0.5269107809315452,0.011976929341780754,-0.006546476001466339,2.0333610964055295e-6,99.13016062025474,G01970,95.67057775872902,36.358042728037645,10000,NA,NA,NA,NA,NA,NA,NA,NA,NA,NA,NA,NA,NA,NA,NA,NA,NA,NA,NA,NA,NA,NA,NA,NA,NA,NA,NA,NA,NA,NA,NA,NA,NA,NA,NA,NA,NA,NA,NA,NA,0,0,0,NA,0,0,0.05516824906381516,0.09087230730529262
1971,6.375542378376211,0.02311254707383051,157.70238719999995,0.5269107809315452,0.011976929341780754,-0.006546476001466339,2.0333610964055295e-6,99.13016062025474,G01971,96.56889304284854,36.358042728037645,10000,NA,NA,NA,NA,NA,NA,NA,NA,NA,NA,NA,NA,NA,NA,NA,NA,NA,NA,NA,NA,NA,NA,NA,NA,NA,NA,NA,NA,NA,NA,NA,NA,NA,NA,NA,NA,NA,NA,NA,NA,0,0,0,NA,0,0,0.05516824906381516,0.09087230730529262
1972,6.375542378376211,0.02311254707383051,157.70238719999995,0.5269107809315452,0.011976929341780754,-0.006546476001466339,2.0333610964055295e-6,99.13016062025474,G01972,97.46720832696808,36.358042728037645,10000,NA,NA,NA,NA,NA,NA,NA,NA,NA,NA,NA,NA,NA,NA,NA,NA,NA,NA,NA,NA,NA,NA,NA,NA,NA,NA,NA,NA,NA,NA,NA,NA,NA,NA,NA,NA,NA,NA,NA,NA,0,0,0,NA,0,0,0.05516824906381516,0.09087230730529262
1973,6.375542378376211,0.02311254707383051,157.70238719999995,0.5269107809315452,0.011976929341780754,-0.006546476001466339,2.0333610964055295e-6,99.13016062025474,G01973,98.3655236110876,36.358042728037645,10000,NA,NA,NA,NA,NA,NA,NA,NA,NA,NA,NA,NA,NA,NA,NA,NA,NA,NA,NA,NA,NA,NA,NA,NA,NA,NA,NA,NA,NA,NA,NA,NA,NA,NA,NA,NA,NA,NA,NA,NA,0,0,0,NA,0,0,0.05516824906381516,0.09087230730529262
1974,6.375542378376211,0.02311254707383051,157.70238719999995,0.5269107809315452,0.011976929341780754,-0.006546476001466339,2.0333610964055295e-6,99.13016062025474,G01974,99.26383889520712,36.358042728037645,10000,NA,NA,NA,NA,NA,NA,NA,NA,NA,NA,NA,NA,NA,NA,NA,NA,NA,NA,NA,NA,NA,NA,NA,NA,NA,NA,NA,NA,NA,NA,NA,NA,NA,NA,NA,NA,NA,NA,NA,NA,0,0,0,NA,0,0,0.05516824906381516,0.09087230730529262
1975,6.375542378376211,0.02311254707383051,157.70238719999995,0.5269107809315452,0.011976929341780754,-0.006546476001466339,2.0333610964055295e-6,99.13016062025474,G01975,100.16215417932663,36.358042728037645,10000,NA,NA,NA,NA,NA,NA,NA,NA,NA,NA,NA,NA,NA,NA,NA,NA,NA,NA,NA,NA,NA,NA,NA,NA,NA,NA,NA,NA,NA,NA,NA,NA,NA,NA,NA,NA,NA,NA,NA,NA,0,0,0,NA,0,0,0.05516824906381516,0.09087230730529262
1976,6.375542378376211,0.02311254707383051,157.70238719999995,0.5269107809315452,0.011976929341780754,-0.006546476001466339,2.0333610964055295e-6,99.13016062025474,G01976,101.06046946344617,36.358042728037645,10000,NA,NA,NA,NA,NA,NA,NA,NA,NA,NA,NA,NA,NA,NA,NA,NA,NA,NA,NA,NA,NA,NA,NA,NA,NA,NA,NA,NA,NA,NA,NA,NA,NA,NA,NA,NA,NA,NA,NA,NA,0,0,0,NA,0,0,0.05516824906381516,0.09087230730529262
1977,6.375542378376211,0.02311254707383051,157.70238719999995,0.5269107809315452,0.011976929341780754,-0.006546476001466339,2.0333610964055295e-6,99.13016062025474,G01977,101.95878474756569,36.358042728037645,10000,NA,NA,NA,NA,NA,NA,NA,NA,NA,NA,NA,NA,NA,NA,NA,NA,NA,NA,NA,NA,NA,NA,NA,NA,NA,NA,NA,NA,NA,NA,NA,NA,NA,NA,NA,NA,NA,NA,NA,NA,0,0,0,NA,0,0,0.05516824906381516,0.09087230730529262
1978,6.375542378376211,0.02311254707383051,157.70238719999995,0.5269107809315452,0.011976929341780754,-0.006546476001466339,2.0333610964055295e-6,99.13016062025474,G01978,102.8571000316852,36.358042728037645,10000,NA,NA,NA,NA,NA,NA,NA,NA,NA,NA,NA,NA,NA,NA,NA,NA,NA,NA,NA,NA,NA,NA,NA,NA,NA,NA,NA,NA,NA,NA,NA,NA,NA,NA,NA,NA,NA,NA,NA,NA,0,0,0,NA,0,0,0.05516824906381516,0.09087230730529262
1979,6.375542378376211,0.02311254707383051,157.70238719999995,0.5269107809315452,0.011976929341780754,-0.006546476001466339,2.0333610964055295e-6,99.13016062025474,G01979,103.75541531580473,36.358042728037645,10000,NA,NA,NA,NA,NA,NA,NA,NA,NA,NA,NA,NA,NA,NA,NA,NA,NA,NA,NA,NA,NA,NA,NA,NA,NA,NA,NA,NA,NA,NA,NA,NA,NA,NA,NA,NA,NA,NA,NA,NA,0,0,0,NA,0,0,0.05516824906381516,0.09087230730529262
1980,6.375542378376211,0.02311254707383051,157.70238719999995,0.5269107809315452,0.011976929341780754,-0.006546476001466339,2.0333610964055295e-6,99.13016062025474,G01980,104.65373059992424,36.358042728037645,10000,NA,NA,NA,NA,NA,NA,NA,NA,NA,NA,NA,NA,NA,NA,NA,NA,NA,NA,NA,NA,NA,NA,NA,NA,NA,NA,NA,NA,NA,NA,NA,NA,NA,NA,NA,NA,NA,NA,NA,NA,0,0,0,NA,0,0,0.05516824906381516,0.09087230730529262
1981,6.375542378376211,0.02311254707383051,157.70238719999995,0.5269107809315452,0.011976929341780754,-0.006546476001466339,2.0333610964055295e-6,99.13016062025474,G01981,105.55204588404376,36.35804272803766,10000,NA,NA,NA,NA,NA,NA,NA,NA,NA,NA,NA,NA,NA,NA,NA,NA,NA,NA,NA,NA,NA,NA,NA,NA,NA,NA,NA,NA,NA,NA,NA,NA,NA,NA,NA,NA,NA,NA,NA,NA,0,0,0,NA,0,0,0.05516824906381516,0.09087230730529262
1982,6.375542378376211,0.02311254707383051,157.70238719999995,0.5269107809315452,0.011976929341780754,-0.006546476001466339,2.0333610964055295e-6,99.13016062025474,G01982,106.45036116816328,36.35804272803764,9999.999999999984,NA,NA,NA,NA,NA,NA,NA,NA,NA,NA,NA,NA,NA,NA,NA,NA,NA,NA,NA,NA,NA,NA,NA,NA,NA,NA,NA,NA,NA,NA,NA,NA,NA,NA,NA,NA,NA,NA,NA,NA,0,0,0,NA,0,0,0.05516824906381516,0.09087230730529262
1983,6.375542378376211,0.02311254707383051,157.70238719999995,0.5269107809315452,0.011976929341780754,-0.006546476001466339,2.0333610964055295e-6,99.13016062025474,G01983,107.34867645228282,36.35804272803764,10000.000000000033,NA,NA,NA,NA,NA,NA,NA,NA,NA,NA,NA,NA,NA,NA,NA,NA,NA,NA,NA,NA,NA,NA,NA,NA,NA,NA,NA,NA,NA,NA,NA,NA,NA,NA,NA,NA,NA,NA,NA,NA,0,0,0,NA,0,0,0.05516824906381516,0.09087230730529262
1984,6.375542378376211,0.02311254707383051,157.70238719999995,0.5269107809315452,0.011976929341780754,-0.006546476001466339,2.0333610964055295e-6,99.13016062025474,G01984,108.24699173640234,36.358042728037645,9999.999999999945,NA,NA,NA,NA,NA,NA,NA,NA,NA,NA,NA,NA,NA,NA,NA,NA,NA,NA,NA,NA,NA,NA,NA,NA,NA,NA,NA,NA,NA,NA,NA,NA,NA,NA,NA,NA,NA,NA,NA,NA,0,0,0,NA,0,0,0.05516824906381516,0.09087230730529262
1985,6.375542378376211,0.02311254707383051,157.70238719999995,0.5269107809315452,0.011976929341780754,-0.006546476001466339,2.0333610964055295e-6,99.13016062025474,G01985,109.14530702052186,36.358042728037645,9999.99999999996,NA,NA,NA,NA,NA,NA,NA,NA,NA,NA,NA,NA,NA,NA,NA,NA,NA,NA,NA,NA,NA,NA,NA,NA,NA,NA,NA,NA,NA,NA,NA,NA,NA,NA,NA,NA,NA,NA,NA,NA,0,0,0,NA,0,0,0.05516824906381516,0.09087230730529262
1986,6.375542378376211,0.02311254707383051,157.70238719999995,0.5269107809315452,0.011976929341780754,-0.006546476001466339,2.0333610964055295e-6,99.13016062025474,G01986,110.04362230464136,36.35804272803764,10000.000000000002,NA,NA,NA,NA,NA,NA,NA,NA,NA,NA,NA,NA,NA,NA,NA,NA,NA,NA,NA,NA,NA,NA,NA,NA,NA,NA,NA,NA,NA,NA,NA,NA,NA,NA,NA,NA,NA,NA,NA,NA,0,0,0,NA,0,0,0.05516824906381516,0.09087230730529262
1987,6.375542378376211,0.02311254707383051,157.70238719999995,0.5269107809315452,0.011976929341780754,-0.006546476001466339,2.0333610964055295e-6,99.13016062025474,G01987,110.94193758876088,36.35804272803764,9999.999999999998,NA,NA,NA,NA,NA,NA,NA,NA,NA,NA,NA,NA,NA,NA,NA,NA,NA,NA,NA,NA,NA,NA,NA,NA,NA,NA,NA,NA,NA,NA,NA,NA,NA,NA,NA,NA,NA,NA,NA,NA,0,0,0,NA,0,0,0.05516824906381516,0.09087230730529262
1988,6.375542378376211,0.02311254707383051,157.70238719999995,0.5269107809315452,0.011976929341780754,-0.006546476001466339,2.0333610964055295e-6,99.13016062025474,G01988,111.84025287288041,36.358042728037645,10000,NA,NA,NA,NA,NA,NA,NA,NA,NA,NA,NA,NA,NA,NA,NA,NA,NA,NA,NA,NA,NA,NA,NA,NA,NA,NA,NA,NA,NA,NA,NA,NA,NA,NA,NA,NA,NA,NA,NA,NA,0,0,0,NA,0,0,0.05516824906381516,0.09087230730529262
1989,6.375542378376211,0.02311254707383051,157.70238719999995,0.5269107809315452,0.011976929341780754,-0.006546476001466339,2.0333610964055295e-6,99.13016062025474,G01989,112.73856815699993,36.358042728037645,10000,NA,NA,NA,NA,NA,NA,NA,NA,NA,NA,NA,NA,NA,NA,NA,NA,NA,NA,NA,NA,NA,NA,NA,NA,NA,NA,NA,NA,NA,NA,NA,NA,NA,NA,NA,NA,NA,NA,NA,NA,0,0,0,NA,0,0,0.05516824906381516,0.09087230730529262
1990,6.375542378376211,0.02311254707383051,157.70238719999995,0.5269107809315452,0.011976929341780754,-0.006546476001466339,2.0333610964055295e-6,99.13016062025474,G01990,113.63688344111941,36.35804272803762,9999.999999999778,NA,NA,NA,NA,NA,NA,NA,NA,NA,NA,NA,NA,NA,NA,NA,NA,NA,NA,NA,NA,NA,NA,NA,NA,NA,NA,NA,NA,NA,NA,NA,NA,NA,NA,NA,NA,NA,NA,NA,NA,0,0,0,NA,0,0,0.05516824906381516,0.09087230730529262
1991,6.375542378376211,0.02311254707383051,157.70238719999995,0.5269107809315452,0.011976929341780754,-0.006546476001466339,2.0333610964055295e-6,99.13016062025474,G01991,114.53519872523897,36.35804272803766,9999.999999999876,NA,NA,NA,NA,NA,NA,NA,NA,NA,NA,NA,NA,NA,NA,NA,NA,NA,NA,NA,NA,NA,NA,NA,NA,NA,NA,NA,NA,NA,NA,NA,NA,NA,NA,NA,NA,NA,NA,NA,NA,0,0,0,NA,0,0,0.05516824906381516,0.09087230730529262
1992,6.375542378376211,0.02311254707383051,157.70238719999995,0.5269107809315452,0.011976929341780754,-0.006546476001466339,2.0333610964055295e-6,99.13016062025474,G01992,115.4335140093584,36.35804272803764,9999.999999999885,NA,NA,NA,NA,NA,NA,NA,NA,NA,NA,NA,NA,NA,NA,NA,NA,NA,NA,NA,NA,NA,NA,NA,NA,NA,NA,NA,NA,NA,NA,NA,NA,NA,NA,NA,NA,NA,NA,NA,NA,0,0,0,NA,0,0,0.05516824906381516,0.09087230730529262
1993,6.375542378376211,0.02311254707383051,157.70238719999995,0.5269107809315452,0.011976929341780754,-0.006546476001466339,2.0333610964055295e-6,99.13016062025474,G01993,116.33182929347797,36.35804272803764,9999.99999999993,NA,NA,NA,NA,NA,NA,NA,NA,NA,NA,NA,NA,NA,NA,NA,NA,NA,NA,NA,NA,NA,NA,NA,NA,NA,NA,NA,NA,NA,NA,NA,NA,NA,NA,NA,NA,NA,NA,NA,NA,0,0,0,NA,0,0,0.05516824906381516,0.09087230730529262
1994,6.375542378376211,0.02311254707383051,157.70238719999995,0.5269107809315452,0.011976929341780754,-0.006546476001466339,2.0333610964055295e-6,99.13016062025474,G01994,117.23014457759756,36.358042728037645,10000,NA,NA,NA,NA,NA,NA,NA,NA,NA,NA,NA,NA,NA,NA,NA,NA,NA,NA,NA,NA,NA,NA,NA,NA,NA,NA,NA,NA,NA,NA,NA,NA,NA,NA,NA,NA,NA,NA,NA,NA,0,0,0,NA,0,0,0.05516824906381516,0.09087230730529262
1995,6.375542378376211,0.02311254707383051,157.70238719999995,0.5269107809315452,0.011976929341780754,-0.006546476001466339,2.0333610964055295e-6,99.13016062025474,G01995,118.12845986171706,36.358042728037645,10000,NA,NA,NA,NA,NA,NA,NA,NA,NA,NA,NA,NA,NA,NA,NA,NA,NA,NA,NA,NA,NA,NA,NA,NA,NA,NA,NA,NA,NA,NA,NA,NA,NA,NA,NA,NA,NA,NA,NA,NA,0,0,0,NA,0,0,0.05516824906381516,0.09087230730529262
1996,6.375542378376211,0.02311254707383051,157.70238719999995,0.5269107809315452,0.011976929341780754,-0.006546476001466339,2.0333610964055295e-6,99.13016062025474,G01996,119.0267751458366,36.358042728037645,10000,NA,NA,NA,NA,NA,NA,NA,NA,NA,NA,NA,NA,NA,NA,NA,NA,NA,NA,NA,NA,NA,NA,NA,NA,NA,NA,NA,NA,NA,NA,NA,NA,NA,NA,NA,NA,NA,NA,NA,NA,0,0,0,NA,0,0,0.05516824906381516,0.09087230730529262
1997,6.368378161913561,0.023094874931752534,161.49250840000005,0.5262434948754297,0.011928767598727578,-0.006554785962985977,1.4338479852904119e-6,99.12157387435043,G01997,119.90429364743613,36.37582446958123,9316.634130154449,NA,NA,NA,NA,NA,NA,NA,NA,NA,NA,NA,NA,NA,NA,NA,NA,NA,NA,NA,NA,NA,NA,NA,NA,NA,NA,NA,NA,NA,NA,NA,NA,NA,NA,NA,NA,NA,NA,NA,NA,0,0,0,NA,0,0,0.055130240935512116,0.0908358865507802
1998,6.332515859925422,0.02300458350674414,164.49208930000012,0.5228944888758477,0.011684996302320907,-0.006596431910592527,-1.5864187086055941e-06,99.07924648777225,G01998,120.63521252907444,36.46514627078322,4293.0265099147955,NA,NA,NA,NA,NA,NA,NA,NA,NA,NA,NA,NA,NA,NA,NA,NA,NA,NA,NA,NA,NA,NA,NA,NA,NA,NA,NA,NA,NA,NA,NA,NA,NA,NA,NA,NA,NA,NA,NA,NA,0,0,0,NA,0,0,0.054938814473212624,0.09065219017638831
1999,6.236820169886926,0.02274939414065938,155.5732244999998,0.5138820894599266,0.011012907699231115,-0.006708003234180006,-9.800563161422785e-6,98.9715579963053,G01999,121.34612702092814,36.7061764915174,39.22491466008423,NA,NA,NA,NA,NA,NA,NA,NA,NA,NA,NA,NA,NA,NA,NA,NA,NA,NA,NA,NA,NA,NA,NA,NA,NA,NA,NA,NA,NA,NA,NA,NA,NA,NA,NA,NA,NA,NA,NA,NA,0,0,0,NA,0,0,0.054418520888722705,0.09015144807981157
2024,6.674728049802774,0.023730457069628855,164.7906203999997,0.5543604019066334,0.013826224543947111,-0.006200187747158806,2.5917023303031836e-5,99.5297584602587,G02024,79.50090264457765,35.63125108320182,10000,NA,NA,NA,NA,NA,NA,NA,NA,NA,NA,NA,NA,NA,NA,NA,NA,NA,NA,NA,NA,NA,NA,NA,NA,NA,NA,NA,NA,NA,NA,NA,NA,NA,NA,NA,NA,NA,NA,NA,NA,0,0,0,NA,0,0,0.056684949955311176,0.09230346534684086
2025,6.674728049802774,0.023730457069628855,164.7906203999997,0.5543604019066334,0.013826224543947111,-0.006200187747158806,2.5917023303031836e-5,99.5297584602587,G02025,80.39921792869718,35.631251083201825,10000.000000000015,NA,NA,NA,NA,NA,NA,NA,NA,NA,NA,NA,NA,NA,NA,NA,NA,NA,NA,NA,NA,NA,NA,NA,NA,NA,NA,NA,NA,NA,NA,NA,NA,NA,NA,NA,NA,NA,NA,NA,NA,0,0,0,NA,0,0,0.056684949955311176,0.09230346534684086
2027,6.674728049802774,0.023730457069628855,164.7906203999997,0.5543604019066334,0.013826224543947111,-0.006200187747158806,2.5917023303031836e-5,99.5297584602587,G02027,82.19584849693621,35.63125108320182,10000.000000000062,NA,NA,NA,NA,NA,NA,NA,NA,NA,NA,NA,NA,NA,NA,NA,NA,NA,NA,NA,NA,NA,NA,NA,NA,NA,NA,NA,NA,NA,NA,NA,NA,NA,NA,NA,NA,NA,NA,NA,NA,0,0,0,NA,0,0,0.056684949955311176,0.09230346534684086
2028,6.674728049802774,0.023730457069628855,164.7906203999997,0.5543604019066334,0.013826224543947111,-0.006200187747158806,2.5917023303031836e-5,99.5297584602587,G02028,83.09416378105573,35.63125108320182,9999.999999999996,NA,NA,NA,NA,NA,NA,NA,NA,NA,NA,NA,NA,NA,NA,NA,NA,NA,NA,NA,NA,NA,NA,NA,NA,NA,NA,NA,NA,NA,NA,NA,NA,NA,NA,NA,NA,NA,NA,NA,NA,0,0,0,NA,0,0,0.056684949955311176,0.09230346534684086
2039,6.674728049802774,0.023730457069628855,164.7906203999997,0.5543604019066334,0.013826224543947111,-0.006200187747158806,2.5917023303031836e-5,99.5297584602587,G02039,92.97563190637047,35.63125108320182,10000,NA,NA,NA,NA,NA,NA,NA,NA,NA,NA,NA,NA,NA,NA,NA,NA,NA,NA,NA,NA,NA,NA,NA,NA,NA,NA,NA,NA,NA,NA,NA,NA,NA,NA,NA,NA,NA,NA,NA,NA,0,0,0,NA,0,0,0.056684949955311176,0.09230346534684086
2040,6.674728049802774,0.023730457069628855,164.7906203999997,0.5543604019066334,0.013826224543947111,-0.006200187747158806,2.5917023303031836e-5,99.5297584602587,G02040,93.87394719048999,35.63125108320182,10000,NA,NA,NA,NA,NA,NA,NA,NA,NA,NA,NA,NA,NA,NA,NA,NA,NA,NA,NA,NA,NA,NA,NA,NA,NA,NA,NA,NA,NA,NA,NA,NA,NA,NA,NA,NA,NA,NA,NA,NA,0,0,0,NA,0,0,0.056684949955311176,0.09230346534684086
2041,6.674728049802774,0.023730457069628855,164.7906203999997,0.5543604019066334,0.013826224543947111,-0.006200187747158806,2.5917023303031836e-5,99.5297584602587,G02041,94.7722624746095,35.63125108320182,10000,NA,NA,NA,NA,NA,NA,NA,NA,NA,NA,NA,NA,NA,NA,NA,NA,NA,NA,NA,NA,NA,NA,NA,NA,NA,NA,NA,NA,NA,NA,NA,NA,NA,NA,NA,NA,NA,NA,NA,NA,0,0,0,NA,0,0,0.056684949955311176,0.09230346534684086
2044,6.674728049802774,0.023730457069628855,164.7906203999997,0.5543604019066334,0.013826224543947111,-0.006200187747158806,2.5917023303031836e-5,99.5297584602587,G02044,97.46720832696808,35.63125108320182,10000,NA,NA,NA,NA,NA,NA,NA,NA,NA,NA,NA,NA,NA,NA,NA,NA,NA,NA,NA,NA,NA,NA,NA,NA,NA,NA,NA,NA,NA,NA,NA,NA,NA,NA,NA,NA,NA,NA,NA,NA,0,0,0,NA,0,0,0.056684949955311176,0.09230346534684086
2045,6.674728049802774,0.023730457069628855,164.7906203999997,0.5543604019066334,0.013826224543947111,-0.006200187747158806,2.5917023303031836e-5,99.5297584602587,G02045,98.3655236110876,35.63125108320182,10000,NA,NA,NA,NA,NA,NA,NA,NA,NA,NA,NA,NA,NA,NA,NA,NA,NA,NA,NA,NA,NA,NA,NA,NA,NA,NA,NA,NA,NA,NA,NA,NA,NA,NA,NA,NA,NA,NA,NA,NA,0,0,0,NA,0,0,0.056684949955311176,0.09230346534684086
2046,6.674728049802774,0.023730457069628855,164.7906203999997,0.5543604019066334,0.013826224543947111,-0.006200187747158806,2.5917023303031836e-5,99.5297584602587,G02046,99.26383889520712,35.63125108320182,10000,NA,NA,NA,NA,NA,NA,NA,NA,NA,NA,NA,NA,NA,NA,NA,NA,NA,NA,NA,NA,NA,NA,NA,NA,NA,NA,NA,NA,NA,NA,NA,NA,NA,NA,NA,NA,NA,NA,NA,NA,0,0,0,NA,0,0,0.056684949955311176,0.09230346534684086
2047,6.674728049802774,0.023730457069628855,164.7906203999997,0.5543604019066334,0.013826224543947111,-0.006200187747158806,2.5917023303031836e-5,99.5297584602587,G02047,100.16215417932663,35.63125108320182,10000,NA,NA,NA,NA,NA,NA,NA,NA,NA,NA,NA,NA,NA,NA,NA,NA,NA,NA,NA,NA,NA,NA,NA,NA,NA,NA,NA,NA,NA,NA,NA,NA,NA,NA,NA,NA,NA,NA,NA,NA,0,0,0,NA,0,0,0.056684949955311176,0.09230346534684086
2048,6.674728049802774,0.023730457069628855,164.7906203999997,0.5543604019066334,0.013826224543947111,-0.006200187747158806,2.5917023303031836e-5,99.5297584602587,G02048,101.06046946344617,35.63125108320182,10000,NA,NA,NA,NA,NA,NA,NA,NA,NA,NA,NA,NA,NA,NA,NA,NA,NA,NA,NA,NA,NA,NA,NA,NA,NA,NA,NA,NA,NA,NA,NA,NA,NA,NA,NA,NA,NA,NA,NA,NA,0,0,0,NA,0,0,0.056684949955311176,0.09230346534684086
2049,6.674728049802774,0.023730457069628855,164.7906203999997,0.5543604019066334,0.013826224543947111,-0.006200187747158806,2.5917023303031836e-5,99.5297584602587,G02049,101.95878474756569,35.6312510832018,10000.000000000044,NA,NA,NA,NA,NA,NA,NA,NA,NA,NA,NA,NA,NA,NA,NA,NA,NA,NA,NA,NA,NA,NA,NA,NA,NA,NA,NA,NA,NA,NA,NA,NA,NA,NA,NA,NA,NA,NA,NA,NA,0,0,0,NA,0,0,0.056684949955311176,0.09230346534684086
2050,6.674728049802774,0.023730457069628855,164.7906203999997,0.5543604019066334,0.013826224543947111,-0.006200187747158806,2.5917023303031836e-5,99.5297584602587,G02050,102.8571000316852,35.63125108320182,10000,NA,NA,NA,NA,NA,NA,NA,NA,NA,NA,NA,NA,NA,NA,NA,NA,NA,NA,NA,NA,NA,NA,NA,NA,NA,NA,NA,NA,NA,NA,NA,NA,NA,NA,NA,NA,NA,NA,NA,NA,0,0,0,NA,0,0,0.056684949955311176,0.09230346534684086
2051,6.674728049802774,0.023730457069628855,164.7906203999997,0.5543604019066334,0.013826224543947111,-0.006200187747158806,2.5917023303031836e-5,99.5297584602587,G02051,103.75541531580473,35.63125108320182,10000,NA,NA,NA,NA,NA,NA,NA,NA,NA,NA,NA,NA,NA,NA,NA,NA,NA,NA,NA,NA,NA,NA,NA,NA,NA,NA,NA,NA,NA,NA,NA,NA,NA,NA,NA,NA,NA,NA,NA,NA,0,0,0,NA,0,0,0.056684949955311176,0.09230346534684086
2052,6.674728049802774,0.023730457069628855,164.7906203999997,0.5543604019066334,0.013826224543947111,-0.006200187747158806,2.5917023303031836e-5,99.5297584602587,G02052,104.65373059992424,35.63125108320182,10000,NA,NA,NA,NA,NA,NA,NA,NA,NA,NA,NA,NA,NA,NA,NA,NA,NA,NA,NA,NA,NA,NA,NA,NA,NA,NA,NA,NA,NA,NA,NA,NA,NA,NA,NA,NA,NA,NA,NA,NA,0,0,0,NA,0,0,0.056684949955311176,0.09230346534684086
2053,6.674728049802774,0.023730457069628855,164.7906203999997,0.5543604019066334,0.013826224543947111,-0.006200187747158806,2.5917023303031836e-5,99.5297584602587,G02053,105.55204588404376,35.63125108320182,10000.000000000005,NA,NA,NA,NA,NA,NA,NA,NA,NA,NA,NA,NA,NA,NA,NA,NA,NA,NA,NA,NA,NA,NA,NA,NA,NA,NA,NA,NA,NA,NA,NA,NA,NA,NA,NA,NA,NA,NA,NA,NA,0,0,0,NA,0,0,0.056684949955311176,0.09230346534684086
2054,6.674728049802774,0.023730457069628855,164.7906203999997,0.5543604019066334,0.013826224543947111,-0.006200187747158806,2.5917023303031836e-5,99.5297584602587,G02054,106.45036116816328,35.63125108320182,10000.000000000025,NA,NA,NA,NA,NA,NA,NA,NA,NA,NA,NA,NA,NA,NA,NA,NA,NA,NA,NA,NA,NA,NA,NA,NA,NA,NA,NA,NA,NA,NA,NA,NA,NA,NA,NA,NA,NA,NA,NA,NA,0,0,0,NA,0,0,0.056684949955311176,0.09230346534684086
2055,6.674728049802774,0.023730457069628855,164.7906203999997,0.5543604019066334,0.013826224543947111,-0.006200187747158806,2.5917023303031836e-5,99.5297584602587,G02055,107.34867645228282,35.63125108320182,10000.000000000236,NA,NA,NA,NA,NA,NA,NA,NA,NA,NA,NA,NA,NA,NA,NA,NA,NA,NA,NA,NA,NA,NA,NA,NA,NA,NA,NA,NA,NA,NA,NA,NA,NA,NA,NA,NA,NA,NA,NA,NA,0,0,0,NA,0,0,0.056684949955311176,0.09230346534684086
2056,6.674728049802774,0.023730457069628855,164.7906203999997,0.5543604019066334,0.013826224543947111,-0.006200187747158806,2.5917023303031836e-5,99.5297584602587,G02056,108.24699173640234,35.63125108320182,10000,NA,NA,NA,NA,NA,NA,NA,NA,NA,NA,NA,NA,NA,NA,NA,NA,NA,NA,NA,NA,NA,NA,NA,NA,NA,NA,NA,NA,NA,NA,NA,NA,NA,NA,NA,NA,NA,NA,NA,NA,0,0,0,NA,0,0,0.056684949955311176,0.09230346534684086
2057,6.674728049802774,0.023730457069628855,164.7906203999997,0.5543604019066334,0.013826224543947111,-0.006200187747158806,2.5917023303031836e-5,99.5297584602587,G02057,109.14530702052186,35.63125108320182,10000,NA,NA,NA,NA,NA,NA,NA,NA,NA,NA,NA,NA,NA,NA,NA,NA,NA,NA,NA,NA,NA,NA,NA,NA,NA,NA,NA,NA,NA,NA,NA,NA,NA,NA,NA,NA,NA,NA,NA,NA,0,0,0,NA,0,0,0.056684949955311176,0.09230346534684086
2058,6.674728049802774,0.023730457069628855,164.7906203999997,0.5543604019066334,0.013826224543947111,-0.006200187747158806,2.5917023303031836e-5,99.5297584602587,G02058,110.04362230464137,35.6312510832018,10000.000000000033,NA,NA,NA,NA,NA,NA,NA,NA,NA,NA,NA,NA,NA,NA,NA,NA,NA,NA,NA,NA,NA,NA,NA,NA,NA,NA,NA,NA,NA,NA,NA,NA,NA,NA,NA,NA,NA,NA,NA,NA,0,0,0,NA,0,0,0.056684949955311176,0.09230346534684086
2059,6.674728049802774,0.023730457069628855,164.7906203999997,0.5543604019066334,0.013826224543947111,-0.006200187747158806,2.5917023303031836e-5,99.5297584602587,G02059,110.9419375887609,35.63125108320182,10000,NA,NA,NA,NA,NA,NA,NA,NA,NA,NA,NA,NA,NA,NA,NA,NA,NA,NA,NA,NA,NA,NA,NA,NA,NA,NA,NA,NA,NA,NA,NA,NA,NA,NA,NA,NA,NA,NA,NA,NA,0,0,0,NA,0,0,0.056684949955311176,0.09230346534684086
2060,6.674728049802774,0.023730457069628855,164.7906203999997,0.5543604019066334,0.013826224543947111,-0.006200187747158806,2.5917023303031836e-5,99.5297584602587,G02060,111.84025287288041,35.63125108320182,10000,NA,NA,NA,NA,NA,NA,NA,NA,NA,NA,NA,NA,NA,NA,NA,NA,NA,NA,NA,NA,NA,NA,NA,NA,NA,NA,NA,NA,NA,NA,NA,NA,NA,NA,NA,NA,NA,NA,NA,NA,0,0,0,NA,0,0,0.056684949955311176,0.09230346534684086
2061,6.674728049802774,0.023730457069628855,164.7906203999997,0.5543604019066334,0.013826224543947111,-0.006200187747158806,2.5917023303031836e-5,99.5297584602587,G02061,112.73856815699993,35.63125108320182,10000,NA,NA,NA,NA,NA,NA,NA,NA,NA,NA,NA,NA,NA,NA,NA,NA,NA,NA,NA,NA,NA,NA,NA,NA,NA,NA,NA,NA,NA,NA,NA,NA,NA,NA,NA,NA,NA,NA,NA,NA,0,0,0,NA,0,0,0.056684949955311176,0.09230346534684086
2062,6.674728049802774,0.023730457069628855,164.7906203999997,0.5543604019066334,0.013826224543947111,-0.006200187747158806,2.5917023303031836e-5,99.5297584602587,G02062,113.63688344111945,35.63125108320182,10000,NA,NA,NA,NA,NA,NA,NA,NA,NA,NA,NA,NA,NA,NA,NA,NA,NA,NA,NA,NA,NA,NA,NA,NA,NA,NA,NA,NA,NA,NA,NA,NA,NA,NA,NA,NA,NA,NA,NA,NA,0,0,0,NA,0,0,0.056684949955311176,0.09230346534684086
2063,6.674728049802774,0.023730457069628855,164.7906203999997,0.5543604019066334,0.013826224543947111,-0.006200187747158806,2.5917023303031836e-5,99.5297584602587,G02063,114.53519872523898,35.63125108320182,10000,NA,NA,NA,NA,NA,NA,NA,NA,NA,NA,NA,NA,NA,NA,NA,NA,NA,NA,NA,NA,NA,NA,NA,NA,NA,NA,NA,NA,NA,NA,NA,NA,NA,NA,NA,NA,NA,NA,NA,NA,0,0,0,NA,0,0,0.056684949955311176,0.09230346534684086
2064,6.674728049802774,0.023730457069628855,164.7906203999997,0.5543604019066334,0.013826224543947111,-0.006200187747158806,2.5917023303031836e-5,99.5297584602587,G02064,115.43351400935869,35.631251083201825,10000.000000000038,NA,NA,NA,NA,NA,NA,NA,NA,NA,NA,NA,NA,NA,NA,NA,NA,NA,NA,NA,NA,NA,NA,NA,NA,NA,NA,NA,NA,NA,NA,NA,NA,NA,NA,NA,NA,NA,NA,NA,NA,0,0,0,NA,0,0,0.056684949955311176,0.09230346534684086
2065,6.674728049802774,0.023730457069628855,164.7906203999997,0.5543604019066334,0.013826224543947111,-0.006200187747158806,2.5917023303031836e-5,99.5297584602587,G02065,116.33182929347805,35.631251083201825,10000.000000000242,NA,NA,NA,NA,NA,NA,NA,NA,NA,NA,NA,NA,NA,NA,NA,NA,NA,NA,NA,NA,NA,NA,NA,NA,NA,NA,NA,NA,NA,NA,NA,NA,NA,NA,NA,NA,NA,NA,NA,NA,0,0,0,NA,0,0,0.056684949955311176,0.09230346534684086
2066,6.674728049802774,0.023730457069628855,164.7906203999997,0.5543604019066334,0.013826224543947111,-0.006200187747158806,2.5917023303031836e-5,99.5297584602587,G02066,117.23014457759756,35.63125108320182,10000,NA,NA,NA,NA,NA,NA,NA,NA,NA,NA,NA,NA,NA,NA,NA,NA,NA,NA,NA,NA,NA,NA,NA,NA,NA,NA,NA,NA,NA,NA,NA,NA,NA,NA,NA,NA,NA,NA,NA,NA,0,0,0,NA,0,0,0.056684949955311176,0.09230346534684086
2067,6.674728049802774,0.023730457069628855,164.7906203999997,0.5543604019066334,0.013826224543947111,-0.006200187747158806,2.5917023303031836e-5,99.5297584602587,G02067,118.12845986171706,35.63125108320182,10000,NA,NA,NA,NA,NA,NA,NA,NA,NA,NA,NA,NA,NA,NA,NA,NA,NA,NA,NA,NA,NA,NA,NA,NA,NA,NA,NA,NA,NA,NA,NA,NA,NA,NA,NA,NA,NA,NA,NA,NA,0,0,0,NA,0,0,0.056684949955311176,0.09230346534684086
2068,6.674436055957965,0.02372997774717465,164.7906203999997,0.5543339083731796,0.01382457413212929,-0.006200527640547295,2.5894798864439745e-5,99.52932736248351,G02068,119.0259319901902,35.631947679542264,9980.269594961559,NA,NA,NA,NA,NA,NA,NA,NA,NA,NA,NA,NA,NA,NA,NA,NA,NA,NA,NA,NA,NA,NA,NA,NA,NA,NA,NA,NA,NA,NA,NA,NA,NA,NA,NA,NA,NA,NA,NA,NA,0,0,0,NA,0,0,0.056683538075532586,0.09230215624178997
2069,6.615426953030915,0.023627864040299804,166.80945729999988,0.5489714457499165,0.013484887043764658,-0.006269037832905735,2.1360788062770848e-5,99.44392716067476,G02069,119.73521038494334,35.77315917428712,3882.4739399137866,NA,NA,NA,NA,NA,NA,NA,NA,NA,NA,NA,NA,NA,NA,NA,NA,NA,NA,NA,NA,NA,NA,NA,NA,NA,NA,NA,NA,NA,NA,NA,NA,NA,NA,NA,NA,NA,NA,NA,NA,0,0,0,NA,0,0,0.056395426994493444,0.09203413199858113
2100,6.985813211771773,0.024084405406866564,179.40879269999976,0.5825448758289722,0.01541995279104609,-0.00582680470491549,4.849316288341616e-5,100.04071394777972,G02100,83.09416378105573,34.89779093037981,10000,NA,NA,NA,NA,NA,NA,NA,NA,NA,NA,NA,NA,NA,NA,NA,NA,NA,NA,NA,NA,NA,NA,NA,NA,NA,NA,NA,NA,NA,NA,NA,NA,NA,NA,NA,NA,NA,NA,NA,NA,0,0,0,NA,0,0,0.058109449665109766,0.09362052135717809
2111,6.985813211771773,0.024084405406866564,179.40879269999976,0.5825448758289722,0.01541995279104609,-0.00582680470491549,4.849316288341616e-5,100.04071394777972,G02111,92.97563190637047,34.89779093037981,10000,NA,NA,NA,NA,NA,NA,NA,NA,NA,NA,NA,NA,NA,NA,NA,NA,NA,NA,NA,NA,NA,NA,NA,NA,NA,NA,NA,NA,NA,NA,NA,NA,NA,NA,NA,NA,NA,NA,NA,NA,0,0,0,NA,0,0,0.058109449665109766,0.09362052135717809
2112,6.985813211771773,0.024084405406866564,179.40879269999976,0.5825448758289722,0.01541995279104609,-0.00582680470491549,4.849316288341616e-5,100.04071394777972,G02112,93.87394719048999,34.89779093037981,10000,NA,NA,NA,NA,NA,NA,NA,NA,NA,NA,NA,NA,NA,NA,NA,NA,NA,NA,NA,NA,NA,NA,NA,NA,NA,NA,NA,NA,NA,NA,NA,NA,NA,NA,NA,NA,NA,NA,NA,NA,0,0,0,NA,0,0,0.058109449665109766,0.09362052135717809
2113,6.985813211771773,0.024084405406866564,179.40879269999976,0.5825448758289722,0.01541995279104609,-0.00582680470491549,4.849316288341616e-5,100.04071394777972,G02113,94.7722624746095,34.89779093037981,10000,NA,NA,NA,NA,NA,NA,NA,NA,NA,NA,NA,NA,NA,NA,NA,NA,NA,NA,NA,NA,NA,NA,NA,NA,NA,NA,NA,NA,NA,NA,NA,NA,NA,NA,NA,NA,NA,NA,NA,NA,0,0,0,NA,0,0,0.058109449665109766,0.09362052135717809
2114,6.985813211771773,0.024084405406866564,179.40879269999976,0.5825448758289722,0.01541995279104609,-0.00582680470491549,4.849316288341616e-5,100.04071394777972,G02114,95.67057775872902,34.89779093037981,10000,NA,NA,NA,NA,NA,NA,NA,NA,NA,NA,NA,NA,NA,NA,NA,NA,NA,NA,NA,NA,NA,NA,NA,NA,NA,NA,NA,NA,NA,NA,NA,NA,NA,NA,NA,NA,NA,NA,NA,NA,0,0,0,NA,0,0,0.058109449665109766,0.09362052135717809
2116,6.985813211771773,0.024084405406866564,179.40879269999976,0.5825448758289722,0.01541995279104609,-0.00582680470491549,4.849316288341616e-5,100.04071394777972,G02116,97.46720832696808,34.89779093037981,10000,NA,NA,NA,NA,NA,NA,NA,NA,NA,NA,NA,NA,NA,NA,NA,NA,NA,NA,NA,NA,NA,NA,NA,NA,NA,NA,NA,NA,NA,NA,NA,NA,NA,NA,NA,NA,NA,NA,NA,NA,0,0,0,NA,0,0,0.058109449665109766,0.09362052135717809
2117,6.985813211771773,0.024084405406866564,179.40879269999976,0.5825448758289722,0.01541995279104609,-0.00582680470491549,4.849316288341616e-5,100.04071394777972,G02117,98.3655236110876,34.89779093037981,10000,NA,NA,NA,NA,NA,NA,NA,NA,NA,NA,NA,NA,NA,NA,NA,NA,NA,NA,NA,NA,NA,NA,NA,NA,NA,NA,NA,NA,NA,NA,NA,NA,NA,NA,NA,NA,NA,NA,NA,NA,0,0,0,NA,0,0,0.058109449665109766,0.09362052135717809
2118,6.985813211771773,0.024084405406866564,179.40879269999976,0.5825448758289722,0.01541995279104609,-0.00582680470491549,4.849316288341616e-5,100.04071394777972,G02118,99.26383889520712,34.89779093037981,10000,NA,NA,NA,NA,NA,NA,NA,NA,NA,NA,NA,NA,NA,NA,NA,NA,NA,NA,NA,NA,NA,NA,NA,NA,NA,NA,NA,NA,NA,NA,NA,NA,NA,NA,NA,NA,NA,NA,NA,NA,0,0,0,NA,0,0,0.058109449665109766,0.09362052135717809
2119,6.985813211771773,0.024084405406866564,179.40879269999976,0.5825448758289722,0.01541995279104609,-0.00582680470491549,4.849316288341616e-5,100.04071394777972,G02119,100.16215417932663,34.89779093037981,10000,NA,NA,NA,NA,NA,NA,NA,NA,NA,NA,NA,NA,NA,NA,NA,NA,NA,NA,NA,NA,NA,NA,NA,NA,NA,NA,NA,NA,NA,NA,NA,NA,NA,NA,NA,NA,NA,NA,NA,NA,0,0,0,NA,0,0,0.058109449665109766,0.09362052135717809
2120,6.985813211771773,0.024084405406866564,179.40879269999976,0.5825448758289722,0.01541995279104609,-0.00582680470491549,4.849316288341616e-5,100.04071394777972,G02120,101.06046946344617,34.89779093037981,10000,NA,NA,NA,NA,NA,NA,NA,NA,NA,NA,NA,NA,NA,NA,NA,NA,NA,NA,NA,NA,NA,NA,NA,NA,NA,NA,NA,NA,NA,NA,NA,NA,NA,NA,NA,NA,NA,NA,NA,NA,0,0,0,NA,0,0,0.058109449665109766,0.09362052135717809
2121,6.985813211771773,0.024084405406866564,179.40879269999976,0.5825448758289722,0.01541995279104609,-0.00582680470491549,4.849316288341616e-5,100.04071394777972,G02121,101.95878474756569,34.89779093037981,9999.999999999975,NA,NA,NA,NA,NA,NA,NA,NA,NA,NA,NA,NA,NA,NA,NA,NA,NA,NA,NA,NA,NA,NA,NA,NA,NA,NA,NA,NA,NA,NA,NA,NA,NA,NA,NA,NA,NA,NA,NA,NA,0,0,0,NA,0,0,0.058109449665109766,0.09362052135717809
2122,6.985813211771773,0.024084405406866564,179.40879269999976,0.5825448758289722,0.01541995279104609,-0.00582680470491549,4.849316288341616e-5,100.04071394777972,G02122,102.8571000316852,34.89779093037981,10000.000000000036,NA,NA,NA,NA,NA,NA,NA,NA,NA,NA,NA,NA,NA,NA,NA,NA,NA,NA,NA,NA,NA,NA,NA,NA,NA,NA,NA,NA,NA,NA,NA,NA,NA,NA,NA,NA,NA,NA,NA,NA,0,0,0,NA,0,0,0.058109449665109766,0.09362052135717809
2123,6.985813211771773,0.024084405406866564,179.40879269999976,0.5825448758289722,0.01541995279104609,-0.00582680470491549,4.849316288341616e-5,100.04071394777972,G02123,103.75541531580473,34.89779093037981,10000,NA,NA,NA,NA,NA,NA,NA,NA,NA,NA,NA,NA,NA,NA,NA,NA,NA,NA,NA,NA,NA,NA,NA,NA,NA,NA,NA,NA,NA,NA,NA,NA,NA,NA,NA,NA,NA,NA,NA,NA,0,0,0,NA,0,0,0.058109449665109766,0.09362052135717809
2124,6.985813211771773,0.024084405406866564,179.40879269999976,0.5825448758289722,0.01541995279104609,-0.00582680470491549,4.849316288341616e-5,100.04071394777972,G02124,104.65373059992424,34.89779093037981,10000,NA,NA,NA,NA,NA,NA,NA,NA,NA,NA,NA,NA,NA,NA,NA,NA,NA,NA,NA,NA,NA,NA,NA,NA,NA,NA,NA,NA,NA,NA,NA,NA,NA,NA,NA,NA,NA,NA,NA,NA,0,0,0,NA,0,0,0.058109449665109766,0.09362052135717809
2125,6.985813211771773,0.024084405406866564,179.40879269999976,0.5825448758289722,0.01541995279104609,-0.00582680470491549,4.849316288341616e-5,100.04071394777972,G02125,105.55204588404376,34.89779093037981,10000,NA,NA,NA,NA,NA,NA,NA,NA,NA,NA,NA,NA,NA,NA,NA,NA,NA,NA,NA,NA,NA,NA,NA,NA,NA,NA,NA,NA,NA,NA,NA,NA,NA,NA,NA,NA,NA,NA,NA,NA,0,0,0,NA,0,0,0.058109449665109766,0.09362052135717809
2126,6.985813211771773,0.024084405406866564,179.40879269999976,0.5825448758289722,0.01541995279104609,-0.00582680470491549,4.849316288341616e-5,100.04071394777972,G02126,106.45036116816328,34.89779093037983,10000.000000000002,NA,NA,NA,NA,NA,NA,NA,NA,NA,NA,NA,NA,NA,NA,NA,NA,NA,NA,NA,NA,NA,NA,NA,NA,NA,NA,NA,NA,NA,NA,NA,NA,NA,NA,NA,NA,NA,NA,NA,NA,0,0,0,NA,0,0,0.058109449665109766,0.09362052135717809
2127,6.985813211771773,0.024084405406866564,179.40879269999976,0.5825448758289722,0.01541995279104609,-0.00582680470491549,4.849316288341616e-5,100.04071394777972,G02127,107.34867645228282,34.89779093037981,9999.999999999998,NA,NA,NA,NA,NA,NA,NA,NA,NA,NA,NA,NA,NA,NA,NA,NA,NA,NA,NA,NA,NA,NA,NA,NA,NA,NA,NA,NA,NA,NA,NA,NA,NA,NA,NA,NA,NA,NA,NA,NA,0,0,0,NA,0,0,0.058109449665109766,0.09362052135717809
2128,6.985813211771773,0.024084405406866564,179.40879269999976,0.5825448758289722,0.01541995279104609,-0.00582680470491549,4.849316288341616e-5,100.04071394777972,G02128,108.24699173640235,34.89779093037981,10000.000000000013,NA,NA,NA,NA,NA,NA,NA,NA,NA,NA,NA,NA,NA,NA,NA,NA,NA,NA,NA,NA,NA,NA,NA,NA,NA,NA,NA,NA,NA,NA,NA,NA,NA,NA,NA,NA,NA,NA,NA,NA,0,0,0,NA,0,0,0.058109449665109766,0.09362052135717809
2129,6.985813211771773,0.024084405406866564,179.40879269999976,0.5825448758289722,0.01541995279104609,-0.00582680470491549,4.849316288341616e-5,100.04071394777972,G02129,109.14530702052186,34.89779093037981,10000,NA,NA,NA,NA,NA,NA,NA,NA,NA,NA,NA,NA,NA,NA,NA,NA,NA,NA,NA,NA,NA,NA,NA,NA,NA,NA,NA,NA,NA,NA,NA,NA,NA,NA,NA,NA,NA,NA,NA,NA,0,0,0,NA,0,0,0.058109449665109766,0.09362052135717809
2130,6.985813211771773,0.024084405406866564,179.40879269999976,0.5825448758289722,0.01541995279104609,-0.00582680470491549,4.849316288341616e-5,100.04071394777972,G02130,110.04362230464139,34.89779093037983,9999.999999999945,NA,NA,NA,NA,NA,NA,NA,NA,NA,NA,NA,NA,NA,NA,NA,NA,NA,NA,NA,NA,NA,NA,NA,NA,NA,NA,NA,NA,NA,NA,NA,NA,NA,NA,NA,NA,NA,NA,NA,NA,0,0,0,NA,0,0,0.058109449665109766,0.09362052135717809
2131,6.985813211771773,0.024084405406866564,179.40879269999976,0.5825448758289722,0.01541995279104609,-0.00582680470491549,4.849316288341616e-5,100.04071394777972,G02131,110.9419375887609,34.89779093037981,9999.999999999958,NA,NA,NA,NA,NA,NA,NA,NA,NA,NA,NA,NA,NA,NA,NA,NA,NA,NA,NA,NA,NA,NA,NA,NA,NA,NA,NA,NA,NA,NA,NA,NA,NA,NA,NA,NA,NA,NA,NA,NA,0,0,0,NA,0,0,0.058109449665109766,0.09362052135717809
2132,6.985813211771773,0.024084405406866564,179.40879269999976,0.5825448758289722,0.01541995279104609,-0.00582680470491549,4.849316288341616e-5,100.04071394777972,G02132,111.84025287288041,34.89779093037981,9999.999999999978,NA,NA,NA,NA,NA,NA,NA,NA,NA,NA,NA,NA,NA,NA,NA,NA,NA,NA,NA,NA,NA,NA,NA,NA,NA,NA,NA,NA,NA,NA,NA,NA,NA,NA,NA,NA,NA,NA,NA,NA,0,0,0,NA,0,0,0.058109449665109766,0.09362052135717809
2133,6.985813211771773,0.024084405406866564,179.40879269999976,0.5825448758289722,0.01541995279104609,-0.00582680470491549,4.849316288341616e-5,100.04071394777972,G02133,112.73856815699993,34.89779093037981,10000,NA,NA,NA,NA,NA,NA,NA,NA,NA,NA,NA,NA,NA,NA,NA,NA,NA,NA,NA,NA,NA,NA,NA,NA,NA,NA,NA,NA,NA,NA,NA,NA,NA,NA,NA,NA,NA,NA,NA,NA,0,0,0,NA,0,0,0.058109449665109766,0.09362052135717809
2134,6.985813211771773,0.024084405406866564,179.40879269999976,0.5825448758289722,0.01541995279104609,-0.00582680470491549,4.849316288341616e-5,100.04071394777972,G02134,113.63688344111945,34.89779093037981,10000,NA,NA,NA,NA,NA,NA,NA,NA,NA,NA,NA,NA,NA,NA,NA,NA,NA,NA,NA,NA,NA,NA,NA,NA,NA,NA,NA,NA,NA,NA,NA,NA,NA,NA,NA,NA,NA,NA,NA,NA,0,0,0,NA,0,0,0.058109449665109766,0.09362052135717809
2135,6.985813211771786,0.024084405406865565,179.40879269999976,0.582544875828973,0.015419952791046208,-0.005826804704915402,4.849316288343043e-5,100.04071394777974,G02135,114.53519872523891,34.8977909303798,9999.999999999918,NA,NA,NA,NA,NA,NA,NA,NA,NA,NA,NA,NA,NA,NA,NA,NA,NA,NA,NA,NA,NA,NA,NA,NA,NA,NA,NA,NA,NA,NA,NA,NA,NA,NA,NA,NA,NA,NA,NA,NA,0,0,0,NA,0,0,0.0581094496651098,0.09362052135719032
2136,6.985813211771773,0.024084405406866564,179.40879269999976,0.5825448758289722,0.01541995279104609,-0.00582680470491549,4.849316288341616e-5,100.04071394777972,G02136,115.43351400935839,34.89779093037983,9999.999999999725,NA,NA,NA,NA,NA,NA,NA,NA,NA,NA,NA,NA,NA,NA,NA,NA,NA,NA,NA,NA,NA,NA,NA,NA,NA,NA,NA,NA,NA,NA,NA,NA,NA,NA,NA,NA,NA,NA,NA,NA,0,0,0,NA,0,0,0.058109449665109766,0.09362052135717809
2137,6.985813211771773,0.024084405406866564,179.40879269999976,0.5825448758289722,0.01541995279104609,-0.00582680470491549,4.849316288341616e-5,100.04071394777972,G02137,116.33182929347818,34.89779093037983,9999.99999999994,NA,NA,NA,NA,NA,NA,NA,NA,NA,NA,NA,NA,NA,NA,NA,NA,NA,NA,NA,NA,NA,NA,NA,NA,NA,NA,NA,NA,NA,NA,NA,NA,NA,NA,NA,NA,NA,NA,NA,NA,0,0,0,NA,0,0,0.058109449665109766,0.09362052135717809
2138,6.985813211771773,0.024084405406866564,179.40879269999976,0.5825448758289722,0.01541995279104609,-0.00582680470491549,4.849316288341616e-5,100.04071394777972,G02138,117.23014457759756,34.89779093037981,10000.000000000018,NA,NA,NA,NA,NA,NA,NA,NA,NA,NA,NA,NA,NA,NA,NA,NA,NA,NA,NA,NA,NA,NA,NA,NA,NA,NA,NA,NA,NA,NA,NA,NA,NA,NA,NA,NA,NA,NA,NA,NA,0,0,0,NA,0,0,0.058109449665109766,0.09362052135717809
2139,6.985813211771773,0.024084405406866564,179.40879269999976,0.5825448758289722,0.01541995279104609,-0.00582680470491549,4.849316288341616e-5,100.04071394777972,G02139,118.12845986171706,34.89779093037981,10000.000000000056,NA,NA,NA,NA,NA,NA,NA,NA,NA,NA,NA,NA,NA,NA,NA,NA,NA,NA,NA,NA,NA,NA,NA,NA,NA,NA,NA,NA,NA,NA,NA,NA,NA,NA,NA,NA,NA,NA,NA,NA,0,0,0,NA,0,0,0.058109449665109766,0.09362052135717809
2140,6.990515723903727,0.02408720792681915,178.26603169999976,0.5829731938159822,0.015441628777730372,-0.005820888805493683,4.881892237005574e-5,100.04929211391998,G02140,118.96034491020995,34.88678949516058,8325.657679538039,NA,NA,NA,NA,NA,NA,NA,NA,NA,NA,NA,NA,NA,NA,NA,NA,NA,NA,NA,NA,NA,NA,NA,NA,NA,NA,NA,NA,NA,NA,NA,NA,NA,NA,NA,NA,NA,NA,NA,NA,0,0,0,NA,0,0,0.05812971920975554,0.09363965069810923
2141,7.123943270333305,0.024132588790392377,186.78187669999983,0.5952162370258913,0.016029240027980198,-0.00564754467470379,5.7900300953797085e-5,100.30461667216609,G02141,119.54003995598352,34.57478895489478,195.93604107541475,NA,NA,NA,NA,NA,NA,NA,NA,NA,NA,NA,NA,NA,NA,NA,NA,NA,NA,NA,NA,NA,NA,NA,NA,NA,NA,NA,NA,NA,NA,NA,NA,NA,NA,NA,NA,NA,NA,NA,NA,0,0,0,NA,0,0,0.05868821635666156,0.09418428976841034
2171,7.301514455051959,0.0240853214793101,187.15950029999993,0.6119540317340265,0.016736514499858916,-0.00539466430542268,6.958669676072142e-5,100.68382374799475,G02171,82.19584849693621,34.15772237235127,10000,NA,NA,NA,NA,NA,NA,NA,NA,NA,NA,NA,NA,NA,NA,NA,NA,NA,NA,NA,NA,NA,NA,NA,NA,NA,NA,NA,NA,NA,NA,NA,NA,NA,NA,NA,NA,NA,NA,NA,NA,0,0,0,NA,0,0,0.05937896739617177,0.0949529936895791
2181,7.301514455051959,0.0240853214793101,187.15950029999993,0.6119540317340265,0.016736514499858916,-0.00539466430542268,6.958669676072142e-5,100.68382374799475,G02181,91.17900133813141,34.15772237235127,10000,NA,NA,NA,NA,NA,NA,NA,NA,NA,NA,NA,NA,NA,NA,NA,NA,NA,NA,NA,NA,NA,NA,NA,NA,NA,NA,NA,NA,NA,NA,NA,NA,NA,NA,NA,NA,NA,NA,NA,NA,0,0,0,NA,0,0,0.05937896739617177,0.0949529936895791
2182,7.301514455051959,0.0240853214793101,187.15950029999993,0.6119540317340265,0.016736514499858916,-0.00539466430542268,6.958669676072142e-5,100.68382374799475,G02182,92.07731662225093,34.15772237235127,10000,NA,NA,NA,NA,NA,NA,NA,NA,NA,NA,NA,NA,NA,NA,NA,NA,NA,NA,NA,NA,NA,NA,NA,NA,NA,NA,NA,NA,NA,NA,NA,NA,NA,NA,NA,NA,NA,NA,NA,NA,0,0,0,NA,0,0,0.05937896739617177,0.0949529936895791
2183,7.301514455051959,0.0240853214793101,187.15950029999993,0.6119540317340265,0.016736514499858916,-0.00539466430542268,6.958669676072142e-5,100.68382374799475,G02183,92.97563190637047,34.15772237235127,10000,NA,NA,NA,NA,NA,NA,NA,NA,NA,NA,NA,NA,NA,NA,NA,NA,NA,NA,NA,NA,NA,NA,NA,NA,NA,NA,NA,NA,NA,NA,NA,NA,NA,NA,NA,NA,NA,NA,NA,NA,0,0,0,NA,0,0,0.05937896739617177,0.0949529936895791
2184,7.301514455051959,0.0240853214793101,187.15950029999993,0.6119540317340265,0.016736514499858916,-0.00539466430542268,6.958669676072142e-5,100.68382374799475,G02184,93.87394719048999,34.15772237235127,10000,NA,NA,NA,NA,NA,NA,NA,NA,NA,NA,NA,NA,NA,NA,NA,NA,NA,NA,NA,NA,NA,NA,NA,NA,NA,NA,NA,NA,NA,NA,NA,NA,NA,NA,NA,NA,NA,NA,NA,NA,0,0,0,NA,0,0,0.05937896739617177,0.0949529936895791
2186,7.301514455051959,0.0240853214793101,187.15950029999993,0.6119540317340265,0.016736514499858916,-0.00539466430542268,6.958669676072142e-5,100.68382374799475,G02186,95.67057775872902,34.15772237235127,10000,NA,NA,NA,NA,NA,NA,NA,NA,NA,NA,NA,NA,NA,NA,NA,NA,NA,NA,NA,NA,NA,NA,NA,NA,NA,NA,NA,NA,NA,NA,NA,NA,NA,NA,NA,NA,NA,NA,NA,NA,0,0,0,NA,0,0,0.05937896739617177,0.0949529936895791
2187,7.301514455051959,0.0240853214793101,187.15950029999993,0.6119540317340265,0.016736514499858916,-0.00539466430542268,6.958669676072142e-5,100.68382374799475,G02187,96.56889304284854,34.15772237235127,10000,NA,NA,NA,NA,NA,NA,NA,NA,NA,NA,NA,NA,NA,NA,NA,NA,NA,NA,NA,NA,NA,NA,NA,NA,NA,NA,NA,NA,NA,NA,NA,NA,NA,NA,NA,NA,NA,NA,NA,NA,0,0,0,NA,0,0,0.05937896739617177,0.0949529936895791
2188,7.301514455051959,0.0240853214793101,187.15950029999993,0.6119540317340265,0.016736514499858916,-0.00539466430542268,6.958669676072142e-5,100.68382374799475,G02188,97.46720832696808,34.15772237235127,9999.999999999993,NA,NA,NA,NA,NA,NA,NA,NA,NA,NA,NA,NA,NA,NA,NA,NA,NA,NA,NA,NA,NA,NA,NA,NA,NA,NA,NA,NA,NA,NA,NA,NA,NA,NA,NA,NA,NA,NA,NA,NA,0,0,0,NA,0,0,0.05937896739617177,0.0949529936895791
2189,7.301514455051959,0.0240853214793101,187.15950029999993,0.6119540317340265,0.016736514499858916,-0.00539466430542268,6.958669676072142e-5,100.68382374799475,G02189,98.3655236110876,34.15772237235126,10000.000000000007,NA,NA,NA,NA,NA,NA,NA,NA,NA,NA,NA,NA,NA,NA,NA,NA,NA,NA,NA,NA,NA,NA,NA,NA,NA,NA,NA,NA,NA,NA,NA,NA,NA,NA,NA,NA,NA,NA,NA,NA,0,0,0,NA,0,0,0.05937896739617177,0.0949529936895791
2191,7.301514455051959,0.0240853214793101,187.15950029999993,0.6119540317340265,0.016736514499858916,-0.00539466430542268,6.958669676072142e-5,100.68382374799475,G02191,100.16215417932663,34.15772237235127,10000,NA,NA,NA,NA,NA,NA,NA,NA,NA,NA,NA,NA,NA,NA,NA,NA,NA,NA,NA,NA,NA,NA,NA,NA,NA,NA,NA,NA,NA,NA,NA,NA,NA,NA,NA,NA,NA,NA,NA,NA,0,0,0,NA,0,0,0.05937896739617177,0.0949529936895791
2193,7.301514455051959,0.0240853214793101,187.15950029999993,0.6119540317340265,0.016736514499858916,-0.00539466430542268,6.958669676072142e-5,100.68382374799475,G02193,101.95878474756569,34.15772237235126,10000.000000000022,NA,NA,NA,NA,NA,NA,NA,NA,NA,NA,NA,NA,NA,NA,NA,NA,NA,NA,NA,NA,NA,NA,NA,NA,NA,NA,NA,NA,NA,NA,NA,NA,NA,NA,NA,NA,NA,NA,NA,NA,0,0,0,NA,0,0,0.05937896739617177,0.0949529936895791
2194,7.301514455051959,0.0240853214793101,187.15950029999993,0.6119540317340265,0.016736514499858916,-0.00539466430542268,6.958669676072142e-5,100.68382374799475,G02194,102.8571000316852,34.15772237235127,9999.999999999949,NA,NA,NA,NA,NA,NA,NA,NA,NA,NA,NA,NA,NA,NA,NA,NA,NA,NA,NA,NA,NA,NA,NA,NA,NA,NA,NA,NA,NA,NA,NA,NA,NA,NA,NA,NA,NA,NA,NA,NA,0,0,0,NA,0,0,0.05937896739617177,0.0949529936895791
2195,7.301514455051959,0.0240853214793101,187.15950029999993,0.6119540317340265,0.016736514499858916,-0.00539466430542268,6.958669676072142e-5,100.68382374799475,G02195,103.75541531580473,34.15772237235127,10000,NA,NA,NA,NA,NA,NA,NA,NA,NA,NA,NA,NA,NA,NA,NA,NA,NA,NA,NA,NA,NA,NA,NA,NA,NA,NA,NA,NA,NA,NA,NA,NA,NA,NA,NA,NA,NA,NA,NA,NA,0,0,0,NA,0,0,0.05937896739617177,0.0949529936895791
2196,7.301514455051959,0.0240853214793101,187.15950029999993,0.6119540317340265,0.016736514499858916,-0.00539466430542268,6.958669676072142e-5,100.68382374799475,G02196,104.65373059992424,34.15772237235127,10000,NA,NA,NA,NA,NA,NA,NA,NA,NA,NA,NA,NA,NA,NA,NA,NA,NA,NA,NA,NA,NA,NA,NA,NA,NA,NA,NA,NA,NA,NA,NA,NA,NA,NA,NA,NA,NA,NA,NA,NA,0,0,0,NA,0,0,0.05937896739617177,0.0949529936895791
2197,7.301514455051959,0.0240853214793101,187.15950029999993,0.6119540317340265,0.016736514499858916,-0.00539466430542268,6.958669676072142e-5,100.68382374799475,G02197,105.55204588404376,34.15772237235127,10000,NA,NA,NA,NA,NA,NA,NA,NA,NA,NA,NA,NA,NA,NA,NA,NA,NA,NA,NA,NA,NA,NA,NA,NA,NA,NA,NA,NA,NA,NA,NA,NA,NA,NA,NA,NA,NA,NA,NA,NA,0,0,0,NA,0,0,0.05937896739617177,0.0949529936895791
2198,7.301514455051959,0.0240853214793101,187.15950029999993,0.6119540317340265,0.016736514499858916,-0.00539466430542268,6.958669676072142e-5,100.68382374799475,G02198,106.45036116816328,34.15772237235127,10000,NA,NA,NA,NA,NA,NA,NA,NA,NA,NA,NA,NA,NA,NA,NA,NA,NA,NA,NA,NA,NA,NA,NA,NA,NA,NA,NA,NA,NA,NA,NA,NA,NA,NA,NA,NA,NA,NA,NA,NA,0,0,0,NA,0,0,0.05937896739617177,0.0949529936895791
2199,7.301514455051959,0.0240853214793101,187.15950029999993,0.6119540317340265,0.016736514499858916,-0.00539466430542268,6.958669676072142e-5,100.68382374799475,G02199,107.34867645228282,34.15772237235127,10000,NA,NA,NA,NA,NA,NA,NA,NA,NA,NA,NA,NA,NA,NA,NA,NA,NA,NA,NA,NA,NA,NA,NA,NA,NA,NA,NA,NA,NA,NA,NA,NA,NA,NA,NA,NA,NA,NA,NA,NA,0,0,0,NA,0,0,0.05937896739617177,0.0949529936895791
2200,7.301514455051959,0.0240853214793101,187.15950029999993,0.6119540317340265,0.016736514499858916,-0.00539466430542268,6.958669676072142e-5,100.68382374799475,G02200,108.24699173640234,34.15772237235127,10000,NA,NA,NA,NA,NA,NA,NA,NA,NA,NA,NA,NA,NA,NA,NA,NA,NA,NA,NA,NA,NA,NA,NA,NA,NA,NA,NA,NA,NA,NA,NA,NA,NA,NA,NA,NA,NA,NA,NA,NA,0,0,0,NA,0,0,0.05937896739617177,0.0949529936895791
2201,7.301514455051959,0.0240853214793101,187.15950029999993,0.6119540317340265,0.016736514499858916,-0.00539466430542268,6.958669676072142e-5,100.68382374799475,G02201,109.14530702052186,34.15772237235127,10000,NA,NA,NA,NA,NA,NA,NA,NA,NA,NA,NA,NA,NA,NA,NA,NA,NA,NA,NA,NA,NA,NA,NA,NA,NA,NA,NA,NA,NA,NA,NA,NA,NA,NA,NA,NA,NA,NA,NA,NA,0,0,0,NA,0,0,0.05937896739617177,0.0949529936895791
2202,7.301514455051959,0.0240853214793101,187.15950029999993,0.6119540317340265,0.016736514499858916,-0.00539466430542268,6.958669676072142e-5,100.68382374799475,G02202,110.04362230464137,34.15772237235127,10000.00000000006,NA,NA,NA,NA,NA,NA,NA,NA,NA,NA,NA,NA,NA,NA,NA,NA,NA,NA,NA,NA,NA,NA,NA,NA,NA,NA,NA,NA,NA,NA,NA,NA,NA,NA,NA,NA,NA,NA,NA,NA,0,0,0,NA,0,0,0.05937896739617177,0.0949529936895791
2203,7.301514455051959,0.0240853214793101,187.15950029999993,0.6119540317340265,0.016736514499858916,-0.00539466430542268,6.958669676072142e-5,100.68382374799475,G02203,110.9419375887609,34.15772237235127,10000.000000000002,NA,NA,NA,NA,NA,NA,NA,NA,NA,NA,NA,NA,NA,NA,NA,NA,NA,NA,NA,NA,NA,NA,NA,NA,NA,NA,NA,NA,NA,NA,NA,NA,NA,NA,NA,NA,NA,NA,NA,NA,0,0,0,NA,0,0,0.05937896739617177,0.0949529936895791
2204,7.301514455051959,0.0240853214793101,187.15950029999993,0.6119540317340265,0.016736514499858916,-0.00539466430542268,6.958669676072142e-5,100.68382374799475,G02204,111.84025287288041,34.15772237235127,10000,NA,NA,NA,NA,NA,NA,NA,NA,NA,NA,NA,NA,NA,NA,NA,NA,NA,NA,NA,NA,NA,NA,NA,NA,NA,NA,NA,NA,NA,NA,NA,NA,NA,NA,NA,NA,NA,NA,NA,NA,0,0,0,NA,0,0,0.05937896739617177,0.0949529936895791
2205,7.301514455051959,0.0240853214793101,187.15950029999993,0.6119540317340265,0.016736514499858916,-0.00539466430542268,6.958669676072142e-5,100.68382374799475,G02205,112.73856815699993,34.15772237235127,10000,NA,NA,NA,NA,NA,NA,NA,NA,NA,NA,NA,NA,NA,NA,NA,NA,NA,NA,NA,NA,NA,NA,NA,NA,NA,NA,NA,NA,NA,NA,NA,NA,NA,NA,NA,NA,NA,NA,NA,NA,0,0,0,NA,0,0,0.05937896739617177,0.0949529936895791
2206,7.301514455051959,0.0240853214793101,187.15950029999993,0.6119540317340265,0.016736514499858916,-0.00539466430542268,6.958669676072142e-5,100.68382374799475,G02206,113.63688344111945,34.15772237235127,10000,NA,NA,NA,NA,NA,NA,NA,NA,NA,NA,NA,NA,NA,NA,NA,NA,NA,NA,NA,NA,NA,NA,NA,NA,NA,NA,NA,NA,NA,NA,NA,NA,NA,NA,NA,NA,NA,NA,NA,NA,0,0,0,NA,0,0,0.05937896739617177,0.0949529936895791
2207,7.301514455051959,0.0240853214793101,187.15950029999993,0.6119540317340265,0.016736514499858916,-0.00539466430542268,6.958669676072142e-5,100.68382374799475,G02207,114.53519872523898,34.15772237235127,10000,NA,NA,NA,NA,NA,NA,NA,NA,NA,NA,NA,NA,NA,NA,NA,NA,NA,NA,NA,NA,NA,NA,NA,NA,NA,NA,NA,NA,NA,NA,NA,NA,NA,NA,NA,NA,NA,NA,NA,NA,0,0,0,NA,0,0,0.05937896739617177,0.0949529936895791
2208,7.301514455051959,0.0240853214793101,187.15950029999993,0.6119540317340265,0.016736514499858916,-0.00539466430542268,6.958669676072142e-5,100.68382374799475,G02208,115.43351400935852,34.15772237235128,10000.000000000056,NA,NA,NA,NA,NA,NA,NA,NA,NA,NA,NA,NA,NA,NA,NA,NA,NA,NA,NA,NA,NA,NA,NA,NA,NA,NA,NA,NA,NA,NA,NA,NA,NA,NA,NA,NA,NA,NA,NA,NA,0,0,0,NA,0,0,0.05937896739617177,0.0949529936895791
2209,7.301514455051959,0.0240853214793101,187.15950029999993,0.6119540317340265,0.016736514499858916,-0.00539466430542268,6.958669676072142e-5,100.68382374799475,G02209,116.33182929347805,34.15772237235126,10000.000000000015,NA,NA,NA,NA,NA,NA,NA,NA,NA,NA,NA,NA,NA,NA,NA,NA,NA,NA,NA,NA,NA,NA,NA,NA,NA,NA,NA,NA,NA,NA,NA,NA,NA,NA,NA,NA,NA,NA,NA,NA,0,0,0,NA,0,0,0.05937896739617177,0.0949529936895791
2210,7.301514455051959,0.0240853214793101,187.15950029999993,0.6119540317340265,0.016736514499858916,-0.00539466430542268,6.958669676072142e-5,100.68382374799475,G02210,117.2301445775975,34.157722372351216,9999.999999999782,NA,NA,NA,NA,NA,NA,NA,NA,NA,NA,NA,NA,NA,NA,NA,NA,NA,NA,NA,NA,NA,NA,NA,NA,NA,NA,NA,NA,NA,NA,NA,NA,NA,NA,NA,NA,NA,NA,NA,NA,0,0,0,NA,0,0,0.05937896739617177,0.0949529936895791
2211,7.301514455051927,0.02408532147931105,187.15950029999993,0.6119540317340066,0.016736514499859446,-0.005394664305422043,6.958669676076159e-5,100.68382374799474,G02211,118.12845986171712,34.15772237235128,9999.999999999956,NA,NA,NA,NA,NA,NA,NA,NA,NA,NA,NA,NA,NA,NA,NA,NA,NA,NA,NA,NA,NA,NA,NA,NA,NA,NA,NA,NA,NA,NA,NA,NA,NA,NA,NA,NA,NA,NA,NA,NA,0,0,0,NA,0,0,0.059378967396171746,0.09495299368957423
2212,7.301514455051959,0.0240853214793101,187.15950029999993,0.6119540317340265,0.016736514499858916,-0.00539466430542268,6.958669676072142e-5,100.68382374799475,G02212,119.0267751458366,34.15772237235127,10000,NA,NA,NA,NA,NA,NA,NA,NA,NA,NA,NA,NA,NA,NA,NA,NA,NA,NA,NA,NA,NA,NA,NA,NA,NA,NA,NA,NA,NA,NA,NA,NA,NA,NA,NA,NA,NA,NA,NA,NA,0,0,0,NA,0,0,0.05937896739617177,0.0949529936895791
2213,7.321146385978265,0.024072137858373754,186.88481949999982,0.6138509187372796,0.016810100314296927,-0.0053646656252401975,7.085777235098988e-5,100.72882485224777,G02213,119.88273307532573,34.11129333024729,8451.374455957874,NA,NA,NA,NA,NA,NA,NA,NA,NA,NA,NA,NA,NA,NA,NA,NA,NA,NA,NA,NA,NA,NA,NA,NA,NA,NA,NA,NA,NA,NA,NA,NA,NA,NA,NA,NA,NA,NA,NA,NA,0,0,0,NA,0,0,0.05945141650610043,0.09504435205353635
2214,7.422331061733622,0.02397778987786769,179.95849169999994,0.6238293683510855,0.017176977676650544,-0.0052019312011433875,7.73664433923046e-5,100.97158201424243,G02214,120.40990167812144,33.87034137201034,200.11746931911645,NA,NA,NA,NA,NA,NA,NA,NA,NA,NA,NA,NA,NA,NA,NA,NA,NA,NA,NA,NA,NA,NA,NA,NA,NA,NA,NA,NA,NA,NA,NA,NA,NA,NA,NA,NA,NA,NA,NA,NA,0,0,0,NA,0,0,0.05981159818992743,0.09554583092276392
2240,7.606442837254875,0.023686185291590115,190.7107841999999,0.6431825706375867,0.01780317093079374,-0.004861512223427999,8.91529143012282e-5,101.46609495435314,G02240,79.51589215248086,33.42118976720087,9635.66587105518,NA,NA,NA,NA,NA,NA,NA,NA,NA,NA,NA,NA,NA,NA,NA,NA,NA,NA,NA,NA,NA,NA,NA,NA,NA,NA,NA,NA,NA,NA,NA,NA,NA,NA,NA,NA,NA,NA,NA,NA,0,0,0,NA,0,0,0.060405125401573036,0.09663382014090942
2241,7.610486314674815,0.023677942006526103,190.7107841999999,0.6436305593073903,0.017816515184912608,-0.004853239063844283,8.94129610832876e-5,101.47782516548493,G02241,80.39921792869717,33.41111044324972,10000,NA,NA,NA,NA,NA,NA,NA,NA,NA,NA,NA,NA,NA,NA,NA,NA,NA,NA,NA,NA,NA,NA,NA,NA,NA,NA,NA,NA,NA,NA,NA,NA,NA,NA,NA,NA,NA,NA,NA,NA,0,0,0,NA,0,0,0.060417180313172884,0.09666079180164845
2250,7.610486314674815,0.023677942006526103,190.7107841999999,0.6436305593073903,0.017816515184912608,-0.004853239063844283,8.94129610832876e-5,101.47782516548493,G02250,88.48405548577286,33.41111044324972,10000,NA,NA,NA,NA,NA,NA,NA,NA,NA,NA,NA,NA,NA,NA,NA,NA,NA,NA,NA,NA,NA,NA,NA,NA,NA,NA,NA,NA,NA,NA,NA,NA,NA,NA,NA,NA,NA,NA,NA,NA,0,0,0,NA,0,0,0.060417180313172884,0.09666079180164845
2254,7.610486314674815,0.023677942006526103,190.7107841999999,0.6436305593073903,0.017816515184912608,-0.004853239063844283,8.94129610832876e-5,101.47782516548493,G02254,92.07731662225093,33.41111044324972,10000,NA,NA,NA,NA,NA,NA,NA,NA,NA,NA,NA,NA,NA,NA,NA,NA,NA,NA,NA,NA,NA,NA,NA,NA,NA,NA,NA,NA,NA,NA,NA,NA,NA,NA,NA,NA,NA,NA,NA,NA,0,0,0,NA,0,0,0.060417180313172884,0.09666079180164845
2255,7.610486314674815,0.023677942006526103,190.7107841999999,0.6436305593073903,0.017816515184912608,-0.004853239063844283,8.94129610832876e-5,101.47782516548493,G02255,92.97563190637047,33.41111044324972,10000,NA,NA,NA,NA,NA,NA,NA,NA,NA,NA,NA,NA,NA,NA,NA,NA,NA,NA,NA,NA,NA,NA,NA,NA,NA,NA,NA,NA,NA,NA,NA,NA,NA,NA,NA,NA,NA,NA,NA,NA,0,0,0,NA,0,0,0.060417180313172884,0.09666079180164845
2257,7.610486314674815,0.023677942006526103,190.7107841999999,0.6436305593073903,0.017816515184912608,-0.004853239063844283,8.94129610832876e-5,101.47782516548493,G02257,94.7722624746095,33.41111044324972,10000,NA,NA,NA,NA,NA,NA,NA,NA,NA,NA,NA,NA,NA,NA,NA,NA,NA,NA,NA,NA,NA,NA,NA,NA,NA,NA,NA,NA,NA,NA,NA,NA,NA,NA,NA,NA,NA,NA,NA,NA,0,0,0,NA,0,0,0.060417180313172884,0.09666079180164845
2258,7.610486314674815,0.023677942006526103,190.7107841999999,0.6436305593073903,0.017816515184912608,-0.004853239063844283,8.94129610832876e-5,101.47782516548493,G02258,95.67057775872902,33.41111044324972,10000,NA,NA,NA,NA,NA,NA,NA,NA,NA,NA,NA,NA,NA,NA,NA,NA,NA,NA,NA,NA,NA,NA,NA,NA,NA,NA,NA,NA,NA,NA,NA,NA,NA,NA,NA,NA,NA,NA,NA,NA,0,0,0,NA,0,0,0.060417180313172884,0.09666079180164845
2259,7.610486314674815,0.023677942006526103,190.7107841999999,0.6436305593073903,0.017816515184912608,-0.004853239063844283,8.94129610832876e-5,101.47782516548493,G02259,96.56889304284854,33.41111044324972,10000,NA,NA,NA,NA,NA,NA,NA,NA,NA,NA,NA,NA,NA,NA,NA,NA,NA,NA,NA,NA,NA,NA,NA,NA,NA,NA,NA,NA,NA,NA,NA,NA,NA,NA,NA,NA,NA,NA,NA,NA,0,0,0,NA,0,0,0.060417180313172884,0.09666079180164845
2260,7.610486314674815,0.023677942006526103,190.7107841999999,0.6436305593073903,0.017816515184912608,-0.004853239063844283,8.94129610832876e-5,101.47782516548493,G02260,97.46720832696808,33.41111044324972,10000,NA,NA,NA,NA,NA,NA,NA,NA,NA,NA,NA,NA,NA,NA,NA,NA,NA,NA,NA,NA,NA,NA,NA,NA,NA,NA,NA,NA,NA,NA,NA,NA,NA,NA,NA,NA,NA,NA,NA,NA,0,0,0,NA,0,0,0.060417180313172884,0.09666079180164845
2261,7.610486314674815,0.023677942006526103,190.7107841999999,0.6436305593073903,0.017816515184912608,-0.004853239063844283,8.94129610832876e-5,101.47782516548493,G02261,98.3655236110876,33.41111044324972,9999.999999999956,NA,NA,NA,NA,NA,NA,NA,NA,NA,NA,NA,NA,NA,NA,NA,NA,NA,NA,NA,NA,NA,NA,NA,NA,NA,NA,NA,NA,NA,NA,NA,NA,NA,NA,NA,NA,NA,NA,NA,NA,0,0,0,NA,0,0,0.060417180313172884,0.09666079180164845
2262,7.610486314674815,0.023677942006526103,190.7107841999999,0.6436305593073903,0.017816515184912608,-0.004853239063844283,8.94129610832876e-5,101.47782516548493,G02262,99.26383889520712,33.411110443249726,9999.999999999953,NA,NA,NA,NA,NA,NA,NA,NA,NA,NA,NA,NA,NA,NA,NA,NA,NA,NA,NA,NA,NA,NA,NA,NA,NA,NA,NA,NA,NA,NA,NA,NA,NA,NA,NA,NA,NA,NA,NA,NA,0,0,0,NA,0,0,0.060417180313172884,0.09666079180164845
2263,7.610486314674815,0.023677942006526103,190.7107841999999,0.6436305593073903,0.017816515184912608,-0.004853239063844283,8.94129610832876e-5,101.47782516548493,G02263,100.16215417932663,33.41111044324972,10000,NA,NA,NA,NA,NA,NA,NA,NA,NA,NA,NA,NA,NA,NA,NA,NA,NA,NA,NA,NA,NA,NA,NA,NA,NA,NA,NA,NA,NA,NA,NA,NA,NA,NA,NA,NA,NA,NA,NA,NA,0,0,0,NA,0,0,0.060417180313172884,0.09666079180164845
2264,7.610486314674815,0.023677942006526103,190.7107841999999,0.6436305593073903,0.017816515184912608,-0.004853239063844283,8.94129610832876e-5,101.47782516548493,G02264,101.06046946344617,33.411110443249726,10000.000000000022,NA,NA,NA,NA,NA,NA,NA,NA,NA,NA,NA,NA,NA,NA,NA,NA,NA,NA,NA,NA,NA,NA,NA,NA,NA,NA,NA,NA,NA,NA,NA,NA,NA,NA,NA,NA,NA,NA,NA,NA,0,0,0,NA,0,0,0.060417180313172884,0.09666079180164845
2265,7.610486314674815,0.023677942006526103,190.7107841999999,0.6436305593073903,0.017816515184912608,-0.004853239063844283,8.94129610832876e-5,101.47782516548493,G02265,101.95878474756569,33.41111044324972,10000.000000000036,NA,NA,NA,NA,NA,NA,NA,NA,NA,NA,NA,NA,NA,NA,NA,NA,NA,NA,NA,NA,NA,NA,NA,NA,NA,NA,NA,NA,NA,NA,NA,NA,NA,NA,NA,NA,NA,NA,NA,NA,0,0,0,NA,0,0,0.060417180313172884,0.09666079180164845
2266,7.610486314674815,0.023677942006526103,190.7107841999999,0.6436305593073903,0.017816515184912608,-0.004853239063844283,8.94129610832876e-5,101.47782516548493,G02266,102.8571000316852,33.41111044324972,9999.999999999984,NA,NA,NA,NA,NA,NA,NA,NA,NA,NA,NA,NA,NA,NA,NA,NA,NA,NA,NA,NA,NA,NA,NA,NA,NA,NA,NA,NA,NA,NA,NA,NA,NA,NA,NA,NA,NA,NA,NA,NA,0,0,0,NA,0,0,0.060417180313172884,0.09666079180164845
2267,7.610486314674815,0.023677942006526103,190.7107841999999,0.6436305593073903,0.017816515184912608,-0.004853239063844283,8.94129610832876e-5,101.47782516548493,G02267,103.75541531580473,33.41111044324972,10000.000000000044,NA,NA,NA,NA,NA,NA,NA,NA,NA,NA,NA,NA,NA,NA,NA,NA,NA,NA,NA,NA,NA,NA,NA,NA,NA,NA,NA,NA,NA,NA,NA,NA,NA,NA,NA,NA,NA,NA,NA,NA,0,0,0,NA,0,0,0.060417180313172884,0.09666079180164845
2268,7.610486314674815,0.023677942006526103,190.7107841999999,0.6436305593073903,0.017816515184912608,-0.004853239063844283,8.94129610832876e-5,101.47782516548493,G02268,104.65373059992424,33.41111044324972,9999.9999999998945,NA,NA,NA,NA,NA,NA,NA,NA,NA,NA,NA,NA,NA,NA,NA,NA,NA,NA,NA,NA,NA,NA,NA,NA,NA,NA,NA,NA,NA,NA,NA,NA,NA,NA,NA,NA,NA,NA,NA,NA,0,0,0,NA,0,0,0.060417180313172884,0.09666079180164845
2269,7.610486314674815,0.023677942006526103,190.7107841999999,0.6436305593073903,0.017816515184912608,-0.004853239063844283,8.94129610832876e-5,101.47782516548493,G02269,105.55204588404376,33.41111044324972,10000.00000000009,NA,NA,NA,NA,NA,NA,NA,NA,NA,NA,NA,NA,NA,NA,NA,NA,NA,NA,NA,NA,NA,NA,NA,NA,NA,NA,NA,NA,NA,NA,NA,NA,NA,NA,NA,NA,NA,NA,NA,NA,0,0,0,NA,0,0,0.060417180313172884,0.09666079180164845
2270,7.610486314674815,0.023677942006526103,190.7107841999999,0.6436305593073903,0.017816515184912608,-0.004853239063844283,8.94129610832876e-5,101.47782516548493,G02270,106.45036116816328,33.411110443249726,10000.000000000011,NA,NA,NA,NA,NA,NA,NA,NA,NA,NA,NA,NA,NA,NA,NA,NA,NA,NA,NA,NA,NA,NA,NA,NA,NA,NA,NA,NA,NA,NA,NA,NA,NA,NA,NA,NA,NA,NA,NA,NA,0,0,0,NA,0,0,0.060417180313172884,0.09666079180164845
2271,7.610486314674815,0.023677942006526103,190.7107841999999,0.6436305593073903,0.017816515184912608,-0.004853239063844283,8.94129610832876e-5,101.47782516548493,G02271,107.34867645228282,33.41111044324972,10000,NA,NA,NA,NA,NA,NA,NA,NA,NA,NA,NA,NA,NA,NA,NA,NA,NA,NA,NA,NA,NA,NA,NA,NA,NA,NA,NA,NA,NA,NA,NA,NA,NA,NA,NA,NA,NA,NA,NA,NA,0,0,0,NA,0,0,0.060417180313172884,0.09666079180164845
2272,7.610486314674815,0.023677942006526103,190.7107841999999,0.6436305593073903,0.017816515184912608,-0.004853239063844283,8.94129610832876e-5,101.47782516548493,G02272,108.24699173640234,33.41111044324972,10000,NA,NA,NA,NA,NA,NA,NA,NA,NA,NA,NA,NA,NA,NA,NA,NA,NA,NA,NA,NA,NA,NA,NA,NA,NA,NA,NA,NA,NA,NA,NA,NA,NA,NA,NA,NA,NA,NA,NA,NA,0,0,0,NA,0,0,0.060417180313172884,0.09666079180164845
2273,7.610486314674815,0.023677942006526103,190.7107841999999,0.6436305593073903,0.017816515184912608,-0.004853239063844283,8.94129610832876e-5,101.47782516548493,G02273,109.14530702052186,33.41111044324972,10000.00000000005,NA,NA,NA,NA,NA,NA,NA,NA,NA,NA,NA,NA,NA,NA,NA,NA,NA,NA,NA,NA,NA,NA,NA,NA,NA,NA,NA,NA,NA,NA,NA,NA,NA,NA,NA,NA,NA,NA,NA,NA,0,0,0,NA,0,0,0.060417180313172884,0.09666079180164845
2274,7.610486314674815,0.023677942006526103,190.7107841999999,0.6436305593073903,0.017816515184912608,-0.004853239063844283,8.94129610832876e-5,101.47782516548493,G02274,110.04362230464137,33.41111044324972,9999.999999999993,NA,NA,NA,NA,NA,NA,NA,NA,NA,NA,NA,NA,NA,NA,NA,NA,NA,NA,NA,NA,NA,NA,NA,NA,NA,NA,NA,NA,NA,NA,NA,NA,NA,NA,NA,NA,NA,NA,NA,NA,0,0,0,NA,0,0,0.060417180313172884,0.09666079180164845
2275,7.610486314674815,0.023677942006526103,190.7107841999999,0.6436305593073903,0.017816515184912608,-0.004853239063844283,8.94129610832876e-5,101.47782516548493,G02275,110.9419375887609,33.41111044324972,10000.000000000007,NA,NA,NA,NA,NA,NA,NA,NA,NA,NA,NA,NA,NA,NA,NA,NA,NA,NA,NA,NA,NA,NA,NA,NA,NA,NA,NA,NA,NA,NA,NA,NA,NA,NA,NA,NA,NA,NA,NA,NA,0,0,0,NA,0,0,0.060417180313172884,0.09666079180164845
2276,7.610486314674815,0.023677942006526103,190.7107841999999,0.6436305593073903,0.017816515184912608,-0.004853239063844283,8.94129610832876e-5,101.47782516548493,G02276,111.84025287288041,33.41111044324972,10000,NA,NA,NA,NA,NA,NA,NA,NA,NA,NA,NA,NA,NA,NA,NA,NA,NA,NA,NA,NA,NA,NA,NA,NA,NA,NA,NA,NA,NA,NA,NA,NA,NA,NA,NA,NA,NA,NA,NA,NA,0,0,0,NA,0,0,0.060417180313172884,0.09666079180164845
2277,7.610486314674815,0.023677942006526103,190.7107841999999,0.6436305593073903,0.017816515184912608,-0.004853239063844283,8.94129610832876e-5,101.47782516548493,G02277,112.73856815699993,33.41111044324972,10000,NA,NA,NA,NA,NA,NA,NA,NA,NA,NA,NA,NA,NA,NA,NA,NA,NA,NA,NA,NA,NA,NA,NA,NA,NA,NA,NA,NA,NA,NA,NA,NA,NA,NA,NA,NA,NA,NA,NA,NA,0,0,0,NA,0,0,0.060417180313172884,0.09666079180164845
2278,7.610486314674815,0.023677942006526103,190.7107841999999,0.6436305593073903,0.017816515184912608,-0.004853239063844283,8.94129610832876e-5,101.47782516548493,G02278,113.63688344111945,33.41111044324972,10000,NA,NA,NA,NA,NA,NA,NA,NA,NA,NA,NA,NA,NA,NA,NA,NA,NA,NA,NA,NA,NA,NA,NA,NA,NA,NA,NA,NA,NA,NA,NA,NA,NA,NA,NA,NA,NA,NA,NA,NA,0,0,0,NA,0,0,0.060417180313172884,0.09666079180164845
2279,7.610486314674815,0.023677942006526103,190.7107841999999,0.6436305593073903,0.017816515184912608,-0.004853239063844283,8.94129610832876e-5,101.47782516548493,G02279,114.53519872523897,33.41111044324971,10000.000000000051,NA,NA,NA,NA,NA,NA,NA,NA,NA,NA,NA,NA,NA,NA,NA,NA,NA,NA,NA,NA,NA,NA,NA,NA,NA,NA,NA,NA,NA,NA,NA,NA,NA,NA,NA,NA,NA,NA,NA,NA,0,0,0,NA,0,0,0.060417180313172884,0.09666079180164845
2280,7.610486314674815,0.023677942006526103,190.7107841999999,0.6436305593073903,0.017816515184912608,-0.004853239063844283,8.94129610832876e-5,101.47782516548493,G02280,115.43351400935852,33.411110443249726,10000,NA,NA,NA,NA,NA,NA,NA,NA,NA,NA,NA,NA,NA,NA,NA,NA,NA,NA,NA,NA,NA,NA,NA,NA,NA,NA,NA,NA,NA,NA,NA,NA,NA,NA,NA,NA,NA,NA,NA,NA,0,0,0,NA,0,0,0.060417180313172884,0.09666079180164845
2281,7.610486314674815,0.023677942006526103,190.7107841999999,0.6436305593073903,0.017816515184912608,-0.004853239063844283,8.94129610832876e-5,101.47782516548493,G02281,116.33182929347802,33.41111044324972,10000,NA,NA,NA,NA,NA,NA,NA,NA,NA,NA,NA,NA,NA,NA,NA,NA,NA,NA,NA,NA,NA,NA,NA,NA,NA,NA,NA,NA,NA,NA,NA,NA,NA,NA,NA,NA,NA,NA,NA,NA,0,0,0,NA,0,0,0.060417180313172884,0.09666079180164845
2282,7.610486314674815,0.023677942006526103,190.7107841999999,0.6436305593073903,0.017816515184912608,-0.004853239063844283,8.94129610832876e-5,101.47782516548493,G02282,117.23014457759756,33.41111044324972,10000,NA,NA,NA,NA,NA,NA,NA,NA,NA,NA,NA,NA,NA,NA,NA,NA,NA,NA,NA,NA,NA,NA,NA,NA,NA,NA,NA,NA,NA,NA,NA,NA,NA,NA,NA,NA,NA,NA,NA,NA,0,0,0,NA,0,0,0.060417180313172884,0.09666079180164845
2283,7.610486314674813,0.02367794200652645,190.7107841999999,0.6436305593073494,0.017816515184913406,-0.004853239063844857,8.941296108323855e-5,101.4778251654849,G02283,118.12845986171716,33.41111044324973,9999.999999999765,NA,NA,NA,NA,NA,NA,NA,NA,NA,NA,NA,NA,NA,NA,NA,NA,NA,NA,NA,NA,NA,NA,NA,NA,NA,NA,NA,NA,NA,NA,NA,NA,NA,NA,NA,NA,NA,NA,NA,NA,0,0,0,NA,0,0,0.06041718031317287,0.0966607918016541
2284,7.610486314674815,0.023677942006526103,190.7107841999999,0.6436305593073903,0.017816515184912608,-0.004853239063844283,8.94129610832876e-5,101.47782516548493,G02284,119.0267751458366,33.41111044324972,10000,NA,NA,NA,NA,NA,NA,NA,NA,NA,NA,NA,NA,NA,NA,NA,NA,NA,NA,NA,NA,NA,NA,NA,NA,NA,NA,NA,NA,NA,NA,NA,NA,NA,NA,NA,NA,NA,NA,NA,NA,0,0,0,NA,0,0,0.060417180313172884,0.09666079180164845
2285,7.610486314674815,0.023677942006526103,190.7107841999999,0.6436305593073903,0.017816515184912608,-0.004853239063844283,8.94129610832876e-5,101.47782516548493,G02285,119.9250904299561,33.41111044324972,10000,NA,NA,NA,NA,NA,NA,NA,NA,NA,NA,NA,NA,NA,NA,NA,NA,NA,NA,NA,NA,NA,NA,NA,NA,NA,NA,NA,NA,NA,NA,NA,NA,NA,NA,NA,NA,NA,NA,NA,NA,0,0,0,NA,0,0,0.060417180313172884,0.09666079180164845
2286,7.64100873006841,0.023613041827164265,194.69279059999997,0.6470514609239567,0.01791691675716529,-0.004789485571980451,9.138007562054209e-5,101.56771242518208,G02286,120.51406983108471,33.334651393972884,2756.2135669449094,NA,NA,NA,NA,NA,NA,NA,NA,NA,NA,NA,NA,NA,NA,NA,NA,NA,NA,NA,NA,NA,NA,NA,NA,NA,NA,NA,NA,NA,NA,NA,NA,NA,NA,NA,NA,NA,NA,NA,NA,0,0,0,NA,0,0,0.06050670804658378,0.0968691209398849
2312,7.902382424051005,0.022846973124742407,223.88000549999995,0.6802797359844067,0.018785327742801766,-0.004121136696666993,1.0886236589940016e-4,102.45381680606653,G02312,79.58057028964974,32.641837133962426,8104.4884690229865,NA,NA,NA,NA,NA,NA,NA,NA,NA,NA,NA,NA,NA,NA,NA,NA,NA,NA,NA,NA,NA,NA,NA,NA,NA,NA,NA,NA,NA,NA,NA,NA,NA,NA,NA,NA,NA,NA,NA,NA,0,0,0,NA,0,0,0.06115105195443296,0.09903190339282904
2313,7.896651285440366,0.022868203916049167,223.88000549999995,0.6794487057050919,0.01876535983341573,-0.0041388208925279436,1.0845880818074537e-4,102.43168373474883,G02313,80.39921792869717,32.65802517638217,10000,NA,NA,NA,NA,NA,NA,NA,NA,NA,NA,NA,NA,NA,NA,NA,NA,NA,NA,NA,NA,NA,NA,NA,NA,NA,NA,NA,NA,NA,NA,NA,NA,NA,NA,NA,NA,NA,NA,NA,NA,0,0,0,NA,0,0,0.0611395844848929,0.09897648566521644
2320,7.896651285440366,0.022868203916049167,223.88000549999995,0.6794487057050919,0.01876535983341573,-0.0041388208925279436,1.0845880818074537e-4,102.43168373474883,G02320,86.68742491753382,32.65802517638217,10000,NA,NA,NA,NA,NA,NA,NA,NA,NA,NA,NA,NA,NA,NA,NA,NA,NA,NA,NA,NA,NA,NA,NA,NA,NA,NA,NA,NA,NA,NA,NA,NA,NA,NA,NA,NA,NA,NA,NA,NA,0,0,0,NA,0,0,0.0611395844848929,0.09897648566521644
2323,7.896651285440366,0.022868203916049167,223.88000549999995,0.6794487057050919,0.01876535983341573,-0.0041388208925279436,1.0845880818074537e-4,102.43168373474883,G02323,89.38237076989238,32.65802517638217,10000,NA,NA,NA,NA,NA,NA,NA,NA,NA,NA,NA,NA,NA,NA,NA,NA,NA,NA,NA,NA,NA,NA,NA,NA,NA,NA,NA,NA,NA,NA,NA,NA,NA,NA,NA,NA,NA,NA,NA,NA,0,0,0,NA,0,0,0.0611395844848929,0.09897648566521644
2326,7.896651285440366,0.022868203916049167,223.88000549999995,0.6794487057050919,0.01876535983341573,-0.0041388208925279436,1.0845880818074537e-4,102.43168373474883,G02326,92.07731662225093,32.65802517638217,10000.000000000051,NA,NA,NA,NA,NA,NA,NA,NA,NA,NA,NA,NA,NA,NA,NA,NA,NA,NA,NA,NA,NA,NA,NA,NA,NA,NA,NA,NA,NA,NA,NA,NA,NA,NA,NA,NA,NA,NA,NA,NA,0,0,0,NA,0,0,0.0611395844848929,0.09897648566521644
2327,7.896651285440366,0.022868203916049167,223.88000549999995,0.6794487057050919,0.01876535983341573,-0.0041388208925279436,1.0845880818074537e-4,102.43168373474883,G02327,92.97563190637047,32.65802517638217,9999.999999999933,NA,NA,NA,NA,NA,NA,NA,NA,NA,NA,NA,NA,NA,NA,NA,NA,NA,NA,NA,NA,NA,NA,NA,NA,NA,NA,NA,NA,NA,NA,NA,NA,NA,NA,NA,NA,NA,NA,NA,NA,0,0,0,NA,0,0,0.0611395844848929,0.09897648566521644
2328,7.896651285440366,0.022868203916049167,223.88000549999995,0.6794487057050919,0.01876535983341573,-0.0041388208925279436,1.0845880818074537e-4,102.43168373474883,G02328,93.87394719048999,32.65802517638217,9999.999999999947,NA,NA,NA,NA,NA,NA,NA,NA,NA,NA,NA,NA,NA,NA,NA,NA,NA,NA,NA,NA,NA,NA,NA,NA,NA,NA,NA,NA,NA,NA,NA,NA,NA,NA,NA,NA,NA,NA,NA,NA,0,0,0,NA,0,0,0.0611395844848929,0.09897648566521644
2329,7.896651285440366,0.022868203916049167,223.88000549999995,0.6794487057050919,0.01876535983341573,-0.0041388208925279436,1.0845880818074537e-4,102.43168373474883,G02329,94.7722624746095,32.65802517638217,9999.999999999993,NA,NA,NA,NA,NA,NA,NA,NA,NA,NA,NA,NA,NA,NA,NA,NA,NA,NA,NA,NA,NA,NA,NA,NA,NA,NA,NA,NA,NA,NA,NA,NA,NA,NA,NA,NA,NA,NA,NA,NA,0,0,0,NA,0,0,0.0611395844848929,0.09897648566521644
2330,7.896651285440366,0.022868203916049167,223.88000549999995,0.6794487057050919,0.01876535983341573,-0.0041388208925279436,1.0845880818074537e-4,102.43168373474883,G02330,95.67057775872902,32.65802517638217,10000,NA,NA,NA,NA,NA,NA,NA,NA,NA,NA,NA,NA,NA,NA,NA,NA,NA,NA,NA,NA,NA,NA,NA,NA,NA,NA,NA,NA,NA,NA,NA,NA,NA,NA,NA,NA,NA,NA,NA,NA,0,0,0,NA,0,0,0.0611395844848929,0.09897648566521644
2331,7.896651285440366,0.022868203916049167,223.88000549999995,0.6794487057050919,0.01876535983341573,-0.0041388208925279436,1.0845880818074537e-4,102.43168373474883,G02331,96.56889304284854,32.65802517638217,10000,NA,NA,NA,NA,NA,NA,NA,NA,NA,NA,NA,NA,NA,NA,NA,NA,NA,NA,NA,NA,NA,NA,NA,NA,NA,NA,NA,NA,NA,NA,NA,NA,NA,NA,NA,NA,NA,NA,NA,NA,0,0,0,NA,0,0,0.0611395844848929,0.09897648566521644
2332,7.896651285440366,0.022868203916049167,223.88000549999995,0.6794487057050919,0.01876535983341573,-0.0041388208925279436,1.0845880818074537e-4,102.43168373474883,G02332,97.46720832696808,32.65802517638217,9999.999999999987,NA,NA,NA,NA,NA,NA,NA,NA,NA,NA,NA,NA,NA,NA,NA,NA,NA,NA,NA,NA,NA,NA,NA,NA,NA,NA,NA,NA,NA,NA,NA,NA,NA,NA,NA,NA,NA,NA,NA,NA,0,0,0,NA,0,0,0.0611395844848929,0.09897648566521644
2333,7.896651285440366,0.022868203916049167,223.88000549999995,0.6794487057050919,0.01876535983341573,-0.0041388208925279436,1.0845880818074537e-4,102.43168373474883,G02333,98.3655236110876,32.65802517638217,10000.000000000013,NA,NA,NA,NA,NA,NA,NA,NA,NA,NA,NA,NA,NA,NA,NA,NA,NA,NA,NA,NA,NA,NA,NA,NA,NA,NA,NA,NA,NA,NA,NA,NA,NA,NA,NA,NA,NA,NA,NA,NA,0,0,0,NA,0,0,0.0611395844848929,0.09897648566521644
2334,7.896651285440366,0.022868203916049167,223.88000549999995,0.6794487057050919,0.01876535983341573,-0.0041388208925279436,1.0845880818074537e-4,102.43168373474883,G02334,99.26383889520712,32.65802517638217,10000.000000000051,NA,NA,NA,NA,NA,NA,NA,NA,NA,NA,NA,NA,NA,NA,NA,NA,NA,NA,NA,NA,NA,NA,NA,NA,NA,NA,NA,NA,NA,NA,NA,NA,NA,NA,NA,NA,NA,NA,NA,NA,0,0,0,NA,0,0,0.0611395844848929,0.09897648566521644
2335,7.896651285440366,0.022868203916049167,223.88000549999995,0.6794487057050919,0.01876535983341573,-0.0041388208925279436,1.0845880818074537e-4,102.43168373474883,G02335,100.16215417932663,32.65802517638217,10000.000000000027,NA,NA,NA,NA,NA,NA,NA,NA,NA,NA,NA,NA,NA,NA,NA,NA,NA,NA,NA,NA,NA,NA,NA,NA,NA,NA,NA,NA,NA,NA,NA,NA,NA,NA,NA,NA,NA,NA,NA,NA,0,0,0,NA,0,0,0.0611395844848929,0.09897648566521644
2336,7.896651285440366,0.022868203916049167,223.88000549999995,0.6794487057050919,0.01876535983341573,-0.0041388208925279436,1.0845880818074537e-4,102.43168373474883,G02336,101.06046946344617,32.65802517638217,10000,NA,NA,NA,NA,NA,NA,NA,NA,NA,NA,NA,NA,NA,NA,NA,NA,NA,NA,NA,NA,NA,NA,NA,NA,NA,NA,NA,NA,NA,NA,NA,NA,NA,NA,NA,NA,NA,NA,NA,NA,0,0,0,NA,0,0,0.0611395844848929,0.09897648566521644
2337,7.896651285440366,0.022868203916049167,223.88000549999995,0.6794487057050919,0.01876535983341573,-0.0041388208925279436,1.0845880818074537e-4,102.43168373474883,G02337,101.95878474756569,32.65802517638217,10000,NA,NA,NA,NA,NA,NA,NA,NA,NA,NA,NA,NA,NA,NA,NA,NA,NA,NA,NA,NA,NA,NA,NA,NA,NA,NA,NA,NA,NA,NA,NA,NA,NA,NA,NA,NA,NA,NA,NA,NA,0,0,0,NA,0,0,0.0611395844848929,0.09897648566521644
2338,7.896651285440366,0.022868203916049167,223.88000549999995,0.6794487057050919,0.01876535983341573,-0.0041388208925279436,1.0845880818074537e-4,102.43168373474883,G02338,102.8571000316852,32.65802517638217,10000,NA,NA,NA,NA,NA,NA,NA,NA,NA,NA,NA,NA,NA,NA,NA,NA,NA,NA,NA,NA,NA,NA,NA,NA,NA,NA,NA,NA,NA,NA,NA,NA,NA,NA,NA,NA,NA,NA,NA,NA,0,0,0,NA,0,0,0.0611395844848929,0.09897648566521644
2339,7.896651285440366,0.022868203916049167,223.88000549999995,0.6794487057050919,0.01876535983341573,-0.0041388208925279436,1.0845880818074537e-4,102.43168373474883,G02339,103.75541531580473,32.65802517638217,10000,NA,NA,NA,NA,NA,NA,NA,NA,NA,NA,NA,NA,NA,NA,NA,NA,NA,NA,NA,NA,NA,NA,NA,NA,NA,NA,NA,NA,NA,NA,NA,NA,NA,NA,NA,NA,NA,NA,NA,NA,0,0,0,NA,0,0,0.0611395844848929,0.09897648566521644
2340,7.896651285440366,0.022868203916049167,223.88000549999995,0.6794487057050919,0.01876535983341573,-0.0041388208925279436,1.0845880818074537e-4,102.43168373474883,G02340,104.65373059992424,32.65802517638217,10000.000000000025,NA,NA,NA,NA,NA,NA,NA,NA,NA,NA,NA,NA,NA,NA,NA,NA,NA,NA,NA,NA,NA,NA,NA,NA,NA,NA,NA,NA,NA,NA,NA,NA,NA,NA,NA,NA,NA,NA,NA,NA,0,0,0,NA,0,0,0.0611395844848929,0.09897648566521644
2341,7.896651285440366,0.022868203916049167,223.88000549999995,0.6794487057050919,0.01876535983341573,-0.0041388208925279436,1.0845880818074537e-4,102.43168373474883,G02341,105.55204588404378,32.65802517638217,9999.999999999976,NA,NA,NA,NA,NA,NA,NA,NA,NA,NA,NA,NA,NA,NA,NA,NA,NA,NA,NA,NA,NA,NA,NA,NA,NA,NA,NA,NA,NA,NA,NA,NA,NA,NA,NA,NA,NA,NA,NA,NA,0,0,0,NA,0,0,0.0611395844848929,0.09897648566521644
2342,7.896651285440366,0.022868203916049167,223.88000549999995,0.6794487057050919,0.01876535983341573,-0.0041388208925279436,1.0845880818074537e-4,102.43168373474883,G02342,106.45036116816328,32.65802517638217,10000.000000000044,NA,NA,NA,NA,NA,NA,NA,NA,NA,NA,NA,NA,NA,NA,NA,NA,NA,NA,NA,NA,NA,NA,NA,NA,NA,NA,NA,NA,NA,NA,NA,NA,NA,NA,NA,NA,NA,NA,NA,NA,0,0,0,NA,0,0,0.0611395844848929,0.09897648566521644
2343,7.896651285440366,0.022868203916049167,223.88000549999995,0.6794487057050919,0.01876535983341573,-0.0041388208925279436,1.0845880818074537e-4,102.43168373474883,G02343,107.34867645228282,32.65802517638217,9999.999999999969,NA,NA,NA,NA,NA,NA,NA,NA,NA,NA,NA,NA,NA,NA,NA,NA,NA,NA,NA,NA,NA,NA,NA,NA,NA,NA,NA,NA,NA,NA,NA,NA,NA,NA,NA,NA,NA,NA,NA,NA,0,0,0,NA,0,0,0.0611395844848929,0.09897648566521644
2344,7.896651285440366,0.022868203916049167,223.88000549999995,0.6794487057050919,0.01876535983341573,-0.0041388208925279436,1.0845880818074537e-4,102.43168373474883,G02344,108.24699173640234,32.65802517638217,10000,NA,NA,NA,NA,NA,NA,NA,NA,NA,NA,NA,NA,NA,NA,NA,NA,NA,NA,NA,NA,NA,NA,NA,NA,NA,NA,NA,NA,NA,NA,NA,NA,NA,NA,NA,NA,NA,NA,NA,NA,0,0,0,NA,0,0,0.0611395844848929,0.09897648566521644
2345,7.896651285440366,0.022868203916049167,223.88000549999995,0.6794487057050919,0.01876535983341573,-0.0041388208925279436,1.0845880818074537e-4,102.43168373474883,G02345,109.14530702052186,32.65802517638217,10000.000000000053,NA,NA,NA,NA,NA,NA,NA,NA,NA,NA,NA,NA,NA,NA,NA,NA,NA,NA,NA,NA,NA,NA,NA,NA,NA,NA,NA,NA,NA,NA,NA,NA,NA,NA,NA,NA,NA,NA,NA,NA,0,0,0,NA,0,0,0.0611395844848929,0.09897648566521644
2346,7.896651285440366,0.022868203916049167,223.88000549999995,0.6794487057050919,0.01876535983341573,-0.0041388208925279436,1.0845880818074537e-4,102.43168373474883,G02346,110.04362230464137,32.65802517638217,10000,NA,NA,NA,NA,NA,NA,NA,NA,NA,NA,NA,NA,NA,NA,NA,NA,NA,NA,NA,NA,NA,NA,NA,NA,NA,NA,NA,NA,NA,NA,NA,NA,NA,NA,NA,NA,NA,NA,NA,NA,0,0,0,NA,0,0,0.0611395844848929,0.09897648566521644
2347,7.896651285440366,0.022868203916049167,223.88000549999995,0.6794487057050919,0.01876535983341573,-0.0041388208925279436,1.0845880818074537e-4,102.43168373474883,G02347,110.9419375887609,32.65802517638217,9999.99999999994,NA,NA,NA,NA,NA,NA,NA,NA,NA,NA,NA,NA,NA,NA,NA,NA,NA,NA,NA,NA,NA,NA,NA,NA,NA,NA,NA,NA,NA,NA,NA,NA,NA,NA,NA,NA,NA,NA,NA,NA,0,0,0,NA,0,0,0.0611395844848929,0.09897648566521644
2348,7.896651285440366,0.022868203916049167,223.88000549999995,0.6794487057050919,0.01876535983341573,-0.0041388208925279436,1.0845880818074537e-4,102.43168373474883,G02348,111.84025287288041,32.65802517638218,9999.999999999973,NA,NA,NA,NA,NA,NA,NA,NA,NA,NA,NA,NA,NA,NA,NA,NA,NA,NA,NA,NA,NA,NA,NA,NA,NA,NA,NA,NA,NA,NA,NA,NA,NA,NA,NA,NA,NA,NA,NA,NA,0,0,0,NA,0,0,0.0611395844848929,0.09897648566521644
2349,7.896651285440366,0.022868203916049167,223.88000549999995,0.6794487057050919,0.01876535983341573,-0.0041388208925279436,1.0845880818074537e-4,102.43168373474883,G02349,112.73856815699993,32.65802517638218,10000.000000000005,NA,NA,NA,NA,NA,NA,NA,NA,NA,NA,NA,NA,NA,NA,NA,NA,NA,NA,NA,NA,NA,NA,NA,NA,NA,NA,NA,NA,NA,NA,NA,NA,NA,NA,NA,NA,NA,NA,NA,NA,0,0,0,NA,0,0,0.0611395844848929,0.09897648566521644
2350,7.896651285440366,0.022868203916049167,223.88000549999995,0.6794487057050919,0.01876535983341573,-0.0041388208925279436,1.0845880818074537e-4,102.43168373474883,G02350,113.63688344111945,32.65802517638217,10000,NA,NA,NA,NA,NA,NA,NA,NA,NA,NA,NA,NA,NA,NA,NA,NA,NA,NA,NA,NA,NA,NA,NA,NA,NA,NA,NA,NA,NA,NA,NA,NA,NA,NA,NA,NA,NA,NA,NA,NA,0,0,0,NA,0,0,0.0611395844848929,0.09897648566521644
2351,7.896651285440366,0.022868203916049167,223.88000549999995,0.6794487057050919,0.01876535983341573,-0.0041388208925279436,1.0845880818074537e-4,102.43168373474883,G02351,114.53519872523898,32.65802517638217,9999.999999999916,NA,NA,NA,NA,NA,NA,NA,NA,NA,NA,NA,NA,NA,NA,NA,NA,NA,NA,NA,NA,NA,NA,NA,NA,NA,NA,NA,NA,NA,NA,NA,NA,NA,NA,NA,NA,NA,NA,NA,NA,0,0,0,NA,0,0,0.0611395844848929,0.09897648566521644
2352,7.896651285440366,0.022868203916049167,223.88000549999995,0.6794487057050919,0.01876535983341573,-0.0041388208925279436,1.0845880818074537e-4,102.43168373474883,G02352,115.43351400935852,32.65802517638217,10000.000000000007,NA,NA,NA,NA,NA,NA,NA,NA,NA,NA,NA,NA,NA,NA,NA,NA,NA,NA,NA,NA,NA,NA,NA,NA,NA,NA,NA,NA,NA,NA,NA,NA,NA,NA,NA,NA,NA,NA,NA,NA,0,0,0,NA,0,0,0.0611395844848929,0.09897648566521644
2353,7.896651285440366,0.022868203916049167,223.88000549999995,0.6794487057050919,0.01876535983341573,-0.0041388208925279436,1.0845880818074537e-4,102.43168373474883,G02353,116.33182929347802,32.65802517638217,10000.000000000033,NA,NA,NA,NA,NA,NA,NA,NA,NA,NA,NA,NA,NA,NA,NA,NA,NA,NA,NA,NA,NA,NA,NA,NA,NA,NA,NA,NA,NA,NA,NA,NA,NA,NA,NA,NA,NA,NA,NA,NA,0,0,0,NA,0,0,0.0611395844848929,0.09897648566521644
2354,7.896651285440366,0.022868203916049167,223.88000549999995,0.6794487057050919,0.01876535983341573,-0.0041388208925279436,1.0845880818074537e-4,102.43168373474883,G02354,117.23014457759756,32.65802517638217,10000,NA,NA,NA,NA,NA,NA,NA,NA,NA,NA,NA,NA,NA,NA,NA,NA,NA,NA,NA,NA,NA,NA,NA,NA,NA,NA,NA,NA,NA,NA,NA,NA,NA,NA,NA,NA,NA,NA,NA,NA,0,0,0,NA,0,0,0.0611395844848929,0.09897648566521644
2355,7.896651285440354,0.022868203916050274,223.88000549999995,0.6794487057051084,0.01876535983341607,-0.004138820892527539,1.0845880818074346e-4,102.4316837347488,G02355,118.12845986171706,32.65802517638217,9999.999999999724,NA,NA,NA,NA,NA,NA,NA,NA,NA,NA,NA,NA,NA,NA,NA,NA,NA,NA,NA,NA,NA,NA,NA,NA,NA,NA,NA,NA,NA,NA,NA,NA,NA,NA,NA,NA,NA,NA,NA,NA,0,0,0,NA,0,0,0.06113958448489289,0.09897648566522285
2356,7.896651285440328,0.022868203916050808,223.88000549999995,0.6794487057051131,0.018765359833415714,-0.004138820892527191,1.0845880818080137e-4,102.43168373474879,G02356,119.02677514583655,32.65802517638217,9999.999999999654,NA,NA,NA,NA,NA,NA,NA,NA,NA,NA,NA,NA,NA,NA,NA,NA,NA,NA,NA,NA,NA,NA,NA,NA,NA,NA,NA,NA,NA,NA,NA,NA,NA,NA,NA,NA,NA,NA,NA,NA,0,0,0,NA,0,0,0.06113958448489285,0.09897648566521952
2357,7.896651285440366,0.022868203916049167,223.88000549999995,0.6794487057050919,0.01876535983341573,-0.0041388208925279436,1.0845880818074537e-4,102.43168373474883,G02357,119.9250904299561,32.65802517638217,10000,NA,NA,NA,NA,NA,NA,NA,NA,NA,NA,NA,NA,NA,NA,NA,NA,NA,NA,NA,NA,NA,NA,NA,NA,NA,NA,NA,NA,NA,NA,NA,NA,NA,NA,NA,NA,NA,NA,NA,NA,0,0,0,NA,0,0,0.0611395844848929,0.09897648566521644
2358,7.91455501143301,0.02280114777323975,223.82464660000005,0.6820652003988892,0.01882801719236719,-0.004082997127366452,1.0972400166301923e-4,102.50131744395075,G02358,120.70435844100741,32.60725580025657,6822.921501079922,NA,NA,NA,NA,NA,NA,NA,NA,NA,NA,NA,NA,NA,NA,NA,NA,NA,NA,NA,NA,NA,NA,NA,NA,NA,NA,NA,NA,NA,NA,NA,NA,NA,NA,NA,NA,NA,NA,NA,NA,0,0,0,NA,0,0,0.06117500908641922,0.09915092564301488
2359,8.003080341525175,0.02243625504093971,230.11151949999993,0.696007268533078,0.01915311547561903,-0.0037789028008533686,1.162093202318114e-4,102.8689631805741,G02359,121.31681376573829,32.34642978303424,179.71880298789094,NA,NA,NA,NA,NA,NA,NA,NA,NA,NA,NA,NA,NA,NA,NA,NA,NA,NA,NA,NA,NA,NA,NA,NA,NA,NA,NA,NA,NA,NA,NA,NA,NA,NA,NA,NA,NA,NA,NA,NA,0,0,0,NA,0,0,0.06132778976485036,0.10007368032080716
2384,8.139666245718587,0.0217461791560054,230.12808120000003,0.7221767302304448,0.019740307747455367,-0.003184181158587091,1.273560338065071e-4,103.53594962500802,G02384,79.50090264457765,31.898541665651084,10000,NA,NA,NA,NA,NA,NA,NA,NA,NA,NA,NA,NA,NA,NA,NA,NA,NA,NA,NA,NA,NA,NA,NA,NA,NA,NA,NA,NA,NA,NA,NA,NA,NA,NA,NA,NA,NA,NA,NA,NA,0,0,0,NA,0,0,0.0614697682220398,0.10173305627412615
2385,8.139666245718587,0.0217461791560054,230.12808120000003,0.7221767302304448,0.019740307747455367,-0.003184181158587091,1.273560338065071e-4,103.53594962500802,G02385,80.39921792869717,31.898541665651084,10000,NA,NA,NA,NA,NA,NA,NA,NA,NA,NA,NA,NA,NA,NA,NA,NA,NA,NA,NA,NA,NA,NA,NA,NA,NA,NA,NA,NA,NA,NA,NA,NA,NA,NA,NA,NA,NA,NA,NA,NA,0,0,0,NA,0,0,0.0614697682220398,0.10173305627412615
2386,8.139666245718587,0.0217461791560054,230.12808120000003,0.7221767302304448,0.019740307747455367,-0.003184181158587091,1.273560338065071e-4,103.53594962500802,G02386,81.29753321281669,31.898541665651084,10000,NA,NA,NA,NA,NA,NA,NA,NA,NA,NA,NA,NA,NA,NA,NA,NA,NA,NA,NA,NA,NA,NA,NA,NA,NA,NA,NA,NA,NA,NA,NA,NA,NA,NA,NA,NA,NA,NA,NA,NA,0,0,0,NA,0,0,0.0614697682220398,0.10173305627412615
2387,8.139666245718587,0.0217461791560054,230.12808120000003,0.7221767302304448,0.019740307747455367,-0.003184181158587091,1.273560338065071e-4,103.53594962500802,G02387,82.19584849693621,31.898541665651084,10000,NA,NA,NA,NA,NA,NA,NA,NA,NA,NA,NA,NA,NA,NA,NA,NA,NA,NA,NA,NA,NA,NA,NA,NA,NA,NA,NA,NA,NA,NA,NA,NA,NA,NA,NA,NA,NA,NA,NA,NA,0,0,0,NA,0,0,0.0614697682220398,0.10173305627412615
2390,8.139666245718587,0.0217461791560054,230.12808120000003,0.7221767302304448,0.019740307747455367,-0.003184181158587091,1.273560338065071e-4,103.53594962500802,G02390,84.89079434929477,31.898541665651084,10000,NA,NA,NA,NA,NA,NA,NA,NA,NA,NA,NA,NA,NA,NA,NA,NA,NA,NA,NA,NA,NA,NA,NA,NA,NA,NA,NA,NA,NA,NA,NA,NA,NA,NA,NA,NA,NA,NA,NA,NA,0,0,0,NA,0,0,0.0614697682220398,0.10173305627412615
2392,8.139666245718587,0.0217461791560054,230.12808120000003,0.7221767302304448,0.019740307747455367,-0.003184181158587091,1.273560338065071e-4,103.53594962500802,G02392,86.68742491753382,31.898541665651084,10000,NA,NA,NA,NA,NA,NA,NA,NA,NA,NA,NA,NA,NA,NA,NA,NA,NA,NA,NA,NA,NA,NA,NA,NA,NA,NA,NA,NA,NA,NA,NA,NA,NA,NA,NA,NA,NA,NA,NA,NA,0,0,0,NA,0,0,0.0614697682220398,0.10173305627412615
2393,8.139666245718587,0.0217461791560054,230.12808120000003,0.7221767302304448,0.019740307747455367,-0.003184181158587091,1.273560338065071e-4,103.53594962500802,G02393,87.58574020165334,31.898541665651084,10000,NA,NA,NA,NA,NA,NA,NA,NA,NA,NA,NA,NA,NA,NA,NA,NA,NA,NA,NA,NA,NA,NA,NA,NA,NA,NA,NA,NA,NA,NA,NA,NA,NA,NA,NA,NA,NA,NA,NA,NA,0,0,0,NA,0,0,0.0614697682220398,0.10173305627412615
2394,8.139666245718587,0.0217461791560054,230.12808120000003,0.7221767302304448,0.019740307747455367,-0.003184181158587091,1.273560338065071e-4,103.53594962500802,G02394,88.48405548577286,31.898541665651084,10000,NA,NA,NA,NA,NA,NA,NA,NA,NA,NA,NA,NA,NA,NA,NA,NA,NA,NA,NA,NA,NA,NA,NA,NA,NA,NA,NA,NA,NA,NA,NA,NA,NA,NA,NA,NA,NA,NA,NA,NA,0,0,0,NA,0,0,0.0614697682220398,0.10173305627412615
2395,8.139666245718587,0.0217461791560054,230.12808120000003,0.7221767302304448,0.019740307747455367,-0.003184181158587091,1.273560338065071e-4,103.53594962500802,G02395,89.38237076989238,31.898541665651084,10000,NA,NA,NA,NA,NA,NA,NA,NA,NA,NA,NA,NA,NA,NA,NA,NA,NA,NA,NA,NA,NA,NA,NA,NA,NA,NA,NA,NA,NA,NA,NA,NA,NA,NA,NA,NA,NA,NA,NA,NA,0,0,0,NA,0,0,0.0614697682220398,0.10173305627412615
2397,8.139666245718587,0.0217461791560054,230.12808120000003,0.7221767302304448,0.019740307747455367,-0.003184181158587091,1.273560338065071e-4,103.53594962500802,G02397,91.17900133813141,31.898541665651084,10000,NA,NA,NA,NA,NA,NA,NA,NA,NA,NA,NA,NA,NA,NA,NA,NA,NA,NA,NA,NA,NA,NA,NA,NA,NA,NA,NA,NA,NA,NA,NA,NA,NA,NA,NA,NA,NA,NA,NA,NA,0,0,0,NA,0,0,0.0614697682220398,0.10173305627412615
2398,8.139666245718587,0.0217461791560054,230.12808120000003,0.7221767302304448,0.019740307747455367,-0.003184181158587091,1.273560338065071e-4,103.53594962500802,G02398,92.07731662225093,31.898541665651084,10000,NA,NA,NA,NA,NA,NA,NA,NA,NA,NA,NA,NA,NA,NA,NA,NA,NA,NA,NA,NA,NA,NA,NA,NA,NA,NA,NA,NA,NA,NA,NA,NA,NA,NA,NA,NA,NA,NA,NA,NA,0,0,0,NA,0,0,0.0614697682220398,0.10173305627412615
2399,8.139666245718587,0.0217461791560054,230.12808120000003,0.7221767302304448,0.019740307747455367,-0.003184181158587091,1.273560338065071e-4,103.53594962500802,G02399,92.97563190637047,31.898541665651084,10000,NA,NA,NA,NA,NA,NA,NA,NA,NA,NA,NA,NA,NA,NA,NA,NA,NA,NA,NA,NA,NA,NA,NA,NA,NA,NA,NA,NA,NA,NA,NA,NA,NA,NA,NA,NA,NA,NA,NA,NA,0,0,0,NA,0,0,0.0614697682220398,0.10173305627412615
2400,8.139666245718587,0.0217461791560054,230.12808120000003,0.7221767302304448,0.019740307747455367,-0.003184181158587091,1.273560338065071e-4,103.53594962500802,G02400,93.87394719048999,31.898541665651084,10000,NA,NA,NA,NA,NA,NA,NA,NA,NA,NA,NA,NA,NA,NA,NA,NA,NA,NA,NA,NA,NA,NA,NA,NA,NA,NA,NA,NA,NA,NA,NA,NA,NA,NA,NA,NA,NA,NA,NA,NA,0,0,0,NA,0,0,0.0614697682220398,0.10173305627412615
2401,8.139666245718587,0.0217461791560054,230.12808120000003,0.7221767302304448,0.019740307747455367,-0.003184181158587091,1.273560338065071e-4,103.53594962500802,G02401,94.7722624746095,31.898541665651084,10000,NA,NA,NA,NA,NA,NA,NA,NA,NA,NA,NA,NA,NA,NA,NA,NA,NA,NA,NA,NA,NA,NA,NA,NA,NA,NA,NA,NA,NA,NA,NA,NA,NA,NA,NA,NA,NA,NA,NA,NA,0,0,0,NA,0,0,0.0614697682220398,0.10173305627412615
2402,8.139666245718587,0.0217461791560054,230.12808120000003,0.7221767302304448,0.019740307747455367,-0.003184181158587091,1.273560338065071e-4,103.53594962500802,G02402,95.67057775872901,31.89854166565107,9999.99999999995,NA,NA,NA,NA,NA,NA,NA,NA,NA,NA,NA,NA,NA,NA,NA,NA,NA,NA,NA,NA,NA,NA,NA,NA,NA,NA,NA,NA,NA,NA,NA,NA,NA,NA,NA,NA,NA,NA,NA,NA,0,0,0,NA,0,0,0.0614697682220398,0.10173305627412615
2403,8.139666245718587,0.0217461791560054,230.12808120000003,0.7221767302304448,0.019740307747455367,-0.003184181158587091,1.273560338065071e-4,103.53594962500802,G02403,96.56889304284854,31.898541665651084,9999.999999999993,NA,NA,NA,NA,NA,NA,NA,NA,NA,NA,NA,NA,NA,NA,NA,NA,NA,NA,NA,NA,NA,NA,NA,NA,NA,NA,NA,NA,NA,NA,NA,NA,NA,NA,NA,NA,NA,NA,NA,NA,0,0,0,NA,0,0,0.0614697682220398,0.10173305627412615
2404,8.139666245718587,0.0217461791560054,230.12808120000003,0.7221767302304448,0.019740307747455367,-0.003184181158587091,1.273560338065071e-4,103.53594962500802,G02404,97.46720832696808,31.898541665651084,10000,NA,NA,NA,NA,NA,NA,NA,NA,NA,NA,NA,NA,NA,NA,NA,NA,NA,NA,NA,NA,NA,NA,NA,NA,NA,NA,NA,NA,NA,NA,NA,NA,NA,NA,NA,NA,NA,NA,NA,NA,0,0,0,NA,0,0,0.0614697682220398,0.10173305627412615
2405,8.139666245718587,0.0217461791560054,230.12808120000003,0.7221767302304448,0.019740307747455367,-0.003184181158587091,1.273560338065071e-4,103.53594962500802,G02405,98.3655236110876,31.898541665651084,10000,NA,NA,NA,NA,NA,NA,NA,NA,NA,NA,NA,NA,NA,NA,NA,NA,NA,NA,NA,NA,NA,NA,NA,NA,NA,NA,NA,NA,NA,NA,NA,NA,NA,NA,NA,NA,NA,NA,NA,NA,0,0,0,NA,0,0,0.0614697682220398,0.10173305627412615
2406,8.139666245718587,0.0217461791560054,230.12808120000003,0.7221767302304448,0.019740307747455367,-0.003184181158587091,1.273560338065071e-4,103.53594962500802,G02406,99.26383889520712,31.898541665651084,10000,NA,NA,NA,NA,NA,NA,NA,NA,NA,NA,NA,NA,NA,NA,NA,NA,NA,NA,NA,NA,NA,NA,NA,NA,NA,NA,NA,NA,NA,NA,NA,NA,NA,NA,NA,NA,NA,NA,NA,NA,0,0,0,NA,0,0,0.0614697682220398,0.10173305627412615
2407,8.139666245718587,0.0217461791560054,230.12808120000003,0.7221767302304448,0.019740307747455367,-0.003184181158587091,1.273560338065071e-4,103.53594962500802,G02407,100.16215417932663,31.898541665651084,10000,NA,NA,NA,NA,NA,NA,NA,NA,NA,NA,NA,NA,NA,NA,NA,NA,NA,NA,NA,NA,NA,NA,NA,NA,NA,NA,NA,NA,NA,NA,NA,NA,NA,NA,NA,NA,NA,NA,NA,NA,0,0,0,NA,0,0,0.0614697682220398,0.10173305627412615
2408,8.139666245718587,0.0217461791560054,230.12808120000003,0.7221767302304448,0.019740307747455367,-0.003184181158587091,1.273560338065071e-4,103.53594962500802,G02408,101.06046946344617,31.898541665651084,10000,NA,NA,NA,NA,NA,NA,NA,NA,NA,NA,NA,NA,NA,NA,NA,NA,NA,NA,NA,NA,NA,NA,NA,NA,NA,NA,NA,NA,NA,NA,NA,NA,NA,NA,NA,NA,NA,NA,NA,NA,0,0,0,NA,0,0,0.0614697682220398,0.10173305627412615
2409,8.139666245718587,0.0217461791560054,230.12808120000003,0.7221767302304448,0.019740307747455367,-0.003184181158587091,1.273560338065071e-4,103.53594962500802,G02409,101.95878474756569,31.898541665651084,10000,NA,NA,NA,NA,NA,NA,NA,NA,NA,NA,NA,NA,NA,NA,NA,NA,NA,NA,NA,NA,NA,NA,NA,NA,NA,NA,NA,NA,NA,NA,NA,NA,NA,NA,NA,NA,NA,NA,NA,NA,0,0,0,NA,0,0,0.0614697682220398,0.10173305627412615
2410,8.139666245718587,0.0217461791560054,230.12808120000003,0.7221767302304448,0.019740307747455367,-0.003184181158587091,1.273560338065071e-4,103.53594962500802,G02410,102.8571000316852,31.898541665651084,10000,NA,NA,NA,NA,NA,NA,NA,NA,NA,NA,NA,NA,NA,NA,NA,NA,NA,NA,NA,NA,NA,NA,NA,NA,NA,NA,NA,NA,NA,NA,NA,NA,NA,NA,NA,NA,NA,NA,NA,NA,0,0,0,NA,0,0,0.0614697682220398,0.10173305627412615
2411,8.139666245718587,0.0217461791560054,230.12808120000003,0.7221767302304448,0.019740307747455367,-0.003184181158587091,1.273560338065071e-4,103.53594962500802,G02411,103.75541531580473,31.898541665651084,10000,NA,NA,NA,NA,NA,NA,NA,NA,NA,NA,NA,NA,NA,NA,NA,NA,NA,NA,NA,NA,NA,NA,NA,NA,NA,NA,NA,NA,NA,NA,NA,NA,NA,NA,NA,NA,NA,NA,NA,NA,0,0,0,NA,0,0,0.0614697682220398,0.10173305627412615
2412,8.139666245718587,0.0217461791560054,230.12808120000003,0.7221767302304448,0.019740307747455367,-0.003184181158587091,1.273560338065071e-4,103.53594962500802,G02412,104.65373059992424,31.898541665651084,10000,NA,NA,NA,NA,NA,NA,NA,NA,NA,NA,NA,NA,NA,NA,NA,NA,NA,NA,NA,NA,NA,NA,NA,NA,NA,NA,NA,NA,NA,NA,NA,NA,NA,NA,NA,NA,NA,NA,NA,NA,0,0,0,NA,0,0,0.0614697682220398,0.10173305627412615
2413,8.139666245718587,0.0217461791560054,230.12808120000003,0.7221767302304448,0.019740307747455367,-0.003184181158587091,1.273560338065071e-4,103.53594962500802,G02413,105.55204588404376,31.898541665651084,10000,NA,NA,NA,NA,NA,NA,NA,NA,NA,NA,NA,NA,NA,NA,NA,NA,NA,NA,NA,NA,NA,NA,NA,NA,NA,NA,NA,NA,NA,NA,NA,NA,NA,NA,NA,NA,NA,NA,NA,NA,0,0,0,NA,0,0,0.0614697682220398,0.10173305627412615
2414,8.139666245718587,0.0217461791560054,230.12808120000003,0.7221767302304448,0.019740307747455367,-0.003184181158587091,1.273560338065071e-4,103.53594962500802,G02414,106.45036116816328,31.898541665651084,10000,NA,NA,NA,NA,NA,NA,NA,NA,NA,NA,NA,NA,NA,NA,NA,NA,NA,NA,NA,NA,NA,NA,NA,NA,NA,NA,NA,NA,NA,NA,NA,NA,NA,NA,NA,NA,NA,NA,NA,NA,0,0,0,NA,0,0,0.0614697682220398,0.10173305627412615
2415,8.139666245718587,0.0217461791560054,230.12808120000003,0.7221767302304448,0.019740307747455367,-0.003184181158587091,1.273560338065071e-4,103.53594962500802,G02415,107.34867645228282,31.898541665651084,10000,NA,NA,NA,NA,NA,NA,NA,NA,NA,NA,NA,NA,NA,NA,NA,NA,NA,NA,NA,NA,NA,NA,NA,NA,NA,NA,NA,NA,NA,NA,NA,NA,NA,NA,NA,NA,NA,NA,NA,NA,0,0,0,NA,0,0,0.0614697682220398,0.10173305627412615
2416,8.139666245718587,0.0217461791560054,230.12808120000003,0.7221767302304448,0.019740307747455367,-0.003184181158587091,1.273560338065071e-4,103.53594962500802,G02416,108.24699173640234,31.898541665651084,10000.000000000005,NA,NA,NA,NA,NA,NA,NA,NA,NA,NA,NA,NA,NA,NA,NA,NA,NA,NA,NA,NA,NA,NA,NA,NA,NA,NA,NA,NA,NA,NA,NA,NA,NA,NA,NA,NA,NA,NA,NA,NA,0,0,0,NA,0,0,0.0614697682220398,0.10173305627412615
2417,8.139666245718587,0.0217461791560054,230.12808120000003,0.7221767302304448,0.019740307747455367,-0.003184181158587091,1.273560338065071e-4,103.53594962500802,G02417,109.14530702052187,31.898541665651095,10000.000000000033,NA,NA,NA,NA,NA,NA,NA,NA,NA,NA,NA,NA,NA,NA,NA,NA,NA,NA,NA,NA,NA,NA,NA,NA,NA,NA,NA,NA,NA,NA,NA,NA,NA,NA,NA,NA,NA,NA,NA,NA,0,0,0,NA,0,0,0.0614697682220398,0.10173305627412615
2418,8.139666245718587,0.0217461791560054,230.12808120000003,0.7221767302304448,0.019740307747455367,-0.003184181158587091,1.273560338065071e-4,103.53594962500802,G02418,110.04362230464137,31.898541665651084,9999.999999999756,NA,NA,NA,NA,NA,NA,NA,NA,NA,NA,NA,NA,NA,NA,NA,NA,NA,NA,NA,NA,NA,NA,NA,NA,NA,NA,NA,NA,NA,NA,NA,NA,NA,NA,NA,NA,NA,NA,NA,NA,0,0,0,NA,0,0,0.0614697682220398,0.10173305627412615
2419,8.139666245718587,0.0217461791560054,230.12808120000003,0.7221767302304448,0.019740307747455367,-0.003184181158587091,1.273560338065071e-4,103.53594962500802,G02419,110.9419375887609,31.898541665651084,10000,NA,NA,NA,NA,NA,NA,NA,NA,NA,NA,NA,NA,NA,NA,NA,NA,NA,NA,NA,NA,NA,NA,NA,NA,NA,NA,NA,NA,NA,NA,NA,NA,NA,NA,NA,NA,NA,NA,NA,NA,0,0,0,NA,0,0,0.0614697682220398,0.10173305627412615
2420,8.139666245718587,0.0217461791560054,230.12808120000003,0.7221767302304448,0.019740307747455367,-0.003184181158587091,1.273560338065071e-4,103.53594962500802,G02420,111.84025287288041,31.898541665651084,10000,NA,NA,NA,NA,NA,NA,NA,NA,NA,NA,NA,NA,NA,NA,NA,NA,NA,NA,NA,NA,NA,NA,NA,NA,NA,NA,NA,NA,NA,NA,NA,NA,NA,NA,NA,NA,NA,NA,NA,NA,0,0,0,NA,0,0,0.0614697682220398,0.10173305627412615
2421,8.139666245718587,0.0217461791560054,230.12808120000003,0.7221767302304448,0.019740307747455367,-0.003184181158587091,1.273560338065071e-4,103.53594962500802,G02421,112.73856815699993,31.898541665651084,10000,NA,NA,NA,NA,NA,NA,NA,NA,NA,NA,NA,NA,NA,NA,NA,NA,NA,NA,NA,NA,NA,NA,NA,NA,NA,NA,NA,NA,NA,NA,NA,NA,NA,NA,NA,NA,NA,NA,NA,NA,0,0,0,NA,0,0,0.0614697682220398,0.10173305627412615
2422,8.139666245718587,0.0217461791560054,230.12808120000003,0.7221767302304448,0.019740307747455367,-0.003184181158587091,1.273560338065071e-4,103.53594962500802,G02422,113.63688344111945,31.898541665651084,9999.999999999975,NA,NA,NA,NA,NA,NA,NA,NA,NA,NA,NA,NA,NA,NA,NA,NA,NA,NA,NA,NA,NA,NA,NA,NA,NA,NA,NA,NA,NA,NA,NA,NA,NA,NA,NA,NA,NA,NA,NA,NA,0,0,0,NA,0,0,0.0614697682220398,0.10173305627412615
2423,8.139666245718587,0.0217461791560054,230.12808120000003,0.7221767302304448,0.019740307747455367,-0.003184181158587091,1.273560338065071e-4,103.53594962500802,G02423,114.53519872523898,31.898541665651084,10000,NA,NA,NA,NA,NA,NA,NA,NA,NA,NA,NA,NA,NA,NA,NA,NA,NA,NA,NA,NA,NA,NA,NA,NA,NA,NA,NA,NA,NA,NA,NA,NA,NA,NA,NA,NA,NA,NA,NA,NA,0,0,0,NA,0,0,0.0614697682220398,0.10173305627412615
2424,8.139666245718587,0.0217461791560054,230.12808120000003,0.7221767302304448,0.019740307747455367,-0.003184181158587091,1.273560338065071e-4,103.53594962500802,G02424,115.43351400935852,31.898541665651084,10000.000000000062,NA,NA,NA,NA,NA,NA,NA,NA,NA,NA,NA,NA,NA,NA,NA,NA,NA,NA,NA,NA,NA,NA,NA,NA,NA,NA,NA,NA,NA,NA,NA,NA,NA,NA,NA,NA,NA,NA,NA,NA,0,0,0,NA,0,0,0.0614697682220398,0.10173305627412615
2425,8.139666245718587,0.0217461791560054,230.12808120000003,0.7221767302304448,0.019740307747455367,-0.003184181158587091,1.273560338065071e-4,103.53594962500802,G02425,116.33182929347802,31.898541665651084,9999.999999999949,NA,NA,NA,NA,NA,NA,NA,NA,NA,NA,NA,NA,NA,NA,NA,NA,NA,NA,NA,NA,NA,NA,NA,NA,NA,NA,NA,NA,NA,NA,NA,NA,NA,NA,NA,NA,NA,NA,NA,NA,0,0,0,NA,0,0,0.0614697682220398,0.10173305627412615
2426,8.139666245718587,0.0217461791560054,230.12808120000003,0.7221767302304448,0.019740307747455367,-0.003184181158587091,1.273560338065071e-4,103.53594962500802,G02426,117.23014457759756,31.898541665651084,10000,NA,NA,NA,NA,NA,NA,NA,NA,NA,NA,NA,NA,NA,NA,NA,NA,NA,NA,NA,NA,NA,NA,NA,NA,NA,NA,NA,NA,NA,NA,NA,NA,NA,NA,NA,NA,NA,NA,NA,NA,0,0,0,NA,0,0,0.0614697682220398,0.10173305627412615
2427,8.139666245718587,0.0217461791560054,230.12808120000003,0.7221767302304448,0.019740307747455367,-0.003184181158587091,1.273560338065071e-4,103.53594962500802,G02427,118.12845986171706,31.898541665651095,9999.999999999853,NA,NA,NA,NA,NA,NA,NA,NA,NA,NA,NA,NA,NA,NA,NA,NA,NA,NA,NA,NA,NA,NA,NA,NA,NA,NA,NA,NA,NA,NA,NA,NA,NA,NA,NA,NA,NA,NA,NA,NA,0,0,0,NA,0,0,0.0614697682220398,0.10173305627412615
2428,8.139666245718587,0.0217461791560054,230.12808120000003,0.7221767302304448,0.019740307747455367,-0.003184181158587091,1.273560338065071e-4,103.53594962500802,G02428,119.02677514583665,31.89854166565111,9999.999999999742,NA,NA,NA,NA,NA,NA,NA,NA,NA,NA,NA,NA,NA,NA,NA,NA,NA,NA,NA,NA,NA,NA,NA,NA,NA,NA,NA,NA,NA,NA,NA,NA,NA,NA,NA,NA,NA,NA,NA,NA,0,0,0,NA,0,0,0.0614697682220398,0.10173305627412615
2429,8.139780571964025,0.02174552457598848,230.12808120000003,0.7222019536404723,0.01974086704999767,-0.003183596186469409,1.2736621441897093e-4,103.5365748643535,G02429,119.92239368993879,31.898134324632665,9934.472730764826,NA,NA,NA,NA,NA,NA,NA,NA,NA,NA,NA,NA,NA,NA,NA,NA,NA,NA,NA,NA,NA,NA,NA,NA,NA,NA,NA,NA,NA,NA,NA,NA,NA,NA,NA,NA,NA,NA,NA,NA,0,0,0,NA,0,0,0.061469825531148145,0.10173459328779431
2430,8.137153970431793,0.021760526376799004,229.28752540000013,0.7216242020322777,0.019728054667369117,-0.003196990405037424,1.271327767437184e-4,103.52224440493501,G02430,120.81254974467387,31.907475722745293,8593.10766617168,NA,NA,NA,NA,NA,NA,NA,NA,NA,NA,NA,NA,NA,NA,NA,NA,NA,NA,NA,NA,NA,NA,NA,NA,NA,NA,NA,NA,NA,NA,NA,NA,NA,NA,NA,NA,NA,NA,NA,NA,0,0,0,NA,0,0,0.06146847779648963,0.10169935405849877
2431,8.153149544637163,0.021667952347219036,233.24586920000004,0.7252007054423256,0.019807328931716245,-0.003113917393754366,1.285696452171146e-4,103.61064756895921,G02431,121.53361644034085,31.85001904436322,3843.433029202049,NA,NA,NA,NA,NA,NA,NA,NA,NA,NA,NA,NA,NA,NA,NA,NA,NA,NA,NA,NA,NA,NA,NA,NA,NA,NA,NA,NA,NA,NA,NA,NA,NA,NA,NA,NA,NA,NA,NA,NA,0,0,0,NA,0,0,0.06147565612571905,0.10191636919924371
2456,8.292705048381713,0.02070368886000154,238.08132379999998,0.7649464491004825,0.020692321512056765,-0.002171204998039917,1.434270248646061e-4,104.54235936538568,G02456,79.52423379981482,31.264574138769824,6483.553387060723,NA,NA,NA,NA,NA,NA,NA,NA,NA,NA,NA,NA,NA,NA,NA,NA,NA,NA,NA,NA,NA,NA,NA,NA,NA,NA,NA,NA,NA,NA,NA,NA,NA,NA,NA,NA,NA,NA,NA,NA,0,0,0,NA,0,0,0.06139473543885791,0.10413684883797492
2457,8.317581053644378,0.020489392646112273,248.9596149999999,0.7746817794235872,0.020912666825588438,-0.0019363585886551622,1.4682042043555983e-4,104.75659436742451,G02457,80.40065383417712,31.133888451447145,9967.02971540569,NA,NA,NA,NA,NA,NA,NA,NA,NA,NA,NA,NA,NA,NA,NA,NA,NA,NA,NA,NA,NA,NA,NA,NA,NA,NA,NA,NA,NA,NA,NA,NA,NA,NA,NA,NA,NA,NA,NA,NA,0,0,0,NA,0,0,0.061337831187298734,0.10462649430301144
2458,8.317788894119861,0.0204875203753867,248.9596149999999,0.7747687560848396,0.020914644368560175,-0.0019342552735622776,1.4685039770640212e-4,104.75848469508544,G02458,81.29753321281669,31.132740120149325,10000,NA,NA,NA,NA,NA,NA,NA,NA,NA,NA,NA,NA,NA,NA,NA,NA,NA,NA,NA,NA,NA,NA,NA,NA,NA,NA,NA,NA,NA,NA,NA,NA,NA,NA,NA,NA,NA,NA,NA,NA,0,0,0,NA,0,0,0.061337268031703904,0.10463077439253021
2459,8.317788894119861,0.0204875203753867,248.9596149999999,0.7747687560848396,0.020914644368560175,-0.0019342552735622776,1.4685039770640212e-4,104.75848469508544,G02459,82.19584849693621,31.132740120149325,10000,NA,NA,NA,NA,NA,NA,NA,NA,NA,NA,NA,NA,NA,NA,NA,NA,NA,NA,NA,NA,NA,NA,NA,NA,NA,NA,NA,NA,NA,NA,NA,NA,NA,NA,NA,NA,NA,NA,NA,NA,0,0,0,NA,0,0,0.061337268031703904,0.10463077439253021
2460,8.317788894119861,0.0204875203753867,248.9596149999999,0.7747687560848396,0.020914644368560175,-0.0019342552735622776,1.4685039770640212e-4,104.75848469508544,G02460,83.09416378105573,31.132740120149325,10000,NA,NA,NA,NA,NA,NA,NA,NA,NA,NA,NA,NA,NA,NA,NA,NA,NA,NA,NA,NA,NA,NA,NA,NA,NA,NA,NA,NA,NA,NA,NA,NA,NA,NA,NA,NA,NA,NA,NA,NA,0,0,0,NA,0,0,0.061337268031703904,0.10463077439253021
2461,8.317788894119861,0.0204875203753867,248.9596149999999,0.7747687560848396,0.020914644368560175,-0.0019342552735622776,1.4685039770640212e-4,104.75848469508544,G02461,83.99247906517525,31.132740120149325,10000,NA,NA,NA,NA,NA,NA,NA,NA,NA,NA,NA,NA,NA,NA,NA,NA,NA,NA,NA,NA,NA,NA,NA,NA,NA,NA,NA,NA,NA,NA,NA,NA,NA,NA,NA,NA,NA,NA,NA,NA,0,0,0,NA,0,0,0.061337268031703904,0.10463077439253021
2462,8.317788894119861,0.0204875203753867,248.9596149999999,0.7747687560848396,0.020914644368560175,-0.0019342552735622776,1.4685039770640212e-4,104.75848469508544,G02462,84.89079434929477,31.132740120149325,10000,NA,NA,NA,NA,NA,NA,NA,NA,NA,NA,NA,NA,NA,NA,NA,NA,NA,NA,NA,NA,NA,NA,NA,NA,NA,NA,NA,NA,NA,NA,NA,NA,NA,NA,NA,NA,NA,NA,NA,NA,0,0,0,NA,0,0,0.061337268031703904,0.10463077439253021
2463,8.317788894119861,0.0204875203753867,248.9596149999999,0.7747687560848396,0.020914644368560175,-0.0019342552735622776,1.4685039770640212e-4,104.75848469508544,G02463,85.7891096334143,31.132740120149325,10000,NA,NA,NA,NA,NA,NA,NA,NA,NA,NA,NA,NA,NA,NA,NA,NA,NA,NA,NA,NA,NA,NA,NA,NA,NA,NA,NA,NA,NA,NA,NA,NA,NA,NA,NA,NA,NA,NA,NA,NA,0,0,0,NA,0,0,0.061337268031703904,0.10463077439253021
2464,8.317788894119861,0.0204875203753867,248.9596149999999,0.7747687560848396,0.020914644368560175,-0.0019342552735622776,1.4685039770640212e-4,104.75848469508544,G02464,86.68742491753382,31.132740120149325,10000,NA,NA,NA,NA,NA,NA,NA,NA,NA,NA,NA,NA,NA,NA,NA,NA,NA,NA,NA,NA,NA,NA,NA,NA,NA,NA,NA,NA,NA,NA,NA,NA,NA,NA,NA,NA,NA,NA,NA,NA,0,0,0,NA,0,0,0.061337268031703904,0.10463077439253021
2466,8.317788894119861,0.0204875203753867,248.9596149999999,0.7747687560848396,0.020914644368560175,-0.0019342552735622776,1.4685039770640212e-4,104.75848469508544,G02466,88.48405548577286,31.132740120149325,10000,NA,NA,NA,NA,NA,NA,NA,NA,NA,NA,NA,NA,NA,NA,NA,NA,NA,NA,NA,NA,NA,NA,NA,NA,NA,NA,NA,NA,NA,NA,NA,NA,NA,NA,NA,NA,NA,NA,NA,NA,0,0,0,NA,0,0,0.061337268031703904,0.10463077439253021
2468,8.317788894119861,0.0204875203753867,248.9596149999999,0.7747687560848396,0.020914644368560175,-0.0019342552735622776,1.4685039770640212e-4,104.75848469508544,G02468,90.2806860540119,31.132740120149325,10000,NA,NA,NA,NA,NA,NA,NA,NA,NA,NA,NA,NA,NA,NA,NA,NA,NA,NA,NA,NA,NA,NA,NA,NA,NA,NA,NA,NA,NA,NA,NA,NA,NA,NA,NA,NA,NA,NA,NA,NA,0,0,0,NA,0,0,0.061337268031703904,0.10463077439253021
2469,8.317788894119861,0.0204875203753867,248.9596149999999,0.7747687560848396,0.020914644368560175,-0.0019342552735622776,1.4685039770640212e-4,104.75848469508544,G02469,91.17900133813141,31.132740120149325,10000,NA,NA,NA,NA,NA,NA,NA,NA,NA,NA,NA,NA,NA,NA,NA,NA,NA,NA,NA,NA,NA,NA,NA,NA,NA,NA,NA,NA,NA,NA,NA,NA,NA,NA,NA,NA,NA,NA,NA,NA,0,0,0,NA,0,0,0.061337268031703904,0.10463077439253021
2470,8.317788894119861,0.0204875203753867,248.9596149999999,0.7747687560848396,0.020914644368560175,-0.0019342552735622776,1.4685039770640212e-4,104.75848469508544,G02470,92.07731662225093,31.132740120149325,10000,NA,NA,NA,NA,NA,NA,NA,NA,NA,NA,NA,NA,NA,NA,NA,NA,NA,NA,NA,NA,NA,NA,NA,NA,NA,NA,NA,NA,NA,NA,NA,NA,NA,NA,NA,NA,NA,NA,NA,NA,0,0,0,NA,0,0,0.061337268031703904,0.10463077439253021
2471,8.317788894119861,0.0204875203753867,248.9596149999999,0.7747687560848396,0.020914644368560175,-0.0019342552735622776,1.4685039770640212e-4,104.75848469508544,G02471,92.97563190637047,31.132740120149325,10000,NA,NA,NA,NA,NA,NA,NA,NA,NA,NA,NA,NA,NA,NA,NA,NA,NA,NA,NA,NA,NA,NA,NA,NA,NA,NA,NA,NA,NA,NA,NA,NA,NA,NA,NA,NA,NA,NA,NA,NA,0,0,0,NA,0,0,0.061337268031703904,0.10463077439253021
2472,8.317788894119861,0.0204875203753867,248.9596149999999,0.7747687560848396,0.020914644368560175,-0.0019342552735622776,1.4685039770640212e-4,104.75848469508544,G02472,93.87394719048999,31.132740120149325,10000,NA,NA,NA,NA,NA,NA,NA,NA,NA,NA,NA,NA,NA,NA,NA,NA,NA,NA,NA,NA,NA,NA,NA,NA,NA,NA,NA,NA,NA,NA,NA,NA,NA,NA,NA,NA,NA,NA,NA,NA,0,0,0,NA,0,0,0.061337268031703904,0.10463077439253021
2473,8.317788894119861,0.0204875203753867,248.9596149999999,0.7747687560848396,0.020914644368560175,-0.0019342552735622776,1.4685039770640212e-4,104.75848469508544,G02473,94.7722624746095,31.132740120149325,10000,NA,NA,NA,NA,NA,NA,NA,NA,NA,NA,NA,NA,NA,NA,NA,NA,NA,NA,NA,NA,NA,NA,NA,NA,NA,NA,NA,NA,NA,NA,NA,NA,NA,NA,NA,NA,NA,NA,NA,NA,0,0,0,NA,0,0,0.061337268031703904,0.10463077439253021
2474,8.317788894119861,0.0204875203753867,248.9596149999999,0.7747687560848396,0.020914644368560175,-0.0019342552735622776,1.4685039770640212e-4,104.75848469508544,G02474,95.67057775872902,31.132740120149325,10000,NA,NA,NA,NA,NA,NA,NA,NA,NA,NA,NA,NA,NA,NA,NA,NA,NA,NA,NA,NA,NA,NA,NA,NA,NA,NA,NA,NA,NA,NA,NA,NA,NA,NA,NA,NA,NA,NA,NA,NA,0,0,0,NA,0,0,0.061337268031703904,0.10463077439253021
2475,8.317788894119861,0.0204875203753867,248.9596149999999,0.7747687560848396,0.020914644368560175,-0.0019342552735622776,1.4685039770640212e-4,104.75848469508544,G02475,96.56889304284854,31.132740120149325,10000,NA,NA,NA,NA,NA,NA,NA,NA,NA,NA,NA,NA,NA,NA,NA,NA,NA,NA,NA,NA,NA,NA,NA,NA,NA,NA,NA,NA,NA,NA,NA,NA,NA,NA,NA,NA,NA,NA,NA,NA,0,0,0,NA,0,0,0.061337268031703904,0.10463077439253021
2476,8.317788894119861,0.0204875203753867,248.9596149999999,0.7747687560848396,0.020914644368560175,-0.0019342552735622776,1.4685039770640212e-4,104.75848469508544,G02476,97.46720832696808,31.132740120149325,10000,NA,NA,NA,NA,NA,NA,NA,NA,NA,NA,NA,NA,NA,NA,NA,NA,NA,NA,NA,NA,NA,NA,NA,NA,NA,NA,NA,NA,NA,NA,NA,NA,NA,NA,NA,NA,NA,NA,NA,NA,0,0,0,NA,0,0,0.061337268031703904,0.10463077439253021
2477,8.317788894119861,0.0204875203753867,248.9596149999999,0.7747687560848396,0.020914644368560175,-0.0019342552735622776,1.4685039770640212e-4,104.75848469508544,G02477,98.3655236110876,31.132740120149325,9999.99999999995,NA,NA,NA,NA,NA,NA,NA,NA,NA,NA,NA,NA,NA,NA,NA,NA,NA,NA,NA,NA,NA,NA,NA,NA,NA,NA,NA,NA,NA,NA,NA,NA,NA,NA,NA,NA,NA,NA,NA,NA,0,0,0,NA,0,0,0.061337268031703904,0.10463077439253021
2478,8.317788894119861,0.0204875203753867,248.9596149999999,0.7747687560848396,0.020914644368560175,-0.0019342552735622776,1.4685039770640212e-4,104.75848469508544,G02478,99.26383889520712,31.132740120149325,10000,NA,NA,NA,NA,NA,NA,NA,NA,NA,NA,NA,NA,NA,NA,NA,NA,NA,NA,NA,NA,NA,NA,NA,NA,NA,NA,NA,NA,NA,NA,NA,NA,NA,NA,NA,NA,NA,NA,NA,NA,0,0,0,NA,0,0,0.061337268031703904,0.10463077439253021
2479,8.317788894119861,0.0204875203753867,248.9596149999999,0.7747687560848396,0.020914644368560175,-0.0019342552735622776,1.4685039770640212e-4,104.75848469508544,G02479,100.16215417932663,31.132740120149325,10000,NA,NA,NA,NA,NA,NA,NA,NA,NA,NA,NA,NA,NA,NA,NA,NA,NA,NA,NA,NA,NA,NA,NA,NA,NA,NA,NA,NA,NA,NA,NA,NA,NA,NA,NA,NA,NA,NA,NA,NA,0,0,0,NA,0,0,0.061337268031703904,0.10463077439253021
2480,8.317788894119861,0.0204875203753867,248.9596149999999,0.7747687560848396,0.020914644368560175,-0.0019342552735622776,1.4685039770640212e-4,104.75848469508544,G02480,101.06046946344617,31.132740120149325,10000,NA,NA,NA,NA,NA,NA,NA,NA,NA,NA,NA,NA,NA,NA,NA,NA,NA,NA,NA,NA,NA,NA,NA,NA,NA,NA,NA,NA,NA,NA,NA,NA,NA,NA,NA,NA,NA,NA,NA,NA,0,0,0,NA,0,0,0.061337268031703904,0.10463077439253021
2481,8.317788894119861,0.0204875203753867,248.9596149999999,0.7747687560848396,0.020914644368560175,-0.0019342552735622776,1.4685039770640212e-4,104.75848469508544,G02481,101.95878474756569,31.132740120149325,10000,NA,NA,NA,NA,NA,NA,NA,NA,NA,NA,NA,NA,NA,NA,NA,NA,NA,NA,NA,NA,NA,NA,NA,NA,NA,NA,NA,NA,NA,NA,NA,NA,NA,NA,NA,NA,NA,NA,NA,NA,0,0,0,NA,0,0,0.061337268031703904,0.10463077439253021
2482,8.317788894119861,0.0204875203753867,248.9596149999999,0.7747687560848396,0.020914644368560175,-0.0019342552735622776,1.4685039770640212e-4,104.75848469508544,G02482,102.8571000316852,31.132740120149325,10000,NA,NA,NA,NA,NA,NA,NA,NA,NA,NA,NA,NA,NA,NA,NA,NA,NA,NA,NA,NA,NA,NA,NA,NA,NA,NA,NA,NA,NA,NA,NA,NA,NA,NA,NA,NA,NA,NA,NA,NA,0,0,0,NA,0,0,0.061337268031703904,0.10463077439253021
2483,8.317788894119861,0.0204875203753867,248.9596149999999,0.7747687560848396,0.020914644368560175,-0.0019342552735622776,1.4685039770640212e-4,104.75848469508544,G02483,103.75541531580473,31.132740120149325,10000,NA,NA,NA,NA,NA,NA,NA,NA,NA,NA,NA,NA,NA,NA,NA,NA,NA,NA,NA,NA,NA,NA,NA,NA,NA,NA,NA,NA,NA,NA,NA,NA,NA,NA,NA,NA,NA,NA,NA,NA,0,0,0,NA,0,0,0.061337268031703904,0.10463077439253021
2484,8.317788894119861,0.0204875203753867,248.9596149999999,0.7747687560848396,0.020914644368560175,-0.0019342552735622776,1.4685039770640212e-4,104.75848469508544,G02484,104.65373059992424,31.132740120149325,10000,NA,NA,NA,NA,NA,NA,NA,NA,NA,NA,NA,NA,NA,NA,NA,NA,NA,NA,NA,NA,NA,NA,NA,NA,NA,NA,NA,NA,NA,NA,NA,NA,NA,NA,NA,NA,NA,NA,NA,NA,0,0,0,NA,0,0,0.061337268031703904,0.10463077439253021
2485,8.317788894119861,0.0204875203753867,248.9596149999999,0.7747687560848396,0.020914644368560175,-0.0019342552735622776,1.4685039770640212e-4,104.75848469508544,G02485,105.55204588404376,31.132740120149325,10000,NA,NA,NA,NA,NA,NA,NA,NA,NA,NA,NA,NA,NA,NA,NA,NA,NA,NA,NA,NA,NA,NA,NA,NA,NA,NA,NA,NA,NA,NA,NA,NA,NA,NA,NA,NA,NA,NA,NA,NA,0,0,0,NA,0,0,0.061337268031703904,0.10463077439253021
2486,8.317788894119861,0.0204875203753867,248.9596149999999,0.7747687560848396,0.020914644368560175,-0.0019342552735622776,1.4685039770640212e-4,104.75848469508544,G02486,106.45036116816328,31.132740120149325,10000,NA,NA,NA,NA,NA,NA,NA,NA,NA,NA,NA,NA,NA,NA,NA,NA,NA,NA,NA,NA,NA,NA,NA,NA,NA,NA,NA,NA,NA,NA,NA,NA,NA,NA,NA,NA,NA,NA,NA,NA,0,0,0,NA,0,0,0.061337268031703904,0.10463077439253021
2487,8.317788894119861,0.0204875203753867,248.9596149999999,0.7747687560848396,0.020914644368560175,-0.0019342552735622776,1.4685039770640212e-4,104.75848469508544,G02487,107.34867645228282,31.132740120149325,10000.000000000022,NA,NA,NA,NA,NA,NA,NA,NA,NA,NA,NA,NA,NA,NA,NA,NA,NA,NA,NA,NA,NA,NA,NA,NA,NA,NA,NA,NA,NA,NA,NA,NA,NA,NA,NA,NA,NA,NA,NA,NA,0,0,0,NA,0,0,0.061337268031703904,0.10463077439253021
2488,8.317788894119861,0.0204875203753867,248.9596149999999,0.7747687560848396,0.020914644368560175,-0.0019342552735622776,1.4685039770640212e-4,104.75848469508544,G02488,108.24699173640234,31.132740120149325,10000,NA,NA,NA,NA,NA,NA,NA,NA,NA,NA,NA,NA,NA,NA,NA,NA,NA,NA,NA,NA,NA,NA,NA,NA,NA,NA,NA,NA,NA,NA,NA,NA,NA,NA,NA,NA,NA,NA,NA,NA,0,0,0,NA,0,0,0.061337268031703904,0.10463077439253021
2489,8.317788894119861,0.0204875203753867,248.9596149999999,0.7747687560848396,0.020914644368560175,-0.0019342552735622776,1.4685039770640212e-4,104.75848469508544,G02489,109.14530702052186,31.132740120149325,10000,NA,NA,NA,NA,NA,NA,NA,NA,NA,NA,NA,NA,NA,NA,NA,NA,NA,NA,NA,NA,NA,NA,NA,NA,NA,NA,NA,NA,NA,NA,NA,NA,NA,NA,NA,NA,NA,NA,NA,NA,0,0,0,NA,0,0,0.061337268031703904,0.10463077439253021
2490,8.317788894119861,0.0204875203753867,248.9596149999999,0.7747687560848396,0.020914644368560175,-0.0019342552735622776,1.4685039770640212e-4,104.75848469508544,G02490,110.04362230464137,31.132740120149325,10000,NA,NA,NA,NA,NA,NA,NA,NA,NA,NA,NA,NA,NA,NA,NA,NA,NA,NA,NA,NA,NA,NA,NA,NA,NA,NA,NA,NA,NA,NA,NA,NA,NA,NA,NA,NA,NA,NA,NA,NA,0,0,0,NA,0,0,0.061337268031703904,0.10463077439253021
2491,8.317788894119861,0.0204875203753867,248.9596149999999,0.7747687560848396,0.020914644368560175,-0.0019342552735622776,1.4685039770640212e-4,104.75848469508544,G02491,110.9419375887609,31.132740120149325,10000,NA,NA,NA,NA,NA,NA,NA,NA,NA,NA,NA,NA,NA,NA,NA,NA,NA,NA,NA,NA,NA,NA,NA,NA,NA,NA,NA,NA,NA,NA,NA,NA,NA,NA,NA,NA,NA,NA,NA,NA,0,0,0,NA,0,0,0.061337268031703904,0.10463077439253021
2492,8.317788894119861,0.0204875203753867,248.9596149999999,0.7747687560848396,0.020914644368560175,-0.0019342552735622776,1.4685039770640212e-4,104.75848469508544,G02492,111.84025287288041,31.132740120149325,10000,NA,NA,NA,NA,NA,NA,NA,NA,NA,NA,NA,NA,NA,NA,NA,NA,NA,NA,NA,NA,NA,NA,NA,NA,NA,NA,NA,NA,NA,NA,NA,NA,NA,NA,NA,NA,NA,NA,NA,NA,0,0,0,NA,0,0,0.061337268031703904,0.10463077439253021
2493,8.317788894119861,0.0204875203753867,248.9596149999999,0.7747687560848396,0.020914644368560175,-0.0019342552735622776,1.4685039770640212e-4,104.75848469508544,G02493,112.73856815699993,31.132740120149325,10000,NA,NA,NA,NA,NA,NA,NA,NA,NA,NA,NA,NA,NA,NA,NA,NA,NA,NA,NA,NA,NA,NA,NA,NA,NA,NA,NA,NA,NA,NA,NA,NA,NA,NA,NA,NA,NA,NA,NA,NA,0,0,0,NA,0,0,0.061337268031703904,0.10463077439253021
2494,8.317788894119861,0.0204875203753867,248.9596149999999,0.7747687560848396,0.020914644368560175,-0.0019342552735622776,1.4685039770640212e-4,104.75848469508544,G02494,113.63688344111945,31.132740120149325,10000,NA,NA,NA,NA,NA,NA,NA,NA,NA,NA,NA,NA,NA,NA,NA,NA,NA,NA,NA,NA,NA,NA,NA,NA,NA,NA,NA,NA,NA,NA,NA,NA,NA,NA,NA,NA,NA,NA,NA,NA,0,0,0,NA,0,0,0.061337268031703904,0.10463077439253021
2495,8.317788894119861,0.0204875203753867,248.9596149999999,0.7747687560848396,0.020914644368560175,-0.0019342552735622776,1.4685039770640212e-4,104.75848469508544,G02495,114.53519872523898,31.132740120149325,10000.000000000087,NA,NA,NA,NA,NA,NA,NA,NA,NA,NA,NA,NA,NA,NA,NA,NA,NA,NA,NA,NA,NA,NA,NA,NA,NA,NA,NA,NA,NA,NA,NA,NA,NA,NA,NA,NA,NA,NA,NA,NA,0,0,0,NA,0,0,0.061337268031703904,0.10463077439253021
2496,8.317788894119861,0.0204875203753867,248.9596149999999,0.7747687560848396,0.020914644368560175,-0.0019342552735622776,1.4685039770640212e-4,104.75848469508544,G02496,115.43351400935852,31.132740120149325,9999.999999999716,NA,NA,NA,NA,NA,NA,NA,NA,NA,NA,NA,NA,NA,NA,NA,NA,NA,NA,NA,NA,NA,NA,NA,NA,NA,NA,NA,NA,NA,NA,NA,NA,NA,NA,NA,NA,NA,NA,NA,NA,0,0,0,NA,0,0,0.061337268031703904,0.10463077439253021
2497,8.317788894119861,0.0204875203753867,248.9596149999999,0.7747687560848396,0.020914644368560175,-0.0019342552735622776,1.4685039770640212e-4,104.75848469508544,G02497,116.33182929347802,31.132740120149325,9999.999999999933,NA,NA,NA,NA,NA,NA,NA,NA,NA,NA,NA,NA,NA,NA,NA,NA,NA,NA,NA,NA,NA,NA,NA,NA,NA,NA,NA,NA,NA,NA,NA,NA,NA,NA,NA,NA,NA,NA,NA,NA,0,0,0,NA,0,0,0.061337268031703904,0.10463077439253021
2498,8.317788894119861,0.0204875203753867,248.9596149999999,0.7747687560848396,0.020914644368560175,-0.0019342552735622776,1.4685039770640212e-4,104.75848469508544,G02498,117.23014457759756,31.132740120149325,10000,NA,NA,NA,NA,NA,NA,NA,NA,NA,NA,NA,NA,NA,NA,NA,NA,NA,NA,NA,NA,NA,NA,NA,NA,NA,NA,NA,NA,NA,NA,NA,NA,NA,NA,NA,NA,NA,NA,NA,NA,0,0,0,NA,0,0,0.061337268031703904,0.10463077439253021
2499,8.317788894119861,0.0204875203753867,248.9596149999999,0.7747687560848396,0.020914644368560175,-0.0019342552735622776,1.4685039770640212e-4,104.75848469508544,G02499,118.12845986171706,31.132740120149325,10000,NA,NA,NA,NA,NA,NA,NA,NA,NA,NA,NA,NA,NA,NA,NA,NA,NA,NA,NA,NA,NA,NA,NA,NA,NA,NA,NA,NA,NA,NA,NA,NA,NA,NA,NA,NA,NA,NA,NA,NA,0,0,0,NA,0,0,0.061337268031703904,0.10463077439253021
2500,8.317788894119852,0.020487520375387407,248.9596149999999,0.7747687560848341,0.020914644368560373,-0.0019342552735623353,1.4685039770642334e-4,104.7584846950854,G02500,119.02677514583675,31.132740120149325,9999.999999999778,NA,NA,NA,NA,NA,NA,NA,NA,NA,NA,NA,NA,NA,NA,NA,NA,NA,NA,NA,NA,NA,NA,NA,NA,NA,NA,NA,NA,NA,NA,NA,NA,NA,NA,NA,NA,NA,NA,NA,NA,0,0,0,NA,0,0,0.06133726803170391,0.10463077439253218
2501,8.317788894119852,0.020487520375387407,248.9596149999999,0.7747687560848341,0.020914644368560373,-0.0019342552735623353,1.4685039770642334e-4,104.7584846950854,G02501,119.92509042995609,31.13274012014931,10000.000000000062,NA,NA,NA,NA,NA,NA,NA,NA,NA,NA,NA,NA,NA,NA,NA,NA,NA,NA,NA,NA,NA,NA,NA,NA,NA,NA,NA,NA,NA,NA,NA,NA,NA,NA,NA,NA,NA,NA,NA,NA,0,0,0,NA,0,0,0.06133726803170391,0.10463077439253218
2502,8.317804128930167,0.02048738307857765,248.9596149999999,0.7747751356107053,0.020914789422965218,-0.001934100997114064,1.4685259624070397e-4,104.75862332971178,G02502,120.82330591956432,31.132655905840622,9997.7588895505,NA,NA,NA,NA,NA,NA,NA,NA,NA,NA,NA,NA,NA,NA,NA,NA,NA,NA,NA,NA,NA,NA,NA,NA,NA,NA,NA,NA,NA,NA,NA,NA,NA,NA,NA,NA,NA,NA,NA,NA,0,0,0,NA,0,0,0.06133722668871443,0.10463108826124116
2503,8.32346757989861,0.020435777497127005,248.9596149999999,0.7771865127463631,0.020969681838422283,-0.001875753364467391,1.4768143948082194e-4,104.81086654358042,G02503,121.5344522193157,31.100950079006267,4676.040547619899,NA,NA,NA,NA,NA,NA,NA,NA,NA,NA,NA,NA,NA,NA,NA,NA,NA,NA,NA,NA,NA,NA,NA,NA,NA,NA,NA,NA,NA,NA,NA,NA,NA,NA,NA,NA,NA,NA,NA,NA,0,0,0,NA,0,0,0.061321241372024105,0.10474908768894522
2504,8.364822821674208,0.02001576317141953,253.58102069999975,0.7979390152162132,0.02144764852240171,-0.0013711307138732408,1.5465598288500783e-4,105.24783286931549,G02504,122.66019317047414,30.83773438902863,3.6523392320453922,NA,NA,NA,NA,NA,NA,NA,NA,NA,NA,NA,NA,NA,NA,NA,NA,NA,NA,NA,NA,NA,NA,NA,NA,NA,NA,NA,NA,NA,NA,NA,NA,NA,NA,NA,NA,NA,NA,NA,NA,0,0,0,NA,0,0,0.061156275853987224,0.10571294556323167
2530,8.403227437223983,0.01949913102927879,253.2461084,0.8270161433858497,0.0221353121259194,-6.577475694227405e-4,1.6407501141460032e-4,105.82523681957684,G02530,81.26011281175869,30.493452251176187,6036.132361042728,NA,NA,NA,NA,NA,NA,NA,NA,NA,NA,NA,NA,NA,NA,NA,NA,NA,NA,NA,NA,NA,NA,NA,NA,NA,NA,NA,NA,NA,NA,NA,NA,NA,NA,NA,NA,NA,NA,NA,NA,0,0,0,NA,0,0,0.06085466360133045,0.10691517089999253
2531,8.40714876089847,0.019430760845971267,256.8407969000001,0.8312458761253391,0.02223714787307528,-5.534206973790116e-4,1.6542179070208168e-4,105.90617170821157,G02531,82.2720886894834,30.445350213689434,7152.782132459606,NA,NA,NA,NA,NA,NA,NA,NA,NA,NA,NA,NA,NA,NA,NA,NA,NA,NA,NA,NA,NA,NA,NA,NA,NA,NA,NA,NA,NA,NA,NA,NA,NA,NA,NA,NA,NA,NA,NA,NA,0,0,0,NA,0,0,0.06080492514493792,0.10707638836563736
2532,8.413182030314303,0.01931304977046171,260.1615719999999,0.8387837402554439,0.022419771690387277,-3.671589927982984e-4,1.6781171666727825e-4,106.04863386394011,G02532,83.09416378105573,30.360705911503267,10000,NA,NA,NA,NA,NA,NA,NA,NA,NA,NA,NA,NA,NA,NA,NA,NA,NA,NA,NA,NA,NA,NA,NA,NA,NA,NA,NA,NA,NA,NA,NA,NA,NA,NA,NA,NA,NA,NA,NA,NA,0,0,0,NA,0,0,0.060712963973362295,0.10735543451312171
2535,8.413182030314303,0.01931304977046171,260.1615719999999,0.8387837402554439,0.022419771690387277,-3.671589927982984e-4,1.6781171666727825e-4,106.04863386394011,G02535,85.7891096334143,30.360705911503267,10000,NA,NA,NA,NA,NA,NA,NA,NA,NA,NA,NA,NA,NA,NA,NA,NA,NA,NA,NA,NA,NA,NA,NA,NA,NA,NA,NA,NA,NA,NA,NA,NA,NA,NA,NA,NA,NA,NA,NA,NA,0,0,0,NA,0,0,0.060712963973362295,0.10735543451312171
2539,8.413182030314303,0.01931304977046171,260.1615719999999,0.8387837402554439,0.022419771690387277,-3.671589927982984e-4,1.6781171666727825e-4,106.04863386394011,G02539,89.38237076989238,30.360705911503267,10000,NA,NA,NA,NA,NA,NA,NA,NA,NA,NA,NA,NA,NA,NA,NA,NA,NA,NA,NA,NA,NA,NA,NA,NA,NA,NA,NA,NA,NA,NA,NA,NA,NA,NA,NA,NA,NA,NA,NA,NA,0,0,0,NA,0,0,0.060712963973362295,0.10735543451312171
2540,8.413182030314303,0.01931304977046171,260.1615719999999,0.8387837402554439,0.022419771690387277,-3.671589927982984e-4,1.6781171666727825e-4,106.04863386394011,G02540,90.2806860540119,30.360705911503267,10000,NA,NA,NA,NA,NA,NA,NA,NA,NA,NA,NA,NA,NA,NA,NA,NA,NA,NA,NA,NA,NA,NA,NA,NA,NA,NA,NA,NA,NA,NA,NA,NA,NA,NA,NA,NA,NA,NA,NA,NA,0,0,0,NA,0,0,0.060712963973362295,0.10735543451312171
2541,8.413182030314303,0.01931304977046171,260.1615719999999,0.8387837402554439,0.022419771690387277,-3.671589927982984e-4,1.6781171666727825e-4,106.04863386394011,G02541,91.17900133813141,30.360705911503267,10000,NA,NA,NA,NA,NA,NA,NA,NA,NA,NA,NA,NA,NA,NA,NA,NA,NA,NA,NA,NA,NA,NA,NA,NA,NA,NA,NA,NA,NA,NA,NA,NA,NA,NA,NA,NA,NA,NA,NA,NA,0,0,0,NA,0,0,0.060712963973362295,0.10735543451312171
2542,8.413182030314303,0.01931304977046171,260.1615719999999,0.8387837402554439,0.022419771690387277,-3.671589927982984e-4,1.6781171666727825e-4,106.04863386394011,G02542,92.07731662225093,30.360705911503267,10000,NA,NA,NA,NA,NA,NA,NA,NA,NA,NA,NA,NA,NA,NA,NA,NA,NA,NA,NA,NA,NA,NA,NA,NA,NA,NA,NA,NA,NA,NA,NA,NA,NA,NA,NA,NA,NA,NA,NA,NA,0,0,0,NA,0,0,0.060712963973362295,0.10735543451312171
2543,8.413182030314303,0.01931304977046171,260.1615719999999,0.8387837402554439,0.022419771690387277,-3.671589927982984e-4,1.6781171666727825e-4,106.04863386394011,G02543,92.97563190637047,30.360705911503267,10000,NA,NA,NA,NA,NA,NA,NA,NA,NA,NA,NA,NA,NA,NA,NA,NA,NA,NA,NA,NA,NA,NA,NA,NA,NA,NA,NA,NA,NA,NA,NA,NA,NA,NA,NA,NA,NA,NA,NA,NA,0,0,0,NA,0,0,0.060712963973362295,0.10735543451312171
2544,8.413182030314303,0.01931304977046171,260.1615719999999,0.8387837402554439,0.022419771690387277,-3.671589927982984e-4,1.6781171666727825e-4,106.04863386394011,G02544,93.87394719048999,30.360705911503267,10000,NA,NA,NA,NA,NA,NA,NA,NA,NA,NA,NA,NA,NA,NA,NA,NA,NA,NA,NA,NA,NA,NA,NA,NA,NA,NA,NA,NA,NA,NA,NA,NA,NA,NA,NA,NA,NA,NA,NA,NA,0,0,0,NA,0,0,0.060712963973362295,0.10735543451312171
2545,8.413182030314303,0.01931304977046171,260.1615719999999,0.8387837402554439,0.022419771690387277,-3.671589927982984e-4,1.6781171666727825e-4,106.04863386394011,G02545,94.7722624746095,30.360705911503267,10000,NA,NA,NA,NA,NA,NA,NA,NA,NA,NA,NA,NA,NA,NA,NA,NA,NA,NA,NA,NA,NA,NA,NA,NA,NA,NA,NA,NA,NA,NA,NA,NA,NA,NA,NA,NA,NA,NA,NA,NA,0,0,0,NA,0,0,0.060712963973362295,0.10735543451312171
2546,8.413182030314303,0.01931304977046171,260.1615719999999,0.8387837402554439,0.022419771690387277,-3.671589927982984e-4,1.6781171666727825e-4,106.04863386394011,G02546,95.67057775872902,30.360705911503267,10000,NA,NA,NA,NA,NA,NA,NA,NA,NA,NA,NA,NA,NA,NA,NA,NA,NA,NA,NA,NA,NA,NA,NA,NA,NA,NA,NA,NA,NA,NA,NA,NA,NA,NA,NA,NA,NA,NA,NA,NA,0,0,0,NA,0,0,0.060712963973362295,0.10735543451312171
2547,8.413182030314303,0.01931304977046171,260.1615719999999,0.8387837402554439,0.022419771690387277,-3.671589927982984e-4,1.6781171666727825e-4,106.04863386394011,G02547,96.56889304284854,30.360705911503267,10000,NA,NA,NA,NA,NA,NA,NA,NA,NA,NA,NA,NA,NA,NA,NA,NA,NA,NA,NA,NA,NA,NA,NA,NA,NA,NA,NA,NA,NA,NA,NA,NA,NA,NA,NA,NA,NA,NA,NA,NA,0,0,0,NA,0,0,0.060712963973362295,0.10735543451312171
2548,8.413182030314303,0.01931304977046171,260.1615719999999,0.8387837402554439,0.022419771690387277,-3.671589927982984e-4,1.6781171666727825e-4,106.04863386394011,G02548,97.46720832696808,30.360705911503267,10000,NA,NA,NA,NA,NA,NA,NA,NA,NA,NA,NA,NA,NA,NA,NA,NA,NA,NA,NA,NA,NA,NA,NA,NA,NA,NA,NA,NA,NA,NA,NA,NA,NA,NA,NA,NA,NA,NA,NA,NA,0,0,0,NA,0,0,0.060712963973362295,0.10735543451312171
2549,8.413182030314303,0.01931304977046171,260.1615719999999,0.8387837402554439,0.022419771690387277,-3.671589927982984e-4,1.6781171666727825e-4,106.04863386394011,G02549,98.3655236110876,30.360705911503267,10000,NA,NA,NA,NA,NA,NA,NA,NA,NA,NA,NA,NA,NA,NA,NA,NA,NA,NA,NA,NA,NA,NA,NA,NA,NA,NA,NA,NA,NA,NA,NA,NA,NA,NA,NA,NA,NA,NA,NA,NA,0,0,0,NA,0,0,0.060712963973362295,0.10735543451312171
2550,8.413182030314303,0.01931304977046171,260.1615719999999,0.8387837402554439,0.022419771690387277,-3.671589927982984e-4,1.6781171666727825e-4,106.04863386394011,G02550,99.26383889520712,30.360705911503267,10000,NA,NA,NA,NA,NA,NA,NA,NA,NA,NA,NA,NA,NA,NA,NA,NA,NA,NA,NA,NA,NA,NA,NA,NA,NA,NA,NA,NA,NA,NA,NA,NA,NA,NA,NA,NA,NA,NA,NA,NA,0,0,0,NA,0,0,0.060712963973362295,0.10735543451312171
2551,8.413182030314303,0.01931304977046171,260.1615719999999,0.8387837402554439,0.022419771690387277,-3.671589927982984e-4,1.6781171666727825e-4,106.04863386394011,G02551,100.16215417932663,30.360705911503267,10000,NA,NA,NA,NA,NA,NA,NA,NA,NA,NA,NA,NA,NA,NA,NA,NA,NA,NA,NA,NA,NA,NA,NA,NA,NA,NA,NA,NA,NA,NA,NA,NA,NA,NA,NA,NA,NA,NA,NA,NA,0,0,0,NA,0,0,0.060712963973362295,0.10735543451312171
2552,8.413182030314303,0.01931304977046171,260.1615719999999,0.8387837402554439,0.022419771690387277,-3.671589927982984e-4,1.6781171666727825e-4,106.04863386394011,G02552,101.06046946344617,30.360705911503267,10000,NA,NA,NA,NA,NA,NA,NA,NA,NA,NA,NA,NA,NA,NA,NA,NA,NA,NA,NA,NA,NA,NA,NA,NA,NA,NA,NA,NA,NA,NA,NA,NA,NA,NA,NA,NA,NA,NA,NA,NA,0,0,0,NA,0,0,0.060712963973362295,0.10735543451312171
2553,8.413182030314303,0.01931304977046171,260.1615719999999,0.8387837402554439,0.022419771690387277,-3.671589927982984e-4,1.6781171666727825e-4,106.04863386394011,G02553,101.95878474756569,30.360705911503267,10000,NA,NA,NA,NA,NA,NA,NA,NA,NA,NA,NA,NA,NA,NA,NA,NA,NA,NA,NA,NA,NA,NA,NA,NA,NA,NA,NA,NA,NA,NA,NA,NA,NA,NA,NA,NA,NA,NA,NA,NA,0,0,0,NA,0,0,0.060712963973362295,0.10735543451312171
2554,8.413182030314303,0.01931304977046171,260.1615719999999,0.8387837402554439,0.022419771690387277,-3.671589927982984e-4,1.6781171666727825e-4,106.04863386394011,G02554,102.8571000316852,30.360705911503267,10000,NA,NA,NA,NA,NA,NA,NA,NA,NA,NA,NA,NA,NA,NA,NA,NA,NA,NA,NA,NA,NA,NA,NA,NA,NA,NA,NA,NA,NA,NA,NA,NA,NA,NA,NA,NA,NA,NA,NA,NA,0,0,0,NA,0,0,0.060712963973362295,0.10735543451312171
2555,8.413182030314303,0.01931304977046171,260.1615719999999,0.8387837402554439,0.022419771690387277,-3.671589927982984e-4,1.6781171666727825e-4,106.04863386394011,G02555,103.75541531580473,30.360705911503267,10000,NA,NA,NA,NA,NA,NA,NA,NA,NA,NA,NA,NA,NA,NA,NA,NA,NA,NA,NA,NA,NA,NA,NA,NA,NA,NA,NA,NA,NA,NA,NA,NA,NA,NA,NA,NA,NA,NA,NA,NA,0,0,0,NA,0,0,0.060712963973362295,0.10735543451312171
2556,8.413182030314303,0.01931304977046171,260.1615719999999,0.8387837402554439,0.022419771690387277,-3.671589927982984e-4,1.6781171666727825e-4,106.04863386394011,G02556,104.65373059992424,30.360705911503267,10000,NA,NA,NA,NA,NA,NA,NA,NA,NA,NA,NA,NA,NA,NA,NA,NA,NA,NA,NA,NA,NA,NA,NA,NA,NA,NA,NA,NA,NA,NA,NA,NA,NA,NA,NA,NA,NA,NA,NA,NA,0,0,0,NA,0,0,0.060712963973362295,0.10735543451312171
2557,8.413182030314303,0.01931304977046171,260.1615719999999,0.8387837402554439,0.022419771690387277,-3.671589927982984e-4,1.6781171666727825e-4,106.04863386394011,G02557,105.55204588404374,30.360705911503253,9999.999999999998,NA,NA,NA,NA,NA,NA,NA,NA,NA,NA,NA,NA,NA,NA,NA,NA,NA,NA,NA,NA,NA,NA,NA,NA,NA,NA,NA,NA,NA,NA,NA,NA,NA,NA,NA,NA,NA,NA,NA,NA,0,0,0,NA,0,0,0.060712963973362295,0.10735543451312171
2558,8.413182030314303,0.01931304977046171,260.1615719999999,0.8387837402554439,0.022419771690387277,-3.671589927982984e-4,1.6781171666727825e-4,106.04863386394011,G02558,106.45036116816327,30.360705911503267,9999.99999999996,NA,NA,NA,NA,NA,NA,NA,NA,NA,NA,NA,NA,NA,NA,NA,NA,NA,NA,NA,NA,NA,NA,NA,NA,NA,NA,NA,NA,NA,NA,NA,NA,NA,NA,NA,NA,NA,NA,NA,NA,0,0,0,NA,0,0,0.060712963973362295,0.10735543451312171
2559,8.413182030314303,0.01931304977046171,260.1615719999999,0.8387837402554439,0.022419771690387277,-3.671589927982984e-4,1.6781171666727825e-4,106.04863386394011,G02559,107.34867645228282,30.360705911503267,10000,NA,NA,NA,NA,NA,NA,NA,NA,NA,NA,NA,NA,NA,NA,NA,NA,NA,NA,NA,NA,NA,NA,NA,NA,NA,NA,NA,NA,NA,NA,NA,NA,NA,NA,NA,NA,NA,NA,NA,NA,0,0,0,NA,0,0,0.060712963973362295,0.10735543451312171
2560,8.413182030314303,0.01931304977046171,260.1615719999999,0.8387837402554439,0.022419771690387277,-3.671589927982984e-4,1.6781171666727825e-4,106.04863386394011,G02560,108.24699173640234,30.360705911503267,9999.999999999976,NA,NA,NA,NA,NA,NA,NA,NA,NA,NA,NA,NA,NA,NA,NA,NA,NA,NA,NA,NA,NA,NA,NA,NA,NA,NA,NA,NA,NA,NA,NA,NA,NA,NA,NA,NA,NA,NA,NA,NA,0,0,0,NA,0,0,0.060712963973362295,0.10735543451312171
2561,8.413182030314303,0.01931304977046171,260.1615719999999,0.8387837402554439,0.022419771690387277,-3.671589927982984e-4,1.6781171666727825e-4,106.04863386394011,G02561,109.14530702052186,30.360705911503267,9999.999999999929,NA,NA,NA,NA,NA,NA,NA,NA,NA,NA,NA,NA,NA,NA,NA,NA,NA,NA,NA,NA,NA,NA,NA,NA,NA,NA,NA,NA,NA,NA,NA,NA,NA,NA,NA,NA,NA,NA,NA,NA,0,0,0,NA,0,0,0.060712963973362295,0.10735543451312171
2562,8.413182030314303,0.01931304977046171,260.1615719999999,0.8387837402554439,0.022419771690387277,-3.671589927982984e-4,1.6781171666727825e-4,106.04863386394011,G02562,110.04362230464137,30.360705911503267,10000,NA,NA,NA,NA,NA,NA,NA,NA,NA,NA,NA,NA,NA,NA,NA,NA,NA,NA,NA,NA,NA,NA,NA,NA,NA,NA,NA,NA,NA,NA,NA,NA,NA,NA,NA,NA,NA,NA,NA,NA,0,0,0,NA,0,0,0.060712963973362295,0.10735543451312171
2563,8.413182030314303,0.01931304977046171,260.1615719999999,0.8387837402554439,0.022419771690387277,-3.671589927982984e-4,1.6781171666727825e-4,106.04863386394011,G02563,110.94193758876091,30.360705911503267,10000,NA,NA,NA,NA,NA,NA,NA,NA,NA,NA,NA,NA,NA,NA,NA,NA,NA,NA,NA,NA,NA,NA,NA,NA,NA,NA,NA,NA,NA,NA,NA,NA,NA,NA,NA,NA,NA,NA,NA,NA,0,0,0,NA,0,0,0.060712963973362295,0.10735543451312171
2564,8.413182030314303,0.01931304977046171,260.1615719999999,0.8387837402554439,0.022419771690387277,-3.671589927982984e-4,1.6781171666727825e-4,106.04863386394011,G02564,111.84025287288041,30.360705911503267,10000,NA,NA,NA,NA,NA,NA,NA,NA,NA,NA,NA,NA,NA,NA,NA,NA,NA,NA,NA,NA,NA,NA,NA,NA,NA,NA,NA,NA,NA,NA,NA,NA,NA,NA,NA,NA,NA,NA,NA,NA,0,0,0,NA,0,0,0.060712963973362295,0.10735543451312171
2565,8.413182030314303,0.01931304977046171,260.1615719999999,0.8387837402554439,0.022419771690387277,-3.671589927982984e-4,1.6781171666727825e-4,106.04863386394011,G02565,112.73856815699993,30.360705911503267,10000,NA,NA,NA,NA,NA,NA,NA,NA,NA,NA,NA,NA,NA,NA,NA,NA,NA,NA,NA,NA,NA,NA,NA,NA,NA,NA,NA,NA,NA,NA,NA,NA,NA,NA,NA,NA,NA,NA,NA,NA,0,0,0,NA,0,0,0.060712963973362295,0.10735543451312171
2566,8.413182030314303,0.01931304977046171,260.1615719999999,0.8387837402554439,0.022419771690387277,-3.671589927982984e-4,1.6781171666727825e-4,106.04863386394011,G02566,113.63688344111945,30.360705911503267,10000,NA,NA,NA,NA,NA,NA,NA,NA,NA,NA,NA,NA,NA,NA,NA,NA,NA,NA,NA,NA,NA,NA,NA,NA,NA,NA,NA,NA,NA,NA,NA,NA,NA,NA,NA,NA,NA,NA,NA,NA,0,0,0,NA,0,0,0.060712963973362295,0.10735543451312171
2567,8.413182030314303,0.01931304977046171,260.1615719999999,0.8387837402554439,0.022419771690387277,-3.671589927982984e-4,1.6781171666727825e-4,106.04863386394011,G02567,114.53519872523898,30.360705911503267,10000,NA,NA,NA,NA,NA,NA,NA,NA,NA,NA,NA,NA,NA,NA,NA,NA,NA,NA,NA,NA,NA,NA,NA,NA,NA,NA,NA,NA,NA,NA,NA,NA,NA,NA,NA,NA,NA,NA,NA,NA,0,0,0,NA,0,0,0.060712963973362295,0.10735543451312171
2568,8.413182030314303,0.01931304977046171,260.1615719999999,0.8387837402554439,0.022419771690387277,-3.671589927982984e-4,1.6781171666727825e-4,106.04863386394011,G02568,115.43351400935852,30.360705911503267,9999.999999999989,NA,NA,NA,NA,NA,NA,NA,NA,NA,NA,NA,NA,NA,NA,NA,NA,NA,NA,NA,NA,NA,NA,NA,NA,NA,NA,NA,NA,NA,NA,NA,NA,NA,NA,NA,NA,NA,NA,NA,NA,0,0,0,NA,0,0,0.060712963973362295,0.10735543451312171
2569,8.413182030314303,0.01931304977046171,260.1615719999999,0.8387837402554439,0.022419771690387277,-3.671589927982984e-4,1.6781171666727825e-4,106.04863386394011,G02569,116.33182929347802,30.360705911503267,9999.999999999958,NA,NA,NA,NA,NA,NA,NA,NA,NA,NA,NA,NA,NA,NA,NA,NA,NA,NA,NA,NA,NA,NA,NA,NA,NA,NA,NA,NA,NA,NA,NA,NA,NA,NA,NA,NA,NA,NA,NA,NA,0,0,0,NA,0,0,0.060712963973362295,0.10735543451312171
2570,8.413182030314303,0.01931304977046171,260.1615719999999,0.8387837402554439,0.022419771690387277,-3.671589927982984e-4,1.6781171666727825e-4,106.04863386394011,G02570,117.2301445775975,30.360705911503253,10000.000000000084,NA,NA,NA,NA,NA,NA,NA,NA,NA,NA,NA,NA,NA,NA,NA,NA,NA,NA,NA,NA,NA,NA,NA,NA,NA,NA,NA,NA,NA,NA,NA,NA,NA,NA,NA,NA,NA,NA,NA,NA,0,0,0,NA,0,0,0.060712963973362295,0.10735543451312171
2571,8.413182030314303,0.01931304977046171,260.1615719999999,0.8387837402554439,0.022419771690387277,-3.671589927982984e-4,1.6781171666727825e-4,106.04863386394011,G02571,118.12845986171706,30.360705911503267,10000,NA,NA,NA,NA,NA,NA,NA,NA,NA,NA,NA,NA,NA,NA,NA,NA,NA,NA,NA,NA,NA,NA,NA,NA,NA,NA,NA,NA,NA,NA,NA,NA,NA,NA,NA,NA,NA,NA,NA,NA,0,0,0,NA,0,0,0.060712963973362295,0.10735543451312171
2572,8.413182030314303,0.01931304977046171,260.1615719999999,0.8387837402554439,0.022419771690387277,-3.671589927982984e-4,1.6781171666727825e-4,106.04863386394011,G02572,119.02677514583655,30.360705911503253,9999.999999999698,NA,NA,NA,NA,NA,NA,NA,NA,NA,NA,NA,NA,NA,NA,NA,NA,NA,NA,NA,NA,NA,NA,NA,NA,NA,NA,NA,NA,NA,NA,NA,NA,NA,NA,NA,NA,NA,NA,NA,NA,0,0,0,NA,0,0,0.060712963973362295,0.10735543451312171
2573,8.413141133605565,0.01931391495565706,261.2274775000001,0.8387270853719077,0.022418393636800323,-3.685605655786614e-4,1.6779379691228896e-4,106.047571384014,G02573,119.92232611425443,30.36133715432385,9928.524839897089,NA,NA,NA,NA,NA,NA,NA,NA,NA,NA,NA,NA,NA,NA,NA,NA,NA,NA,NA,NA,NA,NA,NA,NA,NA,NA,NA,NA,NA,NA,NA,NA,NA,NA,NA,NA,NA,NA,NA,NA,0,0,0,NA,0,0,0.060713670596093325,0.10735337622065391
2574,8.413332072760971,0.019309866005803974,260.1615719999999,0.8389923884416252,0.022424847486368554,-3.619970787079808e-4,1.6787770626627821e-4,106.05254569399551,G02574,120.77444466939684,30.35838180367681,7042.455081609847,NA,NA,NA,NA,NA,NA,NA,NA,NA,NA,NA,NA,NA,NA,NA,NA,NA,NA,NA,NA,NA,NA,NA,NA,NA,NA,NA,NA,NA,NA,NA,NA,NA,NA,NA,NA,NA,NA,NA,NA,0,0,0,NA,0,0,0.060710359647749026,0.10736300971810778
2575,8.424260281704967,0.018999086027927145,253.6156286000001,0.8607637819222779,0.022960593091557163,1.7848135052250005e-4,1.7472995413898428e-4,106.45194052671592,G02575,121.63932075211602,30.120901859963816,1849.8171967617025,NA,NA,NA,NA,NA,NA,NA,NA,NA,NA,NA,NA,NA,NA,NA,NA,NA,NA,NA,NA,NA,NA,NA,NA,NA,NA,NA,NA,NA,NA,NA,NA,NA,NA,NA,NA,NA,NA,NA,NA,0,0,0,NA,0,0,0.06042227310837211,0.10811060515182226
2576,8.41823677905562,0.019195495795503108,255.55310220000007,0.8466677296394037,0.02261234144392398,-1.7187787333384922e-4,1.7030009756865906e-4,106.19530307873525,G02576,122.30587402381576,30.273555177406582,462.08748001651924,NA,NA,NA,NA,NA,NA,NA,NA,NA,NA,NA,NA,NA,NA,NA,NA,NA,NA,NA,NA,NA,NA,NA,NA,NA,NA,NA,NA,NA,NA,NA,NA,NA,NA,NA,NA,NA,NA,NA,NA,0,0,0,NA,0,0,0.06061242929442593,0.10763618263726248
2605,8.418751829272514,0.01844533286814666,269.19650239999993,0.9096074087967515,0.024205496168075918,0.001405544579559758,1.900849159602877e-4,107.29316793420207,G02605,83.9990797541761,29.616259998983086,9072.373260057619,NA,NA,NA,NA,NA,NA,NA,NA,NA,NA,NA,NA,NA,NA,NA,NA,NA,NA,NA,NA,NA,NA,NA,NA,NA,NA,NA,NA,NA,NA,NA,NA,NA,NA,NA,NA,NA,NA,NA,NA,0,0,0,NA,0,0,0.05967216118048843,0.10949785459216832
2606,8.41701420913375,0.01841389353825309,249.98523090000006,0.9129749564555839,0.024293446436619518,0.0014909655829593446,1.911530226144213e-4,107.34877730581368,G02606,84.89079434929477,29.582529613545592,10000,NA,NA,NA,NA,NA,NA,NA,NA,NA,NA,NA,NA,NA,NA,NA,NA,NA,NA,NA,NA,NA,NA,NA,NA,NA,NA,NA,NA,NA,NA,NA,NA,NA,NA,NA,NA,NA,NA,NA,NA,0,0,0,NA,0,0,0.05961570409467234,0.10957962321581846
2607,8.41701420913375,0.01841389353825309,249.98523090000006,0.9129749564555839,0.024293446436619518,0.0014909655829593446,1.911530226144213e-4,107.34877730581368,G02607,85.7891096334143,29.582529613545592,10000,NA,NA,NA,NA,NA,NA,NA,NA,NA,NA,NA,NA,NA,NA,NA,NA,NA,NA,NA,NA,NA,NA,NA,NA,NA,NA,NA,NA,NA,NA,NA,NA,NA,NA,NA,NA,NA,NA,NA,NA,0,0,0,NA,0,0,0.05961570409467234,0.10957962321581846
2608,8.41701420913375,0.01841389353825309,249.98523090000006,0.9129749564555839,0.024293446436619518,0.0014909655829593446,1.911530226144213e-4,107.34877730581368,G02608,86.68742491753382,29.582529613545592,10000,NA,NA,NA,NA,NA,NA,NA,NA,NA,NA,NA,NA,NA,NA,NA,NA,NA,NA,NA,NA,NA,NA,NA,NA,NA,NA,NA,NA,NA,NA,NA,NA,NA,NA,NA,NA,NA,NA,NA,NA,0,0,0,NA,0,0,0.05961570409467234,0.10957962321581846
2609,8.41701420913375,0.01841389353825309,249.98523090000006,0.9129749564555839,0.024293446436619518,0.0014909655829593446,1.911530226144213e-4,107.34877730581368,G02609,87.58574020165334,29.582529613545592,10000,NA,NA,NA,NA,NA,NA,NA,NA,NA,NA,NA,NA,NA,NA,NA,NA,NA,NA,NA,NA,NA,NA,NA,NA,NA,NA,NA,NA,NA,NA,NA,NA,NA,NA,NA,NA,NA,NA,NA,NA,0,0,0,NA,0,0,0.05961570409467234,0.10957962321581846
2610,8.41701420913375,0.01841389353825309,249.98523090000006,0.9129749564555839,0.024293446436619518,0.0014909655829593446,1.911530226144213e-4,107.34877730581368,G02610,88.48405548577286,29.582529613545592,10000,NA,NA,NA,NA,NA,NA,NA,NA,NA,NA,NA,NA,NA,NA,NA,NA,NA,NA,NA,NA,NA,NA,NA,NA,NA,NA,NA,NA,NA,NA,NA,NA,NA,NA,NA,NA,NA,NA,NA,NA,0,0,0,NA,0,0,0.05961570409467234,0.10957962321581846
2611,8.41701420913375,0.01841389353825309,249.98523090000006,0.9129749564555839,0.024293446436619518,0.0014909655829593446,1.911530226144213e-4,107.34877730581368,G02611,89.38237076989238,29.582529613545592,10000,NA,NA,NA,NA,NA,NA,NA,NA,NA,NA,NA,NA,NA,NA,NA,NA,NA,NA,NA,NA,NA,NA,NA,NA,NA,NA,NA,NA,NA,NA,NA,NA,NA,NA,NA,NA,NA,NA,NA,NA,0,0,0,NA,0,0,0.05961570409467234,0.10957962321581846
2612,8.41701420913375,0.01841389353825309,249.98523090000006,0.9129749564555839,0.024293446436619518,0.0014909655829593446,1.911530226144213e-4,107.34877730581368,G02612,90.2806860540119,29.582529613545592,10000,NA,NA,NA,NA,NA,NA,NA,NA,NA,NA,NA,NA,NA,NA,NA,NA,NA,NA,NA,NA,NA,NA,NA,NA,NA,NA,NA,NA,NA,NA,NA,NA,NA,NA,NA,NA,NA,NA,NA,NA,0,0,0,NA,0,0,0.05961570409467234,0.10957962321581846
2613,8.41701420913375,0.01841389353825309,249.98523090000006,0.9129749564555839,0.024293446436619518,0.0014909655829593446,1.911530226144213e-4,107.34877730581368,G02613,91.17900133813141,29.582529613545592,10000,NA,NA,NA,NA,NA,NA,NA,NA,NA,NA,NA,NA,NA,NA,NA,NA,NA,NA,NA,NA,NA,NA,NA,NA,NA,NA,NA,NA,NA,NA,NA,NA,NA,NA,NA,NA,NA,NA,NA,NA,0,0,0,NA,0,0,0.05961570409467234,0.10957962321581846
2614,8.41701420913375,0.01841389353825309,249.98523090000006,0.9129749564555839,0.024293446436619518,0.0014909655829593446,1.911530226144213e-4,107.34877730581368,G02614,92.07731662225093,29.582529613545592,10000,NA,NA,NA,NA,NA,NA,NA,NA,NA,NA,NA,NA,NA,NA,NA,NA,NA,NA,NA,NA,NA,NA,NA,NA,NA,NA,NA,NA,NA,NA,NA,NA,NA,NA,NA,NA,NA,NA,NA,NA,0,0,0,NA,0,0,0.05961570409467234,0.10957962321581846
2615,8.41701420913375,0.01841389353825309,249.98523090000006,0.9129749564555839,0.024293446436619518,0.0014909655829593446,1.911530226144213e-4,107.34877730581368,G02615,92.97563190637047,29.582529613545592,10000,NA,NA,NA,NA,NA,NA,NA,NA,NA,NA,NA,NA,NA,NA,NA,NA,NA,NA,NA,NA,NA,NA,NA,NA,NA,NA,NA,NA,NA,NA,NA,NA,NA,NA,NA,NA,NA,NA,NA,NA,0,0,0,NA,0,0,0.05961570409467234,0.10957962321581846
2616,8.41701420913375,0.01841389353825309,249.98523090000006,0.9129749564555839,0.024293446436619518,0.0014909655829593446,1.911530226144213e-4,107.34877730581368,G02616,93.87394719048999,29.582529613545592,10000,NA,NA,NA,NA,NA,NA,NA,NA,NA,NA,NA,NA,NA,NA,NA,NA,NA,NA,NA,NA,NA,NA,NA,NA,NA,NA,NA,NA,NA,NA,NA,NA,NA,NA,NA,NA,NA,NA,NA,NA,0,0,0,NA,0,0,0.05961570409467234,0.10957962321581846
2617,8.41701420913375,0.01841389353825309,249.98523090000006,0.9129749564555839,0.024293446436619518,0.0014909655829593446,1.911530226144213e-4,107.34877730581368,G02617,94.7722624746095,29.582529613545592,10000,NA,NA,NA,NA,NA,NA,NA,NA,NA,NA,NA,NA,NA,NA,NA,NA,NA,NA,NA,NA,NA,NA,NA,NA,NA,NA,NA,NA,NA,NA,NA,NA,NA,NA,NA,NA,NA,NA,NA,NA,0,0,0,NA,0,0,0.05961570409467234,0.10957962321581846
2618,8.41701420913375,0.01841389353825309,249.98523090000006,0.9129749564555839,0.024293446436619518,0.0014909655829593446,1.911530226144213e-4,107.34877730581368,G02618,95.67057775872902,29.582529613545592,10000,NA,NA,NA,NA,NA,NA,NA,NA,NA,NA,NA,NA,NA,NA,NA,NA,NA,NA,NA,NA,NA,NA,NA,NA,NA,NA,NA,NA,NA,NA,NA,NA,NA,NA,NA,NA,NA,NA,NA,NA,0,0,0,NA,0,0,0.05961570409467234,0.10957962321581846
2619,8.41701420913375,0.01841389353825309,249.98523090000006,0.9129749564555839,0.024293446436619518,0.0014909655829593446,1.911530226144213e-4,107.34877730581368,G02619,96.56889304284854,29.582529613545592,10000,NA,NA,NA,NA,NA,NA,NA,NA,NA,NA,NA,NA,NA,NA,NA,NA,NA,NA,NA,NA,NA,NA,NA,NA,NA,NA,NA,NA,NA,NA,NA,NA,NA,NA,NA,NA,NA,NA,NA,NA,0,0,0,NA,0,0,0.05961570409467234,0.10957962321581846
2620,8.41701420913375,0.01841389353825309,249.98523090000006,0.9129749564555839,0.024293446436619518,0.0014909655829593446,1.911530226144213e-4,107.34877730581368,G02620,97.46720832696808,29.582529613545592,10000,NA,NA,NA,NA,NA,NA,NA,NA,NA,NA,NA,NA,NA,NA,NA,NA,NA,NA,NA,NA,NA,NA,NA,NA,NA,NA,NA,NA,NA,NA,NA,NA,NA,NA,NA,NA,NA,NA,NA,NA,0,0,0,NA,0,0,0.05961570409467234,0.10957962321581846
2621,8.41701420913375,0.01841389353825309,249.98523090000006,0.9129749564555839,0.024293446436619518,0.0014909655829593446,1.911530226144213e-4,107.34877730581368,G02621,98.3655236110876,29.582529613545592,10000,NA,NA,NA,NA,NA,NA,NA,NA,NA,NA,NA,NA,NA,NA,NA,NA,NA,NA,NA,NA,NA,NA,NA,NA,NA,NA,NA,NA,NA,NA,NA,NA,NA,NA,NA,NA,NA,NA,NA,NA,0,0,0,NA,0,0,0.05961570409467234,0.10957962321581846
2622,8.41701420913375,0.01841389353825309,249.98523090000006,0.9129749564555839,0.024293446436619518,0.0014909655829593446,1.911530226144213e-4,107.34877730581368,G02622,99.26383889520712,29.582529613545592,10000,NA,NA,NA,NA,NA,NA,NA,NA,NA,NA,NA,NA,NA,NA,NA,NA,NA,NA,NA,NA,NA,NA,NA,NA,NA,NA,NA,NA,NA,NA,NA,NA,NA,NA,NA,NA,NA,NA,NA,NA,0,0,0,NA,0,0,0.05961570409467234,0.10957962321581846
2623,8.41701420913375,0.01841389353825309,249.98523090000006,0.9129749564555839,0.024293446436619518,0.0014909655829593446,1.911530226144213e-4,107.34877730581368,G02623,100.16215417932663,29.582529613545592,10000,NA,NA,NA,NA,NA,NA,NA,NA,NA,NA,NA,NA,NA,NA,NA,NA,NA,NA,NA,NA,NA,NA,NA,NA,NA,NA,NA,NA,NA,NA,NA,NA,NA,NA,NA,NA,NA,NA,NA,NA,0,0,0,NA,0,0,0.05961570409467234,0.10957962321581846
2624,8.41701420913375,0.01841389353825309,249.98523090000006,0.9129749564555839,0.024293446436619518,0.0014909655829593446,1.911530226144213e-4,107.34877730581368,G02624,101.06046946344617,29.582529613545592,10000,NA,NA,NA,NA,NA,NA,NA,NA,NA,NA,NA,NA,NA,NA,NA,NA,NA,NA,NA,NA,NA,NA,NA,NA,NA,NA,NA,NA,NA,NA,NA,NA,NA,NA,NA,NA,NA,NA,NA,NA,0,0,0,NA,0,0,0.05961570409467234,0.10957962321581846
2625,8.41701420913375,0.01841389353825309,249.98523090000006,0.9129749564555839,0.024293446436619518,0.0014909655829593446,1.911530226144213e-4,107.34877730581368,G02625,101.95878474756569,29.582529613545592,10000,NA,NA,NA,NA,NA,NA,NA,NA,NA,NA,NA,NA,NA,NA,NA,NA,NA,NA,NA,NA,NA,NA,NA,NA,NA,NA,NA,NA,NA,NA,NA,NA,NA,NA,NA,NA,NA,NA,NA,NA,0,0,0,NA,0,0,0.05961570409467234,0.10957962321581846
2626,8.41701420913375,0.01841389353825309,249.98523090000006,0.9129749564555839,0.024293446436619518,0.0014909655829593446,1.911530226144213e-4,107.34877730581368,G02626,102.8571000316852,29.582529613545592,10000,NA,NA,NA,NA,NA,NA,NA,NA,NA,NA,NA,NA,NA,NA,NA,NA,NA,NA,NA,NA,NA,NA,NA,NA,NA,NA,NA,NA,NA,NA,NA,NA,NA,NA,NA,NA,NA,NA,NA,NA,0,0,0,NA,0,0,0.05961570409467234,0.10957962321581846
2627,8.41701420913375,0.01841389353825309,249.98523090000006,0.9129749564555839,0.024293446436619518,0.0014909655829593446,1.911530226144213e-4,107.34877730581368,G02627,103.75541531580473,29.582529613545592,10000,NA,NA,NA,NA,NA,NA,NA,NA,NA,NA,NA,NA,NA,NA,NA,NA,NA,NA,NA,NA,NA,NA,NA,NA,NA,NA,NA,NA,NA,NA,NA,NA,NA,NA,NA,NA,NA,NA,NA,NA,0,0,0,NA,0,0,0.05961570409467234,0.10957962321581846
2628,8.41701420913375,0.01841389353825309,249.98523090000006,0.9129749564555839,0.024293446436619518,0.0014909655829593446,1.911530226144213e-4,107.34877730581368,G02628,104.65373059992424,29.582529613545592,10000,NA,NA,NA,NA,NA,NA,NA,NA,NA,NA,NA,NA,NA,NA,NA,NA,NA,NA,NA,NA,NA,NA,NA,NA,NA,NA,NA,NA,NA,NA,NA,NA,NA,NA,NA,NA,NA,NA,NA,NA,0,0,0,NA,0,0,0.05961570409467234,0.10957962321581846
2629,8.41701420913375,0.01841389353825309,249.98523090000006,0.9129749564555839,0.024293446436619518,0.0014909655829593446,1.911530226144213e-4,107.34877730581368,G02629,105.55204588404376,29.582529613545592,10000,NA,NA,NA,NA,NA,NA,NA,NA,NA,NA,NA,NA,NA,NA,NA,NA,NA,NA,NA,NA,NA,NA,NA,NA,NA,NA,NA,NA,NA,NA,NA,NA,NA,NA,NA,NA,NA,NA,NA,NA,0,0,0,NA,0,0,0.05961570409467234,0.10957962321581846
2630,8.41701420913375,0.01841389353825309,249.98523090000006,0.9129749564555839,0.024293446436619518,0.0014909655829593446,1.911530226144213e-4,107.34877730581368,G02630,106.45036116816328,29.582529613545592,10000,NA,NA,NA,NA,NA,NA,NA,NA,NA,NA,NA,NA,NA,NA,NA,NA,NA,NA,NA,NA,NA,NA,NA,NA,NA,NA,NA,NA,NA,NA,NA,NA,NA,NA,NA,NA,NA,NA,NA,NA,0,0,0,NA,0,0,0.05961570409467234,0.10957962321581846
2631,8.41701420913375,0.01841389353825309,249.98523090000006,0.9129749564555839,0.024293446436619518,0.0014909655829593446,1.911530226144213e-4,107.34877730581368,G02631,107.34867645228282,29.582529613545592,9999.999999999989,NA,NA,NA,NA,NA,NA,NA,NA,NA,NA,NA,NA,NA,NA,NA,NA,NA,NA,NA,NA,NA,NA,NA,NA,NA,NA,NA,NA,NA,NA,NA,NA,NA,NA,NA,NA,NA,NA,NA,NA,0,0,0,NA,0,0,0.05961570409467234,0.10957962321581846
2632,8.41701420913375,0.01841389353825309,249.98523090000006,0.9129749564555839,0.024293446436619518,0.0014909655829593446,1.911530226144213e-4,107.34877730581368,G02632,108.24699173640232,29.582529613545592,10000.000000000018,NA,NA,NA,NA,NA,NA,NA,NA,NA,NA,NA,NA,NA,NA,NA,NA,NA,NA,NA,NA,NA,NA,NA,NA,NA,NA,NA,NA,NA,NA,NA,NA,NA,NA,NA,NA,NA,NA,NA,NA,0,0,0,NA,0,0,0.05961570409467234,0.10957962321581846
2633,8.41701420913375,0.01841389353825309,249.98523090000006,0.9129749564555839,0.024293446436619518,0.0014909655829593446,1.911530226144213e-4,107.34877730581368,G02633,109.14530702052187,29.582529613545592,9999.999999999953,NA,NA,NA,NA,NA,NA,NA,NA,NA,NA,NA,NA,NA,NA,NA,NA,NA,NA,NA,NA,NA,NA,NA,NA,NA,NA,NA,NA,NA,NA,NA,NA,NA,NA,NA,NA,NA,NA,NA,NA,0,0,0,NA,0,0,0.05961570409467234,0.10957962321581846
2634,8.41701420913375,0.01841389353825309,249.98523090000006,0.9129749564555839,0.024293446436619518,0.0014909655829593446,1.911530226144213e-4,107.34877730581368,G02634,110.04362230464137,29.582529613545592,9999.999999999987,NA,NA,NA,NA,NA,NA,NA,NA,NA,NA,NA,NA,NA,NA,NA,NA,NA,NA,NA,NA,NA,NA,NA,NA,NA,NA,NA,NA,NA,NA,NA,NA,NA,NA,NA,NA,NA,NA,NA,NA,0,0,0,NA,0,0,0.05961570409467234,0.10957962321581846
2635,8.41701420913375,0.01841389353825309,249.98523090000006,0.9129749564555839,0.024293446436619518,0.0014909655829593446,1.911530226144213e-4,107.34877730581368,G02635,110.9419375887609,29.582529613545592,10000.000000000038,NA,NA,NA,NA,NA,NA,NA,NA,NA,NA,NA,NA,NA,NA,NA,NA,NA,NA,NA,NA,NA,NA,NA,NA,NA,NA,NA,NA,NA,NA,NA,NA,NA,NA,NA,NA,NA,NA,NA,NA,0,0,0,NA,0,0,0.05961570409467234,0.10957962321581846
2636,8.41701420913375,0.01841389353825309,249.98523090000006,0.9129749564555839,0.024293446436619518,0.0014909655829593446,1.911530226144213e-4,107.34877730581368,G02636,111.84025287288041,29.582529613545592,9999.999999999998,NA,NA,NA,NA,NA,NA,NA,NA,NA,NA,NA,NA,NA,NA,NA,NA,NA,NA,NA,NA,NA,NA,NA,NA,NA,NA,NA,NA,NA,NA,NA,NA,NA,NA,NA,NA,NA,NA,NA,NA,0,0,0,NA,0,0,0.05961570409467234,0.10957962321581846
2637,8.41701420913375,0.01841389353825309,249.98523090000006,0.9129749564555839,0.024293446436619518,0.0014909655829593446,1.911530226144213e-4,107.34877730581368,G02637,112.73856815699993,29.582529613545592,10000.000000000044,NA,NA,NA,NA,NA,NA,NA,NA,NA,NA,NA,NA,NA,NA,NA,NA,NA,NA,NA,NA,NA,NA,NA,NA,NA,NA,NA,NA,NA,NA,NA,NA,NA,NA,NA,NA,NA,NA,NA,NA,0,0,0,NA,0,0,0.05961570409467234,0.10957962321581846
2638,8.41701420913375,0.01841389353825309,249.98523090000006,0.9129749564555839,0.024293446436619518,0.0014909655829593446,1.911530226144213e-4,107.34877730581368,G02638,113.63688344111947,29.582529613545592,10000.00000000005,NA,NA,NA,NA,NA,NA,NA,NA,NA,NA,NA,NA,NA,NA,NA,NA,NA,NA,NA,NA,NA,NA,NA,NA,NA,NA,NA,NA,NA,NA,NA,NA,NA,NA,NA,NA,NA,NA,NA,NA,0,0,0,NA,0,0,0.05961570409467234,0.10957962321581846
2639,8.41701420913375,0.01841389353825309,249.98523090000006,0.9129749564555839,0.024293446436619518,0.0014909655829593446,1.911530226144213e-4,107.34877730581368,G02639,114.53519872523898,29.582529613545592,10000.00000000001,NA,NA,NA,NA,NA,NA,NA,NA,NA,NA,NA,NA,NA,NA,NA,NA,NA,NA,NA,NA,NA,NA,NA,NA,NA,NA,NA,NA,NA,NA,NA,NA,NA,NA,NA,NA,NA,NA,NA,NA,0,0,0,NA,0,0,0.05961570409467234,0.10957962321581846
2640,8.41701420913375,0.01841389353825309,249.98523090000006,0.9129749564555839,0.024293446436619518,0.0014909655829593446,1.911530226144213e-4,107.34877730581368,G02640,115.43351400935852,29.582529613545592,10000.000000000015,NA,NA,NA,NA,NA,NA,NA,NA,NA,NA,NA,NA,NA,NA,NA,NA,NA,NA,NA,NA,NA,NA,NA,NA,NA,NA,NA,NA,NA,NA,NA,NA,NA,NA,NA,NA,NA,NA,NA,NA,0,0,0,NA,0,0,0.05961570409467234,0.10957962321581846
2641,8.41701420913375,0.01841389353825309,249.98523090000006,0.9129749564555839,0.024293446436619518,0.0014909655829593446,1.911530226144213e-4,107.34877730581368,G02641,116.33182929347802,29.582529613545592,9999.999999999985,NA,NA,NA,NA,NA,NA,NA,NA,NA,NA,NA,NA,NA,NA,NA,NA,NA,NA,NA,NA,NA,NA,NA,NA,NA,NA,NA,NA,NA,NA,NA,NA,NA,NA,NA,NA,NA,NA,NA,NA,0,0,0,NA,0,0,0.05961570409467234,0.10957962321581846
2642,8.41701420913375,0.01841389353825309,249.98523090000006,0.9129749564555839,0.024293446436619518,0.0014909655829593446,1.911530226144213e-4,107.34877730581368,G02642,117.23014457759756,29.582529613545592,10000.000000000013,NA,NA,NA,NA,NA,NA,NA,NA,NA,NA,NA,NA,NA,NA,NA,NA,NA,NA,NA,NA,NA,NA,NA,NA,NA,NA,NA,NA,NA,NA,NA,NA,NA,NA,NA,NA,NA,NA,NA,NA,0,0,0,NA,0,0,0.05961570409467234,0.10957962321581846
2643,8.41701420913374,0.018413893538252735,249.98523090000006,0.9129749564555687,0.024293446436619567,0.0014909655829595646,1.9115302261442355e-4,107.34877730581368,G02643,118.12845986171696,29.58252961354558,9999.9999999998945,NA,NA,NA,NA,NA,NA,NA,NA,NA,NA,NA,NA,NA,NA,NA,NA,NA,NA,NA,NA,NA,NA,NA,NA,NA,NA,NA,NA,NA,NA,NA,NA,NA,NA,NA,NA,NA,NA,NA,NA,0,0,0,NA,0,0,0.059615704094672387,0.10957962321582385
2644,8.41701420913375,0.01841389353825309,249.98523090000006,0.9129749564555839,0.024293446436619518,0.0014909655829593446,1.911530226144213e-4,107.34877730581368,G02644,119.0267751458366,29.582529613545617,9999.999999999638,NA,NA,NA,NA,NA,NA,NA,NA,NA,NA,NA,NA,NA,NA,NA,NA,NA,NA,NA,NA,NA,NA,NA,NA,NA,NA,NA,NA,NA,NA,NA,NA,NA,NA,NA,NA,NA,NA,NA,NA,0,0,0,NA,0,0,0.05961570409467234,0.10957962321581846
2645,8.41701420913375,0.01841389353825309,249.98523090000006,0.9129749564555839,0.024293446436619518,0.0014909655829593446,1.911530226144213e-4,107.34877730581368,G02645,119.9250904299561,29.582529613545592,10000,NA,NA,NA,NA,NA,NA,NA,NA,NA,NA,NA,NA,NA,NA,NA,NA,NA,NA,NA,NA,NA,NA,NA,NA,NA,NA,NA,NA,NA,NA,NA,NA,NA,NA,NA,NA,NA,NA,NA,NA,0,0,0,NA,0,0,0.05961570409467234,0.10957962321581846
2646,8.41701420913375,0.01841389353825309,249.98523090000006,0.9129749564555839,0.024293446436619518,0.0014909655829593446,1.911530226144213e-4,107.34877730581368,G02646,120.82340571407563,29.582529613545592,10000,NA,NA,NA,NA,NA,NA,NA,NA,NA,NA,NA,NA,NA,NA,NA,NA,NA,NA,NA,NA,NA,NA,NA,NA,NA,NA,NA,NA,NA,NA,NA,NA,NA,NA,NA,NA,NA,NA,NA,NA,0,0,0,NA,0,0,0.05961570409467234,0.10957962321581846
2647,8.41795978014738,0.018430532539662054,264.3486953000001,0.9111817668434019,0.02424658051707942,0.0014454654512512924,1.905840138074789e-4,107.31920025132052,G02647,121.60307572911685,29.600477222511255,6643.010277030129,NA,NA,NA,NA,NA,NA,NA,NA,NA,NA,NA,NA,NA,NA,NA,NA,NA,NA,NA,NA,NA,NA,NA,NA,NA,NA,NA,NA,NA,NA,NA,NA,NA,NA,NA,NA,NA,NA,NA,NA,0,0,0,NA,0,0,0.059645838771630696,0.10953629586397418
2648,8.426017655119775,0.018675333432251834,263.97463710000017,0.8872603687074649,0.023628696667714742,8.414789172372509e-4,1.8303894918518608e-4,106.91677135561757,G02648,122.28135817408369,29.843172109284318,233.74498802801872,NA,NA,NA,NA,NA,NA,NA,NA,NA,NA,NA,NA,NA,NA,NA,NA,NA,NA,NA,NA,NA,NA,NA,NA,NA,NA,NA,NA,NA,NA,NA,NA,NA,NA,NA,NA,NA,NA,NA,NA,0,0,0,NA,0,0,0.06003183426063999,0.10891088280819655
2678,8.346980048453965,0.0179334177346421,237.50352469999987,0.9826791158276877,0.026171164508535263,0.0032873201017034432,2.1392325179984546e-4,108.44570092798739,G02678,84.94396520220575,28.90141313282075,6937.568414071802,NA,NA,NA,NA,NA,NA,NA,NA,NA,NA,NA,NA,NA,NA,NA,NA,NA,NA,NA,NA,NA,NA,NA,NA,NA,NA,NA,NA,NA,NA,NA,NA,NA,NA,NA,NA,NA,NA,NA,NA,0,0,0,NA,0,0,0.058323601262066184,0.11090802982711735
2679,8.330825768706251,0.017885771287057456,240.35747499999994,0.9933949567571495,0.026468921244391763,0.003568721831621142,2.175715822975314e-4,108.60652283126478,G02679,85.7891096334143,28.798307033908976,10000,NA,NA,NA,NA,NA,NA,NA,NA,NA,NA,NA,NA,NA,NA,NA,NA,NA,NA,NA,NA,NA,NA,NA,NA,NA,NA,NA,NA,NA,NA,NA,NA,NA,NA,NA,NA,NA,NA,NA,NA,0,0,0,NA,0,0,0.05810475666859388,0.1110549019879631
2680,8.330825768706251,0.017885771287057456,240.35747499999994,0.9933949567571495,0.026468921244391763,0.003568721831621142,2.175715822975314e-4,108.60652283126478,G02680,86.68742491753382,28.798307033908976,10000,NA,NA,NA,NA,NA,NA,NA,NA,NA,NA,NA,NA,NA,NA,NA,NA,NA,NA,NA,NA,NA,NA,NA,NA,NA,NA,NA,NA,NA,NA,NA,NA,NA,NA,NA,NA,NA,NA,NA,NA,0,0,0,NA,0,0,0.05810475666859388,0.1110549019879631
2681,8.330825768706251,0.017885771287057456,240.35747499999994,0.9933949567571495,0.026468921244391763,0.003568721831621142,2.175715822975314e-4,108.60652283126478,G02681,87.58574020165334,28.798307033908976,10000,NA,NA,NA,NA,NA,NA,NA,NA,NA,NA,NA,NA,NA,NA,NA,NA,NA,NA,NA,NA,NA,NA,NA,NA,NA,NA,NA,NA,NA,NA,NA,NA,NA,NA,NA,NA,NA,NA,NA,NA,0,0,0,NA,0,0,0.05810475666859388,0.1110549019879631
2682,8.330825768706251,0.017885771287057456,240.35747499999994,0.9933949567571495,0.026468921244391763,0.003568721831621142,2.175715822975314e-4,108.60652283126478,G02682,88.48405548577286,28.798307033908976,10000,NA,NA,NA,NA,NA,NA,NA,NA,NA,NA,NA,NA,NA,NA,NA,NA,NA,NA,NA,NA,NA,NA,NA,NA,NA,NA,NA,NA,NA,NA,NA,NA,NA,NA,NA,NA,NA,NA,NA,NA,0,0,0,NA,0,0,0.05810475666859388,0.1110549019879631
2683,8.330825768706251,0.017885771287057456,240.35747499999994,0.9933949567571495,0.026468921244391763,0.003568721831621142,2.175715822975314e-4,108.60652283126478,G02683,89.38237076989238,28.798307033908976,10000,NA,NA,NA,NA,NA,NA,NA,NA,NA,NA,NA,NA,NA,NA,NA,NA,NA,NA,NA,NA,NA,NA,NA,NA,NA,NA,NA,NA,NA,NA,NA,NA,NA,NA,NA,NA,NA,NA,NA,NA,0,0,0,NA,0,0,0.05810475666859388,0.1110549019879631
2684,8.330825768706251,0.017885771287057456,240.35747499999994,0.9933949567571495,0.026468921244391763,0.003568721831621142,2.175715822975314e-4,108.60652283126478,G02684,90.2806860540119,28.798307033908976,10000,NA,NA,NA,NA,NA,NA,NA,NA,NA,NA,NA,NA,NA,NA,NA,NA,NA,NA,NA,NA,NA,NA,NA,NA,NA,NA,NA,NA,NA,NA,NA,NA,NA,NA,NA,NA,NA,NA,NA,NA,0,0,0,NA,0,0,0.05810475666859388,0.1110549019879631
2685,8.330825768706251,0.017885771287057456,240.35747499999994,0.9933949567571495,0.026468921244391763,0.003568721831621142,2.175715822975314e-4,108.60652283126478,G02685,91.17900133813141,28.798307033908976,10000,NA,NA,NA,NA,NA,NA,NA,NA,NA,NA,NA,NA,NA,NA,NA,NA,NA,NA,NA,NA,NA,NA,NA,NA,NA,NA,NA,NA,NA,NA,NA,NA,NA,NA,NA,NA,NA,NA,NA,NA,0,0,0,NA,0,0,0.05810475666859388,0.1110549019879631
2686,8.330825768706251,0.017885771287057456,240.35747499999994,0.9933949567571495,0.026468921244391763,0.003568721831621142,2.175715822975314e-4,108.60652283126478,G02686,92.07731662225093,28.798307033908976,10000,NA,NA,NA,NA,NA,NA,NA,NA,NA,NA,NA,NA,NA,NA,NA,NA,NA,NA,NA,NA,NA,NA,NA,NA,NA,NA,NA,NA,NA,NA,NA,NA,NA,NA,NA,NA,NA,NA,NA,NA,0,0,0,NA,0,0,0.05810475666859388,0.1110549019879631
2687,8.330825768706251,0.017885771287057456,240.35747499999994,0.9933949567571495,0.026468921244391763,0.003568721831621142,2.175715822975314e-4,108.60652283126478,G02687,92.97563190637047,28.798307033908976,10000,NA,NA,NA,NA,NA,NA,NA,NA,NA,NA,NA,NA,NA,NA,NA,NA,NA,NA,NA,NA,NA,NA,NA,NA,NA,NA,NA,NA,NA,NA,NA,NA,NA,NA,NA,NA,NA,NA,NA,NA,0,0,0,NA,0,0,0.05810475666859388,0.1110549019879631
2688,8.330825768706251,0.017885771287057456,240.35747499999994,0.9933949567571495,0.026468921244391763,0.003568721831621142,2.175715822975314e-4,108.60652283126478,G02688,93.87394719048999,28.798307033908976,10000,NA,NA,NA,NA,NA,NA,NA,NA,NA,NA,NA,NA,NA,NA,NA,NA,NA,NA,NA,NA,NA,NA,NA,NA,NA,NA,NA,NA,NA,NA,NA,NA,NA,NA,NA,NA,NA,NA,NA,NA,0,0,0,NA,0,0,0.05810475666859388,0.1110549019879631
2689,8.330825768706251,0.017885771287057456,240.35747499999994,0.9933949567571495,0.026468921244391763,0.003568721831621142,2.175715822975314e-4,108.60652283126478,G02689,94.7722624746095,28.798307033908976,10000,NA,NA,NA,NA,NA,NA,NA,NA,NA,NA,NA,NA,NA,NA,NA,NA,NA,NA,NA,NA,NA,NA,NA,NA,NA,NA,NA,NA,NA,NA,NA,NA,NA,NA,NA,NA,NA,NA,NA,NA,0,0,0,NA,0,0,0.05810475666859388,0.1110549019879631
2691,8.330825768706251,0.017885771287057456,240.35747499999994,0.9933949567571495,0.026468921244391763,0.003568721831621142,2.175715822975314e-4,108.60652283126478,G02691,96.56889304284854,28.798307033908976,10000,NA,NA,NA,NA,NA,NA,NA,NA,NA,NA,NA,NA,NA,NA,NA,NA,NA,NA,NA,NA,NA,NA,NA,NA,NA,NA,NA,NA,NA,NA,NA,NA,NA,NA,NA,NA,NA,NA,NA,NA,0,0,0,NA,0,0,0.05810475666859388,0.1110549019879631
2692,8.332772624830078,0.01789097844725337,243.65020279999985,0.9921501706565238,0.026434217748527104,0.003535956809630062,2.1714536431630328e-4,108.58793380763544,G02692,97.4611946062528,28.81027685597837,9656.876633687258,NA,NA,NA,NA,NA,NA,NA,NA,NA,NA,NA,NA,NA,NA,NA,NA,NA,NA,NA,NA,NA,NA,NA,NA,NA,NA,NA,NA,NA,NA,NA,NA,NA,NA,NA,NA,NA,NA,NA,NA,0,0,0,NA,0,0,0.058130451095830114,0.11103856879550066
2693,8.330825768706251,0.017885771287057456,240.35747499999994,0.9933949567571495,0.026468921244391763,0.003568721831621142,2.175715822975314e-4,108.60652283126478,G02693,98.3655236110876,28.798307033908976,10000.00000000001,NA,NA,NA,NA,NA,NA,NA,NA,NA,NA,NA,NA,NA,NA,NA,NA,NA,NA,NA,NA,NA,NA,NA,NA,NA,NA,NA,NA,NA,NA,NA,NA,NA,NA,NA,NA,NA,NA,NA,NA,0,0,0,NA,0,0,0.05810475666859388,0.1110549019879631
2694,8.330825768706251,0.017885771287057456,240.35747499999994,0.9933949567571495,0.026468921244391763,0.003568721831621142,2.175715822975314e-4,108.60652283126478,G02694,99.26383889520712,28.798307033908976,10000.000000000036,NA,NA,NA,NA,NA,NA,NA,NA,NA,NA,NA,NA,NA,NA,NA,NA,NA,NA,NA,NA,NA,NA,NA,NA,NA,NA,NA,NA,NA,NA,NA,NA,NA,NA,NA,NA,NA,NA,NA,NA,0,0,0,NA,0,0,0.05810475666859388,0.1110549019879631
2695,8.330825768706251,0.017885771287057456,240.35747499999994,0.9933949567571495,0.026468921244391763,0.003568721831621142,2.175715822975314e-4,108.60652283126478,G02695,100.16215417932663,28.798307033908976,9999.999999999904,NA,NA,NA,NA,NA,NA,NA,NA,NA,NA,NA,NA,NA,NA,NA,NA,NA,NA,NA,NA,NA,NA,NA,NA,NA,NA,NA,NA,NA,NA,NA,NA,NA,NA,NA,NA,NA,NA,NA,NA,0,0,0,NA,0,0,0.05810475666859388,0.1110549019879631
2696,8.330825768706251,0.017885771287057456,240.35747499999994,0.9933949567571495,0.026468921244391763,0.003568721831621142,2.175715822975314e-4,108.60652283126478,G02696,101.06046946344617,28.798307033908976,10000,NA,NA,NA,NA,NA,NA,NA,NA,NA,NA,NA,NA,NA,NA,NA,NA,NA,NA,NA,NA,NA,NA,NA,NA,NA,NA,NA,NA,NA,NA,NA,NA,NA,NA,NA,NA,NA,NA,NA,NA,0,0,0,NA,0,0,0.05810475666859388,0.1110549019879631
2697,8.330825768706251,0.017885771287057456,240.35747499999994,0.9933949567571495,0.026468921244391763,0.003568721831621142,2.175715822975314e-4,108.60652283126478,G02697,101.95878474756569,28.798307033908976,10000,NA,NA,NA,NA,NA,NA,NA,NA,NA,NA,NA,NA,NA,NA,NA,NA,NA,NA,NA,NA,NA,NA,NA,NA,NA,NA,NA,NA,NA,NA,NA,NA,NA,NA,NA,NA,NA,NA,NA,NA,0,0,0,NA,0,0,0.05810475666859388,0.1110549019879631
2698,8.330825768706251,0.017885771287057456,240.35747499999994,0.9933949567571495,0.026468921244391763,0.003568721831621142,2.175715822975314e-4,108.60652283126478,G02698,102.8571000316852,28.798307033908976,10000,NA,NA,NA,NA,NA,NA,NA,NA,NA,NA,NA,NA,NA,NA,NA,NA,NA,NA,NA,NA,NA,NA,NA,NA,NA,NA,NA,NA,NA,NA,NA,NA,NA,NA,NA,NA,NA,NA,NA,NA,0,0,0,NA,0,0,0.05810475666859388,0.1110549019879631
2699,8.330825768706251,0.017885771287057456,240.35747499999994,0.9933949567571495,0.026468921244391763,0.003568721831621142,2.175715822975314e-4,108.60652283126478,G02699,103.7554153158047,28.798307033908976,9999.999999999989,NA,NA,NA,NA,NA,NA,NA,NA,NA,NA,NA,NA,NA,NA,NA,NA,NA,NA,NA,NA,NA,NA,NA,NA,NA,NA,NA,NA,NA,NA,NA,NA,NA,NA,NA,NA,NA,NA,NA,NA,0,0,0,NA,0,0,0.05810475666859388,0.1110549019879631
2700,8.330825768706251,0.017885771287057456,240.35747499999994,0.9933949567571495,0.026468921244391763,0.003568721831621142,2.175715822975314e-4,108.60652283126478,G02700,104.65373059992424,28.798307033908976,10000.000000000011,NA,NA,NA,NA,NA,NA,NA,NA,NA,NA,NA,NA,NA,NA,NA,NA,NA,NA,NA,NA,NA,NA,NA,NA,NA,NA,NA,NA,NA,NA,NA,NA,NA,NA,NA,NA,NA,NA,NA,NA,0,0,0,NA,0,0,0.05810475666859388,0.1110549019879631
2701,8.330825768706251,0.017885771287057456,240.35747499999994,0.9933949567571495,0.026468921244391763,0.003568721831621142,2.175715822975314e-4,108.60652283126478,G02701,105.55204588404378,28.798307033908987,10000.000000000007,NA,NA,NA,NA,NA,NA,NA,NA,NA,NA,NA,NA,NA,NA,NA,NA,NA,NA,NA,NA,NA,NA,NA,NA,NA,NA,NA,NA,NA,NA,NA,NA,NA,NA,NA,NA,NA,NA,NA,NA,0,0,0,NA,0,0,0.05810475666859388,0.1110549019879631
2702,8.330825768706251,0.017885771287057456,240.35747499999994,0.9933949567571495,0.026468921244391763,0.003568721831621142,2.175715822975314e-4,108.60652283126478,G02702,106.45036116816328,28.798307033908976,9999.999999999958,NA,NA,NA,NA,NA,NA,NA,NA,NA,NA,NA,NA,NA,NA,NA,NA,NA,NA,NA,NA,NA,NA,NA,NA,NA,NA,NA,NA,NA,NA,NA,NA,NA,NA,NA,NA,NA,NA,NA,NA,0,0,0,NA,0,0,0.05810475666859388,0.1110549019879631
2703,8.330825768706251,0.017885771287057456,240.35747499999994,0.9933949567571495,0.026468921244391763,0.003568721831621142,2.175715822975314e-4,108.60652283126478,G02703,107.34867645228282,28.798307033908976,10000,NA,NA,NA,NA,NA,NA,NA,NA,NA,NA,NA,NA,NA,NA,NA,NA,NA,NA,NA,NA,NA,NA,NA,NA,NA,NA,NA,NA,NA,NA,NA,NA,NA,NA,NA,NA,NA,NA,NA,NA,0,0,0,NA,0,0,0.05810475666859388,0.1110549019879631
2704,8.330825768706251,0.017885771287057456,240.35747499999994,0.9933949567571495,0.026468921244391763,0.003568721831621142,2.175715822975314e-4,108.60652283126478,G02704,108.24699173640234,28.798307033908976,9999.999999999996,NA,NA,NA,NA,NA,NA,NA,NA,NA,NA,NA,NA,NA,NA,NA,NA,NA,NA,NA,NA,NA,NA,NA,NA,NA,NA,NA,NA,NA,NA,NA,NA,NA,NA,NA,NA,NA,NA,NA,NA,0,0,0,NA,0,0,0.05810475666859388,0.1110549019879631
2705,8.330825768706251,0.017885771287057456,240.35747499999994,0.9933949567571495,0.026468921244391763,0.003568721831621142,2.175715822975314e-4,108.60652283126478,G02705,109.14530702052186,28.798307033908976,10000,NA,NA,NA,NA,NA,NA,NA,NA,NA,NA,NA,NA,NA,NA,NA,NA,NA,NA,NA,NA,NA,NA,NA,NA,NA,NA,NA,NA,NA,NA,NA,NA,NA,NA,NA,NA,NA,NA,NA,NA,0,0,0,NA,0,0,0.05810475666859388,0.1110549019879631
2706,8.330825768706251,0.017885771287057456,240.35747499999994,0.9933949567571495,0.026468921244391763,0.003568721831621142,2.175715822975314e-4,108.60652283126478,G02706,110.04362230464137,28.798307033908976,10000,NA,NA,NA,NA,NA,NA,NA,NA,NA,NA,NA,NA,NA,NA,NA,NA,NA,NA,NA,NA,NA,NA,NA,NA,NA,NA,NA,NA,NA,NA,NA,NA,NA,NA,NA,NA,NA,NA,NA,NA,0,0,0,NA,0,0,0.05810475666859388,0.1110549019879631
2707,8.330825768706251,0.017885771287057456,240.35747499999994,0.9933949567571495,0.026468921244391763,0.003568721831621142,2.175715822975314e-4,108.60652283126478,G02707,110.9419375887609,28.798307033908976,10000,NA,NA,NA,NA,NA,NA,NA,NA,NA,NA,NA,NA,NA,NA,NA,NA,NA,NA,NA,NA,NA,NA,NA,NA,NA,NA,NA,NA,NA,NA,NA,NA,NA,NA,NA,NA,NA,NA,NA,NA,0,0,0,NA,0,0,0.05810475666859388,0.1110549019879631
2708,8.330825768706251,0.017885771287057456,240.35747499999994,0.9933949567571495,0.026468921244391763,0.003568721831621142,2.175715822975314e-4,108.60652283126478,G02708,111.84025287288041,28.798307033908976,10000,NA,NA,NA,NA,NA,NA,NA,NA,NA,NA,NA,NA,NA,NA,NA,NA,NA,NA,NA,NA,NA,NA,NA,NA,NA,NA,NA,NA,NA,NA,NA,NA,NA,NA,NA,NA,NA,NA,NA,NA,0,0,0,NA,0,0,0.05810475666859388,0.1110549019879631
2709,8.330825768706251,0.017885771287057456,240.35747499999994,0.9933949567571495,0.026468921244391763,0.003568721831621142,2.175715822975314e-4,108.60652283126478,G02709,112.73856815699993,28.798307033908976,10000,NA,NA,NA,NA,NA,NA,NA,NA,NA,NA,NA,NA,NA,NA,NA,NA,NA,NA,NA,NA,NA,NA,NA,NA,NA,NA,NA,NA,NA,NA,NA,NA,NA,NA,NA,NA,NA,NA,NA,NA,0,0,0,NA,0,0,0.05810475666859388,0.1110549019879631
2710,8.330825768706251,0.017885771287057456,240.35747499999994,0.9933949567571495,0.026468921244391763,0.003568721831621142,2.175715822975314e-4,108.60652283126478,G02710,113.63688344111945,28.798307033908976,10000.000000000016,NA,NA,NA,NA,NA,NA,NA,NA,NA,NA,NA,NA,NA,NA,NA,NA,NA,NA,NA,NA,NA,NA,NA,NA,NA,NA,NA,NA,NA,NA,NA,NA,NA,NA,NA,NA,NA,NA,NA,NA,0,0,0,NA,0,0,0.05810475666859388,0.1110549019879631
2711,8.330825768706251,0.017885771287057456,240.35747499999994,0.9933949567571495,0.026468921244391763,0.003568721831621142,2.175715822975314e-4,108.60652283126478,G02711,114.53519872523898,28.798307033908987,9999.999999999984,NA,NA,NA,NA,NA,NA,NA,NA,NA,NA,NA,NA,NA,NA,NA,NA,NA,NA,NA,NA,NA,NA,NA,NA,NA,NA,NA,NA,NA,NA,NA,NA,NA,NA,NA,NA,NA,NA,NA,NA,0,0,0,NA,0,0,0.05810475666859388,0.1110549019879631
2712,8.330825768706251,0.017885771287057456,240.35747499999994,0.9933949567571495,0.026468921244391763,0.003568721831621142,2.175715822975314e-4,108.60652283126478,G02712,115.43351400935852,28.798307033908976,10000,NA,NA,NA,NA,NA,NA,NA,NA,NA,NA,NA,NA,NA,NA,NA,NA,NA,NA,NA,NA,NA,NA,NA,NA,NA,NA,NA,NA,NA,NA,NA,NA,NA,NA,NA,NA,NA,NA,NA,NA,0,0,0,NA,0,0,0.05810475666859388,0.1110549019879631
2713,8.330825768706251,0.017885771287057456,240.35747499999994,0.9933949567571495,0.026468921244391763,0.003568721831621142,2.175715822975314e-4,108.60652283126478,G02713,116.33182929347802,28.798307033908976,10000,NA,NA,NA,NA,NA,NA,NA,NA,NA,NA,NA,NA,NA,NA,NA,NA,NA,NA,NA,NA,NA,NA,NA,NA,NA,NA,NA,NA,NA,NA,NA,NA,NA,NA,NA,NA,NA,NA,NA,NA,0,0,0,NA,0,0,0.05810475666859388,0.1110549019879631
2714,8.330825768706251,0.017885771287057456,240.35747499999994,0.9933949567571495,0.026468921244391763,0.003568721831621142,2.175715822975314e-4,108.60652283126478,G02714,117.23014457759756,28.798307033908976,10000,NA,NA,NA,NA,NA,NA,NA,NA,NA,NA,NA,NA,NA,NA,NA,NA,NA,NA,NA,NA,NA,NA,NA,NA,NA,NA,NA,NA,NA,NA,NA,NA,NA,NA,NA,NA,NA,NA,NA,NA,0,0,0,NA,0,0,0.05810475666859388,0.1110549019879631
2715,8.33082576870626,0.017885771287058577,240.35747499999994,0.9933949567571405,0.026468921244392,0.003568721831620964,2.175715822975231e-4,108.60652283126474,G02715,118.12845986171699,28.798307033908976,9999.999999999605,NA,NA,NA,NA,NA,NA,NA,NA,NA,NA,NA,NA,NA,NA,NA,NA,NA,NA,NA,NA,NA,NA,NA,NA,NA,NA,NA,NA,NA,NA,NA,NA,NA,NA,NA,NA,NA,NA,NA,NA,0,0,0,NA,0,0,0.05810475666859394,0.11105490198797414
2716,8.330825768706251,0.017885771287057456,240.35747499999994,0.9933949567571495,0.026468921244391763,0.003568721831621142,2.175715822975314e-4,108.60652283126478,G02716,119.0267751458366,28.798307033908976,10000,NA,NA,NA,NA,NA,NA,NA,NA,NA,NA,NA,NA,NA,NA,NA,NA,NA,NA,NA,NA,NA,NA,NA,NA,NA,NA,NA,NA,NA,NA,NA,NA,NA,NA,NA,NA,NA,NA,NA,NA,0,0,0,NA,0,0,0.05810475666859388,0.1110549019879631
2717,8.330825768706251,0.017885771287057456,240.35747499999994,0.9933949567571495,0.026468921244391763,0.003568721831621142,2.175715822975314e-4,108.60652283126478,G02717,119.9250904299561,28.798307033908976,10000,NA,NA,NA,NA,NA,NA,NA,NA,NA,NA,NA,NA,NA,NA,NA,NA,NA,NA,NA,NA,NA,NA,NA,NA,NA,NA,NA,NA,NA,NA,NA,NA,NA,NA,NA,NA,NA,NA,NA,NA,0,0,0,NA,0,0,0.05810475666859388,0.1110549019879631
2718,8.330825768706251,0.017885771287057456,240.35747499999994,0.9933949567571495,0.026468921244391763,0.003568721831621142,2.175715822975314e-4,108.60652283126478,G02718,120.82340571407563,28.798307033908976,10000,NA,NA,NA,NA,NA,NA,NA,NA,NA,NA,NA,NA,NA,NA,NA,NA,NA,NA,NA,NA,NA,NA,NA,NA,NA,NA,NA,NA,NA,NA,NA,NA,NA,NA,NA,NA,NA,NA,NA,NA,0,0,0,NA,0,0,0.05810475666859388,0.1110549019879631
2719,8.334433711122193,0.01789552906208858,246.13515819999998,0.991078666101996,0.026404369172737637,0.003507769048097514,2.1677899442106572e-4,108.5719132555815,G02719,121.45655217894213,28.820581656583666,3375.074178683151,NA,NA,NA,NA,NA,NA,NA,NA,NA,NA,NA,NA,NA,NA,NA,NA,NA,NA,NA,NA,NA,NA,NA,NA,NA,NA,NA,NA,NA,NA,NA,NA,NA,NA,NA,NA,NA,NA,NA,NA,0,0,0,NA,0,0,0.058152511282348884,0.1110243573622996
2750,8.251290800676351,0.01775469881578947,236.76718549999995,1.0369298093916288,0.027700236947619753,0.004727494322165532,2.3291019374492886e-4,109.24245368695125,G02750,85.26775863631863,28.379505373408943,111.33252925690749,NA,NA,NA,NA,NA,NA,NA,NA,NA,NA,NA,NA,NA,NA,NA,NA,NA,NA,NA,NA,NA,NA,NA,NA,NA,NA,NA,NA,NA,NA,NA,NA,NA,NA,NA,NA,NA,NA,NA,NA,0,0,0,NA,0,0,0.057160864441392914,0.11151281913075811
2751,8.222782058434824,0.017733345380752157,243.07159869999973,1.050146310093107,0.02808010401048454,0.005084202466970124,2.3774345112746295e-4,109.4303900817534,G02751,85.95123388964869,28.251784716724668,2375.7018164178194,NA,NA,NA,NA,NA,NA,NA,NA,NA,NA,NA,NA,NA,NA,NA,NA,NA,NA,NA,NA,NA,NA,NA,NA,NA,NA,NA,NA,NA,NA,NA,NA,NA,NA,NA,NA,NA,NA,NA,NA,0,0,0,NA,0,0,0.05685672483888261,0.11161134522301323
2752,8.212393119180934,0.017727803294182883,244.90931009999983,1.0547425030227127,0.02821277057095302,0.00520877305816334,2.3944441928536717e-4,109.49521473019118,G02752,86.69079860185686,28.207251692705317,4839.152196555246,NA,NA,NA,NA,NA,NA,NA,NA,NA,NA,NA,NA,NA,NA,NA,NA,NA,NA,NA,NA,NA,NA,NA,NA,NA,NA,NA,NA,NA,NA,NA,NA,NA,NA,NA,NA,NA,NA,NA,NA,0,0,0,NA,0,0,0.05674900895246564,0.11164157134755298
2753,8.196227898611614,0.017721226328107086,245.82606189999987,1.0616883253613492,0.028413763205240132,0.005397523000421816,2.4203485182676686e-4,109.59266218596284,G02753,87.5751069693111,28.139819929109766,6649.141682542662,NA,NA,NA,NA,NA,NA,NA,NA,NA,NA,NA,NA,NA,NA,NA,NA,NA,NA,NA,NA,NA,NA,NA,NA,NA,NA,NA,NA,NA,NA,NA,NA,NA,NA,NA,NA,NA,NA,NA,NA,0,0,0,NA,0,0,0.0565843086947973,0.11168345685628404
2754,8.204432709853018,0.01772426768729842,244.90931009999983,1.0581930031130184,0.02831254474420517,0.005302464938181952,2.4072827596748972e-4,109.54370155533235,G02754,88.47906252792895,28.173774255318012,5239.262567075521,NA,NA,NA,NA,NA,NA,NA,NA,NA,NA,NA,NA,NA,NA,NA,NA,NA,NA,NA,NA,NA,NA,NA,NA,NA,NA,NA,NA,NA,NA,NA,NA,NA,NA,NA,NA,NA,NA,NA,NA,0,0,0,NA,0,0,0.05666747944802973,0.11166294150038547
2755,8.187907708714832,0.017718730094565736,245.42659199999983,1.0651725808544834,0.028514803166386698,0.005492427310611356,2.433433545107444e-4,109.64131176019163,G02755,89.25332826899863,28.10592880225792,5997.8995058105265,NA,NA,NA,NA,NA,NA,NA,NA,NA,NA,NA,NA,NA,NA,NA,NA,NA,NA,NA,NA,NA,NA,NA,NA,NA,NA,NA,NA,NA,NA,NA,NA,NA,NA,NA,NA,NA,NA,NA,NA,0,0,0,NA,0,0,0.0565008166712342,0.11170279414243114
2756,8.228574888931032,0.0177369221087824,239.87313499999976,1.0475352044538162,0.028004860899993152,0.005013552324540971,2.3678178058094418e-4,109.39344131493515,G02756,90.34072328312001,28.277055262486577,3033.523374762247,NA,NA,NA,NA,NA,NA,NA,NA,NA,NA,NA,NA,NA,NA,NA,NA,NA,NA,NA,NA,NA,NA,NA,NA,NA,NA,NA,NA,NA,NA,NA,NA,NA,NA,NA,NA,NA,NA,NA,NA,0,0,0,NA,0,0,0.05691746956702416,0.11159326162912342
2757,8.20937765091636,0.01772639391951419,244.90931009999983,1.0560566451196831,0.028250752583144648,0.005244438759892592,2.3993268546334417e-4,109.51369927327157,G02757,91.19294385705,28.194506342648555,5211.639897434801,NA,NA,NA,NA,NA,NA,NA,NA,NA,NA,NA,NA,NA,NA,NA,NA,NA,NA,NA,NA,NA,NA,NA,NA,NA,NA,NA,NA,NA,NA,NA,NA,NA,NA,NA,NA,NA,NA,NA,NA,0,0,0,NA,0,0,0.05671802522012569,0.11164984254962348
2758,8.163414865603885,0.017714500838892224,243.59217690000003,1.0751045577466396,0.02880353792975465,0.005763739881379731,2.471065512304411e-4,109.77913431524344,G02758,92.07873325459349,28.009059456052505,9968.071921399007,NA,NA,NA,NA,NA,NA,NA,NA,NA,NA,NA,NA,NA,NA,NA,NA,NA,NA,NA,NA,NA,NA,NA,NA,NA,NA,NA,NA,NA,NA,NA,NA,NA,NA,NA,NA,NA,NA,NA,NA,0,0,0,NA,0,0,0.05625960431228016,0.11175200742130265
2759,8.163177183231793,0.017714480933282963,243.59217690000003,1.075198706837141,0.028806279682870105,0.005766317184398153,2.471424597016723e-4,109.7804347290083,G02759,92.97563190637047,28.00813923714311,10000,NA,NA,NA,NA,NA,NA,NA,NA,NA,NA,NA,NA,NA,NA,NA,NA,NA,NA,NA,NA,NA,NA,NA,NA,NA,NA,NA,NA,NA,NA,NA,NA,NA,NA,NA,NA,NA,NA,NA,NA,0,0,0,NA,0,0,0.056257294916084034,0.11175243317060646
2765,8.17446331138514,0.017715860835896283,243.61557079999994,1.0706819455204137,0.028674842084574933,0.005642785783563777,2.4542475203323733e-4,109.71791960893363,G02765,98.47168618869487,28.05224406126764,7292.487007583915,NA,NA,NA,NA,NA,NA,NA,NA,NA,NA,NA,NA,NA,NA,NA,NA,NA,NA,NA,NA,NA,NA,NA,NA,NA,NA,NA,NA,NA,NA,NA,NA,NA,NA,NA,NA,NA,NA,NA,NA,0,0,0,NA,0,0,0.05636760304901005,0.11173115488857371
2766,8.163177183231793,0.017714480933282963,243.59217690000003,1.075198706837141,0.028806279682870105,0.005766317184398153,2.471424597016723e-4,109.7804347290083,G02766,99.26383889520712,28.00813923714311,10000,NA,NA,NA,NA,NA,NA,NA,NA,NA,NA,NA,NA,NA,NA,NA,NA,NA,NA,NA,NA,NA,NA,NA,NA,NA,NA,NA,NA,NA,NA,NA,NA,NA,NA,NA,NA,NA,NA,NA,NA,0,0,0,NA,0,0,0.056257294916084034,0.11175243317060646
2767,8.163177183231793,0.017714480933282963,243.59217690000003,1.075198706837141,0.028806279682870105,0.005766317184398153,2.471424597016723e-4,109.7804347290083,G02767,100.16215417932663,28.00813923714311,10000.000000000007,NA,NA,NA,NA,NA,NA,NA,NA,NA,NA,NA,NA,NA,NA,NA,NA,NA,NA,NA,NA,NA,NA,NA,NA,NA,NA,NA,NA,NA,NA,NA,NA,NA,NA,NA,NA,NA,NA,NA,NA,0,0,0,NA,0,0,0.056257294916084034,0.11175243317060646
2768,8.163177183231793,0.017714480933282963,243.59217690000003,1.075198706837141,0.028806279682870105,0.005766317184398153,2.471424597016723e-4,109.7804347290083,G02768,101.06046946344617,28.00813923714311,9999.999999999993,NA,NA,NA,NA,NA,NA,NA,NA,NA,NA,NA,NA,NA,NA,NA,NA,NA,NA,NA,NA,NA,NA,NA,NA,NA,NA,NA,NA,NA,NA,NA,NA,NA,NA,NA,NA,NA,NA,NA,NA,0,0,0,NA,0,0,0.056257294916084034,0.11175243317060646
2769,8.163177183231793,0.017714480933282963,243.59217690000003,1.075198706837141,0.028806279682870105,0.005766317184398153,2.471424597016723e-4,109.7804347290083,G02769,101.95878474756569,28.00813923714311,10000,NA,NA,NA,NA,NA,NA,NA,NA,NA,NA,NA,NA,NA,NA,NA,NA,NA,NA,NA,NA,NA,NA,NA,NA,NA,NA,NA,NA,NA,NA,NA,NA,NA,NA,NA,NA,NA,NA,NA,NA,0,0,0,NA,0,0,0.056257294916084034,0.11175243317060646
2770,8.163177183231793,0.017714480933282963,243.59217690000003,1.075198706837141,0.028806279682870105,0.005766317184398153,2.471424597016723e-4,109.7804347290083,G02770,102.8571000316852,28.00813923714311,10000,NA,NA,NA,NA,NA,NA,NA,NA,NA,NA,NA,NA,NA,NA,NA,NA,NA,NA,NA,NA,NA,NA,NA,NA,NA,NA,NA,NA,NA,NA,NA,NA,NA,NA,NA,NA,NA,NA,NA,NA,0,0,0,NA,0,0,0.056257294916084034,0.11175243317060646
2771,8.163177183231793,0.017714480933282963,243.59217690000003,1.075198706837141,0.028806279682870105,0.005766317184398153,2.471424597016723e-4,109.7804347290083,G02771,103.75541531580473,28.00813923714311,10000,NA,NA,NA,NA,NA,NA,NA,NA,NA,NA,NA,NA,NA,NA,NA,NA,NA,NA,NA,NA,NA,NA,NA,NA,NA,NA,NA,NA,NA,NA,NA,NA,NA,NA,NA,NA,NA,NA,NA,NA,0,0,0,NA,0,0,0.056257294916084034,0.11175243317060646
2772,8.163177183231793,0.017714480933282963,243.59217690000003,1.075198706837141,0.028806279682870105,0.005766317184398153,2.471424597016723e-4,109.7804347290083,G02772,104.65373059992424,28.00813923714311,9999.999999999995,NA,NA,NA,NA,NA,NA,NA,NA,NA,NA,NA,NA,NA,NA,NA,NA,NA,NA,NA,NA,NA,NA,NA,NA,NA,NA,NA,NA,NA,NA,NA,NA,NA,NA,NA,NA,NA,NA,NA,NA,0,0,0,NA,0,0,0.056257294916084034,0.11175243317060646
2773,8.163177183231793,0.017714480933282963,243.59217690000003,1.075198706837141,0.028806279682870105,0.005766317184398153,2.471424597016723e-4,109.7804347290083,G02773,105.55204588404376,28.00813923714311,10000.000000000047,NA,NA,NA,NA,NA,NA,NA,NA,NA,NA,NA,NA,NA,NA,NA,NA,NA,NA,NA,NA,NA,NA,NA,NA,NA,NA,NA,NA,NA,NA,NA,NA,NA,NA,NA,NA,NA,NA,NA,NA,0,0,0,NA,0,0,0.056257294916084034,0.11175243317060646
2774,8.163177183231793,0.017714480933282963,243.59217690000003,1.075198706837141,0.028806279682870105,0.005766317184398153,2.471424597016723e-4,109.7804347290083,G02774,106.45036116816328,28.00813923714311,9999.999999999922,NA,NA,NA,NA,NA,NA,NA,NA,NA,NA,NA,NA,NA,NA,NA,NA,NA,NA,NA,NA,NA,NA,NA,NA,NA,NA,NA,NA,NA,NA,NA,NA,NA,NA,NA,NA,NA,NA,NA,NA,0,0,0,NA,0,0,0.056257294916084034,0.11175243317060646
2775,8.163177183231793,0.017714480933282963,243.59217690000003,1.075198706837141,0.028806279682870105,0.005766317184398153,2.471424597016723e-4,109.7804347290083,G02775,107.34867645228282,28.00813923714311,10000,NA,NA,NA,NA,NA,NA,NA,NA,NA,NA,NA,NA,NA,NA,NA,NA,NA,NA,NA,NA,NA,NA,NA,NA,NA,NA,NA,NA,NA,NA,NA,NA,NA,NA,NA,NA,NA,NA,NA,NA,0,0,0,NA,0,0,0.056257294916084034,0.11175243317060646
2776,8.163177183231793,0.017714480933282963,243.59217690000003,1.075198706837141,0.028806279682870105,0.005766317184398153,2.471424597016723e-4,109.7804347290083,G02776,108.24699173640235,28.00813923714311,10000,NA,NA,NA,NA,NA,NA,NA,NA,NA,NA,NA,NA,NA,NA,NA,NA,NA,NA,NA,NA,NA,NA,NA,NA,NA,NA,NA,NA,NA,NA,NA,NA,NA,NA,NA,NA,NA,NA,NA,NA,0,0,0,NA,0,0,0.056257294916084034,0.11175243317060646
2777,8.163177183231793,0.017714480933282963,243.59217690000003,1.075198706837141,0.028806279682870105,0.005766317184398153,2.471424597016723e-4,109.7804347290083,G02777,109.14530702052186,28.00813923714311,10000,NA,NA,NA,NA,NA,NA,NA,NA,NA,NA,NA,NA,NA,NA,NA,NA,NA,NA,NA,NA,NA,NA,NA,NA,NA,NA,NA,NA,NA,NA,NA,NA,NA,NA,NA,NA,NA,NA,NA,NA,0,0,0,NA,0,0,0.056257294916084034,0.11175243317060646
2778,8.163177183231793,0.017714480933282963,243.59217690000003,1.075198706837141,0.028806279682870105,0.005766317184398153,2.471424597016723e-4,109.7804347290083,G02778,110.04362230464137,28.00813923714311,10000,NA,NA,NA,NA,NA,NA,NA,NA,NA,NA,NA,NA,NA,NA,NA,NA,NA,NA,NA,NA,NA,NA,NA,NA,NA,NA,NA,NA,NA,NA,NA,NA,NA,NA,NA,NA,NA,NA,NA,NA,0,0,0,NA,0,0,0.056257294916084034,0.11175243317060646
2779,8.163177183231793,0.017714480933282963,243.59217690000003,1.075198706837141,0.028806279682870105,0.005766317184398153,2.471424597016723e-4,109.7804347290083,G02779,110.9419375887609,28.00813923714311,10000,NA,NA,NA,NA,NA,NA,NA,NA,NA,NA,NA,NA,NA,NA,NA,NA,NA,NA,NA,NA,NA,NA,NA,NA,NA,NA,NA,NA,NA,NA,NA,NA,NA,NA,NA,NA,NA,NA,NA,NA,0,0,0,NA,0,0,0.056257294916084034,0.11175243317060646
2780,8.163177183231793,0.017714480933282963,243.59217690000003,1.075198706837141,0.028806279682870105,0.005766317184398153,2.471424597016723e-4,109.7804347290083,G02780,111.84025287288041,28.00813923714311,10000,NA,NA,NA,NA,NA,NA,NA,NA,NA,NA,NA,NA,NA,NA,NA,NA,NA,NA,NA,NA,NA,NA,NA,NA,NA,NA,NA,NA,NA,NA,NA,NA,NA,NA,NA,NA,NA,NA,NA,NA,0,0,0,NA,0,0,0.056257294916084034,0.11175243317060646
2781,8.163177183231793,0.017714480933282963,243.59217690000003,1.075198706837141,0.028806279682870105,0.005766317184398153,2.471424597016723e-4,109.7804347290083,G02781,112.73856815699993,28.00813923714311,10000,NA,NA,NA,NA,NA,NA,NA,NA,NA,NA,NA,NA,NA,NA,NA,NA,NA,NA,NA,NA,NA,NA,NA,NA,NA,NA,NA,NA,NA,NA,NA,NA,NA,NA,NA,NA,NA,NA,NA,NA,0,0,0,NA,0,0,0.056257294916084034,0.11175243317060646
2782,8.163177183231793,0.017714480933282963,243.59217690000003,1.075198706837141,0.028806279682870105,0.005766317184398153,2.471424597016723e-4,109.7804347290083,G02782,113.63688344111945,28.00813923714311,9999.999999999896,NA,NA,NA,NA,NA,NA,NA,NA,NA,NA,NA,NA,NA,NA,NA,NA,NA,NA,NA,NA,NA,NA,NA,NA,NA,NA,NA,NA,NA,NA,NA,NA,NA,NA,NA,NA,NA,NA,NA,NA,0,0,0,NA,0,0,0.056257294916084034,0.11175243317060646
2783,8.163177183231793,0.017714480933282963,243.59217690000003,1.075198706837141,0.028806279682870105,0.005766317184398153,2.471424597016723e-4,109.7804347290083,G02783,114.53519872523898,28.00813923714311,10000,NA,NA,NA,NA,NA,NA,NA,NA,NA,NA,NA,NA,NA,NA,NA,NA,NA,NA,NA,NA,NA,NA,NA,NA,NA,NA,NA,NA,NA,NA,NA,NA,NA,NA,NA,NA,NA,NA,NA,NA,0,0,0,NA,0,0,0.056257294916084034,0.11175243317060646
2784,8.163177183231793,0.017714480933282963,243.59217690000003,1.075198706837141,0.028806279682870105,0.005766317184398153,2.471424597016723e-4,109.7804347290083,G02784,115.43351400935852,28.00813923714311,10000,NA,NA,NA,NA,NA,NA,NA,NA,NA,NA,NA,NA,NA,NA,NA,NA,NA,NA,NA,NA,NA,NA,NA,NA,NA,NA,NA,NA,NA,NA,NA,NA,NA,NA,NA,NA,NA,NA,NA,NA,0,0,0,NA,0,0,0.056257294916084034,0.11175243317060646
2785,8.163177183231793,0.017714480933282963,243.59217690000003,1.075198706837141,0.028806279682870105,0.005766317184398153,2.471424597016723e-4,109.7804347290083,G02785,116.33182929347802,28.00813923714311,10000,NA,NA,NA,NA,NA,NA,NA,NA,NA,NA,NA,NA,NA,NA,NA,NA,NA,NA,NA,NA,NA,NA,NA,NA,NA,NA,NA,NA,NA,NA,NA,NA,NA,NA,NA,NA,NA,NA,NA,NA,0,0,0,NA,0,0,0.056257294916084034,0.11175243317060646
2786,8.163177183231793,0.017714480933282963,243.59217690000003,1.075198706837141,0.028806279682870105,0.005766317184398153,2.471424597016723e-4,109.7804347290083,G02786,117.23014457759756,28.00813923714311,9999.999999999945,NA,NA,NA,NA,NA,NA,NA,NA,NA,NA,NA,NA,NA,NA,NA,NA,NA,NA,NA,NA,NA,NA,NA,NA,NA,NA,NA,NA,NA,NA,NA,NA,NA,NA,NA,NA,NA,NA,NA,NA,0,0,0,NA,0,0,0.056257294916084034,0.11175243317060646
2787,8.163177183231793,0.017714480933282963,243.59217690000003,1.075198706837141,0.028806279682870105,0.005766317184398153,2.471424597016723e-4,109.7804347290083,G02787,118.12845986171709,28.00813923714311,9999.999999999816,NA,NA,NA,NA,NA,NA,NA,NA,NA,NA,NA,NA,NA,NA,NA,NA,NA,NA,NA,NA,NA,NA,NA,NA,NA,NA,NA,NA,NA,NA,NA,NA,NA,NA,NA,NA,NA,NA,NA,NA,0,0,0,NA,0,0,0.056257294916084034,0.11175243317060646
2788,8.163177183231793,0.017714480933282963,243.59217690000003,1.075198706837141,0.028806279682870105,0.005766317184398153,2.471424597016723e-4,109.7804347290083,G02788,119.0267751458366,28.00813923714311,9999.999999999975,NA,NA,NA,NA,NA,NA,NA,NA,NA,NA,NA,NA,NA,NA,NA,NA,NA,NA,NA,NA,NA,NA,NA,NA,NA,NA,NA,NA,NA,NA,NA,NA,NA,NA,NA,NA,NA,NA,NA,NA,0,0,0,NA,0,0,0.056257294916084034,0.11175243317060646
2789,8.163177183231793,0.017714480933282963,243.59217690000003,1.075198706837141,0.028806279682870105,0.005766317184398153,2.471424597016723e-4,109.7804347290083,G02789,119.9250904299561,28.00813923714311,10000,NA,NA,NA,NA,NA,NA,NA,NA,NA,NA,NA,NA,NA,NA,NA,NA,NA,NA,NA,NA,NA,NA,NA,NA,NA,NA,NA,NA,NA,NA,NA,NA,NA,NA,NA,NA,NA,NA,NA,NA,0,0,0,NA,0,0,0.056257294916084034,0.11175243317060646
2790,8.183031900533312,0.017717528420721163,245.42659199999983,1.0671874348431258,0.028573293992828278,0.005547374154175325,2.4410279314813067e-4,109.66937349756233,G02790,120.7111222010372,28.08630941256549,6387.329090648491,NA,NA,NA,NA,NA,NA,NA,NA,NA,NA,NA,NA,NA,NA,NA,NA,NA,NA,NA,NA,NA,NA,NA,NA,NA,NA,NA,NA,NA,NA,NA,NA,NA,NA,NA,NA,NA,NA,NA,NA,0,0,0,NA,0,0,0.05645226849864694,0.11171347763700362
2791,8.234529165912189,0.017740984196533447,239.87313499999976,1.0448133954128809,0.027926527420717894,0.004939999217736838,2.3578291221737518e-4,109.35483170590668,G02791,121.39994499468317,28.303376406763654,707.40683519153,NA,NA,NA,NA,NA,NA,NA,NA,NA,NA,NA,NA,NA,NA,NA,NA,NA,NA,NA,NA,NA,NA,NA,NA,NA,NA,NA,NA,NA,NA,NA,NA,NA,NA,NA,NA,NA,NA,NA,NA,0,0,0,NA,0,0,0.05698044431670458,0.11157369622623807
2826,8.023430787339903,0.017754120964468954,235.03885090000003,1.1248065255949171,0.030258505975106268,0.007136375809018889,2.666658569053474e-4,110.44935198002996,G02826,88.8777232741117,27.51713838832195,320.30791252110777,NA,NA,NA,NA,NA,NA,NA,NA,NA,NA,NA,NA,NA,NA,NA,NA,NA,NA,NA,NA,NA,NA,NA,NA,NA,NA,NA,NA,NA,NA,NA,NA,NA,NA,NA,NA,NA,NA,NA,NA,0,0,0,NA,0,0,0.05498013890995111,0.11188317845857014
2827,8.007246852231118,0.01776374878558771,241.754931,1.1299569582556728,0.030409577383309638,0.007279717370638604,2.687591689786026e-4,110.51685222144175,G02827,89.04439071382124,27.465369889410432,900.0119689084145,NA,NA,NA,NA,NA,NA,NA,NA,NA,NA,NA,NA,NA,NA,NA,NA,NA,NA,NA,NA,NA,NA,NA,NA,NA,NA,NA,NA,NA,NA,NA,NA,NA,NA,NA,NA,NA,NA,NA,NA,0,0,0,NA,0,0,0.05484059911691737,0.11188740869427852
2837,7.959257613171235,0.01779675671241412,240.6502968999999,1.1446704618461867,0.030840617663319525,0.007689897751326098,2.748027703020963e-4,110.70749967039295,G02837,98.73432316438304,27.316564391286843,866.5326724081611,NA,NA,NA,NA,NA,NA,NA,NA,NA,NA,NA,NA,NA,NA,NA,NA,NA,NA,NA,NA,NA,NA,NA,NA,NA,NA,NA,NA,NA,NA,NA,NA,NA,NA,NA,NA,NA,NA,NA,NA,0,0,0,NA,0,0,0.054434763640489194,0.11189154841027145
2838,7.924303718781929,0.01782451285195274,234.74676799999995,1.1549144215463547,0.031139898946873728,0.007975879821761258,2.7906342215843714e-4,110.8382419077121,G02838,99.26383889520712,27.212132558972517,10000,NA,NA,NA,NA,NA,NA,NA,NA,NA,NA,NA,NA,NA,NA,NA,NA,NA,NA,NA,NA,NA,NA,NA,NA,NA,NA,NA,NA,NA,NA,NA,NA,NA,NA,NA,NA,NA,NA,NA,NA,0,0,0,NA,0,0,0.05414592344529238,0.11188809281133578
2839,7.924303718781929,0.01782451285195274,234.74676799999995,1.1549144215463547,0.031139898946873728,0.007975879821761258,2.7906342215843714e-4,110.8382419077121,G02839,100.16215417932663,27.212132558972517,10000,NA,NA,NA,NA,NA,NA,NA,NA,NA,NA,NA,NA,NA,NA,NA,NA,NA,NA,NA,NA,NA,NA,NA,NA,NA,NA,NA,NA,NA,NA,NA,NA,NA,NA,NA,NA,NA,NA,NA,NA,0,0,0,NA,0,0,0.05414592344529238,0.11188809281133578
2840,7.924303718781929,0.01782451285195274,234.74676799999995,1.1549144215463547,0.031139898946873728,0.007975879821761258,2.7906342215843714e-4,110.8382419077121,G02840,101.06046946344617,27.212132558972517,9999.999999999949,NA,NA,NA,NA,NA,NA,NA,NA,NA,NA,NA,NA,NA,NA,NA,NA,NA,NA,NA,NA,NA,NA,NA,NA,NA,NA,NA,NA,NA,NA,NA,NA,NA,NA,NA,NA,NA,NA,NA,NA,0,0,0,NA,0,0,0.05414592344529238,0.11188809281133578
2841,7.924303718781929,0.01782451285195274,234.74676799999995,1.1549144215463547,0.031139898946873728,0.007975879821761258,2.7906342215843714e-4,110.8382419077121,G02841,101.95878474756569,27.212132558972517,9999.999999999975,NA,NA,NA,NA,NA,NA,NA,NA,NA,NA,NA,NA,NA,NA,NA,NA,NA,NA,NA,NA,NA,NA,NA,NA,NA,NA,NA,NA,NA,NA,NA,NA,NA,NA,NA,NA,NA,NA,NA,NA,0,0,0,NA,0,0,0.05414592344529238,0.11188809281133578
2842,7.924303718781929,0.01782451285195274,234.74676799999995,1.1549144215463547,0.031139898946873728,0.007975879821761258,2.7906342215843714e-4,110.8382419077121,G02842,102.85710003168518,27.212132558972517,10000.000000000091,NA,NA,NA,NA,NA,NA,NA,NA,NA,NA,NA,NA,NA,NA,NA,NA,NA,NA,NA,NA,NA,NA,NA,NA,NA,NA,NA,NA,NA,NA,NA,NA,NA,NA,NA,NA,NA,NA,NA,NA,0,0,0,NA,0,0,0.05414592344529238,0.11188809281133578
2843,7.924303718781929,0.01782451285195274,234.74676799999995,1.1549144215463547,0.031139898946873728,0.007975879821761258,2.7906342215843714e-4,110.8382419077121,G02843,103.75541531580473,27.212132558972517,9999.999999999696,NA,NA,NA,NA,NA,NA,NA,NA,NA,NA,NA,NA,NA,NA,NA,NA,NA,NA,NA,NA,NA,NA,NA,NA,NA,NA,NA,NA,NA,NA,NA,NA,NA,NA,NA,NA,NA,NA,NA,NA,0,0,0,NA,0,0,0.05414592344529238,0.11188809281133578
2844,7.924303718781929,0.01782451285195274,234.74676799999995,1.1549144215463547,0.031139898946873728,0.007975879821761258,2.7906342215843714e-4,110.8382419077121,G02844,104.65373059992424,27.212132558972517,9999.999999999973,NA,NA,NA,NA,NA,NA,NA,NA,NA,NA,NA,NA,NA,NA,NA,NA,NA,NA,NA,NA,NA,NA,NA,NA,NA,NA,NA,NA,NA,NA,NA,NA,NA,NA,NA,NA,NA,NA,NA,NA,0,0,0,NA,0,0,0.05414592344529238,0.11188809281133578
2845,7.924303718781929,0.01782451285195274,234.74676799999995,1.1549144215463547,0.031139898946873728,0.007975879821761258,2.7906342215843714e-4,110.8382419077121,G02845,105.55204588404376,27.212132558972517,10000,NA,NA,NA,NA,NA,NA,NA,NA,NA,NA,NA,NA,NA,NA,NA,NA,NA,NA,NA,NA,NA,NA,NA,NA,NA,NA,NA,NA,NA,NA,NA,NA,NA,NA,NA,NA,NA,NA,NA,NA,0,0,0,NA,0,0,0.05414592344529238,0.11188809281133578
2846,7.924303718781929,0.01782451285195274,234.74676799999995,1.1549144215463547,0.031139898946873728,0.007975879821761258,2.7906342215843714e-4,110.8382419077121,G02846,106.45036116816328,27.212132558972517,10000,NA,NA,NA,NA,NA,NA,NA,NA,NA,NA,NA,NA,NA,NA,NA,NA,NA,NA,NA,NA,NA,NA,NA,NA,NA,NA,NA,NA,NA,NA,NA,NA,NA,NA,NA,NA,NA,NA,NA,NA,0,0,0,NA,0,0,0.05414592344529238,0.11188809281133578
2847,7.924303718781929,0.01782451285195274,234.74676799999995,1.1549144215463547,0.031139898946873728,0.007975879821761258,2.7906342215843714e-4,110.8382419077121,G02847,107.34867645228282,27.212132558972517,10000,NA,NA,NA,NA,NA,NA,NA,NA,NA,NA,NA,NA,NA,NA,NA,NA,NA,NA,NA,NA,NA,NA,NA,NA,NA,NA,NA,NA,NA,NA,NA,NA,NA,NA,NA,NA,NA,NA,NA,NA,0,0,0,NA,0,0,0.05414592344529238,0.11188809281133578
2848,7.924303718781929,0.01782451285195274,234.74676799999995,1.1549144215463547,0.031139898946873728,0.007975879821761258,2.7906342215843714e-4,110.8382419077121,G02848,108.24699173640234,27.212132558972517,10000,NA,NA,NA,NA,NA,NA,NA,NA,NA,NA,NA,NA,NA,NA,NA,NA,NA,NA,NA,NA,NA,NA,NA,NA,NA,NA,NA,NA,NA,NA,NA,NA,NA,NA,NA,NA,NA,NA,NA,NA,0,0,0,NA,0,0,0.05414592344529238,0.11188809281133578
2849,7.924303718781929,0.01782451285195274,234.74676799999995,1.1549144215463547,0.031139898946873728,0.007975879821761258,2.7906342215843714e-4,110.8382419077121,G02849,109.14530702052186,27.212132558972517,10000,NA,NA,NA,NA,NA,NA,NA,NA,NA,NA,NA,NA,NA,NA,NA,NA,NA,NA,NA,NA,NA,NA,NA,NA,NA,NA,NA,NA,NA,NA,NA,NA,NA,NA,NA,NA,NA,NA,NA,NA,0,0,0,NA,0,0,0.05414592344529238,0.11188809281133578
2850,7.924303718781929,0.01782451285195274,234.74676799999995,1.1549144215463547,0.031139898946873728,0.007975879821761258,2.7906342215843714e-4,110.8382419077121,G02850,110.04362230464137,27.212132558972517,10000,NA,NA,NA,NA,NA,NA,NA,NA,NA,NA,NA,NA,NA,NA,NA,NA,NA,NA,NA,NA,NA,NA,NA,NA,NA,NA,NA,NA,NA,NA,NA,NA,NA,NA,NA,NA,NA,NA,NA,NA,0,0,0,NA,0,0,0.05414592344529238,0.11188809281133578
2851,7.924303718781929,0.01782451285195274,234.74676799999995,1.1549144215463547,0.031139898946873728,0.007975879821761258,2.7906342215843714e-4,110.8382419077121,G02851,110.9419375887609,27.212132558972517,10000,NA,NA,NA,NA,NA,NA,NA,NA,NA,NA,NA,NA,NA,NA,NA,NA,NA,NA,NA,NA,NA,NA,NA,NA,NA,NA,NA,NA,NA,NA,NA,NA,NA,NA,NA,NA,NA,NA,NA,NA,0,0,0,NA,0,0,0.05414592344529238,0.11188809281133578
2852,7.924303718781929,0.01782451285195274,234.74676799999995,1.1549144215463547,0.031139898946873728,0.007975879821761258,2.7906342215843714e-4,110.8382419077121,G02852,111.84025287288041,27.212132558972517,10000,NA,NA,NA,NA,NA,NA,NA,NA,NA,NA,NA,NA,NA,NA,NA,NA,NA,NA,NA,NA,NA,NA,NA,NA,NA,NA,NA,NA,NA,NA,NA,NA,NA,NA,NA,NA,NA,NA,NA,NA,0,0,0,NA,0,0,0.05414592344529238,0.11188809281133578
2853,7.924303718781929,0.01782451285195274,234.74676799999995,1.1549144215463547,0.031139898946873728,0.007975879821761258,2.7906342215843714e-4,110.8382419077121,G02853,112.73856815699993,27.212132558972517,10000,NA,NA,NA,NA,NA,NA,NA,NA,NA,NA,NA,NA,NA,NA,NA,NA,NA,NA,NA,NA,NA,NA,NA,NA,NA,NA,NA,NA,NA,NA,NA,NA,NA,NA,NA,NA,NA,NA,NA,NA,0,0,0,NA,0,0,0.05414592344529238,0.11188809281133578
2854,7.924303718781929,0.01782451285195274,234.74676799999995,1.1549144215463547,0.031139898946873728,0.007975879821761258,2.7906342215843714e-4,110.8382419077121,G02854,113.63688344111945,27.212132558972517,10000,NA,NA,NA,NA,NA,NA,NA,NA,NA,NA,NA,NA,NA,NA,NA,NA,NA,NA,NA,NA,NA,NA,NA,NA,NA,NA,NA,NA,NA,NA,NA,NA,NA,NA,NA,NA,NA,NA,NA,NA,0,0,0,NA,0,0,0.05414592344529238,0.11188809281133578
2855,7.924303718781929,0.01782451285195274,234.74676799999995,1.1549144215463547,0.031139898946873728,0.007975879821761258,2.7906342215843714e-4,110.8382419077121,G02855,114.53519872523898,27.212132558972517,10000,NA,NA,NA,NA,NA,NA,NA,NA,NA,NA,NA,NA,NA,NA,NA,NA,NA,NA,NA,NA,NA,NA,NA,NA,NA,NA,NA,NA,NA,NA,NA,NA,NA,NA,NA,NA,NA,NA,NA,NA,0,0,0,NA,0,0,0.05414592344529238,0.11188809281133578
2856,7.924303718781929,0.01782451285195274,234.74676799999995,1.1549144215463547,0.031139898946873728,0.007975879821761258,2.7906342215843714e-4,110.8382419077121,G02856,115.43351400935852,27.212132558972517,10000,NA,NA,NA,NA,NA,NA,NA,NA,NA,NA,NA,NA,NA,NA,NA,NA,NA,NA,NA,NA,NA,NA,NA,NA,NA,NA,NA,NA,NA,NA,NA,NA,NA,NA,NA,NA,NA,NA,NA,NA,0,0,0,NA,0,0,0.05414592344529238,0.11188809281133578
2857,7.924303718781929,0.01782451285195274,234.74676799999995,1.1549144215463547,0.031139898946873728,0.007975879821761258,2.7906342215843714e-4,110.8382419077121,G02857,116.33182929347802,27.212132558972517,10000.000000000036,NA,NA,NA,NA,NA,NA,NA,NA,NA,NA,NA,NA,NA,NA,NA,NA,NA,NA,NA,NA,NA,NA,NA,NA,NA,NA,NA,NA,NA,NA,NA,NA,NA,NA,NA,NA,NA,NA,NA,NA,0,0,0,NA,0,0,0.05414592344529238,0.11188809281133578
2858,7.924303718781929,0.01782451285195274,234.74676799999995,1.1549144215463547,0.031139898946873728,0.007975879821761258,2.7906342215843714e-4,110.8382419077121,G02858,117.23014457759756,27.212132558972506,9999.999999999814,NA,NA,NA,NA,NA,NA,NA,NA,NA,NA,NA,NA,NA,NA,NA,NA,NA,NA,NA,NA,NA,NA,NA,NA,NA,NA,NA,NA,NA,NA,NA,NA,NA,NA,NA,NA,NA,NA,NA,NA,0,0,0,NA,0,0,0.05414592344529238,0.11188809281133578
2859,7.924303718781929,0.01782451285195274,234.74676799999995,1.1549144215463547,0.031139898946873728,0.007975879821761258,2.7906342215843714e-4,110.8382419077121,G02859,118.12845986171706,27.212132558972517,10000,NA,NA,NA,NA,NA,NA,NA,NA,NA,NA,NA,NA,NA,NA,NA,NA,NA,NA,NA,NA,NA,NA,NA,NA,NA,NA,NA,NA,NA,NA,NA,NA,NA,NA,NA,NA,NA,NA,NA,NA,0,0,0,NA,0,0,0.05414592344529238,0.11188809281133578
2860,7.924303718781929,0.01782451285195274,234.74676799999995,1.1549144215463547,0.031139898946873728,0.007975879821761258,2.7906342215843714e-4,110.8382419077121,G02860,119.0267751458366,27.212132558972517,10000.000000000002,NA,NA,NA,NA,NA,NA,NA,NA,NA,NA,NA,NA,NA,NA,NA,NA,NA,NA,NA,NA,NA,NA,NA,NA,NA,NA,NA,NA,NA,NA,NA,NA,NA,NA,NA,NA,NA,NA,NA,NA,0,0,0,NA,0,0,0.05414592344529238,0.11188809281133578
2861,7.931875721766305,0.017818256823848532,236.1828899999999,1.152726545298798,0.03107605495213604,0.007914783663485053,2.7814994338836916e-4,110.81046020822433,G02861,119.89822249616283,27.234495341208632,9206.400809000555,NA,NA,NA,NA,NA,NA,NA,NA,NA,NA,NA,NA,NA,NA,NA,NA,NA,NA,NA,NA,NA,NA,NA,NA,NA,NA,NA,NA,NA,NA,NA,NA,NA,NA,NA,NA,NA,NA,NA,NA,0,0,0,NA,0,0,0.054208045241690074,0.11188923720124624
2862,7.98939670143667,0.01777528189430593,242.53701889999996,1.1355237499307709,0.030572777134672272,0.00743480104896335,2.710348497114112e-4,110.58936884672393,G02862,120.49110376213677,27.40923161282837,1271.3978670671963,NA,NA,NA,NA,NA,NA,NA,NA,NA,NA,NA,NA,NA,NA,NA,NA,NA,NA,NA,NA,NA,NA,NA,NA,NA,NA,NA,NA,NA,NA,NA,NA,NA,NA,NA,NA,NA,NA,NA,NA,0,0,0,NA,0,0,0.054688307405161216,0.11189031452864211
2909,7.5573670279622975,0.018247769969058997,206.62111379999965,1.2459657208460162,0.03371721177135907,0.01050226512856167,3.1841465932539896e-4,111.91512081824544,G02909,98.74831929046941,26.2503405697284,869.7893716936404,NA,NA,NA,NA,NA,NA,NA,NA,NA,NA,NA,NA,NA,NA,NA,NA,NA,NA,NA,NA,NA,NA,NA,NA,NA,NA,NA,NA,NA,NA,NA,NA,NA,NA,NA,NA,NA,NA,NA,NA,0,0,0,NA,0,0,0.05135703827954816,0.11169330861545558
2910,7.623614210807422,0.018156648495638576,210.04180719999982,1.2312403880367828,0.033315376800569826,0.01009820251767598,3.119080435742992e-4,111.7525915400628,G02910,99.26383889520712,26.41039861132904,10000,NA,NA,NA,NA,NA,NA,NA,NA,NA,NA,NA,NA,NA,NA,NA,NA,NA,NA,NA,NA,NA,NA,NA,NA,NA,NA,NA,NA,NA,NA,NA,NA,NA,NA,NA,NA,NA,NA,NA,NA,0,0,0,NA,0,0,0.05183455790446837,0.11174080447003426
2911,7.623614210807422,0.018156648495638576,210.04180719999982,1.2312403880367828,0.033315376800569826,0.01009820251767598,3.119080435742992e-4,111.7525915400628,G02911,100.16215417932663,26.41039861132904,10000,NA,NA,NA,NA,NA,NA,NA,NA,NA,NA,NA,NA,NA,NA,NA,NA,NA,NA,NA,NA,NA,NA,NA,NA,NA,NA,NA,NA,NA,NA,NA,NA,NA,NA,NA,NA,NA,NA,NA,NA,0,0,0,NA,0,0,0.05183455790446837,0.11174080447003426
2912,7.623614210807422,0.018156648495638576,210.04180719999982,1.2312403880367828,0.033315376800569826,0.01009820251767598,3.119080435742992e-4,111.7525915400628,G02912,101.06046946344614,26.41039861132904,10000.000000000085,NA,NA,NA,NA,NA,NA,NA,NA,NA,NA,NA,NA,NA,NA,NA,NA,NA,NA,NA,NA,NA,NA,NA,NA,NA,NA,NA,NA,NA,NA,NA,NA,NA,NA,NA,NA,NA,NA,NA,NA,0,0,0,NA,0,0,0.05183455790446837,0.11174080447003426
2913,7.623614210807422,0.018156648495638576,210.04180719999982,1.2312403880367828,0.033315376800569826,0.01009820251767598,3.119080435742992e-4,111.7525915400628,G02913,101.95878474756569,26.41039861132904,9999.999999999975,NA,NA,NA,NA,NA,NA,NA,NA,NA,NA,NA,NA,NA,NA,NA,NA,NA,NA,NA,NA,NA,NA,NA,NA,NA,NA,NA,NA,NA,NA,NA,NA,NA,NA,NA,NA,NA,NA,NA,NA,0,0,0,NA,0,0,0.05183455790446837,0.11174080447003426
2914,7.623614210807422,0.018156648495638576,210.04180719999982,1.2312403880367828,0.033315376800569826,0.01009820251767598,3.119080435742992e-4,111.7525915400628,G02914,102.85710003168518,26.41039861132904,10000,NA,NA,NA,NA,NA,NA,NA,NA,NA,NA,NA,NA,NA,NA,NA,NA,NA,NA,NA,NA,NA,NA,NA,NA,NA,NA,NA,NA,NA,NA,NA,NA,NA,NA,NA,NA,NA,NA,NA,NA,0,0,0,NA,0,0,0.05183455790446837,0.11174080447003426
2915,7.623614210807422,0.018156648495638576,210.04180719999982,1.2312403880367828,0.033315376800569826,0.01009820251767598,3.119080435742992e-4,111.7525915400628,G02915,103.75541531580473,26.41039861132904,10000.000000000022,NA,NA,NA,NA,NA,NA,NA,NA,NA,NA,NA,NA,NA,NA,NA,NA,NA,NA,NA,NA,NA,NA,NA,NA,NA,NA,NA,NA,NA,NA,NA,NA,NA,NA,NA,NA,NA,NA,NA,NA,0,0,0,NA,0,0,0.05183455790446837,0.11174080447003426
2916,7.623614210807422,0.018156648495638576,210.04180719999982,1.2312403880367828,0.033315376800569826,0.01009820251767598,3.119080435742992e-4,111.7525915400628,G02916,104.65373059992424,26.41039861132904,9999.999999999978,NA,NA,NA,NA,NA,NA,NA,NA,NA,NA,NA,NA,NA,NA,NA,NA,NA,NA,NA,NA,NA,NA,NA,NA,NA,NA,NA,NA,NA,NA,NA,NA,NA,NA,NA,NA,NA,NA,NA,NA,0,0,0,NA,0,0,0.05183455790446837,0.11174080447003426
2917,7.623614210807422,0.018156648495638576,210.04180719999982,1.2312403880367828,0.033315376800569826,0.01009820251767598,3.119080435742992e-4,111.7525915400628,G02917,105.55204588404376,26.41039861132904,10000,NA,NA,NA,NA,NA,NA,NA,NA,NA,NA,NA,NA,NA,NA,NA,NA,NA,NA,NA,NA,NA,NA,NA,NA,NA,NA,NA,NA,NA,NA,NA,NA,NA,NA,NA,NA,NA,NA,NA,NA,0,0,0,NA,0,0,0.05183455790446837,0.11174080447003426
2918,7.623614210807422,0.018156648495638576,210.04180719999982,1.2312403880367828,0.033315376800569826,0.01009820251767598,3.119080435742992e-4,111.7525915400628,G02918,106.45036116816328,26.41039861132904,10000,NA,NA,NA,NA,NA,NA,NA,NA,NA,NA,NA,NA,NA,NA,NA,NA,NA,NA,NA,NA,NA,NA,NA,NA,NA,NA,NA,NA,NA,NA,NA,NA,NA,NA,NA,NA,NA,NA,NA,NA,0,0,0,NA,0,0,0.05183455790446837,0.11174080447003426
2919,7.623614210807422,0.018156648495638576,210.04180719999982,1.2312403880367828,0.033315376800569826,0.01009820251767598,3.119080435742992e-4,111.7525915400628,G02919,107.34867645228282,26.41039861132904,10000,NA,NA,NA,NA,NA,NA,NA,NA,NA,NA,NA,NA,NA,NA,NA,NA,NA,NA,NA,NA,NA,NA,NA,NA,NA,NA,NA,NA,NA,NA,NA,NA,NA,NA,NA,NA,NA,NA,NA,NA,0,0,0,NA,0,0,0.05183455790446837,0.11174080447003426
2920,7.623614210807422,0.018156648495638576,210.04180719999982,1.2312403880367828,0.033315376800569826,0.01009820251767598,3.119080435742992e-4,111.7525915400628,G02920,108.24699173640234,26.41039861132904,10000,NA,NA,NA,NA,NA,NA,NA,NA,NA,NA,NA,NA,NA,NA,NA,NA,NA,NA,NA,NA,NA,NA,NA,NA,NA,NA,NA,NA,NA,NA,NA,NA,NA,NA,NA,NA,NA,NA,NA,NA,0,0,0,NA,0,0,0.05183455790446837,0.11174080447003426
2921,7.6236142108074025,0.018156648495639346,210.04180719999982,1.2312403880367762,0.03331537680056955,0.010098202517676558,3.1190804357433897e-4,111.75259154006278,G02921,109.14530702052186,26.41039861132904,9999.99999999997,NA,NA,NA,NA,NA,NA,NA,NA,NA,NA,NA,NA,NA,NA,NA,NA,NA,NA,NA,NA,NA,NA,NA,NA,NA,NA,NA,NA,NA,NA,NA,NA,NA,NA,NA,NA,NA,NA,NA,NA,0,0,0,NA,0,0,0.051834557904468434,0.11174080447003001
2922,7.623614210807428,0.01815664849563876,210.04180719999982,1.2312403880367968,0.03331537680056958,0.010098202517676309,3.119080435743035e-4,111.75259154006275,G02922,110.04362230464136,26.410398611329068,9999.999999999822,NA,NA,NA,NA,NA,NA,NA,NA,NA,NA,NA,NA,NA,NA,NA,NA,NA,NA,NA,NA,NA,NA,NA,NA,NA,NA,NA,NA,NA,NA,NA,NA,NA,NA,NA,NA,NA,NA,NA,NA,0,0,0,NA,0,0,0.051834557904468476,0.11174080447003036
2923,7.623614210807422,0.018156648495638576,210.04180719999982,1.2312403880367828,0.033315376800569826,0.01009820251767598,3.119080435742992e-4,111.7525915400628,G02923,110.94193758876085,26.410398611329068,9999.999999999953,NA,NA,NA,NA,NA,NA,NA,NA,NA,NA,NA,NA,NA,NA,NA,NA,NA,NA,NA,NA,NA,NA,NA,NA,NA,NA,NA,NA,NA,NA,NA,NA,NA,NA,NA,NA,NA,NA,NA,NA,0,0,0,NA,0,0,0.05183455790446837,0.11174080447003426
2924,7.623614210807422,0.018156648495638576,210.04180719999982,1.2312403880367828,0.033315376800569826,0.01009820251767598,3.119080435742992e-4,111.7525915400628,G02924,111.84025287288041,26.41039861132904,10000,NA,NA,NA,NA,NA,NA,NA,NA,NA,NA,NA,NA,NA,NA,NA,NA,NA,NA,NA,NA,NA,NA,NA,NA,NA,NA,NA,NA,NA,NA,NA,NA,NA,NA,NA,NA,NA,NA,NA,NA,0,0,0,NA,0,0,0.05183455790446837,0.11174080447003426
2925,7.623614210807422,0.018156648495638576,210.04180719999982,1.2312403880367828,0.033315376800569826,0.01009820251767598,3.119080435742992e-4,111.7525915400628,G02925,112.73856815699993,26.41039861132904,10000,NA,NA,NA,NA,NA,NA,NA,NA,NA,NA,NA,NA,NA,NA,NA,NA,NA,NA,NA,NA,NA,NA,NA,NA,NA,NA,NA,NA,NA,NA,NA,NA,NA,NA,NA,NA,NA,NA,NA,NA,0,0,0,NA,0,0,0.05183455790446837,0.11174080447003426
2926,7.623614210807422,0.018156648495638576,210.04180719999982,1.2312403880367828,0.033315376800569826,0.01009820251767598,3.119080435742992e-4,111.7525915400628,G02926,113.63688344111945,26.41039861132904,9999.999999999944,NA,NA,NA,NA,NA,NA,NA,NA,NA,NA,NA,NA,NA,NA,NA,NA,NA,NA,NA,NA,NA,NA,NA,NA,NA,NA,NA,NA,NA,NA,NA,NA,NA,NA,NA,NA,NA,NA,NA,NA,0,0,0,NA,0,0,0.05183455790446837,0.11174080447003426
2927,7.623614210807422,0.018156648495638576,210.04180719999982,1.2312403880367828,0.033315376800569826,0.01009820251767598,3.119080435742992e-4,111.7525915400628,G02927,114.53519872523898,26.41039861132904,10000.000000000002,NA,NA,NA,NA,NA,NA,NA,NA,NA,NA,NA,NA,NA,NA,NA,NA,NA,NA,NA,NA,NA,NA,NA,NA,NA,NA,NA,NA,NA,NA,NA,NA,NA,NA,NA,NA,NA,NA,NA,NA,0,0,0,NA,0,0,0.05183455790446837,0.11174080447003426
2928,7.623614210807422,0.018156648495638576,210.04180719999982,1.2312403880367828,0.033315376800569826,0.01009820251767598,3.119080435742992e-4,111.7525915400628,G02928,115.43351400935852,26.41039861132904,10000,NA,NA,NA,NA,NA,NA,NA,NA,NA,NA,NA,NA,NA,NA,NA,NA,NA,NA,NA,NA,NA,NA,NA,NA,NA,NA,NA,NA,NA,NA,NA,NA,NA,NA,NA,NA,NA,NA,NA,NA,0,0,0,NA,0,0,0.05183455790446837,0.11174080447003426
2929,7.623614210807422,0.018156648495638576,210.04180719999982,1.2312403880367828,0.033315376800569826,0.01009820251767598,3.119080435742992e-4,111.7525915400628,G02929,116.331829293478,26.41039861132903,9999.999999999845,NA,NA,NA,NA,NA,NA,NA,NA,NA,NA,NA,NA,NA,NA,NA,NA,NA,NA,NA,NA,NA,NA,NA,NA,NA,NA,NA,NA,NA,NA,NA,NA,NA,NA,NA,NA,NA,NA,NA,NA,0,0,0,NA,0,0,0.05183455790446837,0.11174080447003426
2930,7.623614210807422,0.018156648495638576,210.04180719999982,1.2312403880367828,0.033315376800569826,0.01009820251767598,3.119080435742992e-4,111.7525915400628,G02930,117.23014457759756,26.41039861132904,10000,NA,NA,NA,NA,NA,NA,NA,NA,NA,NA,NA,NA,NA,NA,NA,NA,NA,NA,NA,NA,NA,NA,NA,NA,NA,NA,NA,NA,NA,NA,NA,NA,NA,NA,NA,NA,NA,NA,NA,NA,0,0,0,NA,0,0,0.05183455790446837,0.11174080447003426
2931,7.623614210807422,0.018156648495638576,210.04180719999982,1.2312403880367828,0.033315376800569826,0.01009820251767598,3.119080435742992e-4,111.7525915400628,G02931,118.12845986171706,26.41039861132904,10000,NA,NA,NA,NA,NA,NA,NA,NA,NA,NA,NA,NA,NA,NA,NA,NA,NA,NA,NA,NA,NA,NA,NA,NA,NA,NA,NA,NA,NA,NA,NA,NA,NA,NA,NA,NA,NA,NA,NA,NA,0,0,0,NA,0,0,0.05183455790446837,0.11174080447003426
2932,7.623614210807422,0.018156648495638576,210.04180719999982,1.2312403880367828,0.033315376800569826,0.01009820251767598,3.119080435742992e-4,111.7525915400628,G02932,119.0267751458366,26.41039861132904,10000,NA,NA,NA,NA,NA,NA,NA,NA,NA,NA,NA,NA,NA,NA,NA,NA,NA,NA,NA,NA,NA,NA,NA,NA,NA,NA,NA,NA,NA,NA,NA,NA,NA,NA,NA,NA,NA,NA,NA,NA,0,0,0,NA,0,0,0.05183455790446837,0.11174080447003426
2933,7.65089640489078,0.01812081473735707,213.52501149999975,1.2249959796496799,0.033142779066660556,0.009926109515810798,3.0916234971783914e-4,111.68220223632915,G02933,119.69990968516072,26.47769201777686,3300.16145927239,NA,NA,NA,NA,NA,NA,NA,NA,NA,NA,NA,NA,NA,NA,NA,NA,NA,NA,NA,NA,NA,NA,NA,NA,NA,NA,NA,NA,NA,NA,NA,NA,NA,NA,NA,NA,NA,NA,NA,NA,0,0,0,NA,0,0,0.05203401243187836,0.11175931082019501
2981,7.216986988888689,0.018800948926696093,200.50308939999948,1.3136574515107573,0.0354496484554601,0.012322766722238735,3.4886195159493057e-4,112.59532106209063,G02981,98.50093442835316,25.482984313348066,5457.394206907913,NA,NA,NA,NA,NA,NA,NA,NA,NA,NA,NA,NA,NA,NA,NA,NA,NA,NA,NA,NA,NA,NA,NA,NA,NA,NA,NA,NA,NA,NA,NA,NA,NA,NA,NA,NA,NA,NA,NA,NA,0,0,0,NA,0,0,0.04902450626190637,0.11140381942821434
2982,7.272366234622836,0.01870175996781722,201.31242499999968,1.3034346048898875,0.035201788067861686,0.01205175638234624,3.442023499777454e-4,112.49994031164609,G02982,99.26383889520712,25.603054277813133,10000,NA,NA,NA,NA,NA,NA,NA,NA,NA,NA,NA,NA,NA,NA,NA,NA,NA,NA,NA,NA,NA,NA,NA,NA,NA,NA,NA,NA,NA,NA,NA,NA,NA,NA,NA,NA,NA,NA,NA,NA,0,0,0,NA,0,0,0.04939242566763011,0.11145564651108356
2983,7.272366234622836,0.01870175996781722,201.31242499999968,1.3034346048898875,0.035201788067861686,0.01205175638234624,3.442023499777454e-4,112.49994031164609,G02983,100.16215417932663,25.603054277813133,10000,NA,NA,NA,NA,NA,NA,NA,NA,NA,NA,NA,NA,NA,NA,NA,NA,NA,NA,NA,NA,NA,NA,NA,NA,NA,NA,NA,NA,NA,NA,NA,NA,NA,NA,NA,NA,NA,NA,NA,NA,0,0,0,NA,0,0,0.04939242566763011,0.11145564651108356
2984,7.272366234622836,0.01870175996781722,201.31242499999968,1.3034346048898875,0.035201788067861686,0.01205175638234624,3.442023499777454e-4,112.49994031164609,G02984,101.06046946344617,25.603054277813133,10000,NA,NA,NA,NA,NA,NA,NA,NA,NA,NA,NA,NA,NA,NA,NA,NA,NA,NA,NA,NA,NA,NA,NA,NA,NA,NA,NA,NA,NA,NA,NA,NA,NA,NA,NA,NA,NA,NA,NA,NA,0,0,0,NA,0,0,0.04939242566763011,0.11145564651108356
2985,7.272366234622836,0.01870175996781722,201.31242499999968,1.3034346048898875,0.035201788067861686,0.01205175638234624,3.442023499777454e-4,112.49994031164609,G02985,101.95878474756569,25.603054277813133,10000,NA,NA,NA,NA,NA,NA,NA,NA,NA,NA,NA,NA,NA,NA,NA,NA,NA,NA,NA,NA,NA,NA,NA,NA,NA,NA,NA,NA,NA,NA,NA,NA,NA,NA,NA,NA,NA,NA,NA,NA,0,0,0,NA,0,0,0.04939242566763011,0.11145564651108356
2986,7.272366234622836,0.01870175996781722,201.31242499999968,1.3034346048898875,0.035201788067861686,0.01205175638234624,3.442023499777454e-4,112.49994031164609,G02986,102.8571000316852,25.603054277813133,10000,NA,NA,NA,NA,NA,NA,NA,NA,NA,NA,NA,NA,NA,NA,NA,NA,NA,NA,NA,NA,NA,NA,NA,NA,NA,NA,NA,NA,NA,NA,NA,NA,NA,NA,NA,NA,NA,NA,NA,NA,0,0,0,NA,0,0,0.04939242566763011,0.11145564651108356
2987,7.272366234622836,0.01870175996781722,201.31242499999968,1.3034346048898875,0.035201788067861686,0.01205175638234624,3.442023499777454e-4,112.49994031164609,G02987,103.75541531580473,25.603054277813133,10000,NA,NA,NA,NA,NA,NA,NA,NA,NA,NA,NA,NA,NA,NA,NA,NA,NA,NA,NA,NA,NA,NA,NA,NA,NA,NA,NA,NA,NA,NA,NA,NA,NA,NA,NA,NA,NA,NA,NA,NA,0,0,0,NA,0,0,0.04939242566763011,0.11145564651108356
2988,7.272366234622836,0.01870175996781722,201.31242499999968,1.3034346048898875,0.035201788067861686,0.01205175638234624,3.442023499777454e-4,112.49994031164609,G02988,104.65373059992424,25.603054277813133,10000,NA,NA,NA,NA,NA,NA,NA,NA,NA,NA,NA,NA,NA,NA,NA,NA,NA,NA,NA,NA,NA,NA,NA,NA,NA,NA,NA,NA,NA,NA,NA,NA,NA,NA,NA,NA,NA,NA,NA,NA,0,0,0,NA,0,0,0.04939242566763011,0.11145564651108356
2989,7.272366234622836,0.01870175996781722,201.31242499999968,1.3034346048898875,0.035201788067861686,0.01205175638234624,3.442023499777454e-4,112.49994031164609,G02989,105.55204588404376,25.603054277813133,10000,NA,NA,NA,NA,NA,NA,NA,NA,NA,NA,NA,NA,NA,NA,NA,NA,NA,NA,NA,NA,NA,NA,NA,NA,NA,NA,NA,NA,NA,NA,NA,NA,NA,NA,NA,NA,NA,NA,NA,NA,0,0,0,NA,0,0,0.04939242566763011,0.11145564651108356
2990,7.272366234622836,0.01870175996781722,201.31242499999968,1.3034346048898875,0.035201788067861686,0.01205175638234624,3.442023499777454e-4,112.49994031164609,G02990,106.45036116816328,25.603054277813133,10000,NA,NA,NA,NA,NA,NA,NA,NA,NA,NA,NA,NA,NA,NA,NA,NA,NA,NA,NA,NA,NA,NA,NA,NA,NA,NA,NA,NA,NA,NA,NA,NA,NA,NA,NA,NA,NA,NA,NA,NA,0,0,0,NA,0,0,0.04939242566763011,0.11145564651108356
2991,7.272366234622836,0.01870175996781722,201.31242499999968,1.3034346048898875,0.035201788067861686,0.01205175638234624,3.442023499777454e-4,112.49994031164609,G02991,107.34867645228282,25.603054277813143,9999.999999999747,NA,NA,NA,NA,NA,NA,NA,NA,NA,NA,NA,NA,NA,NA,NA,NA,NA,NA,NA,NA,NA,NA,NA,NA,NA,NA,NA,NA,NA,NA,NA,NA,NA,NA,NA,NA,NA,NA,NA,NA,0,0,0,NA,0,0,0.04939242566763011,0.11145564651108356
2992,7.272366234622836,0.01870175996781722,201.31242499999968,1.3034346048898875,0.035201788067861686,0.01205175638234624,3.442023499777454e-4,112.49994031164609,G02992,108.2469917364023,25.603054277813133,9999.999999999793,NA,NA,NA,NA,NA,NA,NA,NA,NA,NA,NA,NA,NA,NA,NA,NA,NA,NA,NA,NA,NA,NA,NA,NA,NA,NA,NA,NA,NA,NA,NA,NA,NA,NA,NA,NA,NA,NA,NA,NA,0,0,0,NA,0,0,0.04939242566763011,0.11145564651108356
2993,7.272366234622836,0.01870175996781722,201.31242499999968,1.3034346048898875,0.035201788067861686,0.01205175638234624,3.442023499777454e-4,112.49994031164609,G02993,109.14530702052181,25.603054277813133,9999.999999999569,NA,NA,NA,NA,NA,NA,NA,NA,NA,NA,NA,NA,NA,NA,NA,NA,NA,NA,NA,NA,NA,NA,NA,NA,NA,NA,NA,NA,NA,NA,NA,NA,NA,NA,NA,NA,NA,NA,NA,NA,0,0,0,NA,0,0,0.04939242566763011,0.11145564651108356
2994,7.272366234622836,0.01870175996781722,201.31242499999968,1.3034346048898875,0.035201788067861686,0.01205175638234624,3.442023499777454e-4,112.49994031164609,G02994,110.0436223046413,25.603054277813133,9999.999999999964,NA,NA,NA,NA,NA,NA,NA,NA,NA,NA,NA,NA,NA,NA,NA,NA,NA,NA,NA,NA,NA,NA,NA,NA,NA,NA,NA,NA,NA,NA,NA,NA,NA,NA,NA,NA,NA,NA,NA,NA,0,0,0,NA,0,0,0.04939242566763011,0.11145564651108356
2995,7.272366234622836,0.01870175996781722,201.31242499999968,1.3034346048898875,0.035201788067861686,0.01205175638234624,3.442023499777454e-4,112.49994031164609,G02995,110.94193758876084,25.603054277813133,10000.000000000007,NA,NA,NA,NA,NA,NA,NA,NA,NA,NA,NA,NA,NA,NA,NA,NA,NA,NA,NA,NA,NA,NA,NA,NA,NA,NA,NA,NA,NA,NA,NA,NA,NA,NA,NA,NA,NA,NA,NA,NA,0,0,0,NA,0,0,0.04939242566763011,0.11145564651108356
2996,7.2723662346228535,0.018701759967816613,201.31242499999968,1.3034346048898529,0.035201788067861554,0.012051756382345964,3.4420234997773093e-4,112.49994031164609,G02996,111.84025287288046,25.603054277813143,9999.999999999736,NA,NA,NA,NA,NA,NA,NA,NA,NA,NA,NA,NA,NA,NA,NA,NA,NA,NA,NA,NA,NA,NA,NA,NA,NA,NA,NA,NA,NA,NA,NA,NA,NA,NA,NA,NA,NA,NA,NA,NA,0,0,0,NA,0,0,0.049392425667630135,0.11145564651108122
2997,7.272366234622836,0.01870175996781722,201.31242499999968,1.3034346048898875,0.035201788067861686,0.01205175638234624,3.442023499777454e-4,112.49994031164609,G02997,112.73856815699988,25.603054277813133,9999.999999999867,NA,NA,NA,NA,NA,NA,NA,NA,NA,NA,NA,NA,NA,NA,NA,NA,NA,NA,NA,NA,NA,NA,NA,NA,NA,NA,NA,NA,NA,NA,NA,NA,NA,NA,NA,NA,NA,NA,NA,NA,0,0,0,NA,0,0,0.04939242566763011,0.11145564651108356
2998,7.272366234622866,0.018701759967816815,201.31242499999968,1.303434604889829,0.035201788067861485,0.012051756382345999,3.4420234997771965e-4,112.49994031164607,G02998,113.63688344111955,25.60305427781317,9999.999999999782,NA,NA,NA,NA,NA,NA,NA,NA,NA,NA,NA,NA,NA,NA,NA,NA,NA,NA,NA,NA,NA,NA,NA,NA,NA,NA,NA,NA,NA,NA,NA,NA,NA,NA,NA,NA,NA,NA,NA,NA,0,0,0,NA,0,0,0.04939242566763019,0.1114556465110769
2999,7.272366234622836,0.01870175996781722,201.31242499999968,1.3034346048898875,0.035201788067861686,0.01205175638234624,3.442023499777454e-4,112.49994031164609,G02999,114.53519872523893,25.603054277813133,9999.999999999878,NA,NA,NA,NA,NA,NA,NA,NA,NA,NA,NA,NA,NA,NA,NA,NA,NA,NA,NA,NA,NA,NA,NA,NA,NA,NA,NA,NA,NA,NA,NA,NA,NA,NA,NA,NA,NA,NA,NA,NA,0,0,0,NA,0,0,0.04939242566763011,0.11145564651108356
3000,7.272366234622836,0.01870175996781722,201.31242499999968,1.3034346048898875,0.035201788067861686,0.01205175638234624,3.442023499777454e-4,112.49994031164609,G03000,115.43351400935849,25.603054277813133,9999.99999999999,NA,NA,NA,NA,NA,NA,NA,NA,NA,NA,NA,NA,NA,NA,NA,NA,NA,NA,NA,NA,NA,NA,NA,NA,NA,NA,NA,NA,NA,NA,NA,NA,NA,NA,NA,NA,NA,NA,NA,NA,0,0,0,NA,0,0,0.04939242566763011,0.11145564651108356
3001,7.272366234622828,0.018701759967818022,201.31242499999968,1.3034346048898808,0.03520178806786154,0.01205175638234643,3.4420234997777267e-4,112.4999403116461,G03001,116.331829293478,25.603054277813133,9999.999999999825,NA,NA,NA,NA,NA,NA,NA,NA,NA,NA,NA,NA,NA,NA,NA,NA,NA,NA,NA,NA,NA,NA,NA,NA,NA,NA,NA,NA,NA,NA,NA,NA,NA,NA,NA,NA,NA,NA,NA,NA,0,0,0,NA,0,0,0.049392425667630066,0.11145564651108236
3002,7.272366234622836,0.01870175996781722,201.31242499999968,1.3034346048898875,0.035201788067861686,0.01205175638234624,3.442023499777454e-4,112.49994031164609,G03002,117.23014457759756,25.603054277813133,10000,NA,NA,NA,NA,NA,NA,NA,NA,NA,NA,NA,NA,NA,NA,NA,NA,NA,NA,NA,NA,NA,NA,NA,NA,NA,NA,NA,NA,NA,NA,NA,NA,NA,NA,NA,NA,NA,NA,NA,NA,0,0,0,NA,0,0,0.04939242566763011,0.11145564651108356
3003,7.272366234622836,0.01870175996781722,201.31242499999968,1.3034346048898875,0.035201788067861686,0.01205175638234624,3.442023499777454e-4,112.49994031164609,G03003,118.12845986171706,25.603054277813133,10000,NA,NA,NA,NA,NA,NA,NA,NA,NA,NA,NA,NA,NA,NA,NA,NA,NA,NA,NA,NA,NA,NA,NA,NA,NA,NA,NA,NA,NA,NA,NA,NA,NA,NA,NA,NA,NA,NA,NA,NA,0,0,0,NA,0,0,0.04939242566763011,0.11145564651108356
3004,7.28572165639542,0.018678351887765163,209.7482553999996,1.3009270147706653,0.03514017496925321,0.011985082255066158,3.430632751724837e-4,112.47613580461402,G03004,118.99303132122284,25.632231068993548,8943.663532265138,NA,NA,NA,NA,NA,NA,NA,NA,NA,NA,NA,NA,NA,NA,NA,NA,NA,NA,NA,NA,NA,NA,NA,NA,NA,NA,NA,NA,NA,NA,NA,NA,NA,NA,NA,NA,NA,NA,NA,NA,0,0,0,NA,0,0,0.04948174364424551,0.11146787549420045
3005,7.30763708754666,0.018640378724750314,210.84517299999973,1.296775873658922,0.03503749068792392,0.011874529146764175,3.411807621735245e-4,112.43637754613576,G03005,119.61981985182867,25.680308489003973,1670.6646718525553,NA,NA,NA,NA,NA,NA,NA,NA,NA,NA,NA,NA,NA,NA,NA,NA,NA,NA,NA,NA,NA,NA,NA,NA,NA,NA,NA,NA,NA,NA,NA,NA,NA,NA,NA,NA,NA,NA,NA,NA,0,0,0,NA,0,0,0.04962882630096249,0.11148771607991798
3007,7.112411497075638,0.0189973050311229,194.8065546999995,1.332218393876945,0.035885397856682155,0.012811911517020172,3.5739746770325885e-4,112.76160004861018,G03007,121.5787508140822,25.259703729362805,248.33338375870295,NA,NA,NA,NA,NA,NA,NA,NA,NA,NA,NA,NA,NA,NA,NA,NA,NA,NA,NA,NA,NA,NA,NA,NA,NA,NA,NA,NA,NA,NA,NA,NA,NA,NA,NA,NA,NA,NA,NA,NA,0,0,0,NA,0,0,0.0483396847372774,0.11130094501518747
3010,7.39630688193477,0.018492401541574093,206.53705569999966,1.2795026827912124,0.03460133196334092,0.011412016265064287,3.333864030220705e-4,112.26627709633888,G03010,124.56294017382689,25.87763796937718,6.394581969422927,NA,NA,NA,NA,NA,NA,NA,NA,NA,NA,NA,NA,NA,NA,NA,NA,NA,NA,NA,NA,NA,NA,NA,NA,NA,NA,NA,NA,NA,NA,NA,NA,NA,NA,NA,NA,NA,NA,NA,NA,0,0,0,NA,0,0,0.05023087831059284,0.11156510780880594
3052,6.853676590182823,0.019529223206939773,175.6377871999996,1.3741516235591231,0.03679411567482801,0.0139102203598816,3.772100930922302e-4,113.10381303686876,G03052,97.78800344529732,24.719982896522687,2504.5581252184247,NA,NA,NA,NA,NA,NA,NA,NA,NA,NA,NA,NA,NA,NA,NA,NA,NA,NA,NA,NA,NA,NA,NA,NA,NA,NA,NA,NA,NA,NA,NA,NA,NA,NA,NA,NA,NA,NA,NA,NA,0,0,0,NA,0,0,0.0466919463497624,0.11101498585968672
3053,6.887658077706594,0.019455973618890704,173.37824569999944,1.368964025606916,0.03668796254157573,0.013774259617621458,3.747052894894242e-4,113.06404230180011,G03053,98.3655236110876,24.79022169926032,10000,NA,NA,NA,NA,NA,NA,NA,NA,NA,NA,NA,NA,NA,NA,NA,NA,NA,NA,NA,NA,NA,NA,NA,NA,NA,NA,NA,NA,NA,NA,NA,NA,NA,NA,NA,NA,NA,NA,NA,NA,0,0,0,NA,0,0,0.04690508143379234,0.11105544364172305
3054,6.887658077706594,0.019455973618890704,173.37824569999944,1.368964025606916,0.03668796254157573,0.013774259617621458,3.747052894894242e-4,113.06404230180011,G03054,99.26383889520712,24.79022169926032,10000,NA,NA,NA,NA,NA,NA,NA,NA,NA,NA,NA,NA,NA,NA,NA,NA,NA,NA,NA,NA,NA,NA,NA,NA,NA,NA,NA,NA,NA,NA,NA,NA,NA,NA,NA,NA,NA,NA,NA,NA,0,0,0,NA,0,0,0.04690508143379234,0.11105544364172305
3055,6.887658077706594,0.019455973618890704,173.37824569999944,1.368964025606916,0.03668796254157573,0.013774259617621458,3.747052894894242e-4,113.06404230180011,G03055,100.16215417932663,24.79022169926032,10000,NA,NA,NA,NA,NA,NA,NA,NA,NA,NA,NA,NA,NA,NA,NA,NA,NA,NA,NA,NA,NA,NA,NA,NA,NA,NA,NA,NA,NA,NA,NA,NA,NA,NA,NA,NA,NA,NA,NA,NA,0,0,0,NA,0,0,0.04690508143379234,0.11105544364172305
3056,6.887658077706594,0.019455973618890704,173.37824569999944,1.368964025606916,0.03668796254157573,0.013774259617621458,3.747052894894242e-4,113.06404230180011,G03056,101.06046946344617,24.79022169926032,10000,NA,NA,NA,NA,NA,NA,NA,NA,NA,NA,NA,NA,NA,NA,NA,NA,NA,NA,NA,NA,NA,NA,NA,NA,NA,NA,NA,NA,NA,NA,NA,NA,NA,NA,NA,NA,NA,NA,NA,NA,0,0,0,NA,0,0,0.04690508143379234,0.11105544364172305
3057,6.887658077706594,0.019455973618890704,173.37824569999944,1.368964025606916,0.03668796254157573,0.013774259617621458,3.747052894894242e-4,113.06404230180011,G03057,101.95878474756569,24.79022169926032,10000,NA,NA,NA,NA,NA,NA,NA,NA,NA,NA,NA,NA,NA,NA,NA,NA,NA,NA,NA,NA,NA,NA,NA,NA,NA,NA,NA,NA,NA,NA,NA,NA,NA,NA,NA,NA,NA,NA,NA,NA,0,0,0,NA,0,0,0.04690508143379234,0.11105544364172305
3058,6.887658077706594,0.019455973618890704,173.37824569999944,1.368964025606916,0.03668796254157573,0.013774259617621458,3.747052894894242e-4,113.06404230180011,G03058,102.8571000316852,24.79022169926032,10000,NA,NA,NA,NA,NA,NA,NA,NA,NA,NA,NA,NA,NA,NA,NA,NA,NA,NA,NA,NA,NA,NA,NA,NA,NA,NA,NA,NA,NA,NA,NA,NA,NA,NA,NA,NA,NA,NA,NA,NA,0,0,0,NA,0,0,0.04690508143379234,0.11105544364172305
3059,6.887658077706594,0.019455973618890704,173.37824569999944,1.368964025606916,0.03668796254157573,0.013774259617621458,3.747052894894242e-4,113.06404230180011,G03059,103.75541531580473,24.79022169926032,10000,NA,NA,NA,NA,NA,NA,NA,NA,NA,NA,NA,NA,NA,NA,NA,NA,NA,NA,NA,NA,NA,NA,NA,NA,NA,NA,NA,NA,NA,NA,NA,NA,NA,NA,NA,NA,NA,NA,NA,NA,0,0,0,NA,0,0,0.04690508143379234,0.11105544364172305
3060,6.887658077706583,0.019455973618890045,173.37824569999944,1.3689640256069133,0.03668796254157576,0.013774259617621633,3.7470528948945755e-4,113.06404230180011,G03060,104.65373059992427,24.790221699260297,9999.999999999478,NA,NA,NA,NA,NA,NA,NA,NA,NA,NA,NA,NA,NA,NA,NA,NA,NA,NA,NA,NA,NA,NA,NA,NA,NA,NA,NA,NA,NA,NA,NA,NA,NA,NA,NA,NA,NA,NA,NA,NA,0,0,0,NA,0,0,0.04690508143379229,0.11105544364172393
3061,6.887658077706594,0.019455973618890704,173.37824569999944,1.368964025606916,0.03668796254157573,0.013774259617621458,3.747052894894242e-4,113.06404230180011,G03061,105.55204588404376,24.79022169926032,9999.99999999988,NA,NA,NA,NA,NA,NA,NA,NA,NA,NA,NA,NA,NA,NA,NA,NA,NA,NA,NA,NA,NA,NA,NA,NA,NA,NA,NA,NA,NA,NA,NA,NA,NA,NA,NA,NA,NA,NA,NA,NA,0,0,0,NA,0,0,0.04690508143379234,0.11105544364172305
3062,6.887658077706611,0.019455973618890524,173.37824569999944,1.3689640256068907,0.036687962541575726,0.013774259617621333,3.74705289489411e-4,113.0640423018001,G03062,106.45036116816337,24.79022169926032,9999.99999999974,NA,NA,NA,NA,NA,NA,NA,NA,NA,NA,NA,NA,NA,NA,NA,NA,NA,NA,NA,NA,NA,NA,NA,NA,NA,NA,NA,NA,NA,NA,NA,NA,NA,NA,NA,NA,NA,NA,NA,NA,0,0,0,NA,0,0,0.046905081433792385,0.11105544364172491
3063,6.887658077706594,0.019455973618890704,173.37824569999944,1.368964025606916,0.03668796254157573,0.013774259617621458,3.747052894894242e-4,113.06404230180011,G03063,107.34867645228282,24.79022169926032,10000.00000000006,NA,NA,NA,NA,NA,NA,NA,NA,NA,NA,NA,NA,NA,NA,NA,NA,NA,NA,NA,NA,NA,NA,NA,NA,NA,NA,NA,NA,NA,NA,NA,NA,NA,NA,NA,NA,NA,NA,NA,NA,0,0,0,NA,0,0,0.04690508143379234,0.11105544364172305
3064,6.887658077706583,0.019455973618890045,173.37824569999944,1.3689640256069133,0.03668796254157576,0.013774259617621633,3.7470528948945755e-4,113.06404230180011,G03064,108.24699173640235,24.79022169926032,10000.000000000222,NA,NA,NA,NA,NA,NA,NA,NA,NA,NA,NA,NA,NA,NA,NA,NA,NA,NA,NA,NA,NA,NA,NA,NA,NA,NA,NA,NA,NA,NA,NA,NA,NA,NA,NA,NA,NA,NA,NA,NA,0,0,0,NA,0,0,0.04690508143379229,0.11105544364172393
3065,6.887658077706594,0.019455973618890704,173.37824569999944,1.368964025606916,0.03668796254157573,0.013774259617621458,3.747052894894242e-4,113.06404230180011,G03065,109.14530702052186,24.79022169926032,10000,NA,NA,NA,NA,NA,NA,NA,NA,NA,NA,NA,NA,NA,NA,NA,NA,NA,NA,NA,NA,NA,NA,NA,NA,NA,NA,NA,NA,NA,NA,NA,NA,NA,NA,NA,NA,NA,NA,NA,NA,0,0,0,NA,0,0,0.04690508143379234,0.11105544364172305
3066,6.887658077706594,0.019455973618890704,173.37824569999944,1.368964025606916,0.03668796254157573,0.013774259617621458,3.747052894894242e-4,113.06404230180011,G03066,110.04362230464137,24.79022169926032,10000,NA,NA,NA,NA,NA,NA,NA,NA,NA,NA,NA,NA,NA,NA,NA,NA,NA,NA,NA,NA,NA,NA,NA,NA,NA,NA,NA,NA,NA,NA,NA,NA,NA,NA,NA,NA,NA,NA,NA,NA,0,0,0,NA,0,0,0.04690508143379234,0.11105544364172305
3067,6.887658077706594,0.019455973618890704,173.37824569999944,1.368964025606916,0.03668796254157573,0.013774259617621458,3.747052894894242e-4,113.06404230180011,G03067,110.94193758876101,24.79022169926032,9999.999999999909,NA,NA,NA,NA,NA,NA,NA,NA,NA,NA,NA,NA,NA,NA,NA,NA,NA,NA,NA,NA,NA,NA,NA,NA,NA,NA,NA,NA,NA,NA,NA,NA,NA,NA,NA,NA,NA,NA,NA,NA,0,0,0,NA,0,0,0.04690508143379234,0.11105544364172305
3068,6.887658077706611,0.019455973618890524,173.37824569999944,1.3689640256068907,0.036687962541575726,0.013774259617621333,3.74705289489411e-4,113.0640423018001,G03068,111.8402528728805,24.790221699260297,9999.999999999915,NA,NA,NA,NA,NA,NA,NA,NA,NA,NA,NA,NA,NA,NA,NA,NA,NA,NA,NA,NA,NA,NA,NA,NA,NA,NA,NA,NA,NA,NA,NA,NA,NA,NA,NA,NA,NA,NA,NA,NA,0,0,0,NA,0,0,0.046905081433792385,0.11105544364172491
3069,6.887658077706579,0.019455973618889306,173.37824569999944,1.368964025606938,0.03668796254157561,0.01377425961762125,3.7470528948944617e-4,113.06404230180014,G03069,112.7385681569999,24.790221699260282,9999.999999999922,NA,NA,NA,NA,NA,NA,NA,NA,NA,NA,NA,NA,NA,NA,NA,NA,NA,NA,NA,NA,NA,NA,NA,NA,NA,NA,NA,NA,NA,NA,NA,NA,NA,NA,NA,NA,NA,NA,NA,NA,0,0,0,NA,0,0,0.04690508143379226,0.11105544364172454
3070,6.887658077706594,0.019455973618890704,173.37824569999944,1.368964025606916,0.03668796254157573,0.013774259617621458,3.747052894894242e-4,113.06404230180011,G03070,113.63688344111945,24.79022169926032,10000,NA,NA,NA,NA,NA,NA,NA,NA,NA,NA,NA,NA,NA,NA,NA,NA,NA,NA,NA,NA,NA,NA,NA,NA,NA,NA,NA,NA,NA,NA,NA,NA,NA,NA,NA,NA,NA,NA,NA,NA,0,0,0,NA,0,0,0.04690508143379234,0.11105544364172305
3071,6.887658077706594,0.019455973618890704,173.37824569999944,1.368964025606916,0.03668796254157573,0.013774259617621458,3.747052894894242e-4,113.06404230180011,G03071,114.53519872523898,24.79022169926032,10000.000000000045,NA,NA,NA,NA,NA,NA,NA,NA,NA,NA,NA,NA,NA,NA,NA,NA,NA,NA,NA,NA,NA,NA,NA,NA,NA,NA,NA,NA,NA,NA,NA,NA,NA,NA,NA,NA,NA,NA,NA,NA,0,0,0,NA,0,0,0.04690508143379234,0.11105544364172305
3072,6.887658077706594,0.019455973618890704,173.37824569999944,1.368964025606916,0.03668796254157573,0.013774259617621458,3.747052894894242e-4,113.06404230180011,G03072,115.43351400935859,24.79022169926032,9999.999999999836,NA,NA,NA,NA,NA,NA,NA,NA,NA,NA,NA,NA,NA,NA,NA,NA,NA,NA,NA,NA,NA,NA,NA,NA,NA,NA,NA,NA,NA,NA,NA,NA,NA,NA,NA,NA,NA,NA,NA,NA,0,0,0,NA,0,0,0.04690508143379234,0.11105544364172305
3073,6.887658077706579,0.019455973618889306,173.37824569999944,1.368964025606938,0.03668796254157561,0.01377425961762125,3.7470528948944617e-4,113.06404230180014,G03073,116.33182929347802,24.79022169926032,10000.000000000282,NA,NA,NA,NA,NA,NA,NA,NA,NA,NA,NA,NA,NA,NA,NA,NA,NA,NA,NA,NA,NA,NA,NA,NA,NA,NA,NA,NA,NA,NA,NA,NA,NA,NA,NA,NA,NA,NA,NA,NA,0,0,0,NA,0,0,0.04690508143379226,0.11105544364172454
3074,6.887658077706594,0.019455973618890704,173.37824569999944,1.368964025606916,0.03668796254157573,0.013774259617621458,3.747052894894242e-4,113.06404230180011,G03074,117.23014457759756,24.79022169926032,10000,NA,NA,NA,NA,NA,NA,NA,NA,NA,NA,NA,NA,NA,NA,NA,NA,NA,NA,NA,NA,NA,NA,NA,NA,NA,NA,NA,NA,NA,NA,NA,NA,NA,NA,NA,NA,NA,NA,NA,NA,0,0,0,NA,0,0,0.04690508143379234,0.11105544364172305
3075,6.908889639995927,0.019410689692249707,175.50401729999945,1.365673658939218,0.036619652935284644,0.013688104690282,3.731260080849621e-4,113.03843528523385,G03075,118.1037494967102,24.83417201890507,8707.28043090535,NA,NA,NA,NA,NA,NA,NA,NA,NA,NA,NA,NA,NA,NA,NA,NA,NA,NA,NA,NA,NA,NA,NA,NA,NA,NA,NA,NA,NA,NA,NA,NA,NA,NA,NA,NA,NA,NA,NA,NA,0,0,0,NA,0,0,0.04703870678456238,0.11108023185008695
3076,6.969875701147412,0.019282774946957563,185.15927689999955,1.3560127253310357,0.03641486359165787,0.013435321104962615,3.685271338824883e-4,112.96155634867391,G03076,118.77011789503436,24.9607755290876,2527.3788311799067,NA,NA,NA,NA,NA,NA,NA,NA,NA,NA,NA,NA,NA,NA,NA,NA,NA,NA,NA,NA,NA,NA,NA,NA,NA,NA,NA,NA,NA,NA,NA,NA,NA,NA,NA,NA,NA,NA,NA,NA,0,0,0,NA,0,0,0.04742459987722889,0.11114946198615228
3077,7.067315709371789,0.019085479890434517,195.31927319999946,1.3399315899797137,0.03606076542457665,0.013014306361434908,3.6097883363568346e-4,112.82805588570598,G03077,119.52987335169281,25.16456285173224,47.47554621697711,NA,NA,NA,NA,NA,NA,NA,NA,NA,NA,NA,NA,NA,NA,NA,NA,NA,NA,NA,NA,NA,NA,NA,NA,NA,NA,NA,NA,NA,NA,NA,NA,NA,NA,NA,NA,NA,NA,NA,NA,0,0,0,NA,0,0,0.04804803097420515,0.11125448556508594
3078,6.825379174729353,0.01959091971393602,174.40777539999974,1.3783972913772133,0.03687954554677068,0.014021659105843664,3.792747504860116e-4,113.1358102261952,G03078,121.03567742495993,24.661571293903272,4032.4560352940443,NA,NA,NA,NA,NA,NA,NA,NA,NA,NA,NA,NA,NA,NA,NA,NA,NA,NA,NA,NA,NA,NA,NA,NA,NA,NA,NA,NA,NA,NA,NA,NA,NA,NA,NA,NA,NA,NA,NA,NA,0,0,0,NA,0,0,0.04651512801432478,0.11098052450886411
3079,6.884756285022501,0.019462191916047273,173.37824569999944,1.3694107980879275,0.036697179772623545,0.013785962086953586,3.7492027723308983e-4,113.06749651103284,G03079,121.56866685727603,24.784219047597105,6288.397705280944,NA,NA,NA,NA,NA,NA,NA,NA,NA,NA,NA,NA,NA,NA,NA,NA,NA,NA,NA,NA,NA,NA,NA,NA,NA,NA,NA,NA,NA,NA,NA,NA,NA,NA,NA,NA,NA,NA,NA,NA,0,0,0,NA,0,0,0.04688684617164114,0.11105202698379545
3124,6.565741305648933,0.020182067372080722,175.35760429999976,1.4141214112592622,0.0375392577191042,0.014973362133422817,3.973534646750866e-4,113.38443127846188,G03124,97.79707285177345,24.12590554067083,1221.9289321814801,NA,NA,NA,NA,NA,NA,NA,NA,NA,NA,NA,NA,NA,NA,NA,NA,NA,NA,NA,NA,NA,NA,NA,NA,NA,NA,NA,NA,NA,NA,NA,NA,NA,NA,NA,NA,NA,NA,NA,NA,0,0,0,NA,0,0,0.044917663466692764,0.11062452351348723
3125,6.606239534238585,0.020087333832062432,178.87969629999978,1.4089427861229278,0.03745101298732325,0.014832952267321666,3.9463453163328166e-4,113.3507863182092,G03125,98.3749181216896,24.209691522334374,3820.2151360079192,NA,NA,NA,NA,NA,NA,NA,NA,NA,NA,NA,NA,NA,NA,NA,NA,NA,NA,NA,NA,NA,NA,NA,NA,NA,NA,NA,NA,NA,NA,NA,NA,NA,NA,NA,NA,NA,NA,NA,NA,0,0,0,NA,0,0,0.0451641161967012,0.1106855291467439
3126,6.493124917018069,0.020353671683677573,166.5492786999998,1.4230270982678273,0.03768391014363794,0.015218052399411326,4.021354794852872e-4,113.44021190814773,G03126,99.27433317543321,23.975139779721122,9753.280421618922,NA,NA,NA,NA,NA,NA,NA,NA,NA,NA,NA,NA,NA,NA,NA,NA,NA,NA,NA,NA,NA,NA,NA,NA,NA,NA,NA,NA,NA,NA,NA,NA,NA,NA,NA,NA,NA,NA,NA,NA,0,0,0,NA,0,0,0.04447785891678292,0.11050898598838486
3127,6.4916303771146415,0.02035722404507484,166.5492786999998,1.4232051804128394,0.03768670372907822,0.015222994361863676,4.02232635391339e-4,113.44129940530097,G03127,100.16215417932663,23.972028249114643,10000,NA,NA,NA,NA,NA,NA,NA,NA,NA,NA,NA,NA,NA,NA,NA,NA,NA,NA,NA,NA,NA,NA,NA,NA,NA,NA,NA,NA,NA,NA,NA,NA,NA,NA,NA,NA,NA,NA,NA,NA,0,0,0,NA,0,0,0.044468834150503025,0.11050651957905865
3128,6.4916303771146415,0.02035722404507484,166.5492786999998,1.4232051804128394,0.03768670372907822,0.015222994361863676,4.02232635391339e-4,113.44129940530097,G03128,101.06046946344617,23.972028249114643,10000,NA,NA,NA,NA,NA,NA,NA,NA,NA,NA,NA,NA,NA,NA,NA,NA,NA,NA,NA,NA,NA,NA,NA,NA,NA,NA,NA,NA,NA,NA,NA,NA,NA,NA,NA,NA,NA,NA,NA,NA,0,0,0,NA,0,0,0.044468834150503025,0.11050651957905865
3129,6.4916303771146415,0.02035722404507484,166.5492786999998,1.4232051804128394,0.03768670372907822,0.015222994361863676,4.02232635391339e-4,113.44129940530097,G03129,101.95878474756569,23.972028249114643,10000,NA,NA,NA,NA,NA,NA,NA,NA,NA,NA,NA,NA,NA,NA,NA,NA,NA,NA,NA,NA,NA,NA,NA,NA,NA,NA,NA,NA,NA,NA,NA,NA,NA,NA,NA,NA,NA,NA,NA,NA,0,0,0,NA,0,0,0.044468834150503025,0.11050651957905865
3130,6.4916303771146415,0.02035722404507484,166.5492786999998,1.4232051804128394,0.03768670372907822,0.015222994361863676,4.02232635391339e-4,113.44129940530097,G03130,102.8571000316852,23.972028249114643,10000,NA,NA,NA,NA,NA,NA,NA,NA,NA,NA,NA,NA,NA,NA,NA,NA,NA,NA,NA,NA,NA,NA,NA,NA,NA,NA,NA,NA,NA,NA,NA,NA,NA,NA,NA,NA,NA,NA,NA,NA,0,0,0,NA,0,0,0.044468834150503025,0.11050651957905865
3131,6.4916303771146415,0.02035722404507484,166.5492786999998,1.4232051804128394,0.03768670372907822,0.015222994361863676,4.02232635391339e-4,113.44129940530097,G03131,103.75541531580473,23.972028249114643,10000,NA,NA,NA,NA,NA,NA,NA,NA,NA,NA,NA,NA,NA,NA,NA,NA,NA,NA,NA,NA,NA,NA,NA,NA,NA,NA,NA,NA,NA,NA,NA,NA,NA,NA,NA,NA,NA,NA,NA,NA,0,0,0,NA,0,0,0.044468834150503025,0.11050651957905865
3132,6.4916303771146415,0.02035722404507484,166.5492786999998,1.4232051804128394,0.03768670372907822,0.015222994361863676,4.02232635391339e-4,113.44129940530097,G03132,104.65373059992422,23.972028249114643,9999.999999999996,NA,NA,NA,NA,NA,NA,NA,NA,NA,NA,NA,NA,NA,NA,NA,NA,NA,NA,NA,NA,NA,NA,NA,NA,NA,NA,NA,NA,NA,NA,NA,NA,NA,NA,NA,NA,NA,NA,NA,NA,0,0,0,NA,0,0,0.044468834150503025,0.11050651957905865
3133,6.4916303771146415,0.02035722404507484,166.5492786999998,1.4232051804128394,0.03768670372907822,0.015222994361863676,4.02232635391339e-4,113.44129940530097,G03133,105.55204588404382,23.97202824911462,9999.999999999696,NA,NA,NA,NA,NA,NA,NA,NA,NA,NA,NA,NA,NA,NA,NA,NA,NA,NA,NA,NA,NA,NA,NA,NA,NA,NA,NA,NA,NA,NA,NA,NA,NA,NA,NA,NA,NA,NA,NA,NA,0,0,0,NA,0,0,0.044468834150503025,0.11050651957905865
3134,6.4916303771146415,0.02035722404507484,166.5492786999998,1.4232051804128394,0.03768670372907822,0.015222994361863676,4.02232635391339e-4,113.44129940530097,G03134,106.45036116816337,23.972028249114643,9999.99999999999,NA,NA,NA,NA,NA,NA,NA,NA,NA,NA,NA,NA,NA,NA,NA,NA,NA,NA,NA,NA,NA,NA,NA,NA,NA,NA,NA,NA,NA,NA,NA,NA,NA,NA,NA,NA,NA,NA,NA,NA,0,0,0,NA,0,0,0.044468834150503025,0.11050651957905865
3135,6.4916303771146415,0.02035722404507484,166.5492786999998,1.4232051804128394,0.03768670372907822,0.015222994361863676,4.02232635391339e-4,113.44129940530097,G03135,107.34867645228282,23.972028249114643,10000,NA,NA,NA,NA,NA,NA,NA,NA,NA,NA,NA,NA,NA,NA,NA,NA,NA,NA,NA,NA,NA,NA,NA,NA,NA,NA,NA,NA,NA,NA,NA,NA,NA,NA,NA,NA,NA,NA,NA,NA,0,0,0,NA,0,0,0.044468834150503025,0.11050651957905865
3136,6.4916303771146415,0.02035722404507484,166.5492786999998,1.4232051804128394,0.03768670372907822,0.015222994361863676,4.02232635391339e-4,113.44129940530097,G03136,108.24699173640234,23.972028249114643,10000,NA,NA,NA,NA,NA,NA,NA,NA,NA,NA,NA,NA,NA,NA,NA,NA,NA,NA,NA,NA,NA,NA,NA,NA,NA,NA,NA,NA,NA,NA,NA,NA,NA,NA,NA,NA,NA,NA,NA,NA,0,0,0,NA,0,0,0.044468834150503025,0.11050651957905865
3137,6.4916303771146415,0.02035722404507484,166.5492786999998,1.4232051804128394,0.03768670372907822,0.015222994361863676,4.02232635391339e-4,113.44129940530097,G03137,109.14530702052186,23.972028249114643,10000,NA,NA,NA,NA,NA,NA,NA,NA,NA,NA,NA,NA,NA,NA,NA,NA,NA,NA,NA,NA,NA,NA,NA,NA,NA,NA,NA,NA,NA,NA,NA,NA,NA,NA,NA,NA,NA,NA,NA,NA,0,0,0,NA,0,0,0.044468834150503025,0.11050651957905865
3138,6.4916303771146415,0.02035722404507484,166.5492786999998,1.4232051804128394,0.03768670372907822,0.015222994361863676,4.02232635391339e-4,113.44129940530097,G03138,110.04362230464137,23.972028249114643,10000,NA,NA,NA,NA,NA,NA,NA,NA,NA,NA,NA,NA,NA,NA,NA,NA,NA,NA,NA,NA,NA,NA,NA,NA,NA,NA,NA,NA,NA,NA,NA,NA,NA,NA,NA,NA,NA,NA,NA,NA,0,0,0,NA,0,0,0.044468834150503025,0.11050651957905865
3139,6.4916303771146415,0.02035722404507484,166.5492786999998,1.4232051804128394,0.03768670372907822,0.015222994361863676,4.02232635391339e-4,113.44129940530097,G03139,110.9419375887609,23.972028249114643,10000,NA,NA,NA,NA,NA,NA,NA,NA,NA,NA,NA,NA,NA,NA,NA,NA,NA,NA,NA,NA,NA,NA,NA,NA,NA,NA,NA,NA,NA,NA,NA,NA,NA,NA,NA,NA,NA,NA,NA,NA,0,0,0,NA,0,0,0.044468834150503025,0.11050651957905865
3140,6.4916303771146415,0.02035722404507484,166.5492786999998,1.4232051804128394,0.03768670372907822,0.015222994361863676,4.02232635391339e-4,113.44129940530097,G03140,111.84025287288041,23.972028249114643,10000,NA,NA,NA,NA,NA,NA,NA,NA,NA,NA,NA,NA,NA,NA,NA,NA,NA,NA,NA,NA,NA,NA,NA,NA,NA,NA,NA,NA,NA,NA,NA,NA,NA,NA,NA,NA,NA,NA,NA,NA,0,0,0,NA,0,0,0.044468834150503025,0.11050651957905865
3141,6.4916303771146415,0.02035722404507484,166.5492786999998,1.4232051804128394,0.03768670372907822,0.015222994361863676,4.02232635391339e-4,113.44129940530097,G03141,112.73856815699993,23.972028249114643,10000,NA,NA,NA,NA,NA,NA,NA,NA,NA,NA,NA,NA,NA,NA,NA,NA,NA,NA,NA,NA,NA,NA,NA,NA,NA,NA,NA,NA,NA,NA,NA,NA,NA,NA,NA,NA,NA,NA,NA,NA,0,0,0,NA,0,0,0.044468834150503025,0.11050651957905865
3142,6.4916303771146415,0.02035722404507484,166.5492786999998,1.4232051804128394,0.03768670372907822,0.015222994361863676,4.02232635391339e-4,113.44129940530097,G03142,113.63688344111945,23.972028249114643,10000,NA,NA,NA,NA,NA,NA,NA,NA,NA,NA,NA,NA,NA,NA,NA,NA,NA,NA,NA,NA,NA,NA,NA,NA,NA,NA,NA,NA,NA,NA,NA,NA,NA,NA,NA,NA,NA,NA,NA,NA,0,0,0,NA,0,0,0.044468834150503025,0.11050651957905865
3143,6.4916303771146415,0.02035722404507484,166.5492786999998,1.4232051804128394,0.03768670372907822,0.015222994361863676,4.02232635391339e-4,113.44129940530097,G03143,114.53519872523898,23.972028249114643,10000,NA,NA,NA,NA,NA,NA,NA,NA,NA,NA,NA,NA,NA,NA,NA,NA,NA,NA,NA,NA,NA,NA,NA,NA,NA,NA,NA,NA,NA,NA,NA,NA,NA,NA,NA,NA,NA,NA,NA,NA,0,0,0,NA,0,0,0.044468834150503025,0.11050651957905865
3144,6.4916303771146415,0.02035722404507484,166.5492786999998,1.4232051804128394,0.03768670372907822,0.015222994361863676,4.02232635391339e-4,113.44129940530097,G03144,115.43351400935852,23.972028249114643,10000,NA,NA,NA,NA,NA,NA,NA,NA,NA,NA,NA,NA,NA,NA,NA,NA,NA,NA,NA,NA,NA,NA,NA,NA,NA,NA,NA,NA,NA,NA,NA,NA,NA,NA,NA,NA,NA,NA,NA,NA,0,0,0,NA,0,0,0.044468834150503025,0.11050651957905865
3145,6.4916303771146415,0.02035722404507484,166.5492786999998,1.4232051804128394,0.03768670372907822,0.015222994361863676,4.02232635391339e-4,113.44129940530097,G03145,116.33182929347802,23.972028249114643,10000,NA,NA,NA,NA,NA,NA,NA,NA,NA,NA,NA,NA,NA,NA,NA,NA,NA,NA,NA,NA,NA,NA,NA,NA,NA,NA,NA,NA,NA,NA,NA,NA,NA,NA,NA,NA,NA,NA,NA,NA,0,0,0,NA,0,0,0.044468834150503025,0.11050651957905865
3146,6.5160553803851515,0.020299265663283387,175.35760429999976,1.4202682864260827,0.03764011926809857,0.015141755706960322,4.006384212736283e-4,113.42322211171592,G03146,117.1913105098165,24.022833020071182,8454.894446152832,NA,NA,NA,NA,NA,NA,NA,NA,NA,NA,NA,NA,NA,NA,NA,NA,NA,NA,NA,NA,NA,NA,NA,NA,NA,NA,NA,NA,NA,NA,NA,NA,NA,NA,NA,NA,NA,NA,NA,NA,0,0,0,NA,0,0,0.044616457815788116,0.11054636771205065
3147,6.608817906814305,0.020081328949399412,178.87969629999978,1.408608026127942,0.03744521152443761,0.01482391575712599,3.9446017071921124e-4,113.34858193475745,G03147,117.85492107720732,24.215020131225206,1694.9747027642084,NA,NA,NA,NA,NA,NA,NA,NA,NA,NA,NA,NA,NA,NA,NA,NA,NA,NA,NA,NA,NA,NA,NA,NA,NA,NA,NA,NA,NA,NA,NA,NA,NA,NA,NA,NA,NA,NA,NA,NA,0,0,0,NA,0,0,0.04517983683101111,0.1106893354616783
3149,6.366495489110603,0.020656837111958093,160.8831230999996,1.437347790941325,0.03789416746701078,0.015623587048775435,4.1018338696835276e-4,113.5238591799478,G03149,120.22192855922682,23.70993574503095,967.7118598454931,NA,NA,NA,NA,NA,NA,NA,NA,NA,NA,NA,NA,NA,NA,NA,NA,NA,NA,NA,NA,NA,NA,NA,NA,NA,NA,NA,NA,NA,NA,NA,NA,NA,NA,NA,NA,NA,NA,NA,NA,0,0,0,NA,0,0,0.04371674757030547,0.11028589777505078
3150,6.483316379099087,0.02037699905303118,166.5492786999998,1.4241919546979642,0.03770210874863363,0.015250417445957327,4.027721695027285e-4,113.44730486761739,G03150,120.84619029479599,23.954712017726255,9426.029955747996,NA,NA,NA,NA,NA,NA,NA,NA,NA,NA,NA,NA,NA,NA,NA,NA,NA,NA,NA,NA,NA,NA,NA,NA,NA,NA,NA,NA,NA,NA,NA,NA,NA,NA,NA,NA,NA,NA,NA,NA,0,0,0,NA,0,0,0.04441864930574321,0.11049273096605683
3151,6.5160829445674135,0.02029920037657712,175.35760429999976,1.4202649402558238,0.037640065578760554,0.015141663456550646,4.006366144612208e-4,113.42320134373455,G03151,121.45878055459546,24.022890300258265,3940.039213907512,NA,NA,NA,NA,NA,NA,NA,NA,NA,NA,NA,NA,NA,NA,NA,NA,NA,NA,NA,NA,NA,NA,NA,NA,NA,NA,NA,NA,NA,NA,NA,NA,NA,NA,NA,NA,NA,NA,NA,NA,0,0,0,NA,0,0,0.044616624574786296,0.11054641213505707
3198,6.156227764678677,0.02116406519168748,174.5177271999997,1.4575068207851805,0.038123122671572106,0.01623939078293759,4.2268539800546643e-4,113.62574975276578,G03198,99.38173577130763,23.260043331251406,5674.146988231999,NA,NA,NA,NA,NA,NA,NA,NA,NA,NA,NA,NA,NA,NA,NA,NA,NA,NA,NA,NA,NA,NA,NA,NA,NA,NA,NA,NA,NA,NA,NA,NA,NA,NA,NA,NA,NA,NA,NA,NA,0,0,0,NA,0,0,0.04246659402496588,0.10984102140071604
3199,6.105230258213242,0.021286477842981377,168.81363839999977,1.4616718144903973,0.03815551807719774,0.01637808996338949,4.255439082210965e-4,113.64366357429057,G03199,100.16215417932663,23.148606498338843,10000,NA,NA,NA,NA,NA,NA,NA,NA,NA,NA,NA,NA,NA,NA,NA,NA,NA,NA,NA,NA,NA,NA,NA,NA,NA,NA,NA,NA,NA,NA,NA,NA,NA,NA,NA,NA,NA,NA,NA,NA,0,0,0,NA,0,0,0.04216553616477271,0.10971669907903457
3200,6.105230258213242,0.021286477842981377,168.81363839999977,1.4616718144903973,0.03815551807719774,0.01637808996338949,4.255439082210965e-4,113.64366357429057,G03200,101.06046946344617,23.148606498338843,10000,NA,NA,NA,NA,NA,NA,NA,NA,NA,NA,NA,NA,NA,NA,NA,NA,NA,NA,NA,NA,NA,NA,NA,NA,NA,NA,NA,NA,NA,NA,NA,NA,NA,NA,NA,NA,NA,NA,NA,NA,0,0,0,NA,0,0,0.04216553616477271,0.10971669907903457
3201,6.105230258213242,0.021286477842981377,168.81363839999977,1.4616718144903973,0.03815551807719774,0.01637808996338949,4.255439082210965e-4,113.64366357429057,G03201,101.95878474756569,23.148606498338843,10000,NA,NA,NA,NA,NA,NA,NA,NA,NA,NA,NA,NA,NA,NA,NA,NA,NA,NA,NA,NA,NA,NA,NA,NA,NA,NA,NA,NA,NA,NA,NA,NA,NA,NA,NA,NA,NA,NA,NA,NA,0,0,0,NA,0,0,0.04216553616477271,0.10971669907903457
3202,6.106303097712628,0.021283908738567493,168.81363839999977,1.4615872283766282,0.0381549311925337,0.016375214796127177,4.2548451078130734e-4,113.64331372099272,G03202,102.85906247599036,23.15096153887449,9940.330763147611,NA,NA,NA,NA,NA,NA,NA,NA,NA,NA,NA,NA,NA,NA,NA,NA,NA,NA,NA,NA,NA,NA,NA,NA,NA,NA,NA,NA,NA,NA,NA,NA,NA,NA,NA,NA,NA,NA,NA,NA,0,0,0,NA,0,0,0.04217186193198684,0.1097193865367175
3203,6.110325898297901,0.021274272844610247,168.81363839999977,1.4612688886310445,0.03815269423775606,0.016364417522899705,4.252615044795838e-4,113.64199156866032,G03203,103.75294575535112,23.159787976925266,9712.889474658337,NA,NA,NA,NA,NA,NA,NA,NA,NA,NA,NA,NA,NA,NA,NA,NA,NA,NA,NA,NA,NA,NA,NA,NA,NA,NA,NA,NA,NA,NA,NA,NA,NA,NA,NA,NA,NA,NA,NA,NA,0,0,0,NA,0,0,0.042195584359989005,0.1097294356795897
3204,6.137220716075607,0.021209753356219056,174.5177271999997,1.4590934048149895,0.03813626849912642,0.016291569040442343,4.2375909208601357e-4,113.63273323124444,G03204,104.5924151044946,23.218630194263937,7737.057321490627,NA,NA,NA,NA,NA,NA,NA,NA,NA,NA,NA,NA,NA,NA,NA,NA,NA,NA,NA,NA,NA,NA,NA,NA,NA,NA,NA,NA,NA,NA,NA,NA,NA,NA,NA,NA,NA,NA,NA,NA,0,0,0,NA,0,0,0.042354300355463066,0.1097954965699714
3205,6.191338998505126,0.021079508860043443,156.9010763999995,1.4544703187583026,0.03809550869521998,0.01614148890799745,4.2067650769199856e-4,113.61188685536212,G03205,105.63717453772766,23.336186137738025,4833.125380559848,NA,NA,NA,NA,NA,NA,NA,NA,NA,NA,NA,NA,NA,NA,NA,NA,NA,NA,NA,NA,NA,NA,NA,NA,NA,NA,NA,NA,NA,NA,NA,NA,NA,NA,NA,NA,NA,NA,NA,NA,0,0,0,NA,0,0,0.04267431708485757,0.10992265238904494
3206,6.141325979417242,0.021199891221339345,174.5177271999997,1.4587541525181287,0.03813353675555531,0.016280347981311886,4.23528018276062e-4,113.63125581701055,G03206,106.47548331175797,23.227586718590786,7978.818759111447,NA,NA,NA,NA,NA,NA,NA,NA,NA,NA,NA,NA,NA,NA,NA,NA,NA,NA,NA,NA,NA,NA,NA,NA,NA,NA,NA,NA,NA,NA,NA,NA,NA,NA,NA,NA,NA,NA,NA,NA,0,0,0,NA,0,0,0.04237854527269341,0.10980540999156606
3207,6.105230258213242,0.021286477842981377,168.81363839999977,1.4616718144903973,0.03815551807719774,0.01637808996338949,4.255439082210965e-4,113.64366357429057,G03207,107.34867645228282,23.148606498338843,10000,NA,NA,NA,NA,NA,NA,NA,NA,NA,NA,NA,NA,NA,NA,NA,NA,NA,NA,NA,NA,NA,NA,NA,NA,NA,NA,NA,NA,NA,NA,NA,NA,NA,NA,NA,NA,NA,NA,NA,NA,0,0,0,NA,0,0,0.04216553616477271,0.10971669907903457
3208,6.105230258213242,0.021286477842981377,168.81363839999977,1.4616718144903973,0.03815551807719774,0.01637808996338949,4.255439082210965e-4,113.64366357429057,G03208,108.24699173640234,23.148606498338843,10000,NA,NA,NA,NA,NA,NA,NA,NA,NA,NA,NA,NA,NA,NA,NA,NA,NA,NA,NA,NA,NA,NA,NA,NA,NA,NA,NA,NA,NA,NA,NA,NA,NA,NA,NA,NA,NA,NA,NA,NA,0,0,0,NA,0,0,0.04216553616477271,0.10971669907903457
3209,6.105230258213242,0.021286477842981377,168.81363839999977,1.4616718144903973,0.03815551807719774,0.01637808996338949,4.255439082210965e-4,113.64366357429057,G03209,109.14530702052186,23.148606498338843,10000,NA,NA,NA,NA,NA,NA,NA,NA,NA,NA,NA,NA,NA,NA,NA,NA,NA,NA,NA,NA,NA,NA,NA,NA,NA,NA,NA,NA,NA,NA,NA,NA,NA,NA,NA,NA,NA,NA,NA,NA,0,0,0,NA,0,0,0.04216553616477271,0.10971669907903457
3210,6.105230258213242,0.021286477842981377,168.81363839999977,1.4616718144903973,0.03815551807719774,0.01637808996338949,4.255439082210965e-4,113.64366357429057,G03210,110.04362230464137,23.148606498338843,10000,NA,NA,NA,NA,NA,NA,NA,NA,NA,NA,NA,NA,NA,NA,NA,NA,NA,NA,NA,NA,NA,NA,NA,NA,NA,NA,NA,NA,NA,NA,NA,NA,NA,NA,NA,NA,NA,NA,NA,NA,0,0,0,NA,0,0,0.04216553616477271,0.10971669907903457
3211,6.105230258213242,0.021286477842981377,168.81363839999977,1.4616718144903973,0.03815551807719774,0.01637808996338949,4.255439082210965e-4,113.64366357429057,G03211,110.9419375887609,23.148606498338843,10000.000000000035,NA,NA,NA,NA,NA,NA,NA,NA,NA,NA,NA,NA,NA,NA,NA,NA,NA,NA,NA,NA,NA,NA,NA,NA,NA,NA,NA,NA,NA,NA,NA,NA,NA,NA,NA,NA,NA,NA,NA,NA,0,0,0,NA,0,0,0.04216553616477271,0.10971669907903457
3212,6.105230258213242,0.021286477842981377,168.81363839999977,1.4616718144903973,0.03815551807719774,0.01637808996338949,4.255439082210965e-4,113.64366357429057,G03212,111.84025287288041,23.148606498338843,10000,NA,NA,NA,NA,NA,NA,NA,NA,NA,NA,NA,NA,NA,NA,NA,NA,NA,NA,NA,NA,NA,NA,NA,NA,NA,NA,NA,NA,NA,NA,NA,NA,NA,NA,NA,NA,NA,NA,NA,NA,0,0,0,NA,0,0,0.04216553616477271,0.10971669907903457
3213,6.105230258213242,0.021286477842981377,168.81363839999977,1.4616718144903973,0.03815551807719774,0.01637808996338949,4.255439082210965e-4,113.64366357429057,G03213,112.73856815699993,23.148606498338843,10000,NA,NA,NA,NA,NA,NA,NA,NA,NA,NA,NA,NA,NA,NA,NA,NA,NA,NA,NA,NA,NA,NA,NA,NA,NA,NA,NA,NA,NA,NA,NA,NA,NA,NA,NA,NA,NA,NA,NA,NA,0,0,0,NA,0,0,0.04216553616477271,0.10971669907903457
3214,6.110291532705781,0.021274355178293562,168.81363839999977,1.4612716159257204,0.038152713590215444,0.0163645098699733,4.2526341146096295e-4,113.64200293240505,G03214,113.63928046905126,23.159712603304904,9642.070990791244,NA,NA,NA,NA,NA,NA,NA,NA,NA,NA,NA,NA,NA,NA,NA,NA,NA,NA,NA,NA,NA,NA,NA,NA,NA,NA,NA,NA,NA,NA,NA,NA,NA,NA,NA,NA,NA,NA,NA,NA,0,0,0,NA,0,0,0.042195381687218717,0.10972935001938336
3215,6.107522351012877,0.021280988665900925,168.81363839999977,1.461490939056699,0.03815425926030528,0.016371945019721838,4.2541696828555294e-4,113.64291471587713,G03215,114.53199377387686,23.153637405727093,9870.724916618437,NA,NA,NA,NA,NA,NA,NA,NA,NA,NA,NA,NA,NA,NA,NA,NA,NA,NA,NA,NA,NA,NA,NA,NA,NA,NA,NA,NA,NA,NA,NA,NA,NA,NA,NA,NA,NA,NA,NA,NA,0,0,0,NA,0,0,0.04217905138469928,0.10972243694639913
3216,6.120883415753515,0.021248965443374006,168.86042619999972,1.4604246728242092,0.03814655102891021,0.016335958342444615,4.246741087681362e-4,113.63844417590867,G03216,115.42761293357714,23.182920947064687,9112.767136413417,NA,NA,NA,NA,NA,NA,NA,NA,NA,NA,NA,NA,NA,NA,NA,NA,NA,NA,NA,NA,NA,NA,NA,NA,NA,NA,NA,NA,NA,NA,NA,NA,NA,NA,NA,NA,NA,NA,NA,NA,0,0,0,NA,0,0,0.04225786353633649,0.10975559986339933
3217,6.1555733636103165,0.021165639317582682,174.5177271999997,1.4575621174211035,0.038123596373075906,0.01624119681655055,4.227225269644862e-4,113.62599626381281,G03217,116.26138828304363,23.25861981185026,6667.562078572151,NA,NA,NA,NA,NA,NA,NA,NA,NA,NA,NA,NA,NA,NA,NA,NA,NA,NA,NA,NA,NA,NA,NA,NA,NA,NA,NA,NA,NA,NA,NA,NA,NA,NA,NA,NA,NA,NA,NA,NA,0,0,0,NA,0,0,0.04246272604665186,0.10983946977641948
3218,6.2442215988564636,0.02095189924216775,157.75946559999952,1.4496425446095054,0.0380458214415484,0.01599032015593203,4.175898279129001e-4,113.5886386934612,G03218,116.92700897281205,23.450039976552542,409.0093907684007,NA,NA,NA,NA,NA,NA,NA,NA,NA,NA,NA,NA,NA,NA,NA,NA,NA,NA,NA,NA,NA,NA,NA,NA,NA,NA,NA,NA,NA,NA,NA,NA,NA,NA,NA,NA,NA,NA,NA,NA,0,0,0,NA,0,0,0.042987914576035124,0.11003977993361608
3221,6.119426875968887,0.021252458481938703,168.86042619999972,1.4605418955257463,0.0381474220056699,0.016339895195281104,4.247553304337044e-4,113.63894026062019,G03221,120.22106814290596,23.17973214734396,2827.7780374697,NA,NA,NA,NA,NA,NA,NA,NA,NA,NA,NA,NA,NA,NA,NA,NA,NA,NA,NA,NA,NA,NA,NA,NA,NA,NA,NA,NA,NA,NA,NA,NA,NA,NA,NA,NA,NA,NA,NA,NA,0,0,0,NA,0,0,0.04224926948644841,0.10975200812117758
3222,6.107780446269001,0.021280370487912904,168.81363839999977,1.4614705344899086,0.03815411634790487,0.016371252559778133,4.2540266538069067e-4,113.64283006137565,G03222,120.81677269968256,23.154203763227848,9840.659442352622,NA,NA,NA,NA,NA,NA,NA,NA,NA,NA,NA,NA,NA,NA,NA,NA,NA,NA,NA,NA,NA,NA,NA,NA,NA,NA,NA,NA,NA,NA,NA,NA,NA,NA,NA,NA,NA,NA,NA,NA,0,0,0,NA,0,0,0.04218057332297899,0.10972308214644272
3270,5.773874879961616,0.022056230888016063,140.85892229999982,1.4811856070531026,0.03813709354342994,0.01717777298916411,4.4222469694913514e-4,113.69684280028396,G03270,99.50923103450131,22.395036146657155,3290.6991875994004,NA,NA,NA,NA,NA,NA,NA,NA,NA,NA,NA,NA,NA,NA,NA,NA,NA,NA,NA,NA,NA,NA,NA,NA,NA,NA,NA,NA,NA,NA,NA,NA,NA,NA,NA,NA,NA,NA,NA,NA,0,0,0,NA,0,0,0.04022485048990129,0.10872728223485176
3271,5.751716217294062,0.022105282555850578,123.24227109999968,1.4819961213613537,0.03812134298447924,0.01722488797818507,4.4321094919900036e-4,113.6965306757207,G03271,100.18235887879335,22.342511681604904,9377.91230760072,NA,NA,NA,NA,NA,NA,NA,NA,NA,NA,NA,NA,NA,NA,NA,NA,NA,NA,NA,NA,NA,NA,NA,NA,NA,NA,NA,NA,NA,NA,NA,NA,NA,NA,NA,NA,NA,NA,NA,NA,0,0,0,NA,0,0,0.04009587774337437,0.1086496951902243
3272,5.742297355885183,0.022126012288441296,123.24227109999968,1.4823209521953304,0.038114085670635955,0.017244669051378978,4.436248100158682e-4,113.69625226406458,G03272,101.06046946344617,22.320094169621488,10000,NA,NA,NA,NA,NA,NA,NA,NA,NA,NA,NA,NA,NA,NA,NA,NA,NA,NA,NA,NA,NA,NA,NA,NA,NA,NA,NA,NA,NA,NA,NA,NA,NA,NA,NA,NA,NA,NA,NA,NA,0,0,0,NA,0,0,0.040041078870020515,0.1086163135723186
3273,5.818729668074756,0.021955780844222488,142.6924258999997,1.4793478184266444,0.03816331444720023,0.017079926479159045,4.40175107697525e-4,113.69599948128639,G03273,101.85212250682987,22.50045889559521,4033.6162607335364,NA,NA,NA,NA,NA,NA,NA,NA,NA,NA,NA,NA,NA,NA,NA,NA,NA,NA,NA,NA,NA,NA,NA,NA,NA,NA,NA,NA,NA,NA,NA,NA,NA,NA,NA,NA,NA,NA,NA,NA,0,0,0,NA,0,0,0.04048617404938985,0.10888012970502667
3275,5.887877819711843,0.021798173833364593,153.64753869999967,1.4760067870458298,0.038188991672307604,0.0169226456029347,4.3688065661516703e-4,113.69082009325804,G03275,103.8284358063888,22.660719973824417,687.3498747516124,NA,NA,NA,NA,NA,NA,NA,NA,NA,NA,NA,NA,NA,NA,NA,NA,NA,NA,NA,NA,NA,NA,NA,NA,NA,NA,NA,NA,NA,NA,NA,NA,NA,NA,NA,NA,NA,NA,NA,NA,0,0,0,NA,0,0,0.04088988309871847,0.10910427044094385
3278,5.762030483882275,0.022082499137448374,123.24227109999968,1.4816269164864253,0.038128905208087586,0.017203058068435646,4.427540660553458e-4,113.69673584675097,G03278,106.7822376827429,22.366997661710183,2200.272793142618,NA,NA,NA,NA,NA,NA,NA,NA,NA,NA,NA,NA,NA,NA,NA,NA,NA,NA,NA,NA,NA,NA,NA,NA,NA,NA,NA,NA,NA,NA,NA,NA,NA,NA,NA,NA,NA,NA,NA,NA,0,0,0,NA,0,0,0.04015590160359009,0.10868597679793657
3279,5.743515684747842,0.022123335022174128,123.24227109999968,1.4822795992490065,0.038115043318337476,0.01724211864408759,4.435714585493907e-4,113.69629316919682,G03279,107.35152372780628,22.322996965856852,9927.035647438553,NA,NA,NA,NA,NA,NA,NA,NA,NA,NA,NA,NA,NA,NA,NA,NA,NA,NA,NA,NA,NA,NA,NA,NA,NA,NA,NA,NA,NA,NA,NA,NA,NA,NA,NA,NA,NA,NA,NA,NA,0,0,0,NA,0,0,0.040048166346488834,0.10862064476073321
3280,5.742334893704034,0.02212592981783393,123.24227109999968,1.4823196810216643,0.03811411526058104,0.017244590507736048,4.4362316701509265e-4,113.69625354609062,G03280,108.24692294270359,22.32018362117183,9997.824672128832,NA,NA,NA,NA,NA,NA,NA,NA,NA,NA,NA,NA,NA,NA,NA,NA,NA,NA,NA,NA,NA,NA,NA,NA,NA,NA,NA,NA,NA,NA,NA,NA,NA,NA,NA,NA,NA,NA,NA,NA,0,0,0,NA,0,0,0.04004129723828914,0.10861644707873587
3281,5.742297355885183,0.022126012288441296,123.24227109999968,1.4823209521953304,0.038114085670635955,0.017244669051378978,4.436248100158682e-4,113.69625226406458,G03281,109.14530702052186,22.320094169621488,10000,NA,NA,NA,NA,NA,NA,NA,NA,NA,NA,NA,NA,NA,NA,NA,NA,NA,NA,NA,NA,NA,NA,NA,NA,NA,NA,NA,NA,NA,NA,NA,NA,NA,NA,NA,NA,NA,NA,NA,NA,0,0,0,NA,0,0,0.040041078870020515,0.1086163135723186
3282,5.742297355885183,0.022126012288441296,123.24227109999968,1.4823209521953304,0.038114085670635955,0.017244669051378978,4.436248100158682e-4,113.69625226406458,G03282,110.04362230464137,22.320094169621488,10000.000000000011,NA,NA,NA,NA,NA,NA,NA,NA,NA,NA,NA,NA,NA,NA,NA,NA,NA,NA,NA,NA,NA,NA,NA,NA,NA,NA,NA,NA,NA,NA,NA,NA,NA,NA,NA,NA,NA,NA,NA,NA,0,0,0,NA,0,0,0.040041078870020515,0.1086163135723186
3283,5.742297355885183,0.022126012288441296,123.24227109999968,1.4823209521953304,0.038114085670635955,0.017244669051378978,4.436248100158682e-4,113.69625226406458,G03283,110.9419375887609,22.320094169621488,10000,NA,NA,NA,NA,NA,NA,NA,NA,NA,NA,NA,NA,NA,NA,NA,NA,NA,NA,NA,NA,NA,NA,NA,NA,NA,NA,NA,NA,NA,NA,NA,NA,NA,NA,NA,NA,NA,NA,NA,NA,0,0,0,NA,0,0,0.040041078870020515,0.1086163135723186
3284,5.742297355885183,0.022126012288441296,123.24227109999968,1.4823209521953304,0.038114085670635955,0.017244669051378978,4.436248100158682e-4,113.69625226406458,G03284,111.84025287288041,22.320094169621488,10000,NA,NA,NA,NA,NA,NA,NA,NA,NA,NA,NA,NA,NA,NA,NA,NA,NA,NA,NA,NA,NA,NA,NA,NA,NA,NA,NA,NA,NA,NA,NA,NA,NA,NA,NA,NA,NA,NA,NA,NA,0,0,0,NA,0,0,0.040041078870020515,0.1086163135723186
3285,5.75108938691029,0.02210666439425041,123.24227109999968,1.4820181049017294,0.03812087043637137,0.01722620898072147,4.432385917362651e-4,113.69651484649833,G03285,112.71714335398832,22.341021486150876,9273.261706147268,NA,NA,NA,NA,NA,NA,NA,NA,NA,NA,NA,NA,NA,NA,NA,NA,NA,NA,NA,NA,NA,NA,NA,NA,NA,NA,NA,NA,NA,NA,NA,NA,NA,NA,NA,NA,NA,NA,NA,NA,0,0,0,NA,0,0,0.04009223043100249,0.10864748098333973
3286,5.790992937301792,0.02201807374507482,142.6924258999997,1.4805152253957943,0.03814799296415153,0.017140821444278694,4.4145082267966785e-4,113.69675415388026,G03286,113.53750373476933,22.43540934178628,4556.383643270741,NA,NA,NA,NA,NA,NA,NA,NA,NA,NA,NA,NA,NA,NA,NA,NA,NA,NA,NA,NA,NA,NA,NA,NA,NA,NA,NA,NA,NA,NA,NA,NA,NA,NA,NA,NA,NA,NA,NA,NA,0,0,0,NA,0,0,0.04032453814594798,0.10878628890755072
3287,5.841108173680692,0.02190512134042917,142.6924258999997,1.478333392165072,0.03817357491065067,0.017029877665307457,4.3912651902761204e-4,113.69483903678676,G03287,114.38101234688976,22.5526175678141,2420.0300961814282,NA,NA,NA,NA,NA,NA,NA,NA,NA,NA,NA,NA,NA,NA,NA,NA,NA,NA,NA,NA,NA,NA,NA,NA,NA,NA,NA,NA,NA,NA,NA,NA,NA,NA,NA,NA,NA,NA,NA,NA,0,0,0,NA,0,0,0.04061673045063019,0.1089542155588803
3288,5.91043287012942,0.021746116859231005,153.64753869999967,1.474786146128833,0.03819352800232911,0.016869664360655453,4.3577187518863256e-4,113.68810988870382,G03288,115.37808818802614,22.71242899012439,161.3986865591335,NA,NA,NA,NA,NA,NA,NA,NA,NA,NA,NA,NA,NA,NA,NA,NA,NA,NA,NA,NA,NA,NA,NA,NA,NA,NA,NA,NA,NA,NA,NA,NA,NA,NA,NA,NA,NA,NA,NA,NA,0,0,0,NA,0,0,0.04102176523063446,0.10917430220097962
3293,5.874570319059041,0.021828745015379472,153.64753869999967,1.4766970052335582,0.03818543231166474,0.016953518250300576,4.3752706174150514e-4,113.69218330894051,G03293,120.32081217821582,22.630083643741546,320.2927582891856,NA,NA,NA,NA,NA,NA,NA,NA,NA,NA,NA,NA,NA,NA,NA,NA,NA,NA,NA,NA,NA,NA,NA,NA,NA,NA,NA,NA,NA,NA,NA,NA,NA,NA,NA,NA,NA,NA,NA,NA,0,0,0,NA,0,0,0.04081211979585628,0.10906223780356993
3294,5.795902456251251,0.02200708898051012,142.6924258999997,1.4803158809663515,0.03815091539985687,0.017130134695309024,4.412269679470449e-4,113.6966756400967,G03294,120.72121838710483,22.44695629826,4146.893559157415,NA,NA,NA,NA,NA,NA,NA,NA,NA,NA,NA,NA,NA,NA,NA,NA,NA,NA,NA,NA,NA,NA,NA,NA,NA,NA,NA,NA,NA,NA,NA,NA,NA,NA,NA,NA,NA,NA,NA,NA,0,0,0,NA,0,0,0.04035313774314573,0.10880305967009955
3295,5.695331500010564,0.02222825255165118,118.61509679999978,1.4837636801508132,0.038072874300686635,0.01734110557223361,4.4563982255578315e-4,113.69356844853765,G03295,121.52772195392981,22.207480425829445,93.42418189164732,NA,NA,NA,NA,NA,NA,NA,NA,NA,NA,NA,NA,NA,NA,NA,NA,NA,NA,NA,NA,NA,NA,NA,NA,NA,NA,NA,NA,NA,NA,NA,NA,NA,NA,NA,NA,NA,NA,NA,NA,0,0,0,NA,0,0,0.03976802500925597,0.10844645593356833
3343,5.4989498315472645,0.02263237169826096,85.70724099999998,1.4865091620014583,0.037809131661575936,0.01770401703749253,4.5313279761683984e-4,113.6590931922968,G03343,100.33499659863789,21.720450196607892,2869.645909377714,NA,NA,NA,NA,NA,NA,NA,NA,NA,NA,NA,NA,NA,NA,NA,NA,NA,NA,NA,NA,NA,NA,NA,NA,NA,NA,NA,NA,NA,NA,NA,NA,NA,NA,NA,NA,NA,NA,NA,NA,0,0,0,NA,0,0,0.038629192303795974,0.10769290538115345
3344,5.473169347174596,0.02268223663702243,85.70724099999998,1.486464461096439,0.037763488403310154,0.017746740454974902,4.539976574089863e-4,113.65179833838526,G03344,101.13613406249338,21.654433706443267,4756.073973493434,NA,NA,NA,NA,NA,NA,NA,NA,NA,NA,NA,NA,NA,NA,NA,NA,NA,NA,NA,NA,NA,NA,NA,NA,NA,NA,NA,NA,NA,NA,NA,NA,NA,NA,NA,NA,NA,NA,NA,NA,0,0,0,NA,0,0,0.03847996657339672,0.10759240803682416
3345,5.4317742540932255,0.02276057836387467,80.41969079999988,1.486191102194975,0.03768484032679126,0.017812910551741792,4.5532532267885154e-4,113.63875051422048,G03345,101.65175158301908,21.547353787275117,2510.5984076394802,NA,NA,NA,NA,NA,NA,NA,NA,NA,NA,NA,NA,NA,NA,NA,NA,NA,NA,NA,NA,NA,NA,NA,NA,NA,NA,NA,NA,NA,NA,NA,NA,NA,NA,NA,NA,NA,NA,NA,NA,0,0,0,NA,0,0,0.038240460643052865,0.10743279671104242
3351,5.526050703908641,0.022579096031997647,86.70748699999993,1.4864531180041083,0.03785434987607789,0.0176578609147661,4.521928078128685e-4,113.66607186768998,G03351,107.46706629026224,21.789304495521847,2161.60442780248,NA,NA,NA,NA,NA,NA,NA,NA,NA,NA,NA,NA,NA,NA,NA,NA,NA,NA,NA,NA,NA,NA,NA,NA,NA,NA,NA,NA,NA,NA,NA,NA,NA,NA,NA,NA,NA,NA,NA,NA,0,0,0,NA,0,0,0.038786119389450674,0.10779890743998372
3352,5.509739920452182,0.02261126390462833,85.70724099999998,1.4864994595354073,0.03782747433332536,0.01768579265569616,4.5276230230363525e-4,113.66195651907859,G03352,108.19818339680441,21.747930341293394,3203.7422278649897,NA,NA,NA,NA,NA,NA,NA,NA,NA,NA,NA,NA,NA,NA,NA,NA,NA,NA,NA,NA,NA,NA,NA,NA,NA,NA,NA,NA,NA,NA,NA,NA,NA,NA,NA,NA,NA,NA,NA,NA,0,0,0,NA,0,0,0.038691664639259986,0.10773509007821794
3353,5.493091614698376,0.02264377343659156,85.70724099999998,1.486507420048868,0.037798984935175195,0.017713826846977827,4.533318522288333e-4,113.65749167027076,G03353,109.196084369523,21.705493576807232,4245.4653936540435,NA,NA,NA,NA,NA,NA,NA,NA,NA,NA,NA,NA,NA,NA,NA,NA,NA,NA,NA,NA,NA,NA,NA,NA,NA,NA,NA,NA,NA,NA,NA,NA,NA,NA,NA,NA,NA,NA,NA,NA,0,0,0,NA,0,0,0.03859527846367455,0.1076700249948376
3354,5.421169852225186,0.02278029532751565,80.41969079999988,1.4860808373513015,0.03766363035655422,0.01782937741391541,4.5565314428514474e-4,113.63514397107684,G03354,110.08218818240934,21.519704582599882,8330.478771984006,NA,NA,NA,NA,NA,NA,NA,NA,NA,NA,NA,NA,NA,NA,NA,NA,NA,NA,NA,NA,NA,NA,NA,NA,NA,NA,NA,NA,NA,NA,NA,NA,NA,NA,NA,NA,NA,NA,NA,NA,0,0,0,NA,0,0,0.03817912355023243,0.1073924425328574
3355,5.462027294298427,0.02270353546338802,85.70724099999998,1.4864153961212483,0.03774296880146245,0.017764846294162907,4.54362469567639e-4,113.64844794070547,G03355,110.89083976955416,21.625743636679722,6339.035557965481,NA,NA,NA,NA,NA,NA,NA,NA,NA,NA,NA,NA,NA,NA,NA,NA,NA,NA,NA,NA,NA,NA,NA,NA,NA,NA,NA,NA,NA,NA,NA,NA,NA,NA,NA,NA,NA,NA,NA,NA,0,0,0,NA,0,0,0.03841548844266277,0.10754918091187718
3356,5.509997113215274,0.022610759094169836,85.70724099999998,1.4864990243705045,0.03782790607239528,0.017685355794906158,4.5275341030332297e-4,113.66202340100429,G03356,111.74898790198624,21.748584286825736,3045.3235785588017,NA,NA,NA,NA,NA,NA,NA,NA,NA,NA,NA,NA,NA,NA,NA,NA,NA,NA,NA,NA,NA,NA,NA,NA,NA,NA,NA,NA,NA,NA,NA,NA,NA,NA,NA,NA,NA,NA,NA,NA,0,0,0,NA,0,0,0.03869315384960364,0.10773609607552181
3357,5.523489548914843,0.022584167636200456,86.70748699999993,1.4864629123267554,0.03785019769097933,0.0176622772759292,0.00045228297895397017,113.6654426457553,G03357,112.58465143237012,21.78282098381748,1237.1892555510674,NA,NA,NA,NA,NA,NA,NA,NA,NA,NA,NA,NA,NA,NA,NA,NA,NA,NA,NA,NA,NA,NA,NA,NA,NA,NA,NA,NA,NA,NA,NA,NA,NA,NA,NA,NA,NA,NA,NA,NA,0,0,0,NA,0,0,0.03877128636486797,0.1077888859010121
3358,5.562329873871596,0.022506452326669667,98.02208899999974,1.486214136116495,0.03791045158182851,0.017594087948133334,4.5088593267751616e-4,113.67430452407385,G03358,113.39312052643557,21.88062529243814,32.06280451226356,NA,NA,NA,NA,NA,NA,NA,NA,NA,NA,NA,NA,NA,NA,NA,NA,NA,NA,NA,NA,NA,NA,NA,NA,NA,NA,NA,NA,NA,NA,NA,NA,NA,NA,NA,NA,NA,NA,NA,NA,0,0,0,NA,0,0,0.03899629616504502,0.10794064696882398
3425,5.236599303885664,0.023098498830618947,73.50060019999992,1.481485806721999,0.03722542450582121,0.018083875801902304,4.6051828656561996e-4,113.55527254966215,G03425,109.0629917161379,21.023422919185123,38.972127428277275,NA,NA,NA,NA,NA,NA,NA,NA,NA,NA,NA,NA,NA,NA,NA,NA,NA,NA,NA,NA,NA,NA,NA,NA,NA,NA,NA,NA,NA,NA,NA,NA,NA,NA,NA,NA,NA,NA,NA,NA,0,0,0,NA,0,0,0.03711239206763006,0.1067601788655
3426,5.111851258894019,0.0232841007136007,73.33705979999984,1.4754559329956303,0.036856286989556494,0.018220858202327814,4.628543927536026e-4,113.48322894780796,G03426,110.09249720265113,20.670699145529973,6272.810165334432,NA,NA,NA,NA,NA,NA,NA,NA,NA,NA,NA,NA,NA,NA,NA,NA,NA,NA,NA,NA,NA,NA,NA,NA,NA,NA,NA,NA,NA,NA,NA,NA,NA,NA,NA,NA,NA,NA,NA,NA,0,0,0,NA,0,0,0.03639180945977061,0.10642275987327054
3427,5.14821529881042,0.023232638107154636,74.3999455999997,1.477460704977243,0.03696986962994281,0.01818388715107649,4.6225622084420217e-4,113.50571328489703,G03427,110.54528953755928,20.775043618323046,249.15582300091646,NA,NA,NA,NA,NA,NA,NA,NA,NA,NA,NA,NA,NA,NA,NA,NA,NA,NA,NA,NA,NA,NA,NA,NA,NA,NA,NA,NA,NA,NA,NA,NA,NA,NA,NA,NA,NA,NA,NA,NA,0,0,0,NA,0,0,0.03660186078280536,0.10651579882107842
3497,4.7588321719051105,0.023658185229129994,69.64224130000002,1.4452774409877076,0.03550973820679313,0.01845087069082145,4.6490036287059807e-4,113.2034700131482,G03497,109.32450944721404,19.58580837575586,3137.5368109491087,NA,NA,NA,NA,NA,NA,NA,NA,NA,NA,NA,NA,NA,NA,NA,NA,NA,NA,NA,NA,NA,NA,NA,NA,NA,NA,NA,NA,NA,NA,NA,NA,NA,NA,NA,NA,NA,NA,NA,NA,0,0,0,NA,0,0,0.034350025680820316,0.10530179272456472
3498,4.789463790614707,0.02363537064297044,69.64224130000002,1.4486697767429806,0.03564332089065643,0.018440267230727593,4.650030682299628e-4,113.23204080162706,G03498,110.05641687998059,19.685488756638087,7117.492584506372,NA,NA,NA,NA,NA,NA,NA,NA,NA,NA,NA,NA,NA,NA,NA,NA,NA,NA,NA,NA,NA,NA,NA,NA,NA,NA,NA,NA,NA,NA,NA,NA,NA,NA,NA,NA,NA,NA,NA,NA,0,0,0,NA,0,0,0.03452751674407902,0.10543451307899324
3499,4.801460747021746,0.023625909419493607,69.64224130000002,1.4499582988309392,0.03569481102185426,0.01843562672317487,4.650283983634607e-4,113.2430140430436,G03499,110.73459643695513,19.72422414103137,3960.571263418183,NA,NA,NA,NA,NA,NA,NA,NA,NA,NA,NA,NA,NA,NA,NA,NA,NA,NA,NA,NA,NA,NA,NA,NA,NA,NA,NA,NA,NA,NA,NA,NA,NA,NA,NA,NA,NA,NA,NA,NA,0,0,0,NA,0,0,0.034597008728003135,0.10548402702564982
3568,4.592763832854837,0.023747272125083995,68.75066589999973,1.4243333656962527,0.03473451860302196,0.018477133537429885,4.6338035420012187e-4,113.03501932933722,G03568,108.67697868593933,19.02511811730871,252.24780922452788,NA,NA,NA,NA,NA,NA,NA,NA,NA,NA,NA,NA,NA,NA,NA,NA,NA,NA,NA,NA,NA,NA,NA,NA,NA,NA,NA,NA,NA,NA,NA,NA,NA,NA,NA,NA,NA,NA,NA,NA,0,0,0,NA,0,0,0.03338604388670584,0.10441022882493821
3569,4.573331073585696,0.023753768100327508,67.18211229999984,1.4216023009287333,0.03463839613277825,0.018476754597383075,4.6309507881657676e-4,113.01384487285502,G03569,109.1491114172138,18.957173944932943,9910.113789615278,NA,NA,NA,NA,NA,NA,NA,NA,NA,NA,NA,NA,NA,NA,NA,NA,NA,NA,NA,NA,NA,NA,NA,NA,NA,NA,NA,NA,NA,NA,NA,NA,NA,NA,NA,NA,NA,NA,NA,NA,0,0,0,NA,0,0,0.03327302266484235,0.10428563353947728
3570,4.57778905105043,0.023752352271479447,67.18211229999984,1.4222339825863999,0.034660543838373505,0.01847690553130483,4.631625255484931e-4,113.01872897198416,G03570,110.03058229271338,18.972805472721376,9616.4448335151,NA,NA,NA,NA,NA,NA,NA,NA,NA,NA,NA,NA,NA,NA,NA,NA,NA,NA,NA,NA,NA,NA,NA,NA,NA,NA,NA,NA,NA,NA,NA,NA,NA,NA,NA,NA,NA,NA,NA,NA,0,0,0,NA,0,0,0.03329895484828208,0.10431460735058787
3571,4.630594301765765,0.023732227372903838,69.6560365,1.4294822390538533,0.03491847270867402,0.018475794870760665,4.6387082329756935e-4,113.07537327250911,G03571,110.57395885450363,19.155949548821926,1042.978848951164,NA,NA,NA,NA,NA,NA,NA,NA,NA,NA,NA,NA,NA,NA,NA,NA,NA,NA,NA,NA,NA,NA,NA,NA,NA,NA,NA,NA,NA,NA,NA,NA,NA,NA,NA,NA,NA,NA,NA,NA,0,0,0,NA,0,0,0.03360592415009721,0.10464022284244473
3641,4.422103149438985,0.023775066226512473,68.6474876999998,1.3983669012351536,0.03385413060534222,0.018449046690346166,4.6009776029375967e-4,112.83897235320437,G03641,109.25604434997616,18.410565995859972,2401.5124672110987,NA,NA,NA,NA,NA,NA,NA,NA,NA,NA,NA,NA,NA,NA,NA,NA,NA,NA,NA,NA,NA,NA,NA,NA,NA,NA,NA,NA,NA,NA,NA,NA,NA,NA,NA,NA,NA,NA,NA,NA,0,0,0,NA,0,0,0.032391579735565765,0.10316121139083634
3642,4.421734277470153,0.02377505365276246,68.6474876999998,1.3983059673767504,0.033852141878444264,0.018448925429019495,4.6008876019570515e-4,112.83852437963803,G03642,109.81381761007009,18.409192683131312,1494.2646442673981,NA,NA,NA,NA,NA,NA,NA,NA,NA,NA,NA,NA,NA,NA,NA,NA,NA,NA,NA,NA,NA,NA,NA,NA,NA,NA,NA,NA,NA,NA,NA,NA,NA,NA,NA,NA,NA,NA,NA,NA,0,0,0,NA,0,0,0.032389425262455224,0.10315812585086791
