grid_cell,richness_trend,trait_volume_trend,trait_dispersion_trend,body_mass_cwm_trend,mean_corrected_richness,mean_trait_volume,grid_id,centroid_lon,centroid_lat,area_km2,bio1,bio4,bio12,bio15,elev_mean,elev_sd,texture_shannon,texture_entropy,texture_contrast,npp_mean,landcover_trees,landcover_cropland,landcover_built,mean_temporal_beta,mean_temporal_shift_cwm
55,3.7162844714406624,0.21102687119451718,0.08033463593701494,0.1311395847343533,57.12791229817046,1.0164587676075465,G00055,121.7667216778852,53.22062862484775,4638.8653776577585,-2.7025031805038453,391.55,13.553676986694336,24.235887241363525,691.1,70.53920149369725,29134.695804195806,51501.793706293705,181443.7902097902,467.2126505178077,0.02360097958811307,0.1991356549312342,0.005322933434708624,0.10672152731223486,0.47064219987415584
56,3.7267461907154016,0.19943500512535664,0.06927093662267617,0.114222934056004,64.97619448306385,1.2075621467789968,G00056,122.6259880512578,53.26185729168209,6302.303486006403,-3.6829461753368378,447.4166666666667,14.1509637037913,22.82476043701172,826.6666666666666,63.364142010711575,26023.00699300699,47410.381118881116,123878.6958041958,662.9672996830706,0.5189446592477265,0.13443953313946813,9.387412733643082e-4,0.10310284443977621,0.38933692581099855
57,3.3511347351994236,0.2063752950603392,0.0762486914332053,0.1142608280128746,67.38745368637962,1.0770932170068377,G00057,123.50381425901432,53.28723680119337,7211.3504475356285,-3.938072347640991,501.4,14.843226051330566,22.42281255722046,936.5,51.20598238076238,25104.941391941393,45278.91575091575,75632.91941391942,527.8115715422773,0.8798473698490601,0.0047449946284881485,9.649221719170162e-4,0.0907159798453819,0.4115909518046458
128,4.797941789988777,0.17904534251544588,0.05709667113021701,0.10072366993394617,68.82558125411218,0.9647512256450245,G00128,122.62003628231469,52.82123800100551,10000,1.515458305676778,703,10.143527348836264,26.001415888468426,88,90.93404203047393,32045.444444444445,52997.22222222222,317968,479.3039178421248,0.16820696564496956,0.24998407961716135,0.004370149238245326,0.08196157152230292,0.3459341508924139
129,1.3660857327837,0.05605030026802924,0.027804358257472284,0.09046854348058574,60.87941524662756,1.3187815775075542,G00129,123.51835156643419,52.82123800100551,10000,4.796999979019165,267.1333333333333,11.313011042277019,29.22423324584961,681.9333333333333,217.950343842244,22802.352697095437,37503.29045643153,180034.29045643154,117.1880886482684,8.705539365169454e-4,0.038604801903819146,0.002645738308909749,0.11220276309985751,0.4706370676338088
130,2.318218565662151,0.06829420372667218,0.0401041664390733,0.11039868827136953,57.36249816530214,1.3106439385214192,G00130,124.41644529384645,52.82108709522525,9994.36303229091,5.05139023065567,217.625,11.329144994417826,29.414562543233234,661.875,180.89759594143672,22818.812698412698,37055.37777777778,176790.2253968254,100.27018894971629,0.004529509659164534,0.036978683938039304,0.001839521189238604,0.13143269170712202,0.562626896851222
198,2.2881737757434943,0.19758503328466842,0.084966310999148,0.14429567684032185,52.256863017262205,1.0877119726336193,G00198,120.96829322790099,52.28207696180686,6741.92576488094,0.08378868736326694,286.14285714285717,14.131544658115931,26.708071572440012,871.8571428571429,37.387486888318335,23146.516728624534,41445.96282527881,67327.38661710038,257.3884376427399,1.048846231705956e-7,0.011104704827669459,1.1412945753055349e-4,0.13898154917565772,0.5975745406318348
199,3.570832298043912,0.24106672245153382,0.09415678602813259,0.14036890880530264,52.75881043947268,1.1309283638757368,G00199,121.72172099819515,52.27498606676315,10000,-0.9494809189604388,346.22222222222223,14.266848352220324,25.092333369784885,975.7777777777778,69.32579144501074,28712.231884057972,50331.264492753624,171561.24637681158,446.6998052187337,1.3175099419211231e-5,0.019722356450190406,2.4808129780486555e-4,0.12506005772254203,0.5152988595902037
203,2.6144399813394616,0.1501841474380376,0.06546174108075034,0.1261975250641074,55.66141131168189,1.0178795613723586,G00203,125.31498213467323,52.27498606676315,10000,4.508721510569255,417,12.945501391092936,27.69448331197103,262.2,63.246908450701596,28261.200607902734,50233.574468085106,167584.39209726444,427.0380289724195,0.022730260209355257,0.609721280762882,0.01420834806322895,0.10981276379639741,0.48380073005425717
204,2.9789367895006214,0.17851192840807883,0.07436564474841421,0.13291984998878678,55.58850552209436,0.9824502350940727,G00204,126.03928756661632,52.24244350881215,5847.582596973597,4.896234379874335,404.27777777777777,11.842848406897652,28.224805619981552,138.77777777777777,6.548960901462835,30323.255591054312,52666.565495207666,245472.04792332268,518.4001039014072,0.044151438957054166,0.714080618134195,0.016829229221902088,0.11095188908398021,0.5003310118291429
270,2.9313238732571243,0.11728161437487016,0.05695563276461464,0.12966466788070488,55.27229690870553,1.1842435480290239,G00270,120.8482612732761,51.70552270449054,9288.287616787107,0.8182003952781943,250,14.2964007433723,25.937529620002298,1187.764705882353,117.31449687259708,22893.76512455516,40896.70818505338,54368.829181494664,157.87039738433776,8.294805536334227e-7,0.0018521484906251966,6.413652408582308e-4,0.13893435874217755,0.6049119989842395
271,3.067287385845795,0.13157404449678123,0.06157773400496222,0.13637220635142544,55.31853664639515,1.1424809489275747,G00271,121.72172099819515,51.72191801112358,10000,1.8009161949157715,242.375,14.044752558072409,27.4949373404185,919,59.417461933413946,22320.88484848485,39575.38787878788,45383.30303030303,179.70454583650894,1.9615010004551883e-6,0.007301742226893296,8.005969764339734e-4,0.14089019788953625,0.618888466615123
272,3.030743215383487,0.13335998344308084,0.059521247384419135,0.13444700053206513,54.86581668926167,1.134591940439648,G00272,122.62003628231469,51.72191801112358,10000,1.6335864245891571,268.85,13.766549968719483,27.25342502593994,934.3,71.73569910662187,22968.701342281878,41072.96644295302,56823.852348993285,198.96027275997838,1.8031189700915477e-6,0.004687280690040918,0.0010830043890988133,0.13751040893526653,0.590366209781547
274,2.9085302086540867,0.1892286841179259,0.08060812447800153,0.13023002899193042,56.60004850955342,0.9768776870897224,G00274,124.41666685055372,51.72191801112358,10000,0.934585931400458,358.5416666666667,13.736619710922241,25.658666690190632,1001.3333333333334,83.5914842067304,28218.520634920635,49215.850793650796,143898.23492063492,348.3313982104017,0.02667626703934116,0.006338730508191058,0.004337999501659054,0.11108823803267007,0.49863428743644256
276,4.228352746996941,0.20408204955248643,0.07617384916766755,0.11933017058751184,57.48693825262178,1.0432710843045345,G00276,126.17024356538282,51.702582948461824,8899.126060368322,4.491969664891561,394.5833333333333,13.200930635134378,27.148500204086304,529.375,138.0418375458813,29792.61212121212,52309.09090909091,184415.0878787879,429.40547160078455,0.13707683959601516,0.19962236835512012,0.0033768762242895414,0.10414082080258029,0.42587382163148063
277,2.4649125364679167,0.10384381048041882,0.06201060443936883,0.12367646028391985,57.210000919307845,1.1261582754335453,G00277,126.70987310416244,51.494570334539254,207.70376182792654,5.897110915184021,405.65,13.06169056892395,28.562674903869627,241.95,58.74250232112493,27715.365079365078,49308.98095238095,156692.30476190476,315.02647105002694,0.01605411797434811,0.4425477220024705,0.015739571135843337,0.11020112467145693,0.5012124413977032
341,-3.0796252391205745,0.029017193839744927,0.00524841225602434,0.058809244856335825,61.40166977819531,1.6583827745612212,G00341,120.05288481088691,51.1289574617765,6862.295236062493,6.4186140418052675,204.3,11.390176010131835,29.569062614440917,997.05,392.0094621575513,29412.82424242424,49014.736363636366,349322.9121212121,171.8842761466913,0.026516346154551392,0.16891835239419678,0.09664180926843476,0.08904447884232172,0.36438111365005454
342,0.05883004388957171,-0.005341689682725792,-0.009699882847043002,0.039137885168784935,65.93271227338678,1.6024992927055128,G00342,120.82340571407563,51.1620009602833,10000,0.8814119001229604,249.45833333333334,11.771511197090149,21.787750005722046,2142.125,964.0455659671225,28137.679365079366,46250.52380952381,202912.39365079365,128.72808550743827,0.04805656457656567,0.0698291547967214,0.005894408834306146,0.08133131025183898,0.36333244282058924
343,1.5768804323823913,0.017061317942531323,-0.005635589026441449,0.021563401843324823,59.19526406782718,1.4649756577247723,G00343,121.72172099819515,51.1620009602833,10000,3.6944968730211256,182.15,12.90179796218872,26.604474973678588,1434.95,815.9515900887877,32724.272727272728,53599.50606060606,427192.38181818184,347.8895224569328,0.045407015718219666,0.3033330008402178,0.012096913611741448,0.08026008344158095,0.32071058076445014
344,-0.9311335788789644,0.05184204668098486,0.008366264912493381,0.0658580917477895,62.14433618935353,1.456392900349262,G00344,122.62003628231469,51.1620009602833,10000,4.225732253305614,140.05,12.824862384796143,26.975087547302245,1436.55,620.4207803876673,24163.31515151515,40612.163636363635,218710.60303030303,210.9931015542045,0.03984513297947062,0.13355781104458575,0.0032387939315412085,0.10875198000797587,0.5293903011245068
345,-1.2001339645961673,0.04931727047847611,0.018608814703024668,0.08506250976750894,62.218765765908124,1.4800603528007632,G00345,123.51835156643419,51.1620009602833,10000,5.075784310698509,107.625,12.413483421007792,27.295052131017048,1468.75,303.29226111487566,14446.28253968254,24300.285714285714,29735.08253968254,63.590103831011,2.4422478030457695e-4,8.291636737663012e-4,2.969686082451408e-4,0.11511873442890319,0.5128779941627029
347,-0.5811775104183142,0.04909011887594055,0.02115508418359649,0.08495286982837419,62.325548968948326,1.4336543689321675,G00347,125.31498213467323,51.1620009602833,10000,3.363009967530767,166.625,12.45322314898173,24.92632285753886,1796.2916666666667,273.5008908922247,17624.935483870966,28704.06129032258,109029.61935483871,83.28012626109582,0.004439458667765681,0.041273931587382344,0.0021434472953994503,0.11209682926234474,0.4750914814986047
412,2.5607876433003955,0.19365786959647185,0.06223971078302679,0.11253185215722944,71.89083299461169,1.092420525449006,G00412,119.34348521922756,50.476663395402674,1904.5768879433906,2.4345602062013416,664.2777777777778,12.288155184851753,23.934472295973038,692.9444444444445,111.35236716479184,27857.511363636364,49288.30397727273,151952.13636363635,737.280888260095,0.7606530508949186,0.19318442544889067,0.014487167626542966,0.0992690617930538,0.40132934221474403
413,4.457215459359278,0.16870662445072745,0.060312670849231885,0.10137297223989288,80.72429054797475,1.0735095915092314,G00413,119.92545525326737,50.594981556312646,9991.768486017923,2.937854846318563,609.5333333333333,12.231537437438964,24.22681655883789,620.2666666666667,84.35932217659906,27865.738636363636,48944.76988636364,136566.79261363635,781.8294125921459,0.8609492759054859,0.10267104702280533,0.0067952041748451176,0.07574277666347556,0.32964329127736136
414,3.2928070896078765,0.19991577769622915,0.06076414881950426,0.11044628407012903,70.71893535915852,1.1393622588197128,G00414,120.82340571407563,50.59520423372765,10000,3.7222233745786877,590.3888888888889,11.724837991926405,24.56547239091661,479.72222222222223,156.09416673562436,28614.4263803681,49794.63190184049,185209.61656441717,784.7553413549024,0.8300863711234371,0.1234146288481275,0.013021053309786977,0.0992726713524024,0.3932602807845213
415,5.2193077069944644,0.13994130026625115,0.041456276341236276,0.08499250470540091,81.88329960753876,1.140215096402922,G00415,121.72172099819515,50.59520423372765,10000,2.774626510483878,661.5,10.44746732711792,22.84166077205113,642.9285714285714,164.32681521225376,26541.397014925373,46726.0447761194,110038.56417910448,808.6377151668897,0.9442766891593019,0.037973174329000395,0.0021240188683451858,0.07333523429325203,0.23202479044983185
416,5.095961439689983,0.1376002249017979,0.04192304784541203,0.08600720581392307,82.00795415062538,1.1459625932331035,G00416,122.62003628231469,50.59520423372765,10000,3.043587493896484,670.4,10.10236644744873,22.941699981689453,523,141.56977078458522,25651.4,45598.2,74530.4,829.1709027752828,0.9563891897355584,0.03564054049537197,0.001321621626679238,0.07558208161563995,0.2399235750484448
417,3.09667080173685,0.10970914628022688,0.0035163362624165578,0.014430423767269709,61.77250046621023,1.3232011993487955,G00417,123.51835156643419,50.59520423372765,10000,-0.8280647482190814,352.2142857142857,12.51481396811349,18.526446274348668,2629.6428571428573,827.0217750963493,32587.866071428572,52730.955357142855,505611.14285714284,420.70937991988575,0.07539309521261571,0.1093935932254232,0.0029148230682001126,0.07955742493877017,0.1740310730844214
418,2.65767012440944,0.07664345232063864,1.3591459091685974e-4,0.015116368227725217,61.32367534191427,1.3642296506414333,G00418,124.41666685055372,50.59520423372765,10000,-2.451604163646698,334.15,12.429520893096925,16.788387775421143,2882.85,805.0732085050599,33604.52710843374,53995.05722891566,454850.0120481928,291.49559737302354,0.07300898145039085,0.017353414320320924,7.051273147007359e-4,0.08093509331968883,0.21897527307284403
483,-1.6502713038164125,0.053380559957179795,0.02397825049989915,0.09288215856563918,62.387886467697115,1.4942435915637322,G00483,118.46972250206176,49.791925528401364,556.8458073379652,9.476434874534608,39.05,15.265715551376342,33.59119930267334,1037.05,185.81073420921734,8890.448863636364,14379.602272727272,2410.7073863636365,15.586449000085402,0,9.270833022499035e-6,1.0428240848678225e-5,0.11661771699299452,0.504375074360746
484,-0.7353857632855672,0.05994636214913641,0.03239562302104012,0.11496488240294177,61.00668743492337,1.4586793676410492,G00484,119.13284538063802,49.9216220029174,5414.493524224485,8.812152723471323,37.541666666666664,15.37885582447052,32.396979093551636,1115.5416666666667,104.7128492454553,9220.110119047618,15176.511904761905,2806.3273809523807,15.586447945324485,0,0,3.97196260998167e-6,0.12465194097454133,0.5659193350786156
485,-1.468019288065791,0.05510616367823722,0.025468569238738744,0.09611102167410646,61.893570307049124,1.4795912323683225,G00485,119.9250904299561,50.021499450700304,10000,9.520185375213623,34,15.391660404205322,32.99668731689453,976.9,165.48903604961745,9523.443181818182,15577.977272727272,2908.190340909091,14.84261943728914,0,0,6.304398207164384e-5,0.1178840643715783,0.5110773233573618
486,-1.7517557507999435,0.05061585709446476,0.021937241955847706,0.08940280238563894,62.37378219134316,1.5176725773461666,G00486,120.82340571407563,50.021499450700304,10000,10.012166698773703,33.875,15.653184096018473,33.65004173914591,853.6666666666666,214.67380040356613,8545.002976190477,13763.092261904761,2376.3303571428573,13.133033350990145,0,0,1.0879629627635479e-5,0.11696585914208353,0.518396264498088
487,-1.44944337748834,0.05030278112937971,0.023634166246003955,0.09158670750433102,62.07811454428663,1.5015355863856241,G00487,121.72172099819515,50.021499450700304,10000,9.430951595306396,38.9,15.767469692230225,32.98163728713989,956.55,186.51526676613392,10298.582386363636,16461.66193181818,3059.1363636363635,12.311938907923247,0,9.837963076548745e-7,0.001331064816479368,0.11608985096723101,0.4986136838524299
488,-1.6583037330009904,0.04496260321910472,0.019245229853716662,0.08467742079813798,62.72609870971049,1.535800702062949,G00488,122.62003628231469,50.021499450700304,10000,7.637912011146545,51,15.314698934555054,30.535837173461914,1284.4,258.035166921916,10745.130952380952,17338.58630952381,3601.7708333333335,13.339996105463863,0,9.027777852881829e-7,0.0014759375028756108,0.11387836074188312,0.5112759866383468
493,-1.0328775460405393,0.054334863489714336,0.02897950059978521,0.10796678834086627,62.137206521035644,1.4689584262663467,G00493,127.07175202779695,50.015963241049114,9078.777686093666,7.4701927423477175,51.7,13.065841579437256,30.290249824523926,1144.85,113.42805510194789,9047.333333333334,14627.497023809523,2467.5565476190477,12.573479334497863,0,6.944444690075384e-8,4.23333333909189e-4,0.11959718708168737,0.5359153813565883
554,-0.5042316634724326,0.06776503787711408,0.03919583345482415,0.12122666531038147,61.00785518266273,1.4262513215568144,G00554,117.19879746264533,49.400794096827376,8501.12189168454,9.369562873840332,44.04,15.415079078674317,34.19757034301758,992.96,28.537227148644508,8325.979166666666,13671.08630952381,3790.1726190476193,10.681318552391621,0,8.525377232456286e-5,1.5923639791665786e-5,0.12854753326256071,0.586933600544137
555,-0.9919692057141206,0.0579441486318458,0.031195961121893805,0.1120414020143504,61.868483306537506,1.4662560122195345,G00555,118.16546798198165,49.407414090645936,8665.718583630816,9.500174255371094,43.28,15.123336715698242,34.4484797668457,1051.4,98.58541136158702,8094.230113636364,13413.892045454546,5244.423295454545,12.496838702330974,0,4.820530401033046e-5,5.829903922266457e-7,0.12197617165818174,0.5512422148427427
556,-1.9866245202936281,0.05153222989111465,0.022746441646740462,0.08908590340507659,63.911309528479755,1.5061702269599073,G00556,119.0267751458366,49.440860638347424,10000,8.877041292190551,54.6,14.55136604309082,33.17730846405029,1141.4666666666667,191.69942948367847,7005.479166666667,11575.502976190477,3939.7053571428573,13.142077009877363,0,2.749199832569864e-5,1.4449016738615222e-5,0.11303983725064057,0.48433119319641904
557,-2.0166840367738423,0.04967362392867226,0.021990067261970392,0.08702714706376788,64.4269109405987,1.511217198479187,G00557,119.9250904299561,49.440860638347424,10000,8.700069618225097,64.52,13.97473575592041,32.567050247192384,1094.04,195.07231137879785,6878.673295454545,11416.727272727272,2148.625,12.109216601858499,0,1.0093735826981193e-5,4.6997028048168925e-4,0.11131866255078984,0.47390978273763484
558,-1.931724536808112,0.04655766462507354,0.019542022764255443,0.08343342858152393,63.94376784972671,1.5277267313199263,G00558,120.82340571407563,49.440860638347424,10000,8.688607549667358,74.6,13.686588954925536,32.39631640116374,1034.8666666666666,243.4532785784055,8190.690476190476,13413.785714285714,2842.7738095238096,13.780567112448688,1.50306394211935e-7,1.7620534133720358e-5,1.5896635541499038e-4,0.11287539784561067,0.49809548238717627
559,-1.3135361763299354,0.05482761612430111,0.026949380674607604,0.09693568790977454,63.29070809892248,1.4517245773417726,G00559,121.72172099819515,49.440860638347424,10000,7.934337959289551,91.16,13.409077491760254,31.400649795532228,1107.8,148.5342272564363,10540.213068181818,17247.957386363636,8581.579545454546,16.879509447969944,5.944215836941133e-7,5.022062187767185e-4,2.0919067407179977e-5,0.11430392746374113,0.5044509984698097
560,-1.0432533377032545,0.04609237658423815,0.02079746011663683,0.08630653973684656,62.95330739233333,1.479637885425133,G00560,122.62003628231469,49.440860638347424,10000,5.446668367385865,125.64,12.486629943847657,28.086380004882812,1557.64,250.40648287667528,14635.568181818182,24841.34943181818,23665.823863636364,29.606051261583275,1.1659807880297224e-5,0.005466003669709465,9.690100591420734e-4,0.11268781858141114,0.49227963432717914
561,-0.26007671092350393,0.045514199297567275,0.021888463141887526,0.0888889241883386,60.000115860015,1.4050403752589118,G00561,123.51835156643419,49.440860638347424,10000,6.375898615519206,149.6,12.26951805750529,28.421733347574868,1330.6,289.5397775066851,23044.375,39308.5625,200567.04464285713,173.54964388029344,2.402492002079281e-4,0.3731743255285068,0.010708996340632092,0.10991974092478618,0.48499900244236965
563,2.253167169381971,0.055705417359696745,0.034769992619685906,0.10913594049546435,57.942504158456636,1.3110201946646323,G00563,125.31498213467323,49.440860638347424,10000,5.191585453351339,248.66666666666666,13.29913059870402,28.002308336893716,1357.2666666666667,205.9762177991687,25538.194029850747,42746.40298507463,229885.91044776118,116.67525426701434,7.010499583863363e-5,0.1891680513022597,0.0044429791146084465,0.1266372682767435,0.5414768517547255
564,2.746675551182174,0.06023443789273158,0.0474540278929474,0.1116068566930195,60.86388776854107,1.2275692162008518,G00564,126.21329741879276,49.440860638347424,10000,3.9636316204071047,295.68,13.845860023498535,26.872919845581055,1550.72,101.2103914296024,25806.789772727272,45045.78125,141208.7215909091,108.34850135385098,3.8854595245308e-5,0.2783233310809161,0.007941929590815163,0.12671759234214408,0.5464459813867156
566,2.3288644323021153,0.06002384248618118,0.03942137373773365,0.10722356857066052,56.514985043288704,1.2737703582257267,G00566,127.9870705312759,49.362860946853445,7217.280766558497,2.990013513962428,286.46666666666664,13.268653519948323,24.925308227539062,1638.2666666666667,178.38585326106485,27493.40056818182,48749.326704545456,141703.04261363635,208.032741720344,0.035511122514583604,0.2798782351922442,0.011346502066632477,0.12065466258065301,0.5314698093588965
567,0.8333666691868252,0.03507644158628948,0.023870140477870155,0.086821091948781,62.17248164194509,1.500821314282055,G00567,128.8311491841014,49.30378025244225,4819.566714623869,3.1508062744140624,326.28,13.348242454528808,24.622159957885742,1635.48,143.71184131216654,27227.1875,47759.661931818184,141804.54545454544,181.03812932434244,0.006142626884984853,0.17156641528747868,0.02546681527069482,0.10122719528980752,0.4322272659118798
568,2.396623969400689,0.05265722178756911,0.03920757549033129,0.10445071319383845,59.22455024597344,1.407297277680686,G00568,129.4888550168273,49.242159287071196,1030.1498471918921,4.346386090914408,330.8,12.764306926727295,25.53358325958252,1398.9333333333334,70.9360728880702,28412.847305389223,49886.116766467065,148043.34431137724,200.8741582595561,0.003202699898212031,0.3621449059171997,0.022167647396923666,0.11234471600026374,0.46663103670674577
592,1.8492504110112096,0.07725020580704747,0.055180361313268894,0.1312848484659135,55.19864689225061,1.2694107389989675,G00592,86.92038426779793,48.81714642002576,4476.0488951471225,11.649893140792846,54.1,17.387892723083496,34.558599853515624,1020.5,10.865202785910043,19242.145714285714,31317.605714285713,202186.85142857142,117.0061478161297,0.0012285343302354693,0.2963912034483943,0.006266508593749429,0.14956586192808816,0.6229093026229486
593,0.5625480183298499,0.06532735642127879,0.04120738096378164,0.1260493579891518,59.43548663932788,1.3906961805360922,G00593,87.51750421515183,48.81971384764546,7661.256512639461,12.009478330612183,65.83333333333333,17.24142901102702,35.48741674423218,995.5833333333334,14.273467835742334,11367.532738095239,18846.660714285714,41886.19047619047,21.52616646118924,2.4171415609501037e-4,0.04058648275811306,3.530544782844568e-4,0.13490525040025086,0.5982215064468202
625,1.055872344318083,0.024912012907138546,0.016307388086441887,0.0575601769670167,60.89580096729452,1.5569138659539745,G00625,116.39460587608608,48.83263639573477,8475.7190983551,5.647060966491699,324.3,13.386507368087768,28.064449977874755,1131.55,225.46197602163195,31912.122023809523,54827.41071428572,317191.73214285716,294.1428018333108,0.02802502258199956,0.46669194879538345,0.047432046128044726,0.08336461929544317,0.30912087742161226
626,-1.4481741089478575,0.02573614950858085,0.009112073315198508,0.06415062227214516,62.55339325452257,1.6267082790515746,G00626,117.23014457759756,48.85326434139967,10000,5.3362769683202105,329.1666666666667,14.050946195920309,27.037604252497356,1219.0833333333333,178.99864382936988,31150.335227272728,53363.55965909091,279657.54829545453,242.91422402961715,0.03035785908567743,0.3963011744264423,0.08371479222032766,0.09090587516754445,0.2904427153162361
627,1.9462068069356515,0.051013455258456165,0.035584152988920516,0.09744712538745816,60.02608188988587,1.3761777469674987,G00627,118.12845986171706,48.85326434139967,10000,4.176190638542176,369.1,14.026281309127807,25.21657485961914,1471.3,151.23634344610218,28093.383285302592,49303.3083573487,142915.82997118155,234.3193215929684,0.023114611548038278,0.258127326135514,0.021203974736095553,0.10263404762018871,0.4397046729671316
628,1.9801885070916376,0.05012093119973773,0.03466032238174348,0.09226328753086031,59.67401064508665,1.3840063515176595,G00628,119.0267751458366,48.85326434139967,10000,5.06960067152977,367.2916666666667,13.34055209159851,25.81826051076253,1363.4166666666667,173.8004644679506,28968.83183183183,50328.41141141141,159641.27327327328,260.276038938851,0.026719831336954387,0.32561524961596766,0.02330648508462025,0.09992985094034842,0.41719582728331295
629,-0.11529732562105391,0.020401676296700918,0.008888568534835894,0.06892853802749577,63.93172575332732,1.5517206778445392,G00629,119.9250904299561,48.85326434139967,10000,6.707302594184876,382.65,12.710496759414672,27.190249919891357,1091.8,210.63777838794854,29463.764204545456,50552.505681818184,200971.8153409091,320.10013044155005,0.03046476962814792,0.27556595529053496,0.04611119019727213,0.08098291894103096,0.3338496816642281
630,-0.2767491550540947,0.024021052436763037,0.009391384282803289,0.06635663040763595,64.87204427323596,1.5306983703703114,G00630,120.82340571407563,48.85326434139967,10000,7.811708879470825,425.8,12.41744065284729,28.059262561798096,937.6,258.0673922590152,29903.48948948949,51288.45645645646,192370.82582582583,405.85057896214744,0.17614150860604286,0.2729118000611909,0.05087669373081815,0.07679003075299899,0.31722601985417326
631,0.11024666628070201,0.035959777833464525,0.017931610587930316,0.07202402640513525,65.2182770093609,1.4182357067424247,G00631,121.72172099819515,48.85326434139967,10000,8.982860167821249,490.4583333333333,12.219567656517029,28.423333406448364,564.875,292.0780587296902,28091.991477272728,49217.65340909091,156397.7215909091,622.0002828438929,0.6040393745839174,0.11258630303419369,0.04428590784522789,0.08264275936487343,0.3204843071730459
632,1.0683394596103004,0.0627304724506948,0.02501376269205733,0.08700550277758791,64.63050214126702,1.1695871460149516,G00632,122.62003628231469,48.85326434139967,10000,8.831384348869324,526.05,12.041370964050293,27.986612606048585,510.95,251.7259317925789,27175.98181818182,48440.21212121212,135407.33333333334,636.7517301553978,0.6773750113521911,0.08338733061367207,0.02958325435177143,0.09412922506931125,0.3415638932124446
634,1.9163847783655514,0.1762604043668953,0.05585495727062867,0.11789951994721351,66.80930168622794,1.0537885793292565,G00634,124.41666685055372,48.85326434139967,10000,8.55216759443283,561.8333333333334,12.338904420534769,27.77634358406067,466.2916666666667,135.93268128224244,27977.404761904763,50126.017857142855,150188.9107142857,711.839002909875,0.45557192849058487,0.17070552171237213,0.02152277554019565,0.10256059493152281,0.423987478117992
635,1.5410263623474403,0.11068434628473056,0.042521693750915295,0.12013248624580715,64.56280403207371,1.038270364530202,G00635,125.31498213467323,48.85326434139967,10000,8.616738939285279,569.4,11.618211650848389,27.246765899658204,299.1,168.0898569218262,29110.482954545456,51893.735795454544,210395.61079545456,655.7295677587592,0.29918310729472736,0.3219481028362858,0.026619930007621372,0.10316596641495451,0.4239536881791463
636,-1.0548068901132122,0.046746769681898406,0.01963756316992369,0.08629381364848517,68.37328243471686,1.5093821502966067,G00636,126.21329741879276,48.85326434139967,10000,8.842165538242885,565,11.118228503635951,27.442820412772043,86.14285714285714,62.61902951294324,30104.167883211678,52891.51094890511,309172,558.6026527172559,0.15702019296774933,0.5473836130472717,0.0846894063578723,0.0901805395073279,0.3299653039044729
637,-1.892860804462807,0.019310494803639697,0.004559388337563973,0.053946889964357224,65.13360189043227,1.5948808245632289,G00637,127.11161270291227,48.85326434139967,10000,9.195815563201904,632.5,9.13513469696045,27.728906631469727,9.5,10.606601717798213,32810.96,53844.2,476366,335.0083332505254,0.016830261860989716,0.46713210514509595,0.14436527627414575,0.09956132624975034,0.28474985450243623
640,2.9841594777799973,0.1808402211795304,0.044905689353931376,0.09370934895818776,71.75466866996007,1.1407027532155993,G00640,129.74978890357295,48.8156476885638,8264.99477522475,7.734769132402208,957.6111111111111,10.87221876780192,26.996972190009224,212.61111111111111,83.47605425501932,30562.231927710844,53457.08734939759,260973.3734939759,776.2291356331407,0.7196784430098399,0.16788405560844422,0.013571623424987403,0.10311561922302247,0.3982353863651546
663,-2.1519399047721572,0.050076731966444674,0.021042730019502506,0.08609566384310532,63.205496946341555,1.540146714441586,G00663,85.91403161482862,48.1666332575863,5306.128168723001,9.298953676223755,16,16.37709069252014,32.48137502670288,1280.05,223.84075048781304,5542.938502673796,9344.144385026739,1618.283422459893,11.275117242531927,0,0,0,0.11563863294439608,0.5184813034353716
664,-2.5812163466328983,0.03961841181075632,0.0123897412126544,0.07085887444726839,65.0827966838053,1.6002879477788328,G00664,86.70494138203597,48.24542684123918,9493.2592168621,8.453961372375488,20,16.55194886525472,31.34274983406067,1462.5416666666667,387.774921175614,6702.3081232493,11416.593837535014,5594.394957983193,11.607152805559013,0,1.3062249021278944e-4,2.3650156224055784e-6,0.11058020114448563,0.581898005497432
665,-2.2127743340036012,0.044607838222409345,0.017055035481581157,0.07937056708264752,63.65928630268212,1.5669240570909746,G00665,87.5854653835774,48.25850293624259,9993.657702431692,8.319247436523437,29.35,17.06618013381958,31.416325187683107,1500.05,305.3147599307622,7077.114973262032,11524.86898395722,24272.64973262032,13.11234522915662,8.084560538172655e-5,0.005238821958414063,5.029674259620518e-4,0.11381833840040889,0.54044848954844
666,-2.7159450052083964,0.033108960779152964,0.009524673783783067,0.07413422011392305,65.84035261235802,1.6147290487279908,G00666,88.37023631929351,48.17729154222778,6066.449682775711,6.994211468100548,48.95,16.832100105285644,29.530987453460693,1802.1,446.1825092705309,9860.89075630252,15853.635854341737,64490.64425770308,26.303480875574213,0.0012207719840963034,0.030071575161111117,0.00981973449978317,0.10491792625351673,0.5931303551936745
696,-0.3634784545957966,0.04788786887293583,0.0220004178532407,0.08776310182612926,71.07510263911819,1.4619495730055199,G00696,115.74076704484135,48.17980940524789,2468.556656740517,9.486670017242432,644.4285714285714,8.924580574035645,26.992911883762904,69.28571428571429,40.54518575505713,30090.05319148936,52935.186170212764,251575.8989361702,544.4648000096727,0.14688415671466903,0.44626112042140353,0.06753721375060374,0.08693430669314092,0.33749417713098306
698,2.251901958629114,0.15677056089026403,0.04849861364739217,0.09980811788671033,70.34766008624041,1.0387871879247688,G00698,117.23014457759756,48.25868973324162,10000,9.343035289219447,835.9285714285714,9.581943103245326,27.396545955113,71.71428571428571,65.66280831341587,29011.05286343612,51294.92511013216,249095.95154185023,699.6328419184465,0.3451634823305499,0.46231107629680485,0.020941714820929613,0.09924753336245858,0.39030295366432144
699,-0.43819025864114997,0.03664833822765864,0.02091178445132987,0.07758992580937488,75.32217040737339,1.4417017774737808,G00699,118.13010294352483,48.27411166076685,9477.524566749196,8.974920590718588,939.3333333333334,9.802020072937012,27.408070246378582,57.333333333333336,43.154760262725745,30677.176470588234,53378.882352941175,289608.81176470587,692.9220549536428,0.4144791639679611,0.3770904225721843,0.0685634233246911,0.08730266902867712,0.3083458641456933
700,1.5977587198687175,0.04823189341144225,0.03533814995686566,0.10438259191042372,69.20342256891757,1.2953264834390696,G00700,119.0267751458366,48.25868973324162,10000,-8.701603889465332,358.5,12.347458362579346,11.602250099182129,4762,67.88225099390856,19032.636363636364,31545.636363636364,56332.90909090909,28.957658771652806,0,0,0,0.10725036432832386,0.5108309055637574
701,-0.061501098428800444,0.0399765062431499,0.017653767062084443,0.08536019019634948,62.39308698422747,1.4541897054610733,G00701,119.9250904299561,48.25868973324162,10000,-4.611748861873315,178.66666666666666,13.354624960157606,16.552125136057537,4184.944444444444,331.7285339874125,21158.22429906542,35080.862928348906,93139.84735202492,29.17336528527551,8.629191273925445e-7,9.86193322788518e-8,6.711045362635111e-5,0.11352759182585281,0.5188332307778548
702,-2.1854117800163078,0.02047290749903577,-0.0012064674978442724,0.05565089788961934,67.61975314502982,1.6396207596211632,G00702,120.82340571407563,48.25868973324162,10000,1.1022044211470832,133.45833333333334,13.249754349390665,21.838281194369,3202.5,1031.112695734248,20635.941176470587,33368.58021390374,103724.13903743315,38.2476828679678,0.005127443121821702,0.0048794288299593815,4.114904076045769e-4,0.09942959636724504,0.577768596150063
704,2.091561198572474,0.08030647921744324,0.06310139949840211,0.1280371639482634,55.271018497564135,1.244173370017208,G00704,122.62003628231469,48.25868973324162,10000,12.716357549031576,58.958333333333336,14.873979171117147,34.482896169026695,1203.6666666666667,24.85727374373575,23123.406162464988,37567.91596638656,260077.01960784313,106.25192119969957,6.92481037204962e-4,0.380961724682621,0.010961490422448103,0.1523225722180036,0.6329279806481378
705,2.171520263617092,0.08223299383928094,0.06564661017427727,0.12942843891711614,54.54576474087288,1.2474057958867713,G00705,123.51835156643419,48.25868973324162,10000,12.642831754684448,47.9,14.612461423873901,33.89196243286133,1161.35,10.707965554473429,24112.517426273458,39358.42091152815,248966.75871313672,111.93293433286956,1.2762076377805548e-4,0.3243130052082599,0.01198940434642763,0.15513754868154234,0.6509325422852638
706,-0.7865217250027033,0.05751579328393363,0.035369890004840095,0.1180506036512263,61.56780239297896,1.475579880872185,G00706,124.41666685055372,48.25868973324162,10000,12.697067642211914,37.55,15.541033458709716,35.19796257019043,1149.8,21.56166188302504,8620.859943977592,14600.89075630252,23105.41736694678,18.768142090861613,8.244087461295189e-6,0.021626818387300156,0.004656470327799894,0.1266763877850404,0.5658883080639835
708,-1.2698829162388738,0.0605747916699671,0.033762511222379665,0.11138396752146698,63.662985002195775,1.4681531570753332,G00708,126.21329741879276,48.25868973324162,10000,12.225530290603638,32.7,16.691151905059815,35.396199989318845,1133.7,16.18999040993182,2332.4201680672268,4051.7254901960782,752.501400560224,7.622309375628688,0,6.905399391580155e-6,0,0.12011849057524794,0.5309620772711363
710,-1.2304766763414514,0.0607299710659302,0.03380023735040633,0.11198437794378131,63.38122326470535,1.4683747818814579,G00710,128.0099279870318,48.25868973324162,10000,12.152071197827658,34.208333333333336,17.761630455652874,35.80340655644735,1105.375,18.812143395435694,2745.731092436975,4959.019607843137,873.3921568627451,7.592233262366793,0,1.0471793960332858e-6,0,0.1206905684918613,0.5351615864749346
711,-1.1290575049441156,0.0616917562879217,0.03430465684831536,0.11378205668670899,62.69224850504119,1.4681753353043057,G00711,128.90824327115132,48.25868973324162,10000,12.105823993682861,33.25,17.75346221923828,35.84841251373291,1100,23.14485278687933,3747.4598930481284,7487.711229946524,1229.7807486631016,7.336490631069338,0,2.108433773396815e-6,2.251227105449026e-5,0.12243242908400959,0.5466193961414337
712,-1.306297048463821,0.05895262659661191,0.032660115712208726,0.11002692599925143,63.651045595798216,1.4778519463531419,G00712,129.80655855527084,48.25868973324162,10000,11.87139884630839,32.291666666666664,17.459867238998413,35.74532302220663,1089.9166666666667,24.627514952865692,2270.780748663102,3760.585561497326,658.6524064171123,7.180267281999333,0,1.0698349079636035e-5,2.9059571728155456e-4,0.11964176858130277,0.5268179273840089
713,-1.294327975476776,0.05909814146789541,0.03230986731262879,0.110716898171067,63.24137319781126,1.480753083395855,G00713,130.47762028155964,48.25677265003447,4840.937900327235,11.67096562385559,32.25,17.034875106811523,35.44233741760254,1072.5,31.226675506014,2558.7450980392155,3497.4005602240895,554.4145658263305,7.0632333314081714,0,0,0,0.12058626258661902,0.5337183241910961
716,-0.26660204545463917,0.06764055255282331,0.03924983634137643,0.12205475334499673,60.1705342520701,1.4229527844969172,G00716,133.48180480723113,48.04970621356855,2691.1730619691366,10.789020872116089,35.2,16.814820861816408,34.72052516937256,874.8,34.97457723306429,9339.419786096256,15270.088235294117,9614.07486631016,10.467481326030935,0,0.0055905399252167,5.611334231764771e-5,0.1307141850972195,0.5938314446141975
717,-2.6037694705457732,0.036461212121298214,0.010909147897327451,0.0672543571569204,65.83068111207956,1.609296570331007,G00717,134.26502508655216,48.1583027702985,5364.48153411245,9.4992087384065,35.875,16.077471494674683,32.933187325795494,1050.625,431.16190971757277,8153.983193277311,13229.235294117647,18754.243697478993,13.873204296912771,5.6291834301401375e-5,0.022204216839354668,0.0015380745250375928,0.10694956341399459,0.570171123444927
718,-3.015910969147442,0.030702241182038306,0.005177604372103832,0.05881128668991718,67.81945821024426,1.6489436492340328,G00718,134.86357339341086,48.35386964713098,259.07200729441035,6.9674688339233395,41.9,15.240468883514405,29.25678768157959,1635.9,800.256991616805,7534.280748663102,12265.088235294117,6963.804812834224,11.90170652643009,8.768407066779107e-6,0.0018341476965111738,5.052766613458282e-4,0.10426754994366857,0.6110833119505314
735,-0.406459317309833,0.060815115277951755,0.035768737740814745,0.1145379666721527,63.27417194483828,1.415445820033017,G00735,85.9057616561927,47.66575732713293,7382.6613564958,8.729305108388266,130.375,14.848618865013123,31.103812376658123,1309.375,50.351643900455336,9697,15939.014005602241,5591.921568627451,17.525582396619235,2.2519985919105397e-8,6.738655542604324e-4,1.1710393062992804e-6,0.12158140626707563,0.5557781961808788
736,-1.2728397699105132,0.03958057119249902,0.016512198347183628,0.07885298678355666,64.7554391567773,1.4988650142105613,G00736,86.68742491753382,47.65711872820361,10000,8.14065465927124,162,14.334315586090089,30.206312465667725,1364.45,311.51505412639114,15827.133689839573,26381.57754010695,31130.92245989305,36.55880224789337,0.018376941096126274,0.007675725119744206,0.0021276885401577614,0.1057754428452761,0.4670011872200918
737,-3.0988957625603373,0.04267430238037253,0.015601936289125895,0.061656807777447045,64.453757490675045,1.6068808213450974,G00737,87.58574020165334,47.65711872820361,10000,7.040386986732483,182.15,12.916467809677124,27.95688753128052,1405.2,301.38969353383845,21662.745989304814,36478.521390374335,137866.28877005348,127.18050180946841,0.011160029005471288,0.15502863681821855,0.05724086352080387,0.09112320432749282,0.4528907112689698
738,0.8377063081332721,0.043887815589055364,0.03513209090361244,0.11132971254497831,63.143571175910466,1.3843664415238368,G00738,88.48405548577286,47.65711872820361,10000,7.634231726328532,231.54166666666666,13.897262215614319,29.434364636739094,1283.9166666666667,86.43515622641088,20406.01400560224,35597.551820728295,57320.098039215685,83.30725728233361,2.4719991269681415e-4,0.0433549420062972,0.00987511157835327,0.11942856062283319,0.5398769282642311
770,-2.0445161632604765,0.04781501937691212,0.019985675858499585,0.08419180352859286,63.40949358846246,1.540564891102212,G00770,117.25333674409598,47.84932937050915,3033.91406236276,10.278694848219553,39.75,16.169137994448345,33.619676987330116,1192.5833333333333,241.89917351022004,7040.016806722689,11556.904761904761,12993.669467787115,10.594571478327566,7.69653684411499e-8,0.005080022002136286,2.3382078050746474e-4,0.11463121716822128,0.5147746466363479
772,-2.8152831640907703,0.02926206439941569,0.004688932059976307,0.05922435680778192,68.22446092750172,1.627435660459446,G00772,119.14461179231826,47.746832981076295,5798.731949914839,-0.03349218610674143,96.54166666666667,14.244131962458292,20.196812589963276,3146.8333333333335,724.4839042630497,10276.019607843138,17337.55462184874,5942.232492997199,20.197629570831413,0,2.1786491824354578e-8,1.198257074117141e-7,0.10279764525829674,0.5918600027271335
773,-2.3454084072943076,0.03492291914394545,0.009559009472849263,0.06718391355023719,66.91719644507388,1.5721260890162025,G00773,119.9250904299561,47.65711872820361,10000,-3.232527044415474,120.2,13.929568767547607,16.154625034332277,3791.35,440.46282775233027,11907.930481283422,19664.24064171123,23087.35026737968,20.941186789668322,2.505446631133694e-7,2.1786491824354578e-8,1.7864923660561223e-6,0.10428379393164477,0.5498761328175964
774,-1.7633191839192985,0.043131525575958465,0.01657706972788741,0.08095858747020707,63.60500002615023,1.5359682777568684,G00774,120.82340571407563,47.65711872820361,10000,-0.583085947483778,80.6,14.719721937179566,19.51141242980957,3316.15,312.4204783031322,11588.879356568365,18361.82037533512,22969.908847184986,20.946151691132414,9.803921241700763e-8,0.001370108936799369,5.337145983281508e-4,0.11188361002116486,0.522073013346537
775,-2.2632495508357033,0.042908004659428706,0.016015118847029775,0.0767896135204524,64.61090836598154,1.5622683343010761,G00775,121.72172099819515,47.65711872820361,10000,0.9610260324552655,56.666666666666664,14.583513895670572,21.210281252861023,3073.9583333333335,303.6262690082728,7126.056497175141,11124.488700564973,2085.7118644067796,15.722335273605806,1.7592083597980715e-7,7.689939505587537e-5,1.933809783008068e-4,0.11141565639930028,0.5312100426194072
776,-2.1685276330810117,0.04793108150149572,0.019560727198331414,0.08332917560852901,63.61620490898416,1.5446220769648094,G00776,122.62003628231469,47.65711872820361,10000,2.2223396020941437,36.2,15.342227125167847,22.98197498321533,2845.45,244.34046027278367,5687.606951871658,9038.446524064171,1631.2058823529412,17.1900932808267,0,2.723311485970202e-7,1.8191721133037098e-6,0.1145547694491574,0.5164876965941809
777,-1.0292534474881139,0.06437420153593207,0.03547838799020487,0.11627706896760993,61.77243843673027,1.4614040665702257,G00777,123.51835156643419,47.65711872820361,10000,2.7006571292877197,26.708333333333332,15.910680651664734,23.83410422007243,2765.3333333333335,37.30446606514824,5009.770308123249,8016.540616246499,1332.9803921568628,17.49158458815677,1.0893245912177289e-8,4.488017302343048e-6,1.2936819223286955e-4,0.12441356986462089,0.5595351727709861
778,-2.035574573109863,0.04637636836099479,0.01837589520671059,0.08268817345369436,63.222367020741686,1.5479050995673498,G00778,124.41666685055372,47.65711872820361,10000,1.9627557380124927,39.35,16.093738746643066,22.9886625289917,2997.3,275.9073261651074,7805.75935828877,12329.050802139038,9652.491978609625,15.92398975367884,0,2.3518518465728355e-5,5.4488017754397186e-5,0.11498723128425056,0.5320450323471522
783,4.23219369507435,0.10533985976465919,0.049743143124223996,0.10598846080803444,55.80929740233688,1.1687886814725024,G00783,128.90824327115132,47.65711872820361,10000,-4.468928376833598,324.3333333333333,14.194851477940878,13.586229284604391,4140,246.55010955531765,29471.582887700533,49739.69251336899,167485.5588235294,131.630988316441,0,2.1786493409530529e-7,1.682352952374496e-4,0.12614654669662007,0.5056683746068591
784,6.154262183888034,0.12333873818381609,0.038812817178891054,0.07687607791208811,51.21081215529556,1.112527599406087,G00784,129.80655855527084,47.65711872820361,10000,-4.177014577388763,379.15,13.776656198501588,13.553487539291382,3929.15,255.7752457056575,32698.980392156864,53989.87394957983,277672.2801120448,200.40591265570276,0.016921154705763403,2.637472783969507e-4,4.370370388555002e-4,0.11440131373321538,0.3160352305616065
785,2.5052760966855723,0.03625516958944012,-0.004873298734357813,0.020343964624623588,63.412997568700895,1.388615459986033,G00785,130.64864130222608,47.623905376174484,8391.924560433694,-0.5685742120646561,379.75,13.817238688468933,18.141333381334942,3043.125,696.8282373665007,31530.344919786097,52227.67647058824,261488.11497326204,241.14044324945723,0.0821682572715445,0.09436869718589408,0.0025954590450480547,0.07421395668796367,0.2070800975157727
787,-2.22579338584083,0.0426473332952611,0.019174826286272758,0.07389916896931532,65.29658279249249,1.5591044295047747,G00787,132.56093963875017,47.59131145915964,7360.861184023429,4.43182601928711,225.1,14.438237571716309,24.183237552642822,2000.85,322.63948839793966,21465.024064171124,35174.9679144385,213738.77540106952,123.81518497749649,0.0012833986961847304,0.1512722767587801,0.02120685186281482,0.0990029880590884,0.5322277595524977
788,1.8668872774196548,0.05535128174685085,0.04293139942489401,0.1228825577734575,57.36273029002959,1.3236290669702582,G00788,133.39981969174895,47.65711872820361,10000,7.813660641511281,133.125,14.848284681638082,28.941458384195965,1422.9583333333333,69.06863578553845,21301.85994397759,34800.927170868345,249715.57983193276,86.97275371883714,5.644880170765684e-4,0.19488223307373737,0.00670582787996406,0.13936363097473933,0.591856761827171
804,-2.0060172960064966,0.03392963189556902,0.011163230982775078,0.06496944061731637,63.07805508920922,1.6216886351643398,G00804,83.19545008831771,46.925180777739406,4593.7797073205365,12.99688466389974,521,10.95683733622233,30.954782485961914,5.111111111111111,2.054804667656325,32486.85893416928,55179.51410658307,371039.79937304073,446.179279383955,0.002527428372757035,0.6608967185552169,0.13585010105946738,0.10764742232687188,0.35161330665246276
805,-0.09716598417687851,0.023763119708330165,0.01354498074197874,0.07694903024759647,73.56703982214928,1.538995774994119,G00805,83.98253854029164,46.85777678553751,3753.166855399418,13.009531211853027,534.4,9.176437187194825,30.526835632324218,2.8,1.3038404810405297,29991,49048.5,316565.75,14.06357557231108,3.377245519952263e-4,0.0537784429059488,0.055623053499637067,0.08557990717683331,0.38931745074852625
806,4.3637864461595655,0.008850163464132673,0.012409742784435837,0.04385591460893171,80.60900109546864,1.2649432746223772,G00806,84.91359827764438,46.859687925056605,3729.1070520868907,12.847574234008789,582,9.579676628112793,30.451940536499023,1,NA,NA,NA,NA,0,0,0,0,0.06782259107815881,0.24595824676325184
807,-3.442819835337927,0.021088592764763676,3.780230485060179e-5,0.055143428016433405,59.326658889569885,1.6602472559785117,G00807,85.84648414140125,47.01863791029721,8443.012802734616,11.15745222568512,534.5,6.733362317085266,26.813674926757812,39.625,14.735162028291375,33462.625,54999.25,507090,271.38418602610744,0.25887328445181607,0.09898411591212847,0.19013357386709043,0.11943502973805546,0.2861005059244778
808,-1.292141519512661,0.03572943119422953,0.01399245221757125,0.07308660020435626,65.15247314837927,1.5690508526679414,G00808,86.68742491753382,47.04853609489743,10000,10.903701782226562,596,7.253926992416382,26.989746570587158,54.5,6.557438524302,33840,56686,517355,592.1157304785224,0.6453981986353258,0.05369459451256196,0.11818738747053824,0.1041862335321252,0.34945475467429754
809,-0.7036324056981109,0.04127750344091106,0.015822727251925284,0.07950267493981088,61.05663372550471,1.5108102079553325,G00809,87.58574020165334,47.04853609489743,10000,-1.875132204248355,85.6923076923077,13.808485618004433,18.714019261873684,4044.923076923077,420.92684668052505,22266.852791878173,36088.59390862944,97757.13705583756,30.809265407237255,2.4006455351340413e-6,0.0023729473627210106,0.0017427274609964362,0.11447150324356672,0.5660865208829291
810,-0.10738140483185124,0.041482197308034985,0.012672128109357857,0.0745219382315927,58.770176209626406,1.4973453520660291,G00810,88.48405548577286,47.04853609489743,10000,1.243563012778759,60.35,13.19568853378296,20.90326256752014,3498.5,520.4304392570281,25757.05347593583,42391.87165775401,100867.01336898396,51.17723726827053,0.0010994662338367058,0.0010214379080344554,2.7523965204567276e-4,0.11858182460861878,0.6413296632031852
811,-1.791186529195343,0.03394472881906428,0.008828565410301555,0.06602382835603372,62.65139369868232,1.6020430981189566,G00811,89.38237076989238,47.04853609489743,10000,9.551897555589676,35.958333333333336,14.275524338086447,30.434781630833943,2035.7083333333333,554.9167175403866,17041.607843137255,27788.75350140056,104378.57422969188,56.954488604859534,0.0031503594808277233,0.05140887792356466,0.0028661764762881094,0.11071223885486474,0.6199827318375126
812,-1.2552237780523876,0.0474332437242983,0.024434975654448063,0.09603657066180223,60.53563311249443,1.4904225566739728,G00812,90.24011320475564,47.028391080479636,8965.397637250908,12.42576880455017,28.9,15.105647850036622,34.366399955749515,1426.8,177.09456290503758,12896.467914438503,20921.33422459893,109283.31818181818,86.11416688598278,0.0010731500846614696,0.16434483785930426,0.007511346892451266,0.11902561405978013,0.5262392036874903
813,-0.872887151067051,0.06083468653125903,0.035717428220076904,0.1203517088614059,61.08861370473483,1.4627660359338406,G00813,90.82158165956677,46.83991145494528,725.7030641714495,12.626254177093506,28.25,15.353502321243287,35.10673789978027,1299.8,38.014678605424045,8039.4929971988795,12553.882352941177,49748.224089635856,24.893636718423757,5.715686247105409e-5,0.047271851897297386,0.002680533762788622,0.1276007208034022,0.5751593659584541
845,1.9265915618162492,0.05682904019519575,0.04565671627129198,0.1108301750434963,61.77000824376184,1.3389583609285234,G00845,120.03510788525112,47.0862193370112,7198.858072510716,8.077060401439667,309.75,13.843153635660807,28.74260401725769,1418.5,65.56642831311714,24536.316526610644,42847.92997198879,88243.81232492997,112.36794283519103,4.847494555355206e-6,0.12756015259837308,0.01194152506733013,0.1257478032636592,0.565761791302345
846,4.187193129380144,0.09898932419355862,0.05750023629912026,0.11658294680240568,63.59767280310741,1.0207969486161774,G00846,120.82340571407563,47.04853609489743,10000,8.136336970329285,365.55,14.203178119659423,28.78623743057251,1345.6,45.30411855333616,28909.44385026738,49879.978609625665,179039.79679144386,156.08557176154517,1.5021786507205e-4,0.31971724399068885,0.0047753921550002555,0.11278548686814976,0.5188969944124442
847,1.6248010346602242,0.040319274657351765,0.03419524277735972,0.10113214361704567,64.57870636665785,1.360716960753522,G00847,121.72172099819515,47.04853609489743,10000,8.671925822893778,394.375,13.676513115564982,29.280447959899902,1220.75,88.9471020130602,24629.10644257703,42811.08403361344,143802.1092436975,158.08410970574275,5.736888409749011e-4,0.16483637169467644,0.012918438709573885,0.10928205257783422,0.5088730798138821
848,0.3458920982444671,0.055563641577121535,0.03970454684983024,0.10096998051083299,73.83128792227086,1.2642947197541834,G00848,122.62003628231469,47.04853609489743,10000,9.015906190872192,450.05,13.189762496948243,29.497137546539307,1050.6,55.03721229170411,20228.708556149733,36638.66310160428,68389.25668449198,200.2057383604168,0.005663464070365433,0.13678270154213826,0.012042766887072131,0.090481409273206,0.4758228964992465
849,-1.304001157581007,0.0331849969466019,0.016370538051017857,0.0772562585019816,72.3479714203078,1.4210524899195383,G00849,123.51835156643419,47.04853609489743,10000,8.397779655456542,482.7,13.306205129623413,28.653362464904784,1094.75,182.89539000262016,22644.084033613446,40344.57142857143,58190.879551820726,212.94388202013454,0.0989127233856861,0.11683396521582991,0.02151356208983653,0.08018686106803233,0.3829998041928985
850,0.6005358471427451,0.036208699866690945,0.019268124722286197,0.06897394825722314,64.43410562763985,1.3325350811018795,G00850,124.41666685055372,47.04853609489743,10000,6.245725691318512,478.9583333333333,13.080913186073303,25.30597909291585,1485.125,248.37022024459338,27098.70320855615,46857.157754010695,86970.88502673797,363.43443019228744,0.4052948693306426,0.08766340950785251,0.021774618720448023,0.08264308232957056,0.32743430939806417
851,-3.0642492884722787,0.03336598496496684,0.008967409342092952,0.07206634794054971,65.5310217015672,1.5775744684923279,G00851,125.31498213467323,47.04853609489743,10000,8.417819809913635,419.85,13.457862424850465,27.44691228866577,1060.1,196.68219088297323,27581.401069518717,48452.78877005348,161848.32352941178,415.5889138118155,0.13108132899686806,0.3551982573320032,0.10004349672357925,0.09019096471725631,0.3456843225872239
854,-2.075059230070338,0.05045460503702666,0.020122949929324663,0.07151225728749375,64.40237463671411,1.593191609150437,G00854,128.0099279870318,47.04853609489743,10000,13.180135869979859,435.05,11.387832307815552,32.127049922943115,29.15,6.853927034151567,31745.131652661064,54275.67787114846,528624.319327731,709.8971030898667,0.020329346431018427,0.7985261547488304,0.14330754901132786,0.11540940000600221,0.35700886517543506
855,-1.2726097679527437,0.054704440501810475,0.023802667342631822,0.07808950546864324,64.90049249663204,1.5618752770938464,G00855,128.90824327115132,47.04853609489743,10000,13.019786516825357,455.9166666666667,11.070185820261637,31.77104139328003,17.041666666666668,3.4196257952749955,32039.98395721925,55503.37967914438,500948.92245989305,738.1322767345807,0.032932287614689644,0.8103895317841081,0.12284152516172715,0.110959489746563,0.363238375489517
856,-1.5162896142767348,0.04885753169460918,0.019611425529560092,0.07680254106500524,67.0499690518374,1.5373760530714153,G00856,129.80655855527084,47.04853609489743,10000,13.091898012161256,527,10.955249977111816,31.375349617004396,10.25,2.7886046312580213,31655.988732394366,55343.65915492958,466938.7126760563,730.7376279718576,0.01398541395933802,0.8053562528844513,0.1251513181278093,0.10727123233209138,0.3531772132659223
857,-1.1410582530822917,0.03352262039923115,0.013977669601615025,0.0686030576871617,65.23826963250008,1.5693325262096636,G00857,130.70487383939036,47.04853609489743,10000,13.214932123819986,569.8333333333334,10.440700478023953,31.081676907009548,5.111111111111111,2.0259751142101163,33420.19161676647,56135.73053892216,455476.06886227545,503.6736791448615,0.001046396672686001,0.6558974059514233,0.10955066691930197,0.10082034186713096,0.3236386256453871
858,0.24423846162743765,0.025680653433437214,0.013515825510742046,0.06834834727259353,68.45751375163412,1.5375942926794046,G00858,131.60318912350988,47.04853609489743,10000,13.020196533203125,596.3,9.840228748321532,30.547390747070313,2.8,2.1499353995462798,33837.24683544304,54573.759493670885,439484.35443037975,334.387508290349,0.0019856069520252165,0.4241508568484372,0.07138084065824926,0.08770678259492216,0.3097908542440397
859,-1.23231932863769,0.024217572156334286,0.008952904518498854,0.06018690904791344,66.71434321050901,1.5752223503856422,G00859,132.5015044076294,47.04853609489743,10000,12.263617706298827,607.4,8.806729793548584,29.13866081237793,40,55.641710972974224,32154.96,55135.8,413969.56,394.6767089167107,0.04889525302916832,0.4846705694403969,0.1114530061140728,0.09185083846295354,0.28644685272888637
860,-1.3104614134773003,0.040229533735577305,0.016398223114913166,0.08299618399093812,68.30998135266225,1.542732469706016,G00860,133.39981969174895,47.04853609489743,10000,11.860629929436577,587.3333333333334,8.242993513743082,28.043730841742622,81.88888888888889,34.71110933276422,29871.157575757577,52543.242424242424,267667.20606060605,524.7344632936432,0.14956774115705612,0.4848545956093614,0.09386736333916233,0.09156129205649864,0.3164112284599559
861,-4.269271173086659,0.02174955648022655,-2.4079851061674048e-4,0.03880705834120174,60.78491066255409,1.6187033934408745,G00861,133.97661507066962,47.09988953712776,2601.592007316766,12.126487731933594,683,6.837202548980713,27.708036422729492,64,NA,33334.17857142857,55677.75,402720.9285714286,271.2183490350791,0.20846231247362615,0.13063498473609406,0.2775385887728155,0.145046305004411,0.3612820257538726
876,-2.5893055864430687,0.025709518440656977,0.002292646896152777,0.05809880138467455,67.86805806005698,1.633963650522643,G00876,83.11049774530622,46.42516013734052,9614.992420113302,-5.440414154529572,106.96,14.568123397827149,14.43901008605957,4441.08,799.7900724565166,13306.342245989305,21989.83957219251,19463.45989304813,28.369312150956198,1.1843238288239262e-7,1.3991171470246013e-4,9.840654526358824e-6,0.10214046235631469,0.5967202106324879
877,-1.527582105337506,0.04637354109961296,0.019362533926220653,0.08374644901553664,64.0004145591956,1.4946595177939919,G00877,83.99247906517525,46.432929570401384,10000,-6.271273247400919,126.6,14.75415070851644,13.451691595713298,4621.266666666666,267.20003269323223,12182.689075630253,20169.302521008405,6462.518207282913,29.05656818406318,0,0,0,0.1113208335283051,0.48899185698003644
878,-0.6535197409633358,0.050966249006341606,0.023769570236597048,0.09048823779524769,62.31753350769648,1.4402669565171482,G00878,84.89079434929477,46.432929570401384,10000,-6.737668800354004,145.12,14.210312614440918,12.348450012207032,4680.68,225.16858869152534,15795.139037433155,26468.069518716577,21339.33155080214,32.520050696489456,3.229974313622259e-8,0,0,0.11566888769801732,0.5098549651528346
879,-1.0515774556088655,0.050630434037847845,0.023665475191965536,0.08909033927646957,63.603650938015804,1.4487106773450957,G00879,85.7891096334143,46.432929570401384,10000,-6.10546038945516,151.7,14.178043047587076,12.809650103251139,4577.7,209.82688266677164,13638.749253731343,22614.26567164179,8770.367164179104,30.38313219880766,0,0,0,0.11244193734525762,0.4927840439962311
881,-0.4978939664557846,0.0522142966130305,0.023368435731471682,0.0905791315748373,61.55337042766616,1.4348355498635497,G00881,87.58574020165334,46.432929570401384,10000,-4.366790418624878,138.8,14.126870803833008,14.4000199508667,4246.64,249.72199208987047,17086.122994652407,27898.486631016043,58984.74331550802,42.24485718062601,2.627045685775048e-6,1.0396210133448089e-4,7.536606105087801e-8,0.11786860242773674,0.5178192812968223
882,0.1633359429855298,0.05249019503614622,0.025389607668373438,0.09515214741529383,60.43889982241835,1.4067283196489038,G00882,88.48405548577286,46.432929570401384,10000,-5.446399001280467,148.76666666666668,13.732010555267333,12.88695837656657,4429.2,233.33037108136077,18706.803921568626,31332.546218487394,36124.509803921566,47.399847877972874,1.7387523853821832e-7,3.8035210199411e-7,2.195174963439907e-6,0.12157278520831591,0.5313606066066645
883,-2.458818432189371,0.036401637403082755,0.010488895451172677,0.06791564465677483,66.27875338690333,1.583980299513164,G00883,89.38237076989238,46.432929570401384,10000,-0.7670929223299027,83.8,15.582744331359864,18.811060104370117,3628.72,421.734663819168,9478.564171122995,15419.930481283422,8447.727272727272,25.109806311084988,0,1.693583118146991e-5,2.0879629684132756e-4,0.10659224925939455,0.560998747263766
884,-0.5354635125993533,0.05648542277937161,0.027149619280328635,0.09544671613090093,58.75474582403876,1.4540769719664706,G00884,90.2806860540119,46.432929570401384,10000,2.8750840010121466,38.333333333333336,16.29550968805949,23.37898317972819,2934.1,205.2284429437193,14931.411764705883,23858.795518207284,75201.67787114847,29.373113839391955,1.2166236064285095e-6,0.00676613911750177,3.9472437696324604e-4,0.1269029075796456,0.5651486566916772
885,-0.4337083697129706,0.06625188698943105,0.03770441588396222,0.12060656203702828,60.25274518789748,1.4358500491685875,G00885,90.85298257785247,46.45790096260353,2664.4670672390853,4.395932502746582,28.08,16.27261154174805,25.37352005004883,2719.68,46.144447119886486,8655.635135135135,13635.262162162162,13829.313513513514,15.556954083314976,1.1778639193652736e-5,0.0010574720020068446,2.2964039692112938e-4,0.12903638715613736,0.5860700029196543
916,0.1832357691859479,0.05061492082317582,0.02745318433616371,0.08283794606275068,72.30113207641799,1.419032374378653,G00916,119.00873357391136,46.397846166082076,8800.93044968545,11.795886039733887,714.85,7.025877618789673,27.111483764648437,72.9,45.758979561680746,30574.92700729927,53184.01824817518,285598.6131386861,551.986270760571,0.20807953563860437,0.47995137877352434,0.05660513261532495,0.08646812702421505,0.325567781136263
917,-0.027142422818610762,0.04841239342359718,0.02587538312369935,0.0807747925632794,72.61172772975252,1.4356973050162465,G00917,119.95010177131829,46.41015562645002,9154.404935100943,11.738100210825602,716.8333333333334,6.411042928695679,26.617660522460938,59.333333333333336,31.696477196475108,30928.37373737374,53609.79797979798,372115.8181818182,542.684205744502,0.15104904210855744,0.48650652221152385,0.06081599124094954,0.08607829355649388,0.31977501885286014
918,-1.8131005913161378,0.03427390045927514,0.0077969138339966815,0.07094021115423271,64.29690994399371,1.5768206107632086,G00918,120.82340571407563,46.432929570401384,10000,-6.0488046780228615,92.75,12.161900997161865,13.030249953269958,4779.25,543.9873291591581,18106.223776223775,30252.104895104894,65921.66433566433,21.08514345677086,3.2873503812572995e-5,1.4783967187371078e-5,1.5135346212885999e-4,0.10840268060715672,0.5896006097518303
919,-0.19843362974339465,0.04649435196893774,0.021205913509036844,0.09237567488842585,59.493631618970646,1.4703336572423162,G00919,121.72172099819515,46.432929570401384,10000,-6.717039008935292,75.125,12.84709378083547,12.531999985376993,4939.708333333333,319.09716104723617,20046,33388.68067226891,85863.55742296918,23.32693657068209,1.0493827122287151e-5,4.746700658006201e-6,2.5125585462046807e-4,0.12349297308437016,0.5758250880604752
920,0.04984769240163962,0.05109834720522745,0.025556129751232712,0.09695688507954821,58.5646136598986,1.4433979936066808,G00920,122.62003628231469,46.432929570401384,10000,-6.721479606628418,67.05,13.510738563537597,12.734925031661987,4975.95,254.89491642842276,19033.828254847645,31687.412742382272,78617.73130193906,23.72373071666125,1.0742292602788923e-7,3.222687874629234e-8,3.027607694338246e-4,0.1276997703324514,0.5748951303575195
921,-1.8455178469359994,0.034094696922706995,0.0063378018122778905,0.06864679787441662,63.25670675748854,1.6010527204191272,G00921,123.51835156643419,46.432929570401384,10000,-4.212615063786506,51.75,12.888142585754395,14.847337532043458,4488.35,680.1148722632701,20879.219101123595,34541.747191011236,94034.93258426966,34.375338430836294,9.791400650650062e-7,2.7245636542610985e-6,3.5547041220333335e-4,0.10989687409409013,0.6217074337222133
922,-2.1075271530216746,0.02870702298291279,0.0027676187889638555,0.06341936972460802,64.0234167581825,1.645616667210923,G00922,124.41666685055372,46.432929570401384,10000,0.23720228346064687,38.833333333333336,12.934402823448181,18.89589597781499,3678.5,1047.2850199651853,23028.95890410959,38093.14794520548,75860.49589041095,55.47035122791781,7.439336013297181e-6,3.600468268766815e-5,5.853554785778732e-5,0.10848123921180536,0.6246547731095651
923,-1.8109162464682373,0.03429943336315383,0.0060550395509844585,0.06503729418803088,62.593978772892626,1.6078045515544257,G00923,125.31498213467323,46.432929570401384,10000,2.8652448028326036,34,14.290295886993409,21.926850271224975,3298.45,735.3162924891574,20755.425770308124,33889.918767507006,60774.204481792716,60.1349962039055,6.591102619522462e-5,0.007392911880582465,2.78629204338826e-4,0.11166158509044478,0.6474765633144701
926,-2.550069305936733,0.02806998221051627,0.0033329216489081533,0.06081747481395858,66.40301151358601,1.6418741849408194,G00926,128.0099279870318,46.432929570401384,10000,-4.37593903541565,56.9,14.965690660476685,15.413724851608276,4452.9,745.9000144650404,13606.711229946524,22343.679144385027,13361.486631016043,29.85383800730686,4.363559005900852e-7,4.4542358642911086e-4,2.704342286144079e-5,0.1059210064681991,0.6217592603902335
927,-1.8896123031251273,0.04046986238924613,0.01325921758192624,0.07770670300880855,63.72420529546094,1.5530963228145815,G00927,128.90824327115132,46.432929570401384,10000,-6.53682467341423,75.16666666666667,15.385024348894754,13.556593736012777,4837.416666666667,369.9797781391357,11661.751336898396,19328.0320855615,9168.195187165775,29.732541045481813,0,7.449978526144238e-8,1.6528309884111866e-5,0.11210335018287013,0.5540992396304498
929,-1.387254600942965,0.053868017704333374,0.026645918343932495,0.09833585531868806,64.11943940859743,1.4480072201460248,G00929,130.70487383939036,46.432929570401384,10000,-7.4563661336898805,110.1,15.087021732330323,12.728250074386597,4984.9,120.14329164092263,8676.561497326204,14375.820855614973,3440.048128342246,28.771985163064063,0,0,0,0.11227774429632796,0.4953326986875052
930,-0.9997489944512579,0.05364776220003315,0.0274447407923375,0.09837684881276228,63.92270258290076,1.4280750089398435,G00930,131.60318912350988,46.432929570401384,10000,-8.105283379554749,138.95833333333334,14.466905355453491,11.47208329041799,5079.5,141.1942848948091,11634.70868347339,19605.89355742297,5356.952380952381,29.065472827588827,0,0,0,0.11274386720142464,0.5050987258389406
931,-0.9467706518621521,0.04933249671243371,0.023039367743887342,0.08783009832406086,63.821950662504676,1.4457922700978543,G00931,132.5015044076294,46.432929570401384,10000,-8.789344310760498,168,13.725215673446655,10.218174982070924,5149.25,223.96754346627054,14688.302259887005,24970.89548022599,26832.5395480226,30.094428999015665,0,0,0,0.11153771647648254,0.4921238858837154
947,0.9282058679203695,0.00601522232267542,0.0044572901349655535,0.038651333010566793,65.4360661019951,1.5322299205341978,G00947,82.4897768333536,45.77478480430008,3306.8514089047117,3.649596869945526,444.7,13.300293779373169,20.410387420654295,2768.2,299.4365937627038,30421.42780748663,51450.54812834225,213001.08288770053,200.99109807730187,0.025873893195665264,0.139653192788203,0.02902395701074845,0.07031583437743397,0.30246374206425963
948,-0.21253724704642546,0.015082267383269945,0.0025892409452068755,0.06457778852001841,68.2510662122938,1.454935882470533,G00948,83.09416378105573,45.81028997508631,10000,5.7162396013736725,398.1666666666667,12.455001751581827,23.86425010363261,2328,394.7171799832293,25497.655462184874,43573.41456582633,112431.9887955182,169.28853103294762,0.05675095781865009,0.15088440829374067,0.011953607924173451,0.08145225810865038,0.3737278283378106
949,-2.4031308786646113,0.04197693758834947,0.019052090939883557,0.07646208591875762,67.53474481122238,1.5543574357400118,G00949,83.99247906517525,45.81028997508631,10000,7.890691757202148,312.7,12.827802038192749,27.15069990158081,1857.1,116.53863149865349,22199.419786096256,37809.1871657754,132157.72994652405,91.4006686407302,0.003464186889263392,0.10925019159666659,0.06094217752247438,0.09330732090462199,0.3814793286738039
950,-1.8334666434279174,0.041899992227832666,0.02213771049858356,0.07665627654442109,67.50450214121335,1.4945224464561122,G00950,84.89079434929477,45.81028997508631,10000,7.595800399780273,293.0833333333333,12.61713194847107,26.783166726430256,1828.8333333333333,213.71734007626836,20145.929971988797,34570.26050420168,137655.14285714287,108.28674987602177,3.2569556360459814e-4,0.1862392522356063,0.0176864969324599,0.09743576131469446,0.47701568149430956
951,1.3590282845851434,0.04397982789618215,0.02743750832468987,0.10543515541305208,64.42593761288786,1.3104465134148573,G00951,85.7891096334143,45.81028997508631,10000,6.24284942150116,371.3,12.01519684791565,24.651449966430665,2016.65,161.75526510588048,22293.270053475935,39129.83155080214,46276.449197860966,164.31951077659434,0.0014156555939794984,0.3321547361031737,0.007406917837800235,0.10188710720402201,0.46394678036131254
952,0.06315769195799699,0.05737968463972943,0.03858649238037538,0.10504390727082163,68.13662513133636,1.3158382358781302,G00952,86.68742491753382,45.81028997508631,10000,7.453979134559631,415.45,12.283608293533325,26.007124996185304,1741.25,93.37579704443871,21051.83957219251,37881.74064171123,52898.205882352944,216.4312314040769,4.616751805546631e-4,0.2696569603830063,0.013641485732298765,0.09814908161170047,0.4980895012125789
953,1.106293893502587,0.06887251538944264,0.03607514208666578,0.10488944815946946,74.45562816316728,1.1504802284286761,G00953,87.58574020165334,45.81028997508631,10000,8.700029889742533,466.7916666666667,11.881585836410522,27.17980194091797,1427.9166666666667,99.00633122779779,19305.728291316525,35736.53781512605,31014.67787114846,224.69018902632942,0.005705183061157102,0.188146647535068,0.005661366544939178,0.08197686383510223,0.41719310411765237
955,2.3595193174122286,0.18344924099632257,0.0639319286272795,0.11141351627085484,67.71232794916686,1.0496570636473324,G00955,89.38237076989238,45.81028997508631,10000,8.97567625840505,505.9583333333333,11.86453640460968,27.08747919400533,1254.625,90.22908646039957,26220.32492997199,47447.59943977591,108791.19327731093,538.4147736655677,0.42930714351123955,0.06847853692727487,0.01101887423528846,0.09366379903568728,0.4278557838192483
956,1.6809489300835536,0.15895045400174765,0.04973338667091036,0.10139181915497894,71.48323863705258,1.0793650238131707,G00956,90.26959692641908,45.815557637080644,9742.310372792277,10.039165019989014,506.85,12.015840625762939,28.530274963378908,1025.1,158.32873862215985,24041.096256684494,43405.44652406417,74149.48395721926,481.61901381557476,0.32829908487740384,0.08191254789166884,0.007487771402446719,0.08530139921610994,0.35876302335318755
985,1.0753901145488545,0.057584272399016395,0.036499947327607946,0.11348454500235616,61.75015910386798,1.3585764268789209,G00985,116.43440554552899,45.769338757864524,7293.9523485369355,-7.496802639961243,212.4,13.143269777297974,10.509124994277954,5035.6,133.78671163656844,17834.715425531915,29558.68085106383,19108.35904255319,41.60629076800731,0,0,0,0.12463017333906473,0.5693075997267454
986,1.4504652378197598,0.06410682688545229,0.04144158510776153,0.11771861777475198,61.94026758602534,1.3158087541097883,G00986,117.23014457759756,45.81028997508631,10000,-7.534611439704895,225.45,13.000112533569336,10.051500034332275,5008.85,74.9443828870169,17914.472826086956,29987.135869565216,20361.633152173912,44.59178895183062,0,0,0,0.12645879010504918,0.5809945620442942
987,1.991088337479645,0.06617036684535964,0.042581952139883264,0.11726457234871258,61.14274340635021,1.2913648402058922,G00987,118.12845986171706,45.81028997508631,10000,-7.820641855398814,237.125,12.949504295984903,9.581947882970175,5020.166666666667,76.93004539227813,20037.646239554317,33429.12256267409,40199.21169916435,46.974485583454204,0,0,0,0.12986889607332028,0.584922780315235
988,2.702097080820008,0.06809585953762247,0.04099059736806728,0.11298354294479011,58.03431006846409,1.2862861824579772,G00988,119.0267751458366,45.81028997508631,10000,-6.512641191482544,230.75,13.579728126525879,10.733924961090088,4822.5,127.83562636613102,23111.61229946524,38947.63636363636,55940.366310160425,58.832681136746984,0,0,0,0.1391486863421949,0.5865730194541792
989,1.722944575931141,0.05664217983417048,0.0358541294926612,0.11023749637242511,60.61696898279805,1.342729623096038,G00989,119.9250904299561,45.81028997508631,10000,-5.589780350526174,232.79166666666666,13.661453207333883,11.584875106811523,4684.291666666667,150.4938187858678,20328.50279329609,34286.98044692737,33611.522346368714,47.58545062263952,0,0,4.39016606354761e-5,0.1271842144427223,0.5689922035835058
991,0.32351196400409105,0.04012971789831586,0.017366505913182187,0.08216442703644342,63.09555312220875,1.4211155514157345,G00991,121.72172099819515,45.81028997508631,10000,-4.210279666632414,232.4,13.515100955963135,13.338725042343139,4530.7,341.71396163889375,23212.724867724868,38843.91798941799,71670.75132275133,49.20721295376496,3.299276312846764e-7,5.225627981389469e-6,4.1550660030107025e-4,0.10972344054058505,0.4953092622413621
992,2.4976194945105084,0.06309183394473626,0.03721329450975842,0.10910277986237248,58.68580378499567,1.3091868167283116,G00992,122.62003628231469,45.81028997508631,10000,-3.9228411267201104,244.83333333333334,13.768017331759134,13.852333466211954,4483.166666666667,175.24012511201698,23404.007575757576,39428.04797979798,69614.27777777778,63.76338346023717,3.437533537536689e-7,9.668063623887702e-8,5.510796129616783e-6,0.1336444004319883,0.5729255218957476
993,2.567332987010714,0.0626325094345403,0.03700283434653385,0.10813174753650921,59.64648588868579,1.2997235844372588,G00993,123.51835156643419,45.81028997508631,10000,-4.325218206644058,274,13.323101091384888,13.287250137329101,4495.85,168.64202978654615,23470.37037037037,39792.9126984127,88695.62433862434,67.78288396838559,1.2771391991414678e-7,0,5.002128454469911e-7,0.13046156697710679,0.5592410061934523
994,0.8420915545532222,0.04888066711222756,0.019889163504869262,0.08246826755031494,63.263279678730996,1.3644027687468205,G00994,124.41666685055372,45.81028997508631,10000,-3.4953296810388563,282.85,12.731380128860474,13.769987392425538,4322.75,365.6567091513137,26449.178117048345,44522.068702290075,142948.91094147583,73.06238055535836,3.192847939776102e-8,0.0027675287378524146,2.1810344895562545e-4,0.10784074574600476,0.4901484985492278
995,2.6973900929378196,0.055049075459487236,0.02757591497290432,0.08370994244976783,60.69384600220566,1.2889629880771354,G00995,125.31498213467323,45.81028997508631,10000,-3.1370086781680584,302.3333333333333,12.577772498130798,14.091802080472311,4187.208333333333,268.88545794213866,28415.044041450776,48115.83419689119,189301.08031088082,73.1476603776235,9.32524468603784e-5,9.222222289425135e-4,9.07183912974067e-4,0.1146838669308381,0.46961734480159734
996,4.446674345235497,0.0862718738345138,0.04691842123936667,0.10100086175333464,59.59239497872906,1.1604923647246501,G00996,126.21329741879276,45.81028997508631,10000,-4.6777671575546265,383.55,12.955807256698609,12.281950092315673,4368.8,134.56072782830884,28653.055702917773,48258.644562334215,184210.2228116711,103.03861700538256,4.150702492069796e-7,4.682843776647435e-7,0.0010103022572836213,0.12513434704757112,0.48675266487070284
997,2.5390311519525786,0.05660598031683239,0.017683611133832586,0.07079579536215862,63.12210320477681,1.2698065170245578,G00997,127.11161270291227,45.81028997508631,10000,0.71047873251761,391.875,14.979365388552347,17.889822959899902,3439.7083333333335,343.5841114875172,28736.13959390863,48250.83248730964,146642.74111675128,157.9046072363144,0.001776216566349406,0.01642668388211325,0.0021756472284395444,0.09162955659996078,0.36561180137796995
999,3.6807224879046077,0.015812971633277103,-0.008184663595674062,0.02125677752797226,67.44283246742864,1.3296171544410553,G00999,128.90824327115132,45.81028997508631,10000,1.3144802208989859,521.95,13.40289797782898,17.638012504577638,3301.25,517.0496133173092,31312.23232323232,52859.33838383838,189443.97222222222,197.53005310069898,0.04437246701831051,0.03264446570281188,0.0034926138819341927,0.06129946498828623,0.13047472332460722
1001,0.26149120658631125,0.01859451526302551,0.011573024831237599,0.06784205792451509,65.82400477278358,1.4974587554009464,G01001,130.70487383939036,45.81028997508631,10000,5.9500895738601685,447.45,11.844535493850708,23.361325073242188,2229.1,215.09652667924158,27658.43181818182,47962.030303030304,128401.91414141415,253.55370452961,0.03989102814846936,0.3683747127308605,0.029073808019337326,0.08118299610565306,0.3536964113931289
1002,-0.2897519347470146,0.04339768810042767,0.026970512165310816,0.09184545547067774,68.3653494327286,1.3664586513290096,G01002,131.60318912350988,45.81028997508631,10000,6.248408854007721,422.875,11.273645798365274,23.809750000635784,2051.8333333333335,147.0843196994475,21856.5291005291,39045.34126984127,49240.3544973545,196.3847769213009,0.0017001718787849102,0.5446708132090371,0.01429657321375755,0.09379807750194837,0.457011033312777
1003,-0.392026667619029,0.09160834497015181,0.04680758053006388,0.10449669770516588,67.8554223857871,1.1109368490000746,G01003,132.5015044076294,45.81028997508631,10000,6.520320844650269,463.95,10.73982286453247,23.87182502746582,1916.4,77.22039545148814,22905.800505050505,41422.106060606064,58607.82575757576,421.68665239454464,0.005100681143258853,0.6180271498066273,0.017420040472711593,0.09695953471849429,0.42392139529744666
1004,2.3578542037520216,0.14050969595457444,0.03203608245852977,0.08526484623675891,62.781887178400844,1.1220317475350587,G01004,133.23339736163274,45.861512421990504,5802.906888390942,6.6594082593917845,507.5,10.784047842025757,23.67088737487793,1883.4,272.18093827065616,27375.984848484848,47685.44696969697,110708.25252525252,605.3294185017986,0.14322737341556127,0.33738811168765637,0.017534844629602413,0.09935113435822718,0.3298567721230306
1018,-2.091562552295012,0.020342158503920904,0.005851434368994184,0.05989328045504936,72.92324565576097,1.500748099699849,G01018,81.34731204983994,45.053165163352595,5762.1338968186,12.398004253705343,819.25,10.053877631823221,28.687951405843098,148.875,49.72648012967494,31144.188829787236,54399.86170212766,320006.6409574468,610.7740094482987,0.10896121541701509,0.6413407357563586,0.11784217485753554,0.08930553848058957,0.24935544149741587
1019,-2.2932749418189746,0.019260838310161784,0.003213452180566969,0.060244304125148924,70.07053855861331,1.535284813930372,G01019,82.21419247651669,45.095296652992374,6777.27125589794,12.625596364339193,777.6666666666666,8.424574110243055,28.206328709920246,65.33333333333333,41.99107047932929,30543.294520547945,53123.98630136986,303044.2123287671,534.995964441915,0.14308050647530818,0.5281346642665398,0.1357202919152128,0.09477508196933783,0.25778959690457093
1020,-1.0428878511124282,0.05476617037284387,0.02627538612317741,0.09654349564539053,61.956891322227776,1.4508937615637312,G01020,83.09416378105573,45.18061132785785,10000,-8.709416389465332,84,13.088708877563477,11.675250053405762,5317,NA,12197.166666666666,21502.5,12743.666666666666,21.88514645678229,0,0,0,0.11747894463377409,0.5157632592280914
1021,1.6463442896747214,0.06408388174515411,0.04022215665409348,0.12049549741271104,56.15274641940049,1.3633117631038418,G01021,83.99247906517525,45.18061132785785,10000,-9.418378249458645,82.91304347826087,13.017839763475502,10.584141212960947,5511.217391304348,123.75707749154797,19021.506172839505,32626.64197530864,71373.94135802469,24.97983214405844,3.391416225062951e-7,0,5.436791063424903e-5,0.14538625912416653,0.6361342131968153
1022,-1.0845577332843255,0.054454696316163946,0.024909678820566095,0.09584477649614531,60.91529511046138,1.4695357400881712,G01022,84.89079434929477,45.18061132785785,10000,-7.133782609303792,53.5,14.44797789255778,13.293241691589355,5232.033333333334,189.4169790542099,12016.608333333334,19908.13611111111,5530.4944444444445,24.28465618455834,0,0,6.5855181048112826e-6,0.12107687710016897,0.5245181789155562
1023,-0.6106399385603195,0.05616237027058205,0.026520991762193566,0.0965296242415585,59.2494523645146,1.455496116728083,G01023,85.7891096334143,45.18061132785785,10000,-7.066709575653076,45.8,14.46026756286621,13.086990070343017,5221.96,213.22200480563285,15101.347701149425,24706.787356321838,10600.382183908046,23.10677955615254,1.0403662583202781e-7,0,1.4710778358230706e-5,0.12620844222108252,0.5606984473759093
1025,0.14267569051327028,0.052338262403935604,0.028145880467016552,0.10790344437726442,58.03496141573897,1.442968922671377,G01025,87.58574020165334,45.18061132785785,10000,-7.83407367070516,51.6,14.365586090087891,11.98324171702067,5289.7,178.48638506948484,15509.56534090909,25646.66193181818,51984.52272727273,25.59702197506244,9.450803492116547e-7,0,3.2132731379626102e-6,0.13147711530559805,0.5832979582397838
1026,-0.01493920357899768,0.06068605455997317,0.03293182176531737,0.11426540290063932,58.850023324393426,1.431888418118386,G01026,88.48405548577286,45.18061132785785,10000,-6.678516178131104,53.92,14.809499168395996,13.399830017089844,5125.28,148.72500350198908,13932.552845528455,23257.349593495936,7803.208672086721,26.10243474386508,5.2018309131183684e-8,0,0,0.13163140939913526,0.5933950598668112
1027,-0.17581732337498604,0.061029289821421105,0.03351389250060728,0.11594746680703735,59.965340109609805,1.4333029269209598,G01027,89.38237076989238,45.18061132785785,10000,-6.424817673365275,63.833333333333336,15.076841004689534,13.67488333384196,5083.866666666667,130.4276079652626,12619.783422459894,21082.489304812832,5726.064171122995,23.45489137286124,0,0,0,0.128489908094566,0.5837254033043252
1028,-0.3199479670994409,0.05580229417964812,0.029338496849513188,0.10849888582086929,60.346713087630356,1.4350431577844789,G01028,90.280079781943,45.18018877226891,9986.102053281971,-6.6758095741271974,80.84,14.74986083984375,13.208520088195801,5120.36,149.61809159768526,13374.854341736695,22498.07843137255,6993.344537815126,27.671789629121164,0,0,0,0.1247660373845372,0.5591179961311852
1029,1.0786532740283319,0.06045813319451947,0.03625434842258022,0.11784952343881641,57.74870422534277,1.393874477972282,G01029,91.11924389018857,45.03682262394007,5113.714082773437,-6.90286169052124,102.28,14.295345001220703,12.544829978942872,5150.88,150.43390575265937,17080.013368983957,28725.01871657754,12974.358288770054,38.182914208134754,1.0403661826236738e-8,0,0,0.13659135759759852,0.6089510567306203
1055,-0.5504277292816212,0.03292280101446045,0.015457889859285295,0.05428359668305102,67.69067728181774,1.5025817854560155,G01055,114.61875009255158,45.096011210306386,6484.326766898336,11.788183116912842,599.0666666666667,10.702045154571532,29.40236670176188,750.2,347.9913197490559,29247.26050420168,51711.3081232493,192925.58823529413,742.9604102559616,0.14989729084240971,0.565564412369171,0.07780621648611792,0.07672664554994577,0.2622617297425508
1057,-0.8137010050146106,0.03268268676952773,0.013846868074648322,0.08083434515818538,67.6048844989745,1.5045840966293147,G01057,116.33182929347802,45.18061132785785,10000,13.210634574890136,573.04,11.449897575378419,30.806480102539062,555.4,164.91058183148832,29987.738028169013,51845.07323943662,199200.37746478873,661.4216039104774,0.12147374119229912,0.53695922797965,0.07461705163128995,0.08304322386194518,0.32340060088092226
1058,1.3375968707305739,0.14512654981836523,0.03782298885604936,0.11098200190368047,66.97678907228327,1.0887363738135012,G01058,117.23014457759756,45.18061132785785,10000,12.831895542144775,599.6666666666666,10.79675760269165,29.653033383687337,619.9333333333333,236.88654833402677,27352.101604278076,47999.04010695187,107387.39304812835,724.6140942911185,0.3515791719349231,0.3118119017771805,0.022992883909648643,0.10270901639247834,0.4034873150851468
1061,-0.8386308228630402,0.03918559857828172,0.0170190908048803,0.07856977389949038,69.12654024143393,1.5079108483595336,G01061,119.9250904299561,45.18061132785785,10000,14.259822998046875,617.96,10.63286750793457,31.434120025634765,68.12,4.512205669071392,30940.81016042781,53884.42780748663,338251.82620320853,840.3028405296188,0.04505304831549024,0.7571481898100731,0.1166575323032819,0.10339923354858649,0.335741350262163
1063,-0.26064326025927814,0.05544449707151155,0.02805789330657575,0.09724547220865551,70.05734531617138,1.4509649107556857,G01063,121.72172099819515,45.18061132785785,10000,14.227735424041748,679.2666666666667,10.29995412826538,31.2068915049235,41.8,4.759020472961739,29929.20810810811,53279.00810810811,303995.47567567567,843.6146202247064,0.04644419479301827,0.7684307949230844,0.08633435296302647,0.10323982773808328,0.365258992742501
1064,-1.8286275851926581,0.017299378374225363,0.00345918109856135,0.06019879251401185,69.85199103645012,1.5292278462752984,G01064,122.62003628231469,45.18061132785785,10000,13.82810043334961,697.68,10.344417572021484,30.70500015258789,93.08,75.13538891006466,31714.014836795253,55202.10385756676,331616.94955489616,670.7700281183564,0.07842581152401966,0.5883180193171945,0.12547899501948423,0.09503728848132277,0.2915697257387919
1065,-3.051499325148598,0.019566862848690306,0.001089530921049156,0.050740462570004696,67.00625984058382,1.5588760996506674,G01065,123.51835156643419,45.18061132785785,10000,13.555373840332031,738.84,10.312974128723145,30.175130004882813,86.4,61.58463011715396,32053.582887700533,55383.82352941176,369828.16844919784,694.9782623314053,0.05686040119311691,0.611035986376896,0.2004179355338976,0.12007688015252065,0.25834751334598516
1066,-2.250883957723864,0.01244853200125984,4.6547958058939846e-5,0.0470844783928964,70.0550240173355,1.5237572279591955,G01066,124.41666685055372,45.18061132785785,10000,13.349146308898925,851.44,9.434586906433106,29.34438117980957,49.56,39.209990223581194,33064.38888888889,56382.03125,468239.50347222225,653.0194816397047,0.051301209585403455,0.6532387779297706,0.16391688283521827,0.10225747098437107,0.25091459356077195
1068,0.9304953586001841,0.05518718956385205,0.03194398798210826,0.10748882190143966,57.42382269322434,1.4121984493885684,G01068,126.21329741879276,45.18061132785785,10000,-7.773919343948364,82.75,12.755203247070312,11.672874927520752,5386.5,212.53470304870214,19997.821428571428,34030.84523809524,84040.32142857143,19.056693463047303,1.0227800997803035e-5,0,1.0492794094392913e-4,0.13452811967103062,0.6098661291424952
1069,0.6888950526618149,0.054161934231869706,0.030557619187097852,0.1071014051581639,57.338044526146035,1.4231624280924529,G01069,127.11161270291227,45.18061132785785,10000,-8.318337321281433,66.70833333333333,13.473092993100485,11.566854139169058,5470.541666666667,206.1405133201236,18839.281329923273,32058.42199488491,59195.37851662404,19.14307051604471,7.490636719271283e-7,0,2.5041614729570805e-5,0.1343216208895523,0.6067403874086907
1070,0.14006248540120486,0.05182300911859841,0.02602436433732867,0.0956013621713452,57.670042847711684,1.4448143308475503,G01070,128.0099279870318,45.18061132785785,10000,-6.800760495662689,48.55,14.295777082443237,13.258812522888183,5274.1,257.40157035467485,19072.421333333332,32152.570666666667,48472.74133333333,21.152539609458195,1.4565126632428037e-7,0,6.552226380003237e-5,0.13040104305593683,0.6007159563545872
1073,1.2502610920383326,0.062433904779376506,0.03866708149956684,0.11985066450301053,56.27180255677333,1.3902364193214503,G01073,130.69971981771184,45.184596299341166,9864.88093799157,-5.82307243347168,54.65,15.135513496398925,14.115862464904785,5151.5,120.5817041197422,16714.698734177215,27923.167088607595,12766.855696202532,23.940323788388046,0,0,0,0.14335744746105833,0.6306567411809669
1075,0.6850310141583678,0.06058365471376547,0.036763612858788264,0.12182241690184847,58.67958039112209,1.4042664618974978,G01075,132.53934003056156,45.30072740850681,6072.0378477290315,-5.309810996055603,77.4,15.178919887542724,14.365337371826172,5074.5,109.99449747002897,14576.101063829787,24283.034574468085,8542.21010638298,24.687292543497758,0,0,0,0.13469401381713636,0.602823699755892
1076,-0.77441765483748215,0.05155370560502065,0.023198085123373752,0.09185414276774219,61.33786943438402,1.4580077149536514,G01076,133.01573445121124,45.29575085566888,962.5297113874121,-6.415794825553894,103.75,14.26841869354248,12.756037521362305,5240.55,235.1909582490476,15164.825065274152,25272.496083550916,27131.906005221932,31.30069829332417,9.36329609779269e-8,0,0,0.11906468347780247,0.5218846846138165
1089,4.683450571164265,0.08852890869729994,0.05002395066747259,0.09650483858914376,66.00038789285269,1.1053989823486234,G01089,80.57044385834435,44.58246346072545,5814.247517825905,-5.697831797599792,474.55,13.248603105545044,10.777250051498413,4638.8,97.34831655885019,29135.291139240508,50554.450632911394,171402.4734177215,114.13271747667908,0,0,0.00106193300349492,0.10242681579059715,0.44643720865165537
1090,5.1238633552259,0.0899285232454533,0.04570746628121219,0.090557250436049,62.13586039377392,1.1273838946774744,G01090,81.29753321281669,44.54389096157551,10000,-4.69106121857961,457.625,13.09779946009318,11.573916673660278,4473.625,140.1247309270969,29672.040506329115,51655.086075949366,179260.43797468353,115.36596110851244,0,9.363295643613064e-8,2.5891593879654996e-4,0.11047935409713147,0.42999170737531656
1091,6.900887098475346,0.0799378510558534,0.03702242802071409,0.06984659900050738,61.18056708000176,1.0970011978806142,G01091,82.19584849693621,44.54389096157551,10000,-4.03324168920517,501.8,13.26630620956421,12.331299972534179,4382.85,143.37997914999372,32431.29894179894,55255.22751322751,307594.85714285716,117.71594012833242,5.826050531856647e-7,1.0403661826236738e-8,8.670412034860035e-5,0.09748877841174984,0.31541938709030115
1092,7.4217468111645015,0.06809591124914964,0.03179854227883386,0.05240416582246799,64.59965856636953,1.0752187705233096,G01092,83.09416378105573,44.54389096157551,10000,-3.2912270029385886,581.2916666666666,13.564615488052368,12.59151049455007,4292.208333333333,163.0206653122253,32391.68686868687,55304.62373737374,323121.6313131313,161.906274064011,2.5853197741216892e-5,8.085582271268678e-4,0.0019385277758142304,0.08236110642054084,0.23260989222892492
1093,6.946972108091874,0.06878386500347387,0.023077102678913195,0.04177138543967668,65.18727867964125,1.0997461817283094,G01093,83.99247906517525,44.54389096157551,10000,-1.8498671770095825,649.8,14.119649028778076,13.648687505722046,3999,208.65307393651764,31335.248677248677,53756.06878306878,224682.63756613756,187.8316679211777,0.001818997090815353,8.164794014467926e-5,0.0011000416159582564,0.07772586889069226,0.16035219504668233
1094,5.427426866909927,0.09679385647468325,0.03259538496424201,0.07156239156593071,67.60174197825346,1.038409480046877,G01094,84.89079434929477,44.54389096157551,10000,-0.06386718079447747,671.25,14.40946364402771,15.187437534332275,3712.35,152.4488784029446,30055.214646464647,51699.12626262626,199272.39141414143,235.82828461250588,4.5079067999985657e-4,3.9805451576598884e-4,0.0013061381598471365,0.07709498891594624,0.24424441504928837
1095,6.434340495496388,0.07609965570742028,0.026194843431035883,0.055019537342118244,66.74332638441788,1.0718079522372446,G01095,85.7891096334143,44.54389096157551,10000,1.2780364478627841,657.125,12.937352498372396,16.19584385553996,3477.6666666666665,177.74692969076216,30126.0873015873,52206.71428571428,177393.1349206349,208.01505609137118,0.1990209632996223,0.0037974510935820972,0.0013650124878876206,0.07484161883950029,0.18848002122709512
1096,4.882022403269657,0.06397166552799151,-2.106142189707534e-4,0.01199004039889896,67.15407040720916,1.1923001756420613,G01096,86.68742491753382,44.54389096157551,10000,3.02430729418993,642.15,10.936347961425781,17.975400018692017,2994.6,338.5119759989842,30535.29292929293,52981.02777777778,193732.4595959596,283.4863951096841,0.42262779867833744,0.037558770321310726,0.003645110275966827,0.06293358600980027,0.060145272974268436
1097,6.307834386572819,0.1542240587800402,0.013953150533549286,0.03471016319993399,64.52742249924177,1.1663728753462141,G01097,87.58574020165334,44.54389096157551,10000,5.42791011929512,638.0416666666666,10.198702335357666,20.58273959159851,2380.25,368.7925362349524,29648.685185185186,51363.642857142855,148176.1216931217,545.7237765736405,0.27901337828312445,0.1357279954360218,0.004271784114283842,0.07841570249465483,0.07579481736274457
1098,2.158048399165781,0.18858381559051293,0.05912933833063303,0.11581260205606891,70.85227288920723,1.0814051493080634,G01098,88.48405548577286,44.54389096157551,10000,8.839749407768249,652.05,9.271453094482421,24.318537330627443,1691.9,153.41580924505723,27997.204545454544,48909.479797979795,123289.28787878787,730.1102906075035,0.4397256243400478,0.2095541302980861,0.01643738037955605,0.10021607220061879,0.41261706632687895
1099,4.317401984553077,0.15133407327374815,0.03576459379877135,0.08465040762805585,80.11645818859735,1.0605281538745979,G01099,89.38237076989238,44.54389096157551,10000,9.484899520874023,685.1,8.407886409759522,24.610737609863282,1539.2,221.88939871737426,27272.760101010103,47701.65909090909,102984.4696969697,618.9128544957291,0.8704945692024475,0.03660317312762346,0.005165771957364433,0.06923594820519743,0.2200102027011594
1100,0.4730120864811775,0.007007418912330437,0.001615279258207095,0.028439937871783543,69.25423472307921,1.5169050292966768,G01100,90.2806860540119,44.54389096157551,10000,9.244330296913782,715.7916666666666,8.67818135023117,24.82718761761983,1427.75,605.5032581680911,28633.589947089946,49827.468253968254,161157.12962962964,624.6878719463027,0.6598777260710712,0.20531547028386732,0.04697944235188705,0.06626971035183772,0.2344826666364766
1101,-0.5596694632385752,0.019646697318715288,0.007348631809981422,0.03683706814084633,68.25098265121088,1.5255521039451176,G01101,91.17900133813141,44.54389096157551,10000,11.24394679069519,672.8,9.192085456848144,27.428737831115722,863.85,517.1863427797516,29382.742424242424,51611.11363636364,187939.89141414143,744.812816962233,0.400447316015929,0.4519314188333776,0.08421129835461934,0.07336347096698544,0.20720985570118244
1103,2.273515617670438,0.15129408946797143,0.03827575759518245,0.0920085968975315,70.4499178385461,1.073440079589902,G01103,92.97563190637047,44.54389096157551,10000,10.602919816970825,704.25,9.565195894241333,26.481912326812743,1224.75,219.5991264003331,28365.2702020202,49739.52777777778,116236.72727272728,619.6538033086268,0.7311801707111543,0.09754234300044629,0.01441478360788315,0.09316020238098842,0.3219757907973127
1125,1.4579026224053175,0.058829399664404675,0.03545604712277832,0.11315380034930912,57.82991241568106,1.379579963624486,G01125,112.7287242016119,44.53407803276611,9676.28875725473,-4.1621204773585,141.13333333333333,14.178571510314942,14.295666631062826,5057.3,175.78614554485586,19438.02652519894,32343.824933687003,26471.957559681698,42.78780984801769,1.5576324047378593e-7,0,3.1464175163523556e-6,0.1357966208295094,0.6044283527106782
1126,0.9907725213873989,0.0557871059342175,0.03428297963215622,0.11029429608773889,61.02230392160308,1.377769220858545,G01126,113.65301107345489,44.51662216025089,9095.839990691626,-4.495273780822754,197.8,13.818845825195313,13.669880027770995,5114.88,163.15746994851324,18133.156565656565,30786.734848484848,18621.454545454544,41.84589688315753,2.057613116744599e-8,0,3.3230452673807224e-6,0.1254695709067826,0.5719654978585935
1127,1.590126748487094,0.05742538577544819,0.037142297838241474,0.11046547646517951,62.33061316655596,1.3274772274412858,G01127,114.53519872523898,44.54389096157551,10000,-4.862520519892374,259.1666666666667,13.287399387359619,12.704591655731202,5143.166666666667,132.764007205249,19912.65066666667,33415.01066666667,24019.085333333333,46.73660410709895,9.979423788379028e-7,0,1.8703703898919743e-5,0.12284633166377416,0.5584860501394311
1128,1.1913980209811195,0.05314064733362524,0.034356964387453774,0.10119584842809069,65.71059459486258,1.3238983830072388,G01128,115.43351400935852,44.54389096157551,10000,-4.896854581832886,311.88,13.070682487487794,12.229320106506348,5091.8,165.26720787863516,20217.82722513089,33722.7722513089,21486.468586387433,45.39366240766054,2.057613116744599e-8,0,3.600823089043004e-7,0.11188039482177502,0.5247597025756761
1129,2.348002350281679,0.05688713672627992,0.039752642416630804,0.10365420070137633,66.47089394173942,1.25630205117312,G01129,116.33182929347802,44.54389096157551,10000,-5.10945496559143,344.16,12.606259956359864,11.742049980163575,5050.92,66.68640541119807,21976.666666666668,36852.64705882353,31298.29131652661,40.00088592931355,0,0,1.985596722034295e-6,0.11670100823305618,0.5192331720255983
1130,1.830726807618195,0.05049600799071854,0.03286112070031597,0.09047019440373437,68.02161283255158,1.2884923146611125,G01130,117.23014457759756,44.54389096157551,10000,-7.251394478480021,384.8333333333333,12.455066712697347,9.59373327891032,5273.366666666667,199.54249108179047,24323.39779005525,40620.2817679558,140578.5635359116,42.177774350965194,3.0114226748486006e-7,0,1.3499480825950423e-7,0.10521482611543723,0.4907104336129179
1131,3.7809136051403427,0.06745326600812887,0.04153303098725361,0.0982363609398829,61.790564843134625,1.2178246860290445,G01131,118.12845986171706,44.54389096157551,10000,-5.556379985809326,380.16,13.570899925231934,11.276570014953613,4992.16,202.35729127791106,28189.61012658228,48252.39493670886,132542.74683544305,72.7463115182815,3.1893004806651906e-7,0,3.565020581018448e-4,0.11800154046662586,0.494043202800947
1132,3.3915072279270424,0.08849050175950071,0.053360205673252864,0.1069511915284307,65.16134753985938,1.1415171987396011,G01132,119.0267751458366,44.54389096157551,10000,-4.178741351763407,399.9,14.378083992004395,12.493550046284993,4793.866666666667,79.56161495792203,26352.652519893898,46097.98673740053,98088.72148541114,78.00304732711653,0,0,1.3899176873838233e-5,0.11753715425510633,0.5183596182201121
1133,4.6949047409091476,0.08288149825465788,0.04679299518885004,0.08975806931585309,64.72700448224725,1.1254691419305998,G01133,119.9250904299561,44.54389096157551,10000,-3.9107100105285646,452.04,14.007650032043458,12.56613998413086,4759.44,111.88054641744769,29525.156565656565,51200.356060606064,171535.69191919192,87.41324893719143,0,0,4.135802491911047e-6,0.10684565580135792,0.44620893100711667
1134,6.770938278854293,0.04914498472367236,0.026153314627513417,0.0509231810031473,62.75002355979937,1.1504139048012894,G01134,120.82340571407563,44.54389096157551,10000,-4.7653300571441655,512.64,12.978891792297363,11.696320075988769,4842.6,185.82025365031302,33368.02380952381,55498.95767195767,376282.28571428574,80.58788738397122,2.3353909466409893e-6,3.086419675116899e-8,7.935185241405162e-5,0.09299223523493388,0.2524046761100692
1136,7.187785458461414,0.06885324965285487,0.03731351947381832,0.05624104199227804,65.2911328476385,1.0528374354888377,G01136,122.62003628231469,44.54389096157551,10000,-3.212349200248718,540.84,13.667426605224609,12.700360069274902,4538.16,135.29587330489178,34229.444444444445,57005.16931216931,418922.14285714284,115.59791929586363,7.163168722407345e-4,2.1440329319263169e-4,0.0011619855992667523,0.08689671833032153,0.2922183705677973
1137,7.069072789122372,0.06577354660283025,0.03645018249941292,0.056239037606231966,64.29417844657532,1.0721208341630022,G01137,123.51835156643419,44.54389096157551,10000,-3.304006620645523,537.16,14.099471549987793,12.83107997894287,4489.76,153.63682284313657,32847.72222222222,55620.62373737374,343704.52525252523,128.1606779477236,4.7695473359854376e-5,1.705761329286649e-4,0.0016069444464678613,0.08607162603576768,0.2772332809277456
1138,6.688241941786209,0.06884667715557574,0.03135024888043604,0.06244502791861383,64.87411433883165,1.1152690211335874,G01138,124.41666685055372,44.54389096157551,10000,-3.589308307568232,539.9666666666667,13.690787410736084,12.572383276621501,4509.466666666666,158.38968386237465,30995.315656565657,53253.11363636364,231780.65404040404,125.5319864204359,9.670781775954019e-7,1.2345678850178657e-7,2.3881687385057278e-4,0.0883475839773337,0.2707500959561653
1139,7.0362868927685085,0.048229311908760716,0.022946334879228567,0.046229565742215414,66.13703237646013,1.1488921432005743,G01139,125.31498213467323,44.54389096157551,10000,-3.5399412631988527,577,13.205824165344238,12.369199981689453,4488.04,169.63723058338346,32078.989417989418,54582.54232804233,256614.4708994709,109.77095446652223,3.0041151474528934e-6,3.189300428266319e-7,4.157201629826991e-4,0.08552580921330447,0.21061640031686535
1140,6.074593123768835,0.06287658738430568,0.03297050980575757,0.06965828978738706,76.8137757934664,1.074565794826605,G01140,126.21329741879276,44.54389096157551,10000,-2.2609531323115033,642.5333333333333,13.90453405380249,13.211441771189373,4263.333333333333,96.98820878683223,29333.472222222223,51142.628787878784,156273.82575757575,129.876832848814,8.289719642737643e-5,1.5871235649426624e-4,4.0358255426407874e-4,0.0748690066540535,0.28072162336740497
1141,5.3769628287084235,0.04913382757616058,0.021460160649385992,0.05437714359668404,75.19052304990288,1.119014072495405,G01141,127.11161270291227,44.54389096157551,10000,-2.006302056312561,723,14.012220802307128,13.18617000579834,4148.6,161.33376377353045,30678.949735449736,52923.91798941799,181778.92063492062,152.30557184961887,5.271913578476059e-4,2.5884773773670583e-5,0.0011248148193764582,0.07732041368394432,0.2372596907731868
1142,4.091913884412635,0.08491432007542354,0.029235416569817506,0.06496334132368194,75.56694564666718,1.0230511359940335,G01142,128.0099279870318,44.54389096157551,10000,0.839082493185997,723.12,14.83242000579834,15.993939971923828,3674.52,166.18291127549787,29069.098484848484,50547.89898989899,179467.7676767677,225.43992961374047,7.492386824230413e-4,0.0011517695503576993,7.691358042180065e-4,0.07111890003290368,0.24778933258280395
1143,5.444975574890286,0.08345544836087274,0.03495878044596918,0.08499954239668177,72.87789547933708,1.0132262883910885,G01143,128.90824327115132,44.54389096157551,10000,1.7717951426903407,688.1333333333333,14.086327775319416,16.840641721089682,3529.9666666666667,101.5916380394579,30708.82037533512,52803.69168900805,210528.6273458445,193.38062879729796,0.03771946502710618,0.002391296303827448,0.0011247633743199158,0.08073915635592312,0.3217316109319687
1144,5.096572146119162,0.061422655807384575,0.008048438728569727,0.023809112689279557,68.95023079436228,1.172416866605679,G01144,129.80655855527084,44.54389096157551,10000,1.735753769800067,707.6,10.79037914276123,16.103709945678713,3390.48,325.5752754740446,31894.421717171717,54670.43686868687,227456.7626262626,219.13173420896365,0.5128515638875824,0.0012368312774415544,9.051131705255926e-4,0.06341440224341811,0.09802999488395145
1145,5.463822086232979,0.12984973214017226,0.00738699938060682,0.03575622627239724,64.4675747975264,1.1360038149413607,G01145,130.67266316622576,44.52925365650356,9218.513255535841,7.493409387270609,665.5,9.583714580535888,22.037549908955892,2179.4,389.7603684670701,31990.24074074074,54015.23809523809,184383.6798941799,483.3721192692943,0.4387775180114469,0.06863025960212037,0.0067185358412488,0.07460394172109969,0.07440230775838914
1146,3.8346105092516356,0.1603687746570763,0.03981115549439331,0.09154495316000291,76.53944533278238,1.1058354082358481,G01146,131.17264778661928,44.27633982077136,77.45441785410199,11.118872947692871,694.64,8.606159095764161,25.63885025024414,1461.88,248.51916760416424,28935.446969696968,50454.881313131315,120361.22222222222,735.3231267646134,0.693397551546393,0.07728262339447019,0.0071312757291553935,0.08314640395057198,0.26643432089224506
1161,-0.3521051126225137,0.04201466299284725,0.022033400451663954,0.07689109395142366,73.65738478212518,1.46150196563048,G01161,80.67543360366552,43.94148370985015,3658.3404242064057,14.591427834828695,845.7333333333333,8.461097351710002,30.200166765848795,9,4.623776632237719,31058.851515151517,53988.36363636364,335708.8696969697,686.8034143797054,0.04328457822098824,0.6664680659049208,0.08170616247417183,0.09091036573733999,0.30556293867603146
1162,-0.30043594613794367,0.031149084272491617,0.017134776675810086,0.07453648659403031,74.73543931409941,1.4633376605570985,G01162,81.29753321281669,43.90012963839316,10000,14.4857470703125,913.36,8.350667400360107,30.030020065307617,0.8,0.8660254037844384,30347.045801526718,53084.017811704834,340585.2010178117,759.8679158458858,0.021812983575830693,0.7910790226393146,0.08628064811578623,0.09042744356474454,0.2882648187044282
1163,-0.36135548296583286,0.035919742268578386,0.0210053129321229,0.07723095236099524,75.75465275151996,1.4469110907205205,G01163,82.19584849693621,43.90012963839316,10000,14.469245592753092,998.5555555555555,8.116909133063423,29.927941852145725,1.3333333333333333,1,30536.823529411766,51847.75490196078,307272.35294117645,725.1929327357371,0.01974498503202635,0.7547723801344137,0.0725088699431891,0.08738208214309455,0.31198979621511425
1164,-0.017801729994429166,0.040564419865219976,0.02061158815393432,0.08580204796566951,63.885298648681015,1.4310709456210227,G01164,83.09416378105573,43.90012963839316,10000,-4.923931312561035,218.8,12.077604293823242,12.737199974060058,5050.2,282.52026475989294,20556.95061728395,34052.38271604938,23794.728395061727,21.85044824317223,3.2262443838750614e-5,2.8054298789817756e-6,3.038461569756453e-4,0.11051639619598475,0.4983215354451002
1165,-0.5069176094909534,0.047629642820892826,0.02097337053561502,0.0876350878790142,61.0256644794983,1.4680517116535576,G01165,83.99247906517525,43.90012963839316,10000,-3.125165450222352,107.52941176470588,13.707725524902344,15.923117637634277,4825.117647058823,313.90442063487677,19454.854889589904,32201.712933753945,33764.79179810725,25.723617484143222,4.3969848226865836e-7,0,4.768467353441242e-4,0.11824130373023903,0.5421566389028244
1166,-0.7026885523582186,0.04753153877935663,0.020407055509019906,0.08810298658624495,60.7902197351258,1.4843369899023007,G01166,84.89079434929477,43.90012963839316,10000,-3.926972910761833,82.9,14.158493804931641,15.310599994659423,4985,321.1905484615832,18716.031746031746,31281.73015873016,30115.05291005291,22.95525354489733,6.705331730647418e-6,0,5.611823352509117e-4,0.1189359137070533,0.5524090098311555
1167,-0.24634283673435634,0.04730155698809144,0.022020668830057342,0.0940202495870332,59.66897723743041,1.4668804267857303,G01167,85.7891096334143,43.90012963839316,10000,-3.8896807074546813,77.25,14.596728134155274,15.211562490463256,5033.35,294.3637697600852,18967.286075949367,31446.225316455697,30506.13164556962,21.955408776872332,2.83882782633937e-6,0,1.2424704963893583e-4,0.12368413705050639,0.5668498720215531
1168,0.4790676789777531,0.053640507636554376,0.03101043181677761,0.11199728317011338,58.12486935655998,1.4367194857301133,G01168,86.68742491753382,43.90012963839316,10000,-1.218591168212394,68.41666666666667,15.12763019402822,17.91054181257884,4680.833333333333,178.45951109831404,16492.302387267904,26816.098143236075,22200.761273209548,19.767439803557437,2.464824877299626e-7,5.443154987809274e-7,8.141111305085218e-5,0.13355756875136804,0.6011675299734425
1169,0.6137730426448195,0.05956124695162851,0.036225800913265216,0.12134275364942698,58.5259804754519,1.413628586185496,G01169,87.58574020165334,43.90012963839316,10000,-1.0583864625543355,66.85,15.773627042770386,18.241875076293944,4679.95,116.95364578822627,14511.52417302799,23913.091603053435,12942.516539440203,23.40962135443515,8.251933212266994e-6,0,2.174399674254096e-4,0.13474796972906036,0.6039529898707491
1170,0.37734047541539245,0.05637099867158878,0.03336390402636915,0.11761826747825697,58.93198217663721,1.4322389665326802,G01170,88.48405548577286,43.90012963839316,10000,-1.6754943632210295,72,15.753285646438599,17.47560425599416,4765.416666666667,146.4442071134992,14542.285353535353,24034.99494949495,10569.088383838383,23.94020333052665,0,6.105005950780678e-8,1.8689458671959552e-4,0.13225130754468578,0.59657082851257
1171,1.3396526896401098,0.07142376942587926,0.04294508397883692,0.12585794984237647,56.902673827426796,1.3476054628483525,G01171,89.38237076989238,43.90012963839316,10000,-3.5890796899795534,85.05,15.104898834228516,15.02113742828369,5054.3,89.9374636534801,16856.150793650795,28582.571428571428,13576.76455026455,41.19921773538572,0,0,1.8518518754014348e-6,0.14186734695006614,0.628657994220653
1172,1.5197064686358395,0.07091157976335637,0.04308427293546222,0.12452837391204002,57.23844625926925,1.3364089240071642,G01172,90.2806860540119,43.90012963839316,10000,-3.2575479388237,108.55,14.797847986221313,15.0613374710083,5033.25,89.396146743758365,17701.13959390863,29958.629441624365,14850.370558375635,42.076133805188725,0,0,4.0700040782365333e-7,0.14105234174284434,0.6247704323964605
1173,1.3814254585157988,0.05974811008890143,0.03701508680683296,0.11656641751842188,58.98943353879968,1.3648900815731875,G01173,91.17900133813141,43.90012963839316,10000,-2.4612808351715407,154.25,14.154250860214233,15.343208312988281,4937.666666666667,127.48049012424937,17934.192934782608,29987.16304347826,15866.39402173913,39.6617580744944,1.027010346860301e-8,0,3.111841466062965e-6,0.13375717011210875,0.5903681745855939
1175,1.6631423802144336,0.05566373019756478,0.03712594533457497,0.10781111467065527,64.20557057855453,1.3090054166292457,G01175,92.97563190637047,43.90012963839316,10000,-2.649001325170199,295.5,13.267487009366354,14.297979235649109,4973,128.54943221087805,20528.599455040872,34940.24250681199,23113.179836512263,44.41590114350831,3.052502975390339e-8,0,9.564509648634678e-7,0.11775583187352515,0.5421889136574211
1196,2.9111399282650225,0.1373525485465198,0.015781006578330068,0.06359094180970211,74.7083014662267,1.149459977374881,G01196,111.9969999272614,43.9350891746222,6075.3659908499585,12.002287228902182,949.375,7.729177137215932,26.48061450322469,1172.4583333333333,318.08256778317207,27111.978835978836,47840.997354497355,89273.25396825396,611.36349463925,0.9121645201401705,0.04451573062344881,0.007524796510730243,0.07958880719371465,0.21432709611189937
1197,1.9847793874720359,0.1579677056032687,0.03206204971411666,0.08249542135495397,74.97490479766854,1.1393441260574062,G01197,112.73856815699993,43.90012963839316,10000,13.007545804977417,951.65,8.362331438064576,27.81235008239746,900.7,205.48353756572888,27176.62626262626,48562.92929292929,111841.84848484848,683.3347089673363,0.8928013024841256,0.0437070309757326,0.009189092412188661,0.09096165581787907,0.3296036225557457
1198,1.987987246639075,0.16391285160570512,0.03993009704685726,0.09110092374580679,72.15424652632589,1.0962570652226364,G01198,113.63688344111945,43.90012963839316,10000,13.833305994669596,943.4166666666666,8.91821269194285,28.964499950408936,715.2916666666666,155.21723323379274,27574.29894179894,49078.99470899471,119106.71164021164,705.9116270801798,0.8513787921884036,0.05724977927421731,0.01597469449907945,0.09530893362178953,0.36887205227033937
1199,2.1006153003417296,0.16089296263689618,0.03343450274887318,0.08214983874822494,74.2115538489899,1.1455297833191707,G01199,114.53519872523898,43.90012963839316,10000,14.136588621139527,942.6,9.513629150390624,29.678687477111815,698.25,179.961362812308,27147.06313131313,48489.666666666664,113842.12878787878,707.787025018837,0.8717961944020411,0.052087250742247626,0.01031610704778213,0.09283184294251441,0.3418597788311651
1200,1.1909379519613539,0.11315849822550779,0.02621874866414881,0.07821758788332833,73.57564096161438,1.0851723041638295,G01200,115.43351400935852,43.90012963839316,10000,15.168489074707031,934.2,9.961261367797851,31.208749866485597,448.1,179.38811202764273,27595.17694369973,48166.56032171582,111937.57908847184,668.1228117031978,0.7607447598954385,0.08084975578785104,0.020391656515534526,0.08880532562531618,0.32150824114093857
1201,0.539031171940004,0.04707004289785943,0.029530240056932125,0.09216508398249207,73.84910677726609,1.30288315999627,G01201,116.33182929347802,43.90012963839316,10000,15.72273842493693,945.875,10.129071990648905,31.849499702453613,169.25,71.16010729028743,28441.784974093265,50323.03626943005,183390.55699481865,750.9702663860515,0.16043334342105314,0.6549131968745412,0.04884903339578309,0.08963146457928348,0.38308543291592445
1202,0.17492241274780226,0.05012111799746238,0.028611684491299316,0.09285741747904558,74.14167972490998,1.4098577993423145,G01202,117.23014457759756,43.90012963839316,10000,15.401081752777099,926.5,9.910713529586792,31.327212524414062,127.95,45.48623273498315,28840.742424242424,51398.97727272727,214026.39141414143,842.1515950439009,0.08088726088672406,0.7926866500718188,0.06816233211375967,0.09150908632629176,0.3694564389897369
1203,1.552994797565818,0.07062327662568796,0.038498176258911956,0.09728056506787494,72.51683492971364,1.0732892066958046,G01203,118.12845986171706,43.90012963839316,10000,14.981790820757547,952,9.688286383946737,30.84401035308838,174.625,63.43967521436682,27983.554376657827,49431.74801061008,144353.48541114057,864.2289074766644,0.32886956960566943,0.5246661704248733,0.04189772007532152,0.0949519833940204,0.39898781719389376
1204,1.8812032487899695,0.08503648092981703,0.042535913029113345,0.09845434227811287,72.20846412031597,1.0119685852348173,G01204,119.0267751458366,43.90012963839316,10000,15.27712664604187,959,9.607184505462646,31.46716241836548,55.1,12.379524691156254,27913.539440203564,50741.34096692112,212859.49872773536,959.0936414458888,0.03353909239402278,0.8675616301369455,0.044596703320899406,0.09879677263574776,0.4104960905183642
1205,-0.24448162829494183,0.038134966975296725,0.02088376313624817,0.08235167415909973,74.76329403777453,1.4507135382716774,G01205,119.9250904299561,43.90012963839316,10000,15.450406122207642,934.9,9.418633270263673,31.503112697601317,35.3,3.341918768107864,29218.02380952381,52712.14021164021,263983.8201058201,932.393793556776,0.045585063156556166,0.7876254882652097,0.09818744397182043,0.09686350107220913,0.30952107090399184
1206,0.7167034789808978,0.045306249944101484,0.027497830703384366,0.08611635716178741,73.8170419822172,1.4128627234878546,G01206,120.82340571407563,43.90012963839316,10000,15.427505294481913,886.125,9.348204811414083,31.28851064046224,25.916666666666668,3.62259415416592,30648.50385604113,53563.29562982005,316690.17223650386,859.9786955125835,0.025016117238808783,0.7846482498888279,0.07433858360178348,0.09533913990100819,0.3253563412199718
1207,0.4287868738748611,0.038503096168074354,0.02241868629770709,0.08019813827520825,73.53972591889742,1.442460116556193,G01207,121.72172099819515,43.90012963839316,10000,15.409857845306396,874.85,9.118546867370606,31.216399955749512,42.3,23.96290993664123,30953.155080213903,53811.73262032086,310886.23796791444,782.9171872413322,0.06640932030977707,0.716438054571408,0.07427603789030154,0.09136767813580023,0.30670292875289906
1208,1.5784391037918395,0.06766998902403049,0.03838740073797015,0.09824490041030998,70.82469284314823,1.0648837506160704,G01208,122.62003628231469,43.90012963839316,10000,15.240941619873047,882.3,8.964004182815552,31.003412342071535,55.55,23.756384183492322,28799.475452196384,51124.74418604651,202395.84754521964,767.1743419402753,0.21870995173824903,0.6246294955917628,0.03863213518471254,0.09837743405841537,0.3960761346857466
1209,-1.2151695682356944,0.02840874660422618,0.014232413767497547,0.07106104023871121,75.9745520702453,1.4680881617448207,G01209,123.51835156643419,43.90012963839316,10000,15.169914921124777,929.3333333333334,8.409588476022085,30.77620816230774,23.041666666666668,16.755217660197065,29381.035608308604,51757.3412462908,248278.3293768546,680.3699533804997,0.06412917179628248,0.6502262006647606,0.08865246246358902,0.08685457566174261,0.27782457722644033
1210,-2.269844666847359,0.014700102401181579,0.002712111739893253,0.04984821968232251,74.53059465599732,1.4790746782438875,G01210,124.41666685055372,43.90012963839316,10000,15.126960945129394,974.65,8.145598983764648,30.768862533569337,2.85,1.6311119875071343,31518.72405063291,54933.417721518985,395663.2278481013,728.1080772351984,0.030894607294335914,0.7081854089480262,0.15241644284298939,0.09784197388671692,0.22604117637361848
1211,-1.5848645278745317,0.017556316813641327,0.007307279678633821,0.06447962775197709,76.51990644957746,1.4681918808328294,G01211,125.31498213467323,43.90012963839316,10000,14.920480728149414,1010.8,7.935827287038167,30.34163678487142,3.7333333333333334,0.7988086367179803,27066.827586206895,48735.19923371648,175955.54406130267,870.4360213292005,0.06802068753183234,0.7488694447003958,0.12016304506332584,0.0951063893973683,0.2463029315712716
1212,-2.326583802836244,0.013092966218658294,0.0020075708847013345,0.04797039786208864,75.24585795298377,1.47590721520186,G01212,126.21329741879276,43.90012963839316,10000,15.17292332649231,1025.75,7.18760621547699,30.12654733657837,4,0.816496580927726,31327,53191.4,248368,692.757744323525,0.03499152552350266,0.6329559317584765,0.15205593228255962,0.09537229377824205,0.22276902896649822
1213,-0.8356380325469431,0.023642560397160377,0.006986231222903115,0.058103984210401624,73.40072123804137,1.4422034863750353,G01213,127.11161270291227,43.90012963839316,10000,-3.574071556329727,380,11.333726525306702,13.163281202316284,4859.5,441.8509768171682,22561.185430463574,38077.97350993378,40597.708609271525,27.529033291202317,2.4354795111376535e-4,6.365118124699058e-5,6.114642776352022e-4,0.08168632248162286,0.3705585917657114
1214,-1.322383768355787,0.025148016659312114,0.007328198731184871,0.06007841454384976,73.17178134503305,1.4602089378475196,G01214,128.0099279870318,43.90012963839316,10000,-1.6481715107957522,352.7,13.117540200551352,16.189266618092855,4634.066666666667,412.3863215007495,19081.87081339713,31908.25119617225,30622.265550239234,24.959513362540132,2.391127407716693e-6,2.849002904367645e-6,4.5756003432702357e-4,0.08418101559119005,0.3825524256639635
1215,0.26936904178530496,0.03900835967774322,0.019484044237661997,0.08517414035059935,62.728171831450375,1.4347074838212652,G01215,128.90824327115132,43.90012963839316,10000,-4.282573277950287,204.12,13.84165828704834,13.746189918518066,5123.76,301.9095173502595,22133.310776942355,36795.142857142855,59127.533834586466,24.164689375355028,2.645502563865039e-7,0,6.034188053870811e-4,0.11234572844723836,0.5074362760156008
1216,0.48276234035017673,0.05011555885432249,0.02720693096443553,0.09892516719823712,60.2817953081055,1.4055690380831605,G01216,129.80655855527084,43.90012963839316,10000,-3.2188425207138063,152.2,14.881291694641114,15.063869895935058,5044.6,203.04699784368478,18674.57177033493,31481.880382775118,33640.4019138756,32.87199199984752,5.9422059786562096e-5,0,1.9383394397152666e-5,0.12359785533608493,0.5501706782583055
1234,6.914027131647874,0.04831127282712548,0.023289014075606997,0.04643163211152286,66.60798399291504,1.1510849672140995,G01234,81.29753321281669,43.24933166475007,10000,0.06859289720654488,577.56,13.873867492675782,14.974270057678222,4386.76,175.8515661952811,31432.33971291866,54200.66985645933,245549.18181818182,113.40022691341434,0.07078794259077571,1.6660561663445035e-4,4.098595852848573e-4,0.08424049589374973,0.20797679771487126
1235,6.639643178713158,0.024586960019079566,0.014689948768123151,0.030775697738282773,68.26886330230681,1.1999364684321825,G01235,82.19584849693621,43.24933166475007,10000,0.7198197844127814,589,13.932386716206869,15.484725030263265,4266.5,212.47519124959442,31981.184210526317,54433.846889952154,257082.41866028708,94.40873239533978,0.13305997145552478,5.335571858237217e-4,0.0012354192137758772,0.07873125190024349,0.15967639732073455
1236,7.079173954769995,0.029336996324583895,0.014860352473222873,0.032700894495705186,68.16408463008759,1.185896514478293,G01236,83.09416378105573,43.24933166475007,10000,-0.4139958394318819,635.64,13.615550079345702,14.331270065307617,4363.16,196.08239764615962,32692.441102756893,54651.508771929824,243692.18796992482,104.7124044448878,0.07211831500439239,0.002407794059763546,9.545482304063649e-4,0.0807948141526115,0.16062310239634625
1237,6.222048414143442,0.03329730692477313,0.019933764518841105,0.05392574340830287,74.49047083759167,1.1465021874561958,G01237,83.99247906517525,43.24933166475007,10000,0.7786958329379559,670.4666666666667,14.360901387532552,15.310208384195963,4143.166666666667,129.87157670861478,30744.806220095692,52764.32775119617,173999.4043062201,119.59231778784523,0.07815295274352974,0.006366201092745872,0.0018582109481963818,0.07540529105971575,0.23145997714281227
1238,5.824932381418754,0.03504091484847316,0.015414669057582875,0.04513122905339833,73.6684409084432,1.1652113991602175,G01238,84.89079434929477,43.24933166475007,10000,0.8504616582393646,708.32,14.050316734313965,15.19076000213623,4064.44,160.5376591333012,31272.31328320802,53564.278195488725,177642.8045112782,123.8582385391473,0.24638758625732532,5.824888068083274e-4,8.714794499876213e-4,0.07921767919318123,0.20973365056760943
1239,5.368776360001848,0.06124440915125375,0.009431167317175125,0.024666503901616357,68.32175111690704,1.1579195250572194,G01239,85.7891096334143,43.24933166475007,10000,2.7143691194057467,710,13.275243301391601,16.859589881896973,3746.2,274.71363878288486,32000.112440191388,54219.638755980865,196789.63397129186,210.22112237642506,0.5191074480953283,0.0016214692773622215,0.001140181113276847,0.06899684400333372,0.10039820940126085
1240,5.182323076499585,0.03810746304262627,-4.850346973325228e-5,0.010452846258143361,70.41214660193683,1.2178244079060347,G01240,86.68742491753382,43.24933166475007,10000,1.8389117911458015,756.4,12.121333344777424,15.850691604614259,3764.366666666667,402.44532576473665,34546.784461152885,56773.619047619046,299297.9674185464,202.93615490180184,0.46020083433861714,0.0013089743584673139,0.0012533882803122927,0.06122220433020105,0.07123791722687997
1241,3.6200509300158896,0.033311039200747836,-0.013309597275370422,0.002574811703562204,73.50693052352266,1.307733440291589,G01241,87.58574020165334,43.24933166475007,10000,5.893152074813843,792.84,10.267162590026855,19.426040000915528,2832.12,581.4239933129694,32191.51196172249,54297.40669856459,183389.92105263157,308.1234177504743,0.6953969985410076,0.006568426955620003,0.0027567155122103087,0.05757299801164686,0.10876279123743213
1242,0.6026375666647529,0.031748520505353976,0.004063113914975116,0.03678003362697237,73.34156806374824,1.2957431465616038,G01242,88.48405548577286,43.24933166475007,10000,13.638305966059367,882.1666666666666,8.07104369799296,27.0878999710083,1097.7666666666667,464.8683672294499,27137.47619047619,48052.37343358396,105060.96240601504,613.0350669422837,0.7523199342804034,0.16210005138847783,0.023964578420643843,0.0765382135149249,0.26250168580105887
1243,0.21014543915301728,0.08643407414149408,0.02148187719751718,0.07174780369595721,79.33540232785866,1.1115336124828123,G01243,89.38237076989238,43.24933166475007,10000,15.527597160339356,960.96,7.500964183807373,29.40422996520996,669.6,123.9243720984698,24896.576555023923,44838.674641148325,89773.91387559808,542.1085031662527,0.7544854598363014,0.16842426740699623,0.016155199462762157,0.07698791347869148,0.2997027445719497
1244,-0.24117129996660322,0.07584357476432635,0.01894817827442123,0.06581908650012365,82.77332591532863,1.1293974609501607,G01244,90.2806860540119,43.24933166475007,10000,15.585952796936034,1024.16,7.35222412109375,30.048029861450196,632.96,147.85394820565327,23438.272727272728,42525.916267942586,68403.05263157895,554.9861839971602,0.8440103887457172,0.09557001422429982,0.016462362675547224,0.07256066031103563,0.2797528136862031
1245,0.6430433486095412,0.11899939473813245,0.02309419592088785,0.06656947477581629,81.25034807134011,1.1188585301531744,G01245,91.17900133813141,43.24933166475007,10000,14.822233200073242,1077.5666666666666,7.623823642730713,29.744783465067545,788.4333333333333,196.29458568135823,25473.190476190477,45532.21052631579,77922.57142857143,567.7867603305987,0.8929520045063319,0.05735794674941445,0.00979949125417884,0.07529225603163385,0.2801556115259323
1246,1.428367055242602,0.12059594183894458,0.014433590770712228,0.06352895371450179,81.00234095167794,1.1384908625453167,G01246,92.07731662225093,43.24933166475007,10000,12.962523384094238,1114.76,8.015384941101074,27.948970108032228,1134.52,243.01030842332594,27008.31818181818,47658.483253588514,84532.82296650717,539.1040413784243,0.945056257797515,0.018943864482347347,0.00556589337126819,0.06978136618328422,0.2196240765671184
1247,0.8268745531209069,0.11459804525219408,0.015777355704855223,0.054366581172725734,85.32557490505175,1.129016608454344,G01247,92.97563190637047,43.24933166475007,10000,10.614733664194743,1144.9666666666667,8.235628493626912,25.165291531880698,1514.3,281.6086977007096,26681.654135338347,47467.508771929824,85926.76190476191,482.19393430686006,0.9472754956127901,0.009116062451313857,0.001481339223642768,0.06390734184795464,0.19388486446880396
1248,2.699220192969998,0.11627049413962555,0.004163403547566969,0.0439499876593388,78.50384362907427,1.2131751211488875,G01248,93.87394719048999,43.24933166475007,10000,12.313578243255614,1118.64,8.836528358459473,27.31439971923828,1113.72,458.21724469222386,27382.22248803828,48582.95933014354,96106.81818181818,611.6325672534829,0.9310477922223527,0.019904955254072848,0.0037464998040281153,0.07364480941425049,0.17740705697963266
1249,2.710585060036015,0.13938596252907,0.016929450278252958,0.06924690755796556,75.85130071370594,1.1812909987237716,G01249,94.7722624746095,43.24933166475007,10000,12.767951736450195,1088.56,9.230208282470704,28.053210144042968,959.48,317.4912229757961,26709.373433583958,47558.65664160401,93447.20802005012,697.2316511858966,0.9167448615515031,0.03916076522317894,0.008175691896245016,0.08218399428448743,0.2517360406874631
1268,0.37549854812502603,0.04696469387137577,0.02173741215730564,0.0883264416691974,59.9429243415716,1.429218529091555,G01268,111.85198069558065,43.23987055820486,9676.977549893301,-1.3690031111240386,135.73333333333332,14.1355562210083,14.960241667429607,4987.666666666667,333.946137855352,23261.907042253522,39389.47042253521,72460.07605633803,34.4688400789541,1.7008856399546339e-6,1.3083735579299895e-7,2.4191827752429235e-4,0.12085836066214448,0.5566602919137095
1269,2.5917056727551016,0.06994560064369403,0.043313894462674626,0.1167307605282502,55.0060886353365,1.3076531389892267,G01269,112.73856815699993,43.24933166475007,10000,-0.6621383250749204,134.4,14.748793487548829,15.673279953002929,4920.92,150.72268132788332,24135.1510989011,40866.73901098901,78842.25274725274,35.273198586581444,4.2099436696564616e-5,0,6.8780193345265e-5,0.15344335582702412,0.644476124598125
1270,2.3817057933712866,0.062079237583270094,0.03905177702345511,0.11348436358488949,56.315908715092675,1.332651944456255,G01270,113.63688344111945,43.24933166475007,10000,-0.24022166639566422,150.24,13.774043350219726,15.69408016204834,4854.24,177.56343467429699,23960.24926686217,41006.52785923754,72900.35190615836,29.4643656288779,0,0,2.390297915052793e-5,0.14665077090420567,0.6250179531653006
1271,2.6631050902085507,0.05891228660395038,0.03598902132441626,0.10665572587133698,57.09985498859698,1.3225965923526255,G01271,114.53519872523898,43.24933166475007,10000,-0.9981944255530835,188.3,13.151418081919353,14.616591707865398,4994.233333333334,225.96363505621005,26764.05864197531,45461.5,102969.64814814815,31.18929313435964,5.946769565900862e-5,9.142624792158119e-8,4.3915075383385185e-5,0.14072655857724198,0.6033172311495965
1272,2.9911907787737584,0.059626723790699096,0.038240988229278364,0.10593150934719309,58.903081919785905,1.2872233436388512,G01272,115.43351400935852,43.24933166475007,10000,-0.6882658430933952,258.76,13.414423294067383,15.145550003051758,4988.96,143.9014361753674,25694.17414248021,44137.4327176781,100263.49868073879,36.44124779911285,8.132045048629906e-6,0,1.7814009578689478e-5,0.1392652812202614,0.5777414958641829
1273,2.433865487635702,0.05149707952608968,0.034701055014194335,0.09654189659767948,64.55687317164421,1.2894025472852544,G01273,116.33182929347802,43.24933166475007,10000,-0.5050701299488234,342.1666666666667,12.635129165649413,15.124533303578694,4974.533333333334,198.35821538115178,26132.330484330483,44389.638176638175,96866.66381766382,34.68119379890133,9.05797122503858e-8,0,1.0784017712908009e-4,0.11733745949429775,0.512750242508465
1274,3.0533408833522295,0.060760719713131385,0.042059233636222895,0.09636942980514034,65.88104849651454,1.218312040269599,G01274,117.23014457759756,43.24933166475007,10000,-0.7046445879340172,393.92,13.153269157409667,14.95069995880127,4908.6,133.16218181851283,26139.646596858638,44392.56020942408,94653.57853403142,36.5188997539198,0,0,6.344605451772073e-5,0.11639003672215731,0.4888099354454315
1275,3.538576357964875,0.05695978383848315,0.0388493128655608,0.08769012738823123,65.8938054470731,1.2118267921178822,G01275,118.12845986171706,43.24933166475007,10000,-1.1151979246735573,414.36,12.872094268798827,14.30909008026123,4855,142.76875241686,27777.897727272728,47537.77840909091,128753.59090909091,36.86588752583154,0,0,1.8506441244899296e-4,0.112708933641086,0.45486246219102205
1276,4.891651230883982,0.04606738046631402,0.030022314202820883,0.06664766718378275,63.64851520577851,1.2111432910250794,G01276,119.0267751458366,43.24933166475007,10000,-1.967535428206126,426.46666666666664,12.847172292073568,13.66416670481364,4851.4,182.96082113109767,30436.07894736842,51184.318713450295,210846.75730994152,44.95130487043615,2.031694463875335e-6,0,2.879317364373586e-4,0.10502969327468785,0.3550656173607912
1277,5.492471233379711,0.031995392831364794,0.02220045084384534,0.042999173421755556,65.00291156105857,1.2267555043842284,G01277,119.9250904299561,43.24933166475007,10000,-2.679213292598724,472,13.838348197937012,12.987539978027344,4903.48,263.1659995769464,31573.30808080808,53705.2095959596,251304.24494949495,72.7509461043205,1.9122383428800134e-7,1.1070853255712765e-7,0.001553663441871984,0.08327800579234262,0.23662452907449716
1279,6.8841150944657805,0.018780806820959076,0.01192272608824446,0.02068853970172223,68.87385251669028,1.2045292282469446,G01279,121.72172099819515,43.24933166475007,10000,-3.053085436820984,680.16,11.937440872192383,11.71667999267578,4928.84,224.65207915055373,35237.83838383838,56971.74494949495,498811.4191919192,69.79983302229807,0.01907590579688277,1.251006448651402e-5,4.3131038591744016e-4,0.0812037030232022,0.16185941514787622
1280,6.555640564726496,0.01800650763076351,0.011040616917944442,0.02103095694439646,69.24777363847811,1.2205440028679657,G01280,122.62003628231469,43.24933166475007,10000,-1.3001987429452129,659.96,11.655395812988282,13.221269950866699,4681.44,266.43637139099457,34116.48941798942,56530.02380952381,381111.3306878307,85.33566387119014,0.11557172911499798,9.964774487846021e-5,0.0010080414691407387,0.07703879264869933,0.14797479864258017
1281,6.838087704722021,0.02425867095905431,0.014111962979387747,0.023293177145593685,68.28137424326766,1.1971126340383156,G01281,123.51835156643419,43.24933166475007,10000,0.11008853887518247,627.7666666666667,12.070118649800618,14.624633248647054,4490.2,235.92640582503103,33426.131313131315,56013.07575757576,342307.9191919192,94.34144989841371,0.12383301503724523,9.225822813655097e-4,0.00119348842386778,0.07824366331428917,0.1440106068244211
1282,6.8843027811029645,0.028346556135768395,0.016357442912933038,0.031035823400380615,66.94151535142356,1.1863350281095182,G01282,124.41666685055372,43.24933166475007,10000,0.18470748275518417,599.36,12.953278427124024,14.603009872436523,4493.92,217.93422555134993,33047.63492063492,55641.69047619047,289354.6693121693,98.22104463204718,0.11920526368156123,7.330817220111864e-4,0.0011556159462262827,0.08115280355926015,0.1639987569988833
1283,5.7482266238304875,0.01630096600181435,0.01236445451451366,0.03279693181765301,70.55133568600294,1.2358082305385296,G01283,125.31498213467323,43.24933166475007,10000,1.5056437611579896,573.32,13.885637474060058,15.76132999420166,4315.4,261.4203192816758,31229.09595959596,53478.13888888889,200771.12121212122,80.70922242155434,0.13031313415262483,3.190619993643929e-4,0.00168903985823362,0.07149592935707505,0.17608980437465305
1284,6.20353888441128,0.033396331525718706,0.018423135860076413,0.03337853279405105,69.165347292780325,1.1883871589472819,G01284,126.21329741879276,43.24933166475007,10000,1.6703902959823609,585.2,14.08484172821045,15.684200096130372,4243.333333333333,234.9185234154135,30961.325757575756,53251.32070707071,184981.82323232322,106.96715777897661,0.19251067820535658,0.0010224134467262487,0.0010794484721194334,0.07516016198938759,0.16966374603279094
1285,6.521033499992564,0.03527626844572365,0.017269918671565018,0.028276738943278548,69.04236488522344,1.1822220650064341,G01285,127.11161270291227,43.24933166475007,10000,1.0937808415293693,616.84,13.449531745910644,15.016040077209473,4237.88,246.4373348338275,31832.095238095237,54538.521164021164,213660.6455026455,115.97140641722761,0.2610095412238866,6.302938771270694e-4,7.458937223128632e-4,0.07578955927163337,0.14630441668109276
1286,6.5627993286657365,0.027342558500896244,0.012989382342619886,0.023373309194857004,70.74617323332181,1.199981548682787,G01286,128.0099279870318,43.24933166475007,10000,0.2527548590674996,659.9333333333333,13.580768044789632,14.07535842259725,4347.133333333333,225.02731379551014,31857.29797979798,54098.43939393939,217173.91414141413,108.48183496663816,0.17336691382990288,0.0010056989090122528,8.106765551371828e-4,0.07457708118208424,0.1378242298994587
1287,6.575014566809089,0.03389964781736386,0.012700665620814894,0.01913854983644397,70.34321809921305,1.1863623433156907,G01287,128.90824327115132,43.24933166475007,10000,1.43505749553442,685.92,13.656441688537598,15.079079856872559,4104.08,224.1652887194328,32273.79365079365,54699.30158730159,212148.9656084656,132.50483846329118,0.3244570146623496,0.0035142209987626943,0.0012129931605446126,0.07338820272160122,0.11830440332350883
1288,4.614603803550477,0.04319133673814297,-0.005588051813693498,0.003989188222885912,69.88468334871048,1.2445427611900384,G01288,129.80282953456566,43.25764311816396,9723.800171120152,3.3886858603358267,699.92,12.443711585998535,16.803949966430665,3725.48,439.48455793880476,33789.41161616162,56229.045454545456,250462.96464646465,221.78068369225912,0.5086930757127004,0.002122302749110139,0.0011367250465190264,0.060022730998137874,0.08430491311770787
1289,3.7636678102080885,0.025719428754998403,-0.011845231355139483,-0.0038290297156562763,73.39868662427857,1.3156821713219313,G01289,130.68926332905167,43.2583873398531,9620.294420536822,2.9954961612820625,777.3333333333334,11.39319232304891,16.189058367411295,3611.4666666666667,597.1859141774478,34483.060846560846,56173.39682539683,305570.0767195767,244.60508804766621,0.4879708232118507,0.001096819645669086,0.001139945653151797,0.05606553648465882,0.09471865953111772
1305,-0.7212505633826962,0.014569997693290182,0.010254590975370835,0.06194186708737209,80.24856969398802,1.348878633398842,G01305,80.5331751534424,42.57090486771486,6755.100224533038,16.15218776702881,1368.8,7.898974151611328,31.538560104370116,51.88,55.145504500971484,27764.853185595566,49237.99168975069,164077.74515235456,744.4625826018479,0.29108283005897634,0.5014451490979288,0.04622960954358622,0.08083264833291894,0.29937354572382713
1306,-1.7635581792686084,0.010645620766787132,0.006390858936762243,0.05451840994939233,80.4867635970087,1.4361059701468193,G01306,81.29753321281669,42.59150500572618,10000,16.106075286865234,1269.16,7.971695747375488,31.70501983642578,38.36,36.63090680468248,30241.382051282053,52538.19743589743,281021.6512820513,637.7092766042613,0.27259008535275736,0.4735849955601888,0.07885970137592785,0.0805571992967376,0.23844295048821917
1307,-1.0058068110889455,0.01595074568535244,0.010704950598625102,0.05876144936717626,80.71745824756007,1.4268367979851952,G01307,82.19584849693621,42.59150500572618,10000,15.746639347076416,1205.3666666666666,8.037418683369955,31.45191656748454,61.13333333333333,65.42736606256634,29174.56582633053,51394.529411764706,237386.6386554622,637.1992688572429,0.3470116848555426,0.3867200583999091,0.055387973047145524,0.07750268149933125,0.27392862115678546
1308,-2.541387191671208,0.01776375254289007,0.0077171296775663525,0.05111144699625681,79.91611324645567,1.4473580877184316,G01308,83.09416378105573,42.59150500572618,10000,15.674375038146973,1128.16,7.129840030670166,30.993229904174804,43.48,55.193689252788076,30335.67142857143,52877.96071428571,274436.8678571429,447.89830736544906,0.2774068438447514,0.24653784220189578,0.10006390906107772,0.07980416310706623,0.2612555886736255
1309,-3.968971861231611,0.008469215621777769,-0.0056495032668659,0.03880137306001703,68.06832241949282,1.5419980695585935,G01309,83.99247906517525,42.59150500572618,10000,16.010268274943034,1014.9,6.844972737630209,30.985782432556153,5.1,2.5910988216292092,32507.86141304348,55976.470108695656,377275.4402173913,378.58173944766503,0.12117158970943757,0.33852476583017527,0.27685580387317205,0.13507914393505166,0.22364295741275667
1312,2.932929651673666,0.012749402479815777,0.013073363780837708,0.03864648094734241,98.49228601083901,1.183549053089026,G01312,86.68742491753382,42.59150500572618,10000,-4.631171882152557,647.25,11.485145807266235,10.406124830245972,5177.75,185.2266629474997,22336.64285714286,38136.0918367347,40065.142857142855,44.34441997823264,1.0909797812170298e-4,0,9.214618986895784e-6,0.046364629290965895,0.2104943166843308
1313,2.343718486853382,-0.0059195488771001245,-0.0034060649113868873,0.018378496714940403,85.78340871215329,1.33783468646406,G01313,87.58574020165334,42.59150500572618,10000,-1.6598567633579175,598.4166666666666,12.18708848953247,12.898625016212463,4852.833333333333,373.2461613596273,23820.18099547511,40135.27149321267,96444.83257918552,37.027784195488145,2.2521781745533175e-6,3.7992766428138176e-4,4.483642937383104e-4,0.0486096843573067,0.11026478638895054
1314,2.2643144474350723,0.054069052759267294,0.03616750773322951,0.10117747768611904,64.15641847826538,1.292279773630426,G01314,88.48405548577286,42.59150500572618,10000,-3.2573419037987206,334.29411764705884,13.149536805994371,12.268823623657227,5164.235294117647,178.90658505619794,24558.571428571428,41639.52747252747,80982.8717948718,44.087920443320215,7.282913144330915e-7,0,9.025210073399221e-5,0.11889117759427978,0.5252091769012825
1315,0.7830156282492264,0.04443550594882944,0.020569644110517645,0.08429582633755447,62.98496447721049,1.3823474331240422,G01315,89.38237076989238,42.59150500572618,10000,-1.4845947820693255,258.7,14.378602123260498,14.526000213623046,4990.9,327.37277962913356,25310.15071770335,42755.33492822966,83894.75837320574,46.804565823554626,1.3938669790291276e-7,0,2.2849462463586464e-4,0.11086381841701219,0.5022336129656206
1316,1.7992595645451621,0.057657647755735786,0.02884317677369164,0.09038511866398026,58.48862016611761,1.3310539644548947,G01316,90.2806860540119,42.59150500572618,10000,-3.13173736895745,186.08333333333334,14.007493813832602,12.206427176793417,5302.166666666667,283.864429777233,27223.910843373495,45946.096385542165,92063.41927710843,39.22678400483992,7.865392285376329e-7,0,2.6324173727279365e-5,0.12651651719583384,0.5427742226827657
1319,2.4408346110435373,0.06128377047735183,0.037413414772771506,0.11012452768343421,57.19524250700688,1.3262024634888343,G01319,92.97563190637047,42.59150500572618,10000,-1.6755134329432622,185,13.957231799761454,13.370656291643778,5167.791666666667,212.32337501959162,25425.626631853786,43032.24020887729,82787.25326370758,37.21211525073953,5.667772072371067e-6,0,2.9243292210885162e-5,0.14145345836675335,0.6091895937731828
1320,3.579461772006976,0.08564724476538038,0.05240324849883848,0.11579652539554089,55.560964909230975,1.2029719095169404,G01320,93.87394719048999,42.59150500572618,10000,-2.149374967813492,225.3,13.716641616821288,12.821162462234497,5243.5,115.82904826101539,27325.83253588517,46756.29425837321,90175.78708133972,41.6682012630907,8.120270739061684e-5,8.403026838317715e-6,1.71346076328965e-5,0.149189647506534,0.6150362543581569
1321,4.134797681991776,0.06882963704761202,0.04154800846764262,0.09992699213990601,57.330112734018236,1.2183104914253429,G01321,94.7722624746095,42.59150500572618,10000,-1.7632899306093652,288.5833333333333,13.567277789115906,13.098552068074545,5180.083333333333,156.8834839498151,29000.24494949495,48966.14646464647,118523.77272727272,41.166165713754744,1.2972918963455715e-5,2.986857967435637e-8,7.03405020891453e-5,0.13513022990027754,0.5402933703214093
1322,4.171301195987898,0.07209610899139555,0.04188244661098925,0.0957959689437234,58.90168210568933,1.194413698808321,G01322,95.67057775872902,42.59150500572618,10000,-2.4333921641111376,327,13.68627610206604,12.59087495803833,5196.35,127.44587086288831,29014.892344497606,49478.07894736842,130179.36602870813,47.12721807841472,6.571087035760714e-7,0,5.678016707853058e-5,0.13126755228445486,0.5085054018056724
1328,3.934237141643192,-0.0011041384165474556,-0.011716545717492302,-0.0016658646249476977,74.97745664675736,1.3659423192384146,G01328,101.02375502830922,42.437641356510476,5245.558972065239,-0.332677086815238,679.2,10.41878137588501,13.073724937438964,4335.5,583.387431075475,34065.422764227646,54161.550135501355,823395.1598915989,135.95376297204524,0.2990512944831366,6.777479088431526e-4,2.2534846666552672e-4,0.05519640748420966,0.1081522413742626
1339,-0.06117303881059937,0.03842916183553847,0.024226942325789886,0.07551022511637331,78.67682363077836,1.2855859143117183,G01339,110.9422339890988,42.59128760984968,9993.251997314754,16.69092031319936,1044.4166666666667,6.8937743703524275,29.851499875386555,441.625,52.870483669796904,22354.799498746866,40814.5313283208,63369.20551378446,838.73869824836,0.4534103809680995,0.3941350013053485,0.04722587682467234,0.08388061584650554,0.34097404843558066
1340,1.1766757142126998,0.10956588704970027,0.03208783695637783,0.08086954376648316,79.08209440307269,1.0579107000084398,G01340,111.84025287288041,42.59150500572618,10000,17.38528699874878,1057.65,6.559484529495239,31.3652624130249,325.3,31.732599873581776,22829.203349282296,41704.22009569378,73350.42105263157,824.7475913742617,0.5884503981237933,0.2872844981609323,0.028807576706725367,0.0872498736392298,0.33279865070254533
1341,1.5692836723842791,0.13071132775910962,0.0331466337195182,0.08476170434884467,76.14989558920111,1.0905199614064416,G01341,112.73856815699993,42.59150500572618,10000,17.482139587402344,1127.6,6.532758402824402,32.04017477035522,358.35,92.73066545533615,23425.425837320574,41871.382775119615,84527.61722488038,915.4675673246694,0.5695130025918468,0.30644712267043034,0.029540939894382476,0.09322222674174431,0.36041053740101914
1342,1.4414346957662738,0.13769666416089246,0.0303225662756062,0.0824950634029403,77.66829709340251,1.125016103621179,G01342,113.63688344111945,42.59150500572618,10000,16.968401511510212,1219.7083333333333,6.863148470719655,31.841270605723064,482.125,66.06802324613757,23521.63157894737,42094.754385964916,59179.20050125313,858.4783878582743,0.6653148546979437,0.22886832939989205,0.024097361619525578,0.09199856986303417,0.35919498055887644
1344,-2.2934072764900315,0.027486499362163786,0.004574315443129636,0.04336452160949338,87.68794898424639,1.27140896060708,G01344,115.43351400935852,42.59150500572618,10000,13.189406633377075,1421.75,7.422019978364308,27.629791657129925,1133.375,255.77007550090596,25190.35588972431,44740.538847117794,61888.50626566416,530.4678245718185,0.8246532809757667,0.09780394938021346,0.017345814481423343,0.06263423759761544,0.2457557802649079
1345,-1.0195947249610011,0.05832811674858298,0.004723796289064365,0.04407009942224883,89.07609407467135,1.18918002516917,G01345,116.33182929347802,42.59150500572618,10000,12.652447271347047,1415.35,7.672367739677429,26.9695125579834,1177.1,228.71193097086353,24646.796650717704,43778.85167464115,54716.9019138756,517.7303323605709,0.8068303265990872,0.10897367589825231,0.00945686978793884,0.05769226488963055,0.17660164099419934
1346,-0.15389258587923585,0.06579274749898328,0.006878763082829281,0.04513646630321904,81.3516005641453,1.2465478534421897,G01346,117.23014457759756,42.59150500572618,9999.999999999969,13.81641354560852,1294.5,7.771418762207031,28.353237438201905,836.7,369.4092153981173,25447.791979949874,44848.215538847115,83451.29824561403,646.0592810867344,0.8488007765795296,0.0758448625811972,0.016033233762745337,0.07325105880761926,0.2585606844154582
1348,0.6606855624099384,0.032533594732077786,0.022685298455704894,0.0709326102997247,76.75054499805901,1.3057828545840138,G01348,119.0267751458366,42.591505005726184,9999.99999999999,16.67128438949585,1109.8,7.88801863193512,31.7725622177124,30.3,4.5084715580198225,30493.956310679612,53606.155339805824,293300.32524271845,761.2821370349336,0.05973819196435421,0.7840143267618862,0.04974769021881785,0.09016533777342157,0.3234456998230284
1349,-0.31099146688908363,0.020453186158729517,0.0149905260603609,0.05949672870435753,78.64060977122062,1.4100253627617607,G01349,119.92509042995609,42.591505005726155,9999.999999999996,16.932870467503864,1208.1666666666667,7.966056366761525,32.230551640192665,26.25,1.9167454300136626,32589.979643765902,55673.54961832061,379559.7328244275,633.7602153068436,0.051784162464011324,0.7082903324688726,0.05351725456604205,0.08589002262608683,0.30243737459403575
1350,-3.216486909264292,0.006968779541071114,8.993939895525941e-4,0.04375963648181682,79.42688095667498,1.4459857527828708,G01350,120.82340571407559,42.59150500572615,9999.999999999669,17.034582805633544,1310.15,8.170805215835571,32.76847457885742,34.25,16.237950998558254,30655.85089974293,52273.3264781491,275573.4473007712,490.99393990100003,0.19153810238981414,0.37064904417355005,0.13269497209971756,0.0873727672882155,0.24583693895936368
1351,-2.236859095209931,0.011979227550586606,0.008252424907035639,0.05035584484894994,83.98899503086822,1.37744341458922,G01351,121.7217209981952,42.59150500572618,9999.999999999893,16.74184913635254,1408.85,8.44083342552185,32.69345045089722,119.65,106.8300544150184,27217.99240506329,47964.09620253165,148269.23544303796,694.844152943127,0.47816056340684254,0.3162758761376027,0.050897252183755785,0.07109238761738401,0.26591535300839003
1352,-1.5377690006510514,0.016023342542257034,0.00916652059487786,0.05407723338869357,82.74544506854406,1.297945569414405,G01352,122.62003628231469,42.59150500572618,10000,16.565942883491516,1477.125,8.020913283030191,32.30747922261556,117.29166666666667,132.5733526791101,28716.145077720208,50277.18393782384,198255.83937823834,665.3632432122675,0.4259020010564683,0.357924163877136,0.03577684195253131,0.07415932791647817,0.27442492103206056
1353,-2.192816224954308,0.009093490806113297,0.0058549370579327395,0.049169773387651335,83.8074328140382,1.353233220078173,G01353,123.51835156643419,42.59150500572618,10000,16.10543909072876,1547.1,7.537282276153564,31.28911237716675,161.9,148.29270486369003,29300.018134715025,50275.22538860104,199572.12953367876,605.0005868152425,0.5802494325570341,0.2368020508633287,0.03935355439772945,0.07113211651166942,0.2670346884638764
1354,-1.6272271561587308,0.05628578986704602,0.008254834786529955,0.05063203963477444,85.03543593117008,1.1962162013363544,G01354,124.41666685055372,42.59150500572618,10000,14.987045907974244,1558.95,7.558920955657959,29.960975170135498,356.6,152.702462669281,26810.340527577937,47329.91127098321,103091.0479616307,601.6869596605632,0.8440255351001211,0.09012271125051642,0.016273831776537545,0.07216378154068842,0.2585398222870914
1355,-1.4195847516625175,0.06479526237039504,0.010657535762118187,0.05248187211007502,85.03019028528446,1.1866612973697441,G01355,125.31498213467329,42.59150500572617,9999.999999999995,14.558682282765707,1462.0416666666667,7.80965797106425,29.750083367029827,405.125,179.06333892739207,26370.724310776943,46778.84210526316,98204.22807017544,590.3127334187482,0.8910372163124486,0.04083318398364265,0.015086310237488252,0.07102055920998265,0.2613034128900243
1356,-3.7571055498795936,0.010375271203195329,-2.701035248018108e-5,0.03158855868207297,79.16109585918672,1.4316171981559493,G01356,126.21329741879276,42.59150500572618,10000,15.781009272525186,1327.4736842105262,7.88015237607454,31.375749989559775,134.8421052631579,155.00260326053836,29270.4,51217.43373493976,209432.6048192771,500.67587770671656,0.5504727965776005,0.16864613456458294,0.16219182783224484,0.08814860331462661,0.18783397589191392
1357,-3.7252862019811888,0.007785085462268935,-0.003026589125216551,0.025180046685448754,72.87418791510119,1.4719791715916903,G01357,127.11161270291227,42.59150500572618,10000,16.430117819044327,1202.2777777777778,7.697482268015544,31.90446949005127,13.38888888888889,13.342276412564727,31090.104166666668,54102.00347222222,292514.6458333333,495.03118879895675,0.13341078596328007,0.4221534916952784,0.27703223093224244,0.12698514589651982,0.22396529328052228
1358,-3.1092815809819503,0.003409022614770345,-0.0029739543758866907,0.024924782019605563,74.64436495186531,1.48903578536465,G01358,128.0099279870318,42.59150500572618,10000,16.33646583557129,1223.3333333333333,6.719883441925049,30.57491683959961,64.33333333333333,8.082903768654761,32385.921875,54383.34375,345906.609375,477.46205211894267,0.35276235739049033,0.19186735451893888,0.2135050514177718,0.10829503749841121,0.21861305838418413
1359,-2.305264744663207,0.009876969441925957,0.0021921471745645037,0.03909193737695369,77.45689690931525,1.4471914273640814,G01359,128.8937674453087,42.60165678720912,9628.733835790594,16.585166931152344,1140,6.137002468109131,30.306716918945312,34,NA,35091.833333333336,56493.833333333336,511764.5,410.50640522077015,0.3737744401025396,0.05497174875179985,0.11394013439570651,0.07815128072303638,0.21806373579769872
1360,2.693721817454722,0.04372143409306518,0.03165168528691435,0.09117762653473911,66.77642863833651,1.2885922336958018,G01360,129.58599097017577,42.68677562277046,3502.1447733604286,-3.15136456489563,386,11.007896423339844,10.111249923706055,5112,NA,26182.6,43794,110392.4,22.40793638380747,0,0,0,0.11269016487992611,0.48246828021318716
1361,1.0616828103496063,0.04815801299135472,0.024092356920183276,0.08370054566121436,65.79200095076888,1.3261150321109005,G01361,130.48234378358893,42.77421233740516,1925.542398182844,-0.6992448091506958,337.6,13.888910388946533,14.6621750831604,4947.1,287.6291787083578,25843.123529411765,43790.3,108938.42941176471,52.55746838304253,1.3630167761079624e-7,0,4.593366666391567e-5,0.10484822593006062,0.4699704226277564
1377,4.251671820616946,-0.013411896620047556,-0.010603954422316353,0.004622373016957468,77.76935622172694,1.3570041381525448,G01377,80.4252834827464,41.90783570222138,9280.005626670036,-0.7374466645717621,650.76,11.731856536865234,12.098420028686524,4615.72,437.0225509055569,31286.901515151516,51124.6994949495,262164.702020202,77.51214525049738,0.08623215113709012,3.0867809307532674e-4,6.607762030316885e-4,0.0535108107919746,0.10713198949230782
1379,4.601684427021314,5.21614567305208e-4,-0.006664692887022884,0.007570473150615064,73.47092762439499,1.3140481522315868,G01379,82.19584849693621,41.92666139845996,10000,1.5984125053882599,606.4,12.256373291015626,14.05990005493164,4157.52,421.1945433328088,32468.39417989418,54642.86772486773,223482.1349206349,108.19411848236635,0.34678255502453065,9.724980281169894e-4,8.032210413632767e-4,0.05847607895478851,0.1126564332503057
1380,6.233967243732106,0.028234916426667884,0.01439959866948596,0.02858138341157372,73.98432519080998,1.1821213369641839,G01380,83.09416378105573,41.92666139845996,10000,0.9755729297796886,638.3333333333334,13.40405559539795,13.558658409118653,4337.9,189.06910796374666,29675.26767676768,51266.7095959596,137240.16919191918,108.34572056194972,0.17270329095155176,6.23632931563077e-4,9.28902368124215e-4,0.06864339357692789,0.1545658166833948
1381,4.9582165644259,0.015130511913854014,0.0012612877446153987,0.017750246144856024,74.93234945478807,1.2441556347752916,G01381,83.99247906517525,41.92666139845996,10000,2.6466804379224778,725.88,12.584540939331054,14.747500076293946,4068.44,295.5213021086636,31671.208994708995,53800.11111111111,190107.97619047618,123.390920525142,0.47246564248675205,9.358353053650991e-4,7.616036281404096e-4,0.06467249378185348,0.1186375195622014
1382,3.3790969030211016,-0.014607334225861626,-0.024961496213393886,-0.006828063339646347,75.13301979318354,1.4595109379561368,G01382,84.89079434929477,41.92666139845996,10000,3.9992849963903425,836.4,11.335748329162598,15.974689998626708,3648.6,964.537367515294,32467.862944162436,53632.743654822334,248404.73604060913,334.9225641368385,0.46111784886536555,0.0038143124598995362,0.0017884357821529922,0.055660367941160305,0.12693131698758364
1383,2.132350216286657,0.09437577222498583,-0.0018393343655228515,0.032457907139228706,77.27243192852978,1.2430340046728834,G01383,85.7891096334143,41.92666139845996,10000,12.597821871439615,1135.1,8.45374657313029,24.92219181060791,1654.0333333333333,491.23801965444716,28769.359788359787,50136.27248677249,130647.53968253969,574.6190143527394,0.8448225470705061,0.03203053591297428,0.007030644212704739,0.07151473391077061,0.1669903577276846
1384,-1.5073402146025774,0.009957129120967828,0.003064741673437211,0.05021947524977185,83.01326342854725,1.357905725399169,G01384,86.68742491753382,41.92666139845996,10000,16.844337005615234,1431.2,6.886795883178711,29.503649978637696,540.12,212.7908441012755,24558.616161616163,43301.333333333336,100384.75505050505,740.5454208828965,0.6312616727430863,0.23563223996929536,0.03938769708243801,0.07191289767888004,0.2762301866296296
1385,-0.16143615406340225,0.03487232135023785,0.018706726706650943,0.06960576970450438,79.56747916805496,1.245923193288579,G01385,87.58574020165334,41.92666139845996,10000,17.26035582224528,1163.7666666666667,6.560845136642456,30.43336664835612,404.46666666666664,80.01324602982861,21995.150793650795,39782.07142857143,57069.322751322754,819.0448177551544,0.4262668421064014,0.43207466692419705,0.04024966200488483,0.0828031425502197,0.3210015242589105
1386,1.1895070680435322,0.11400145301745715,0.034867184136289656,0.0819042968025314,78.65931963609705,1.0612853418552701,G01386,88.48405548577286,41.92666139845996,10000,17.449478530883788,1082.96,6.2476432991027835,31.37058006286621,372.44,38.58116984575074,22239.56313131313,40557.63888888889,57867.51262626263,899.4905332269359,0.5152963552672046,0.36945391044570647,0.03216114069188474,0.0893797477343311,0.34065238238120565
1393,-0.11555885013404414,0.03247581799050441,0.020549174150702947,0.06931266057685706,77.13462529933702,1.256167932918955,G01393,94.7722624746095,41.92666139845996,10000,16.885755729675292,1216.2333333333333,7.504642343521118,32.01907513936361,68.26666666666667,45.20675364049761,28954.27088607595,50555.39493670886,251877.20506329113,742.8818156055215,0.25684784283889,0.5821013001699041,0.04155526010175986,0.08686499312746551,0.32914492197530926
1400,-2.389656914286003,0.0133923699330532,6.157832619027859e-4,0.0430253062698041,86.72922827098832,1.2904421225710114,G01400,101.06046946344617,41.92666139845996,10000,15.612256240844726,1695.44,7.688099193572998,30.502609939575194,355.52,147.22293752446774,25324.60606060606,44719.833333333336,74386.92676767676,612.058151153527,0.8979984986772018,0.044867150551954824,0.023039282174144964,0.06952296424616103,0.24559569965415534
1401,-2.3098060236178695,0.007640591436938465,-1.65301290421457e-4,0.04259115662988321,85.00238078881426,1.3051049956579726,G01401,101.94256955315814,41.91035170672058,9466.669587521019,15.571799341837565,1572.4666666666667,7.738438892364502,30.64839153289795,334.1,145.51439080391495,26976.543715846994,46865.30601092896,113591.7131147541,561.078373627973,0.8299579492604973,0.039965514201372815,0.024097892007580755,0.06968273979607627,0.2613514393220914
1410,0.7156467303719997,0.03386385585653783,0.017690007418089192,0.07471008757950028,67.11245568843077,1.3846902082881125,G01410,110.04362230464137,41.92666139845996,10000,0.595424154996872,333.48,14.54586326599121,14.67917995452881,4794.32,351.12577518604354,26690.136363636364,44876.433014354065,132566.22488038277,37.89209958990796,4.736842213240071e-6,0.0063970760316745985,0.0016936549753282044,0.09719725280993595,0.43403268866618594
1412,3.473323850786302,0.04264362793933454,0.027511893831597696,0.08452645795499,58.64975055765494,1.317827946002755,G01412,111.84025287288041,41.92666139845996,10000,0.501679168343544,252.64,14.92769172668457,14.708069953918457,4695.2,259.1003666535422,29224.57177033493,49724.94976076555,205171.23684210525,45.84225028128689,1.9424951250058306e-5,0.023137056543020475,0.0018200584802651252,0.120893717996374,0.486059599798599
1413,3.8112010806416334,0.05008923861416613,0.03143079466289548,0.07820235074571077,58.36525046582379,1.2824991345096624,G01413,112.73856815699993,41.92666139845996,10000,-1.2388591742515564,268.88,14.218354835510254,12.656129989624024,4994.2,282.1732623761507,30262.018372703413,50887.56167979003,181348.5223097113,43.03729905971536,9.161793445811114e-7,0.0012980896716657277,0.0013842105267729522,0.11667336490379027,0.44580520188479367
1414,4.242101639124371,0.05382117419593153,0.03315501712299918,0.08416734345134667,58.78018148610537,1.254811205030938,G01414,113.63688344111945,41.92666139845996,10000,0.024451380036771296,316.26666666666665,14.494070911407471,13.889283370971679,4801.366666666667,249.58731225120727,29959.806701030928,51414.721649484534,181885.6649484536,56.69618841537249,2.378750611667531e-5,0.0025519724504283075,8.586915899204975e-4,0.11908945264320478,0.4612553167080772
1415,4.960055973935519,0.04450662756173066,0.027881101337855266,0.07631479803802892,57.605394613651136,1.2585767758041222,G01415,114.53519872523898,41.92666139845996,10000,0.5128095689415931,317.76,14.853054084777831,14.189729919433594,4704.52,250.82067299168145,30858.532530120483,52647.8578313253,203098.421686747,62.78057462098577,0.00480511695395319,0.006715692011740034,0.0014384795337929945,0.11619578659880198,0.4090083478456232
1416,4.757170853842358,0.01438347498640811,-9.661466299433312e-4,0.018459611843942937,61.6829069517174,1.3310942756792923,G01416,115.43351400935852,41.92666139845998,9999.999999999847,1.8972593834002813,398.6666666666667,12.747710418701171,14.224208418528239,4317.3,449.2706848614341,34572.303258145366,56477.734335839596,318440.365914787,101.46520833868355,0.17445081868232135,0.0013407212498892924,0.002017017549130356,0.07744596025314124,0.16673490039688882
1417,3.608893566504293,-1.8456511017892857e-4,-0.02099026464259926,-0.007005962098550875,72.37863152868509,1.4352454219782678,G01417,116.33182929347805,41.92666139845998,9999.99999999991,5.414266203641891,731.48,10.828672561645508,16.908180046081544,3512.48,839.0984308569923,34050.92344497608,56190.34449760766,403312.65311004786,264.7131175161565,0.5606069883637743,0.0010103411322253525,4.3273879203405987e-4,0.05971563767337627,0.1296565010529289
1418,1.2448988937594794,0.07091258686321285,-0.006334925757790831,0.01201043256840587,82.2231558834703,1.3124366672350884,G01418,117.23014457759756,41.926661398459956,9999.99999999996,13.493785705566406,1454.84,9.86259334564209,23.9985099029541,1991.72,783.9255130431718,32332.86215538847,54747.874686716794,246816.5037593985,583.2082341725413,0.8881563158168416,0.0010374463962593667,3.041617969840097e-4,0.06827827887681692,0.20025432388642433
1419,0.4800696334941456,0.0179074582480275,-0.010698905959509127,0.01284980085222095,84.74692430032295,1.3380409448542796,G01419,118.12845986171709,41.926661398459984,9999.999999999978,9.990781545639038,1306.7333333333333,10.099166011810302,20.904725074768066,2603.7,683.7121873803434,31588.54066985646,53945.916267942586,212686.74880382774,344.9561079495914,0.8236847615975063,1.301426465579962e-4,2.1469749217846996e-4,0.06162492916445711,0.19117425408319272
1420,3.5873304159162602,0.03209816789103502,0.004683841147223464,0.013604261415235599,75.5399633570952,1.2235132698383557,G01420,119.0267751458367,41.92666139845996,9999.999999999753,3.438691670894623,959.2,10.135631675720214,14.79507007598877,3727.6,385.1944314239239,36265.52151898734,58413.64050632912,632909.6582278481,168.63292818704613,0.3745504289080109,6.188206661478233e-4,1.0310916316769945e-4,0.0701204620497333,0.1465370973074978
1421,3.811005919123928,-2.6795433867995974e-5,-0.01005092009501391,-4.295455671911166e-4,76.8698516321361,1.3411020219802265,G01421,119.9250904299562,41.92666139845998,9999.999999999924,1.059893082017484,822.304347826087,10.446570562279742,12.789760796920113,4146.217391304348,518.6974907945109,35159.66336633663,56913.9702970297,443147.2846534653,142.09766810909275,0.2909884308788961,4.7773062496642653e-4,6.860563808666024e-4,0.055983167043896595,0.12315397568796865
1422,4.827118727988783,-0.004164572669156301,-0.009883613465430102,0.0012615413586131072,74.70242630458796,1.3216898998468427,G01422,120.82340571407566,41.92666139845996,9999.999999999918,1.8739336838945746,715.6,10.443386840820313,13.437125078837077,4018,428.7307651259905,34287.65071770335,55616.35167464115,310668.2631578947,117.00073933379205,0.39679280702462477,8.137914256219578e-4,0.001073840156664429,0.05797260467277856,0.09784160030002961
1423,5.122175470237854,0.010644123343138811,-0.0038318196251784886,0.010403392091760671,73.38494554574783,1.2681252456656822,G01423,121.72172099819515,41.92666139845996,10000,3.5958091294765473,635.12,11.00699993133545,15.454199981689452,3791.32,344.1261541934876,31761.458646616542,53607.02255639098,178319.86215538846,131.69448847958418,0.5004909843287491,0.0018182261229935691,0.0012325633545651816,0.059862301464423895,0.10037356680045446
1424,4.711306609777097,-0.008046032747069986,-0.008028497569460119,0.007698026836387274,76.91283022381633,1.3128023546050773,G01424,122.62003628231469,41.92666139845996,10000,2.569418425299227,674.7,12.31613270441691,14.552191638946534,4081.866666666667,342.1956219447597,31057.191387559807,52949.961722488035,174783.75119617226,102.56379600554506,0.40232181010501944,0.0026492474180750116,0.001806099362131759,0.05479731246286411,0.09697865956279725
1425,3.4641064122465184,0.003658351822054931,-0.0036982736482447692,0.01526821657819964,80.32375296553325,1.284912876884108,G01425,123.51835156643419,41.92666139845996,10000,4.502693352699279,778.32,12.089796676635743,15.760679931640626,3806.2,321.1565039042492,30551.501253132832,52424.12781954887,158654.90476190476,118.6552425219833,0.6530771832571176,8.703118941989921e-4,7.891812858187192e-4,0.060616547210463244,0.14310212975964343
1426,2.2044284787458683,0.008435244542597963,-0.012252779026158405,0.010331867965460352,79.05614582096932,1.3553847958731475,G01426,124.41666685055372,41.92666139845996,10000,7.026251664161682,889.2,11.178411712646485,17.98877998352051,3254.44,637.9506955870492,32460.674641148325,54357.91866028708,197901.38755980862,256.14444110494503,0.5853661500629338,0.02711064329119857,0.0023959454298739346,0.05473538733623804,0.15651871961107697
1427,1.8190325196154205,0.07914436262273285,0.0022264858534930447,0.028118538494401355,81.23276184136486,1.1892161818216462,G01427,125.3149821346733,41.92666139845998,9999.999999999993,9.119022258122762,954.7,9.462241586049398,20.55029157002767,2508.4666666666667,438.1076653481215,28980.478696741855,50370.784461152885,112300.82706766918,397.43849102992124,0.6315428655036863,0.05180502924157298,0.002731939575245399,0.06285931907944728,0.13242026793512254
1428,2.2614243988454277,0.1062540665012536,0.005106923891108572,0.04626091829508155,79.46843496493302,1.1940134902276272,G01428,126.21241742183055,41.92729743213694,9979.82255059613,13.96634132385254,1093.92,7.423197498321533,26.698060073852538,1121.76,420.795603589201,25467.81100478469,45276.49282296651,80661.24401913876,616.2017477774082,0.8841127291243541,0.04504420083183958,0.007331803147500364,0.07005182175421173,0.17635115954489106
1429,0.05514258552607931,0.06359807514905481,0.01832012887911893,0.06921079580636255,79.17124076287912,1.1601580116956536,G01429,127.1314378326078,41.95053035244625,9192.419659740119,17.368060143788657,1137.8666666666666,6.4881103992462155,30.44264170328776,443.8,144.09776374823232,23465.779448621553,41868.436090225565,75593.12280701754,729.453315807094,0.5584114312319557,0.32414638466818,0.02763982294284746,0.08065474715143324,0.304402223282254
1430,-0.26856763955140556,0.04243251134879035,0.014950203957196428,0.06480758232251871,80.05695889731993,1.202629902897169,G01430,127.92669354099488,41.961172216350825,7623.221789386136,17.48948673248291,1099.96,6.173451709747314,31.16465003967285,421.36,152.0194285828843,23161.141148325358,41443.318181818184,82882.3038277512,691.6446381880942,0.5425264033541733,0.3479968909125421,0.029305623810565347,0.07758722455594239,0.28682211692201637
1431,0.42828537403387634,0.09676027269570578,0.01733615977227655,0.06381154535852887,80.58448498999948,1.1627608066490438,G01431,128.75771641227084,42.14630382251301,2456.9898699032406,15.811819038391114,1093.64,6.599576606750488,29.96801010131836,763.48,294.5592922768974,24121.576555023923,43074.68660287081,61573.6985645933,628.3448834168332,0.8047007016381013,0.10808263164402371,0.014092095529718563,0.07745259155901729,0.27608692482027475
1447,-2.6642590998545694,0.004777866617988493,0.001683691736246088,0.0438198270897816,85.65392977978283,1.3780473114539522,G01447,78.64059998735392,41.20882902995585,8446.74170789545,15.41367301940918,1529.4333333333334,7.148416105906168,29.526416905721028,373.2,184.31333890023183,26895.83971291866,47618.57177033493,121622.93062200958,612.3527676737076,0.8089495906348296,0.06922197861159647,0.043111159878843175,0.06624540893373354,0.25491909919845923
1448,-3.3581780256508433,0.004503072680847341,-0.0020790395274088787,0.03770464975019028,78.60085985919736,1.438514955328197,G01448,79.50090264457765,41.25481646431225,10000,16.732394814491272,1375.875,6.5819589495658875,30.24006199836731,87.625,69.62129702899824,29922.094488188977,51358.17322834646,242774.29921259842,595.8972626849917,0.5047817070344862,0.18269172738392875,0.16318362969107644,0.0926256681120195,0.1980642632135579
1449,4.754214535931751,0.005216171525345677,-0.00813266743356178,0.01775971106220877,67.0570978417494,1.3110252635343935,G01449,80.39921792869717,41.25481646431225,10000,2.2220868269602456,541.6666666666666,10.63203493754069,12.517166455586752,4285.666666666667,423.62286686784665,32081.285714285714,50499.42857142857,645237,167.5333335456341,0.3263155349678766,0.0013689320455774331,0.0038699029345241674,0.06009147896864739,0.11433471080692408
1450,4.554776391971082,0.04158583281468835,0.029824259706465676,0.07043319531155706,65.16110831054685,1.2223984062585058,G01450,81.29753321281669,41.25481646431225,10000,-0.8820660014947256,439.3333333333333,11.9480349222819,10.92508316040039,4887.666666666667,169.80086375909084,29659.48598130841,48218.57943925234,217677.2710280374,47.65057067863683,0.04997025105474974,8.288702904271102e-5,0.0012186610913258503,0.10343656850338992,0.3678864412708926
1452,1.643334426809113,0.009846880570739607,-2.069716715358675e-4,0.03279056653346829,74.19887300000094,1.378245494638551,G01452,83.09416378105573,41.25481646431225,10000,-0.5148720507110868,485.14285714285717,12.524562631334577,11.5227678162711,4794.285714285715,471.99436577006014,28027.039426523297,46010.18637992832,194084.4265232975,68.41771826604929,0.04867736941084976,7.918511965069713e-5,0.001006273990039598,0.06338574983098878,0.21969121984717985
1453,-0.47078098319740325,0.034271000791315946,0.013574543863417684,0.07049924782618368,67.76471384577773,1.4422983752576175,G01453,83.99247906517525,41.25481646431225,10000,-1.4860232048309767,298.6923076923077,14.277886170607347,12.084884515175453,4964.923076923077,411.81599077307607,23752.88888888889,39754.086956521736,110976.7922705314,33.773849480315356,0.0013321703220541927,2.254736449879686e-5,0.0010124742060843852,0.0951941684523819,0.4402892832575779
1454,3.3675398317259346,0.062694487002757,0.042345007403092105,0.10694557045699642,58.29323665763568,1.2636041637613564,G01454,84.89079434929477,41.25481646431225,10000,-0.6869176101278175,278.1818181818182,14.093077659606934,12.622772650285201,4749.454545454545,172.470498135979,26777.86220472441,44802.47244094488,122120.46062992126,57.215948288119925,0.0013789129103647995,2.529469556064246e-5,0.001549672565163829,0.13524344289678675,0.5488726765478933
1455,2.8525331910808256,0.05190600213868898,0.03526379191884692,0.10182596031475383,60.310370067131146,1.3054070845295362,G01455,85.7891096334143,41.25481646431225,10000,-5.868472862243652,277.8,12.182220840454102,7.414549922943115,5590.6,167.63740632686964,26047.738095238095,42878.38888888889,146217.6984126984,32.65905353420875,6.210835548386379e-5,1.511096623755065e-4,5.130221961996727e-4,0.13260246929406944,0.5532901637308895
1456,4.024296936863194,0.015930642232059193,0.0014642531886955457,0.03144160560592182,62.75537173710392,1.345599404635744,G01456,86.68742491753382,41.25481646431225,10000,-0.63498869833226,386.25,12.764397621154785,11.522208452224731,4748.666666666667,413.87291271450454,31926.86046511628,51706.53488372093,291759.2744186047,93.18855004365182,0.08039622282520588,3.2808088333567497e-4,0.0017967760445087844,0.07787270970003728,0.21942264254301086
1462,0.06899441360577613,0.004536206265684489,-0.01054917428256032,0.005837935058536122,83.86261374403779,1.3671772870203984,G01462,92.07731662225093,41.25481646431225,10000,8.713347673416138,1500.875,9.568174481391907,19.145406246185303,2761.875,620.1961527268151,34470.20111731844,56950.82122905028,347849.0502793296,276.2362789786661,0.7126199225301146,1.0867787219460962e-4,6.71740123141784e-5,0.06490470675533362,0.23161059688367086
1465,3.938888814212875,0.027178664623284058,-0.001113360914862031,0.01817258665776925,74.67631383858141,1.2330937559291975,G01465,94.7722624746095,41.25481646431225,10000,5.528340113162995,751.55,9.964219903945922,16.65308756828308,3394.25,337.21988375539183,31577.38345864662,53738.05513784461,192588.62656641603,203.7334687886931,0.7258726021446406,0.006759483435418542,0.002848654970619226,0.057514721984308785,0.1178080762056312
1466,3.2545288956153806,-0.0020706435122941048,-0.009549418218753766,0.0061993032534873,80.84960914237311,1.3285476198117891,G01466,95.67057775872902,41.25481646431225,10000,5.87428035090367,725.4166666666666,11.176123261451721,16.97530202070872,3488.0833333333335,475.98364208891877,29579.633971291867,51389.416267942586,159834.57894736843,149.0586119265458,0.718631126530011,0.005348480080870066,0.001728696510650771,0.04649944542669826,0.07912401703638558
1468,-0.014586125155949302,-6.049487685403824e-4,-0.009068336961511901,0.023230267337381663,82.13456598909326,1.3532460285435202,G01468,97.46720832696808,41.25481646431225,10000,11.93033699989319,905.25,10.86134901046753,22.094400119781493,2492.55,467.8413445648113,28931.395683453236,50397.60431654676,132892.26378896882,314.2761177685355,0.5949173487644746,0.094531140486492,0.01234244642016305,0.05674379727404644,0.18368986076124857
1471,1.6903157756372815,0.10217346725803672,0.01234946228180888,0.05726842127908338,82.06901189230379,1.134539119736431,G01471,100.16215417932663,41.25481646431225,10000,14.74991281827291,1008.625,7.38550607363383,27.867093722025555,1035.5416666666667,299.65849826045337,24072.91478696742,43090.448621553885,55958.260651629076,548.1205563405462,0.7609524936823424,0.15503401867400624,0.00785189376404945,0.06551205409731889,0.1869535924493619
1476,-1.5459572540781714,0.03478690493134434,0.007999973930540239,0.05043293041186678,84.77729696360377,1.2421378352062242,G01476,104.65301825389886,41.25414743364127,9979.634263328453,15.720223069190979,1278.875,7.741343796253204,30.420229355494182,647.75,215.9175063889387,25004.01754385965,44496.814536340855,62845.03258145363,566.7721332793182,0.7393107626216089,0.09943969510036414,0.02038704379464297,0.06788060198393699,0.2583267290900041
1477,-0.06839499922028101,0.1211869952899054,0.029638019515636684,0.06770651254428435,82.86994474840436,1.0983677631014195,G01477,105.55204588404376,41.25481646431225,10000,16.86147985458374,1342.5,7.85557188987732,32.01375036239624,311.05,81.45032389842224,25418.13157894737,44869.17224880383,78382.07655502393,618.2252681300962,0.8580794445406028,0.06071820663083842,0.012004093557677505,0.07502435753674376,0.29396203434694856
1479,-1.8871330575094096,0.009484248449159354,0.005556519389503791,0.050984420602238636,84.02672456007521,1.3603838928178282,G01479,107.34867645228282,41.25481646431225,10000,16.67936595280965,1411.9166666666667,7.760445435841878,32.43627111117045,326.2083333333333,131.0472796083674,26546.184210526317,47156.34449760766,94697.67224880382,701.7082284583574,0.6822924661406972,0.148224678349862,0.04577448347834497,0.07022496224860109,0.2689944613784873
1480,-3.4479371500486,0.007961684081763893,0.0013591891203916144,0.046645583947904856,82.31851171946228,1.419775324905658,G01480,108.24699173640234,41.25481646431225,10000,17.556287384033205,1398.35,7.596418786048889,33.32257480621338,80.85,25.140185905605808,26790.61004784689,47840.196172248805,130901.12918660288,626.6235759087981,0.48603893743463744,0.25347132545510914,0.11795884014825408,0.08519877330860312,0.21909528300722153
1481,-3.052026925258083,0.008273511904890368,0.0052837619592506395,0.043816185925721826,85.92657778616659,1.3843631767006028,G01481,109.14530702052186,41.25481646431225,10000,16.96244223912557,1482.0833333333333,7.896289070447286,32.4185516834259,188.125,83.66460604310419,25477.2656641604,45621.746867167916,103052.19298245614,657.4695173153059,0.6841264240199395,0.16775938025350748,0.066759193347389,0.06840205983607574,0.23427679646398897
1482,-2.39244877373858,0.005037648174029863,0.004134791942680274,0.04867538157020187,85.76290058002796,1.3690751351800896,G01482,110.04362230464137,41.25481646431225,10000,17.204512310028075,1530.75,8.101083397865295,32.72497501373291,163.15,70.21341527237175,26108.641148325358,46598.638755980865,110790.71291866028,698.401706150193,0.6743794831521396,0.17896442503697968,0.05292516569585614,0.07022902972670933,0.2573267413864059
1483,-1.4748032438660625,0.009446603576819295,0.007564105429581005,0.05274695362527014,82.14846703598872,1.3272599809508974,G01483,110.9419375887609,41.25481646431225,10000,17.778446865081786,1584.1,7.880447912216186,33.38821220397949,82.25,66.55577399919243,30006.56140350877,52303.654135338344,210399.94987468672,727.9305203541226,0.3645437135259364,0.4447993761923396,0.04411110145243711,0.07806771463065075,0.25979219083132377
1484,-1.7457377653925161,0.005274057326638554,0.005670909362395267,0.05134523278242949,82.63239611537132,1.3619669080731651,G01484,111.84025287288041,41.25481646431225,10000,18.089656273523968,1684.5416666666667,8.19253126780192,33.58823935190836,75.25,31.400983091782887,29405.655502392343,51640.30861244019,194601.61483253588,725.7477091417559,0.4539946784707428,0.3751149026259666,0.04852929828936863,0.07959522947971526,0.25458427311863274
1485,-2.794279616202979,0.01356222663280119,-7.047261389194897e-5,0.039341035300443986,87.84860236033991,1.3209479147770822,G01485,112.73856815699993,41.25481646431225,10000,17.18075466156006,1838.45,8.287505292892456,31.880249881744383,354.6,270.29484875438874,26228.35588972431,46256.44110275689,113198.78446115289,641.3049969356227,0.738400691930043,0.15569160828127904,0.02235475632779095,0.06723919825650987,0.24904880573569046
1486,-2.419846115847031,0.02708801709838201,0.002264237541010817,0.0369232388722186,88.66538697924034,1.2924046065442452,G01486,113.6368834411194,41.254816464312206,9999.999999999602,16.30809540748596,1847.6,8.327588629722595,30.514862728118896,578.6,269.23857547965855,24988.25119617225,44442.12918660287,76983.13157894737,653.3323517184267,0.8149261877222854,0.09651590750326855,0.018052798812241824,0.06621231772966006,0.23375098841114017
1487,-1.0919056524363124,0.0672984843712914,0.002358603977421507,0.03905439812894052,89.97848442955909,1.208515195062048,G01487,114.53519872523898,41.25481646431225,9999.999999999958,15.471686244010925,1788.25,8.355971336364746,29.656260410944622,696.3333333333334,217.54173346073495,24508.872180451126,43970.30576441103,67296.91979949875,622.2177146224676,0.9092474075339255,0.023417748556453413,0.00827784601934523,0.06198502429102511,0.17669433346600014
1488,-1.7035039814921635,0.04881383104465416,0.005834435436229129,0.041516134688891274,86.8883994445521,1.2232638623388679,G01488,115.43351400935852,41.25481646431225,10000,15.647922372817993,1670.8,7.916007256507873,29.788062572479248,547.25,165.1270244706369,25477.155502392343,45134.26315789474,90774.3995215311,600.5344846949753,0.8712508090915325,0.02851693960875818,0.015114113051617695,0.0674958916627882,0.22601578940042066
1489,-3.856714816737376,0.004120351342069265,-8.43759308885279e-4,0.030655654522835387,83.08786595040803,1.397222504303933,G01489,116.33182929347802,41.25481646431225,10000,16.698692067464194,1543.3333333333333,6.9454750696818035,30.08781483968099,208.86666666666667,135.12632537564176,28902.05078125,50110.83984375,211015.26953125,561.3248228340054,0.6121598460683028,0.10915054580334696,0.12167520375163207,0.08025172113089818,0.17284638863213833
1490,-4.014723208779201,0.007191177156463523,-0.0013792923929292636,0.027631444205899997,79.55947165588209,1.4187519489022282,G01490,117.23014457759756,41.25481646431225,10000,17.00928497314453,1485,5.343809604644775,29.46000099182129,40,NA,30261.260869565216,52196.65217391304,231413.13043478262,527.2194457078343,0.42101688336190296,0.179956132817829,0.17622756153809763,0.09182878262693635,0.1771436242464562
1491,4.907671086648066,-8.631012950491755e-4,0.0072607584658452755,0.02990156335714149,84.10898627990451,1.262970124699416,G01491,118.12845986171706,41.25481646431225,10000,NA,NA,NA,NA,NA,NA,NA,NA,NA,0,0,0,0,0.06132329387809849,0.1879441737682459
1492,6.116828798176301,8.813733062496175e-4,0.010813605256328728,0.011275339763297546,71.53724816315754,1.2183866221426645,G01492,119.02677514583665,41.25481646431227,9999.99999999991,3.1203229427337646,602,11.474937438964844,13.796249866485596,3943,311.1269837220809,36043.833333333336,58187.416666666664,330830.3333333333,70.1326547835632,0.3382749222678021,5.596330287383545e-5,0.004917431218560824,0.06643513112230917,0.12024365284149258
1493,4.352058752049873,-0.0015125113010020222,-0.004065365144111759,0.022644065038169642,70.54480745135098,1.3280495417493727,G01493,119.9250904299561,41.25481646431225,10000,1.1782707870006561,526.5,11.770729541778564,11.91587495803833,4259,401.636651713959,32198.428571428572,54698.333333333336,207536.64285714287,73.82472116569097,0.3511508711176317,1.4705882100327537e-5,0.0017653594783548882,0.062334738740066065,0.14774553188992345
1494,1.2856785070696164,0.01238176790859825,-0.015335881881900573,0.00453058711503938,82.93399580490562,1.3921621125905925,G01494,120.82216989505226,41.25588716926287,9967.096521502193,11.974517583847046,1267.125,9.521384239196777,21.383828163146973,2465.625,1058.9094311287124,30439.01395348837,52040.2,137121.26511627907,533.4237114447449,0.848422558314202,0.006034835885644284,0.0013418544951341316,0.06166484638313584,0.16626127240106647
1495,1.5503043278054451,0.09195472294872105,-0.0032026332328349565,0.02001094172616474,84.01435663449192,1.2963417268131925,G01495,121.71997996611455,41.2651205477055,9652.613996065755,17.711252432603104,1845.4615384615386,8.994314120366024,26.58418266589825,1373.9615384615386,688.9395608190448,29851.768361581922,51265.16384180791,137399.66949152542,843.6930352452764,0.9607948000989506,0.014171679433575703,7.809095013869943e-4,0.0743893187880686,0.2674334183303294
1496,-0.21914459738826292,0.049040924544236815,-0.006585467211981763,0.014309259365887627,86.01858838516782,1.3313717781562375,G01496,122.62003628231469,41.25481646431225,10000,19.097539493015834,2297.5714285714284,9.12297773361206,27.78274999346052,1072.2857142857142,587.1058649879907,29197.590308370043,50248.87665198238,114776.50660792952,768.142562007199,0.9395870916923439,0.02347120214023151,0.005585525575467447,0.06787786541706542,0.23304041617935195
1497,0.39979997093639014,0.09065101714982195,0.005246937640832199,0.039000495498400574,85.62442021840995,1.2598100126683822,G01497,123.51835156643419,41.25481646431225,10000,22.285880088806152,2917,9.23061466217041,30.86412525177002,391,106.06601717798213,29248,51360.333333333336,117424.66666666667,1015.460710797991,0.9995999932289124,0,0,0.09033696482398368,0.33003445736231235
1498,2.5377112493612097,0.05294862704408043,0.009248627319506347,0.044777236696118314,76.39629163504374,1.1528949797393213,G01498,124.41666685055372,41.25481646431225,10000,8.397117018699646,1087.75,9.132421970367432,18.737563133239746,2875.5,216.30302818037475,33513.71111111111,56163.75555555556,222788.44444444444,213.50976232492414,0.8365682417588247,4.1098901371927014e-5,2.0505494561563195e-4,0.08014994450488674,0.21209720879329472
1499,1.7180265584796421,0.06405419055667154,0.012313606357808754,0.0388608211321346,80.61101714228381,1.1441660106868665,G01499,125.31498213467323,41.25481646431225,10000,9.499999980926514,930.4,9.956383361816407,19.82462989807129,2864.96,251.60575642593452,30201.542857142857,52284.18095238095,160157.14285714287,256.8812235067244,0.7951648146424724,0.028496431308619806,0.0025820119602586703,0.062299759418919166,0.16720489681607142
1500,1.5825817860697298,-0.008239890772995306,-0.0076983747278503555,0.02309288284038552,82.80341340307092,1.3514175997180835,G01500,126.0842883269079,41.320702301277144,6388.239945683091,9.550540248552958,790.8666666666667,10.934433364868164,20.016633478800454,2967.633333333333,382.9558796351434,29024.920454545456,50258.93636363636,129558.29090909091,179.68922666970744,0.7215783780344831,0.03839223127339618,0.008914622291654963,0.04877888397764593,0.13374702436109698
1502,1.2141845171652093,0.027724843655355002,-0.003095964490840436,0.021127271700672988,83.67259717004472,1.2322938169927005,G01502,127.89547759389878,41.4968853546392,2080.8408801781447,13.834032135009766,894.12,10.913152542114258,23.71880989074707,2218.8,381.3041218415208,28923.204545454544,50675.83863636364,125633.90909090909,283.48813122831433,0.6455492479353955,0.12460661649612768,0.0051464409798925624,0.05467119913016866,0.11782979277388156
1518,-1.317951827755871,0.07234685375992084,0.009660354782234138,0.044936215696480326,86.76867112311606,1.192703736205108,G01518,77.7042720763386,40.575989819444416,10000,17.380180168151856,1737.3666666666666,8.3089812596639,32.21651674906413,315.3,133.6230286780817,25036.175,44347.39318181818,68813.60454545454,654.617321096842,0.81293425932153,0.09766920323422892,0.01411111115013132,0.07053361500979607,0.23740021461521468
1520,-1.2584577964460368,0.0793659922797571,0.01189125510461401,0.04687569215087518,87.58534557943611,1.1739658512555613,G01520,79.50090264457765,40.575989819444416,10000,17.93533935546875,1743.04,8.742802619934082,32.15435974121094,366.32,94.53161728578786,24014.129545454547,42819.93636363636,62780.9,663.5730102983803,0.8587092873780777,0.06117099882406413,0.01361541082776703,0.0702601842804,0.2358889985599007
1521,-1.6503359975327347,0.047503985036068785,5.613798241378185e-4,0.03714709340813534,89.3630780178342,1.2452283033554397,G01521,80.39921792869717,40.575989819444416,10000,15.921764659881593,1782.4666666666667,8.217747163772582,29.50224183400472,722.0333333333333,235.52399150556326,24707.754761904762,44230.223809523806,68338.38333333333,593.2616066058695,0.8297310857863152,0.03164700040156206,0.010492785508437952,0.06157569331546023,0.18568805438380734
1522,-2.211814771617502,0.01582313160417345,0.0012138501281263147,0.04274271872148818,86.65291994361303,1.2928617861551253,G01522,81.29753321281669,40.575989819444416,10000,16.461523446169767,1689.3181818181818,7.659961462020874,29.931747783314098,488.59090909090907,193.20693546925253,25366.330827067668,44787.83458646617,99818.92731829574,643.3802526697592,0.8134936351295603,0.039928904551024456,0.023875181209240537,0.06966653226244103,0.25385053026570414
1523,-3.7786994553228412,0.001444432990060329,-0.002700841502298908,0.0367020708730564,81.44921592672927,1.4202623619297663,G01523,82.19584849693621,40.575989819444416,10000,17.423952484130858,1492.2,7.176174259185791,30.56847724914551,149.4,78.04357757048302,29374.604166666668,50734.416666666664,218661.45833333334,554.9032650348014,0.4899262705366485,0.1402328195925402,0.12619506920592136,0.08569536203666603,0.19156617259313632
1528,4.748901085829009,-0.021201630179482404,-0.0016230764313997293,0.018823964175485777,85.95115987209557,1.3281189686588426,G01528,86.68742491753382,40.575989819444416,10000,NA,NA,NA,NA,NA,NA,NA,NA,NA,0,NA,NA,NA,0.04914764072364503,0.13504787225117526
1529,4.748901085829009,-0.021201630179482404,-0.0016230764313997293,0.018823964175485777,85.95115987209557,1.3281189686588426,G01529,87.58574020165334,40.575989819444416,10000,NA,NA,NA,NA,NA,NA,NA,NA,NA,0,NA,NA,NA,0.04914764072364503,0.13504787225117526
1533,0.29125585263422854,0.017999846611187028,-9.541615888801416e-4,0.0262841941230942,79.47618038568788,1.2912343280071423,G01533,91.17900133813141,40.575989819444416,10000,13.505830574035645,829.5333333333333,11.347770849863688,23.521100171407063,2411.266666666667,386.83846163779896,28509.480861244017,49771.28468899521,129985.35885167464,333.96113448866,0.5994388337664257,0.17445822634945599,0.011746378506687843,0.06275475028286362,0.20887464276771522
1535,-0.14176647821771698,0.02109121947493172,0.007695576949184379,0.038351649808509615,81.7236446868883,1.2668611910710468,G01535,92.97563190637047,40.575989819444416,10000,17.32064292907715,813,11.485925788879394,27.687469787597657,1747.6,235.27094309894426,28621.373205741627,50325.77990430622,128449.83971291866,276.17297876136297,0.42733181891586963,0.23328303424507607,0.013464245770878566,0.061430140999222144,0.22318203614629367
1536,-0.26091537444468654,0.004278566707021048,-9.84378380257914e-4,0.024404518935696475,83.10574280631764,1.3532889914989923,G01536,93.87394719048999,40.575989819444416,10000,13.721880499521891,886.3333333333334,10.843044503529866,23.505266825358074,2212.3333333333335,383.6170264580363,29791.95739348371,51949.06516290727,154283.10776942357,238.96531961827483,0.3774706404880416,0.16915029917063126,0.012890123497163867,0.05874146000514672,0.22012553958334583
1537,-0.3069217831350635,0.04001387150560943,0.019109923227916128,0.059022842101099836,79.44847648102379,1.2088927839804782,G01537,94.7722624746095,40.575989819444416,10000,12.700582962036133,933.84,10.268059196472167,22.764709854125975,2187.44,145.19845040495437,28574.145933014355,50571.11483253589,125132.13875598086,315.7005098634887,0.4565861303186792,0.2834841051328504,0.013933198333615093,0.06983823132421847,0.28228809886451806
1538,-1.078566343281103,0.030952886700207793,0.007021809471971141,0.05114191685925313,82.0720668797097,1.2442010605524654,G01538,95.67057775872902,40.575989819444416,10000,12.90574696858724,1083.0666666666666,8.850993728637695,23.741708183288573,1880.5,237.40213954821252,26667.894736842107,47667.88471177945,90779.42355889724,501.191922904558,0.46464112160207843,0.23590277455053882,0.01983491045261149,0.06856212633958844,0.2509065288860243
1539,-0.1789436738248134,0.06239854125258433,0.01375598095610154,0.06325344874708207,79.49663474471838,1.1716623138371418,G01539,96.56889304284854,40.575989819444416,10000,14.03639633178711,1163.2,7.925154151916504,25.783699951171876,1482.28,168.70129420566596,25931.6004784689,46582.717703349284,85760.91148325359,635.3419041233618,0.4083889854904517,0.20803286078740152,0.022070351083407838,0.07882757421198364,0.28925843357522113
1540,-1.170561980639516,0.011635099174156952,0.007777780449923514,0.05751063511774922,81.28464049153268,1.4240413021200165,G01540,97.46720832696808,40.575989819444416,10000,14.585805397033692,1146.96,7.836177520751953,26.87376998901367,1273.08,68.93470340353495,27087.53827751196,48291,111789.21770334928,639.9756776535178,0.44593715281092444,0.2084482927941188,0.05026408178357444,0.07436681335105501,0.28427255404799384
1542,-1.263541920660907,0.058244222885996705,0.013259350170674235,0.05588621617705356,84.8085984675729,1.1757820539371222,G01542,99.26383889520712,40.575989819444416,10000,15.209958343505859,1214.52,7.749666690826416,28.83231994628906,872.52,168.03474839052387,25073.50956937799,44798.57177033493,63282.22009569378,525.622904969838,0.7939715760913254,0.05171090862223118,0.015393730729858873,0.06824596183077929,0.25933427400419984
1549,-0.9293482962392927,0.0854631842419348,0.014742843120638267,0.05634001370175958,83.96031929638929,1.1646575913525323,G01549,105.55204588404376,40.575989819444416,10000,17.542035598754882,1517.88,8.10662748336792,32.3085400390625,305.12,155.35907869620408,26045.543062200955,46006.224880382775,90466.64593301436,674.4907103182372,0.7811058740659782,0.11102208715322005,0.016645978004714693,0.07527097411194206,0.2784637306413347
1550,-1.2556754996276647,0.06929125239617252,0.011632326862692487,0.05391233037495192,84.36696025933378,1.1695188135352226,G01550,106.45036116816328,40.575989819444416,10000,17.83205665588379,1590.64,8.187491588592529,32.30688011169433,315.44,96.93343076565483,25983.74185463659,45624.61152882205,77895.99248120301,661.6443141270595,0.6982214699312941,0.10689454092125308,0.0180936246214624,0.07501166992060074,0.2638437275901186
1551,-0.971787301420146,0.08499542942906543,0.012603075529460165,0.04881966770979085,85.21870457129152,1.1735154309640028,G01551,107.34867645228282,40.575989819444416,10000,17.738215192159018,1680.8333333333333,8.810506820678711,31.91791674296061,408.06666666666666,125.90224268313759,25741.052631578947,45473.70813397129,76871.65311004785,676.2385331758259,0.7200826483387157,0.11203800149715483,0.014891464121777843,0.0724537347395271,0.24943585290067882
1552,-0.7127199217657256,0.10362058735748658,0.016666622642056286,0.0510496268780549,86.49954341496553,1.1590470164117705,G01552,108.24699173640234,40.575989819444416,10000,17.72515701293945,1676.16,8.776572456359863,31.35082000732422,522.68,120.8496724585273,24690.10275689223,43724.508771929824,69338.97493734336,693.510652872127,0.8897186438597612,0.0404441936503472,0.01190922066341935,0.07217949435107301,0.2549810918751852
1553,-1.7315565340711976,0.0549391501652203,0.008385426463852187,0.05078965486803344,86.39658264785527,1.2066781532853195,G01553,109.14530702052186,40.575989819444416,10000,18.252111587524414,1624,8.391194877624512,31.675449905395507,462.56,153.89771494946461,25067.337320574163,44372.437799043066,80706.67942583733,644.6867032852618,0.8683054516148564,0.0277596865563917,0.017494012836751775,0.07148880316080078,0.2571846506930474
1554,-2.5279090862921865,0.004973948469630461,0.0010815395586173007,0.04390170872116723,85.91465665756058,1.363377834445273,G01554,110.04362230464137,40.575989819444416,10000,17.373991680145263,1598.6,7.60725557009379,30.325216865539552,537.1333333333333,210.31269549187346,25758.809523809523,45433.869674185466,89701.19799498747,658.4071377420948,0.806240219946653,0.029950675152044234,0.03823025661839904,0.06728033202119964,0.2586481009070317
1555,-2.872916569723054,0.0075640854773541604,0.0061596126320925,0.04201661201975489,84.26814331501878,1.380819865157877,G01555,110.9419375887609,40.575989819444416,10000,18.43998146057129,1520.75,6.427464187145233,31.056416749954224,189.125,82.40221477606048,28980.245614035088,48997.19298245614,210520.95614035087,563.0489532220779,0.6015386172565973,0.051542015909010086,0.05933841197258701,0.07293086029372459,0.24499816383472084
1556,4.748901085829009,-0.021201630179482404,-0.0016230764313997293,0.018823964175485777,85.95115987209557,1.3281189686588426,G01556,111.84025287288041,40.575989819444416,10000,NA,NA,NA,NA,NA,NA,NA,NA,NA,0,NA,NA,NA,0.04914764072364503,0.13504787225117526
1557,4.748901085829009,-0.021201630179482404,-0.0016230764313997293,0.018823964175485777,85.95115987209557,1.3281189686588426,G01557,112.73856815699993,40.575989819444416,10000,NA,NA,NA,NA,NA,NA,NA,NA,NA,0,NA,NA,NA,0.04914764072364503,0.13504787225117526
1558,4.907671086648066,-8.631012950491755e-4,0.0072607584658452755,0.02990156335714149,84.10898627990451,1.262970124699416,G01558,113.63688344111945,40.57598981944441,9999.999999999993,NA,NA,NA,NA,NA,NA,NA,NA,NA,0,0,0,0,0.06132329387809849,0.1879441737682459
1559,4.907671086648066,-8.631012950491755e-4,0.0072607584658452755,0.02990156335714149,84.10898627990451,1.262970124699416,G01559,114.53519872523898,40.575989819444416,9999.999999999562,NA,NA,NA,NA,NA,NA,NA,NA,NA,0,0,0,0,0.06132329387809849,0.1879441737682459
1560,4.748901085829009,-0.021201630179482404,-0.0016230764313997293,0.018823964175485777,85.95115987209557,1.3281189686588426,G01560,115.43351400935852,40.575989819444416,9999.999999999989,NA,NA,NA,NA,NA,NA,NA,NA,NA,0,NA,NA,NA,0.04914764072364503,0.13504787225117526
1561,4.748901085829009,-0.021201630179482404,-0.0016230764313997293,0.018823964175485777,85.95115987209557,1.3281189686588426,G01561,116.33182929347802,40.575989819444416,10000.000000000025,NA,NA,NA,NA,NA,NA,NA,NA,NA,0,NA,NA,NA,0.04914764072364503,0.13504787225117526
1562,4.748901085829009,-0.021201630179482404,-0.0016230764313997293,0.018823964175485777,85.95115987209557,1.3281189686588426,G01562,117.23014457759768,40.57598981944445,9999.999999999682,NA,NA,NA,NA,NA,NA,NA,NA,NA,0,NA,NA,NA,0.04914764072364503,0.13504787225117526
1563,4.748901085829009,-0.021201630179482404,-0.0016230764313997293,0.018823964175485777,85.95115987209557,1.3281189686588426,G01563,118.12845986171706,40.575989819444416,10000,NA,NA,NA,NA,NA,NA,NA,NA,NA,0,NA,NA,NA,0.04914764072364503,0.13504787225117526
1564,4.748901085829009,-0.021201630179482404,-0.0016230764313997293,0.018823964175485777,85.95115987209557,1.3281189686588426,G01564,119.0267751458366,40.575989819444416,10000,NA,NA,NA,NA,NA,NA,NA,NA,NA,0,NA,NA,NA,0.04914764072364503,0.13504787225117526
1565,4.748901085829009,-0.021201630179482404,-0.0016230764313997293,0.018823964175485777,85.95115987209557,1.3281189686588426,G01565,119.9250904299561,40.575989819444416,10000,NA,NA,NA,NA,NA,NA,NA,NA,NA,0,NA,NA,NA,0.04914764072364503,0.13504787225117526
1566,-0.7640800101429897,-0.024959981386398607,-0.012583343405710457,0.021651531924908467,93.7994105314462,1.2908713614420548,G01566,120.61234233380678,40.68549259791854,3996.639558580653,13.831551551818848,1706,9.779479026794434,21.486000061035156,2130,NA,25854,45843,64400,118.54976032111063,0.9914442300796509,5.961538562797404e-5,3.90384616996296e-4,0.062163583216745755,0.1505533537645602
1567,-1.120243818295721,0.00870545403529602,-0.006905894947238375,0.024021594503880746,87.75351083044316,1.2839080258416518,G01567,122.02589094299829,40.725904443890954,1130.9715635098107,13.771111544440775,1410.9411764705883,10.276357706855325,22.173073375926297,2200.823529411765,264.03627480284734,28389.47619047619,49608.96103896104,104909.20346320346,324.069188793118,0.8544050418867675,0.06310894621390575,0.00678525912719827,0.056424479823087854,0.15123661972584923
1568,0.2985338013235493,0.03198597093844576,-0.003167273579604647,0.026196290450359858,84.71943494525961,1.2412022458917513,G01568,122.62548561802468,40.57713045674373,9872.672474156476,14.636173362731933,1071.6,10.830318336486817,23.648880004882812,2116.56,349.100162322124,28434.456140350878,50251.74436090225,124191.27318295739,334.00429880331694,0.6472268612895461,0.1006616266045941,0.0062041141763209936,0.055226718163347406,0.13611751919502246
1569,-1.1237398381517052,0.015213558188946118,0.007439295040267199,0.03896954723097756,81.37440619829196,1.357712517479987,G01569,123.51835156643419,40.575989819444416,10000,14.963988876342773,861.5666666666667,11.358683236440022,24.620341746012368,2132.8,244.8932772482318,29412.67156862745,51373.87745098039,164921.4387254902,347.7850563795836,0.5162173522911379,0.21607887080902224,0.02661383565248239,0.06243356046534156,0.24479874906215898
1570,0.9977995000454043,0.06944844355405082,0.027822563377324718,0.06991127800537512,74.94417253599585,1.093133570464161,G01570,124.39390369952042,40.59409763666985,9361.454417224288,15.102961769104004,796,11.49486831665039,25.001829986572265,2148.72,132.08378653970618,27977.69172932331,49695.26315789474,125290.7769423559,321.85167757849524,0.6009342687609628,0.1806183276104104,0.010098491783061507,0.07581395877109692,0.3072562482967309
1571,1.1835906666643572,0.05068125422272387,0.008642058944517904,0.04115052099923953,76.4306796693481,1.1857219144289313,G01571,125.20295537831666,40.746934829261306,4172.520730499046,16.40991092681885,780.72,11.531706695556641,26.482769927978516,1896.64,276.0962815154645,28756.746411483255,50503.49043062201,136939.93062200956,332.1591764956644,0.5355891940456072,0.19118579612812614,0.00887580184427973,0.07020901627618875,0.21100390826406598
1586,-0.7376791434640788,0.07300021926474803,0.01785284654286698,0.0597252489845934,82.29500667703118,1.143690780046516,G01586,74.25934101094575,39.837567898663394,5887.41834202868,18.670909652709963,1579.92,8.429590873718261,32.232330322265625,330.48,99.31226845997763,27841.809523809523,48148.93233082707,97061.36591478696,699.7282760225097,0.7369966495091863,0.0760331997104096,0.021978445984099478,0.07892442184445349,0.2831774602141246
1587,-0.8821516581880315,0.07916953161157579,0.013706837699135076,0.05510464186554248,83.51592601817595,1.1686539970165384,G01587,75.00937408415673,39.890168402415775,9998.923131870824,18.089693768819174,1615.5,8.832693068186442,31.118066596984864,515.4333333333333,133.6265210444273,26174.47129186603,45991.887559808616,84465.45215311005,736.7693658017942,0.8141969070780593,0.07238732333999548,0.02046429935254942,0.0775587096758045,0.27898917761837555
1588,-0.13802974362052162,0.12082391033458764,0.021977989039538584,0.056453416988933816,85.86832313964216,1.1548795907395024,G01588,75.90764150809956,39.8902051834657,10000,17.530341987609862,1556.44,8.80210247039795,30.082930068969727,676.2,175.01571358023827,24577.754385964912,43739.857142857145,61891.739348370924,724.732663549363,0.9136949791466308,0.02399938911716685,0.010550706374027595,0.07283580513694381,0.27601303621490614
1589,-0.634398766977301,0.09262999130786523,0.017526379390888608,0.059056962881698614,83.38115492760762,1.157549413550906,G01589,76.80595679221908,39.8902051834657,10000,17.492643356323242,1462.96,8.213589954376221,29.657679977416993,649.64,160.12778230733937,25227.27990430622,45023.861244019135,72781.7966507177,702.8166782706819,0.8273580114835936,0.026654321241786582,0.01774639175431237,0.07631218567435906,0.2871895616524023
1590,-2.6488058245323884,0.015204983371221729,0.004826156345751149,0.04633208837434984,80.48228708163758,1.432970234623591,G01590,77.7042720763386,39.8902051834657,10000,18.764602307920104,1335.2592592592594,6.930881977081299,30.596222277040834,324.14814814814815,226.71274669870132,27691.36023054755,48388.62247838617,149030.01152737753,720.6535026433664,0.6792239956683105,0.07656951525098757,0.09026898241803502,0.07904120064416553,0.23443775769783323
1591,-3.0114870935495173,7.928205399886254e-4,-0.003444547778417352,0.03217410448069823,78.44229563057627,1.4528073170538416,G01591,78.60258736045813,39.8902051834657,10000,19.74262046813965,1265.8,5.723621082305908,31.193005752563476,63.8,52.22738745141288,31560.35849056604,53386.56603773585,278856.22641509434,405.2301962601088,0.28443340912216436,0.11569036499112473,0.15211442436087189,0.08634389929038111,0.2305010796920872
1592,-3.8083989962988185,-0.008986588321097203,-0.00869547946670858,0.03699050523696294,85.33385686336005,1.4108486627490155,G01592,79.50090264457765,39.8902051834657,10000,19.696670532226562,3129,5.274485111236572,29.21274185180664,325,NA,30133.428571428572,52755.28571428572,236759.14285714287,880.8555547648873,0.7569099594931679,0.025023904424890053,0.040007968143438474,0.08690439525977264,0.2861208285110181
1593,-1.0421848921039896,-0.022895455853096772,-0.008960603680341135,0.02724286557756943,87.99638957032528,1.3181476133480123,G01593,80.39921792869717,39.8902051834657,10000,23.04319445292155,2645.3333333333335,3.4286111195882163,30.71999994913737,36.333333333333336,46.30694692304097,NA,NA,NA,0,0,0,0,0.0797135903018459,0.205909653977806
1594,4.907671086648066,-8.631012950491755e-4,0.0072607584658452755,0.02990156335714149,84.10898627990451,1.262970124699416,G01594,81.29753321281669,39.8902051834657,10000,NA,NA,NA,NA,NA,NA,NA,NA,NA,0,0,0,0,0.06132329387809849,0.1879441737682459
1597,4.748901085829009,-0.021201630179482404,-0.0016230764313997293,0.018823964175485777,85.95115987209557,1.3281189686588426,G01597,83.99247906517525,39.8902051834657,10000,NA,NA,NA,NA,NA,NA,NA,NA,NA,0,NA,NA,NA,0.04914764072364503,0.13504787225117526
1599,4.748901085829009,-0.021201630179482404,-0.0016230764313997293,0.018823964175485777,85.95115987209557,1.3281189686588426,G01599,85.7891096334143,39.8902051834657,10000,NA,NA,NA,NA,NA,NA,NA,NA,NA,0,NA,NA,NA,0.04914764072364503,0.13504787225117526
1602,-1.8712525780835418,0.03608494190991922,0.004551645220181359,0.04442521983590701,85.94696277961668,1.2579766759427358,G01602,88.48405548577286,39.8902051834657,10000,16.94829486211141,1532.8666666666666,10.826261742909749,25.363949902852376,1581.0333333333333,272.85975724983115,26653.538636363635,47390.82272727273,98822.88863636364,604.6143373623689,0.8193696713973271,0.08305753024122282,0.018417838264618656,0.06813835577900346,0.2641971554736921
1608,-1.8775464953416727,0.017465512790643487,0.008943116087868368,0.04722338866757328,83.42849797481495,1.3325496150404843,G01608,93.87394719048999,39.8902051834657,10000,14.727526321411133,1004.28,10.546714248657226,24.12705001831055,1878.12,176.71524174973322,28329.45,50195.70681818182,141110.7840909091,425.2330694643336,0.40346234890269744,0.3999344859702723,0.02885677439071095,0.06564883749439338,0.24564370140340488
1609,0.18256747110843213,0.09902778273034725,0.015554508305119223,0.06196403957163519,80.37205703182184,1.1727711763383948,G01609,94.7722624746095,39.8902051834657,10000,16.864536571502686,1165.9333333333334,9.12795197168986,26.614583269755045,1304.1,271.1029006827863,26067.095238095237,46648.70238095238,100653.65952380952,591.9164786334688,0.7292029560714576,0.12183763120009727,0.012106046149926686,0.07721899975345574,0.2837466602978692
1610,-0.45982191775158443,0.09623520729372295,0.017100984724978945,0.05363260153792734,84.50513476798976,1.152301634220958,G01610,95.67057775872902,39.8902051834657,10000,17.879029159545897,1274.56,8.36903491973877,28.248779830932616,978.36,235.84332369887713,26083.60681818182,46940.818181818184,92646.3659090909,562.3699513569101,0.7216786848079634,0.07843973927742413,0.010434552173198674,0.06757435287080645,0.250363187460271
1611,0.13276025853208778,0.09835612354273987,0.01338172759810822,0.05471949344395452,87.08153287597253,1.1260466099374937,G01611,96.56889304284854,39.8902051834657,10000,17.81165702819824,1254.52,8.010705795288086,28.577999954223632,866.12,201.34636823146326,25288.25909090909,45397.763636363634,77683.55227272728,511.290244659192,0.816068726562552,0.030461233954252584,0.0055083333364637724,0.06099380718782538,0.1937076761596768
1612,-0.0681000670793519,0.12175128216831989,0.025045599603009294,0.059969689527084195,86.76308048026495,1.1107027139020722,G01612,97.46720832696808,39.8902051834657,10000,18.042382303873698,1363.0666666666666,7.725997877120972,29.522616704305012,684.1,118.39453330809401,24285.902380952382,43343.49285714285,61717.44047619047,625.246904170744,0.8470972407222405,0.030913973925170504,0.008358956910254392,0.06914918726055534,0.25659824657035574
1613,-0.4178585554038085,0.11180262814195445,0.022093849541428474,0.059259055149042596,85.21182236859569,1.1399579874911212,G01613,98.3655236110876,39.8902051834657,10000,19.055408325195312,1485.72,7.602343311309815,31.11031982421875,407.2,126.01521072209233,24161.088636363635,43552.22727272727,65914.07954545454,702.7116547114631,0.8168516440754539,0.054596126244184744,0.013543849218718058,0.07350407747864407,0.2788712190983345
1614,-0.8826292516955963,0.06649920780837135,0.012585992814088582,0.05571740892619656,84.26254768286908,1.1804732256801362,G01614,99.26383889520712,39.8902051834657,10000,19.31419760386149,1618.8666666666666,7.689057683944702,31.70080846150716,287.8333333333333,134.2494033463485,25039.316666666666,44445.56428571429,79638.40714285715,759.7316705211607,0.728673946251058,0.16365614149397864,0.023176044285271504,0.07727469023900226,0.2802539834054546
1616,-1.852591552000373,0.023139256378421975,0.002558784208752943,0.044345878950979106,85.37792774110191,1.269370939828331,G01616,101.06046946344617,39.8902051834657,10000,18.44292793273926,1664,7.398454189300537,30.87188003540039,428.28,193.77769049437381,26380.009523809524,46741.15714285714,93308.14761904762,666.6235576658474,0.7178665910414456,0.1339739324383974,0.023941241531788237,0.0721756250027871,0.26354270320596784
1617,-1.562253444366342,0.057733850773089596,0.008327000065627966,0.04627899804608827,86.10826947286266,1.2072054702825075,G01617,101.95878474756569,39.8902051834657,10000,17.95920705795288,1605.2,7.568909692764282,30.53606669108073,525.6666666666666,180.68611253875548,25964.854545454546,46159.66136363636,81811.4,616.9170916110148,0.8123369427089518,0.0796877455944406,0.015352173113820653,0.06995139791202652,0.24519267101967715
1618,-1.4000609099567365,0.06196927242806122,0.008331395078194428,0.04330284658240428,86.65661715684773,1.2125823964749507,G01618,102.8571000316852,39.8902051834657,10000,18.00531867980957,1586.92,7.8678391456604,30.610539855957033,532.08,226.9944786406342,25774.861363636363,45637.718181818185,76307.26363636364,610.5045117156058,0.7360418363680373,0.08328034770791636,0.01396069537077189,0.06705759899152514,0.23636983036053089
1619,-1.7280514885386231,0.018287375616065117,0.003189907124437966,0.04646334505947101,84.46828902974906,1.2709260995719183,G01619,103.75541531580473,39.8902051834657,10000,19.112548383076987,1618.9666666666667,8.026224247614543,31.697933260599772,352.53333333333336,165.26399639893475,26763.038095238095,47201.63809523809,108308.65714285715,686.5579666687436,0.8273021459685147,0.07447831399612242,0.027761462912718124,0.07337149453097755,0.2663020947625081
1620,-0.9503345120729985,0.09266520926119388,0.01905638859154829,0.060457983111525386,83.86625191289043,1.1509183994831818,G01620,104.65373059992424,39.8902051834657,10000,18.887126235961915,1709.6,8.262945766448974,31.277579956054687,427,105.99921383356262,26760.359090909093,46803.63181818182,82451.625,711.4417466909913,0.8210862716300176,0.07848529858370625,0.017452210901511292,0.07811937966289854,0.2899051536090922
1621,-0.37798867083197946,0.11316960958827996,0.023258647775823968,0.06415425435656458,83.10800462358833,1.1360016506381498,G01621,105.55204588404376,39.8902051834657,10000,19.219645919799806,1675.52,8.56009822845459,31.479070129394533,393.72,114.76807047258399,27506.383333333335,47931.29285714286,91662.89047619047,743.403562775682,0.7710565002665369,0.047960090714204456,0.01648993766938394,0.08064095878996332,0.3085720470614203
1622,-0.35960028472682243,0.08736485347778124,0.0170597518795261,0.06113141048867611,82.48677781266097,1.1473277697493538,G01622,106.45036116816328,39.8902051834657,10000,19.512922604878742,1543.0333333333333,8.511695035298665,31.39527473449707,376.03333333333336,124.88849739511319,26354.8,46035.83409090909,94917.46818181819,772.3029603511866,0.856209060855081,0.04369866780582781,0.022662915748170934,0.08013428261378372,0.29723212884475997
1623,-0.774178030967496,0.017055099972355287,0.003312442303352774,0.053327760939502686,81.34349107715114,1.301368257692843,G01623,107.34867645228282,39.8902051834657,10000,18.68957229614258,1439.44,8.460968379974366,30.270840072631835,518.28,223.8203371754527,26123.623809523808,46221.87857142857,91644.95476190477,767.273795453006,0.8641374342905823,0.026682671960554818,0.03435138891195434,0.0777737807197234,0.29753094882560005
1624,-2.8290064707051656,0.014414689015099482,0.0019018025406958028,0.04222969757467865,76.89703059487474,1.4477062839012893,G01624,108.24699173640234,39.8902051834657,10000,19.645904813494003,1226.857142857143,7.767245973859515,31.05145972115653,266.76190476190476,241.9770453497407,29262.882037533513,50986.5308310992,204028.21983914208,717.8495808981623,0.5822291499082707,0.06340881940080126,0.1462705876516538,0.09034943008862203,0.1981238370522068
1625,-3.4520446340491713,0.008083672359190346,-0.002306456062699891,0.02620607500913898,73.57453283121468,1.4704821623307263,G01625,109.14530702052186,39.8902051834657,10000,20.326163291931152,1131.75,6.287046015262604,31.164291381835938,58.875,54.18074908515543,32059.411111111112,54552.97777777778,387494.0444444445,472.1588375334054,0.2940707118448928,0.12146078935639931,0.23001781607801416,0.11044395208788862,0.19391014554484268
1626,-0.5240774340565791,-0.006376521285924763,0.003937547112777625,0.04746104277285498,86.23009856119681,1.3949115675162282,G01626,110.04362230464137,39.8902051834657,10000,20.29581928253174,1199,5.650085687637329,31.209985733032227,19,4.242640687119285,NA,NA,NA,112.08678087146802,0.08342222108573576,0.013779629655160804,0.024172221982923844,0.07616881053669969,0.29032588952323
1627,-3.920324935961309,0.017898650663228866,0.002298411686047344,0.03073552113522762,81.93908586146553,1.4177042652448555,G01627,110.9419375887609,39.8902051834657,10000,18.523172310420446,2309.8571428571427,6.140207835606167,27.61483587537493,689.9285714285714,807.2739945011248,29760.558659217877,51613.167597765365,225430.6312849162,789.3848770510883,0.7230162220809317,0.10344609073972742,0.1084080990334912,0.07919436282680653,0.19843927942534725
1628,-4.30435448253111,0.006260417859172129,-0.002802016097815285,0.039782433253907595,83.90129755842955,1.424221352478234,G01628,111.84025287288041,39.8902051834657,10000,18.622436332702637,2934.0666666666666,5.541136837005615,27.454797108968098,689.8666666666667,570.2107212835152,29341.21153846154,50283.33076923077,209060.1923076923,911.4678179930904,0.8298310883448164,0.03592545779182659,0.0832869078352037,0.08012307810998125,0.22861335687382117
1629,4.748901085829009,-0.021201630179482404,-0.0016230764313997293,0.018823964175485777,85.95115987209557,1.3281189686588426,G01629,112.73856815699993,39.8902051834657,10000,NA,NA,NA,NA,NA,NA,NA,NA,NA,0,NA,NA,NA,0.04914764072364503,0.13504787225117526
1630,4.748901085829009,-0.021201630179482404,-0.0016230764313997293,0.018823964175485777,85.95115987209557,1.3281189686588426,G01630,113.63688344111942,39.8902051834657,9999.999999999922,NA,NA,NA,NA,NA,NA,NA,NA,NA,0,NA,NA,NA,0.04914764072364503,0.13504787225117526
1631,4.748901085829009,-0.021201630179482404,-0.0016230764313997293,0.018823964175485777,85.95115987209557,1.3281189686588426,G01631,114.53519872523893,39.89020518346573,10000.000000000084,NA,NA,NA,NA,NA,NA,NA,NA,NA,0,NA,NA,NA,0.04914764072364503,0.13504787225117526
1632,-2.0739256588705293,0.010462658754089622,0.004616655577539411,0.051611781352432724,84.29689077395706,1.3783630059976903,G01632,115.43351400935852,39.8902051834657,9999.99999999991,19.720036506652832,1542,11.341322898864746,28.64712429046631,1055,199.4041122946064,25673.61224489796,45780.36734693877,106857.61224489796,786.7441162284745,0.6056232717270742,0.23501735771772847,0.052406835663296444,0.07024256755149609,0.2638652452148888
1633,0.010976420780099284,0.08535581302668936,0.00606953317885775,0.042920126746212,83.61293857818059,1.2260305509094347,G01633,116.33182929347802,39.8902051834657,9999.99999999991,18.339525434705948,1502,11.273263931274414,27.086138831244575,1384.888888888889,376.58878250833646,26860.222222222223,47647.067901234564,101288.57407407407,672.5072338503933,0.7751775761958859,0.08854273797524082,0.012025564249432545,0.06656044573749041,0.22375780721205854
1634,0.3904037766292615,0.10082249102162327,0.008264062241402302,0.04647116439629697,84.18973732277165,1.1749376930763502,G01634,117.23014457759756,39.8902051834657,9999.99999999994,18.813929023742677,1346.44,11.86082420349121,28.079920120239258,1457.84,303.39161711117424,27960.185990338163,49513.17632850241,110569.3502415459,547.2135191894879,0.6364305996929672,0.1150923644569195,0.005438053268886904,0.06418442733473965,0.1962123805922321
1635,0.36576301061050975,0.085724319687647,0.007666648009280358,0.04646222323305226,83.90602063314887,1.1636893077425763,G01635,118.12845986171709,39.89020518346569,9999.999999999813,17.697774918874106,1186.9666666666667,11.61056105295817,26.781274795532227,1708.7666666666667,287.84894066797983,27263.372727272726,48695.3,103940.39318181819,487.45572296783274,0.6779031812443796,0.07489477016910209,0.006923203999462522,0.061001652979774036,0.17979413654259782
1636,0.7588143693598994,0.11503369763239812,0.017673870507591068,0.060058418330052196,84.7505950137602,1.1109239582312187,G01636,119.00073545077201,39.90789231187076,9316.951455718287,17.96790916442871,1130.44,10.922018508911133,26.76532012939453,1617.16,225.64845076652605,26815.404761904763,48117.75,95043.39285714286,482.0653500522542,0.8195874204813103,0.0846422746223247,0.0031729610930025837,0.06451531149834465,0.2073393209431229
1637,0.5157225979640173,0.07308656950751148,0.00636829726992332,0.04222981993303545,82.43272614355455,1.1607709072943613,G01637,119.78040237099917,40.10062061811111,2946.9911648248467,18.23034034729004,1082.44,10.592422485351562,27.243370056152344,1465.48,274.68650616050775,28598.18409090909,50636.76818181818,129421.81818181818,414.9816939695803,0.6732611205838819,0.11890354470352725,0.006937467261349841,0.06041973320614176,0.16799061037002155
1639,-1.3546431055726784,0.035974904246046005,0.007856742130607048,0.04762175426135889,83.1914773391452,1.2241188730903456,G01639,121.85466958923632,39.80204695682132,5838.690274882342,16.035699729919433,1103.28,9.97448585510254,25.019580078125,1631.4,196.6244304929239,28424.011363636364,50234.90454545455,126058.10227272728,376.0004715297645,0.3762566497788718,0.32694392991690596,0.012503759829017606,0.06529723876838132,0.2460472461729656
1640,-0.23894603832494649,0.09151855995645213,0.02273717373844376,0.05802716878782276,81.77758431731112,1.1188147277677676,G01640,122.60493927939766,39.903840186787164,9556.770645501321,16.370283285776775,1192.1,9.227159627278645,25.604091580708822,1465.0333333333333,138.30812261616884,27557.416666666668,49132.92857142857,106113.37619047619,434.8688827695809,0.5818327951460803,0.16907500237337914,0.00813061456653418,0.06841706662360936,0.25952858663984674
1641,0.7439987332979361,0.1163381552702907,0.016574833195666976,0.05957186542306412,85.01175926532234,1.1325920126715827,G01641,123.48726626738137,40.009069455030215,6419.02707921165,18.511288833618163,1235,8.37122579574585,28.28239990234375,992.72,244.28629378934326,25975.802272727273,46691.961363636365,84944.82727272727,566.1102012351744,0.7786091188411733,0.0575496446414033,0.005060877303429436,0.06498373603488015,0.2124339383018168
1642,-0.6022134505068985,0.09670365986524558,0.018751175714329642,0.058327883736903445,84.17938545670765,1.1496274907191601,G01642,124.1510042904868,40.067070772951645,2201.9824763998104,20.403799743652343,1321.36,7.94928581237793,30.604630126953126,576.32,200.3860274570061,25386.827272727274,45352.204545454544,79978.27272727272,616.084575738633,0.8418199027634305,0.05099161058003282,0.013054395813572721,0.07189469157293815,0.2738492431825459
1658,-0.25253856179182077,0.026391118248892755,-0.010158172623834132,0.0114780773030453,85.0162024167316,1.3695410364574532,G01658,74.147793195727,39.20028357467078,9064.78146471207,17.435484528541565,2593.125,5.614781439304352,25.115337133407593,1085.75,727.7709117572645,30277.26282051282,51485.63461538462,217419.03846153847,902.0073627034255,0.9025028292459325,0.02310088708169515,0.011216350994475117,0.07103870917167587,0.2583350720185623
1659,4.748901085829009,-0.021201630179482404,-0.0016230764313997293,0.018823964175485777,85.95115987209557,1.3281189686588426,G01659,75.00932622398004,39.197490485790226,10000,NA,NA,NA,NA,NA,NA,NA,NA,NA,0,NA,NA,NA,0.04914764072364503,0.13504787225117526
1660,0.14683903532113401,0.09917199740554244,0.008134931187374923,0.04749568743164464,84.36650365564401,1.1709976813126168,G01660,75.90764150809956,39.197490485790226,10000,19.026243845621746,1424.8333333333333,12.062057256698608,28.389104048411053,1488.5,259.5231641439213,28238.230088495577,49936.845132743365,108583.33628318584,554.1364700271185,0.7237055967339993,0.10486938273319074,0.005987555541583421,0.065225549612598,0.19851767566835196
1661,0.7639866288846108,0.11984368042393423,0.014951699054248709,0.05535427284441515,84.32296975383267,1.1553027240590654,G01661,76.80595679221908,39.197490485790226,10000,18.995550028483073,1431.1333333333334,11.60317497253418,28.250741640726726,1427.6333333333334,219.11994563414947,27759.686602870814,49460.52631578947,110723.77272727272,615.9099656413723,0.6948011988722795,0.08529452469319473,0.004250523927217145,0.06883080978548398,0.21550585905552322
1662,-0.15586563944903833,0.11034328141383104,0.017564363767476922,0.05346930039207936,84.42368211739995,1.135782088795749,G01662,77.7042720763386,39.197490485790226,10000,18.672015686035156,1373.4,10.743173370361328,27.45568000793457,1406.28,169.74307055075914,27058.348370927317,48298.802005012534,97888.33333333333,552.4014702637668,0.8276608113294939,0.05817322297403983,0.006845043043282929,0.0686440827587634,0.23185572141448765
1666,-1.2029314810899683,0.07256242574376966,0.009712536332783494,0.0448240088707893,84.72449597916635,1.1866422886066113,G01666,81.29753321281669,39.197490485790226,10000,17.056414794921874,1527.5,8.403106236457825,25.870937442779542,1334.95,176.23353973156128,27401.533333333333,49158.815873015876,111333.36507936507,551.8237298575806,0.6607067237720281,0.13770949874661179,0.011260403434041569,0.068829635681845025,0.23664460216626104
1669,-0.4831518643918338,0.10337245904107942,0.01899055236196122,0.06020333539626412,82.9812476499893,1.148138466703525,G01669,83.99247906517525,39.197490485790226,10000,21.472913551330567,1525.7666666666667,7.375693766276042,31.59317487080892,368.96666666666664,124.48472647853944,25692.624060150374,45784.160401002504,81063.81704260652,730.777415794863,0.711979021681396,0.1140541339557629,0.017570847402503243,0.07838331628592603,0.29340493103053844
1672,-0.8633098436650639,0.008109309443860185,0.004298335589306819,0.056783429338722304,81.95519828061313,1.3442396079605299,G01672,86.68742491753382,39.197490485790226,10000,21.35075736999512,1475.92,7.3427165985107425,31.902859954833986,156.16,113.63489780872776,25773.107655502394,45654.90669856459,107969.28468899522,857.190666201438,0.6350812478707173,0.2105546577556901,0.04909176017598472,0.07911466844527873,0.2974377549213047
1674,-1.543344931955662,0.04088732786926595,0.00614364562405228,0.048525049060014716,84.5054309872397,1.2134708456938574,G01674,88.48405548577286,39.197490485790226,10000,21.55972671508789,1777.5,7.746564626693726,32.13260014851888,192.6,88.54751305917924,26397.409090909092,46436.22966507177,93854.495215311,731.2311220005399,0.8591490273773584,0.04651225216930722,0.024500963364667522,0.0766573109175261,0.25673034915754045
1675,-4.571200417194177,-0.0029581055219747147,-0.005586428144088821,0.025091832922971645,81.508490278017,1.400915436716997,G01675,89.38237076989238,39.197490485790226,10000,21.85636749267578,1781.88,7.214148292541504,32.28460006713867,69.28,66.9648664101806,30075.33014354067,52166.33732057416,206929.44736842104,554.15638941415,0.5063430042413131,0.13590728585069906,0.17229798923491443,0.09487868249707429,0.15414226760857436
1676,-3.6199709168345744,-0.015933538269356125,-0.011588503023772217,0.005990447902996651,79.58547267216089,1.4084289537141554,G01676,90.2806860540119,39.197490485790226,10000,22.00808977197718,1761.962962962963,7.364215285689743,32.25329625165021,49.48148148148148,48.2974520512612,31662.59067357513,54299.58808290155,238089.83160621763,506.29461687153895,0.443399490381606,0.09696823482785918,0.2987486328536413,0.12405134177646449,0.20787759747053328
1678,-0.8811756516527703,0.049954272823846534,0.010898238693465451,0.05681373356856549,82.8664624711323,1.188865487018918,G01678,92.07731662225093,39.197490485790226,10000,21.027510234287806,1670.4761904761904,7.0356207348051525,30.436954589117143,219.85714285714286,145.54905898503287,27440.44383561644,47697.86849315069,117698.22191780822,829.7503270779995,0.719589574556419,0.07095079166382595,0.03029668929082058,0.07930045302956117,0.28860592002553676
1679,-3.6570416236958176,0.0030349281913188706,-0.0024152532580971713,0.04154520855848031,79.96920920246323,1.4175608863491658,G01679,92.97563190637047,39.197490485790226,10000,21.5163698832194,1571.7333333333333,6.809813785552978,30.98834622701009,85.66666666666667,64.1389859898761,30968.610108303248,53190.592057761736,268909.61371841154,693.3800363865757,0.49764042907749073,0.13285813104438748,0.15195261142656755,0.09451874990705456,0.18908694049462582
1680,-3.85821571315979,-0.009337408392869676,-0.006593292357357774,0.01762521331821499,81.46937674339134,1.4152766654841504,G01680,93.87394719048999,39.197490485790226,10000,20.57338523864746,1466,5.596621513366699,29.72432518005371,148,NA,34943.6,56359.8,419021,322.4520614177997,0.15477002320311223,0.12661438847632564,0.12205347695308126,0.07788416795304799,0.1829286712773649
1681,-1.4173606360919913,0.014324272929383786,0.011857579764775849,0.04793083563782848,85.91290960270996,1.4244831054382183,G01681,94.7722624746095,39.197490485790226,10000,22.70304584503174,1085,5.005906581878662,30.7708797454834,17.5,0.7071067811865476,NA,NA,NA,212.88809712727866,0.11445384931105834,0.013384615429318868,0.04829999877927968,0.07067173591238776,0.28371558447216066
1684,2.2612084897032485,0.12219795459226078,0.0265519832003168,0.05790996881418001,82.25068187954786,1.229506393600845,G01684,97.46720832696808,39.197490485790226,10000,21.77729892730713,2192,5.1640784740448,29.030973434448242,376.5,40.30508652763321,31915.302325581397,53404.20930232558,267476.88372093026,1157.5012089272218,0.8577517716230905,0.06426382825228186,0.01134333083960182,0.09641363263086086,0.37738179159224877
1685,4.748901085829009,-0.021201630179482404,-0.0016230764313997293,0.018823964175485777,85.95115987209557,1.3281189686588426,G01685,98.3655236110876,39.197490485790226,10000,NA,NA,NA,NA,NA,NA,NA,NA,NA,0,NA,NA,NA,0.04914764072364503,0.13504787225117526
1686,0.015898711305149846,0.12430481375373628,0.025346709125054795,0.0593320862250848,83.23792172587865,1.1237933216696354,G01686,99.26383889520712,39.197490485790226,10000,19.932650429861887,1443,12.008330481392997,29.69235747201102,1235.5714285714287,159.76113121663556,27409.592857142856,48988.35,103404.06428571428,593.8473048121047,0.743193715078705,0.07651540403498683,0.0075027216565693,0.072805343503203293,0.26422447432039303
1687,-0.02956138250325231,0.11794356897987647,0.018220845775142974,0.05320962950692092,85.25239297500966,1.1509000035442047,G01687,100.16215417932663,39.197490485790226,10000,19.18611397062029,1534.5714285714287,11.679671049118042,28.71080344063895,1358.6785714285713,163.65162944531235,26526.911270983215,47674.93525179856,98726.96163069544,645.8320053168835,0.7228675909499952,0.07798246390059892,0.007085536152603856,0.0715212940194004,0.23982694177452918
1688,0.8229160990820679,0.1228023593829432,0.01856538692016283,0.05930703217757273,85.18455642716275,1.163006297219972,G01688,101.06046946344617,39.197490485790226,10000,20.328669052124024,1550.12,10.83912841796875,29.27599006652832,1063.92,174.17948597160728,25577.035714285714,46057.857142857145,88763.99761904762,735.7689604346837,0.8831007501063316,0.03333676852999041,0.006872990764428256,0.07177114584592471,0.24029193168943191
1689,2.9096783328109304,0.11933375092864248,0.019725070065458386,0.068855880362111,82.41604802197773,1.201624796433465,G01689,101.95878474756569,39.197490485790226,10000,19.635364532470703,1442.3333333333333,10.292215347290039,28.019722408718533,1133.2222222222222,159.84975584730947,25910.172043010753,46813.15053763441,88675.18279569893,824.6953474962086,0.8980302492755732,0.02867152744366042,0.0024640517037780862,0.08474859276445487,0.2796816952382127
1691,0.7551452919390024,0.1162629693503419,0.01391658204427362,0.052350671139020956,85.20680361384454,1.1728892795565047,G01691,103.75541531580473,39.197490485790226,10000,22.316301345825195,1650,7.960604190826416,31.0627498626709,320,NA,27439.027777777777,48986.666666666664,121078.75,704.6669910894376,0.9230237240215827,0.02146965514787208,0.004560551731335401,0.07181476013003511,0.21696068595305687
1692,-0.16163478976904402,0.09987265116038209,0.012996285949662529,0.04857786674789232,82.69069025916232,1.1563921138758835,G01692,104.65373059992424,39.197490485790226,10000,18.82990550994873,1673.5,8.02806305885315,27.453499794006348,1010.5,109.60155108391487,28596,50151,102685,469.34347832721215,0.7577263171735563,0.017336841910276377,6.657894815649151e-4,0.0715998353506866,0.190899525645995
1693,1.2286052944406562,0.13791867745165035,0.03056495771217895,0.0786169129486731,78.13092093710723,1.1199649952164092,G01693,105.55204588404376,39.197490485790226,10000,21.773626804351807,1338.25,7.543171763420105,31.344374656677246,316.25,78.43627987098827,26316.542857142857,47248.038095238095,104176.01904761905,750.9427925757376,0.7711471551884039,0.16277796054812246,0.01792338809342033,0.08983374146630188,0.35236588728564416
1694,0.5823291113834649,0.13608935037498196,0.029598163073236403,0.07197201634944957,81.5280419085499,1.1313123770650222,G01694,106.45036116816328,39.197490485790226,10000,21.9920654296875,1550.5172413793102,7.3882097704657195,31.594198095387426,239.6206896551724,79.98679078139958,26152.351674641148,46567.875598086124,96233.15071770335,787.4629655201326,0.6564607059659973,0.23580323877320455,0.015952230761784682,0.08513086500921915,0.33990664734352066
1695,0.3594121632002316,0.10305808697611012,0.017184361739407267,0.06558576818579331,81.084578048096,1.1537090679923887,G01695,107.34867645228282,39.197490485790226,10000,21.438595962524413,1726.6,6.962502193450928,31.366130905151365,169.08,110.9778206069423,26320.452272727274,46362.545454545456,88218.90681818181,943.2358116334306,0.7140187570142934,0.17766439430191244,0.028103130791718826,0.08789635723260322,0.3357208779654258
1696,0.5388864566525041,0.11199775310719198,0.019587056085116905,0.0680970523857336,80.95826254859976,1.1414432203674085,G01696,108.24699173640234,39.197490485790226,10000,21.468323516845704,1619.9666666666667,6.896144374211629,31.50375836690267,104.9,59.04957005887452,25110.483333333334,44713.86666666667,81355.53095238096,899.2843986635603,0.7898109346496107,0.1129396729200006,0.025539682244582244,0.08784118262333841,0.3350314900116117
1697,-1.0755851769952574,0.0037306918838022896,0.0018520663773052665,0.05579095619310018,82.164039524896907,1.347563441057887,G01697,109.14530702052186,39.197490485790226,10000,21.69577697753906,1647.8,7.071235904693603,31.39225028991699,156.28,70.92749819357795,25727.34772727273,46020.56363636364,99168.23636363636,893.6457494720531,0.755849972327533,0.09292934261695134,0.04954983334587302,0.08156537948241044,0.30103342429269636
1698,-1.3677696588077797,0.0477802602484709,0.007026420260068347,0.049421911009289436,85.38890119009557,1.237091326612411,G01698,110.04362230464137,39.197490485790226,10000,21.64012939453125,1819.56,7.407225799560547,31.008959732055665,280.64,196.78284986248167,24960.105263157893,44755.40909090909,74162.45933014354,805.4347586748077,0.8378645001244472,0.050958166706864344,0.025151925964229223,0.07636446975288029,0.27732810043873135
1699,-1.0299680063626167,0.07745549339095675,0.010536566593104582,0.0522621878647951,84.50761619431623,1.1925465757535458,G01699,110.9419375887609,39.197490485790226,10000,21.912592315673827,2051.4666666666667,7.103123569488526,31.226033210754395,206.33333333333334,144.34473422626326,27256.713636363635,48162.025,109358.38636363637,919.9404471946046,0.8042876202065262,0.08632253709001479,0.026191851875104206,0.08212275228761184,0.2959335089010612
1700,-3.3133436971230905,0.004636808260503669,0.002560464087331533,0.04820652120501357,84.51175774744144,1.3738164563899116,G01700,111.84025287288041,39.197490485790226,10000,22.34016918000721,2049.190476190476,6.502432459876651,31.685057867140998,68.33333333333333,52.20185181900479,30382.76381909548,52407.91206030151,223184.62311557788,805.2780109357647,0.5796925263808471,0.15703451216239084,0.08336327393528845,0.0834146798283027,0.2412681101677604
1701,-4.407750946256132,-0.01862809661940532,-0.010871910717808408,0.006667029709310312,80.67409098414913,1.388283718297111,G01701,112.73856815699993,39.197490485790226,10000,22.411510320810173,1972.4615384615386,5.9735026726355915,31.545005798339844,57.15384615384615,54.422492522005015,33446.286516853936,56034.45505617977,348689.59550561797,398.7461120121882,0.3134091718182981,0.10247536234543288,0.2747880953756283,0.11732376388138613,0.1824814530228403
1702,-4.297555408360501,-0.006326029074546825,-0.007013872019714833,0.02674731119816462,80.95648902059752,1.3950230899335165,G01702,113.6368834411195,39.197490485790254,9999.999999999893,22.082107067108154,2004.75,5.88046658039093,30.808984756469727,117,47.51841748206689,32749.88775510204,54273.86734693877,283657.2653061224,649.0043967150941,0.579148828167357,0.019631578966860408,0.16655328440666722,0.09544956558200896,0.15078728435137348
1703,-1.9909953896696662,-0.0012467162553379348,0.0030149544795072627,0.04641621791349387,81.60794554133533,1.3694494680790266,G01703,114.53519872523894,39.197490485790205,9999.99999999954,22.044631958007812,1638.5,6.405826568603516,30.86282444000244,62.25,11.89887949906769,33348.166666666664,54166.833333333336,256459,549.3847291830725,0.3079493984002171,0.0693000002760396,0.055737349874764634,0.08298971192543514,0.2705327738236956
1704,-3.2626114509347808,-0.04261009809656715,-0.022343862233382736,-0.01127778641849355,79.94527780003885,1.3962526142517295,G01704,115.43351400935849,39.197490485790226,9999.999999999989,24.309390703837078,2228,6.68798025449117,31.460224787394207,23.833333333333332,19.782989325849282,36928.833333333336,58719.166666666664,459251.9166666667,230.10551972732543,0.15151794120968534,0.04055029405567706,0.5322841162422692,0.15034487094675913,0.20251761652137235
1705,-4.135487345244906,-0.0031710777617551286,-0.0062421853633076495,0.04218664582008248,85.49693211391504,1.4126023794605724,G01705,116.33182929347802,39.197490485790226,10000,22.202374352349175,3054,5.806305991278754,28.70583724975586,444.8888888888889,406.5219687927223,29630.57471264368,50824.96551724138,204019.83333333334,1006.0689346040641,0.7643392639200922,0.07102835862557737,0.05656346814687287,0.08251557696479526,0.25356507893741614
1706,-0.37639231523695466,0.11361909000485378,0.01639055662360354,0.04370629541966593,83.59462264881344,1.1929086550365282,G01706,117.2281194211836,39.19904247634852,9952.255474744577,24.233870188395183,2453,4.107599258422852,30.194523811340332,77.5,54.20977771583278,31883,52474,309707,874.1743925768088,0.577085147948364,0.0029128712946595164,0.014012871285117263,0.08782988426434116,0.29510826547093566
1707,4.748901085829009,-0.021201630179482404,-0.0016230764313997293,0.018823964175485777,85.95115987209557,1.3281189686588426,G01707,118.14480720010017,39.31892077129473,6247.441800133675,NA,NA,NA,NA,NA,NA,NA,NA,NA,0,NA,NA,NA,0.04914764072364503,0.13504787225117526
1708,0.6846904281516811,0.11699285756186478,0.014278894897873802,0.0539027583884944,85.04368730439427,1.165378363336344,G01708,118.85978714318792,39.35643137479748,3689.8696566399112,20.01330348423549,1561.5714285714287,11.480142865862165,29.479642868041992,1263.5714285714287,176.16361442596212,26857.413533834588,47980.58646616541,95174.1954887218,669.0361893512722,0.787453828635526,0.04986467305997882,0.004776010528450655,0.07022168005512341,0.2145964742753645
1710,-0.07114465286159519,0.11862325361659999,0.019832707153831404,0.0526461178715194,86.87531815720075,1.1528679695832142,G01710,121.19495217085127,39.00802925609208,334.7686291630859,20.89721734183175,1679.142857142857,10.603381020682198,29.336999893188477,997.1428571428571,105.21949846460426,25208.39285714286,45572.0625,75081.20535714286,712.603255439388,0.9304209424194427,0.02844773649834502,0.00707754875219332,0.07298882494577684,0.24397691927834578
1711,1.319001199358892,0.10533326659027731,0.015390503638963889,0.053658679976949945,88.0218756083119,1.1801568864755094,G01711,121.74797157941651,39.25228723413623,6068.497776869481,20.46932315826416,1785.25,6.499354243278503,29.14437484741211,522.5,87.01532432087274,24364.826530612245,43598.4693877551,51717.316326530614,823.2367561139652,0.9333196611262342,0.006894475870033453,0.0026137451098333987,0.07449773542735799,0.2328368707916446
1712,-2.4787063125574873,0.0029790172696009887,-0.0034165040658261994,0.04113979854179157,85.5261867769176,1.3266761198548047,G01712,122.40786611290778,39.40946029764843,1491.6878186053425,21.85867385864258,2159.4,6.385765266418457,30.82839164733887,128.2,136.4540215603776,27411.114285714284,47411.107142857145,127263.45,794.9174021006336,0.771791058596741,0.03653342137391795,0.03220653772091654,0.07787428582407761,0.2661226997544496
1713,-1.131442089577883,0.005592993962406697,0.006501685397554161,0.05756191644420262,82.05137682052626,1.3695588384596877,G01713,123.13892765582005,39.06840079332712,43.33208514456113,22.399184908185685,1675.4285714285713,6.8366835457938055,31.81537437438965,27.285714285714285,6.626066850308854,29698.350282485877,51090.76271186441,209469.89830508476,858.4235407609318,0.4734703521457138,0.29484779517555676,0.05840356747469794,0.08522038103437202,0.27376343326658503
1731,4.748901085829009,-0.021201630179482404,-0.0016230764313997293,0.018823964175485777,85.95115987209557,1.3281189686588426,G01731,75.082974025480965,38.52881378024169,8110.658235697422,NA,NA,NA,NA,NA,NA,NA,NA,NA,0,NA,NA,NA,0.04914764072364503,0.13504787225117526
1732,-2.2061307093016453,0.009963173814636973,0.0010670957037436694,0.051016649813333155,77.38745866701382,1.4596704422687479,G01732,75.90764150809956,38.49787796933202,10000,25.05309247970581,1120.625,7.038731217384338,32.430400371551514,45.625,60.35593828045659,31056.076923076922,52556.92307692308,224827.3076923077,667.0287688983485,0.21283794281116336,0.34901093314898723,0.12624501596077012,0.08814430398900798,0.21809031057372116
1733,3.262339692089995,0.13947377652703358,0.026158874233739964,0.06815459043355394,77.42647392319356,1.2453536845982867,G01733,76.80595679221908,38.49787796933202,10000,23.447622362772623,1402.1,6.988287035624186,30.595860608418782,351.1,212.37626823716633,28752.127710843375,50033.71325301205,151776.9638554217,992.4163045398827,0.8098841706657929,0.10445813626957431,0.011324353518566577,0.09857885712644511,0.3954495640657788
1734,2.523929129502381,0.1336717062972989,0.02526558118412473,0.07177762038719387,79.09664473684968,1.2399179536288232,G01734,77.7042720763386,38.49787796933202,10000,23.988489071528118,1644.7916666666667,6.986370662848155,31.266401052474976,226.54166666666666,170.36635184384184,28004.634382566586,49062.57627118644,127507.76513317191,1059.8132745846142,0.8722647704113607,0.03359201812066016,0.015091385985969919,0.09959607940159886,0.4146943048188243
1737,-0.49463794547504947,0.020494303526509265,0.013962068143312842,0.06578482288824965,78.99704710972559,1.332767658552773,G01737,80.39921792869717,38.49787796933202,10000,24.813561757405598,1419,6.901991605758667,31.439642588297527,168.33333333333334,105.36919220847557,30982.552083333332,53082.677083333336,218799.84375,851.3561409003992,0.6482517381750351,0.1105359030915241,0.05167773988473022,0.08585215051119859,0.3232516646182343
1738,-0.11304482734226098,0.0066400019903964675,0.007195905694094668,0.057324346731518205,78.79690807391027,1.2945088007352452,G01738,81.29753321281669,38.49787796933202,10000,25.501983006795246,1510,6.991868019104004,32.111419677734375,41.333333333333336,13.613718571108091,32206.035087719298,53777.45614035088,251774.19298245615,793.0013362657629,0.5222146712651446,0.09756526936891782,0.046262934136522126,0.08871861541178296,0.2793899603858943
1739,4.748901085829009,-0.021201630179482404,-0.0016230764313997293,0.018823964175485777,85.95115987209557,1.3281189686588426,G01739,82.19584849693621,38.49787796933202,10000,NA,NA,NA,NA,NA,NA,NA,NA,NA,0,NA,NA,NA,0.04914764072364503,0.13504787225117526
1743,5.005357414136081,0.05145381636169695,0.023456392570245812,0.05230050057029507,81.88056582424619,1.0316543836864898,G01743,85.7891096334143,38.49787796933202,10000,NA,NA,NA,NA,NA,NA,NA,NA,NA,NA,NA,NA,NA,0.045255323258946156,0.18264980299217284
1748,5.005357414136081,0.05145381636169695,0.023456392570245812,0.05230050057029507,81.88056582424619,1.0316543836864898,G01748,90.2806860540119,38.49787796933202,10000,NA,NA,NA,NA,NA,NA,NA,NA,NA,NA,NA,NA,NA,0.045255323258946156,0.18264980299217284
1749,5.005357414136081,0.05145381636169695,0.023456392570245812,0.05230050057029507,81.88056582424619,1.0316543836864898,G01749,91.17900133813141,38.49787796933202,10000,NA,NA,NA,NA,NA,NA,NA,NA,NA,NA,NA,NA,NA,0.045255323258946156,0.18264980299217284
1753,5.005357414136081,0.05145381636169695,0.023456392570245812,0.05230050057029507,81.88056582424619,1.0316543836864898,G01753,94.7722624746095,38.49787796933202,10000,NA,NA,NA,NA,NA,NA,NA,NA,NA,NA,NA,NA,NA,0.045255323258946156,0.18264980299217284
1755,5.005357414136081,0.05145381636169695,0.023456392570245812,0.05230050057029507,81.88056582424619,1.0316543836864898,G01755,96.56889304284854,38.49787796933202,10000,NA,NA,NA,NA,NA,NA,NA,NA,NA,NA,NA,NA,NA,0.045255323258946156,0.18264980299217284
1756,5.005357414136081,0.05145381636169695,0.023456392570245812,0.05230050057029507,81.88056582424619,1.0316543836864898,G01756,97.46720832696808,38.49787796933202,10000,NA,NA,NA,NA,NA,NA,NA,NA,NA,NA,NA,NA,NA,0.045255323258946156,0.18264980299217284
1757,5.005357414136081,0.05145381636169695,0.023456392570245812,0.05230050057029507,81.88056582424619,1.0316543836864898,G01757,98.3655236110876,38.49787796933202,10000,NA,NA,NA,NA,NA,NA,NA,NA,NA,NA,NA,NA,NA,0.045255323258946156,0.18264980299217284
1758,5.005357414136081,0.05145381636169695,0.023456392570245812,0.05230050057029507,81.88056582424619,1.0316543836864898,G01758,99.26383889520712,38.49787796933202,10000,NA,NA,NA,NA,NA,NA,NA,NA,NA,NA,NA,NA,NA,0.045255323258946156,0.18264980299217284
1759,5.005357414136081,0.05145381636169695,0.023456392570245812,0.05230050057029507,81.88056582424619,1.0316543836864898,G01759,100.16215417932663,38.49787796933202,10000,NA,NA,NA,NA,NA,NA,NA,NA,NA,NA,NA,NA,NA,0.045255323258946156,0.18264980299217284
1760,5.005357414136081,0.05145381636169695,0.023456392570245812,0.05230050057029507,81.88056582424619,1.0316543836864898,G01760,101.06046946344617,38.49787796933202,10000,NA,NA,NA,NA,NA,NA,NA,NA,NA,NA,NA,NA,NA,0.045255323258946156,0.18264980299217284
1761,5.005357414136081,0.05145381636169695,0.023456392570245812,0.05230050057029507,81.88056582424619,1.0316543836864898,G01761,101.95878474756569,38.49787796933202,10000,NA,NA,NA,NA,NA,NA,NA,NA,NA,NA,NA,NA,NA,0.045255323258946156,0.18264980299217284
1762,5.005357414136081,0.05145381636169695,0.023456392570245812,0.05230050057029507,81.88056582424619,1.0316543836864898,G01762,102.8571000316852,38.49787796933202,10000,NA,NA,NA,NA,NA,NA,NA,NA,NA,NA,NA,NA,NA,0.045255323258946156,0.18264980299217284
1764,5.005357414136081,0.05145381636169695,0.023456392570245812,0.05230050057029507,81.88056582424619,1.0316543836864898,G01764,104.65373059992424,38.49787796933202,10000,NA,NA,NA,NA,NA,NA,NA,NA,NA,NA,NA,NA,NA,0.045255323258946156,0.18264980299217284
1765,5.005357414136081,0.05145381636169695,0.023456392570245812,0.05230050057029507,81.88056582424619,1.0316543836864898,G01765,105.55204588404376,38.49787796933202,10000,NA,NA,NA,NA,NA,NA,NA,NA,NA,NA,NA,NA,NA,0.045255323258946156,0.18264980299217284
1766,5.005357414136081,0.05145381636169695,0.023456392570245812,0.05230050057029507,81.88056582424619,1.0316543836864898,G01766,106.45036116816328,38.49787796933202,10000,NA,NA,NA,NA,NA,NA,NA,NA,NA,NA,NA,NA,NA,0.045255323258946156,0.18264980299217284
1767,5.005357414136081,0.05145381636169695,0.023456392570245812,0.05230050057029507,81.88056582424619,1.0316543836864898,G01767,107.34867645228282,38.49787796933202,10000,NA,NA,NA,NA,NA,NA,NA,NA,NA,NA,NA,NA,NA,0.045255323258946156,0.18264980299217284
1769,5.005357414136081,0.05145381636169695,0.023456392570245812,0.05230050057029507,81.88056582424619,1.0316543836864898,G01769,109.14530702052186,38.49787796933202,10000,NA,NA,NA,NA,NA,NA,NA,NA,NA,NA,NA,NA,NA,0.045255323258946156,0.18264980299217284
1770,5.005357414136081,0.05145381636169695,0.023456392570245812,0.05230050057029507,81.88056582424619,1.0316543836864898,G01770,110.04362230464137,38.49787796933202,10000,NA,NA,NA,NA,NA,NA,NA,NA,NA,NA,NA,NA,NA,0.045255323258946156,0.18264980299217284
1771,5.005357414136081,0.05145381636169695,0.023456392570245812,0.05230050057029507,81.88056582424619,1.0316543836864898,G01771,110.9419375887609,38.49787796933202,10000,NA,NA,NA,NA,NA,NA,NA,NA,NA,NA,NA,NA,NA,0.045255323258946156,0.18264980299217284
1772,5.005357414136081,0.05145381636169695,0.023456392570245812,0.05230050057029507,81.88056582424619,1.0316543836864898,G01772,111.84025287288041,38.49787796933202,10000,NA,NA,NA,NA,NA,NA,NA,NA,NA,NA,NA,NA,NA,0.045255323258946156,0.18264980299217284
1773,5.005357414136081,0.05145381636169695,0.023456392570245812,0.05230050057029507,81.88056582424619,1.0316543836864898,G01773,112.73856815699993,38.49787796933202,10000,NA,NA,NA,NA,NA,NA,NA,NA,NA,NA,NA,NA,NA,0.045255323258946156,0.18264980299217284
1774,5.005357414136081,0.05145381636169695,0.023456392570245812,0.05230050057029507,81.88056582424619,1.0316543836864898,G01774,113.63688344111945,38.49787796933204,9999.999999999704,NA,NA,NA,NA,NA,NA,NA,NA,NA,NA,NA,NA,NA,0.045255323258946156,0.18264980299217284
1775,5.005357414136081,0.05145381636169695,0.023456392570245812,0.05230050057029507,81.88056582424619,1.0316543836864898,G01775,114.53519872523898,38.49787796933202,10000,NA,NA,NA,NA,NA,NA,NA,NA,NA,NA,NA,NA,NA,0.045255323258946156,0.18264980299217284
1776,5.005357414136081,0.05145381636169695,0.023456392570245812,0.05230050057029507,81.88056582424619,1.0316543836864898,G01776,115.43351400935852,38.49787796933202,10000,NA,NA,NA,NA,NA,NA,NA,NA,NA,NA,NA,NA,NA,0.045255323258946156,0.18264980299217284
1777,5.005357414136081,0.05145381636169695,0.023456392570245812,0.05230050057029507,81.88056582424619,1.0316543836864898,G01777,116.33182929347802,38.49787796933202,10000,NA,NA,NA,NA,NA,NA,NA,NA,NA,NA,NA,NA,NA,0.045255323258946156,0.18264980299217284
1778,5.005357414136081,0.05145381636169695,0.023456392570245812,0.05230050057029507,81.88056582424619,1.0316543836864898,G01778,117.196062113493,38.48441982199125,9186.43933774776,NA,NA,NA,NA,NA,NA,NA,NA,NA,NA,NA,NA,NA,0.045255323258946156,0.18264980299217284
1779,5.005357414136081,0.05145381636169695,0.023456392570245812,0.05230050057029507,81.88056582424619,1.0316543836864898,G01779,117.76128056688428,38.22139190176955,367.59188273343204,NA,NA,NA,NA,NA,NA,NA,NA,NA,NA,NA,NA,NA,0.045255323258946156,0.18264980299217284
1780,5.005357414136081,0.05145381636169695,0.023456392570245812,0.05230050057029507,81.88056582424619,1.0316543836864898,G01780,118.73626261306819,38.154081067510944,26.777524581511553,NA,NA,NA,NA,NA,NA,NA,NA,NA,NA,NA,NA,NA,0.045255323258946156,0.18264980299217284
1782,5.005357414136081,0.05145381636169695,0.023456392570245812,0.05230050057029507,81.88056582424619,1.0316543836864898,G01782,121.09710835058706,38.69710904849825,299.6598250146916,NA,NA,NA,NA,NA,NA,NA,NA,NA,NA,NA,NA,NA,0.045255323258946156,0.18264980299217284
1783,5.005357414136081,0.05145381636169695,0.023456392570245812,0.05230050057029507,81.88056582424619,1.0316543836864898,G01783,121.3744435909699,38.831015037886615,119.69699399296788,NA,NA,NA,NA,NA,NA,NA,NA,NA,NA,NA,NA,NA,0.045255323258946156,0.18264980299217284
1803,5.005357414136081,0.05145381636169695,0.023456392570245812,0.05230050057029507,81.88056582424619,1.0316543836864898,G01803,75.21016357482502,37.81558003289568,5422.844378269938,NA,NA,NA,NA,NA,NA,NA,NA,NA,NA,NA,NA,NA,0.045255323258946156,0.18264980299217284
1804,5.005357414136081,0.05145381636169695,0.023456392570245812,0.05230050057029507,81.88056582424619,1.0316543836864898,G01804,75.90764150809956,37.79140429115398,10000,NA,NA,NA,NA,NA,NA,NA,NA,NA,NA,NA,NA,NA,0.045255323258946156,0.18264980299217284
1805,5.005357414136081,0.05145381636169695,0.023456392570245812,0.05230050057029507,81.88056582424619,1.0316543836864898,G01805,76.80595679221908,37.79140429115398,10000,NA,NA,NA,NA,NA,NA,NA,NA,NA,NA,NA,NA,NA,0.045255323258946156,0.18264980299217284
1806,5.005357414136081,0.05145381636169695,0.023456392570245812,0.05230050057029507,81.88056582424619,1.0316543836864898,G01806,77.7042720763386,37.79140429115398,10000,NA,NA,NA,NA,NA,NA,NA,NA,NA,NA,NA,NA,NA,0.045255323258946156,0.18264980299217284
1807,5.005357414136081,0.05145381636169695,0.023456392570245812,0.05230050057029507,81.88056582424619,1.0316543836864898,G01807,78.60258736045813,37.79140429115398,10000,NA,NA,NA,NA,NA,NA,NA,NA,NA,NA,NA,NA,NA,0.045255323258946156,0.18264980299217284
1808,5.005357414136081,0.05145381636169695,0.023456392570245812,0.05230050057029507,81.88056582424619,1.0316543836864898,G01808,79.50090264457765,37.79140429115398,10000,NA,NA,NA,NA,NA,NA,NA,NA,NA,NA,NA,NA,NA,0.045255323258946156,0.18264980299217284
1809,5.005357414136081,0.05145381636169695,0.023456392570245812,0.05230050057029507,81.88056582424619,1.0316543836864898,G01809,80.39921792869717,37.79140429115398,10000,NA,NA,NA,NA,NA,NA,NA,NA,NA,NA,NA,NA,NA,0.045255323258946156,0.18264980299217284
1815,5.005357414136081,0.05145381636169695,0.023456392570245812,0.05230050057029507,81.88056582424619,1.0316543836864898,G01815,85.7891096334143,37.79140429115398,10000,NA,NA,NA,NA,NA,NA,NA,NA,NA,NA,NA,NA,NA,0.045255323258946156,0.18264980299217284
1816,5.005357414136081,0.05145381636169695,0.023456392570245812,0.05230050057029507,81.88056582424619,1.0316543836864898,G01816,86.68742491753382,37.79140429115398,10000,NA,NA,NA,NA,NA,NA,NA,NA,NA,NA,NA,NA,NA,0.045255323258946156,0.18264980299217284
1819,5.005357414136081,0.05145381636169695,0.023456392570245812,0.05230050057029507,81.88056582424619,1.0316543836864898,G01819,89.38237076989238,37.79140429115398,10000,NA,NA,NA,NA,NA,NA,NA,NA,NA,NA,NA,NA,NA,0.045255323258946156,0.18264980299217284
1820,5.005357414136081,0.05145381636169695,0.023456392570245812,0.05230050057029507,81.88056582424619,1.0316543836864898,G01820,90.2806860540119,37.79140429115398,10000,NA,NA,NA,NA,NA,NA,NA,NA,NA,NA,NA,NA,NA,0.045255323258946156,0.18264980299217284
1821,5.005357414136081,0.05145381636169695,0.023456392570245812,0.05230050057029507,81.88056582424619,1.0316543836864898,G01821,91.17900133813141,37.79140429115398,10000,NA,NA,NA,NA,NA,NA,NA,NA,NA,NA,NA,NA,NA,0.045255323258946156,0.18264980299217284
1822,5.005357414136081,0.05145381636169695,0.023456392570245812,0.05230050057029507,81.88056582424619,1.0316543836864898,G01822,92.07731662225093,37.79140429115398,10000,NA,NA,NA,NA,NA,NA,NA,NA,NA,NA,NA,NA,NA,0.045255323258946156,0.18264980299217284
1823,5.005357414136081,0.05145381636169695,0.023456392570245812,0.05230050057029507,81.88056582424619,1.0316543836864898,G01823,92.97563190637047,37.79140429115398,10000,NA,NA,NA,NA,NA,NA,NA,NA,NA,NA,NA,NA,NA,0.045255323258946156,0.18264980299217284
1824,5.005357414136081,0.05145381636169695,0.023456392570245812,0.05230050057029507,81.88056582424619,1.0316543836864898,G01824,93.87394719048999,37.79140429115398,10000,NA,NA,NA,NA,NA,NA,NA,NA,NA,NA,NA,NA,NA,0.045255323258946156,0.18264980299217284
1825,5.005357414136081,0.05145381636169695,0.023456392570245812,0.05230050057029507,81.88056582424619,1.0316543836864898,G01825,94.7722624746095,37.79140429115398,10000,NA,NA,NA,NA,NA,NA,NA,NA,NA,NA,NA,NA,NA,0.045255323258946156,0.18264980299217284
1826,5.005357414136081,0.05145381636169695,0.023456392570245812,0.05230050057029507,81.88056582424619,1.0316543836864898,G01826,95.67057775872902,37.79140429115398,10000,NA,NA,NA,NA,NA,NA,NA,NA,NA,NA,NA,NA,NA,0.045255323258946156,0.18264980299217284
1827,5.005357414136081,0.05145381636169695,0.023456392570245812,0.05230050057029507,81.88056582424619,1.0316543836864898,G01827,96.56889304284854,37.79140429115398,10000,NA,NA,NA,NA,NA,NA,NA,NA,NA,NA,NA,NA,NA,0.045255323258946156,0.18264980299217284
1828,5.005357414136081,0.05145381636169695,0.023456392570245812,0.05230050057029507,81.88056582424619,1.0316543836864898,G01828,97.46720832696808,37.79140429115398,10000,NA,NA,NA,NA,NA,NA,NA,NA,NA,NA,NA,NA,NA,0.045255323258946156,0.18264980299217284
1829,5.005357414136081,0.05145381636169695,0.023456392570245812,0.05230050057029507,81.88056582424619,1.0316543836864898,G01829,98.3655236110876,37.79140429115398,10000,NA,NA,NA,NA,NA,NA,NA,NA,NA,NA,NA,NA,NA,0.045255323258946156,0.18264980299217284
1830,5.005357414136081,0.05145381636169695,0.023456392570245812,0.05230050057029507,81.88056582424619,1.0316543836864898,G01830,99.26383889520712,37.79140429115398,10000,NA,NA,NA,NA,NA,NA,NA,NA,NA,NA,NA,NA,NA,0.045255323258946156,0.18264980299217284
1831,5.005357414136081,0.05145381636169695,0.023456392570245812,0.05230050057029507,81.88056582424619,1.0316543836864898,G01831,100.16215417932663,37.79140429115398,10000,NA,NA,NA,NA,NA,NA,NA,NA,NA,NA,NA,NA,NA,0.045255323258946156,0.18264980299217284
1832,5.005357414136081,0.05145381636169695,0.023456392570245812,0.05230050057029507,81.88056582424619,1.0316543836864898,G01832,101.06046946344617,37.79140429115398,10000,NA,NA,NA,NA,NA,NA,NA,NA,NA,NA,NA,NA,NA,0.045255323258946156,0.18264980299217284
1833,5.005357414136081,0.05145381636169695,0.023456392570245812,0.05230050057029507,81.88056582424619,1.0316543836864898,G01833,101.95878474756569,37.79140429115398,10000,NA,NA,NA,NA,NA,NA,NA,NA,NA,NA,NA,NA,NA,0.045255323258946156,0.18264980299217284
1834,5.005357414136081,0.05145381636169695,0.023456392570245812,0.05230050057029507,81.88056582424619,1.0316543836864898,G01834,102.8571000316852,37.79140429115398,10000,NA,NA,NA,NA,NA,NA,NA,NA,NA,NA,NA,NA,NA,0.045255323258946156,0.18264980299217284
1835,5.005357414136081,0.05145381636169695,0.023456392570245812,0.05230050057029507,81.88056582424619,1.0316543836864898,G01835,103.75541531580473,37.79140429115398,10000,NA,NA,NA,NA,NA,NA,NA,NA,NA,NA,NA,NA,NA,0.045255323258946156,0.18264980299217284
1836,5.005357414136081,0.05145381636169695,0.023456392570245812,0.05230050057029507,81.88056582424619,1.0316543836864898,G01836,104.65373059992424,37.79140429115398,10000,NA,NA,NA,NA,NA,NA,NA,NA,NA,NA,NA,NA,NA,0.045255323258946156,0.18264980299217284
1837,5.005357414136081,0.05145381636169695,0.023456392570245812,0.05230050057029507,81.88056582424619,1.0316543836864898,G01837,105.55204588404376,37.79140429115398,10000,NA,NA,NA,NA,NA,NA,NA,NA,NA,NA,NA,NA,NA,0.045255323258946156,0.18264980299217284
1838,5.005357414136081,0.05145381636169695,0.023456392570245812,0.05230050057029507,81.88056582424619,1.0316543836864898,G01838,106.45036116816328,37.79140429115398,10000,NA,NA,NA,NA,NA,NA,NA,NA,NA,NA,NA,NA,NA,0.045255323258946156,0.18264980299217284
1839,5.005357414136081,0.05145381636169695,0.023456392570245812,0.05230050057029507,81.88056582424619,1.0316543836864898,G01839,107.34867645228282,37.79140429115398,10000,NA,NA,NA,NA,NA,NA,NA,NA,NA,NA,NA,NA,NA,0.045255323258946156,0.18264980299217284
1840,5.005357414136081,0.05145381636169695,0.023456392570245812,0.05230050057029507,81.88056582424619,1.0316543836864898,G01840,108.24699173640234,37.79140429115398,10000,NA,NA,NA,NA,NA,NA,NA,NA,NA,NA,NA,NA,NA,0.045255323258946156,0.18264980299217284
1841,5.005357414136081,0.05145381636169695,0.023456392570245812,0.05230050057029507,81.88056582424619,1.0316543836864898,G01841,109.14530702052186,37.79140429115398,10000,NA,NA,NA,NA,NA,NA,NA,NA,NA,NA,NA,NA,NA,0.045255323258946156,0.18264980299217284
1842,5.005357414136081,0.05145381636169695,0.023456392570245812,0.05230050057029507,81.88056582424619,1.0316543836864898,G01842,110.04362230464137,37.79140429115398,10000,NA,NA,NA,NA,NA,NA,NA,NA,NA,NA,NA,NA,NA,0.045255323258946156,0.18264980299217284
1843,5.005357414136081,0.05145381636169695,0.023456392570245812,0.05230050057029507,81.88056582424619,1.0316543836864898,G01843,110.9419375887609,37.79140429115398,10000,NA,NA,NA,NA,NA,NA,NA,NA,NA,NA,NA,NA,NA,0.045255323258946156,0.18264980299217284
1844,5.005357414136081,0.05145381636169695,0.023456392570245812,0.05230050057029507,81.88056582424619,1.0316543836864898,G01844,111.84025287288041,37.79140429115398,10000,NA,NA,NA,NA,NA,NA,NA,NA,NA,NA,NA,NA,NA,0.045255323258946156,0.18264980299217284
1845,5.005357414136081,0.05145381636169695,0.023456392570245812,0.05230050057029507,81.88056582424619,1.0316543836864898,G01845,112.73856815699993,37.79140429115398,10000,NA,NA,NA,NA,NA,NA,NA,NA,NA,NA,NA,NA,NA,0.045255323258946156,0.18264980299217284
1846,5.005357414136081,0.05145381636169695,0.023456392570245812,0.05230050057029507,81.88056582424619,1.0316543836864898,G01846,113.63688344111945,37.79140429115398,9999.999999999976,NA,NA,NA,NA,NA,NA,NA,NA,NA,NA,NA,NA,NA,0.045255323258946156,0.18264980299217284
1847,5.005357414136081,0.05145381636169695,0.023456392570245812,0.05230050057029507,81.88056582424619,1.0316543836864898,G01847,114.53519872523898,37.79140429115398,9999.99999999995,NA,NA,NA,NA,NA,NA,NA,NA,NA,NA,NA,NA,NA,0.045255323258946156,0.18264980299217284
1848,5.005357414136081,0.05145381636169695,0.023456392570245812,0.05230050057029507,81.88056582424619,1.0316543836864898,G01848,115.43351400935852,37.79140429115398,10000,NA,NA,NA,NA,NA,NA,NA,NA,NA,NA,NA,NA,NA,0.045255323258946156,0.18264980299217284
1849,5.005357414136081,0.05145381636169695,0.023456392570245812,0.05230050057029507,81.88056582424619,1.0316543836864898,G01849,116.33182929347802,37.79140429115398,10000,NA,NA,NA,NA,NA,NA,NA,NA,NA,NA,NA,NA,NA,0.045255323258946156,0.18264980299217284
1850,5.005357414136081,0.05145381636169695,0.023456392570245812,0.05230050057029507,81.88056582424619,1.0316543836864898,G01850,117.23014457759756,37.79140429115398,10000,NA,NA,NA,NA,NA,NA,NA,NA,NA,NA,NA,NA,NA,0.045255323258946156,0.18264980299217284
1851,5.005357414136081,0.05145381636169695,0.023456392570245812,0.05230050057029507,81.88056582424619,1.0316543836864898,G01851,118.11952184177392,37.75789688663779,8942.635437212328,NA,NA,NA,NA,NA,NA,NA,NA,NA,NA,NA,NA,NA,0.045255323258946156,0.18264980299217284
1852,5.005357414136081,0.05145381636169695,0.023456392570245812,0.05230050057029507,81.88056582424619,1.0316543836864898,G01852,118.81183235760908,37.77612038801182,4601.845360384101,NA,NA,NA,NA,NA,NA,NA,NA,NA,NA,NA,NA,NA,0.045255323258946156,0.18264980299217284
1853,5.005357414136081,0.05145381636169695,0.023456392570245812,0.05230050057029507,81.88056582424619,1.0316543836864898,G01853,120.27570256275236,37.54207252184061,675.8850379062173,NA,NA,NA,NA,NA,NA,NA,NA,NA,NA,NA,NA,NA,0.045255323258946156,0.18264980299217284
1854,5.005357414136081,0.05145381636169695,0.023456392570245812,0.05230050057029507,81.88056582424619,1.0316543836864898,G01854,120.77334839029243,37.604058266737084,4282.099543383337,NA,NA,NA,NA,NA,NA,NA,NA,NA,NA,NA,NA,NA,0.045255323258946156,0.18264980299217284
1855,5.005357414136081,0.05145381636169695,0.023456392570245812,0.05230050057029507,81.88056582424619,1.0316543836864898,G01855,121.6562053402167,37.49852734243046,705.1093366012568,NA,NA,NA,NA,NA,NA,NA,NA,NA,NA,NA,NA,NA,0.045255323258946156,0.18264980299217284
1856,5.005357414136081,0.05145381636169695,0.023456392570245812,0.05230050057029507,81.88056582424619,1.0316543836864898,G01856,122.19804630974411,37.447606875230626,8.962121329760349,NA,NA,NA,NA,NA,NA,NA,NA,NA,NA,NA,NA,NA,0.045255323258946156,0.18264980299217284
1875,5.005357414136081,0.05145381636169695,0.023456392570245812,0.05230050057029507,81.88056582424619,1.0316543836864898,G01875,75.09454051938708,37.183915901525914,4385.462524369129,NA,NA,NA,NA,NA,NA,NA,NA,NA,NA,NA,NA,NA,0.045255323258946156,0.18264980299217284
1876,5.005357414136081,0.05145381636169695,0.023456392570245812,0.05230050057029507,81.88056582424619,1.0316543836864898,G01876,75.91626844227284,37.08768825256086,9715.258877305978,NA,NA,NA,NA,NA,NA,NA,NA,NA,NA,NA,NA,NA,0.045255323258946156,0.18264980299217284
1877,5.005357414136081,0.05145381636169695,0.023456392570245812,0.05230050057029507,81.88056582424619,1.0316543836864898,G01877,76.80595679221908,37.07811061967602,10000,NA,NA,NA,NA,NA,NA,NA,NA,NA,NA,NA,NA,NA,0.045255323258946156,0.18264980299217284
1878,5.005357414136081,0.05145381636169695,0.023456392570245812,0.05230050057029507,81.88056582424619,1.0316543836864898,G01878,77.7042720763386,37.07811061967602,10000,NA,NA,NA,NA,NA,NA,NA,NA,NA,NA,NA,NA,NA,0.045255323258946156,0.18264980299217284
1879,5.005357414136081,0.05145381636169695,0.023456392570245812,0.05230050057029507,81.88056582424619,1.0316543836864898,G01879,78.60258736045813,37.07811061967602,10000,NA,NA,NA,NA,NA,NA,NA,NA,NA,NA,NA,NA,NA,0.045255323258946156,0.18264980299217284
1880,5.005357414136081,0.05145381636169695,0.023456392570245812,0.05230050057029507,81.88056582424619,1.0316543836864898,G01880,79.50090264457765,37.07811061967602,10000,NA,NA,NA,NA,NA,NA,NA,NA,NA,NA,NA,NA,NA,0.045255323258946156,0.18264980299217284
1881,5.005357414136081,0.05145381636169695,0.023456392570245812,0.05230050057029507,81.88056582424619,1.0316543836864898,G01881,80.39921792869717,37.07811061967602,10000,NA,NA,NA,NA,NA,NA,NA,NA,NA,NA,NA,NA,NA,0.045255323258946156,0.18264980299217284
1882,5.005357414136081,0.05145381636169695,0.023456392570245812,0.05230050057029507,81.88056582424619,1.0316543836864898,G01882,81.29753321281669,37.07811061967602,10000,NA,NA,NA,NA,NA,NA,NA,NA,NA,NA,NA,NA,NA,0.045255323258946156,0.18264980299217284
1884,5.005357414136081,0.05145381636169695,0.023456392570245812,0.05230050057029507,81.88056582424619,1.0316543836864898,G01884,83.09416378105573,37.07811061967602,10000,NA,NA,NA,NA,NA,NA,NA,NA,NA,NA,NA,NA,NA,0.045255323258946156,0.18264980299217284
1892,5.005357414136081,0.05145381636169695,0.023456392570245812,0.05230050057029507,81.88056582424619,1.0316543836864898,G01892,90.2806860540119,37.07811061967602,10000,NA,NA,NA,NA,NA,NA,NA,NA,NA,NA,NA,NA,NA,0.045255323258946156,0.18264980299217284
1895,5.005357414136081,0.05145381636169695,0.023456392570245812,0.05230050057029507,81.88056582424619,1.0316543836864898,G01895,92.97563190637047,37.07811061967602,10000,NA,NA,NA,NA,NA,NA,NA,NA,NA,NA,NA,NA,NA,0.045255323258946156,0.18264980299217284
1896,5.005357414136081,0.05145381636169695,0.023456392570245812,0.05230050057029507,81.88056582424619,1.0316543836864898,G01896,93.87394719048999,37.07811061967602,10000,NA,NA,NA,NA,NA,NA,NA,NA,NA,NA,NA,NA,NA,0.045255323258946156,0.18264980299217284
1897,5.005357414136081,0.05145381636169695,0.023456392570245812,0.05230050057029507,81.88056582424619,1.0316543836864898,G01897,94.7722624746095,37.07811061967602,10000,NA,NA,NA,NA,NA,NA,NA,NA,NA,NA,NA,NA,NA,0.045255323258946156,0.18264980299217284
1898,5.005357414136081,0.05145381636169695,0.023456392570245812,0.05230050057029507,81.88056582424619,1.0316543836864898,G01898,95.67057775872902,37.07811061967602,10000,NA,NA,NA,NA,NA,NA,NA,NA,NA,NA,NA,NA,NA,0.045255323258946156,0.18264980299217284
1899,5.005357414136081,0.05145381636169695,0.023456392570245812,0.05230050057029507,81.88056582424619,1.0316543836864898,G01899,96.56889304284854,37.07811061967602,10000,NA,NA,NA,NA,NA,NA,NA,NA,NA,NA,NA,NA,NA,0.045255323258946156,0.18264980299217284
1900,5.005357414136081,0.05145381636169695,0.023456392570245812,0.05230050057029507,81.88056582424619,1.0316543836864898,G01900,97.46720832696808,37.07811061967602,10000,NA,NA,NA,NA,NA,NA,NA,NA,NA,NA,NA,NA,NA,0.045255323258946156,0.18264980299217284
1901,5.005357414136081,0.05145381636169695,0.023456392570245812,0.05230050057029507,81.88056582424619,1.0316543836864898,G01901,98.3655236110876,37.07811061967602,10000,NA,NA,NA,NA,NA,NA,NA,NA,NA,NA,NA,NA,NA,0.045255323258946156,0.18264980299217284
1902,5.005357414136081,0.05145381636169695,0.023456392570245812,0.05230050057029507,81.88056582424619,1.0316543836864898,G01902,99.26383889520712,37.07811061967602,10000,NA,NA,NA,NA,NA,NA,NA,NA,NA,NA,NA,NA,NA,0.045255323258946156,0.18264980299217284
1903,5.005357414136081,0.05145381636169695,0.023456392570245812,0.05230050057029507,81.88056582424619,1.0316543836864898,G01903,100.16215417932663,37.07811061967602,10000,NA,NA,NA,NA,NA,NA,NA,NA,NA,NA,NA,NA,NA,0.045255323258946156,0.18264980299217284
1904,5.005357414136081,0.05145381636169695,0.023456392570245812,0.05230050057029507,81.88056582424619,1.0316543836864898,G01904,101.06046946344617,37.07811061967602,10000,NA,NA,NA,NA,NA,NA,NA,NA,NA,NA,NA,NA,NA,0.045255323258946156,0.18264980299217284
1905,5.005357414136081,0.05145381636169695,0.023456392570245812,0.05230050057029507,81.88056582424619,1.0316543836864898,G01905,101.95878474756569,37.07811061967602,10000,NA,NA,NA,NA,NA,NA,NA,NA,NA,NA,NA,NA,NA,0.045255323258946156,0.18264980299217284
1906,5.005357414136081,0.05145381636169695,0.023456392570245812,0.05230050057029507,81.88056582424619,1.0316543836864898,G01906,102.8571000316852,37.07811061967602,10000,NA,NA,NA,NA,NA,NA,NA,NA,NA,NA,NA,NA,NA,0.045255323258946156,0.18264980299217284
1907,5.005357414136081,0.05145381636169695,0.023456392570245812,0.05230050057029507,81.88056582424619,1.0316543836864898,G01907,103.75541531580473,37.07811061967602,10000,NA,NA,NA,NA,NA,NA,NA,NA,NA,NA,NA,NA,NA,0.045255323258946156,0.18264980299217284
1908,5.005357414136081,0.05145381636169695,0.023456392570245812,0.05230050057029507,81.88056582424619,1.0316543836864898,G01908,104.65373059992424,37.07811061967602,10000,NA,NA,NA,NA,NA,NA,NA,NA,NA,NA,NA,NA,NA,0.045255323258946156,0.18264980299217284
1909,5.005357414136081,0.05145381636169695,0.023456392570245812,0.05230050057029507,81.88056582424619,1.0316543836864898,G01909,105.55204588404376,37.07811061967602,10000,NA,NA,NA,NA,NA,NA,NA,NA,NA,NA,NA,NA,NA,0.045255323258946156,0.18264980299217284
1910,5.005357414136081,0.05145381636169695,0.023456392570245812,0.05230050057029507,81.88056582424619,1.0316543836864898,G01910,106.45036116816328,37.07811061967602,10000,NA,NA,NA,NA,NA,NA,NA,NA,NA,NA,NA,NA,NA,0.045255323258946156,0.18264980299217284
1911,5.005357414136081,0.05145381636169695,0.023456392570245812,0.05230050057029507,81.88056582424619,1.0316543836864898,G01911,107.34867645228282,37.07811061967602,10000,NA,NA,NA,NA,NA,NA,NA,NA,NA,NA,NA,NA,NA,0.045255323258946156,0.18264980299217284
1912,5.005357414136081,0.05145381636169695,0.023456392570245812,0.05230050057029507,81.88056582424619,1.0316543836864898,G01912,108.24699173640234,37.07811061967602,10000,NA,NA,NA,NA,NA,NA,NA,NA,NA,NA,NA,NA,NA,0.045255323258946156,0.18264980299217284
1913,5.005357414136081,0.05145381636169695,0.023456392570245812,0.05230050057029507,81.88056582424619,1.0316543836864898,G01913,109.14530702052186,37.07811061967602,10000,NA,NA,NA,NA,NA,NA,NA,NA,NA,NA,NA,NA,NA,0.045255323258946156,0.18264980299217284
1914,5.005357414136081,0.05145381636169695,0.023456392570245812,0.05230050057029507,81.88056582424619,1.0316543836864898,G01914,110.04362230464137,37.07811061967602,10000,NA,NA,NA,NA,NA,NA,NA,NA,NA,NA,NA,NA,NA,0.045255323258946156,0.18264980299217284
1915,5.005357414136081,0.05145381636169695,0.023456392570245812,0.05230050057029507,81.88056582424619,1.0316543836864898,G01915,110.9419375887609,37.07811061967602,10000,NA,NA,NA,NA,NA,NA,NA,NA,NA,NA,NA,NA,NA,0.045255323258946156,0.18264980299217284
1916,5.005357414136081,0.05145381636169695,0.023456392570245812,0.05230050057029507,81.88056582424619,1.0316543836864898,G01916,111.84025287288041,37.07811061967602,10000,NA,NA,NA,NA,NA,NA,NA,NA,NA,NA,NA,NA,NA,0.045255323258946156,0.18264980299217284
1917,5.005357414136081,0.05145381636169695,0.023456392570245812,0.05230050057029507,81.88056582424619,1.0316543836864898,G01917,112.73856815699993,37.07811061967602,10000,NA,NA,NA,NA,NA,NA,NA,NA,NA,NA,NA,NA,NA,0.045255323258946156,0.18264980299217284
1918,5.005357414136081,0.05145381636169695,0.023456392570245812,0.05230050057029507,81.88056582424619,1.0316543836864898,G01918,113.63688344111955,37.07811061967602,9999.999999999794,NA,NA,NA,NA,NA,NA,NA,NA,NA,NA,NA,NA,NA,0.045255323258946156,0.18264980299217284
1919,5.005357414136081,0.05145381636169695,0.023456392570245812,0.05230050057029507,81.88056582424619,1.0316543836864898,G01919,114.53519872523898,37.07811061967602,10000,NA,NA,NA,NA,NA,NA,NA,NA,NA,NA,NA,NA,NA,0.045255323258946156,0.18264980299217284
1920,5.005357414136081,0.05145381636169695,0.023456392570245812,0.05230050057029507,81.88056582424619,1.0316543836864898,G01920,115.43351400935852,37.07811061967602,10000,NA,NA,NA,NA,NA,NA,NA,NA,NA,NA,NA,NA,NA,0.045255323258946156,0.18264980299217284
1921,5.005357414136081,0.05145381636169695,0.023456392570245812,0.05230050057029507,81.88056582424619,1.0316543836864898,G01921,116.33182929347802,37.07811061967602,10000,NA,NA,NA,NA,NA,NA,NA,NA,NA,NA,NA,NA,NA,0.045255323258946156,0.18264980299217284
1922,5.005357414136081,0.05145381636169695,0.023456392570245812,0.05230050057029507,81.88056582424619,1.0316543836864898,G01922,117.23014457759756,37.07811061967602,10000,NA,NA,NA,NA,NA,NA,NA,NA,NA,NA,NA,NA,NA,0.045255323258946156,0.18264980299217284
1923,5.005357414136081,0.05145381636169695,0.023456392570245812,0.05230050057029507,81.88056582424619,1.0316543836864898,G01923,118.12845986171706,37.07811061967602,10000,NA,NA,NA,NA,NA,NA,NA,NA,NA,NA,NA,NA,NA,0.045255323258946156,0.18264980299217284
1924,5.005357414136081,0.05145381636169695,0.023456392570245812,0.05230050057029507,81.88056582424619,1.0316543836864898,G01924,118.96492958505569,37.00713116403455,7518.700677841981,NA,NA,NA,NA,NA,NA,NA,NA,NA,NA,NA,NA,NA,0.045255323258946156,0.18264980299217284
1925,5.005357414136081,0.05145381636169695,0.023456392570245812,0.05230050057029507,81.88056582424619,1.0316543836864898,G01925,119.98088085586191,37.02983669432528,8182.889552532295,NA,NA,NA,NA,NA,NA,NA,NA,NA,NA,NA,NA,NA,0.045255323258946156,0.18264980299217284
1926,5.005357414136081,0.05145381636169695,0.023456392570245812,0.05230050057029507,81.88056582424619,1.0316543836864898,G01926,120.82340571407563,37.07811061967602,10000,NA,NA,NA,NA,NA,NA,NA,NA,NA,NA,NA,NA,NA,0.045255323258946156,0.18264980299217284
1927,5.005357414136081,0.05145381636169695,0.023456392570245812,0.05230050057029507,81.88056582424619,1.0316543836864898,G01927,121.68864427738737,37.13320114804453,8188.826608084066,NA,NA,NA,NA,NA,NA,NA,NA,NA,NA,NA,NA,NA,0.045255323258946156,0.18264980299217284
1928,5.005357414136081,0.05145381636169695,0.023456392570245812,0.05230050057029507,81.88056582424619,1.0316543836864898,G01928,122.34726400734631,37.13988999687413,2968.4577655108387,NA,NA,NA,NA,NA,NA,NA,NA,NA,NA,NA,NA,NA,0.045255323258946156,0.18264980299217284
1950,5.005357414136081,0.05145381636169695,0.023456392570245812,0.05230050057029507,81.88056582424619,1.0316543836864898,G01950,77.7042720763386,36.358042728037645,10000,NA,NA,NA,NA,NA,NA,NA,NA,NA,NA,NA,NA,NA,0.045255323258946156,0.18264980299217284
1951,5.005357414136081,0.05145381636169695,0.023456392570245812,0.05230050057029507,81.88056582424619,1.0316543836864898,G01951,78.60258736045813,36.358042728037645,10000,NA,NA,NA,NA,NA,NA,NA,NA,NA,NA,NA,NA,NA,0.045255323258946156,0.18264980299217284
1952,5.005357414136081,0.05145381636169695,0.023456392570245812,0.05230050057029507,81.88056582424619,1.0316543836864898,G01952,79.50090264457765,36.358042728037645,10000,NA,NA,NA,NA,NA,NA,NA,NA,NA,NA,NA,NA,NA,0.045255323258946156,0.18264980299217284
1953,5.005357414136081,0.05145381636169695,0.023456392570245812,0.05230050057029507,81.88056582424619,1.0316543836864898,G01953,80.39921792869717,36.358042728037645,10000,NA,NA,NA,NA,NA,NA,NA,NA,NA,NA,NA,NA,NA,0.045255323258946156,0.18264980299217284
1954,5.005357414136081,0.05145381636169695,0.023456392570245812,0.05230050057029507,81.88056582424619,1.0316543836864898,G01954,81.29753321281669,36.358042728037645,10000,NA,NA,NA,NA,NA,NA,NA,NA,NA,NA,NA,NA,NA,0.045255323258946156,0.18264980299217284
1967,5.005357414136081,0.05145381636169695,0.023456392570245812,0.05230050057029507,81.88056582424619,1.0316543836864898,G01967,92.97563190637047,36.358042728037645,10000,NA,NA,NA,NA,NA,NA,NA,NA,NA,NA,NA,NA,NA,0.045255323258946156,0.18264980299217284
1968,5.005357414136081,0.05145381636169695,0.023456392570245812,0.05230050057029507,81.88056582424619,1.0316543836864898,G01968,93.87394719048999,36.358042728037645,10000,NA,NA,NA,NA,NA,NA,NA,NA,NA,NA,NA,NA,NA,0.045255323258946156,0.18264980299217284
1969,5.005357414136081,0.05145381636169695,0.023456392570245812,0.05230050057029507,81.88056582424619,1.0316543836864898,G01969,94.7722624746095,36.358042728037645,10000,NA,NA,NA,NA,NA,NA,NA,NA,NA,NA,NA,NA,NA,0.045255323258946156,0.18264980299217284
1970,5.005357414136081,0.05145381636169695,0.023456392570245812,0.05230050057029507,81.88056582424619,1.0316543836864898,G01970,95.67057775872902,36.358042728037645,10000,NA,NA,NA,NA,NA,NA,NA,NA,NA,NA,NA,NA,NA,0.045255323258946156,0.18264980299217284
1971,5.005357414136081,0.05145381636169695,0.023456392570245812,0.05230050057029507,81.88056582424619,1.0316543836864898,G01971,96.56889304284854,36.358042728037645,10000,NA,NA,NA,NA,NA,NA,NA,NA,NA,NA,NA,NA,NA,0.045255323258946156,0.18264980299217284
1972,5.005357414136081,0.05145381636169695,0.023456392570245812,0.05230050057029507,81.88056582424619,1.0316543836864898,G01972,97.46720832696808,36.358042728037645,10000,NA,NA,NA,NA,NA,NA,NA,NA,NA,NA,NA,NA,NA,0.045255323258946156,0.18264980299217284
1973,5.005357414136081,0.05145381636169695,0.023456392570245812,0.05230050057029507,81.88056582424619,1.0316543836864898,G01973,98.3655236110876,36.358042728037645,10000,NA,NA,NA,NA,NA,NA,NA,NA,NA,NA,NA,NA,NA,0.045255323258946156,0.18264980299217284
1974,5.005357414136081,0.05145381636169695,0.023456392570245812,0.05230050057029507,81.88056582424619,1.0316543836864898,G01974,99.26383889520712,36.358042728037645,10000,NA,NA,NA,NA,NA,NA,NA,NA,NA,NA,NA,NA,NA,0.045255323258946156,0.18264980299217284
1975,5.005357414136081,0.05145381636169695,0.023456392570245812,0.05230050057029507,81.88056582424619,1.0316543836864898,G01975,100.16215417932663,36.358042728037645,10000,NA,NA,NA,NA,NA,NA,NA,NA,NA,NA,NA,NA,NA,0.045255323258946156,0.18264980299217284
1976,5.005357414136081,0.05145381636169695,0.023456392570245812,0.05230050057029507,81.88056582424619,1.0316543836864898,G01976,101.06046946344617,36.358042728037645,10000,NA,NA,NA,NA,NA,NA,NA,NA,NA,NA,NA,NA,NA,0.045255323258946156,0.18264980299217284
1977,5.005357414136081,0.05145381636169695,0.023456392570245812,0.05230050057029507,81.88056582424619,1.0316543836864898,G01977,101.95878474756569,36.358042728037645,10000,NA,NA,NA,NA,NA,NA,NA,NA,NA,NA,NA,NA,NA,0.045255323258946156,0.18264980299217284
1978,5.005357414136081,0.05145381636169695,0.023456392570245812,0.05230050057029507,81.88056582424619,1.0316543836864898,G01978,102.8571000316852,36.358042728037645,10000,NA,NA,NA,NA,NA,NA,NA,NA,NA,NA,NA,NA,NA,0.045255323258946156,0.18264980299217284
1979,5.005357414136081,0.05145381636169695,0.023456392570245812,0.05230050057029507,81.88056582424619,1.0316543836864898,G01979,103.75541531580473,36.358042728037645,10000,NA,NA,NA,NA,NA,NA,NA,NA,NA,NA,NA,NA,NA,0.045255323258946156,0.18264980299217284
1980,5.005357414136081,0.05145381636169695,0.023456392570245812,0.05230050057029507,81.88056582424619,1.0316543836864898,G01980,104.65373059992424,36.358042728037645,10000,NA,NA,NA,NA,NA,NA,NA,NA,NA,NA,NA,NA,NA,0.045255323258946156,0.18264980299217284
1981,5.005357414136081,0.05145381636169695,0.023456392570245812,0.05230050057029507,81.88056582424619,1.0316543836864898,G01981,105.55204588404376,36.358042728037645,10000,NA,NA,NA,NA,NA,NA,NA,NA,NA,NA,NA,NA,NA,0.045255323258946156,0.18264980299217284
1982,5.005357414136081,0.05145381636169695,0.023456392570245812,0.05230050057029507,81.88056582424619,1.0316543836864898,G01982,106.45036116816328,36.358042728037645,10000,NA,NA,NA,NA,NA,NA,NA,NA,NA,NA,NA,NA,NA,0.045255323258946156,0.18264980299217284
1983,5.005357414136081,0.05145381636169695,0.023456392570245812,0.05230050057029507,81.88056582424619,1.0316543836864898,G01983,107.34867645228282,36.358042728037645,10000,NA,NA,NA,NA,NA,NA,NA,NA,NA,NA,NA,NA,NA,0.045255323258946156,0.18264980299217284
1984,5.005357414136081,0.05145381636169695,0.023456392570245812,0.05230050057029507,81.88056582424619,1.0316543836864898,G01984,108.24699173640234,36.358042728037645,10000,NA,NA,NA,NA,NA,NA,NA,NA,NA,NA,NA,NA,NA,0.045255323258946156,0.18264980299217284
1985,5.005357414136081,0.05145381636169695,0.023456392570245812,0.05230050057029507,81.88056582424619,1.0316543836864898,G01985,109.14530702052186,36.358042728037645,10000,NA,NA,NA,NA,NA,NA,NA,NA,NA,NA,NA,NA,NA,0.045255323258946156,0.18264980299217284
1986,5.005357414136081,0.05145381636169695,0.023456392570245812,0.05230050057029507,81.88056582424619,1.0316543836864898,G01986,110.04362230464137,36.358042728037645,10000,NA,NA,NA,NA,NA,NA,NA,NA,NA,NA,NA,NA,NA,0.045255323258946156,0.18264980299217284
1987,5.005357414136081,0.05145381636169695,0.023456392570245812,0.05230050057029507,81.88056582424619,1.0316543836864898,G01987,110.9419375887609,36.358042728037645,10000,NA,NA,NA,NA,NA,NA,NA,NA,NA,NA,NA,NA,NA,0.045255323258946156,0.18264980299217284
1988,5.005357414136081,0.05145381636169695,0.023456392570245812,0.05230050057029507,81.88056582424619,1.0316543836864898,G01988,111.84025287288041,36.358042728037645,10000,NA,NA,NA,NA,NA,NA,NA,NA,NA,NA,NA,NA,NA,0.045255323258946156,0.18264980299217284
1989,5.005357414136081,0.05145381636169695,0.023456392570245812,0.05230050057029507,81.88056582424619,1.0316543836864898,G01989,112.73856815699993,36.358042728037645,10000,NA,NA,NA,NA,NA,NA,NA,NA,NA,NA,NA,NA,NA,0.045255323258946156,0.18264980299217284
1990,5.005357414136081,0.05145381636169695,0.023456392570245812,0.05230050057029507,81.88056582424619,1.0316543836864898,G01990,113.63688344111945,36.358042728037645,10000,NA,NA,NA,NA,NA,NA,NA,NA,NA,NA,NA,NA,NA,0.045255323258946156,0.18264980299217284
1991,5.005357414136081,0.05145381636169695,0.023456392570245812,0.05230050057029507,81.88056582424619,1.0316543836864898,G01991,114.53519872523898,36.358042728037645,10000,NA,NA,NA,NA,NA,NA,NA,NA,NA,NA,NA,NA,NA,0.045255323258946156,0.18264980299217284
1992,5.005357414136081,0.05145381636169695,0.023456392570245812,0.05230050057029507,81.88056582424619,1.0316543836864898,G01992,115.43351400935852,36.358042728037645,10000,NA,NA,NA,NA,NA,NA,NA,NA,NA,NA,NA,NA,NA,0.045255323258946156,0.18264980299217284
1993,5.005357414136081,0.05145381636169695,0.023456392570245812,0.05230050057029507,81.88056582424619,1.0316543836864898,G01993,116.33182929347797,36.358042728037645,9999.999999999965,NA,NA,NA,NA,NA,NA,NA,NA,NA,NA,NA,NA,NA,0.045255323258946156,0.18264980299217284
1994,5.005357414136081,0.05145381636169695,0.023456392570245812,0.05230050057029507,81.88056582424619,1.0316543836864898,G01994,117.23014457759756,36.358042728037645,10000,NA,NA,NA,NA,NA,NA,NA,NA,NA,NA,NA,NA,NA,0.045255323258946156,0.18264980299217284
1995,5.005357414136081,0.05145381636169695,0.023456392570245812,0.05230050057029507,81.88056582424619,1.0316543836864898,G01995,118.12845986171706,36.358042728037645,10000,NA,NA,NA,NA,NA,NA,NA,NA,NA,NA,NA,NA,NA,0.045255323258946156,0.18264980299217284
1996,5.005357414136081,0.05145381636169695,0.023456392570245812,0.05230050057029507,81.88056582424619,1.0316543836864898,G01996,119.0267751458366,36.358042728037645,10000,NA,NA,NA,NA,NA,NA,NA,NA,NA,NA,NA,NA,NA,0.045255323258946156,0.18264980299217284
1997,5.005357414136081,0.05145381636169695,0.023456392570245812,0.05230050057029507,81.88056582424619,1.0316543836864898,G01997,119.90429364743613,36.37582446958123,9316.634130154449,NA,NA,NA,NA,NA,NA,NA,NA,NA,NA,NA,NA,NA,0.045255323258946156,0.18264980299217284
1998,5.005357414136081,0.05145381636169695,0.023456392570245812,0.05230050057029507,81.88056582424619,1.0316543836864898,G01998,120.63521252907444,36.46514627078322,4293.0265099147955,NA,NA,NA,NA,NA,NA,NA,NA,NA,NA,NA,NA,NA,0.045255323258946156,0.18264980299217284
1999,5.005357414136081,0.05145381636169695,0.023456392570245812,0.05230050057029507,81.88056582424619,1.0316543836864898,G01999,121.34612702092814,36.7061764915174,39.22491466008423,NA,NA,NA,NA,NA,NA,NA,NA,NA,NA,NA,NA,NA,0.045255323258946156,0.18264980299217284
2024,5.005357414136081,0.05145381636169695,0.023456392570245812,0.05230050057029507,81.88056582424619,1.0316543836864898,G02024,79.50090264457765,35.63125108320182,10000,NA,NA,NA,NA,NA,NA,NA,NA,NA,NA,NA,NA,NA,0.045255323258946156,0.18264980299217284
2025,5.005357414136081,0.05145381636169695,0.023456392570245812,0.05230050057029507,81.88056582424619,1.0316543836864898,G02025,80.39921792869717,35.63125108320182,10000,NA,NA,NA,NA,NA,NA,NA,NA,NA,NA,NA,NA,NA,0.045255323258946156,0.18264980299217284
2027,5.005357414136081,0.05145381636169695,0.023456392570245812,0.05230050057029507,81.88056582424619,1.0316543836864898,G02027,82.19584849693621,35.63125108320182,10000,NA,NA,NA,NA,NA,NA,NA,NA,NA,NA,NA,NA,NA,0.045255323258946156,0.18264980299217284
2028,5.005357414136081,0.05145381636169695,0.023456392570245812,0.05230050057029507,81.88056582424619,1.0316543836864898,G02028,83.09416378105573,35.63125108320182,10000,NA,NA,NA,NA,NA,NA,NA,NA,NA,NA,NA,NA,NA,0.045255323258946156,0.18264980299217284
2039,5.005357414136081,0.05145381636169695,0.023456392570245812,0.05230050057029507,81.88056582424619,1.0316543836864898,G02039,92.97563190637047,35.63125108320182,10000,NA,NA,NA,NA,NA,NA,NA,NA,NA,NA,NA,NA,NA,0.045255323258946156,0.18264980299217284
2040,5.005357414136081,0.05145381636169695,0.023456392570245812,0.05230050057029507,81.88056582424619,1.0316543836864898,G02040,93.87394719048999,35.63125108320182,10000,NA,NA,NA,NA,NA,NA,NA,NA,NA,NA,NA,NA,NA,0.045255323258946156,0.18264980299217284
2041,5.005357414136081,0.05145381636169695,0.023456392570245812,0.05230050057029507,81.88056582424619,1.0316543836864898,G02041,94.7722624746095,35.63125108320182,10000,NA,NA,NA,NA,NA,NA,NA,NA,NA,NA,NA,NA,NA,0.045255323258946156,0.18264980299217284
2044,5.005357414136081,0.05145381636169695,0.023456392570245812,0.05230050057029507,81.88056582424619,1.0316543836864898,G02044,97.46720832696808,35.63125108320182,10000,NA,NA,NA,NA,NA,NA,NA,NA,NA,NA,NA,NA,NA,0.045255323258946156,0.18264980299217284
2045,5.005357414136081,0.05145381636169695,0.023456392570245812,0.05230050057029507,81.88056582424619,1.0316543836864898,G02045,98.3655236110876,35.63125108320182,10000,NA,NA,NA,NA,NA,NA,NA,NA,NA,NA,NA,NA,NA,0.045255323258946156,0.18264980299217284
2046,5.005357414136081,0.05145381636169695,0.023456392570245812,0.05230050057029507,81.88056582424619,1.0316543836864898,G02046,99.26383889520712,35.63125108320182,10000,NA,NA,NA,NA,NA,NA,NA,NA,NA,NA,NA,NA,NA,0.045255323258946156,0.18264980299217284
2047,5.005357414136081,0.05145381636169695,0.023456392570245812,0.05230050057029507,81.88056582424619,1.0316543836864898,G02047,100.16215417932663,35.63125108320182,10000,NA,NA,NA,NA,NA,NA,NA,NA,NA,NA,NA,NA,NA,0.045255323258946156,0.18264980299217284
2048,5.005357414136081,0.05145381636169695,0.023456392570245812,0.05230050057029507,81.88056582424619,1.0316543836864898,G02048,101.06046946344617,35.63125108320182,10000,NA,NA,NA,NA,NA,NA,NA,NA,NA,NA,NA,NA,NA,0.045255323258946156,0.18264980299217284
2049,5.005357414136081,0.05145381636169695,0.023456392570245812,0.05230050057029507,81.88056582424619,1.0316543836864898,G02049,101.95878474756569,35.63125108320182,10000,NA,NA,NA,NA,NA,NA,NA,NA,NA,NA,NA,NA,NA,0.045255323258946156,0.18264980299217284
2050,5.005357414136081,0.05145381636169695,0.023456392570245812,0.05230050057029507,81.88056582424619,1.0316543836864898,G02050,102.8571000316852,35.63125108320182,10000,NA,NA,NA,NA,NA,NA,NA,NA,NA,NA,NA,NA,NA,0.045255323258946156,0.18264980299217284
2051,5.005357414136081,0.05145381636169695,0.023456392570245812,0.05230050057029507,81.88056582424619,1.0316543836864898,G02051,103.75541531580473,35.63125108320182,10000,NA,NA,NA,NA,NA,NA,NA,NA,NA,NA,NA,NA,NA,0.045255323258946156,0.18264980299217284
2052,5.005357414136081,0.05145381636169695,0.023456392570245812,0.05230050057029507,81.88056582424619,1.0316543836864898,G02052,104.65373059992424,35.63125108320182,10000,NA,NA,NA,NA,NA,NA,NA,NA,NA,NA,NA,NA,NA,0.045255323258946156,0.18264980299217284
2053,5.005357414136081,0.05145381636169695,0.023456392570245812,0.05230050057029507,81.88056582424619,1.0316543836864898,G02053,105.55204588404376,35.63125108320182,10000,NA,NA,NA,NA,NA,NA,NA,NA,NA,NA,NA,NA,NA,0.045255323258946156,0.18264980299217284
2054,5.005357414136081,0.05145381636169695,0.023456392570245812,0.05230050057029507,81.88056582424619,1.0316543836864898,G02054,106.45036116816328,35.63125108320182,10000,NA,NA,NA,NA,NA,NA,NA,NA,NA,NA,NA,NA,NA,0.045255323258946156,0.18264980299217284
2055,5.005357414136081,0.05145381636169695,0.023456392570245812,0.05230050057029507,81.88056582424619,1.0316543836864898,G02055,107.34867645228282,35.63125108320182,10000,NA,NA,NA,NA,NA,NA,NA,NA,NA,NA,NA,NA,NA,0.045255323258946156,0.18264980299217284
2056,5.005357414136081,0.05145381636169695,0.023456392570245812,0.05230050057029507,81.88056582424619,1.0316543836864898,G02056,108.24699173640234,35.63125108320182,10000,NA,NA,NA,NA,NA,NA,NA,NA,NA,NA,NA,NA,NA,0.045255323258946156,0.18264980299217284
2057,5.005357414136081,0.05145381636169695,0.023456392570245812,0.05230050057029507,81.88056582424619,1.0316543836864898,G02057,109.14530702052186,35.63125108320182,10000,NA,NA,NA,NA,NA,NA,NA,NA,NA,NA,NA,NA,NA,0.045255323258946156,0.18264980299217284
2058,5.005357414136081,0.05145381636169695,0.023456392570245812,0.05230050057029507,81.88056582424619,1.0316543836864898,G02058,110.04362230464137,35.63125108320182,10000,NA,NA,NA,NA,NA,NA,NA,NA,NA,NA,NA,NA,NA,0.045255323258946156,0.18264980299217284
2059,5.005357414136081,0.05145381636169695,0.023456392570245812,0.05230050057029507,81.88056582424619,1.0316543836864898,G02059,110.9419375887609,35.63125108320182,10000,NA,NA,NA,NA,NA,NA,NA,NA,NA,NA,NA,NA,NA,0.045255323258946156,0.18264980299217284
2060,5.005357414136081,0.05145381636169695,0.023456392570245812,0.05230050057029507,81.88056582424619,1.0316543836864898,G02060,111.84025287288041,35.63125108320182,10000,NA,NA,NA,NA,NA,NA,NA,NA,NA,NA,NA,NA,NA,0.045255323258946156,0.18264980299217284
2061,5.005357414136081,0.05145381636169695,0.023456392570245812,0.05230050057029507,81.88056582424619,1.0316543836864898,G02061,112.73856815699993,35.63125108320182,10000,NA,NA,NA,NA,NA,NA,NA,NA,NA,NA,NA,NA,NA,0.045255323258946156,0.18264980299217284
2062,5.005357414136081,0.05145381636169695,0.023456392570245812,0.05230050057029507,81.88056582424619,1.0316543836864898,G02062,113.63688344111945,35.63125108320182,10000,NA,NA,NA,NA,NA,NA,NA,NA,NA,NA,NA,NA,NA,0.045255323258946156,0.18264980299217284
2063,5.005357414136081,0.05145381636169695,0.023456392570245812,0.05230050057029507,81.88056582424619,1.0316543836864898,G02063,114.53519872523898,35.63125108320182,10000,NA,NA,NA,NA,NA,NA,NA,NA,NA,NA,NA,NA,NA,0.045255323258946156,0.18264980299217284
2064,5.005357414136081,0.05145381636169695,0.023456392570245812,0.05230050057029507,81.88056582424619,1.0316543836864898,G02064,115.43351400935852,35.63125108320182,9999.999999999956,NA,NA,NA,NA,NA,NA,NA,NA,NA,NA,NA,NA,NA,0.045255323258946156,0.18264980299217284
2065,5.005357414136081,0.05145381636169695,0.023456392570245812,0.05230050057029507,81.88056582424619,1.0316543836864898,G02065,116.331829293478,35.63125108320182,9999.99999999975,NA,NA,NA,NA,NA,NA,NA,NA,NA,NA,NA,NA,NA,0.045255323258946156,0.18264980299217284
2066,5.005357414136081,0.05145381636169695,0.023456392570245812,0.05230050057029507,81.88056582424619,1.0316543836864898,G02066,117.23014457759756,35.63125108320182,10000,NA,NA,NA,NA,NA,NA,NA,NA,NA,NA,NA,NA,NA,0.045255323258946156,0.18264980299217284
2067,5.005357414136081,0.05145381636169695,0.023456392570245812,0.05230050057029507,81.88056582424619,1.0316543836864898,G02067,118.12845986171706,35.63125108320182,10000,NA,NA,NA,NA,NA,NA,NA,NA,NA,NA,NA,NA,NA,0.045255323258946156,0.18264980299217284
2068,5.005357414136081,0.05145381636169695,0.023456392570245812,0.05230050057029507,81.88056582424619,1.0316543836864898,G02068,119.0259319901902,35.631947679542264,9980.269594961559,NA,NA,NA,NA,NA,NA,NA,NA,NA,NA,NA,NA,NA,0.045255323258946156,0.18264980299217284
2069,5.005357414136081,0.05145381636169695,0.023456392570245812,0.05230050057029507,81.88056582424619,1.0316543836864898,G02069,119.7352103849435,35.77315917428717,3882.4739399137893,NA,NA,NA,NA,NA,NA,NA,NA,NA,NA,NA,NA,NA,0.045255323258946156,0.18264980299217284
2100,5.005357414136081,0.05145381636169695,0.023456392570245812,0.05230050057029507,81.88056582424619,1.0316543836864898,G02100,83.09416378105573,34.89779093037981,10000,NA,NA,NA,NA,NA,NA,NA,NA,NA,NA,NA,NA,NA,0.045255323258946156,0.18264980299217284
2111,5.005357414136081,0.05145381636169695,0.023456392570245812,0.05230050057029507,81.88056582424619,1.0316543836864898,G02111,92.97563190637047,34.89779093037981,10000,NA,NA,NA,NA,NA,NA,NA,NA,NA,NA,NA,NA,NA,0.045255323258946156,0.18264980299217284
2112,5.005357414136081,0.05145381636169695,0.023456392570245812,0.05230050057029507,81.88056582424619,1.0316543836864898,G02112,93.87394719048999,34.89779093037981,10000,NA,NA,NA,NA,NA,NA,NA,NA,NA,NA,NA,NA,NA,0.045255323258946156,0.18264980299217284
2113,5.005357414136081,0.05145381636169695,0.023456392570245812,0.05230050057029507,81.88056582424619,1.0316543836864898,G02113,94.7722624746095,34.89779093037981,10000,NA,NA,NA,NA,NA,NA,NA,NA,NA,NA,NA,NA,NA,0.045255323258946156,0.18264980299217284
2114,5.005357414136081,0.05145381636169695,0.023456392570245812,0.05230050057029507,81.88056582424619,1.0316543836864898,G02114,95.67057775872902,34.89779093037981,10000,NA,NA,NA,NA,NA,NA,NA,NA,NA,NA,NA,NA,NA,0.045255323258946156,0.18264980299217284
2116,5.005357414136081,0.05145381636169695,0.023456392570245812,0.05230050057029507,81.88056582424619,1.0316543836864898,G02116,97.46720832696808,34.89779093037981,10000,NA,NA,NA,NA,NA,NA,NA,NA,NA,NA,NA,NA,NA,0.045255323258946156,0.18264980299217284
2117,5.005357414136081,0.05145381636169695,0.023456392570245812,0.05230050057029507,81.88056582424619,1.0316543836864898,G02117,98.3655236110876,34.89779093037981,10000,NA,NA,NA,NA,NA,NA,NA,NA,NA,NA,NA,NA,NA,0.045255323258946156,0.18264980299217284
2118,5.005357414136081,0.05145381636169695,0.023456392570245812,0.05230050057029507,81.88056582424619,1.0316543836864898,G02118,99.26383889520712,34.89779093037981,10000,NA,NA,NA,NA,NA,NA,NA,NA,NA,NA,NA,NA,NA,0.045255323258946156,0.18264980299217284
2119,5.005357414136081,0.05145381636169695,0.023456392570245812,0.05230050057029507,81.88056582424619,1.0316543836864898,G02119,100.16215417932663,34.89779093037981,10000,NA,NA,NA,NA,NA,NA,NA,NA,NA,NA,NA,NA,NA,0.045255323258946156,0.18264980299217284
2120,5.005357414136081,0.05145381636169695,0.023456392570245812,0.05230050057029507,81.88056582424619,1.0316543836864898,G02120,101.06046946344617,34.89779093037981,10000,NA,NA,NA,NA,NA,NA,NA,NA,NA,NA,NA,NA,NA,0.045255323258946156,0.18264980299217284
2121,5.005357414136081,0.05145381636169695,0.023456392570245812,0.05230050057029507,81.88056582424619,1.0316543836864898,G02121,101.95878474756569,34.89779093037981,10000,NA,NA,NA,NA,NA,NA,NA,NA,NA,NA,NA,NA,NA,0.045255323258946156,0.18264980299217284
2122,5.005357414136081,0.05145381636169695,0.023456392570245812,0.05230050057029507,81.88056582424619,1.0316543836864898,G02122,102.8571000316852,34.89779093037981,10000,NA,NA,NA,NA,NA,NA,NA,NA,NA,NA,NA,NA,NA,0.045255323258946156,0.18264980299217284
2123,5.005357414136081,0.05145381636169695,0.023456392570245812,0.05230050057029507,81.88056582424619,1.0316543836864898,G02123,103.75541531580473,34.89779093037981,10000,NA,NA,NA,NA,NA,NA,NA,NA,NA,NA,NA,NA,NA,0.045255323258946156,0.18264980299217284
2124,5.005357414136081,0.05145381636169695,0.023456392570245812,0.05230050057029507,81.88056582424619,1.0316543836864898,G02124,104.65373059992424,34.89779093037981,10000,NA,NA,NA,NA,NA,NA,NA,NA,NA,NA,NA,NA,NA,0.045255323258946156,0.18264980299217284
2125,5.005357414136081,0.05145381636169695,0.023456392570245812,0.05230050057029507,81.88056582424619,1.0316543836864898,G02125,105.55204588404376,34.89779093037981,10000,NA,NA,NA,NA,NA,NA,NA,NA,NA,NA,NA,NA,NA,0.045255323258946156,0.18264980299217284
2126,5.005357414136081,0.05145381636169695,0.023456392570245812,0.05230050057029507,81.88056582424619,1.0316543836864898,G02126,106.45036116816328,34.89779093037981,10000,NA,NA,NA,NA,NA,NA,NA,NA,NA,NA,NA,NA,NA,0.045255323258946156,0.18264980299217284
2127,5.005357414136081,0.05145381636169695,0.023456392570245812,0.05230050057029507,81.88056582424619,1.0316543836864898,G02127,107.34867645228282,34.89779093037981,10000,NA,NA,NA,NA,NA,NA,NA,NA,NA,NA,NA,NA,NA,0.045255323258946156,0.18264980299217284
2128,5.005357414136081,0.05145381636169695,0.023456392570245812,0.05230050057029507,81.88056582424619,1.0316543836864898,G02128,108.24699173640234,34.89779093037981,10000,NA,NA,NA,NA,NA,NA,NA,NA,NA,NA,NA,NA,NA,0.045255323258946156,0.18264980299217284
2129,5.005357414136081,0.05145381636169695,0.023456392570245812,0.05230050057029507,81.88056582424619,1.0316543836864898,G02129,109.14530702052186,34.89779093037981,10000,NA,NA,NA,NA,NA,NA,NA,NA,NA,NA,NA,NA,NA,0.045255323258946156,0.18264980299217284
2130,5.005357414136081,0.05145381636169695,0.023456392570245812,0.05230050057029507,81.88056582424619,1.0316543836864898,G02130,110.04362230464137,34.89779093037981,10000,NA,NA,NA,NA,NA,NA,NA,NA,NA,NA,NA,NA,NA,0.045255323258946156,0.18264980299217284
2131,5.005357414136081,0.05145381636169695,0.023456392570245812,0.05230050057029507,81.88056582424619,1.0316543836864898,G02131,110.9419375887609,34.89779093037981,10000,NA,NA,NA,NA,NA,NA,NA,NA,NA,NA,NA,NA,NA,0.045255323258946156,0.18264980299217284
2132,5.005357414136081,0.05145381636169695,0.023456392570245812,0.05230050057029507,81.88056582424619,1.0316543836864898,G02132,111.84025287288041,34.89779093037981,10000,NA,NA,NA,NA,NA,NA,NA,NA,NA,NA,NA,NA,NA,0.045255323258946156,0.18264980299217284
2133,5.005357414136081,0.05145381636169695,0.023456392570245812,0.05230050057029507,81.88056582424619,1.0316543836864898,G02133,112.73856815699993,34.89779093037981,10000,NA,NA,NA,NA,NA,NA,NA,NA,NA,NA,NA,NA,NA,0.045255323258946156,0.18264980299217284
2134,5.005357414136081,0.05145381636169695,0.023456392570245812,0.05230050057029507,81.88056582424619,1.0316543836864898,G02134,113.63688344111945,34.89779093037981,10000,NA,NA,NA,NA,NA,NA,NA,NA,NA,NA,NA,NA,NA,0.045255323258946156,0.18264980299217284
2135,5.005357414136081,0.05145381636169695,0.023456392570245812,0.05230050057029507,81.88056582424619,1.0316543836864898,G02135,114.53519872523889,34.89779093037979,9999.999999999918,NA,NA,NA,NA,NA,NA,NA,NA,NA,NA,NA,NA,NA,0.045255323258946156,0.18264980299217284
2136,5.005357414136081,0.05145381636169695,0.023456392570245812,0.05230050057029507,81.88056582424619,1.0316543836864898,G02136,115.43351400935852,34.89779093037981,10000.000000000024,NA,NA,NA,NA,NA,NA,NA,NA,NA,NA,NA,NA,NA,0.045255323258946156,0.18264980299217284
2137,5.005357414136081,0.05145381636169695,0.023456392570245812,0.05230050057029507,81.88056582424619,1.0316543836864898,G02137,116.33182929347802,34.89779093037981,10000,NA,NA,NA,NA,NA,NA,NA,NA,NA,NA,NA,NA,NA,0.045255323258946156,0.18264980299217284
2138,5.005357414136081,0.05145381636169695,0.023456392570245812,0.05230050057029507,81.88056582424619,1.0316543836864898,G02138,117.23014457759756,34.89779093037981,10000,NA,NA,NA,NA,NA,NA,NA,NA,NA,NA,NA,NA,NA,0.045255323258946156,0.18264980299217284
2139,5.005357414136081,0.05145381636169695,0.023456392570245812,0.05230050057029507,81.88056582424619,1.0316543836864898,G02139,118.12845986171706,34.89779093037981,10000,NA,NA,NA,NA,NA,NA,NA,NA,NA,NA,NA,NA,NA,0.045255323258946156,0.18264980299217284
2140,5.005357414136081,0.05145381636169695,0.023456392570245812,0.05230050057029507,81.88056582424619,1.0316543836864898,G02140,118.96034491020988,34.886789495160535,8325.657679538039,NA,NA,NA,NA,NA,NA,NA,NA,NA,NA,NA,NA,NA,0.045255323258946156,0.18264980299217284
2141,5.005357414136081,0.05145381636169695,0.023456392570245812,0.05230050057029507,81.88056582424619,1.0316543836864898,G02141,119.54003995598352,34.57478895489478,195.93604107541475,NA,NA,NA,NA,NA,NA,NA,NA,NA,NA,NA,NA,NA,0.045255323258946156,0.18264980299217284
2171,5.005357414136081,0.05145381636169695,0.023456392570245812,0.05230050057029507,81.88056582424619,1.0316543836864898,G02171,82.19584849693621,34.15772237235127,10000,NA,NA,NA,NA,NA,NA,NA,NA,NA,NA,NA,NA,NA,0.045255323258946156,0.18264980299217284
2181,5.005357414136081,0.05145381636169695,0.023456392570245812,0.05230050057029507,81.88056582424619,1.0316543836864898,G02181,91.17900133813141,34.15772237235127,10000,NA,NA,NA,NA,NA,NA,NA,NA,NA,NA,NA,NA,NA,0.045255323258946156,0.18264980299217284
2182,5.005357414136081,0.05145381636169695,0.023456392570245812,0.05230050057029507,81.88056582424619,1.0316543836864898,G02182,92.07731662225093,34.15772237235127,10000,NA,NA,NA,NA,NA,NA,NA,NA,NA,NA,NA,NA,NA,0.045255323258946156,0.18264980299217284
2183,5.005357414136081,0.05145381636169695,0.023456392570245812,0.05230050057029507,81.88056582424619,1.0316543836864898,G02183,92.97563190637047,34.15772237235127,10000,NA,NA,NA,NA,NA,NA,NA,NA,NA,NA,NA,NA,NA,0.045255323258946156,0.18264980299217284
2184,5.005357414136081,0.05145381636169695,0.023456392570245812,0.05230050057029507,81.88056582424619,1.0316543836864898,G02184,93.87394719048999,34.15772237235127,10000,NA,NA,NA,NA,NA,NA,NA,NA,NA,NA,NA,NA,NA,0.045255323258946156,0.18264980299217284
2186,5.005357414136081,0.05145381636169695,0.023456392570245812,0.05230050057029507,81.88056582424619,1.0316543836864898,G02186,95.67057775872902,34.15772237235127,10000,NA,NA,NA,NA,NA,NA,NA,NA,NA,NA,NA,NA,NA,0.045255323258946156,0.18264980299217284
2187,5.005357414136081,0.05145381636169695,0.023456392570245812,0.05230050057029507,81.88056582424619,1.0316543836864898,G02187,96.56889304284854,34.15772237235127,10000,NA,NA,NA,NA,NA,NA,NA,NA,NA,NA,NA,NA,NA,0.045255323258946156,0.18264980299217284
2188,5.005357414136081,0.05145381636169695,0.023456392570245812,0.05230050057029507,81.88056582424619,1.0316543836864898,G02188,97.46720832696808,34.15772237235127,10000,NA,NA,NA,NA,NA,NA,NA,NA,NA,NA,NA,NA,NA,0.045255323258946156,0.18264980299217284
2189,5.005357414136081,0.05145381636169695,0.023456392570245812,0.05230050057029507,81.88056582424619,1.0316543836864898,G02189,98.3655236110876,34.15772237235127,10000,NA,NA,NA,NA,NA,NA,NA,NA,NA,NA,NA,NA,NA,0.045255323258946156,0.18264980299217284
2191,5.005357414136081,0.05145381636169695,0.023456392570245812,0.05230050057029507,81.88056582424619,1.0316543836864898,G02191,100.16215417932663,34.15772237235127,10000,NA,NA,NA,NA,NA,NA,NA,NA,NA,NA,NA,NA,NA,0.045255323258946156,0.18264980299217284
2193,5.005357414136081,0.05145381636169695,0.023456392570245812,0.05230050057029507,81.88056582424619,1.0316543836864898,G02193,101.95878474756569,34.15772237235127,10000,NA,NA,NA,NA,NA,NA,NA,NA,NA,NA,NA,NA,NA,0.045255323258946156,0.18264980299217284
2194,5.005357414136081,0.05145381636169695,0.023456392570245812,0.05230050057029507,81.88056582424619,1.0316543836864898,G02194,102.8571000316852,34.15772237235127,10000,NA,NA,NA,NA,NA,NA,NA,NA,NA,NA,NA,NA,NA,0.045255323258946156,0.18264980299217284
2195,5.005357414136081,0.05145381636169695,0.023456392570245812,0.05230050057029507,81.88056582424619,1.0316543836864898,G02195,103.75541531580473,34.15772237235127,10000,NA,NA,NA,NA,NA,NA,NA,NA,NA,NA,NA,NA,NA,0.045255323258946156,0.18264980299217284
2196,5.005357414136081,0.05145381636169695,0.023456392570245812,0.05230050057029507,81.88056582424619,1.0316543836864898,G02196,104.65373059992424,34.15772237235127,10000,NA,NA,NA,NA,NA,NA,NA,NA,NA,NA,NA,NA,NA,0.045255323258946156,0.18264980299217284
2197,5.005357414136081,0.05145381636169695,0.023456392570245812,0.05230050057029507,81.88056582424619,1.0316543836864898,G02197,105.55204588404376,34.15772237235127,10000,NA,NA,NA,NA,NA,NA,NA,NA,NA,NA,NA,NA,NA,0.045255323258946156,0.18264980299217284
2198,5.005357414136081,0.05145381636169695,0.023456392570245812,0.05230050057029507,81.88056582424619,1.0316543836864898,G02198,106.45036116816328,34.15772237235127,10000,NA,NA,NA,NA,NA,NA,NA,NA,NA,NA,NA,NA,NA,0.045255323258946156,0.18264980299217284
2199,5.005357414136081,0.05145381636169695,0.023456392570245812,0.05230050057029507,81.88056582424619,1.0316543836864898,G02199,107.34867645228282,34.15772237235127,10000,NA,NA,NA,NA,NA,NA,NA,NA,NA,NA,NA,NA,NA,0.045255323258946156,0.18264980299217284
2200,5.005357414136081,0.05145381636169695,0.023456392570245812,0.05230050057029507,81.88056582424619,1.0316543836864898,G02200,108.24699173640234,34.15772237235127,10000,NA,NA,NA,NA,NA,NA,NA,NA,NA,NA,NA,NA,NA,0.045255323258946156,0.18264980299217284
2201,5.005357414136081,0.05145381636169695,0.023456392570245812,0.05230050057029507,81.88056582424619,1.0316543836864898,G02201,109.14530702052186,34.15772237235127,10000,NA,NA,NA,NA,NA,NA,NA,NA,NA,NA,NA,NA,NA,0.045255323258946156,0.18264980299217284
2202,5.005357414136081,0.05145381636169695,0.023456392570245812,0.05230050057029507,81.88056582424619,1.0316543836864898,G02202,110.04362230464137,34.15772237235127,10000,NA,NA,NA,NA,NA,NA,NA,NA,NA,NA,NA,NA,NA,0.045255323258946156,0.18264980299217284
2203,5.005357414136081,0.05145381636169695,0.023456392570245812,0.05230050057029507,81.88056582424619,1.0316543836864898,G02203,110.9419375887609,34.15772237235127,10000,NA,NA,NA,NA,NA,NA,NA,NA,NA,NA,NA,NA,NA,0.045255323258946156,0.18264980299217284
2204,5.005357414136081,0.05145381636169695,0.023456392570245812,0.05230050057029507,81.88056582424619,1.0316543836864898,G02204,111.84025287288041,34.15772237235127,10000,NA,NA,NA,NA,NA,NA,NA,NA,NA,NA,NA,NA,NA,0.045255323258946156,0.18264980299217284
2205,5.005357414136081,0.05145381636169695,0.023456392570245812,0.05230050057029507,81.88056582424619,1.0316543836864898,G02205,112.73856815699993,34.15772237235127,10000,NA,NA,NA,NA,NA,NA,NA,NA,NA,NA,NA,NA,NA,0.045255323258946156,0.18264980299217284
2206,5.005357414136081,0.05145381636169695,0.023456392570245812,0.05230050057029507,81.88056582424619,1.0316543836864898,G02206,113.63688344111945,34.15772237235127,10000,NA,NA,NA,NA,NA,NA,NA,NA,NA,NA,NA,NA,NA,0.045255323258946156,0.18264980299217284
2207,5.005357414136081,0.05145381636169695,0.023456392570245812,0.05230050057029507,81.88056582424619,1.0316543836864898,G02207,114.53519872523898,34.15772237235127,10000,NA,NA,NA,NA,NA,NA,NA,NA,NA,NA,NA,NA,NA,0.045255323258946156,0.18264980299217284
2208,5.005357414136081,0.05145381636169695,0.023456392570245812,0.05230050057029507,81.88056582424619,1.0316543836864898,G02208,115.43351400935852,34.15772237235127,10000,NA,NA,NA,NA,NA,NA,NA,NA,NA,NA,NA,NA,NA,0.045255323258946156,0.18264980299217284
2209,5.005357414136081,0.05145381636169695,0.023456392570245812,0.05230050057029507,81.88056582424619,1.0316543836864898,G02209,116.33182929347802,34.15772237235127,10000,NA,NA,NA,NA,NA,NA,NA,NA,NA,NA,NA,NA,NA,0.045255323258946156,0.18264980299217284
2210,5.005357414136081,0.05145381636169695,0.023456392570245812,0.05230050057029507,81.88056582424619,1.0316543836864898,G02210,117.2301445775976,34.15772237235127,9999.999999999789,NA,NA,NA,NA,NA,NA,NA,NA,NA,NA,NA,NA,NA,0.045255323258946156,0.18264980299217284
2211,5.005357414136081,0.05145381636169695,0.023456392570245812,0.05230050057029507,81.88056582424619,1.0316543836864898,G02211,118.12845986171709,34.15772237235128,10000.000000000031,NA,NA,NA,NA,NA,NA,NA,NA,NA,NA,NA,NA,NA,0.045255323258946156,0.18264980299217284
2212,5.005357414136081,0.05145381636169695,0.023456392570245812,0.05230050057029507,81.88056582424619,1.0316543836864898,G02212,119.0267751458366,34.15772237235127,10000,NA,NA,NA,NA,NA,NA,NA,NA,NA,NA,NA,NA,NA,0.045255323258946156,0.18264980299217284
2213,5.005357414136081,0.05145381636169695,0.023456392570245812,0.05230050057029507,81.88056582424619,1.0316543836864898,G02213,119.88273307532573,34.11129333024729,8451.374455957874,NA,NA,NA,NA,NA,NA,NA,NA,NA,NA,NA,NA,NA,0.045255323258946156,0.18264980299217284
2214,5.005357414136081,0.05145381636169695,0.023456392570245812,0.05230050057029507,81.88056582424619,1.0316543836864898,G02214,120.40990167812144,33.87034137201034,200.11746931911645,NA,NA,NA,NA,NA,NA,NA,NA,NA,NA,NA,NA,NA,0.045255323258946156,0.18264980299217284
2240,5.005357414136081,0.05145381636169695,0.023456392570245812,0.05230050057029507,81.88056582424619,1.0316543836864898,G02240,79.51589215248086,33.42118976720087,9635.66587105518,NA,NA,NA,NA,NA,NA,NA,NA,NA,NA,NA,NA,NA,0.045255323258946156,0.18264980299217284
2241,5.005357414136081,0.05145381636169695,0.023456392570245812,0.05230050057029507,81.88056582424619,1.0316543836864898,G02241,80.39921792869717,33.41111044324972,10000,NA,NA,NA,NA,NA,NA,NA,NA,NA,NA,NA,NA,NA,0.045255323258946156,0.18264980299217284
2250,5.005357414136081,0.05145381636169695,0.023456392570245812,0.05230050057029507,81.88056582424619,1.0316543836864898,G02250,88.48405548577286,33.41111044324972,10000,NA,NA,NA,NA,NA,NA,NA,NA,NA,NA,NA,NA,NA,0.045255323258946156,0.18264980299217284
2254,5.005357414136081,0.05145381636169695,0.023456392570245812,0.05230050057029507,81.88056582424619,1.0316543836864898,G02254,92.07731662225093,33.41111044324972,10000,NA,NA,NA,NA,NA,NA,NA,NA,NA,NA,NA,NA,NA,0.045255323258946156,0.18264980299217284
2255,5.005357414136081,0.05145381636169695,0.023456392570245812,0.05230050057029507,81.88056582424619,1.0316543836864898,G02255,92.97563190637047,33.41111044324972,10000,NA,NA,NA,NA,NA,NA,NA,NA,NA,NA,NA,NA,NA,0.045255323258946156,0.18264980299217284
2257,5.005357414136081,0.05145381636169695,0.023456392570245812,0.05230050057029507,81.88056582424619,1.0316543836864898,G02257,94.7722624746095,33.41111044324972,10000,NA,NA,NA,NA,NA,NA,NA,NA,NA,NA,NA,NA,NA,0.045255323258946156,0.18264980299217284
2258,5.005357414136081,0.05145381636169695,0.023456392570245812,0.05230050057029507,81.88056582424619,1.0316543836864898,G02258,95.67057775872902,33.41111044324972,10000,NA,NA,NA,NA,NA,NA,NA,NA,NA,NA,NA,NA,NA,0.045255323258946156,0.18264980299217284
2259,5.005357414136081,0.05145381636169695,0.023456392570245812,0.05230050057029507,81.88056582424619,1.0316543836864898,G02259,96.56889304284854,33.41111044324972,10000,NA,NA,NA,NA,NA,NA,NA,NA,NA,NA,NA,NA,NA,0.045255323258946156,0.18264980299217284
2260,5.005357414136081,0.05145381636169695,0.023456392570245812,0.05230050057029507,81.88056582424619,1.0316543836864898,G02260,97.46720832696808,33.41111044324972,10000,NA,NA,NA,NA,NA,NA,NA,NA,NA,NA,NA,NA,NA,0.045255323258946156,0.18264980299217284
2261,5.005357414136081,0.05145381636169695,0.023456392570245812,0.05230050057029507,81.88056582424619,1.0316543836864898,G02261,98.3655236110876,33.41111044324972,10000,NA,NA,NA,NA,NA,NA,NA,NA,NA,NA,NA,NA,NA,0.045255323258946156,0.18264980299217284
2262,5.005357414136081,0.05145381636169695,0.023456392570245812,0.05230050057029507,81.88056582424619,1.0316543836864898,G02262,99.26383889520712,33.41111044324972,10000,NA,NA,NA,NA,NA,NA,NA,NA,NA,NA,NA,NA,NA,0.045255323258946156,0.18264980299217284
2263,5.005357414136081,0.05145381636169695,0.023456392570245812,0.05230050057029507,81.88056582424619,1.0316543836864898,G02263,100.16215417932663,33.41111044324972,10000,NA,NA,NA,NA,NA,NA,NA,NA,NA,NA,NA,NA,NA,0.045255323258946156,0.18264980299217284
2264,5.005357414136081,0.05145381636169695,0.023456392570245812,0.05230050057029507,81.88056582424619,1.0316543836864898,G02264,101.06046946344617,33.41111044324972,10000,NA,NA,NA,NA,NA,NA,NA,NA,NA,NA,NA,NA,NA,0.045255323258946156,0.18264980299217284
2265,5.005357414136081,0.05145381636169695,0.023456392570245812,0.05230050057029507,81.88056582424619,1.0316543836864898,G02265,101.95878474756569,33.41111044324972,10000,NA,NA,NA,NA,NA,NA,NA,NA,NA,NA,NA,NA,NA,0.045255323258946156,0.18264980299217284
2266,5.005357414136081,0.05145381636169695,0.023456392570245812,0.05230050057029507,81.88056582424619,1.0316543836864898,G02266,102.8571000316852,33.41111044324972,10000,NA,NA,NA,NA,NA,NA,NA,NA,NA,NA,NA,NA,NA,0.045255323258946156,0.18264980299217284
2267,5.005357414136081,0.05145381636169695,0.023456392570245812,0.05230050057029507,81.88056582424619,1.0316543836864898,G02267,103.75541531580473,33.41111044324972,10000,NA,NA,NA,NA,NA,NA,NA,NA,NA,NA,NA,NA,NA,0.045255323258946156,0.18264980299217284
2268,5.005357414136081,0.05145381636169695,0.023456392570245812,0.05230050057029507,81.88056582424619,1.0316543836864898,G02268,104.65373059992424,33.41111044324972,10000,NA,NA,NA,NA,NA,NA,NA,NA,NA,NA,NA,NA,NA,0.045255323258946156,0.18264980299217284
2269,5.005357414136081,0.05145381636169695,0.023456392570245812,0.05230050057029507,81.88056582424619,1.0316543836864898,G02269,105.55204588404376,33.41111044324972,10000,NA,NA,NA,NA,NA,NA,NA,NA,NA,NA,NA,NA,NA,0.045255323258946156,0.18264980299217284
2270,5.005357414136081,0.05145381636169695,0.023456392570245812,0.05230050057029507,81.88056582424619,1.0316543836864898,G02270,106.45036116816328,33.41111044324972,10000,NA,NA,NA,NA,NA,NA,NA,NA,NA,NA,NA,NA,NA,0.045255323258946156,0.18264980299217284
2271,5.005357414136081,0.05145381636169695,0.023456392570245812,0.05230050057029507,81.88056582424619,1.0316543836864898,G02271,107.34867645228282,33.41111044324972,10000,NA,NA,NA,NA,NA,NA,NA,NA,NA,NA,NA,NA,NA,0.045255323258946156,0.18264980299217284
2272,5.005357414136081,0.05145381636169695,0.023456392570245812,0.05230050057029507,81.88056582424619,1.0316543836864898,G02272,108.24699173640234,33.41111044324972,10000,NA,NA,NA,NA,NA,NA,NA,NA,NA,NA,NA,NA,NA,0.045255323258946156,0.18264980299217284
2273,5.005357414136081,0.05145381636169695,0.023456392570245812,0.05230050057029507,81.88056582424619,1.0316543836864898,G02273,109.14530702052186,33.41111044324972,10000,NA,NA,NA,NA,NA,NA,NA,NA,NA,NA,NA,NA,NA,0.045255323258946156,0.18264980299217284
2274,5.005357414136081,0.05145381636169695,0.023456392570245812,0.05230050057029507,81.88056582424619,1.0316543836864898,G02274,110.04362230464137,33.41111044324972,10000,NA,NA,NA,NA,NA,NA,NA,NA,NA,NA,NA,NA,NA,0.045255323258946156,0.18264980299217284
2275,5.005357414136081,0.05145381636169695,0.023456392570245812,0.05230050057029507,81.88056582424619,1.0316543836864898,G02275,110.9419375887609,33.41111044324972,10000,NA,NA,NA,NA,NA,NA,NA,NA,NA,NA,NA,NA,NA,0.045255323258946156,0.18264980299217284
2276,5.005357414136081,0.05145381636169695,0.023456392570245812,0.05230050057029507,81.88056582424619,1.0316543836864898,G02276,111.84025287288041,33.41111044324972,10000,NA,NA,NA,NA,NA,NA,NA,NA,NA,NA,NA,NA,NA,0.045255323258946156,0.18264980299217284
2277,5.005357414136081,0.05145381636169695,0.023456392570245812,0.05230050057029507,81.88056582424619,1.0316543836864898,G02277,112.73856815699993,33.41111044324972,10000,NA,NA,NA,NA,NA,NA,NA,NA,NA,NA,NA,NA,NA,0.045255323258946156,0.18264980299217284
2278,5.005357414136081,0.05145381636169695,0.023456392570245812,0.05230050057029507,81.88056582424619,1.0316543836864898,G02278,113.63688344111945,33.41111044324972,10000,NA,NA,NA,NA,NA,NA,NA,NA,NA,NA,NA,NA,NA,0.045255323258946156,0.18264980299217284
2279,5.005357414136081,0.05145381636169695,0.023456392570245812,0.05230050057029507,81.88056582424619,1.0316543836864898,G02279,114.53519872523898,33.41111044324972,10000,NA,NA,NA,NA,NA,NA,NA,NA,NA,NA,NA,NA,NA,0.045255323258946156,0.18264980299217284
2280,5.005357414136081,0.05145381636169695,0.023456392570245812,0.05230050057029507,81.88056582424619,1.0316543836864898,G02280,115.43351400935852,33.41111044324972,10000,NA,NA,NA,NA,NA,NA,NA,NA,NA,NA,NA,NA,NA,0.045255323258946156,0.18264980299217284
2281,5.005357414136081,0.05145381636169695,0.023456392570245812,0.05230050057029507,81.88056582424619,1.0316543836864898,G02281,116.33182929347802,33.41111044324972,10000,NA,NA,NA,NA,NA,NA,NA,NA,NA,NA,NA,NA,NA,0.045255323258946156,0.18264980299217284
2282,5.005357414136081,0.05145381636169695,0.023456392570245812,0.05230050057029507,81.88056582424619,1.0316543836864898,G02282,117.23014457759756,33.41111044324972,10000,NA,NA,NA,NA,NA,NA,NA,NA,NA,NA,NA,NA,NA,0.045255323258946156,0.18264980299217284
2283,5.005357414136081,0.05145381636169695,0.023456392570245812,0.05230050057029507,81.88056582424619,1.0316543836864898,G02283,118.12845986171703,33.41111044324973,9999.999999999729,NA,NA,NA,NA,NA,NA,NA,NA,NA,NA,NA,NA,NA,0.045255323258946156,0.18264980299217284
2284,5.005357414136081,0.05145381636169695,0.023456392570245812,0.05230050057029507,81.88056582424619,1.0316543836864898,G02284,119.0267751458366,33.41111044324972,10000,NA,NA,NA,NA,NA,NA,NA,NA,NA,NA,NA,NA,NA,0.045255323258946156,0.18264980299217284
2285,5.005357414136081,0.05145381636169695,0.023456392570245812,0.05230050057029507,81.88056582424619,1.0316543836864898,G02285,119.9250904299561,33.41111044324972,10000,NA,NA,NA,NA,NA,NA,NA,NA,NA,NA,NA,NA,NA,0.045255323258946156,0.18264980299217284
2286,5.005357414136081,0.05145381636169695,0.023456392570245812,0.05230050057029507,81.88056582424619,1.0316543836864898,G02286,120.51406983108471,33.334651393972884,2756.2135669449094,NA,NA,NA,NA,NA,NA,NA,NA,NA,NA,NA,NA,NA,0.045255323258946156,0.18264980299217284
2312,5.005357414136081,0.05145381636169695,0.023456392570245812,0.05230050057029507,81.88056582424619,1.0316543836864898,G02312,79.58057028964974,32.641837133962426,8104.4884690229865,NA,NA,NA,NA,NA,NA,NA,NA,NA,NA,NA,NA,NA,0.045255323258946156,0.18264980299217284
2313,5.005357414136081,0.05145381636169695,0.023456392570245812,0.05230050057029507,81.88056582424619,1.0316543836864898,G02313,80.39921792869717,32.65802517638217,10000,NA,NA,NA,NA,NA,NA,NA,NA,NA,NA,NA,NA,NA,0.045255323258946156,0.18264980299217284
2320,5.005357414136081,0.05145381636169695,0.023456392570245812,0.05230050057029507,81.88056582424619,1.0316543836864898,G02320,86.68742491753382,32.65802517638217,10000,NA,NA,NA,NA,NA,NA,NA,NA,NA,NA,NA,NA,NA,0.045255323258946156,0.18264980299217284
2323,5.005357414136081,0.05145381636169695,0.023456392570245812,0.05230050057029507,81.88056582424619,1.0316543836864898,G02323,89.38237076989238,32.65802517638217,10000,NA,NA,NA,NA,NA,NA,NA,NA,NA,NA,NA,NA,NA,0.045255323258946156,0.18264980299217284
2326,5.005357414136081,0.05145381636169695,0.023456392570245812,0.05230050057029507,81.88056582424619,1.0316543836864898,G02326,92.07731662225093,32.65802517638217,10000,NA,NA,NA,NA,NA,NA,NA,NA,NA,NA,NA,NA,NA,0.045255323258946156,0.18264980299217284
2327,5.005357414136081,0.05145381636169695,0.023456392570245812,0.05230050057029507,81.88056582424619,1.0316543836864898,G02327,92.97563190637047,32.65802517638217,10000,NA,NA,NA,NA,NA,NA,NA,NA,NA,NA,NA,NA,NA,0.045255323258946156,0.18264980299217284
2328,5.005357414136081,0.05145381636169695,0.023456392570245812,0.05230050057029507,81.88056582424619,1.0316543836864898,G02328,93.87394719048999,32.65802517638217,10000,NA,NA,NA,NA,NA,NA,NA,NA,NA,NA,NA,NA,NA,0.045255323258946156,0.18264980299217284
2329,5.005357414136081,0.05145381636169695,0.023456392570245812,0.05230050057029507,81.88056582424619,1.0316543836864898,G02329,94.7722624746095,32.65802517638217,10000,NA,NA,NA,NA,NA,NA,NA,NA,NA,NA,NA,NA,NA,0.045255323258946156,0.18264980299217284
2330,5.005357414136081,0.05145381636169695,0.023456392570245812,0.05230050057029507,81.88056582424619,1.0316543836864898,G02330,95.67057775872902,32.65802517638217,10000,NA,NA,NA,NA,NA,NA,NA,NA,NA,NA,NA,NA,NA,0.045255323258946156,0.18264980299217284
2331,5.005357414136081,0.05145381636169695,0.023456392570245812,0.05230050057029507,81.88056582424619,1.0316543836864898,G02331,96.56889304284854,32.65802517638217,10000,NA,NA,NA,NA,NA,NA,NA,NA,NA,NA,NA,NA,NA,0.045255323258946156,0.18264980299217284
2332,5.005357414136081,0.05145381636169695,0.023456392570245812,0.05230050057029507,81.88056582424619,1.0316543836864898,G02332,97.46720832696808,32.65802517638217,10000,NA,NA,NA,NA,NA,NA,NA,NA,NA,NA,NA,NA,NA,0.045255323258946156,0.18264980299217284
2333,5.005357414136081,0.05145381636169695,0.023456392570245812,0.05230050057029507,81.88056582424619,1.0316543836864898,G02333,98.3655236110876,32.65802517638217,10000,NA,NA,NA,NA,NA,NA,NA,NA,NA,NA,NA,NA,NA,0.045255323258946156,0.18264980299217284
2334,5.005357414136081,0.05145381636169695,0.023456392570245812,0.05230050057029507,81.88056582424619,1.0316543836864898,G02334,99.26383889520712,32.65802517638217,10000,NA,NA,NA,NA,NA,NA,NA,NA,NA,NA,NA,NA,NA,0.045255323258946156,0.18264980299217284
2335,5.005357414136081,0.05145381636169695,0.023456392570245812,0.05230050057029507,81.88056582424619,1.0316543836864898,G02335,100.16215417932663,32.65802517638217,10000,NA,NA,NA,NA,NA,NA,NA,NA,NA,NA,NA,NA,NA,0.045255323258946156,0.18264980299217284
2336,5.005357414136081,0.05145381636169695,0.023456392570245812,0.05230050057029507,81.88056582424619,1.0316543836864898,G02336,101.06046946344617,32.65802517638217,10000,NA,NA,NA,NA,NA,NA,NA,NA,NA,NA,NA,NA,NA,0.045255323258946156,0.18264980299217284
2337,5.005357414136081,0.05145381636169695,0.023456392570245812,0.05230050057029507,81.88056582424619,1.0316543836864898,G02337,101.95878474756569,32.65802517638217,10000,NA,NA,NA,NA,NA,NA,NA,NA,NA,NA,NA,NA,NA,0.045255323258946156,0.18264980299217284
2338,5.005357414136081,0.05145381636169695,0.023456392570245812,0.05230050057029507,81.88056582424619,1.0316543836864898,G02338,102.8571000316852,32.65802517638217,10000,NA,NA,NA,NA,NA,NA,NA,NA,NA,NA,NA,NA,NA,0.045255323258946156,0.18264980299217284
2339,5.005357414136081,0.05145381636169695,0.023456392570245812,0.05230050057029507,81.88056582424619,1.0316543836864898,G02339,103.75541531580473,32.65802517638217,10000,NA,NA,NA,NA,NA,NA,NA,NA,NA,NA,NA,NA,NA,0.045255323258946156,0.18264980299217284
2340,5.005357414136081,0.05145381636169695,0.023456392570245812,0.05230050057029507,81.88056582424619,1.0316543836864898,G02340,104.65373059992424,32.65802517638217,10000,NA,NA,NA,NA,NA,NA,NA,NA,NA,NA,NA,NA,NA,0.045255323258946156,0.18264980299217284
2341,5.005357414136081,0.05145381636169695,0.023456392570245812,0.05230050057029507,81.88056582424619,1.0316543836864898,G02341,105.55204588404376,32.65802517638217,10000,NA,NA,NA,NA,NA,NA,NA,NA,NA,NA,NA,NA,NA,0.045255323258946156,0.18264980299217284
2342,5.005357414136081,0.05145381636169695,0.023456392570245812,0.05230050057029507,81.88056582424619,1.0316543836864898,G02342,106.45036116816328,32.65802517638217,10000,NA,NA,NA,NA,NA,NA,NA,NA,NA,NA,NA,NA,NA,0.045255323258946156,0.18264980299217284
2343,5.005357414136081,0.05145381636169695,0.023456392570245812,0.05230050057029507,81.88056582424619,1.0316543836864898,G02343,107.34867645228282,32.65802517638217,10000,NA,NA,NA,NA,NA,NA,NA,NA,NA,NA,NA,NA,NA,0.045255323258946156,0.18264980299217284
2344,5.005357414136081,0.05145381636169695,0.023456392570245812,0.05230050057029507,81.88056582424619,1.0316543836864898,G02344,108.24699173640234,32.65802517638217,10000,NA,NA,NA,NA,NA,NA,NA,NA,NA,NA,NA,NA,NA,0.045255323258946156,0.18264980299217284
2345,5.005357414136081,0.05145381636169695,0.023456392570245812,0.05230050057029507,81.88056582424619,1.0316543836864898,G02345,109.14530702052186,32.65802517638217,10000,NA,NA,NA,NA,NA,NA,NA,NA,NA,NA,NA,NA,NA,0.045255323258946156,0.18264980299217284
2346,5.005357414136081,0.05145381636169695,0.023456392570245812,0.05230050057029507,81.88056582424619,1.0316543836864898,G02346,110.04362230464137,32.65802517638217,10000,NA,NA,NA,NA,NA,NA,NA,NA,NA,NA,NA,NA,NA,0.045255323258946156,0.18264980299217284
2347,5.005357414136081,0.05145381636169695,0.023456392570245812,0.05230050057029507,81.88056582424619,1.0316543836864898,G02347,110.9419375887609,32.65802517638217,10000,NA,NA,NA,NA,NA,NA,NA,NA,NA,NA,NA,NA,NA,0.045255323258946156,0.18264980299217284
2348,5.005357414136081,0.05145381636169695,0.023456392570245812,0.05230050057029507,81.88056582424619,1.0316543836864898,G02348,111.84025287288041,32.65802517638217,10000,NA,NA,NA,NA,NA,NA,NA,NA,NA,NA,NA,NA,NA,0.045255323258946156,0.18264980299217284
2349,5.005357414136081,0.05145381636169695,0.023456392570245812,0.05230050057029507,81.88056582424619,1.0316543836864898,G02349,112.73856815699993,32.65802517638217,10000,NA,NA,NA,NA,NA,NA,NA,NA,NA,NA,NA,NA,NA,0.045255323258946156,0.18264980299217284
2350,5.005357414136081,0.05145381636169695,0.023456392570245812,0.05230050057029507,81.88056582424619,1.0316543836864898,G02350,113.63688344111945,32.65802517638217,10000,NA,NA,NA,NA,NA,NA,NA,NA,NA,NA,NA,NA,NA,0.045255323258946156,0.18264980299217284
2351,5.005357414136081,0.05145381636169695,0.023456392570245812,0.05230050057029507,81.88056582424619,1.0316543836864898,G02351,114.53519872523898,32.65802517638217,10000,NA,NA,NA,NA,NA,NA,NA,NA,NA,NA,NA,NA,NA,0.045255323258946156,0.18264980299217284
2352,5.005357414136081,0.05145381636169695,0.023456392570245812,0.05230050057029507,81.88056582424619,1.0316543836864898,G02352,115.43351400935852,32.65802517638217,10000,NA,NA,NA,NA,NA,NA,NA,NA,NA,NA,NA,NA,NA,0.045255323258946156,0.18264980299217284
2353,5.005357414136081,0.05145381636169695,0.023456392570245812,0.05230050057029507,81.88056582424619,1.0316543836864898,G02353,116.33182929347802,32.65802517638217,10000,NA,NA,NA,NA,NA,NA,NA,NA,NA,NA,NA,NA,NA,0.045255323258946156,0.18264980299217284
2354,5.005357414136081,0.05145381636169695,0.023456392570245812,0.05230050057029507,81.88056582424619,1.0316543836864898,G02354,117.23014457759756,32.65802517638217,10000,NA,NA,NA,NA,NA,NA,NA,NA,NA,NA,NA,NA,NA,0.045255323258946156,0.18264980299217284
2355,5.005357414136081,0.05145381636169695,0.023456392570245812,0.05230050057029507,81.88056582424619,1.0316543836864898,G02355,118.128459861717,32.65802517638218,9999.999999999904,NA,NA,NA,NA,NA,NA,NA,NA,NA,NA,NA,NA,NA,0.045255323258946156,0.18264980299217284
2356,5.005357414136081,0.05145381636169695,0.023456392570245812,0.05230050057029507,81.88056582424619,1.0316543836864898,G02356,119.02677514583652,32.65802517638221,9999.999999999665,NA,NA,NA,NA,NA,NA,NA,NA,NA,NA,NA,NA,NA,0.045255323258946156,0.18264980299217284
2357,5.005357414136081,0.05145381636169695,0.023456392570245812,0.05230050057029507,81.88056582424619,1.0316543836864898,G02357,119.9250904299561,32.65802517638217,10000,NA,NA,NA,NA,NA,NA,NA,NA,NA,NA,NA,NA,NA,0.045255323258946156,0.18264980299217284
2358,5.005357414136081,0.05145381636169695,0.023456392570245812,0.05230050057029507,81.88056582424619,1.0316543836864898,G02358,120.70435844100741,32.60725580025657,6822.921501079922,NA,NA,NA,NA,NA,NA,NA,NA,NA,NA,NA,NA,NA,0.045255323258946156,0.18264980299217284
2359,5.005357414136081,0.05145381636169695,0.023456392570245812,0.05230050057029507,81.88056582424619,1.0316543836864898,G02359,121.31681376573829,32.34642978303424,179.71880298789094,NA,NA,NA,NA,NA,NA,NA,NA,NA,NA,NA,NA,NA,0.045255323258946156,0.18264980299217284
2384,5.005357414136081,0.05145381636169695,0.023456392570245812,0.05230050057029507,81.88056582424619,1.0316543836864898,G02384,79.50090264457765,31.898541665651084,10000,NA,NA,NA,NA,NA,NA,NA,NA,NA,NA,NA,NA,NA,0.045255323258946156,0.18264980299217284
2385,5.005357414136081,0.05145381636169695,0.023456392570245812,0.05230050057029507,81.88056582424619,1.0316543836864898,G02385,80.39921792869717,31.898541665651084,10000,NA,NA,NA,NA,NA,NA,NA,NA,NA,NA,NA,NA,NA,0.045255323258946156,0.18264980299217284
2386,5.005357414136081,0.05145381636169695,0.023456392570245812,0.05230050057029507,81.88056582424619,1.0316543836864898,G02386,81.29753321281669,31.898541665651084,10000,NA,NA,NA,NA,NA,NA,NA,NA,NA,NA,NA,NA,NA,0.045255323258946156,0.18264980299217284
2387,5.005357414136081,0.05145381636169695,0.023456392570245812,0.05230050057029507,81.88056582424619,1.0316543836864898,G02387,82.19584849693621,31.898541665651084,10000,NA,NA,NA,NA,NA,NA,NA,NA,NA,NA,NA,NA,NA,0.045255323258946156,0.18264980299217284
2390,5.005357414136081,0.05145381636169695,0.023456392570245812,0.05230050057029507,81.88056582424619,1.0316543836864898,G02390,84.89079434929477,31.898541665651084,10000,NA,NA,NA,NA,NA,NA,NA,NA,NA,NA,NA,NA,NA,0.045255323258946156,0.18264980299217284
2392,5.005357414136081,0.05145381636169695,0.023456392570245812,0.05230050057029507,81.88056582424619,1.0316543836864898,G02392,86.68742491753382,31.898541665651084,10000,NA,NA,NA,NA,NA,NA,NA,NA,NA,NA,NA,NA,NA,0.045255323258946156,0.18264980299217284
2393,5.005357414136081,0.05145381636169695,0.023456392570245812,0.05230050057029507,81.88056582424619,1.0316543836864898,G02393,87.58574020165334,31.898541665651084,10000,NA,NA,NA,NA,NA,NA,NA,NA,NA,NA,NA,NA,NA,0.045255323258946156,0.18264980299217284
2394,5.005357414136081,0.05145381636169695,0.023456392570245812,0.05230050057029507,81.88056582424619,1.0316543836864898,G02394,88.48405548577286,31.898541665651084,10000,NA,NA,NA,NA,NA,NA,NA,NA,NA,NA,NA,NA,NA,0.045255323258946156,0.18264980299217284
2395,5.005357414136081,0.05145381636169695,0.023456392570245812,0.05230050057029507,81.88056582424619,1.0316543836864898,G02395,89.38237076989238,31.898541665651084,10000,NA,NA,NA,NA,NA,NA,NA,NA,NA,NA,NA,NA,NA,0.045255323258946156,0.18264980299217284
2397,5.005357414136081,0.05145381636169695,0.023456392570245812,0.05230050057029507,81.88056582424619,1.0316543836864898,G02397,91.17900133813141,31.898541665651084,10000,NA,NA,NA,NA,NA,NA,NA,NA,NA,NA,NA,NA,NA,0.045255323258946156,0.18264980299217284
2398,5.005357414136081,0.05145381636169695,0.023456392570245812,0.05230050057029507,81.88056582424619,1.0316543836864898,G02398,92.07731662225093,31.898541665651084,10000,NA,NA,NA,NA,NA,NA,NA,NA,NA,NA,NA,NA,NA,0.045255323258946156,0.18264980299217284
2399,5.005357414136081,0.05145381636169695,0.023456392570245812,0.05230050057029507,81.88056582424619,1.0316543836864898,G02399,92.97563190637047,31.898541665651084,10000,NA,NA,NA,NA,NA,NA,NA,NA,NA,NA,NA,NA,NA,0.045255323258946156,0.18264980299217284
2400,5.005357414136081,0.05145381636169695,0.023456392570245812,0.05230050057029507,81.88056582424619,1.0316543836864898,G02400,93.87394719048999,31.898541665651084,10000,NA,NA,NA,NA,NA,NA,NA,NA,NA,NA,NA,NA,NA,0.045255323258946156,0.18264980299217284
2401,5.005357414136081,0.05145381636169695,0.023456392570245812,0.05230050057029507,81.88056582424619,1.0316543836864898,G02401,94.7722624746095,31.898541665651084,10000,NA,NA,NA,NA,NA,NA,NA,NA,NA,NA,NA,NA,NA,0.045255323258946156,0.18264980299217284
2402,5.005357414136081,0.05145381636169695,0.023456392570245812,0.05230050057029507,81.88056582424619,1.0316543836864898,G02402,95.67057775872902,31.898541665651084,10000,NA,NA,NA,NA,NA,NA,NA,NA,NA,NA,NA,NA,NA,0.045255323258946156,0.18264980299217284
2403,5.005357414136081,0.05145381636169695,0.023456392570245812,0.05230050057029507,81.88056582424619,1.0316543836864898,G02403,96.56889304284854,31.898541665651084,10000,NA,NA,NA,NA,NA,NA,NA,NA,NA,NA,NA,NA,NA,0.045255323258946156,0.18264980299217284
2404,5.005357414136081,0.05145381636169695,0.023456392570245812,0.05230050057029507,81.88056582424619,1.0316543836864898,G02404,97.46720832696808,31.898541665651084,10000,NA,NA,NA,NA,NA,NA,NA,NA,NA,NA,NA,NA,NA,0.045255323258946156,0.18264980299217284
2405,5.005357414136081,0.05145381636169695,0.023456392570245812,0.05230050057029507,81.88056582424619,1.0316543836864898,G02405,98.3655236110876,31.898541665651084,10000,NA,NA,NA,NA,NA,NA,NA,NA,NA,NA,NA,NA,NA,0.045255323258946156,0.18264980299217284
2406,5.005357414136081,0.05145381636169695,0.023456392570245812,0.05230050057029507,81.88056582424619,1.0316543836864898,G02406,99.26383889520712,31.898541665651084,10000,NA,NA,NA,NA,NA,NA,NA,NA,NA,NA,NA,NA,NA,0.045255323258946156,0.18264980299217284
2407,5.005357414136081,0.05145381636169695,0.023456392570245812,0.05230050057029507,81.88056582424619,1.0316543836864898,G02407,100.16215417932663,31.898541665651084,10000,NA,NA,NA,NA,NA,NA,NA,NA,NA,NA,NA,NA,NA,0.045255323258946156,0.18264980299217284
2408,5.005357414136081,0.05145381636169695,0.023456392570245812,0.05230050057029507,81.88056582424619,1.0316543836864898,G02408,101.06046946344617,31.898541665651084,10000,NA,NA,NA,NA,NA,NA,NA,NA,NA,NA,NA,NA,NA,0.045255323258946156,0.18264980299217284
2409,5.005357414136081,0.05145381636169695,0.023456392570245812,0.05230050057029507,81.88056582424619,1.0316543836864898,G02409,101.95878474756569,31.898541665651084,10000,NA,NA,NA,NA,NA,NA,NA,NA,NA,NA,NA,NA,NA,0.045255323258946156,0.18264980299217284
2410,5.005357414136081,0.05145381636169695,0.023456392570245812,0.05230050057029507,81.88056582424619,1.0316543836864898,G02410,102.8571000316852,31.898541665651084,10000,NA,NA,NA,NA,NA,NA,NA,NA,NA,NA,NA,NA,NA,0.045255323258946156,0.18264980299217284
2411,5.005357414136081,0.05145381636169695,0.023456392570245812,0.05230050057029507,81.88056582424619,1.0316543836864898,G02411,103.75541531580473,31.898541665651084,10000,NA,NA,NA,NA,NA,NA,NA,NA,NA,NA,NA,NA,NA,0.045255323258946156,0.18264980299217284
2412,5.005357414136081,0.05145381636169695,0.023456392570245812,0.05230050057029507,81.88056582424619,1.0316543836864898,G02412,104.65373059992424,31.898541665651084,10000,NA,NA,NA,NA,NA,NA,NA,NA,NA,NA,NA,NA,NA,0.045255323258946156,0.18264980299217284
2413,5.005357414136081,0.05145381636169695,0.023456392570245812,0.05230050057029507,81.88056582424619,1.0316543836864898,G02413,105.55204588404376,31.898541665651084,10000,NA,NA,NA,NA,NA,NA,NA,NA,NA,NA,NA,NA,NA,0.045255323258946156,0.18264980299217284
2414,5.005357414136081,0.05145381636169695,0.023456392570245812,0.05230050057029507,81.88056582424619,1.0316543836864898,G02414,106.45036116816328,31.898541665651084,10000,NA,NA,NA,NA,NA,NA,NA,NA,NA,NA,NA,NA,NA,0.045255323258946156,0.18264980299217284
2415,5.005357414136081,0.05145381636169695,0.023456392570245812,0.05230050057029507,81.88056582424619,1.0316543836864898,G02415,107.34867645228282,31.898541665651084,10000,NA,NA,NA,NA,NA,NA,NA,NA,NA,NA,NA,NA,NA,0.045255323258946156,0.18264980299217284
2416,5.005357414136081,0.05145381636169695,0.023456392570245812,0.05230050057029507,81.88056582424619,1.0316543836864898,G02416,108.24699173640234,31.898541665651084,10000,NA,NA,NA,NA,NA,NA,NA,NA,NA,NA,NA,NA,NA,0.045255323258946156,0.18264980299217284
2417,5.005357414136081,0.05145381636169695,0.023456392570245812,0.05230050057029507,81.88056582424619,1.0316543836864898,G02417,109.14530702052186,31.898541665651084,10000,NA,NA,NA,NA,NA,NA,NA,NA,NA,NA,NA,NA,NA,0.045255323258946156,0.18264980299217284
2418,5.005357414136081,0.05145381636169695,0.023456392570245812,0.05230050057029507,81.88056582424619,1.0316543836864898,G02418,110.04362230464137,31.898541665651084,10000,NA,NA,NA,NA,NA,NA,NA,NA,NA,NA,NA,NA,NA,0.045255323258946156,0.18264980299217284
2419,5.005357414136081,0.05145381636169695,0.023456392570245812,0.05230050057029507,81.88056582424619,1.0316543836864898,G02419,110.9419375887609,31.898541665651084,10000,NA,NA,NA,NA,NA,NA,NA,NA,NA,NA,NA,NA,NA,0.045255323258946156,0.18264980299217284
2420,5.005357414136081,0.05145381636169695,0.023456392570245812,0.05230050057029507,81.88056582424619,1.0316543836864898,G02420,111.84025287288041,31.898541665651084,10000,NA,NA,NA,NA,NA,NA,NA,NA,NA,NA,NA,NA,NA,0.045255323258946156,0.18264980299217284
2421,5.005357414136081,0.05145381636169695,0.023456392570245812,0.05230050057029507,81.88056582424619,1.0316543836864898,G02421,112.73856815699993,31.898541665651084,10000,NA,NA,NA,NA,NA,NA,NA,NA,NA,NA,NA,NA,NA,0.045255323258946156,0.18264980299217284
2422,5.005357414136081,0.05145381636169695,0.023456392570245812,0.05230050057029507,81.88056582424619,1.0316543836864898,G02422,113.63688344111945,31.898541665651084,10000,NA,NA,NA,NA,NA,NA,NA,NA,NA,NA,NA,NA,NA,0.045255323258946156,0.18264980299217284
2423,5.005357414136081,0.05145381636169695,0.023456392570245812,0.05230050057029507,81.88056582424619,1.0316543836864898,G02423,114.53519872523898,31.898541665651084,10000,NA,NA,NA,NA,NA,NA,NA,NA,NA,NA,NA,NA,NA,0.045255323258946156,0.18264980299217284
2424,5.005357414136081,0.05145381636169695,0.023456392570245812,0.05230050057029507,81.88056582424619,1.0316543836864898,G02424,115.43351400935852,31.898541665651084,10000,NA,NA,NA,NA,NA,NA,NA,NA,NA,NA,NA,NA,NA,0.045255323258946156,0.18264980299217284
2425,5.005357414136081,0.05145381636169695,0.023456392570245812,0.05230050057029507,81.88056582424619,1.0316543836864898,G02425,116.33182929347802,31.898541665651084,10000,NA,NA,NA,NA,NA,NA,NA,NA,NA,NA,NA,NA,NA,0.045255323258946156,0.18264980299217284
2426,5.005357414136081,0.05145381636169695,0.023456392570245812,0.05230050057029507,81.88056582424619,1.0316543836864898,G02426,117.23014457759756,31.898541665651084,10000,NA,NA,NA,NA,NA,NA,NA,NA,NA,NA,NA,NA,NA,0.045255323258946156,0.18264980299217284
2427,5.005357414136081,0.05145381636169695,0.023456392570245812,0.05230050057029507,81.88056582424619,1.0316543836864898,G02427,118.12845986171706,31.898541665651084,9999.999999999985,NA,NA,NA,NA,NA,NA,NA,NA,NA,NA,NA,NA,NA,0.045255323258946156,0.18264980299217284
2428,5.005357414136081,0.05145381636169695,0.023456392570245812,0.05230050057029507,81.88056582424619,1.0316543836864898,G02428,119.0267751458366,31.898541665651084,9999.999999999985,NA,NA,NA,NA,NA,NA,NA,NA,NA,NA,NA,NA,NA,0.045255323258946156,0.18264980299217284
2429,5.005357414136081,0.05145381636169695,0.023456392570245812,0.05230050057029507,81.88056582424619,1.0316543836864898,G02429,119.92239368993879,31.898134324632665,9934.472730764826,NA,NA,NA,NA,NA,NA,NA,NA,NA,NA,NA,NA,NA,0.045255323258946156,0.18264980299217284
2430,5.005357414136081,0.05145381636169695,0.023456392570245812,0.05230050057029507,81.88056582424619,1.0316543836864898,G02430,120.81254974467392,31.90747572274528,8593.107666171654,NA,NA,NA,NA,NA,NA,NA,NA,NA,NA,NA,NA,NA,0.045255323258946156,0.18264980299217284
2431,5.005357414136081,0.05145381636169695,0.023456392570245812,0.05230050057029507,81.88056582424619,1.0316543836864898,G02431,121.53361644034086,31.85001904436322,3843.4330292020627,NA,NA,NA,NA,NA,NA,NA,NA,NA,NA,NA,NA,NA,0.045255323258946156,0.18264980299217284
2456,5.005357414136081,0.05145381636169695,0.023456392570245812,0.05230050057029507,81.88056582424619,1.0316543836864898,G02456,79.52423379981482,31.264574138769824,6483.553387060723,NA,NA,NA,NA,NA,NA,NA,NA,NA,NA,NA,NA,NA,0.045255323258946156,0.18264980299217284
2457,5.005357414136081,0.05145381636169695,0.023456392570245812,0.05230050057029507,81.88056582424619,1.0316543836864898,G02457,80.40065383417712,31.133888451447145,9967.02971540569,NA,NA,NA,NA,NA,NA,NA,NA,NA,NA,NA,NA,NA,0.045255323258946156,0.18264980299217284
2458,5.005357414136081,0.05145381636169695,0.023456392570245812,0.05230050057029507,81.88056582424619,1.0316543836864898,G02458,81.29753321281669,31.132740120149325,10000,NA,NA,NA,NA,NA,NA,NA,NA,NA,NA,NA,NA,NA,0.045255323258946156,0.18264980299217284
2459,5.005357414136081,0.05145381636169695,0.023456392570245812,0.05230050057029507,81.88056582424619,1.0316543836864898,G02459,82.19584849693621,31.132740120149325,10000,NA,NA,NA,NA,NA,NA,NA,NA,NA,NA,NA,NA,NA,0.045255323258946156,0.18264980299217284
2460,5.005357414136081,0.05145381636169695,0.023456392570245812,0.05230050057029507,81.88056582424619,1.0316543836864898,G02460,83.09416378105573,31.132740120149325,10000,NA,NA,NA,NA,NA,NA,NA,NA,NA,NA,NA,NA,NA,0.045255323258946156,0.18264980299217284
2461,5.005357414136081,0.05145381636169695,0.023456392570245812,0.05230050057029507,81.88056582424619,1.0316543836864898,G02461,83.99247906517525,31.132740120149325,10000,NA,NA,NA,NA,NA,NA,NA,NA,NA,NA,NA,NA,NA,0.045255323258946156,0.18264980299217284
2462,5.005357414136081,0.05145381636169695,0.023456392570245812,0.05230050057029507,81.88056582424619,1.0316543836864898,G02462,84.89079434929477,31.132740120149325,10000,NA,NA,NA,NA,NA,NA,NA,NA,NA,NA,NA,NA,NA,0.045255323258946156,0.18264980299217284
2463,5.005357414136081,0.05145381636169695,0.023456392570245812,0.05230050057029507,81.88056582424619,1.0316543836864898,G02463,85.7891096334143,31.132740120149325,10000,NA,NA,NA,NA,NA,NA,NA,NA,NA,NA,NA,NA,NA,0.045255323258946156,0.18264980299217284
2464,5.005357414136081,0.05145381636169695,0.023456392570245812,0.05230050057029507,81.88056582424619,1.0316543836864898,G02464,86.68742491753382,31.132740120149325,10000,NA,NA,NA,NA,NA,NA,NA,NA,NA,NA,NA,NA,NA,0.045255323258946156,0.18264980299217284
2466,5.005357414136081,0.05145381636169695,0.023456392570245812,0.05230050057029507,81.88056582424619,1.0316543836864898,G02466,88.48405548577286,31.132740120149325,10000,NA,NA,NA,NA,NA,NA,NA,NA,NA,NA,NA,NA,NA,0.045255323258946156,0.18264980299217284
2468,5.005357414136081,0.05145381636169695,0.023456392570245812,0.05230050057029507,81.88056582424619,1.0316543836864898,G02468,90.2806860540119,31.132740120149325,10000,NA,NA,NA,NA,NA,NA,NA,NA,NA,NA,NA,NA,NA,0.045255323258946156,0.18264980299217284
2469,5.005357414136081,0.05145381636169695,0.023456392570245812,0.05230050057029507,81.88056582424619,1.0316543836864898,G02469,91.17900133813141,31.132740120149325,10000,NA,NA,NA,NA,NA,NA,NA,NA,NA,NA,NA,NA,NA,0.045255323258946156,0.18264980299217284
2470,5.005357414136081,0.05145381636169695,0.023456392570245812,0.05230050057029507,81.88056582424619,1.0316543836864898,G02470,92.07731662225093,31.132740120149325,10000,NA,NA,NA,NA,NA,NA,NA,NA,NA,NA,NA,NA,NA,0.045255323258946156,0.18264980299217284
2471,5.005357414136081,0.05145381636169695,0.023456392570245812,0.05230050057029507,81.88056582424619,1.0316543836864898,G02471,92.97563190637047,31.132740120149325,10000,NA,NA,NA,NA,NA,NA,NA,NA,NA,NA,NA,NA,NA,0.045255323258946156,0.18264980299217284
2472,5.005357414136081,0.05145381636169695,0.023456392570245812,0.05230050057029507,81.88056582424619,1.0316543836864898,G02472,93.87394719048999,31.132740120149325,10000,NA,NA,NA,NA,NA,NA,NA,NA,NA,NA,NA,NA,NA,0.045255323258946156,0.18264980299217284
2473,5.005357414136081,0.05145381636169695,0.023456392570245812,0.05230050057029507,81.88056582424619,1.0316543836864898,G02473,94.7722624746095,31.132740120149325,10000,NA,NA,NA,NA,NA,NA,NA,NA,NA,NA,NA,NA,NA,0.045255323258946156,0.18264980299217284
2474,5.005357414136081,0.05145381636169695,0.023456392570245812,0.05230050057029507,81.88056582424619,1.0316543836864898,G02474,95.67057775872902,31.132740120149325,10000,NA,NA,NA,NA,NA,NA,NA,NA,NA,NA,NA,NA,NA,0.045255323258946156,0.18264980299217284
2475,5.005357414136081,0.05145381636169695,0.023456392570245812,0.05230050057029507,81.88056582424619,1.0316543836864898,G02475,96.56889304284854,31.132740120149325,10000,NA,NA,NA,NA,NA,NA,NA,NA,NA,NA,NA,NA,NA,0.045255323258946156,0.18264980299217284
2476,5.005357414136081,0.05145381636169695,0.023456392570245812,0.05230050057029507,81.88056582424619,1.0316543836864898,G02476,97.46720832696808,31.132740120149325,10000,NA,NA,NA,NA,NA,NA,NA,NA,NA,NA,NA,NA,NA,0.045255323258946156,0.18264980299217284
2477,5.005357414136081,0.05145381636169695,0.023456392570245812,0.05230050057029507,81.88056582424619,1.0316543836864898,G02477,98.3655236110876,31.132740120149325,10000,NA,NA,NA,NA,NA,NA,NA,NA,NA,NA,NA,NA,NA,0.045255323258946156,0.18264980299217284
2478,5.005357414136081,0.05145381636169695,0.023456392570245812,0.05230050057029507,81.88056582424619,1.0316543836864898,G02478,99.26383889520712,31.132740120149325,10000,NA,NA,NA,NA,NA,NA,NA,NA,NA,NA,NA,NA,NA,0.045255323258946156,0.18264980299217284
2479,5.005357414136081,0.05145381636169695,0.023456392570245812,0.05230050057029507,81.88056582424619,1.0316543836864898,G02479,100.16215417932663,31.132740120149325,10000,NA,NA,NA,NA,NA,NA,NA,NA,NA,NA,NA,NA,NA,0.045255323258946156,0.18264980299217284
2480,5.005357414136081,0.05145381636169695,0.023456392570245812,0.05230050057029507,81.88056582424619,1.0316543836864898,G02480,101.06046946344617,31.132740120149325,10000,NA,NA,NA,NA,NA,NA,NA,NA,NA,NA,NA,NA,NA,0.045255323258946156,0.18264980299217284
2481,5.005357414136081,0.05145381636169695,0.023456392570245812,0.05230050057029507,81.88056582424619,1.0316543836864898,G02481,101.95878474756569,31.132740120149325,10000,NA,NA,NA,NA,NA,NA,NA,NA,NA,NA,NA,NA,NA,0.045255323258946156,0.18264980299217284
2482,5.005357414136081,0.05145381636169695,0.023456392570245812,0.05230050057029507,81.88056582424619,1.0316543836864898,G02482,102.8571000316852,31.132740120149325,10000,NA,NA,NA,NA,NA,NA,NA,NA,NA,NA,NA,NA,NA,0.045255323258946156,0.18264980299217284
2483,5.005357414136081,0.05145381636169695,0.023456392570245812,0.05230050057029507,81.88056582424619,1.0316543836864898,G02483,103.75541531580473,31.132740120149325,10000,NA,NA,NA,NA,NA,NA,NA,NA,NA,NA,NA,NA,NA,0.045255323258946156,0.18264980299217284
2484,5.005357414136081,0.05145381636169695,0.023456392570245812,0.05230050057029507,81.88056582424619,1.0316543836864898,G02484,104.65373059992424,31.132740120149325,10000,NA,NA,NA,NA,NA,NA,NA,NA,NA,NA,NA,NA,NA,0.045255323258946156,0.18264980299217284
2485,5.005357414136081,0.05145381636169695,0.023456392570245812,0.05230050057029507,81.88056582424619,1.0316543836864898,G02485,105.55204588404376,31.132740120149325,10000,NA,NA,NA,NA,NA,NA,NA,NA,NA,NA,NA,NA,NA,0.045255323258946156,0.18264980299217284
2486,5.005357414136081,0.05145381636169695,0.023456392570245812,0.05230050057029507,81.88056582424619,1.0316543836864898,G02486,106.45036116816328,31.132740120149325,10000,NA,NA,NA,NA,NA,NA,NA,NA,NA,NA,NA,NA,NA,0.045255323258946156,0.18264980299217284
2487,5.005357414136081,0.05145381636169695,0.023456392570245812,0.05230050057029507,81.88056582424619,1.0316543836864898,G02487,107.34867645228282,31.132740120149325,10000,NA,NA,NA,NA,NA,NA,NA,NA,NA,NA,NA,NA,NA,0.045255323258946156,0.18264980299217284
2488,5.005357414136081,0.05145381636169695,0.023456392570245812,0.05230050057029507,81.88056582424619,1.0316543836864898,G02488,108.24699173640234,31.132740120149325,10000,NA,NA,NA,NA,NA,NA,NA,NA,NA,NA,NA,NA,NA,0.045255323258946156,0.18264980299217284
2489,5.005357414136081,0.05145381636169695,0.023456392570245812,0.05230050057029507,81.88056582424619,1.0316543836864898,G02489,109.14530702052186,31.132740120149325,10000,NA,NA,NA,NA,NA,NA,NA,NA,NA,NA,NA,NA,NA,0.045255323258946156,0.18264980299217284
2490,5.005357414136081,0.05145381636169695,0.023456392570245812,0.05230050057029507,81.88056582424619,1.0316543836864898,G02490,110.04362230464137,31.132740120149325,10000,NA,NA,NA,NA,NA,NA,NA,NA,NA,NA,NA,NA,NA,0.045255323258946156,0.18264980299217284
2491,5.005357414136081,0.05145381636169695,0.023456392570245812,0.05230050057029507,81.88056582424619,1.0316543836864898,G02491,110.9419375887609,31.132740120149325,10000,NA,NA,NA,NA,NA,NA,NA,NA,NA,NA,NA,NA,NA,0.045255323258946156,0.18264980299217284
2492,5.005357414136081,0.05145381636169695,0.023456392570245812,0.05230050057029507,81.88056582424619,1.0316543836864898,G02492,111.84025287288041,31.132740120149325,10000,NA,NA,NA,NA,NA,NA,NA,NA,NA,NA,NA,NA,NA,0.045255323258946156,0.18264980299217284
2493,5.005357414136081,0.05145381636169695,0.023456392570245812,0.05230050057029507,81.88056582424619,1.0316543836864898,G02493,112.73856815699993,31.132740120149325,10000,NA,NA,NA,NA,NA,NA,NA,NA,NA,NA,NA,NA,NA,0.045255323258946156,0.18264980299217284
2494,5.005357414136081,0.05145381636169695,0.023456392570245812,0.05230050057029507,81.88056582424619,1.0316543836864898,G02494,113.63688344111945,31.132740120149325,10000,NA,NA,NA,NA,NA,NA,NA,NA,NA,NA,NA,NA,NA,0.045255323258946156,0.18264980299217284
2495,5.005357414136081,0.05145381636169695,0.023456392570245812,0.05230050057029507,81.88056582424619,1.0316543836864898,G02495,114.53519872523898,31.132740120149325,10000,NA,NA,NA,NA,NA,NA,NA,NA,NA,NA,NA,NA,NA,0.045255323258946156,0.18264980299217284
2496,5.005357414136081,0.05145381636169695,0.023456392570245812,0.05230050057029507,81.88056582424619,1.0316543836864898,G02496,115.43351400935852,31.132740120149325,10000,NA,NA,NA,NA,NA,NA,NA,NA,NA,NA,NA,NA,NA,0.045255323258946156,0.18264980299217284
2497,5.005357414136081,0.05145381636169695,0.023456392570245812,0.05230050057029507,81.88056582424619,1.0316543836864898,G02497,116.33182929347802,31.132740120149325,10000,NA,NA,NA,NA,NA,NA,NA,NA,NA,NA,NA,NA,NA,0.045255323258946156,0.18264980299217284
2498,5.005357414136081,0.05145381636169695,0.023456392570245812,0.05230050057029507,81.88056582424619,1.0316543836864898,G02498,117.23014457759756,31.132740120149325,10000,NA,NA,NA,NA,NA,NA,NA,NA,NA,NA,NA,NA,NA,0.045255323258946156,0.18264980299217284
2499,5.005357414136081,0.05145381636169695,0.023456392570245812,0.05230050057029507,81.88056582424619,1.0316543836864898,G02499,118.12845986171706,31.132740120149325,10000,NA,NA,NA,NA,NA,NA,NA,NA,NA,NA,NA,NA,NA,0.045255323258946156,0.18264980299217284
2500,5.005357414136081,0.05145381636169695,0.023456392570245812,0.05230050057029507,81.88056582424619,1.0316543836864898,G02500,119.02677514583657,31.13274012014934,9999.999999999547,NA,NA,NA,NA,NA,NA,NA,NA,NA,NA,NA,NA,NA,0.045255323258946156,0.18264980299217284
2501,5.005357414136081,0.05145381636169695,0.023456392570245812,0.05230050057029507,81.88056582424619,1.0316543836864898,G02501,119.92509042995623,31.13274012014934,9999.9999999998945,NA,NA,NA,NA,NA,NA,NA,NA,NA,NA,NA,NA,NA,0.045255323258946156,0.18264980299217284
2502,5.005357414136081,0.05145381636169695,0.023456392570245812,0.05230050057029507,81.88056582424619,1.0316543836864898,G02502,120.82330591956432,31.132655905840622,9997.758889550554,NA,NA,NA,NA,NA,NA,NA,NA,NA,NA,NA,NA,NA,0.045255323258946156,0.18264980299217284
2503,5.005357414136081,0.05145381636169695,0.023456392570245812,0.05230050057029507,81.88056582424619,1.0316543836864898,G02503,121.53445221931591,31.100950079006175,4676.040547620209,NA,NA,NA,NA,NA,NA,NA,NA,NA,NA,NA,NA,NA,0.045255323258946156,0.18264980299217284
2504,5.005357414136081,0.05145381636169695,0.023456392570245812,0.05230050057029507,81.88056582424619,1.0316543836864898,G02504,122.66019317047427,30.837734389028643,3.6523392320496475,NA,NA,NA,NA,NA,NA,NA,NA,NA,NA,NA,NA,NA,0.045255323258946156,0.18264980299217284
2530,5.005357414136081,0.05145381636169695,0.023456392570245812,0.05230050057029507,81.88056582424619,1.0316543836864898,G02530,81.26011281175869,30.493452251176187,6036.132361042728,NA,NA,NA,NA,NA,NA,NA,NA,NA,NA,NA,NA,NA,0.045255323258946156,0.18264980299217284
2531,5.005357414136081,0.05145381636169695,0.023456392570245812,0.05230050057029507,81.88056582424619,1.0316543836864898,G02531,82.2720886894834,30.445350213689434,7152.782132459606,NA,NA,NA,NA,NA,NA,NA,NA,NA,NA,NA,NA,NA,0.045255323258946156,0.18264980299217284
2532,5.005357414136081,0.05145381636169695,0.023456392570245812,0.05230050057029507,81.88056582424619,1.0316543836864898,G02532,83.09416378105573,30.360705911503267,10000,NA,NA,NA,NA,NA,NA,NA,NA,NA,NA,NA,NA,NA,0.045255323258946156,0.18264980299217284
2535,5.005357414136081,0.05145381636169695,0.023456392570245812,0.05230050057029507,81.88056582424619,1.0316543836864898,G02535,85.7891096334143,30.360705911503267,10000,NA,NA,NA,NA,NA,NA,NA,NA,NA,NA,NA,NA,NA,0.045255323258946156,0.18264980299217284
2539,5.005357414136081,0.05145381636169695,0.023456392570245812,0.05230050057029507,81.88056582424619,1.0316543836864898,G02539,89.38237076989238,30.360705911503267,10000,NA,NA,NA,NA,NA,NA,NA,NA,NA,NA,NA,NA,NA,0.045255323258946156,0.18264980299217284
2540,5.005357414136081,0.05145381636169695,0.023456392570245812,0.05230050057029507,81.88056582424619,1.0316543836864898,G02540,90.2806860540119,30.360705911503267,10000,NA,NA,NA,NA,NA,NA,NA,NA,NA,NA,NA,NA,NA,0.045255323258946156,0.18264980299217284
2541,5.005357414136081,0.05145381636169695,0.023456392570245812,0.05230050057029507,81.88056582424619,1.0316543836864898,G02541,91.17900133813141,30.360705911503267,10000,NA,NA,NA,NA,NA,NA,NA,NA,NA,NA,NA,NA,NA,0.045255323258946156,0.18264980299217284
2542,5.005357414136081,0.05145381636169695,0.023456392570245812,0.05230050057029507,81.88056582424619,1.0316543836864898,G02542,92.07731662225093,30.360705911503267,10000,NA,NA,NA,NA,NA,NA,NA,NA,NA,NA,NA,NA,NA,0.045255323258946156,0.18264980299217284
2543,5.005357414136081,0.05145381636169695,0.023456392570245812,0.05230050057029507,81.88056582424619,1.0316543836864898,G02543,92.97563190637047,30.360705911503267,10000,NA,NA,NA,NA,NA,NA,NA,NA,NA,NA,NA,NA,NA,0.045255323258946156,0.18264980299217284
2544,5.005357414136081,0.05145381636169695,0.023456392570245812,0.05230050057029507,81.88056582424619,1.0316543836864898,G02544,93.87394719048999,30.360705911503267,10000,NA,NA,NA,NA,NA,NA,NA,NA,NA,NA,NA,NA,NA,0.045255323258946156,0.18264980299217284
2545,5.005357414136081,0.05145381636169695,0.023456392570245812,0.05230050057029507,81.88056582424619,1.0316543836864898,G02545,94.7722624746095,30.360705911503267,10000,NA,NA,NA,NA,NA,NA,NA,NA,NA,NA,NA,NA,NA,0.045255323258946156,0.18264980299217284
2546,5.005357414136081,0.05145381636169695,0.023456392570245812,0.05230050057029507,81.88056582424619,1.0316543836864898,G02546,95.67057775872902,30.360705911503267,10000,NA,NA,NA,NA,NA,NA,NA,NA,NA,NA,NA,NA,NA,0.045255323258946156,0.18264980299217284
2547,5.005357414136081,0.05145381636169695,0.023456392570245812,0.05230050057029507,81.88056582424619,1.0316543836864898,G02547,96.56889304284854,30.360705911503267,10000,NA,NA,NA,NA,NA,NA,NA,NA,NA,NA,NA,NA,NA,0.045255323258946156,0.18264980299217284
2548,5.005357414136081,0.05145381636169695,0.023456392570245812,0.05230050057029507,81.88056582424619,1.0316543836864898,G02548,97.46720832696808,30.360705911503267,10000,NA,NA,NA,NA,NA,NA,NA,NA,NA,NA,NA,NA,NA,0.045255323258946156,0.18264980299217284
2549,5.005357414136081,0.05145381636169695,0.023456392570245812,0.05230050057029507,81.88056582424619,1.0316543836864898,G02549,98.3655236110876,30.360705911503267,10000,NA,NA,NA,NA,NA,NA,NA,NA,NA,NA,NA,NA,NA,0.045255323258946156,0.18264980299217284
2550,5.005357414136081,0.05145381636169695,0.023456392570245812,0.05230050057029507,81.88056582424619,1.0316543836864898,G02550,99.26383889520712,30.360705911503267,10000,NA,NA,NA,NA,NA,NA,NA,NA,NA,NA,NA,NA,NA,0.045255323258946156,0.18264980299217284
2551,5.005357414136081,0.05145381636169695,0.023456392570245812,0.05230050057029507,81.88056582424619,1.0316543836864898,G02551,100.16215417932663,30.360705911503267,10000,NA,NA,NA,NA,NA,NA,NA,NA,NA,NA,NA,NA,NA,0.045255323258946156,0.18264980299217284
2552,5.005357414136081,0.05145381636169695,0.023456392570245812,0.05230050057029507,81.88056582424619,1.0316543836864898,G02552,101.06046946344617,30.360705911503267,10000,NA,NA,NA,NA,NA,NA,NA,NA,NA,NA,NA,NA,NA,0.045255323258946156,0.18264980299217284
2553,5.005357414136081,0.05145381636169695,0.023456392570245812,0.05230050057029507,81.88056582424619,1.0316543836864898,G02553,101.95878474756569,30.360705911503267,10000,NA,NA,NA,NA,NA,NA,NA,NA,NA,NA,NA,NA,NA,0.045255323258946156,0.18264980299217284
2554,5.005357414136081,0.05145381636169695,0.023456392570245812,0.05230050057029507,81.88056582424619,1.0316543836864898,G02554,102.8571000316852,30.360705911503267,10000,NA,NA,NA,NA,NA,NA,NA,NA,NA,NA,NA,NA,NA,0.045255323258946156,0.18264980299217284
2555,5.005357414136081,0.05145381636169695,0.023456392570245812,0.05230050057029507,81.88056582424619,1.0316543836864898,G02555,103.75541531580473,30.360705911503267,10000,NA,NA,NA,NA,NA,NA,NA,NA,NA,NA,NA,NA,NA,0.045255323258946156,0.18264980299217284
2556,5.005357414136081,0.05145381636169695,0.023456392570245812,0.05230050057029507,81.88056582424619,1.0316543836864898,G02556,104.65373059992424,30.360705911503267,10000,NA,NA,NA,NA,NA,NA,NA,NA,NA,NA,NA,NA,NA,0.045255323258946156,0.18264980299217284
2557,5.005357414136081,0.05145381636169695,0.023456392570245812,0.05230050057029507,81.88056582424619,1.0316543836864898,G02557,105.55204588404376,30.360705911503267,10000,NA,NA,NA,NA,NA,NA,NA,NA,NA,NA,NA,NA,NA,0.045255323258946156,0.18264980299217284
2558,5.005357414136081,0.05145381636169695,0.023456392570245812,0.05230050057029507,81.88056582424619,1.0316543836864898,G02558,106.45036116816328,30.360705911503267,10000,NA,NA,NA,NA,NA,NA,NA,NA,NA,NA,NA,NA,NA,0.045255323258946156,0.18264980299217284
2559,5.005357414136081,0.05145381636169695,0.023456392570245812,0.05230050057029507,81.88056582424619,1.0316543836864898,G02559,107.34867645228282,30.360705911503267,10000,NA,NA,NA,NA,NA,NA,NA,NA,NA,NA,NA,NA,NA,0.045255323258946156,0.18264980299217284
2560,5.005357414136081,0.05145381636169695,0.023456392570245812,0.05230050057029507,81.88056582424619,1.0316543836864898,G02560,108.24699173640234,30.360705911503267,10000,NA,NA,NA,NA,NA,NA,NA,NA,NA,NA,NA,NA,NA,0.045255323258946156,0.18264980299217284
2561,5.005357414136081,0.05145381636169695,0.023456392570245812,0.05230050057029507,81.88056582424619,1.0316543836864898,G02561,109.14530702052186,30.360705911503267,10000,NA,NA,NA,NA,NA,NA,NA,NA,NA,NA,NA,NA,NA,0.045255323258946156,0.18264980299217284
2562,5.005357414136081,0.05145381636169695,0.023456392570245812,0.05230050057029507,81.88056582424619,1.0316543836864898,G02562,110.04362230464137,30.360705911503267,10000,NA,NA,NA,NA,NA,NA,NA,NA,NA,NA,NA,NA,NA,0.045255323258946156,0.18264980299217284
2563,5.005357414136081,0.05145381636169695,0.023456392570245812,0.05230050057029507,81.88056582424619,1.0316543836864898,G02563,110.9419375887609,30.360705911503267,10000,NA,NA,NA,NA,NA,NA,NA,NA,NA,NA,NA,NA,NA,0.045255323258946156,0.18264980299217284
2564,5.005357414136081,0.05145381636169695,0.023456392570245812,0.05230050057029507,81.88056582424619,1.0316543836864898,G02564,111.84025287288041,30.360705911503267,10000,NA,NA,NA,NA,NA,NA,NA,NA,NA,NA,NA,NA,NA,0.045255323258946156,0.18264980299217284
2565,5.005357414136081,0.05145381636169695,0.023456392570245812,0.05230050057029507,81.88056582424619,1.0316543836864898,G02565,112.73856815699993,30.360705911503267,10000,NA,NA,NA,NA,NA,NA,NA,NA,NA,NA,NA,NA,NA,0.045255323258946156,0.18264980299217284
2566,5.005357414136081,0.05145381636169695,0.023456392570245812,0.05230050057029507,81.88056582424619,1.0316543836864898,G02566,113.63688344111945,30.360705911503267,10000,NA,NA,NA,NA,NA,NA,NA,NA,NA,NA,NA,NA,NA,0.045255323258946156,0.18264980299217284
2567,5.005357414136081,0.05145381636169695,0.023456392570245812,0.05230050057029507,81.88056582424619,1.0316543836864898,G02567,114.53519872523898,30.360705911503267,10000,NA,NA,NA,NA,NA,NA,NA,NA,NA,NA,NA,NA,NA,0.045255323258946156,0.18264980299217284
2568,5.005357414136081,0.05145381636169695,0.023456392570245812,0.05230050057029507,81.88056582424619,1.0316543836864898,G02568,115.43351400935852,30.360705911503267,10000,NA,NA,NA,NA,NA,NA,NA,NA,NA,NA,NA,NA,NA,0.045255323258946156,0.18264980299217284
2569,5.005357414136081,0.05145381636169695,0.023456392570245812,0.05230050057029507,81.88056582424619,1.0316543836864898,G02569,116.33182929347802,30.360705911503267,10000,NA,NA,NA,NA,NA,NA,NA,NA,NA,NA,NA,NA,NA,0.045255323258946156,0.18264980299217284
2570,5.005357414136081,0.05145381636169695,0.023456392570245812,0.05230050057029507,81.88056582424619,1.0316543836864898,G02570,117.23014457759756,30.360705911503267,10000,NA,NA,NA,NA,NA,NA,NA,NA,NA,NA,NA,NA,NA,0.045255323258946156,0.18264980299217284
2571,5.005357414136081,0.05145381636169695,0.023456392570245812,0.05230050057029507,81.88056582424619,1.0316543836864898,G02571,118.12845986171706,30.360705911503267,10000,NA,NA,NA,NA,NA,NA,NA,NA,NA,NA,NA,NA,NA,0.045255323258946156,0.18264980299217284
2572,5.005357414136081,0.05145381636169695,0.023456392570245812,0.05230050057029507,81.88056582424619,1.0316543836864898,G02572,119.0267751458366,30.360705911503267,10000,NA,NA,NA,NA,NA,NA,NA,NA,NA,NA,NA,NA,NA,0.045255323258946156,0.18264980299217284
2573,5.005357414136081,0.05145381636169695,0.023456392570245812,0.05230050057029507,81.88056582424619,1.0316543836864898,G02573,119.92232611425443,30.36133715432385,9928.524839897089,NA,NA,NA,NA,NA,NA,NA,NA,NA,NA,NA,NA,NA,0.045255323258946156,0.18264980299217284
2574,5.005357414136081,0.05145381636169695,0.023456392570245812,0.05230050057029507,81.88056582424619,1.0316543836864898,G02574,120.7744446693969,30.3583818036768,7042.455081609884,NA,NA,NA,NA,NA,NA,NA,NA,NA,NA,NA,NA,NA,0.045255323258946156,0.18264980299217284
2575,5.005357414136081,0.05145381636169695,0.023456392570245812,0.05230050057029507,81.88056582424619,1.0316543836864898,G02575,121.63932075211666,30.120901859964057,1849.8171967617996,NA,NA,NA,NA,NA,NA,NA,NA,NA,NA,NA,NA,NA,0.045255323258946156,0.18264980299217284
2576,5.005357414136081,0.05145381636169695,0.023456392570245812,0.05230050057029507,81.88056582424619,1.0316543836864898,G02576,122.3058740238152,30.273555177406518,462.08748001655243,NA,NA,NA,NA,NA,NA,NA,NA,NA,NA,NA,NA,NA,0.045255323258946156,0.18264980299217284
2605,5.005357414136081,0.05145381636169695,0.023456392570245812,0.05230050057029507,81.88056582424619,1.0316543836864898,G02605,83.9990797541761,29.616259998983086,9072.373260057619,NA,NA,NA,NA,NA,NA,NA,NA,NA,NA,NA,NA,NA,0.045255323258946156,0.18264980299217284
2606,5.005357414136081,0.05145381636169695,0.023456392570245812,0.05230050057029507,81.88056582424619,1.0316543836864898,G02606,84.89079434929477,29.582529613545592,10000,NA,NA,NA,NA,NA,NA,NA,NA,NA,NA,NA,NA,NA,0.045255323258946156,0.18264980299217284
2607,5.005357414136081,0.05145381636169695,0.023456392570245812,0.05230050057029507,81.88056582424619,1.0316543836864898,G02607,85.7891096334143,29.582529613545592,10000,NA,NA,NA,NA,NA,NA,NA,NA,NA,NA,NA,NA,NA,0.045255323258946156,0.18264980299217284
2608,5.005357414136081,0.05145381636169695,0.023456392570245812,0.05230050057029507,81.88056582424619,1.0316543836864898,G02608,86.68742491753382,29.582529613545592,10000,NA,NA,NA,NA,NA,NA,NA,NA,NA,NA,NA,NA,NA,0.045255323258946156,0.18264980299217284
2609,5.005357414136081,0.05145381636169695,0.023456392570245812,0.05230050057029507,81.88056582424619,1.0316543836864898,G02609,87.58574020165334,29.582529613545592,10000,NA,NA,NA,NA,NA,NA,NA,NA,NA,NA,NA,NA,NA,0.045255323258946156,0.18264980299217284
2610,5.005357414136081,0.05145381636169695,0.023456392570245812,0.05230050057029507,81.88056582424619,1.0316543836864898,G02610,88.48405548577286,29.582529613545592,10000,NA,NA,NA,NA,NA,NA,NA,NA,NA,NA,NA,NA,NA,0.045255323258946156,0.18264980299217284
2611,5.005357414136081,0.05145381636169695,0.023456392570245812,0.05230050057029507,81.88056582424619,1.0316543836864898,G02611,89.38237076989238,29.582529613545592,10000,NA,NA,NA,NA,NA,NA,NA,NA,NA,NA,NA,NA,NA,0.045255323258946156,0.18264980299217284
2612,5.005357414136081,0.05145381636169695,0.023456392570245812,0.05230050057029507,81.88056582424619,1.0316543836864898,G02612,90.2806860540119,29.582529613545592,10000,NA,NA,NA,NA,NA,NA,NA,NA,NA,NA,NA,NA,NA,0.045255323258946156,0.18264980299217284
2613,5.005357414136081,0.05145381636169695,0.023456392570245812,0.05230050057029507,81.88056582424619,1.0316543836864898,G02613,91.17900133813141,29.582529613545592,10000,NA,NA,NA,NA,NA,NA,NA,NA,NA,NA,NA,NA,NA,0.045255323258946156,0.18264980299217284
2614,5.005357414136081,0.05145381636169695,0.023456392570245812,0.05230050057029507,81.88056582424619,1.0316543836864898,G02614,92.07731662225093,29.582529613545592,10000,NA,NA,NA,NA,NA,NA,NA,NA,NA,NA,NA,NA,NA,0.045255323258946156,0.18264980299217284
2615,5.005357414136081,0.05145381636169695,0.023456392570245812,0.05230050057029507,81.88056582424619,1.0316543836864898,G02615,92.97563190637047,29.582529613545592,10000,NA,NA,NA,NA,NA,NA,NA,NA,NA,NA,NA,NA,NA,0.045255323258946156,0.18264980299217284
2616,5.005357414136081,0.05145381636169695,0.023456392570245812,0.05230050057029507,81.88056582424619,1.0316543836864898,G02616,93.87394719048999,29.582529613545592,10000,NA,NA,NA,NA,NA,NA,NA,NA,NA,NA,NA,NA,NA,0.045255323258946156,0.18264980299217284
2617,5.005357414136081,0.05145381636169695,0.023456392570245812,0.05230050057029507,81.88056582424619,1.0316543836864898,G02617,94.7722624746095,29.582529613545592,10000,NA,NA,NA,NA,NA,NA,NA,NA,NA,NA,NA,NA,NA,0.045255323258946156,0.18264980299217284
2618,5.005357414136081,0.05145381636169695,0.023456392570245812,0.05230050057029507,81.88056582424619,1.0316543836864898,G02618,95.67057775872902,29.582529613545592,10000,NA,NA,NA,NA,NA,NA,NA,NA,NA,NA,NA,NA,NA,0.045255323258946156,0.18264980299217284
2619,5.005357414136081,0.05145381636169695,0.023456392570245812,0.05230050057029507,81.88056582424619,1.0316543836864898,G02619,96.56889304284854,29.582529613545592,10000,NA,NA,NA,NA,NA,NA,NA,NA,NA,NA,NA,NA,NA,0.045255323258946156,0.18264980299217284
2620,5.005357414136081,0.05145381636169695,0.023456392570245812,0.05230050057029507,81.88056582424619,1.0316543836864898,G02620,97.46720832696808,29.582529613545592,10000,NA,NA,NA,NA,NA,NA,NA,NA,NA,NA,NA,NA,NA,0.045255323258946156,0.18264980299217284
2621,5.005357414136081,0.05145381636169695,0.023456392570245812,0.05230050057029507,81.88056582424619,1.0316543836864898,G02621,98.3655236110876,29.582529613545592,10000,NA,NA,NA,NA,NA,NA,NA,NA,NA,NA,NA,NA,NA,0.045255323258946156,0.18264980299217284
2622,5.005357414136081,0.05145381636169695,0.023456392570245812,0.05230050057029507,81.88056582424619,1.0316543836864898,G02622,99.26383889520712,29.582529613545592,10000,NA,NA,NA,NA,NA,NA,NA,NA,NA,NA,NA,NA,NA,0.045255323258946156,0.18264980299217284
2623,5.005357414136081,0.05145381636169695,0.023456392570245812,0.05230050057029507,81.88056582424619,1.0316543836864898,G02623,100.16215417932663,29.582529613545592,10000,NA,NA,NA,NA,NA,NA,NA,NA,NA,NA,NA,NA,NA,0.045255323258946156,0.18264980299217284
2624,5.005357414136081,0.05145381636169695,0.023456392570245812,0.05230050057029507,81.88056582424619,1.0316543836864898,G02624,101.06046946344617,29.582529613545592,10000,NA,NA,NA,NA,NA,NA,NA,NA,NA,NA,NA,NA,NA,0.045255323258946156,0.18264980299217284
2625,5.005357414136081,0.05145381636169695,0.023456392570245812,0.05230050057029507,81.88056582424619,1.0316543836864898,G02625,101.95878474756569,29.582529613545592,10000,NA,NA,NA,NA,NA,NA,NA,NA,NA,NA,NA,NA,NA,0.045255323258946156,0.18264980299217284
2626,5.005357414136081,0.05145381636169695,0.023456392570245812,0.05230050057029507,81.88056582424619,1.0316543836864898,G02626,102.8571000316852,29.582529613545592,10000,NA,NA,NA,NA,NA,NA,NA,NA,NA,NA,NA,NA,NA,0.045255323258946156,0.18264980299217284
2627,5.005357414136081,0.05145381636169695,0.023456392570245812,0.05230050057029507,81.88056582424619,1.0316543836864898,G02627,103.75541531580473,29.582529613545592,10000,NA,NA,NA,NA,NA,NA,NA,NA,NA,NA,NA,NA,NA,0.045255323258946156,0.18264980299217284
2628,5.005357414136081,0.05145381636169695,0.023456392570245812,0.05230050057029507,81.88056582424619,1.0316543836864898,G02628,104.65373059992424,29.582529613545592,10000,NA,NA,NA,NA,NA,NA,NA,NA,NA,NA,NA,NA,NA,0.045255323258946156,0.18264980299217284
2629,5.005357414136081,0.05145381636169695,0.023456392570245812,0.05230050057029507,81.88056582424619,1.0316543836864898,G02629,105.55204588404376,29.582529613545592,10000,NA,NA,NA,NA,NA,NA,NA,NA,NA,NA,NA,NA,NA,0.045255323258946156,0.18264980299217284
2630,5.005357414136081,0.05145381636169695,0.023456392570245812,0.05230050057029507,81.88056582424619,1.0316543836864898,G02630,106.45036116816328,29.582529613545592,10000,NA,NA,NA,NA,NA,NA,NA,NA,NA,NA,NA,NA,NA,0.045255323258946156,0.18264980299217284
2631,5.005357414136081,0.05145381636169695,0.023456392570245812,0.05230050057029507,81.88056582424619,1.0316543836864898,G02631,107.34867645228282,29.582529613545592,10000,NA,NA,NA,NA,NA,NA,NA,NA,NA,NA,NA,NA,NA,0.045255323258946156,0.18264980299217284
2632,5.005357414136081,0.05145381636169695,0.023456392570245812,0.05230050057029507,81.88056582424619,1.0316543836864898,G02632,108.24699173640234,29.582529613545592,10000,NA,NA,NA,NA,NA,NA,NA,NA,NA,NA,NA,NA,NA,0.045255323258946156,0.18264980299217284
2633,5.005357414136081,0.05145381636169695,0.023456392570245812,0.05230050057029507,81.88056582424619,1.0316543836864898,G02633,109.14530702052186,29.582529613545592,10000,NA,NA,NA,NA,NA,NA,NA,NA,NA,NA,NA,NA,NA,0.045255323258946156,0.18264980299217284
2634,5.005357414136081,0.05145381636169695,0.023456392570245812,0.05230050057029507,81.88056582424619,1.0316543836864898,G02634,110.04362230464137,29.582529613545592,10000,NA,NA,NA,NA,NA,NA,NA,NA,NA,NA,NA,NA,NA,0.045255323258946156,0.18264980299217284
2635,5.005357414136081,0.05145381636169695,0.023456392570245812,0.05230050057029507,81.88056582424619,1.0316543836864898,G02635,110.9419375887609,29.582529613545592,10000,NA,NA,NA,NA,NA,NA,NA,NA,NA,NA,NA,NA,NA,0.045255323258946156,0.18264980299217284
2636,5.005357414136081,0.05145381636169695,0.023456392570245812,0.05230050057029507,81.88056582424619,1.0316543836864898,G02636,111.84025287288041,29.582529613545592,10000,NA,NA,NA,NA,NA,NA,NA,NA,NA,NA,NA,NA,NA,0.045255323258946156,0.18264980299217284
2637,5.005357414136081,0.05145381636169695,0.023456392570245812,0.05230050057029507,81.88056582424619,1.0316543836864898,G02637,112.73856815699993,29.582529613545592,10000,NA,NA,NA,NA,NA,NA,NA,NA,NA,NA,NA,NA,NA,0.045255323258946156,0.18264980299217284
2638,5.005357414136081,0.05145381636169695,0.023456392570245812,0.05230050057029507,81.88056582424619,1.0316543836864898,G02638,113.63688344111945,29.582529613545592,10000,NA,NA,NA,NA,NA,NA,NA,NA,NA,NA,NA,NA,NA,0.045255323258946156,0.18264980299217284
2639,5.005357414136081,0.05145381636169695,0.023456392570245812,0.05230050057029507,81.88056582424619,1.0316543836864898,G02639,114.53519872523898,29.582529613545592,10000,NA,NA,NA,NA,NA,NA,NA,NA,NA,NA,NA,NA,NA,0.045255323258946156,0.18264980299217284
2640,5.005357414136081,0.05145381636169695,0.023456392570245812,0.05230050057029507,81.88056582424619,1.0316543836864898,G02640,115.43351400935852,29.582529613545592,10000,NA,NA,NA,NA,NA,NA,NA,NA,NA,NA,NA,NA,NA,0.045255323258946156,0.18264980299217284
2641,5.005357414136081,0.05145381636169695,0.023456392570245812,0.05230050057029507,81.88056582424619,1.0316543836864898,G02641,116.33182929347802,29.582529613545592,10000,NA,NA,NA,NA,NA,NA,NA,NA,NA,NA,NA,NA,NA,0.045255323258946156,0.18264980299217284
2642,5.005357414136081,0.05145381636169695,0.023456392570245812,0.05230050057029507,81.88056582424619,1.0316543836864898,G02642,117.23014457759756,29.582529613545592,10000,NA,NA,NA,NA,NA,NA,NA,NA,NA,NA,NA,NA,NA,0.045255323258946156,0.18264980299217284
2643,5.005357414136081,0.05145381636169695,0.023456392570245812,0.05230050057029507,81.88056582424619,1.0316543836864898,G02643,118.12845986171709,29.582529613545606,9999.99999999988,NA,NA,NA,NA,NA,NA,NA,NA,NA,NA,NA,NA,NA,0.045255323258946156,0.18264980299217284
2644,5.005357414136081,0.05145381636169695,0.023456392570245812,0.05230050057029507,81.88056582424619,1.0316543836864898,G02644,119.0267751458366,29.582529613545592,10000,NA,NA,NA,NA,NA,NA,NA,NA,NA,NA,NA,NA,NA,0.045255323258946156,0.18264980299217284
2645,5.005357414136081,0.05145381636169695,0.023456392570245812,0.05230050057029507,81.88056582424619,1.0316543836864898,G02645,119.9250904299561,29.582529613545592,10000,NA,NA,NA,NA,NA,NA,NA,NA,NA,NA,NA,NA,NA,0.045255323258946156,0.18264980299217284
2646,5.005357414136081,0.05145381636169695,0.023456392570245812,0.05230050057029507,81.88056582424619,1.0316543836864898,G02646,120.82340571407563,29.582529613545592,10000,NA,NA,NA,NA,NA,NA,NA,NA,NA,NA,NA,NA,NA,0.045255323258946156,0.18264980299217284
2647,5.005357414136081,0.05145381636169695,0.023456392570245812,0.05230050057029507,81.88056582424619,1.0316543836864898,G02647,121.60307572911663,29.600477222511216,6643.010277030137,NA,NA,NA,NA,NA,NA,NA,NA,NA,NA,NA,NA,NA,0.045255323258946156,0.18264980299217284
2648,5.005357414136081,0.05145381636169695,0.023456392570245812,0.05230050057029507,81.88056582424619,1.0316543836864898,G02648,122.28135817408382,29.843172109284318,233.74498802806926,NA,NA,NA,NA,NA,NA,NA,NA,NA,NA,NA,NA,NA,0.045255323258946156,0.18264980299217284
2678,5.005357414136081,0.05145381636169695,0.023456392570245812,0.05230050057029507,81.88056582424619,1.0316543836864898,G02678,84.94396520220575,28.90141313282075,6937.568414071802,NA,NA,NA,NA,NA,NA,NA,NA,NA,NA,NA,NA,NA,0.045255323258946156,0.18264980299217284
2679,5.005357414136081,0.05145381636169695,0.023456392570245812,0.05230050057029507,81.88056582424619,1.0316543836864898,G02679,85.7891096334143,28.798307033908976,10000,NA,NA,NA,NA,NA,NA,NA,NA,NA,NA,NA,NA,NA,0.045255323258946156,0.18264980299217284
2680,5.005357414136081,0.05145381636169695,0.023456392570245812,0.05230050057029507,81.88056582424619,1.0316543836864898,G02680,86.68742491753382,28.798307033908976,10000,NA,NA,NA,NA,NA,NA,NA,NA,NA,NA,NA,NA,NA,0.045255323258946156,0.18264980299217284
2681,5.005357414136081,0.05145381636169695,0.023456392570245812,0.05230050057029507,81.88056582424619,1.0316543836864898,G02681,87.58574020165334,28.798307033908976,10000,NA,NA,NA,NA,NA,NA,NA,NA,NA,NA,NA,NA,NA,0.045255323258946156,0.18264980299217284
2682,5.005357414136081,0.05145381636169695,0.023456392570245812,0.05230050057029507,81.88056582424619,1.0316543836864898,G02682,88.48405548577286,28.798307033908976,10000,NA,NA,NA,NA,NA,NA,NA,NA,NA,NA,NA,NA,NA,0.045255323258946156,0.18264980299217284
2683,5.005357414136081,0.05145381636169695,0.023456392570245812,0.05230050057029507,81.88056582424619,1.0316543836864898,G02683,89.38237076989238,28.798307033908976,10000,NA,NA,NA,NA,NA,NA,NA,NA,NA,NA,NA,NA,NA,0.045255323258946156,0.18264980299217284
2684,5.005357414136081,0.05145381636169695,0.023456392570245812,0.05230050057029507,81.88056582424619,1.0316543836864898,G02684,90.2806860540119,28.798307033908976,10000,NA,NA,NA,NA,NA,NA,NA,NA,NA,NA,NA,NA,NA,0.045255323258946156,0.18264980299217284
2685,5.005357414136081,0.05145381636169695,0.023456392570245812,0.05230050057029507,81.88056582424619,1.0316543836864898,G02685,91.17900133813141,28.798307033908976,10000,NA,NA,NA,NA,NA,NA,NA,NA,NA,NA,NA,NA,NA,0.045255323258946156,0.18264980299217284
2686,5.005357414136081,0.05145381636169695,0.023456392570245812,0.05230050057029507,81.88056582424619,1.0316543836864898,G02686,92.07731662225093,28.798307033908976,10000,NA,NA,NA,NA,NA,NA,NA,NA,NA,NA,NA,NA,NA,0.045255323258946156,0.18264980299217284
2687,5.005357414136081,0.05145381636169695,0.023456392570245812,0.05230050057029507,81.88056582424619,1.0316543836864898,G02687,92.97563190637047,28.798307033908976,10000,NA,NA,NA,NA,NA,NA,NA,NA,NA,NA,NA,NA,NA,0.045255323258946156,0.18264980299217284
2688,5.005357414136081,0.05145381636169695,0.023456392570245812,0.05230050057029507,81.88056582424619,1.0316543836864898,G02688,93.87394719048999,28.798307033908976,10000,NA,NA,NA,NA,NA,NA,NA,NA,NA,NA,NA,NA,NA,0.045255323258946156,0.18264980299217284
2689,5.005357414136081,0.05145381636169695,0.023456392570245812,0.05230050057029507,81.88056582424619,1.0316543836864898,G02689,94.7722624746095,28.798307033908976,10000,NA,NA,NA,NA,NA,NA,NA,NA,NA,NA,NA,NA,NA,0.045255323258946156,0.18264980299217284
2691,5.005357414136081,0.05145381636169695,0.023456392570245812,0.05230050057029507,81.88056582424619,1.0316543836864898,G02691,96.56889304284854,28.798307033908976,10000,NA,NA,NA,NA,NA,NA,NA,NA,NA,NA,NA,NA,NA,0.045255323258946156,0.18264980299217284
2692,5.005357414136081,0.05145381636169695,0.023456392570245812,0.05230050057029507,81.88056582424619,1.0316543836864898,G02692,97.4611946062528,28.81027685597837,9656.876633687258,NA,NA,NA,NA,NA,NA,NA,NA,NA,NA,NA,NA,NA,0.045255323258946156,0.18264980299217284
2693,5.005357414136081,0.05145381636169695,0.023456392570245812,0.05230050057029507,81.88056582424619,1.0316543836864898,G02693,98.3655236110876,28.798307033908976,10000,NA,NA,NA,NA,NA,NA,NA,NA,NA,NA,NA,NA,NA,0.045255323258946156,0.18264980299217284
2694,5.005357414136081,0.05145381636169695,0.023456392570245812,0.05230050057029507,81.88056582424619,1.0316543836864898,G02694,99.26383889520712,28.798307033908976,10000,NA,NA,NA,NA,NA,NA,NA,NA,NA,NA,NA,NA,NA,0.045255323258946156,0.18264980299217284
2695,5.005357414136081,0.05145381636169695,0.023456392570245812,0.05230050057029507,81.88056582424619,1.0316543836864898,G02695,100.16215417932663,28.798307033908976,10000,NA,NA,NA,NA,NA,NA,NA,NA,NA,NA,NA,NA,NA,0.045255323258946156,0.18264980299217284
2696,5.005357414136081,0.05145381636169695,0.023456392570245812,0.05230050057029507,81.88056582424619,1.0316543836864898,G02696,101.06046946344617,28.798307033908976,10000,NA,NA,NA,NA,NA,NA,NA,NA,NA,NA,NA,NA,NA,0.045255323258946156,0.18264980299217284
2697,5.005357414136081,0.05145381636169695,0.023456392570245812,0.05230050057029507,81.88056582424619,1.0316543836864898,G02697,101.95878474756569,28.798307033908976,10000,NA,NA,NA,NA,NA,NA,NA,NA,NA,NA,NA,NA,NA,0.045255323258946156,0.18264980299217284
2698,5.005357414136081,0.05145381636169695,0.023456392570245812,0.05230050057029507,81.88056582424619,1.0316543836864898,G02698,102.8571000316852,28.798307033908976,10000,NA,NA,NA,NA,NA,NA,NA,NA,NA,NA,NA,NA,NA,0.045255323258946156,0.18264980299217284
2699,5.005357414136081,0.05145381636169695,0.023456392570245812,0.05230050057029507,81.88056582424619,1.0316543836864898,G02699,103.75541531580473,28.798307033908976,10000,NA,NA,NA,NA,NA,NA,NA,NA,NA,NA,NA,NA,NA,0.045255323258946156,0.18264980299217284
2700,5.005357414136081,0.05145381636169695,0.023456392570245812,0.05230050057029507,81.88056582424619,1.0316543836864898,G02700,104.65373059992424,28.798307033908976,10000,NA,NA,NA,NA,NA,NA,NA,NA,NA,NA,NA,NA,NA,0.045255323258946156,0.18264980299217284
2701,5.005357414136081,0.05145381636169695,0.023456392570245812,0.05230050057029507,81.88056582424619,1.0316543836864898,G02701,105.55204588404376,28.798307033908976,10000,NA,NA,NA,NA,NA,NA,NA,NA,NA,NA,NA,NA,NA,0.045255323258946156,0.18264980299217284
2702,5.005357414136081,0.05145381636169695,0.023456392570245812,0.05230050057029507,81.88056582424619,1.0316543836864898,G02702,106.45036116816328,28.798307033908976,10000,NA,NA,NA,NA,NA,NA,NA,NA,NA,NA,NA,NA,NA,0.045255323258946156,0.18264980299217284
2703,5.005357414136081,0.05145381636169695,0.023456392570245812,0.05230050057029507,81.88056582424619,1.0316543836864898,G02703,107.34867645228282,28.798307033908976,10000,NA,NA,NA,NA,NA,NA,NA,NA,NA,NA,NA,NA,NA,0.045255323258946156,0.18264980299217284
2704,5.005357414136081,0.05145381636169695,0.023456392570245812,0.05230050057029507,81.88056582424619,1.0316543836864898,G02704,108.24699173640234,28.798307033908976,10000,NA,NA,NA,NA,NA,NA,NA,NA,NA,NA,NA,NA,NA,0.045255323258946156,0.18264980299217284
2705,5.005357414136081,0.05145381636169695,0.023456392570245812,0.05230050057029507,81.88056582424619,1.0316543836864898,G02705,109.14530702052186,28.798307033908976,10000,NA,NA,NA,NA,NA,NA,NA,NA,NA,NA,NA,NA,NA,0.045255323258946156,0.18264980299217284
2706,5.005357414136081,0.05145381636169695,0.023456392570245812,0.05230050057029507,81.88056582424619,1.0316543836864898,G02706,110.04362230464137,28.798307033908976,10000,NA,NA,NA,NA,NA,NA,NA,NA,NA,NA,NA,NA,NA,0.045255323258946156,0.18264980299217284
2707,5.005357414136081,0.05145381636169695,0.023456392570245812,0.05230050057029507,81.88056582424619,1.0316543836864898,G02707,110.9419375887609,28.798307033908976,10000,NA,NA,NA,NA,NA,NA,NA,NA,NA,NA,NA,NA,NA,0.045255323258946156,0.18264980299217284
2708,5.005357414136081,0.05145381636169695,0.023456392570245812,0.05230050057029507,81.88056582424619,1.0316543836864898,G02708,111.84025287288041,28.798307033908976,10000,NA,NA,NA,NA,NA,NA,NA,NA,NA,NA,NA,NA,NA,0.045255323258946156,0.18264980299217284
2709,5.005357414136081,0.05145381636169695,0.023456392570245812,0.05230050057029507,81.88056582424619,1.0316543836864898,G02709,112.73856815699993,28.798307033908976,10000,NA,NA,NA,NA,NA,NA,NA,NA,NA,NA,NA,NA,NA,0.045255323258946156,0.18264980299217284
2710,5.005357414136081,0.05145381636169695,0.023456392570245812,0.05230050057029507,81.88056582424619,1.0316543836864898,G02710,113.63688344111945,28.798307033908976,10000,NA,NA,NA,NA,NA,NA,NA,NA,NA,NA,NA,NA,NA,0.045255323258946156,0.18264980299217284
2711,5.005357414136081,0.05145381636169695,0.023456392570245812,0.05230050057029507,81.88056582424619,1.0316543836864898,G02711,114.53519872523898,28.798307033908976,10000,NA,NA,NA,NA,NA,NA,NA,NA,NA,NA,NA,NA,NA,0.045255323258946156,0.18264980299217284
2712,5.005357414136081,0.05145381636169695,0.023456392570245812,0.05230050057029507,81.88056582424619,1.0316543836864898,G02712,115.43351400935852,28.798307033908976,10000,NA,NA,NA,NA,NA,NA,NA,NA,NA,NA,NA,NA,NA,0.045255323258946156,0.18264980299217284
2713,5.005357414136081,0.05145381636169695,0.023456392570245812,0.05230050057029507,81.88056582424619,1.0316543836864898,G02713,116.33182929347802,28.798307033908976,10000,NA,NA,NA,NA,NA,NA,NA,NA,NA,NA,NA,NA,NA,0.045255323258946156,0.18264980299217284
2714,5.005357414136081,0.05145381636169695,0.023456392570245812,0.05230050057029507,81.88056582424619,1.0316543836864898,G02714,117.23014457759756,28.798307033908976,10000,NA,NA,NA,NA,NA,NA,NA,NA,NA,NA,NA,NA,NA,0.045255323258946156,0.18264980299217284
2715,5.005357414136081,0.05145381636169695,0.023456392570245812,0.05230050057029507,81.88056582424619,1.0316543836864898,G02715,118.12845986171713,28.798307033909,9999.999999999594,NA,NA,NA,NA,NA,NA,NA,NA,NA,NA,NA,NA,NA,0.045255323258946156,0.18264980299217284
2716,5.005357414136081,0.05145381636169695,0.023456392570245812,0.05230050057029507,81.88056582424619,1.0316543836864898,G02716,119.0267751458366,28.798307033908976,10000,NA,NA,NA,NA,NA,NA,NA,NA,NA,NA,NA,NA,NA,0.045255323258946156,0.18264980299217284
2717,5.005357414136081,0.05145381636169695,0.023456392570245812,0.05230050057029507,81.88056582424619,1.0316543836864898,G02717,119.9250904299561,28.798307033908976,10000,NA,NA,NA,NA,NA,NA,NA,NA,NA,NA,NA,NA,NA,0.045255323258946156,0.18264980299217284
2718,5.005357414136081,0.05145381636169695,0.023456392570245812,0.05230050057029507,81.88056582424619,1.0316543836864898,G02718,120.82340571407563,28.798307033908976,10000,NA,NA,NA,NA,NA,NA,NA,NA,NA,NA,NA,NA,NA,0.045255323258946156,0.18264980299217284
2719,5.005357414136081,0.05145381636169695,0.023456392570245812,0.05230050057029507,81.88056582424619,1.0316543836864898,G02719,121.4565521789418,28.820581656583514,3375.0741786832014,NA,NA,NA,NA,NA,NA,NA,NA,NA,NA,NA,NA,NA,0.045255323258946156,0.18264980299217284
2750,5.005357414136081,0.05145381636169695,0.023456392570245812,0.05230050057029507,81.88056582424619,1.0316543836864898,G02750,85.26775863631863,28.379505373408943,111.33252925690749,NA,NA,NA,NA,NA,NA,NA,NA,NA,NA,NA,NA,NA,0.045255323258946156,0.18264980299217284
2751,5.005357414136081,0.05145381636169695,0.023456392570245812,0.05230050057029507,81.88056582424619,1.0316543836864898,G02751,85.95123388964869,28.251784716724668,2375.7018164178194,NA,NA,NA,NA,NA,NA,NA,NA,NA,NA,NA,NA,NA,0.045255323258946156,0.18264980299217284
2752,5.005357414136081,0.05145381636169695,0.023456392570245812,0.05230050057029507,81.88056582424619,1.0316543836864898,G02752,86.69079860185686,28.207251692705317,4839.152196555246,NA,NA,NA,NA,NA,NA,NA,NA,NA,NA,NA,NA,NA,0.045255323258946156,0.18264980299217284
2753,5.005357414136081,0.05145381636169695,0.023456392570245812,0.05230050057029507,81.88056582424619,1.0316543836864898,G02753,87.5751069693111,28.139819929109766,6649.141682542662,NA,NA,NA,NA,NA,NA,NA,NA,NA,NA,NA,NA,NA,0.045255323258946156,0.18264980299217284
2754,5.005357414136081,0.05145381636169695,0.023456392570245812,0.05230050057029507,81.88056582424619,1.0316543836864898,G02754,88.47906252792895,28.173774255318012,5239.262567075521,NA,NA,NA,NA,NA,NA,NA,NA,NA,NA,NA,NA,NA,0.045255323258946156,0.18264980299217284
2755,5.005357414136081,0.05145381636169695,0.023456392570245812,0.05230050057029507,81.88056582424619,1.0316543836864898,G02755,89.25332826899863,28.10592880225792,5997.8995058105265,NA,NA,NA,NA,NA,NA,NA,NA,NA,NA,NA,NA,NA,0.045255323258946156,0.18264980299217284
2756,5.005357414136081,0.05145381636169695,0.023456392570245812,0.05230050057029507,81.88056582424619,1.0316543836864898,G02756,90.34072328312001,28.277055262486577,3033.523374762247,NA,NA,NA,NA,NA,NA,NA,NA,NA,NA,NA,NA,NA,0.045255323258946156,0.18264980299217284
2757,5.005357414136081,0.05145381636169695,0.023456392570245812,0.05230050057029507,81.88056582424619,1.0316543836864898,G02757,91.19294385705,28.194506342648555,5211.639897434801,NA,NA,NA,NA,NA,NA,NA,NA,NA,NA,NA,NA,NA,0.045255323258946156,0.18264980299217284
2758,5.005357414136081,0.05145381636169695,0.023456392570245812,0.05230050057029507,81.88056582424619,1.0316543836864898,G02758,92.07873325459349,28.009059456052505,9968.071921399007,NA,NA,NA,NA,NA,NA,NA,NA,NA,NA,NA,NA,NA,0.045255323258946156,0.18264980299217284
2759,5.005357414136081,0.05145381636169695,0.023456392570245812,0.05230050057029507,81.88056582424619,1.0316543836864898,G02759,92.97563190637047,28.00813923714311,10000,NA,NA,NA,NA,NA,NA,NA,NA,NA,NA,NA,NA,NA,0.045255323258946156,0.18264980299217284
2765,5.005357414136081,0.05145381636169695,0.023456392570245812,0.05230050057029507,81.88056582424619,1.0316543836864898,G02765,98.47168618869487,28.05224406126764,7292.487007583928,NA,NA,NA,NA,NA,NA,NA,NA,NA,NA,NA,NA,NA,0.045255323258946156,0.18264980299217284
2766,5.005357414136081,0.05145381636169695,0.023456392570245812,0.05230050057029507,81.88056582424619,1.0316543836864898,G02766,99.26383889520712,28.00813923714311,10000,NA,NA,NA,NA,NA,NA,NA,NA,NA,NA,NA,NA,NA,0.045255323258946156,0.18264980299217284
2767,5.005357414136081,0.05145381636169695,0.023456392570245812,0.05230050057029507,81.88056582424619,1.0316543836864898,G02767,100.16215417932663,28.00813923714311,10000,NA,NA,NA,NA,NA,NA,NA,NA,NA,NA,NA,NA,NA,0.045255323258946156,0.18264980299217284
2768,5.005357414136081,0.05145381636169695,0.023456392570245812,0.05230050057029507,81.88056582424619,1.0316543836864898,G02768,101.06046946344617,28.00813923714311,10000,NA,NA,NA,NA,NA,NA,NA,NA,NA,NA,NA,NA,NA,0.045255323258946156,0.18264980299217284
2769,5.005357414136081,0.05145381636169695,0.023456392570245812,0.05230050057029507,81.88056582424619,1.0316543836864898,G02769,101.95878474756569,28.00813923714311,10000,NA,NA,NA,NA,NA,NA,NA,NA,NA,NA,NA,NA,NA,0.045255323258946156,0.18264980299217284
2770,5.005357414136081,0.05145381636169695,0.023456392570245812,0.05230050057029507,81.88056582424619,1.0316543836864898,G02770,102.8571000316852,28.00813923714311,10000,NA,NA,NA,NA,NA,NA,NA,NA,NA,NA,NA,NA,NA,0.045255323258946156,0.18264980299217284
2771,5.005357414136081,0.05145381636169695,0.023456392570245812,0.05230050057029507,81.88056582424619,1.0316543836864898,G02771,103.75541531580473,28.00813923714311,10000,NA,NA,NA,NA,NA,NA,NA,NA,NA,NA,NA,NA,NA,0.045255323258946156,0.18264980299217284
2772,5.005357414136081,0.05145381636169695,0.023456392570245812,0.05230050057029507,81.88056582424619,1.0316543836864898,G02772,104.65373059992424,28.00813923714311,10000,NA,NA,NA,NA,NA,NA,NA,NA,NA,NA,NA,NA,NA,0.045255323258946156,0.18264980299217284
2773,5.005357414136081,0.05145381636169695,0.023456392570245812,0.05230050057029507,81.88056582424619,1.0316543836864898,G02773,105.55204588404376,28.00813923714311,10000,NA,NA,NA,NA,NA,NA,NA,NA,NA,NA,NA,NA,NA,0.045255323258946156,0.18264980299217284
2774,5.005357414136081,0.05145381636169695,0.023456392570245812,0.05230050057029507,81.88056582424619,1.0316543836864898,G02774,106.45036116816328,28.00813923714311,10000,NA,NA,NA,NA,NA,NA,NA,NA,NA,NA,NA,NA,NA,0.045255323258946156,0.18264980299217284
2775,5.005357414136081,0.05145381636169695,0.023456392570245812,0.05230050057029507,81.88056582424619,1.0316543836864898,G02775,107.34867645228282,28.00813923714311,10000,NA,NA,NA,NA,NA,NA,NA,NA,NA,NA,NA,NA,NA,0.045255323258946156,0.18264980299217284
2776,5.005357414136081,0.05145381636169695,0.023456392570245812,0.05230050057029507,81.88056582424619,1.0316543836864898,G02776,108.24699173640234,28.00813923714311,10000,NA,NA,NA,NA,NA,NA,NA,NA,NA,NA,NA,NA,NA,0.045255323258946156,0.18264980299217284
2777,5.005357414136081,0.05145381636169695,0.023456392570245812,0.05230050057029507,81.88056582424619,1.0316543836864898,G02777,109.14530702052186,28.00813923714311,10000,NA,NA,NA,NA,NA,NA,NA,NA,NA,NA,NA,NA,NA,0.045255323258946156,0.18264980299217284
2778,5.005357414136081,0.05145381636169695,0.023456392570245812,0.05230050057029507,81.88056582424619,1.0316543836864898,G02778,110.04362230464137,28.00813923714311,10000,NA,NA,NA,NA,NA,NA,NA,NA,NA,NA,NA,NA,NA,0.045255323258946156,0.18264980299217284
2779,5.005357414136081,0.05145381636169695,0.023456392570245812,0.05230050057029507,81.88056582424619,1.0316543836864898,G02779,110.9419375887609,28.00813923714311,10000,NA,NA,NA,NA,NA,NA,NA,NA,NA,NA,NA,NA,NA,0.045255323258946156,0.18264980299217284
2780,5.005357414136081,0.05145381636169695,0.023456392570245812,0.05230050057029507,81.88056582424619,1.0316543836864898,G02780,111.84025287288041,28.00813923714311,10000,NA,NA,NA,NA,NA,NA,NA,NA,NA,NA,NA,NA,NA,0.045255323258946156,0.18264980299217284
2781,5.005357414136081,0.05145381636169695,0.023456392570245812,0.05230050057029507,81.88056582424619,1.0316543836864898,G02781,112.73856815699993,28.00813923714311,10000,NA,NA,NA,NA,NA,NA,NA,NA,NA,NA,NA,NA,NA,0.045255323258946156,0.18264980299217284
2782,5.005357414136081,0.05145381636169695,0.023456392570245812,0.05230050057029507,81.88056582424619,1.0316543836864898,G02782,113.63688344111945,28.00813923714311,10000,NA,NA,NA,NA,NA,NA,NA,NA,NA,NA,NA,NA,NA,0.045255323258946156,0.18264980299217284
2783,5.005357414136081,0.05145381636169695,0.023456392570245812,0.05230050057029507,81.88056582424619,1.0316543836864898,G02783,114.53519872523898,28.00813923714311,10000,NA,NA,NA,NA,NA,NA,NA,NA,NA,NA,NA,NA,NA,0.045255323258946156,0.18264980299217284
2784,5.005357414136081,0.05145381636169695,0.023456392570245812,0.05230050057029507,81.88056582424619,1.0316543836864898,G02784,115.43351400935852,28.00813923714311,10000,NA,NA,NA,NA,NA,NA,NA,NA,NA,NA,NA,NA,NA,0.045255323258946156,0.18264980299217284
2785,5.005357414136081,0.05145381636169695,0.023456392570245812,0.05230050057029507,81.88056582424619,1.0316543836864898,G02785,116.33182929347802,28.00813923714311,10000,NA,NA,NA,NA,NA,NA,NA,NA,NA,NA,NA,NA,NA,0.045255323258946156,0.18264980299217284
2786,5.005357414136081,0.05145381636169695,0.023456392570245812,0.05230050057029507,81.88056582424619,1.0316543836864898,G02786,117.23014457759756,28.00813923714311,10000,NA,NA,NA,NA,NA,NA,NA,NA,NA,NA,NA,NA,NA,0.045255323258946156,0.18264980299217284
2787,5.005357414136081,0.05145381636169695,0.023456392570245812,0.05230050057029507,81.88056582424619,1.0316543836864898,G02787,118.12845986171703,28.00813923714311,9999.99999999982,NA,NA,NA,NA,NA,NA,NA,NA,NA,NA,NA,NA,NA,0.045255323258946156,0.18264980299217284
2788,5.005357414136081,0.05145381636169695,0.023456392570245812,0.05230050057029507,81.88056582424619,1.0316543836864898,G02788,119.0267751458366,28.00813923714311,10000,NA,NA,NA,NA,NA,NA,NA,NA,NA,NA,NA,NA,NA,0.045255323258946156,0.18264980299217284
2789,5.005357414136081,0.05145381636169695,0.023456392570245812,0.05230050057029507,81.88056582424619,1.0316543836864898,G02789,119.9250904299561,28.00813923714311,10000,NA,NA,NA,NA,NA,NA,NA,NA,NA,NA,NA,NA,NA,0.045255323258946156,0.18264980299217284
2790,5.005357414136081,0.05145381636169695,0.023456392570245812,0.05230050057029507,81.88056582424619,1.0316543836864898,G02790,120.71112220103689,28.08630941256529,6387.329090648587,NA,NA,NA,NA,NA,NA,NA,NA,NA,NA,NA,NA,NA,0.045255323258946156,0.18264980299217284
2791,5.005357414136081,0.05145381636169695,0.023456392570245812,0.05230050057029507,81.88056582424619,1.0316543836864898,G02791,121.39994499468317,28.303376406763654,707.4068351915267,NA,NA,NA,NA,NA,NA,NA,NA,NA,NA,NA,NA,NA,0.045255323258946156,0.18264980299217284
2826,5.005357414136081,0.05145381636169695,0.023456392570245812,0.05230050057029507,81.88056582424619,1.0316543836864898,G02826,88.8777232741117,27.51713838832195,320.30791252110777,NA,NA,NA,NA,NA,NA,NA,NA,NA,NA,NA,NA,NA,0.045255323258946156,0.18264980299217284
2827,5.005357414136081,0.05145381636169695,0.023456392570245812,0.05230050057029507,81.88056582424619,1.0316543836864898,G02827,89.04439071382124,27.465369889410432,900.0119689084145,NA,NA,NA,NA,NA,NA,NA,NA,NA,NA,NA,NA,NA,0.045255323258946156,0.18264980299217284
2837,5.005357414136081,0.05145381636169695,0.023456392570245812,0.05230050057029507,81.88056582424619,1.0316543836864898,G02837,98.73432316438304,27.316564391286843,866.5326724081611,NA,NA,NA,NA,NA,NA,NA,NA,NA,NA,NA,NA,NA,0.045255323258946156,0.18264980299217284
2838,5.005357414136081,0.05145381636169695,0.023456392570245812,0.05230050057029507,81.88056582424619,1.0316543836864898,G02838,99.26383889520712,27.212132558972517,10000,NA,NA,NA,NA,NA,NA,NA,NA,NA,NA,NA,NA,NA,0.045255323258946156,0.18264980299217284
2839,5.005357414136081,0.05145381636169695,0.023456392570245812,0.05230050057029507,81.88056582424619,1.0316543836864898,G02839,100.16215417932663,27.212132558972517,10000,NA,NA,NA,NA,NA,NA,NA,NA,NA,NA,NA,NA,NA,0.045255323258946156,0.18264980299217284
2840,5.005357414136081,0.05145381636169695,0.023456392570245812,0.05230050057029507,81.88056582424619,1.0316543836864898,G02840,101.06046946344617,27.212132558972517,10000,NA,NA,NA,NA,NA,NA,NA,NA,NA,NA,NA,NA,NA,0.045255323258946156,0.18264980299217284
2841,5.005357414136081,0.05145381636169695,0.023456392570245812,0.05230050057029507,81.88056582424619,1.0316543836864898,G02841,101.95878474756569,27.212132558972517,10000,NA,NA,NA,NA,NA,NA,NA,NA,NA,NA,NA,NA,NA,0.045255323258946156,0.18264980299217284
2842,5.005357414136081,0.05145381636169695,0.023456392570245812,0.05230050057029507,81.88056582424619,1.0316543836864898,G02842,102.8571000316852,27.212132558972517,10000,NA,NA,NA,NA,NA,NA,NA,NA,NA,NA,NA,NA,NA,0.045255323258946156,0.18264980299217284
2843,5.005357414136081,0.05145381636169695,0.023456392570245812,0.05230050057029507,81.88056582424619,1.0316543836864898,G02843,103.75541531580473,27.212132558972517,10000,NA,NA,NA,NA,NA,NA,NA,NA,NA,NA,NA,NA,NA,0.045255323258946156,0.18264980299217284
2844,5.005357414136081,0.05145381636169695,0.023456392570245812,0.05230050057029507,81.88056582424619,1.0316543836864898,G02844,104.65373059992424,27.212132558972517,10000,NA,NA,NA,NA,NA,NA,NA,NA,NA,NA,NA,NA,NA,0.045255323258946156,0.18264980299217284
2845,5.005357414136081,0.05145381636169695,0.023456392570245812,0.05230050057029507,81.88056582424619,1.0316543836864898,G02845,105.55204588404376,27.212132558972517,10000,NA,NA,NA,NA,NA,NA,NA,NA,NA,NA,NA,NA,NA,0.045255323258946156,0.18264980299217284
2846,5.005357414136081,0.05145381636169695,0.023456392570245812,0.05230050057029507,81.88056582424619,1.0316543836864898,G02846,106.45036116816328,27.212132558972517,10000,NA,NA,NA,NA,NA,NA,NA,NA,NA,NA,NA,NA,NA,0.045255323258946156,0.18264980299217284
2847,5.005357414136081,0.05145381636169695,0.023456392570245812,0.05230050057029507,81.88056582424619,1.0316543836864898,G02847,107.34867645228282,27.212132558972517,10000,NA,NA,NA,NA,NA,NA,NA,NA,NA,NA,NA,NA,NA,0.045255323258946156,0.18264980299217284
2848,5.005357414136081,0.05145381636169695,0.023456392570245812,0.05230050057029507,81.88056582424619,1.0316543836864898,G02848,108.24699173640234,27.212132558972517,10000,NA,NA,NA,NA,NA,NA,NA,NA,NA,NA,NA,NA,NA,0.045255323258946156,0.18264980299217284
2849,5.005357414136081,0.05145381636169695,0.023456392570245812,0.05230050057029507,81.88056582424619,1.0316543836864898,G02849,109.14530702052186,27.212132558972517,10000,NA,NA,NA,NA,NA,NA,NA,NA,NA,NA,NA,NA,NA,0.045255323258946156,0.18264980299217284
2850,5.005357414136081,0.05145381636169695,0.023456392570245812,0.05230050057029507,81.88056582424619,1.0316543836864898,G02850,110.04362230464137,27.212132558972517,10000,NA,NA,NA,NA,NA,NA,NA,NA,NA,NA,NA,NA,NA,0.045255323258946156,0.18264980299217284
2851,5.005357414136081,0.05145381636169695,0.023456392570245812,0.05230050057029507,81.88056582424619,1.0316543836864898,G02851,110.9419375887609,27.212132558972517,10000,NA,NA,NA,NA,NA,NA,NA,NA,NA,NA,NA,NA,NA,0.045255323258946156,0.18264980299217284
2852,5.005357414136081,0.05145381636169695,0.023456392570245812,0.05230050057029507,81.88056582424619,1.0316543836864898,G02852,111.84025287288041,27.212132558972517,10000,NA,NA,NA,NA,NA,NA,NA,NA,NA,NA,NA,NA,NA,0.045255323258946156,0.18264980299217284
2853,5.005357414136081,0.05145381636169695,0.023456392570245812,0.05230050057029507,81.88056582424619,1.0316543836864898,G02853,112.73856815699993,27.212132558972517,10000,NA,NA,NA,NA,NA,NA,NA,NA,NA,NA,NA,NA,NA,0.045255323258946156,0.18264980299217284
2854,5.005357414136081,0.05145381636169695,0.023456392570245812,0.05230050057029507,81.88056582424619,1.0316543836864898,G02854,113.63688344111945,27.212132558972517,10000,NA,NA,NA,NA,NA,NA,NA,NA,NA,NA,NA,NA,NA,0.045255323258946156,0.18264980299217284
2855,5.005357414136081,0.05145381636169695,0.023456392570245812,0.05230050057029507,81.88056582424619,1.0316543836864898,G02855,114.53519872523898,27.212132558972517,10000,NA,NA,NA,NA,NA,NA,NA,NA,NA,NA,NA,NA,NA,0.045255323258946156,0.18264980299217284
2856,5.005357414136081,0.05145381636169695,0.023456392570245812,0.05230050057029507,81.88056582424619,1.0316543836864898,G02856,115.43351400935852,27.212132558972517,10000,NA,NA,NA,NA,NA,NA,NA,NA,NA,NA,NA,NA,NA,0.045255323258946156,0.18264980299217284
2857,5.005357414136081,0.05145381636169695,0.023456392570245812,0.05230050057029507,81.88056582424619,1.0316543836864898,G02857,116.33182929347802,27.212132558972517,10000.000000000036,NA,NA,NA,NA,NA,NA,NA,NA,NA,NA,NA,NA,NA,0.045255323258946156,0.18264980299217284
2858,5.005357414136081,0.05145381636169695,0.023456392570245812,0.05230050057029507,81.88056582424619,1.0316543836864898,G02858,117.23014457759756,27.212132558972517,9999.999999999896,NA,NA,NA,NA,NA,NA,NA,NA,NA,NA,NA,NA,NA,0.045255323258946156,0.18264980299217284
2859,5.005357414136081,0.05145381636169695,0.023456392570245812,0.05230050057029507,81.88056582424619,1.0316543836864898,G02859,118.12845986171706,27.212132558972517,10000,NA,NA,NA,NA,NA,NA,NA,NA,NA,NA,NA,NA,NA,0.045255323258946156,0.18264980299217284
2860,5.005357414136081,0.05145381636169695,0.023456392570245812,0.05230050057029507,81.88056582424619,1.0316543836864898,G02860,119.0267751458366,27.212132558972517,10000,NA,NA,NA,NA,NA,NA,NA,NA,NA,NA,NA,NA,NA,0.045255323258946156,0.18264980299217284
2861,5.005357414136081,0.05145381636169695,0.023456392570245812,0.05230050057029507,81.88056582424619,1.0316543836864898,G02861,119.89822249616283,27.234495341208632,9206.400809000546,NA,NA,NA,NA,NA,NA,NA,NA,NA,NA,NA,NA,NA,0.045255323258946156,0.18264980299217284
2862,5.005357414136081,0.05145381636169695,0.023456392570245812,0.05230050057029507,81.88056582424619,1.0316543836864898,G02862,120.49110376213658,27.40923161282841,1271.3978670673348,NA,NA,NA,NA,NA,NA,NA,NA,NA,NA,NA,NA,NA,0.045255323258946156,0.18264980299217284
2909,5.005357414136081,0.05145381636169695,0.023456392570245812,0.05230050057029507,81.88056582424619,1.0316543836864898,G02909,98.74831929046941,26.2503405697284,869.7893716936404,NA,NA,NA,NA,NA,NA,NA,NA,NA,NA,NA,NA,NA,0.045255323258946156,0.18264980299217284
2910,5.005357414136081,0.05145381636169695,0.023456392570245812,0.05230050057029507,81.88056582424619,1.0316543836864898,G02910,99.26383889520712,26.41039861132904,10000,NA,NA,NA,NA,NA,NA,NA,NA,NA,NA,NA,NA,NA,0.045255323258946156,0.18264980299217284
2911,5.005357414136081,0.05145381636169695,0.023456392570245812,0.05230050057029507,81.88056582424619,1.0316543836864898,G02911,100.16215417932663,26.41039861132904,10000,NA,NA,NA,NA,NA,NA,NA,NA,NA,NA,NA,NA,NA,0.045255323258946156,0.18264980299217284
2912,5.005357414136081,0.05145381636169695,0.023456392570245812,0.05230050057029507,81.88056582424619,1.0316543836864898,G02912,101.06046946344617,26.41039861132904,10000,NA,NA,NA,NA,NA,NA,NA,NA,NA,NA,NA,NA,NA,0.045255323258946156,0.18264980299217284
2913,5.005357414136081,0.05145381636169695,0.023456392570245812,0.05230050057029507,81.88056582424619,1.0316543836864898,G02913,101.95878474756569,26.41039861132904,10000,NA,NA,NA,NA,NA,NA,NA,NA,NA,NA,NA,NA,NA,0.045255323258946156,0.18264980299217284
2914,5.005357414136081,0.05145381636169695,0.023456392570245812,0.05230050057029507,81.88056582424619,1.0316543836864898,G02914,102.8571000316852,26.41039861132904,10000,NA,NA,NA,NA,NA,NA,NA,NA,NA,NA,NA,NA,NA,0.045255323258946156,0.18264980299217284
2915,5.005357414136081,0.05145381636169695,0.023456392570245812,0.05230050057029507,81.88056582424619,1.0316543836864898,G02915,103.75541531580473,26.41039861132904,10000,NA,NA,NA,NA,NA,NA,NA,NA,NA,NA,NA,NA,NA,0.045255323258946156,0.18264980299217284
2916,5.005357414136081,0.05145381636169695,0.023456392570245812,0.05230050057029507,81.88056582424619,1.0316543836864898,G02916,104.65373059992424,26.41039861132904,10000,NA,NA,NA,NA,NA,NA,NA,NA,NA,NA,NA,NA,NA,0.045255323258946156,0.18264980299217284
2917,5.005357414136081,0.05145381636169695,0.023456392570245812,0.05230050057029507,81.88056582424619,1.0316543836864898,G02917,105.55204588404376,26.41039861132904,10000,NA,NA,NA,NA,NA,NA,NA,NA,NA,NA,NA,NA,NA,0.045255323258946156,0.18264980299217284
2918,5.005357414136081,0.05145381636169695,0.023456392570245812,0.05230050057029507,81.88056582424619,1.0316543836864898,G02918,106.45036116816328,26.41039861132904,10000,NA,NA,NA,NA,NA,NA,NA,NA,NA,NA,NA,NA,NA,0.045255323258946156,0.18264980299217284
2919,5.005357414136081,0.05145381636169695,0.023456392570245812,0.05230050057029507,81.88056582424619,1.0316543836864898,G02919,107.34867645228282,26.41039861132904,10000,NA,NA,NA,NA,NA,NA,NA,NA,NA,NA,NA,NA,NA,0.045255323258946156,0.18264980299217284
2920,5.005357414136081,0.05145381636169695,0.023456392570245812,0.05230050057029507,81.88056582424619,1.0316543836864898,G02920,108.24699173640234,26.41039861132904,10000,NA,NA,NA,NA,NA,NA,NA,NA,NA,NA,NA,NA,NA,0.045255323258946156,0.18264980299217284
2921,5.005357414136081,0.05145381636169695,0.023456392570245812,0.05230050057029507,81.88056582424619,1.0316543836864898,G02921,109.14530702052184,26.410398611329054,9999.99999999973,NA,NA,NA,NA,NA,NA,NA,NA,NA,NA,NA,NA,NA,0.045255323258946156,0.18264980299217284
2922,5.005357414136081,0.05145381636169695,0.023456392570245812,0.05230050057029507,81.88056582424619,1.0316543836864898,G02922,110.04362230464137,26.410398611329068,9999.999999999707,NA,NA,NA,NA,NA,NA,NA,NA,NA,NA,NA,NA,NA,0.045255323258946156,0.18264980299217284
2923,5.005357414136081,0.05145381636169695,0.023456392570245812,0.05230050057029507,81.88056582424619,1.0316543836864898,G02923,110.9419375887609,26.41039861132904,9999.999999999984,NA,NA,NA,NA,NA,NA,NA,NA,NA,NA,NA,NA,NA,0.045255323258946156,0.18264980299217284
2924,5.005357414136081,0.05145381636169695,0.023456392570245812,0.05230050057029507,81.88056582424619,1.0316543836864898,G02924,111.84025287288041,26.41039861132904,10000,NA,NA,NA,NA,NA,NA,NA,NA,NA,NA,NA,NA,NA,0.045255323258946156,0.18264980299217284
2925,5.005357414136081,0.05145381636169695,0.023456392570245812,0.05230050057029507,81.88056582424619,1.0316543836864898,G02925,112.73856815699993,26.41039861132904,10000,NA,NA,NA,NA,NA,NA,NA,NA,NA,NA,NA,NA,NA,0.045255323258946156,0.18264980299217284
2926,5.005357414136081,0.05145381636169695,0.023456392570245812,0.05230050057029507,81.88056582424619,1.0316543836864898,G02926,113.63688344111945,26.41039861132904,10000,NA,NA,NA,NA,NA,NA,NA,NA,NA,NA,NA,NA,NA,0.045255323258946156,0.18264980299217284
2927,5.005357414136081,0.05145381636169695,0.023456392570245812,0.05230050057029507,81.88056582424619,1.0316543836864898,G02927,114.53519872523898,26.41039861132904,10000,NA,NA,NA,NA,NA,NA,NA,NA,NA,NA,NA,NA,NA,0.045255323258946156,0.18264980299217284
2928,5.005357414136081,0.05145381636169695,0.023456392570245812,0.05230050057029507,81.88056582424619,1.0316543836864898,G02928,115.43351400935852,26.41039861132904,10000,NA,NA,NA,NA,NA,NA,NA,NA,NA,NA,NA,NA,NA,0.045255323258946156,0.18264980299217284
2929,5.005357414136081,0.05145381636169695,0.023456392570245812,0.05230050057029507,81.88056582424619,1.0316543836864898,G02929,116.33182929347802,26.41039861132904,9999.999999999838,NA,NA,NA,NA,NA,NA,NA,NA,NA,NA,NA,NA,NA,0.045255323258946156,0.18264980299217284
2930,5.005357414136081,0.05145381636169695,0.023456392570245812,0.05230050057029507,81.88056582424619,1.0316543836864898,G02930,117.23014457759756,26.41039861132904,10000,NA,NA,NA,NA,NA,NA,NA,NA,NA,NA,NA,NA,NA,0.045255323258946156,0.18264980299217284
2931,5.005357414136081,0.05145381636169695,0.023456392570245812,0.05230050057029507,81.88056582424619,1.0316543836864898,G02931,118.12845986171706,26.41039861132904,10000,NA,NA,NA,NA,NA,NA,NA,NA,NA,NA,NA,NA,NA,0.045255323258946156,0.18264980299217284
2932,5.005357414136081,0.05145381636169695,0.023456392570245812,0.05230050057029507,81.88056582424619,1.0316543836864898,G02932,119.0267751458366,26.41039861132904,10000,NA,NA,NA,NA,NA,NA,NA,NA,NA,NA,NA,NA,NA,0.045255323258946156,0.18264980299217284
2933,5.005357414136081,0.05145381636169695,0.023456392570245812,0.05230050057029507,81.88056582424619,1.0316543836864898,G02933,119.69990968516056,26.477692017776874,3300.161459272423,NA,NA,NA,NA,NA,NA,NA,NA,NA,NA,NA,NA,NA,0.045255323258946156,0.18264980299217284
2981,5.005357414136081,0.05145381636169695,0.023456392570245812,0.05230050057029507,81.88056582424619,1.0316543836864898,G02981,98.50093442835316,25.482984313348066,5457.394206907913,NA,NA,NA,NA,NA,NA,NA,NA,NA,NA,NA,NA,NA,0.045255323258946156,0.18264980299217284
2982,5.005357414136081,0.05145381636169695,0.023456392570245812,0.05230050057029507,81.88056582424619,1.0316543836864898,G02982,99.26383889520712,25.603054277813133,10000,NA,NA,NA,NA,NA,NA,NA,NA,NA,NA,NA,NA,NA,0.045255323258946156,0.18264980299217284
2983,5.005357414136081,0.05145381636169695,0.023456392570245812,0.05230050057029507,81.88056582424619,1.0316543836864898,G02983,100.16215417932663,25.603054277813133,10000,NA,NA,NA,NA,NA,NA,NA,NA,NA,NA,NA,NA,NA,0.045255323258946156,0.18264980299217284
2984,5.005357414136081,0.05145381636169695,0.023456392570245812,0.05230050057029507,81.88056582424619,1.0316543836864898,G02984,101.06046946344617,25.603054277813133,10000,NA,NA,NA,NA,NA,NA,NA,NA,NA,NA,NA,NA,NA,0.045255323258946156,0.18264980299217284
2985,5.005357414136081,0.05145381636169695,0.023456392570245812,0.05230050057029507,81.88056582424619,1.0316543836864898,G02985,101.95878474756569,25.603054277813133,10000,NA,NA,NA,NA,NA,NA,NA,NA,NA,NA,NA,NA,NA,0.045255323258946156,0.18264980299217284
2986,5.005357414136081,0.05145381636169695,0.023456392570245812,0.05230050057029507,81.88056582424619,1.0316543836864898,G02986,102.8571000316852,25.603054277813133,10000,NA,NA,NA,NA,NA,NA,NA,NA,NA,NA,NA,NA,NA,0.045255323258946156,0.18264980299217284
2987,5.005357414136081,0.05145381636169695,0.023456392570245812,0.05230050057029507,81.88056582424619,1.0316543836864898,G02987,103.75541531580473,25.603054277813133,10000,NA,NA,NA,NA,NA,NA,NA,NA,NA,NA,NA,NA,NA,0.045255323258946156,0.18264980299217284
2988,5.005357414136081,0.05145381636169695,0.023456392570245812,0.05230050057029507,81.88056582424619,1.0316543836864898,G02988,104.65373059992424,25.603054277813133,10000,NA,NA,NA,NA,NA,NA,NA,NA,NA,NA,NA,NA,NA,0.045255323258946156,0.18264980299217284
2989,5.005357414136081,0.05145381636169695,0.023456392570245812,0.05230050057029507,81.88056582424619,1.0316543836864898,G02989,105.55204588404376,25.603054277813133,10000,NA,NA,NA,NA,NA,NA,NA,NA,NA,NA,NA,NA,NA,0.045255323258946156,0.18264980299217284
2990,5.005357414136081,0.05145381636169695,0.023456392570245812,0.05230050057029507,81.88056582424619,1.0316543836864898,G02990,106.45036116816328,25.603054277813133,10000,NA,NA,NA,NA,NA,NA,NA,NA,NA,NA,NA,NA,NA,0.045255323258946156,0.18264980299217284
2991,5.005357414136081,0.05145381636169695,0.023456392570245812,0.05230050057029507,81.88056582424619,1.0316543836864898,G02991,107.34867645228282,25.603054277813133,10000,NA,NA,NA,NA,NA,NA,NA,NA,NA,NA,NA,NA,NA,0.045255323258946156,0.18264980299217284
2992,5.005357414136081,0.05145381636169695,0.023456392570245812,0.05230050057029507,81.88056582424619,1.0316543836864898,G02992,108.24699173640239,25.603054277813133,9999.999999999702,NA,NA,NA,NA,NA,NA,NA,NA,NA,NA,NA,NA,NA,0.045255323258946156,0.18264980299217284
2993,5.005357414136081,0.05145381636169695,0.023456392570245812,0.05230050057029507,81.88056582424619,1.0316543836864898,G02993,109.14530702052188,25.603054277813133,9999.999999999603,NA,NA,NA,NA,NA,NA,NA,NA,NA,NA,NA,NA,NA,0.045255323258946156,0.18264980299217284
2994,5.005357414136081,0.05145381636169695,0.023456392570245812,0.05230050057029507,81.88056582424619,1.0316543836864898,G02994,110.04362230464133,25.603054277813133,9999.999999999965,NA,NA,NA,NA,NA,NA,NA,NA,NA,NA,NA,NA,NA,0.045255323258946156,0.18264980299217284
2995,5.005357414136081,0.05145381636169695,0.023456392570245812,0.05230050057029507,81.88056582424619,1.0316543836864898,G02995,110.9419375887609,25.603054277813133,10000,NA,NA,NA,NA,NA,NA,NA,NA,NA,NA,NA,NA,NA,0.045255323258946156,0.18264980299217284
2996,5.005357414136081,0.05145381636169695,0.023456392570245812,0.05230050057029507,81.88056582424619,1.0316543836864898,G02996,111.84025287288041,25.603054277813143,9999.999999999982,NA,NA,NA,NA,NA,NA,NA,NA,NA,NA,NA,NA,NA,0.045255323258946156,0.18264980299217284
2997,5.005357414136081,0.05145381636169695,0.023456392570245812,0.05230050057029507,81.88056582424619,1.0316543836864898,G02997,112.73856815699992,25.603054277813133,9999.999999999867,NA,NA,NA,NA,NA,NA,NA,NA,NA,NA,NA,NA,NA,0.045255323258946156,0.18264980299217284
2998,5.005357414136081,0.05145381636169695,0.023456392570245812,0.05230050057029507,81.88056582424619,1.0316543836864898,G02998,113.63688344111947,25.603054277813158,9999.999999999889,NA,NA,NA,NA,NA,NA,NA,NA,NA,NA,NA,NA,NA,0.045255323258946156,0.18264980299217284
2999,5.005357414136081,0.05145381636169695,0.023456392570245812,0.05230050057029507,81.88056582424619,1.0316543836864898,G02999,114.53519872523894,25.603054277813133,9999.999999999936,NA,NA,NA,NA,NA,NA,NA,NA,NA,NA,NA,NA,NA,0.045255323258946156,0.18264980299217284
3000,5.005357414136081,0.05145381636169695,0.023456392570245812,0.05230050057029507,81.88056582424619,1.0316543836864898,G03000,115.43351400935852,25.603054277813133,10000,NA,NA,NA,NA,NA,NA,NA,NA,NA,NA,NA,NA,NA,0.045255323258946156,0.18264980299217284
3001,5.005357414136081,0.05145381636169695,0.023456392570245812,0.05230050057029507,81.88056582424619,1.0316543836864898,G03001,116.33182929347794,25.60305427781312,9999.999999999809,NA,NA,NA,NA,NA,NA,NA,NA,NA,NA,NA,NA,NA,0.045255323258946156,0.18264980299217284
3002,5.005357414136081,0.05145381636169695,0.023456392570245812,0.05230050057029507,81.88056582424619,1.0316543836864898,G03002,117.23014457759756,25.603054277813133,10000,NA,NA,NA,NA,NA,NA,NA,NA,NA,NA,NA,NA,NA,0.045255323258946156,0.18264980299217284
3003,5.005357414136081,0.05145381636169695,0.023456392570245812,0.05230050057029507,81.88056582424619,1.0316543836864898,G03003,118.12845986171706,25.603054277813133,10000,NA,NA,NA,NA,NA,NA,NA,NA,NA,NA,NA,NA,NA,0.045255323258946156,0.18264980299217284
3004,5.005357414136081,0.05145381636169695,0.023456392570245812,0.05230050057029507,81.88056582424619,1.0316543836864898,G03004,118.99303132122284,25.632231068993548,8943.663532265138,NA,NA,NA,NA,NA,NA,NA,NA,NA,NA,NA,NA,NA,0.045255323258946156,0.18264980299217284
3005,5.005357414136081,0.05145381636169695,0.023456392570245812,0.05230050057029507,81.88056582424619,1.0316543836864898,G03005,119.61981985182884,25.68030848900395,1670.6646718525371,NA,NA,NA,NA,NA,NA,NA,NA,NA,NA,NA,NA,NA,0.045255323258946156,0.18264980299217284
3007,5.005357414136081,0.05145381636169695,0.023456392570245812,0.05230050057029507,81.88056582424619,1.0316543836864898,G03007,121.57875081408298,25.259703729362943,248.33338375868996,NA,NA,NA,NA,NA,NA,NA,NA,NA,NA,NA,NA,NA,0.045255323258946156,0.18264980299217284
3010,5.005357414136081,0.05145381636169695,0.023456392570245812,0.05230050057029507,81.88056582424619,1.0316543836864898,G03010,124.56294017382689,25.87763796937714,6.394581969429768,NA,NA,NA,NA,NA,NA,NA,NA,NA,NA,NA,NA,NA,0.045255323258946156,0.18264980299217284
3052,5.005357414136081,0.05145381636169695,0.023456392570245812,0.05230050057029507,81.88056582424619,1.0316543836864898,G03052,97.78800344529732,24.719982896522687,2504.5581252184247,NA,NA,NA,NA,NA,NA,NA,NA,NA,NA,NA,NA,NA,0.045255323258946156,0.18264980299217284
3053,5.005357414136081,0.05145381636169695,0.023456392570245812,0.05230050057029507,81.88056582424619,1.0316543836864898,G03053,98.3655236110876,24.79022169926032,10000,NA,NA,NA,NA,NA,NA,NA,NA,NA,NA,NA,NA,NA,0.045255323258946156,0.18264980299217284
3054,5.005357414136081,0.05145381636169695,0.023456392570245812,0.05230050057029507,81.88056582424619,1.0316543836864898,G03054,99.26383889520712,24.79022169926032,10000,NA,NA,NA,NA,NA,NA,NA,NA,NA,NA,NA,NA,NA,0.045255323258946156,0.18264980299217284
3055,5.005357414136081,0.05145381636169695,0.023456392570245812,0.05230050057029507,81.88056582424619,1.0316543836864898,G03055,100.16215417932663,24.79022169926032,10000,NA,NA,NA,NA,NA,NA,NA,NA,NA,NA,NA,NA,NA,0.045255323258946156,0.18264980299217284
3056,5.005357414136081,0.05145381636169695,0.023456392570245812,0.05230050057029507,81.88056582424619,1.0316543836864898,G03056,101.06046946344617,24.79022169926032,10000,NA,NA,NA,NA,NA,NA,NA,NA,NA,NA,NA,NA,NA,0.045255323258946156,0.18264980299217284
3057,5.005357414136081,0.05145381636169695,0.023456392570245812,0.05230050057029507,81.88056582424619,1.0316543836864898,G03057,101.95878474756569,24.79022169926032,10000,NA,NA,NA,NA,NA,NA,NA,NA,NA,NA,NA,NA,NA,0.045255323258946156,0.18264980299217284
3058,5.005357414136081,0.05145381636169695,0.023456392570245812,0.05230050057029507,81.88056582424619,1.0316543836864898,G03058,102.8571000316852,24.79022169926032,10000,NA,NA,NA,NA,NA,NA,NA,NA,NA,NA,NA,NA,NA,0.045255323258946156,0.18264980299217284
3059,5.005357414136081,0.05145381636169695,0.023456392570245812,0.05230050057029507,81.88056582424619,1.0316543836864898,G03059,103.75541531580473,24.79022169926032,10000,NA,NA,NA,NA,NA,NA,NA,NA,NA,NA,NA,NA,NA,0.045255323258946156,0.18264980299217284
3060,5.005357414136081,0.05145381636169695,0.023456392570245812,0.05230050057029507,81.88056582424619,1.0316543836864898,G03060,104.65373059992406,24.790221699260307,9999.999999999638,NA,NA,NA,NA,NA,NA,NA,NA,NA,NA,NA,NA,NA,0.045255323258946156,0.18264980299217284
3061,5.005357414136081,0.05145381636169695,0.023456392570245812,0.05230050057029507,81.88056582424619,1.0316543836864898,G03061,105.55204588404384,24.79022169926032,9999.999999999915,NA,NA,NA,NA,NA,NA,NA,NA,NA,NA,NA,NA,NA,0.045255323258946156,0.18264980299217284
3062,5.005357414136081,0.05145381636169695,0.023456392570245812,0.05230050057029507,81.88056582424619,1.0316543836864898,G03062,106.4503611681634,24.790221699260336,9999.99999999986,NA,NA,NA,NA,NA,NA,NA,NA,NA,NA,NA,NA,NA,0.045255323258946156,0.18264980299217284
3063,5.005357414136081,0.05145381636169695,0.023456392570245812,0.05230050057029507,81.88056582424619,1.0316543836864898,G03063,107.34867645228282,24.79022169926032,9999.999999999998,NA,NA,NA,NA,NA,NA,NA,NA,NA,NA,NA,NA,NA,0.045255323258946156,0.18264980299217284
3064,5.005357414136081,0.05145381636169695,0.023456392570245812,0.05230050057029507,81.88056582424619,1.0316543836864898,G03064,108.24699173640234,24.790221699260307,9999.999999999973,NA,NA,NA,NA,NA,NA,NA,NA,NA,NA,NA,NA,NA,0.045255323258946156,0.18264980299217284
3065,5.005357414136081,0.05145381636169695,0.023456392570245812,0.05230050057029507,81.88056582424619,1.0316543836864898,G03065,109.14530702052186,24.79022169926032,10000,NA,NA,NA,NA,NA,NA,NA,NA,NA,NA,NA,NA,NA,0.045255323258946156,0.18264980299217284
3066,5.005357414136081,0.05145381636169695,0.023456392570245812,0.05230050057029507,81.88056582424619,1.0316543836864898,G03066,110.04362230464137,24.79022169926032,10000,NA,NA,NA,NA,NA,NA,NA,NA,NA,NA,NA,NA,NA,0.045255323258946156,0.18264980299217284
3067,5.005357414136081,0.05145381636169695,0.023456392570245812,0.05230050057029507,81.88056582424619,1.0316543836864898,G03067,110.9419375887609,24.79022169926032,10000,NA,NA,NA,NA,NA,NA,NA,NA,NA,NA,NA,NA,NA,0.045255323258946156,0.18264980299217284
3068,5.005357414136081,0.05145381636169695,0.023456392570245812,0.05230050057029507,81.88056582424619,1.0316543836864898,G03068,111.84025287288037,24.790221699260336,9999.999999999836,NA,NA,NA,NA,NA,NA,NA,NA,NA,NA,NA,NA,NA,0.045255323258946156,0.18264980299217284
3069,5.005357414136081,0.05145381636169695,0.023456392570245812,0.05230050057029507,81.88056582424619,1.0316543836864898,G03069,112.73856815699989,24.790221699260297,9999.999999999876,NA,NA,NA,NA,NA,NA,NA,NA,NA,NA,NA,NA,NA,0.045255323258946156,0.18264980299217284
3070,5.005357414136081,0.05145381636169695,0.023456392570245812,0.05230050057029507,81.88056582424619,1.0316543836864898,G03070,113.63688344111945,24.79022169926032,10000,NA,NA,NA,NA,NA,NA,NA,NA,NA,NA,NA,NA,NA,0.045255323258946156,0.18264980299217284
3071,5.005357414136081,0.05145381636169695,0.023456392570245812,0.05230050057029507,81.88056582424619,1.0316543836864898,G03071,114.53519872523898,24.79022169926032,10000,NA,NA,NA,NA,NA,NA,NA,NA,NA,NA,NA,NA,NA,0.045255323258946156,0.18264980299217284
3072,5.005357414136081,0.05145381636169695,0.023456392570245812,0.05230050057029507,81.88056582424619,1.0316543836864898,G03072,115.43351400935852,24.79022169926032,9999.999999999854,NA,NA,NA,NA,NA,NA,NA,NA,NA,NA,NA,NA,NA,0.045255323258946156,0.18264980299217284
3073,5.005357414136081,0.05145381636169695,0.023456392570245812,0.05230050057029507,81.88056582424619,1.0316543836864898,G03073,116.331829293478,24.790221699260297,9999.999999999984,NA,NA,NA,NA,NA,NA,NA,NA,NA,NA,NA,NA,NA,0.045255323258946156,0.18264980299217284
3074,5.005357414136081,0.05145381636169695,0.023456392570245812,0.05230050057029507,81.88056582424619,1.0316543836864898,G03074,117.23014457759756,24.79022169926032,10000,NA,NA,NA,NA,NA,NA,NA,NA,NA,NA,NA,NA,NA,0.045255323258946156,0.18264980299217284
3075,5.005357414136081,0.05145381636169695,0.023456392570245812,0.05230050057029507,81.88056582424619,1.0316543836864898,G03075,118.10374949671018,24.834172018905054,8707.280430905335,NA,NA,NA,NA,NA,NA,NA,NA,NA,NA,NA,NA,NA,0.045255323258946156,0.18264980299217284
3076,5.005357414136081,0.05145381636169695,0.023456392570245812,0.05230050057029507,81.88056582424619,1.0316543836864898,G03076,118.77011789503403,24.960775529087663,2527.3788311799212,NA,NA,NA,NA,NA,NA,NA,NA,NA,NA,NA,NA,NA,0.045255323258946156,0.18264980299217284
3077,5.005357414136081,0.05145381636169695,0.023456392570245812,0.05230050057029507,81.88056582424619,1.0316543836864898,G03077,119.52987335169281,25.16456285173224,47.47554621697711,NA,NA,NA,NA,NA,NA,NA,NA,NA,NA,NA,NA,NA,0.045255323258946156,0.18264980299217284
3078,5.005357414136081,0.05145381636169695,0.023456392570245812,0.05230050057029507,81.88056582424619,1.0316543836864898,G03078,121.03567742495993,24.661571293903272,4032.4560352940443,NA,NA,NA,NA,NA,NA,NA,NA,NA,NA,NA,NA,NA,0.045255323258946156,0.18264980299217284
3079,5.005357414136081,0.05145381636169695,0.023456392570245812,0.05230050057029507,81.88056582424619,1.0316543836864898,G03079,121.56866685727603,24.784219047597105,6288.397705280944,NA,NA,NA,NA,NA,NA,NA,NA,NA,NA,NA,NA,NA,0.045255323258946156,0.18264980299217284
3124,5.005357414136081,0.05145381636169695,0.023456392570245812,0.05230050057029507,81.88056582424619,1.0316543836864898,G03124,97.79707285177345,24.12590554067083,1221.9289321814801,NA,NA,NA,NA,NA,NA,NA,NA,NA,NA,NA,NA,NA,0.045255323258946156,0.18264980299217284
3125,5.005357414136081,0.05145381636169695,0.023456392570245812,0.05230050057029507,81.88056582424619,1.0316543836864898,G03125,98.3749181216896,24.209691522334374,3820.2151360079192,NA,NA,NA,NA,NA,NA,NA,NA,NA,NA,NA,NA,NA,0.045255323258946156,0.18264980299217284
3126,5.005357414136081,0.05145381636169695,0.023456392570245812,0.05230050057029507,81.88056582424619,1.0316543836864898,G03126,99.27433317543321,23.975139779721122,9753.280421618922,NA,NA,NA,NA,NA,NA,NA,NA,NA,NA,NA,NA,NA,0.045255323258946156,0.18264980299217284
3127,5.005357414136081,0.05145381636169695,0.023456392570245812,0.05230050057029507,81.88056582424619,1.0316543836864898,G03127,100.16215417932663,23.972028249114643,10000,NA,NA,NA,NA,NA,NA,NA,NA,NA,NA,NA,NA,NA,0.045255323258946156,0.18264980299217284
3128,5.005357414136081,0.05145381636169695,0.023456392570245812,0.05230050057029507,81.88056582424619,1.0316543836864898,G03128,101.06046946344617,23.972028249114643,10000,NA,NA,NA,NA,NA,NA,NA,NA,NA,NA,NA,NA,NA,0.045255323258946156,0.18264980299217284
3129,5.005357414136081,0.05145381636169695,0.023456392570245812,0.05230050057029507,81.88056582424619,1.0316543836864898,G03129,101.95878474756569,23.972028249114643,10000,NA,NA,NA,NA,NA,NA,NA,NA,NA,NA,NA,NA,NA,0.045255323258946156,0.18264980299217284
3130,5.005357414136081,0.05145381636169695,0.023456392570245812,0.05230050057029507,81.88056582424619,1.0316543836864898,G03130,102.8571000316852,23.972028249114643,10000,NA,NA,NA,NA,NA,NA,NA,NA,NA,NA,NA,NA,NA,0.045255323258946156,0.18264980299217284
3131,5.005357414136081,0.05145381636169695,0.023456392570245812,0.05230050057029507,81.88056582424619,1.0316543836864898,G03131,103.75541531580473,23.972028249114643,10000,NA,NA,NA,NA,NA,NA,NA,NA,NA,NA,NA,NA,NA,0.045255323258946156,0.18264980299217284
3132,5.005357414136081,0.05145381636169695,0.023456392570245812,0.05230050057029507,81.88056582424619,1.0316543836864898,G03132,104.65373059992422,23.972028249114643,9999.999999999996,NA,NA,NA,NA,NA,NA,NA,NA,NA,NA,NA,NA,NA,0.045255323258946156,0.18264980299217284
3133,5.005357414136081,0.05145381636169695,0.023456392570245812,0.05230050057029507,81.88056582424619,1.0316543836864898,G03133,105.55204588404376,23.972028249114643,10000.000000000022,NA,NA,NA,NA,NA,NA,NA,NA,NA,NA,NA,NA,NA,0.045255323258946156,0.18264980299217284
3134,5.005357414136081,0.05145381636169695,0.023456392570245812,0.05230050057029507,81.88056582424619,1.0316543836864898,G03134,106.45036116816328,23.972028249114643,10000.000000000022,NA,NA,NA,NA,NA,NA,NA,NA,NA,NA,NA,NA,NA,0.045255323258946156,0.18264980299217284
3135,5.005357414136081,0.05145381636169695,0.023456392570245812,0.05230050057029507,81.88056582424619,1.0316543836864898,G03135,107.34867645228282,23.972028249114643,10000,NA,NA,NA,NA,NA,NA,NA,NA,NA,NA,NA,NA,NA,0.045255323258946156,0.18264980299217284
3136,5.005357414136081,0.05145381636169695,0.023456392570245812,0.05230050057029507,81.88056582424619,1.0316543836864898,G03136,108.24699173640234,23.972028249114643,10000,NA,NA,NA,NA,NA,NA,NA,NA,NA,NA,NA,NA,NA,0.045255323258946156,0.18264980299217284
3137,5.005357414136081,0.05145381636169695,0.023456392570245812,0.05230050057029507,81.88056582424619,1.0316543836864898,G03137,109.14530702052186,23.972028249114643,10000,NA,NA,NA,NA,NA,NA,NA,NA,NA,NA,NA,NA,NA,0.045255323258946156,0.18264980299217284
3138,5.005357414136081,0.05145381636169695,0.023456392570245812,0.05230050057029507,81.88056582424619,1.0316543836864898,G03138,110.04362230464137,23.972028249114643,10000,NA,NA,NA,NA,NA,NA,NA,NA,NA,NA,NA,NA,NA,0.045255323258946156,0.18264980299217284
3139,5.005357414136081,0.05145381636169695,0.023456392570245812,0.05230050057029507,81.88056582424619,1.0316543836864898,G03139,110.9419375887609,23.972028249114643,10000,NA,NA,NA,NA,NA,NA,NA,NA,NA,NA,NA,NA,NA,0.045255323258946156,0.18264980299217284
3140,5.005357414136081,0.05145381636169695,0.023456392570245812,0.05230050057029507,81.88056582424619,1.0316543836864898,G03140,111.84025287288041,23.972028249114643,10000,NA,NA,NA,NA,NA,NA,NA,NA,NA,NA,NA,NA,NA,0.045255323258946156,0.18264980299217284
3141,5.005357414136081,0.05145381636169695,0.023456392570245812,0.05230050057029507,81.88056582424619,1.0316543836864898,G03141,112.73856815699993,23.972028249114643,10000,NA,NA,NA,NA,NA,NA,NA,NA,NA,NA,NA,NA,NA,0.045255323258946156,0.18264980299217284
3142,5.005357414136081,0.05145381636169695,0.023456392570245812,0.05230050057029507,81.88056582424619,1.0316543836864898,G03142,113.63688344111945,23.972028249114643,10000,NA,NA,NA,NA,NA,NA,NA,NA,NA,NA,NA,NA,NA,0.045255323258946156,0.18264980299217284
3143,5.005357414136081,0.05145381636169695,0.023456392570245812,0.05230050057029507,81.88056582424619,1.0316543836864898,G03143,114.53519872523898,23.972028249114643,10000,NA,NA,NA,NA,NA,NA,NA,NA,NA,NA,NA,NA,NA,0.045255323258946156,0.18264980299217284
3144,5.005357414136081,0.05145381636169695,0.023456392570245812,0.05230050057029507,81.88056582424619,1.0316543836864898,G03144,115.43351400935852,23.972028249114643,10000,NA,NA,NA,NA,NA,NA,NA,NA,NA,NA,NA,NA,NA,0.045255323258946156,0.18264980299217284
3145,5.005357414136081,0.05145381636169695,0.023456392570245812,0.05230050057029507,81.88056582424619,1.0316543836864898,G03145,116.33182929347802,23.972028249114643,10000,NA,NA,NA,NA,NA,NA,NA,NA,NA,NA,NA,NA,NA,0.045255323258946156,0.18264980299217284
3146,5.005357414136081,0.05145381636169695,0.023456392570245812,0.05230050057029507,81.88056582424619,1.0316543836864898,G03146,117.19131050981656,24.022833020071182,8454.894446152744,NA,NA,NA,NA,NA,NA,NA,NA,NA,NA,NA,NA,NA,0.045255323258946156,0.18264980299217284
3147,5.005357414136081,0.05145381636169695,0.023456392570245812,0.05230050057029507,81.88056582424619,1.0316543836864898,G03147,117.85492107720732,24.215020131225206,1694.9747027642084,NA,NA,NA,NA,NA,NA,NA,NA,NA,NA,NA,NA,NA,0.045255323258946156,0.18264980299217284
3149,5.005357414136081,0.05145381636169695,0.023456392570245812,0.05230050057029507,81.88056582424619,1.0316543836864898,G03149,120.22192855922677,23.70993574503094,967.7118598454931,NA,NA,NA,NA,NA,NA,NA,NA,NA,NA,NA,NA,NA,0.045255323258946156,0.18264980299217284
3150,5.005357414136081,0.05145381636169695,0.023456392570245812,0.05230050057029507,81.88056582424619,1.0316543836864898,G03150,120.84619029479599,23.954712017726255,9426.029955747996,NA,NA,NA,NA,NA,NA,NA,NA,NA,NA,NA,NA,NA,0.045255323258946156,0.18264980299217284
3151,5.005357414136081,0.05145381636169695,0.023456392570245812,0.05230050057029507,81.88056582424619,1.0316543836864898,G03151,121.45878055459546,24.022890300258265,3940.039213907512,NA,NA,NA,NA,NA,NA,NA,NA,NA,NA,NA,NA,NA,0.045255323258946156,0.18264980299217284
3198,5.005357414136081,0.05145381636169695,0.023456392570245812,0.05230050057029507,81.88056582424619,1.0316543836864898,G03198,99.38173577130763,23.260043331251406,5674.146988231999,NA,NA,NA,NA,NA,NA,NA,NA,NA,NA,NA,NA,NA,0.045255323258946156,0.18264980299217284
3199,5.005357414136081,0.05145381636169695,0.023456392570245812,0.05230050057029507,81.88056582424619,1.0316543836864898,G03199,100.16215417932663,23.148606498338843,10000,NA,NA,NA,NA,NA,NA,NA,NA,NA,NA,NA,NA,NA,0.045255323258946156,0.18264980299217284
3200,5.005357414136081,0.05145381636169695,0.023456392570245812,0.05230050057029507,81.88056582424619,1.0316543836864898,G03200,101.06046946344617,23.148606498338843,10000,NA,NA,NA,NA,NA,NA,NA,NA,NA,NA,NA,NA,NA,0.045255323258946156,0.18264980299217284
3201,5.005357414136081,0.05145381636169695,0.023456392570245812,0.05230050057029507,81.88056582424619,1.0316543836864898,G03201,101.95878474756569,23.148606498338843,10000,NA,NA,NA,NA,NA,NA,NA,NA,NA,NA,NA,NA,NA,0.045255323258946156,0.18264980299217284
3202,5.005357414136081,0.05145381636169695,0.023456392570245812,0.05230050057029507,81.88056582424619,1.0316543836864898,G03202,102.85906247599036,23.15096153887449,9940.330763147611,NA,NA,NA,NA,NA,NA,NA,NA,NA,NA,NA,NA,NA,0.045255323258946156,0.18264980299217284
3203,5.005357414136081,0.05145381636169695,0.023456392570245812,0.05230050057029507,81.88056582424619,1.0316543836864898,G03203,103.75294575535112,23.159787976925266,9712.889474658337,NA,NA,NA,NA,NA,NA,NA,NA,NA,NA,NA,NA,NA,0.045255323258946156,0.18264980299217284
3204,5.005357414136081,0.05145381636169695,0.023456392570245812,0.05230050057029507,81.88056582424619,1.0316543836864898,G03204,104.5924151044946,23.218630194263937,7737.057321490627,NA,NA,NA,NA,NA,NA,NA,NA,NA,NA,NA,NA,NA,0.045255323258946156,0.18264980299217284
3205,5.005357414136081,0.05145381636169695,0.023456392570245812,0.05230050057029507,81.88056582424619,1.0316543836864898,G03205,105.63717453772769,23.336186137738025,4833.125380559949,NA,NA,NA,NA,NA,NA,NA,NA,NA,NA,NA,NA,NA,0.045255323258946156,0.18264980299217284
3206,5.005357414136081,0.05145381636169695,0.023456392570245812,0.05230050057029507,81.88056582424619,1.0316543836864898,G03206,106.47548331175801,23.227586718590775,7978.818759111449,NA,NA,NA,NA,NA,NA,NA,NA,NA,NA,NA,NA,NA,0.045255323258946156,0.18264980299217284
3207,5.005357414136081,0.05145381636169695,0.023456392570245812,0.05230050057029507,81.88056582424619,1.0316543836864898,G03207,107.34867645228282,23.148606498338843,10000,NA,NA,NA,NA,NA,NA,NA,NA,NA,NA,NA,NA,NA,0.045255323258946156,0.18264980299217284
3208,5.005357414136081,0.05145381636169695,0.023456392570245812,0.05230050057029507,81.88056582424619,1.0316543836864898,G03208,108.24699173640234,23.148606498338843,10000,NA,NA,NA,NA,NA,NA,NA,NA,NA,NA,NA,NA,NA,0.045255323258946156,0.18264980299217284
3209,5.005357414136081,0.05145381636169695,0.023456392570245812,0.05230050057029507,81.88056582424619,1.0316543836864898,G03209,109.14530702052186,23.148606498338843,10000,NA,NA,NA,NA,NA,NA,NA,NA,NA,NA,NA,NA,NA,0.045255323258946156,0.18264980299217284
3210,5.005357414136081,0.05145381636169695,0.023456392570245812,0.05230050057029507,81.88056582424619,1.0316543836864898,G03210,110.04362230464137,23.148606498338843,10000,NA,NA,NA,NA,NA,NA,NA,NA,NA,NA,NA,NA,NA,0.045255323258946156,0.18264980299217284
3211,5.005357414136081,0.05145381636169695,0.023456392570245812,0.05230050057029507,81.88056582424619,1.0316543836864898,G03211,110.9419375887609,23.148606498338843,10000,NA,NA,NA,NA,NA,NA,NA,NA,NA,NA,NA,NA,NA,0.045255323258946156,0.18264980299217284
3212,5.005357414136081,0.05145381636169695,0.023456392570245812,0.05230050057029507,81.88056582424619,1.0316543836864898,G03212,111.84025287288041,23.148606498338843,10000,NA,NA,NA,NA,NA,NA,NA,NA,NA,NA,NA,NA,NA,0.045255323258946156,0.18264980299217284
3213,5.005357414136081,0.05145381636169695,0.023456392570245812,0.05230050057029507,81.88056582424619,1.0316543836864898,G03213,112.73856815699993,23.148606498338843,10000,NA,NA,NA,NA,NA,NA,NA,NA,NA,NA,NA,NA,NA,0.045255323258946156,0.18264980299217284
3214,5.005357414136081,0.05145381636169695,0.023456392570245812,0.05230050057029507,81.88056582424619,1.0316543836864898,G03214,113.63928046905126,23.159712603304904,9642.070990791206,NA,NA,NA,NA,NA,NA,NA,NA,NA,NA,NA,NA,NA,0.045255323258946156,0.18264980299217284
3215,5.005357414136081,0.05145381636169695,0.023456392570245812,0.05230050057029507,81.88056582424619,1.0316543836864898,G03215,114.53199377387686,23.153637405727093,9870.724916618437,NA,NA,NA,NA,NA,NA,NA,NA,NA,NA,NA,NA,NA,0.045255323258946156,0.18264980299217284
3216,5.005357414136081,0.05145381636169695,0.023456392570245812,0.05230050057029507,81.88056582424619,1.0316543836864898,G03216,115.42761293357714,23.182920947064687,9112.767136413417,NA,NA,NA,NA,NA,NA,NA,NA,NA,NA,NA,NA,NA,0.045255323258946156,0.18264980299217284
3217,5.005357414136081,0.05145381636169695,0.023456392570245812,0.05230050057029507,81.88056582424619,1.0316543836864898,G03217,116.26138828304363,23.25861981185026,6667.562078572151,NA,NA,NA,NA,NA,NA,NA,NA,NA,NA,NA,NA,NA,0.045255323258946156,0.18264980299217284
3218,5.005357414136081,0.05145381636169695,0.023456392570245812,0.05230050057029507,81.88056582424619,1.0316543836864898,G03218,116.92700897281217,23.450039976552553,409.0093907684399,NA,NA,NA,NA,NA,NA,NA,NA,NA,NA,NA,NA,NA,0.045255323258946156,0.18264980299217284
3221,5.005357414136081,0.05145381636169695,0.023456392570245812,0.05230050057029507,81.88056582424619,1.0316543836864898,G03221,120.2210681429058,23.179732147344033,2827.7780374697104,NA,NA,NA,NA,NA,NA,NA,NA,NA,NA,NA,NA,NA,0.045255323258946156,0.18264980299217284
3222,5.005357414136081,0.05145381636169695,0.023456392570245812,0.05230050057029507,81.88056582424619,1.0316543836864898,G03222,120.81677269968256,23.154203763227848,9840.659442352622,NA,NA,NA,NA,NA,NA,NA,NA,NA,NA,NA,NA,NA,0.045255323258946156,0.18264980299217284
3270,5.005357414136081,0.05145381636169695,0.023456392570245812,0.05230050057029507,81.88056582424619,1.0316543836864898,G03270,99.50923103450131,22.395036146657155,3290.6991875994004,NA,NA,NA,NA,NA,NA,NA,NA,NA,NA,NA,NA,NA,0.045255323258946156,0.18264980299217284
3271,5.005357414136081,0.05145381636169695,0.023456392570245812,0.05230050057029507,81.88056582424619,1.0316543836864898,G03271,100.18235887879335,22.342511681604904,9377.91230760072,NA,NA,NA,NA,NA,NA,NA,NA,NA,NA,NA,NA,NA,0.045255323258946156,0.18264980299217284
3272,5.005357414136081,0.05145381636169695,0.023456392570245812,0.05230050057029507,81.88056582424619,1.0316543836864898,G03272,101.06046946344617,22.320094169621488,10000,NA,NA,NA,NA,NA,NA,NA,NA,NA,NA,NA,NA,NA,0.045255323258946156,0.18264980299217284
3273,5.005357414136081,0.05145381636169695,0.023456392570245812,0.05230050057029507,81.88056582424619,1.0316543836864898,G03273,101.85212250682987,22.50045889559521,4033.6162607335364,NA,NA,NA,NA,NA,NA,NA,NA,NA,NA,NA,NA,NA,0.045255323258946156,0.18264980299217284
3275,5.005357414136081,0.05145381636169695,0.023456392570245812,0.05230050057029507,81.88056582424619,1.0316543836864898,G03275,103.8284358063888,22.660719973824417,687.3498747516124,NA,NA,NA,NA,NA,NA,NA,NA,NA,NA,NA,NA,NA,0.045255323258946156,0.18264980299217284
3278,5.005357414136081,0.05145381636169695,0.023456392570245812,0.05230050057029507,81.88056582424619,1.0316543836864898,G03278,106.7822376827429,22.366997661710183,2200.272793142618,NA,NA,NA,NA,NA,NA,NA,NA,NA,NA,NA,NA,NA,0.045255323258946156,0.18264980299217284
3279,5.005357414136081,0.05145381636169695,0.023456392570245812,0.05230050057029507,81.88056582424619,1.0316543836864898,G03279,107.35152372780628,22.322996965856852,9927.035647438553,NA,NA,NA,NA,NA,NA,NA,NA,NA,NA,NA,NA,NA,0.045255323258946156,0.18264980299217284
3280,5.005357414136081,0.05145381636169695,0.023456392570245812,0.05230050057029507,81.88056582424619,1.0316543836864898,G03280,108.24692294270359,22.32018362117183,9997.824672128832,NA,NA,NA,NA,NA,NA,NA,NA,NA,NA,NA,NA,NA,0.045255323258946156,0.18264980299217284
3281,5.005357414136081,0.05145381636169695,0.023456392570245812,0.05230050057029507,81.88056582424619,1.0316543836864898,G03281,109.14530702052186,22.320094169621488,10000,NA,NA,NA,NA,NA,NA,NA,NA,NA,NA,NA,NA,NA,0.045255323258946156,0.18264980299217284
3282,5.005357414136081,0.05145381636169695,0.023456392570245812,0.05230050057029507,81.88056582424619,1.0316543836864898,G03282,110.04362230464137,22.320094169621488,10000,NA,NA,NA,NA,NA,NA,NA,NA,NA,NA,NA,NA,NA,0.045255323258946156,0.18264980299217284
3283,5.005357414136081,0.05145381636169695,0.023456392570245812,0.05230050057029507,81.88056582424619,1.0316543836864898,G03283,110.9419375887609,22.320094169621488,10000,NA,NA,NA,NA,NA,NA,NA,NA,NA,NA,NA,NA,NA,0.045255323258946156,0.18264980299217284
3284,5.005357414136081,0.05145381636169695,0.023456392570245812,0.05230050057029507,81.88056582424619,1.0316543836864898,G03284,111.84025287288041,22.320094169621488,10000,NA,NA,NA,NA,NA,NA,NA,NA,NA,NA,NA,NA,NA,0.045255323258946156,0.18264980299217284
3285,5.005357414136081,0.05145381636169695,0.023456392570245812,0.05230050057029507,81.88056582424619,1.0316543836864898,G03285,112.71714335398832,22.341021486150876,9273.261706147268,NA,NA,NA,NA,NA,NA,NA,NA,NA,NA,NA,NA,NA,0.045255323258946156,0.18264980299217284
3286,5.005357414136081,0.05145381636169695,0.023456392570245812,0.05230050057029507,81.88056582424619,1.0316543836864898,G03286,113.53750373476949,22.43540934178619,4556.383643270702,NA,NA,NA,NA,NA,NA,NA,NA,NA,NA,NA,NA,NA,0.045255323258946156,0.18264980299217284
3287,5.005357414136081,0.05145381636169695,0.023456392570245812,0.05230050057029507,81.88056582424619,1.0316543836864898,G03287,114.38101234688976,22.552617567814085,2420.030096181617,NA,NA,NA,NA,NA,NA,NA,NA,NA,NA,NA,NA,NA,0.045255323258946156,0.18264980299217284
3288,5.005357414136081,0.05145381636169695,0.023456392570245812,0.05230050057029507,81.88056582424619,1.0316543836864898,G03288,115.37808818802614,22.71242899012439,161.3986865591335,NA,NA,NA,NA,NA,NA,NA,NA,NA,NA,NA,NA,NA,0.045255323258946156,0.18264980299217284
3293,5.005357414136081,0.05145381636169695,0.023456392570245812,0.05230050057029507,81.88056582424619,1.0316543836864898,G03293,120.32081217821582,22.630083643741546,320.29275828918173,NA,NA,NA,NA,NA,NA,NA,NA,NA,NA,NA,NA,NA,0.045255323258946156,0.18264980299217284
3294,5.005357414136081,0.05145381636169695,0.023456392570245812,0.05230050057029507,81.88056582424619,1.0316543836864898,G03294,120.72121838710483,22.44695629826,4146.893559157418,NA,NA,NA,NA,NA,NA,NA,NA,NA,NA,NA,NA,NA,0.045255323258946156,0.18264980299217284
3295,5.005357414136081,0.05145381636169695,0.023456392570245812,0.05230050057029507,81.88056582424619,1.0316543836864898,G03295,121.52772195393058,22.207480425829445,93.4241818916341,NA,NA,NA,NA,NA,NA,NA,NA,NA,NA,NA,NA,NA,0.045255323258946156,0.18264980299217284
3343,5.005357414136081,0.05145381636169695,0.023456392570245812,0.05230050057029507,81.88056582424619,1.0316543836864898,G03343,100.33499659863789,21.720450196607892,2869.645909377714,NA,NA,NA,NA,NA,NA,NA,NA,NA,NA,NA,NA,NA,0.045255323258946156,0.18264980299217284
3344,5.005357414136081,0.05145381636169695,0.023456392570245812,0.05230050057029507,81.88056582424619,1.0316543836864898,G03344,101.13613406249338,21.654433706443267,4756.073973493434,NA,NA,NA,NA,NA,NA,NA,NA,NA,NA,NA,NA,NA,0.045255323258946156,0.18264980299217284
3345,5.005357414136081,0.05145381636169695,0.023456392570245812,0.05230050057029507,81.88056582424619,1.0316543836864898,G03345,101.65175158301908,21.547353787275117,2510.5984076394802,NA,NA,NA,NA,NA,NA,NA,NA,NA,NA,NA,NA,NA,0.045255323258946156,0.18264980299217284
3351,5.005357414136081,0.05145381636169695,0.023456392570245812,0.05230050057029507,81.88056582424619,1.0316543836864898,G03351,107.46706629026224,21.789304495521847,2161.60442780248,NA,NA,NA,NA,NA,NA,NA,NA,NA,NA,NA,NA,NA,0.045255323258946156,0.18264980299217284
3352,5.005357414136081,0.05145381636169695,0.023456392570245812,0.05230050057029507,81.88056582424619,1.0316543836864898,G03352,108.19818339680441,21.747930341293394,3203.7422278649897,NA,NA,NA,NA,NA,NA,NA,NA,NA,NA,NA,NA,NA,0.045255323258946156,0.18264980299217284
3353,5.005357414136081,0.05145381636169695,0.023456392570245812,0.05230050057029507,81.88056582424619,1.0316543836864898,G03353,109.196084369523,21.705493576807232,4245.4653936540435,NA,NA,NA,NA,NA,NA,NA,NA,NA,NA,NA,NA,NA,0.045255323258946156,0.18264980299217284
3354,5.005357414136081,0.05145381636169695,0.023456392570245812,0.05230050057029507,81.88056582424619,1.0316543836864898,G03354,110.08218818240921,21.519704582599882,8330.478771984184,NA,NA,NA,NA,NA,NA,NA,NA,NA,NA,NA,NA,NA,0.045255323258946156,0.18264980299217284
3355,5.005357414136081,0.05145381636169695,0.023456392570245812,0.05230050057029507,81.88056582424619,1.0316543836864898,G03355,110.89083976955416,21.625743636679722,6339.0355579654815,NA,NA,NA,NA,NA,NA,NA,NA,NA,NA,NA,NA,NA,0.045255323258946156,0.18264980299217284
3356,5.005357414136081,0.05145381636169695,0.023456392570245812,0.05230050057029507,81.88056582424619,1.0316543836864898,G03356,111.74898790198624,21.748584286825736,3045.3235785588017,NA,NA,NA,NA,NA,NA,NA,NA,NA,NA,NA,NA,NA,0.045255323258946156,0.18264980299217284
3357,5.005357414136081,0.05145381636169695,0.023456392570245812,0.05230050057029507,81.88056582424619,1.0316543836864898,G03357,112.58465143237034,21.782820983817533,1237.1892555511874,NA,NA,NA,NA,NA,NA,NA,NA,NA,NA,NA,NA,NA,0.045255323258946156,0.18264980299217284
3358,5.005357414136081,0.05145381636169695,0.023456392570245812,0.05230050057029507,81.88056582424619,1.0316543836864898,G03358,113.39312052643557,21.88062529243814,32.06280451226356,NA,NA,NA,NA,NA,NA,NA,NA,NA,NA,NA,NA,NA,0.045255323258946156,0.18264980299217284
3425,5.005357414136081,0.05145381636169695,0.023456392570245812,0.05230050057029507,81.88056582424619,1.0316543836864898,G03425,109.06299171613777,21.023422919185098,38.97212742827644,NA,NA,NA,NA,NA,NA,NA,NA,NA,NA,NA,NA,NA,0.045255323258946156,0.18264980299217284
3426,5.005357414136081,0.05145381636169695,0.023456392570245812,0.05230050057029507,81.88056582424619,1.0316543836864898,G03426,110.09249720265102,20.670699145529998,6272.810165334436,NA,NA,NA,NA,NA,NA,NA,NA,NA,NA,NA,NA,NA,0.045255323258946156,0.18264980299217284
3427,5.005357414136081,0.05145381636169695,0.023456392570245812,0.05230050057029507,81.88056582424619,1.0316543836864898,G03427,110.54528953755928,20.775043618323032,249.15582300085714,NA,NA,NA,NA,NA,NA,NA,NA,NA,NA,NA,NA,NA,0.045255323258946156,0.18264980299217284
3497,5.005357414136081,0.05145381636169695,0.023456392570245812,0.05230050057029507,81.88056582424619,1.0316543836864898,G03497,109.32450944721388,19.58580837575585,3137.5368109491037,NA,NA,NA,NA,NA,NA,NA,NA,NA,NA,NA,NA,NA,0.045255323258946156,0.18264980299217284
3498,5.005357414136081,0.05145381636169695,0.023456392570245812,0.05230050057029507,81.88056582424619,1.0316543836864898,G03498,110.05641687998069,19.685488756638087,7117.492584506339,NA,NA,NA,NA,NA,NA,NA,NA,NA,NA,NA,NA,NA,0.045255323258946156,0.18264980299217284
3499,5.005357414136081,0.05145381636169695,0.023456392570245812,0.05230050057029507,81.88056582424619,1.0316543836864898,G03499,110.73459643695517,19.72422414103137,3960.5712634181837,NA,NA,NA,NA,NA,NA,NA,NA,NA,NA,NA,NA,NA,0.045255323258946156,0.18264980299217284
3568,5.005357414136081,0.05145381636169695,0.023456392570245812,0.05230050057029507,81.88056582424619,1.0316543836864898,G03568,108.67697868593933,19.02511811730871,252.24780922452786,NA,NA,NA,NA,NA,NA,NA,NA,NA,NA,NA,NA,NA,0.045255323258946156,0.18264980299217284
3569,5.005357414136081,0.05145381636169695,0.023456392570245812,0.05230050057029507,81.88056582424619,1.0316543836864898,G03569,109.1491114172138,18.957173944932943,9910.113789615278,NA,NA,NA,NA,NA,NA,NA,NA,NA,NA,NA,NA,NA,0.045255323258946156,0.18264980299217284
3570,5.005357414136081,0.05145381636169695,0.023456392570245812,0.05230050057029507,81.88056582424619,1.0316543836864898,G03570,110.03058229271338,18.972805472721376,9616.444833515101,NA,NA,NA,NA,NA,NA,NA,NA,NA,NA,NA,NA,NA,0.045255323258946156,0.18264980299217284
3571,5.005357414136081,0.05145381636169695,0.023456392570245812,0.05230050057029507,81.88056582424619,1.0316543836864898,G03571,110.57395885450363,19.155949548821926,1042.9788489511604,NA,NA,NA,NA,NA,NA,NA,NA,NA,NA,NA,NA,NA,0.045255323258946156,0.18264980299217284
3641,5.005357414136081,0.05145381636169695,0.023456392570245812,0.05230050057029507,81.88056582424619,1.0316543836864898,G03641,109.25604434997616,18.410565995859972,2401.5124672110924,NA,NA,NA,NA,NA,NA,NA,NA,NA,NA,NA,NA,NA,0.045255323258946156,0.18264980299217284
3642,5.005357414136081,0.05145381636169695,0.023456392570245812,0.05230050057029507,81.88056582424619,1.0316543836864898,G03642,109.81381761007025,18.4091926831313,1494.264644267384,NA,NA,NA,NA,NA,NA,NA,NA,NA,NA,NA,NA,NA,0.045255323258946156,0.18264980299217284
