grid_cell,richness_trend,shannon_trend,phylo_pd_trend,phylo_mpd_trend,trait_volume_trend,trait_dispersion_trend,trait_rao_q_trend,mean_corrected_richness,grid_id,centroid_lon,centroid_lat,area_km2,bio1,bio4,bio12,bio15,elev_mean,elev_sd,texture_shannon,texture_entropy,texture_contrast,npp_mean,landcover_trees,landcover_cropland,landcover_built,mean_temporal_beta,mean_temporal_shift_cwm
1,1.5512918299741414,0.023467204869210567,16.173357400000093,-0.5646194643345732,-0.03500181227020079,-0.005353599728429699,-6.855085716870238e-5,30.13804340112443,NA,NA,NA,NA,NA,NA,NA,NA,NA,NA,NA,NA,NA,NA,NA,NA,NA,0.03427164546105072,0.16824119359466116
2,1.5501813113656409,0.02428574241344349,16.149903199999972,-0.5451918342388442,-0.036827201415559646,-0.006680823309425198,-5.341265157540848e-5,29.30083726097139,NA,NA,NA,NA,NA,NA,NA,NA,NA,NA,NA,NA,NA,NA,NA,NA,NA,0.035621076366446104,0.18480563424628438
3,1.5519008494524273,0.023061590138588196,13.211664000000065,-0.5332816307994861,-0.036617237171514924,-0.006282520222739308,-5.926003180449104e-5,30.22681700848123,NA,NA,NA,NA,NA,NA,NA,NA,NA,NA,NA,NA,NA,NA,NA,NA,NA,0.03393603767605701,0.16814974673549865
4,1.454205713344455,0.0195995563394109,13.107869300000148,-0.5570707276344373,-0.028721677763510593,-0.003201406956268617,-9.769600377969396e-5,32.76607785743053,NA,NA,NA,NA,NA,NA,NA,NA,NA,NA,NA,NA,NA,NA,NA,NA,NA,0.029916186205286042,0.1623455433427996
5,1.634449192950764,0.02563987029806126,9.071842800000004,-0.4551982213430947,-0.03418380362610611,-0.006693490218678434,-2.9991143506954903e-5,29.684076959202812,NA,NA,NA,NA,NA,NA,NA,NA,NA,NA,NA,NA,NA,NA,NA,NA,NA,0.03490667043210066,0.13660890611318463
6,1.6475240100656148,0.025997582120795355,9.11863059999992,-0.44485539382871164,-0.03429257240975892,-0.006487504594425296,-2.7680472861235017e-5,29.457402291611487,NA,NA,NA,NA,NA,NA,NA,NA,NA,NA,NA,NA,NA,NA,NA,NA,NA,0.03547745181930845,0.13589737882294017
7,1.6655262314475876,0.025015828476153464,16.20913770000003,-0.4637238578383721,-0.03592545710743421,-0.006158546616779776,-2.5937616660631598e-5,29.62559957189422,NA,NA,NA,NA,NA,NA,NA,NA,NA,NA,NA,NA,NA,NA,NA,NA,NA,0.0362740775029172,0.14391370404875503
8,1.6050318676624606,0.023865100507692957,16.173357399999972,-0.5559862518490538,-0.035190015557705,-0.005558304619928513,-6.158677258382446e-5,30.02144404633198,NA,NA,NA,NA,NA,NA,NA,NA,NA,NA,NA,NA,NA,NA,NA,NA,NA,0.035587816986308356,0.16868178975608797
9,1.604331369552519,0.023396034570204026,16.173357400000093,-0.5473932971093609,-0.03486655530793246,-0.0055591867361076625,-4.9890185387685934e-5,30.269648585240777,NA,NA,NA,NA,NA,NA,NA,NA,NA,NA,NA,NA,NA,NA,NA,NA,NA,0.03507376660163555,0.163625718528908
10,1.5931167945143465,0.023191901207994754,16.173357399999972,-0.570573217610422,-0.03479190043246225,-0.005111064697458425,-5.6316910425891544e-5,30.062711501406646,NA,NA,NA,NA,NA,NA,NA,NA,NA,NA,NA,NA,NA,NA,NA,NA,NA,0.035700465296972406,0.17273572246900426
11,1.7048416532240664,0.025565378071053517,15.090582400000047,-0.4455362794068767,-0.03471620773242876,-0.006353049056419055,-1.894057205403696e-5,29.655181564915456,NA,NA,NA,NA,NA,NA,NA,NA,NA,NA,NA,NA,NA,NA,NA,NA,NA,0.03674651303021906,0.14154631550814978
12,1.7121487590632,0.025625157382266044,19.317991100000036,-0.43297679985946097,-0.03520974478087253,-0.006258024459840163,-1.2645438577753955e-5,29.476689656144245,NA,NA,NA,NA,NA,NA,NA,NA,NA,NA,NA,NA,NA,NA,NA,NA,NA,0.037212133877740854,0.1425076873524577
13,1.7014303350969937,0.0252596153603504,16.209137700000085,-0.4507487732135737,-0.035231313330686465,-0.006226408784395554,-1.9185740353446518e-5,29.687265203995455,NA,NA,NA,NA,NA,NA,NA,NA,NA,NA,NA,NA,NA,NA,NA,NA,NA,0.03679199037681085,0.14283701658284834
14,1.640540921596078,0.023594885960941468,16.173357399999972,-0.5420069169723771,-0.034395783083193146,-0.005406961753492947,-5.288895238482144e-5,30.442056719952202,NA,NA,NA,NA,NA,NA,NA,NA,NA,NA,NA,NA,NA,NA,NA,NA,NA,0.03545635908843571,0.15892660260012062
15,1.6163089200003093,0.023283013233562383,16.173357400000093,-0.5722038241269081,-0.03429667424115933,-0.005579930696092292,-6.584189337213993e-5,30.50672637006806,NA,NA,NA,NA,NA,NA,NA,NA,NA,NA,NA,NA,NA,NA,NA,NA,NA,0.03524271493145395,0.17059008042340987
16,1.6539390005656787,0.02322018473002086,15.516040300000098,-0.5282916397209663,-0.033816016390130446,-0.005240731375882392,-3.941210951745911e-5,30.680066982141017,NA,NA,NA,NA,NA,NA,NA,NA,NA,NA,NA,NA,NA,NA,NA,NA,NA,0.035289166538476247,0.15245634401431274
17,1.6536780844533152,0.02885133214102409,13.881460199999903,-0.29665552934594874,-0.01705307488754944,-0.004527527142290492,6.93431174934104e-5,27.306972898082574,NA,NA,NA,NA,NA,NA,NA,NA,NA,NA,NA,NA,NA,NA,NA,NA,NA,0.03929715364390647,0.14148151210875637
18,1.5375910301473257,0.028311204361040336,14.852919599999925,-0.3810570735625901,-0.016759300705158717,-0.005504283948089489,-4.0742410546326505e-5,28.789383975382663,NA,NA,NA,NA,NA,NA,NA,NA,NA,NA,NA,NA,NA,NA,NA,NA,NA,0.03446283225515711,0.1641373026697376
19,1.5206788015121226,0.02803458372841787,14.39841429999998,-0.42280558449235245,-0.018380191348873056,-0.004658640825023473,-8.37469456531455e-5,28.175538570197464,NA,NA,NA,NA,NA,NA,NA,NA,NA,NA,NA,NA,NA,NA,NA,NA,NA,0.03620499506034809,0.18383655752428457
20,1.6192097508143606,0.0298896755236897,14.709543299999968,-0.2805884697583333,-0.02096156345728797,-0.006330089879454458,-3.114650393381175e-5,27.659727871385403,NA,NA,NA,NA,NA,NA,NA,NA,NA,NA,NA,NA,NA,NA,NA,NA,NA,0.037827011498485885,0.15735559140456196
21,1.7536564706533684,0.031132286495050388,48.96494419999993,-0.11598931417642148,-0.025842303124340073,-0.00775124952908221,6.0787417390034095e-5,26.9155004280267,NA,NA,NA,NA,NA,NA,NA,NA,NA,NA,NA,NA,NA,NA,NA,NA,NA,0.04101832519770309,0.14506377071311652
22,1.7550636541243319,0.02896626420467402,13.181133700000016,-0.2506993153646394,-0.029641214978828552,-0.007620438177490431,3.1470488243859264e-5,27.99754092902341,NA,NA,NA,NA,NA,NA,NA,NA,NA,NA,NA,NA,NA,NA,NA,NA,NA,0.03955290949777041,0.1444760976608885
23,1.632066691006059,0.02145618401515041,22.381720200000146,-0.568749718202439,-0.03704269311381988,-0.007291158273070083,-6.160292525181772e-5,30.683901094507096,NA,NA,NA,NA,NA,NA,NA,NA,NA,NA,NA,NA,NA,NA,NA,NA,NA,0.0362585858578178,0.19274830006432672
24,1.629047954879681,0.021956697103020336,20.308640599999947,-0.5654528462650529,-0.03746325924801116,-0.007333825621033735,-6.450600464117423e-5,30.25226822427101,NA,NA,NA,NA,NA,NA,NA,NA,NA,NA,NA,NA,NA,NA,NA,NA,NA,0.036961115231496706,0.19740257088770422
25,1.6239235031323964,0.02281360461954662,31.45450350000002,-0.567299444366659,-0.03663160118076742,-0.007480359280186193,-6.121667459684153e-5,29.908035062804494,NA,NA,NA,NA,NA,NA,NA,NA,NA,NA,NA,NA,NA,NA,NA,NA,NA,0.03731260079335735,0.20260626095396705
26,1.6194396492654497,0.02220997457280971,31.201555900000056,-0.555693456659524,-0.0376976314047048,-0.008013901759749371,-6.756919304611736e-5,30.282536380842103,NA,NA,NA,NA,NA,NA,NA,NA,NA,NA,NA,NA,NA,NA,NA,NA,NA,0.03657652781903855,0.20068502682862716
27,1.6241695755282362,0.022243892028180015,32.28643660000005,-0.5413620084908616,-0.038152737952663336,-0.008186962140417172,-6.306720884800189e-5,30.16422455147308,NA,NA,NA,NA,NA,NA,NA,NA,NA,NA,NA,NA,NA,NA,NA,NA,NA,0.036818124509178866,0.2002111720807976
28,1.537527456403738,0.02660334252987378,18.414869200000005,-0.5151223843813181,-0.022417416004161056,-0.005671484269068667,-7.760373385536048e-5,29.333892559060054,NA,NA,NA,NA,NA,NA,NA,NA,NA,NA,NA,NA,NA,NA,NA,NA,NA,0.03523340832365695,0.1940714833437128
29,1.5677976659531419,0.02563581022534399,19.80120609999993,-0.5705858642058783,-0.02365056052316286,-0.005517073820731299,-6.527074837575446e-5,30.113699386486235,NA,NA,NA,NA,NA,NA,NA,NA,NA,NA,NA,NA,NA,NA,NA,NA,NA,0.03451885058002374,0.18336029333953227
30,1.8319497949570838,0.034366764316749336,83.05047969999993,0.07028737253259891,-0.02362497729333335,-0.007421714164319946,1.5525891532965178e-4,25.490811593857096,NA,NA,NA,NA,NA,NA,NA,NA,NA,NA,NA,NA,NA,NA,NA,NA,NA,0.04534968621614249,0.14907656353893123
31,1.852922387654783,0.033490113254616656,104.07902190000004,0.03998640748392764,-0.02532724484869525,-0.007179598418912667,1.5763976734141206e-4,25.70305916068695,NA,NA,NA,NA,NA,NA,NA,NA,NA,NA,NA,NA,NA,NA,NA,NA,NA,0.045484034045556426,0.14727081454332688
32,1.8315651382836355,0.033869297221386076,83.05047969999993,0.046736633804193385,-0.02424248080376516,-0.007358551251117819,1.4741030390489328e-4,25.639802717509443,NA,NA,NA,NA,NA,NA,NA,NA,NA,NA,NA,NA,NA,NA,NA,NA,NA,0.0450507923711573,0.1476599389409769
33,1.8086408008334336,0.03473491195572215,81.93192439999996,0.08096993597267312,-0.02307748846721761,-0.007548234531995415,1.5135616395499827e-4,25.34536294125159,NA,NA,NA,NA,NA,NA,NA,NA,NA,NA,NA,NA,NA,NA,NA,NA,NA,0.04499551841902873,0.148666469101783
34,1.8307052708088138,0.033621192099266235,89.2426862,0.032098591060245166,-0.023978075813434214,-0.007370436559177448,1.3873386894702822e-4,25.793569374594664,NA,NA,NA,NA,NA,NA,NA,NA,NA,NA,NA,NA,NA,NA,NA,NA,NA,0.044738445353994544,0.14723815213881064
35,1.8130082249177157,0.033741023407140525,63.50199460000007,0.03285773784077106,-0.022808845834655346,-0.007560120813408434,1.2556348268684948e-4,25.861079330791878,NA,NA,NA,NA,NA,NA,NA,NA,NA,NA,NA,NA,NA,NA,NA,NA,NA,0.044157957395959097,0.1475206929472061
36,1.8500990433174034,0.03329950321375455,86.62769150000003,0.036005155008306956,-0.025627338795497435,-0.007336719981830969,1.5414149520814028e-4,25.784467413280975,NA,NA,NA,NA,NA,NA,NA,NA,NA,NA,NA,NA,NA,NA,NA,NA,NA,0.04521402994026808,0.14682325084554143
37,1.8930247902784199,0.03336650208486036,99.283951,0.05202846496271347,-0.025950098354489613,-0.00679299141369425,1.8197659534866068e-4,25.686569173689886,NA,NA,NA,NA,NA,NA,NA,NA,NA,NA,NA,NA,NA,NA,NA,NA,NA,0.04656059406463089,0.1474678503844852
38,1.8715558412552658,0.03412731203210221,96.7682601,0.07425912007047619,-0.024817827793457113,-0.00709152806792215,1.7931047636035716e-4,25.49441661335726,NA,NA,NA,NA,NA,NA,NA,NA,NA,NA,NA,NA,NA,NA,NA,NA,NA,0.04637773210424287,0.14923820869985416
39,1.8341975488924047,0.03521145540770893,78.14331539999999,0.11213823099783429,-0.023395230798877887,-0.0075292259051968425,1.7772066001340314e-4,25.187739854928527,NA,NA,NA,NA,NA,NA,NA,NA,NA,NA,NA,NA,NA,NA,NA,NA,NA,0.04598174652759371,0.15130460630295361
40,1.835385924898812,0.035123183045123456,78.1433153999999,0.11125257403051662,-0.023514570265174117,-0.007605835096372617,1.77683996054796e-4,25.232468192141237,NA,NA,NA,NA,NA,NA,NA,NA,NA,NA,NA,NA,NA,NA,NA,NA,NA,0.04590512900749426,0.15119629514540098
41,1.8344254833762996,0.03464882371922732,70.61732239999996,0.0899087919630169,-0.022984437337440444,-0.007743777891828563,1.5704120271601413e-4,25.531017220541262,NA,NA,NA,NA,NA,NA,NA,NA,NA,NA,NA,NA,NA,NA,NA,NA,NA,0.04530826736129853,0.15079067335558363
42,1.8856300383499678,0.03231570602737429,97.50713060000001,0.0010684289786184603,-0.02599827468420725,-0.0074418343668580305,1.3814018616318974e-4,26.3771930364504,NA,NA,NA,NA,NA,NA,NA,NA,NA,NA,NA,NA,NA,NA,NA,NA,NA,0.045059136441362044,0.14841500210819547
43,1.8701699388690378,0.030703804035248677,45.107256000000014,-0.10717022926116954,-0.026152766428408473,-0.007521995362061582,8.672267775746572e-5,27.332180907347528,NA,NA,NA,NA,NA,NA,NA,NA,NA,NA,NA,NA,NA,NA,NA,NA,NA,0.04313721377196143,0.14825657172227666
44,1.8119183741949438,0.02868235464379074,17.427970800000026,-0.30286559373808425,-0.026833082881347732,-0.006525685908110529,2.850823973593748e-5,28.21366927567034,NA,NA,NA,NA,NA,NA,NA,NA,NA,NA,NA,NA,NA,NA,NA,NA,NA,0.04136437494103444,0.15434805766360868
45,1.8168389581113202,0.025233397479531065,14.926551400000012,-0.46165242430791137,-0.03185482979554842,-0.006029228207815924,-1.1122660767539302e-5,30.24755364970894,NA,NA,NA,NA,NA,NA,NA,NA,NA,NA,NA,NA,NA,NA,NA,NA,NA,0.038553073407923424,0.14598381681325726
46,1.8160193166499081,0.02403676898404931,14.287592999999923,-0.4737980803488533,-0.032277188811070466,-0.00526632572732132,-1.6395942643365825e-5,30.85485663811602,NA,NA,NA,NA,NA,NA,NA,NA,NA,NA,NA,NA,NA,NA,NA,NA,NA,0.037825334883690685,0.14196087667532017
47,1.7979441491038286,0.024692435610141,17.16366200000003,-0.49439867979444824,-0.031989325206585914,-0.005809192402443556,-1.5917649684040497e-5,30.31510893219786,NA,NA,NA,NA,NA,NA,NA,NA,NA,NA,NA,NA,NA,NA,NA,NA,NA,0.03854493498819289,0.15137051851398936
48,1.807581319690937,0.024384363345507653,14.92655140000007,-0.482756347986965,-0.031218959870021976,-0.0055435128679858165,2.9417630930442467e-6,30.438268459338335,NA,NA,NA,NA,NA,NA,NA,NA,NA,NA,NA,NA,NA,NA,NA,NA,NA,0.03844742804729878,0.14659188422110175
49,1.8025963507456548,0.02363701930304186,21.141195900000035,-0.5030045341681187,-0.031532991193663075,-0.004883242770880755,-1.2631841107107987e-5,30.811913587758024,NA,NA,NA,NA,NA,NA,NA,NA,NA,NA,NA,NA,NA,NA,NA,NA,NA,0.038134291341500766,0.14604520628493897
50,1.9184703272242405,0.029570343205184504,73.73904679999993,-0.1968055003860878,-0.027693732887373194,-0.005642542064151326,9.53831268457392e-5,27.499524140673604,NA,NA,NA,NA,NA,NA,NA,NA,NA,NA,NA,NA,NA,NA,NA,NA,NA,0.04480862089902138,0.15221799346153042
51,1.9438516394231704,0.0316439965877444,117.73261299999993,-0.0165890481293498,-0.02686321452929843,-0.006473507306757426,1.555543467794896e-4,26.522405102949307,NA,NA,NA,NA,NA,NA,NA,NA,NA,NA,NA,NA,NA,NA,NA,NA,NA,0.04640168573900989,0.14799645929937058
52,1.7877985266613672,0.024665716674279987,14.92655140000007,-0.5194111725877092,-0.028143325117848658,-0.005191593906838619,7.2843763993020635e-6,29.92270760241136,NA,NA,NA,NA,NA,NA,NA,NA,NA,NA,NA,NA,NA,NA,NA,NA,NA,0.03954591813818255,0.16176345657615004
53,1.8081916936426519,0.025678311345922435,15.878384199999928,-0.4420258412457973,-0.024121276760771526,-0.004644479441645328,7.298994373696113e-5,29.1401516300191,NA,NA,NA,NA,NA,NA,NA,NA,NA,NA,NA,NA,NA,NA,NA,NA,NA,0.04074541972398444,0.15038175702227882
54,1.8132143150023732,0.02358644900603695,14.879763599999974,-0.5077766829481172,-0.0316670957937582,-0.005596383765886037,-1.0783499411660135e-5,30.84317211451466,G00054,120.98937091931751,53.16563738427216,1809.4088717185311,-1.623966510806765,348,13.590983595166888,25.652428218296595,596.2142857142857,51.97363025379545,25716.791666666668,45576.82638888889,89168.90972222222,277.0160108586014,0.0014823821340478863,0.034395806502868456,4.8325062066385355e-4,0.038353450888842046,0.15162587047051201
55,1.8035024382305398,0.023669607788553603,14.879763599999974,-0.5193425002289462,-0.03137829428454936,-0.00562729815262476,-1.2528267845793448e-5,30.741264820907848,G00055,121.7667216778852,53.22062862484775,4638.8653776577585,-2.7025031805038453,391.55,13.553676986694336,24.235887241363525,691.1,70.53920149369725,29134.695804195806,51501.793706293705,181443.7902097902,467.2126505178077,0.02360097958811307,0.1991356549312342,0.005322933434708624,0.038433340727459846,0.15570934403261089
56,1.7943204714540961,0.024602410337977703,14.037937600000056,-0.4915644224555715,-0.029473925434197308,-0.005886355143832965,1.8323533845674258e-5,29.915417595576837,G00056,122.6259880512578,53.26185729168209,6302.303486006403,-3.6829461753368378,447.4166666666667,14.1509637037913,22.82476043701172,826.6666666666666,63.364142010711575,26023.00699300699,47410.381118881116,123878.6958041958,662.9672996830706,0.5189446592477265,0.13443953313946813,9.387412733643082e-4,0.03950298309432231,0.16098884236311622
57,1.7681995382277027,0.024688053787949547,11.191710200000049,-0.4918518016206797,-0.029148463433744803,-0.006255310113324926,1.5848418978212145e-5,29.675065762161204,G00057,123.50381425901432,53.28723680119337,7211.3504475356285,-3.938072347640991,501.4,14.843226051330566,22.42281255722046,936.5,51.20598238076238,25104.941391941393,45278.91575091575,75632.91941391942,527.8115715422773,0.8798473698490601,0.0047449946284881485,9.649221719170162e-4,0.03958598903561891,0.17124158470200715
58,1.7299921957218194,0.02544629512945283,22.93436910000011,-0.4330386158381065,-0.029871992547087025,-0.007150719871877472,3.621404454684373e-6,28.838874374172153,G00058,124.23438403439616,53.19309041485297,2468.840962262037,-2.71704061627388,511.1,14.829668712615966,23.31403751373291,780.85,113.36446811756737,25633.20979020979,46368.15034965035,92894.98251748252,527.8405020691605,0.9091612485794147,0.003967912787273005,2.3991602444590332e-4,0.040591945954390314,0.19211746199978086
59,1.7375630671537112,0.024457575414624955,24.981125300000066,-0.4680815826240676,-0.03305982723395632,-0.007720940142572167,-1.232925498275339e-5,29.397876286227856,G00059,125.06753003390813,53.12206915667042,487.39995397842347,-1.532501722375552,514.7083333333334,14.945319533348083,24.416229168574016,563,85.15714374281691,25682.197802197803,46537.520146520146,99407.94871794872,646.3052417246661,0.8414247450313624,0.03665264359482627,3.8207192845574983e-4,0.03992211311521788,0.1918831317008003
60,1.7326554748531342,0.02281250391288505,32.53938420000004,-0.5165718010388124,-0.03599272429801016,-0.007699751557484706,-3.304697501345543e-5,29.89428860749903,NA,NA,NA,NA,NA,NA,NA,NA,NA,NA,NA,NA,NA,NA,NA,NA,NA,0.03957160930109284,0.19431656597641542
61,1.7297706044258745,0.022509602856179565,22.973289700000013,-0.5422574926472478,-0.03514239861973416,-0.00738711696347915,-3.53892517846929e-5,30.26571527627652,NA,NA,NA,NA,NA,NA,NA,NA,NA,NA,NA,NA,NA,NA,NA,NA,NA,0.038881641330659515,0.1914870190475283
62,1.7718618944805204,0.023278522882350605,19.664411600000022,-0.48804972942275754,-0.031058860777735262,-0.006148885858571464,5.0744357547403334e-5,29.473094592415265,NA,NA,NA,NA,NA,NA,NA,NA,NA,NA,NA,NA,NA,NA,NA,NA,NA,0.04048556715917481,0.17364365685539182
63,1.7721735300865358,0.022540269412666417,29.366100000000117,-0.47705635062274593,-0.023892920627346836,-0.00391018303157525,1.1318813317659215e-4,30.122458077475894,NA,NA,NA,NA,NA,NA,NA,NA,NA,NA,NA,NA,NA,NA,NA,NA,NA,0.038939098113614304,0.14308700375008238
64,1.588220172038206,0.016958200677390185,24.76767710000019,-0.5706496480904382,-0.03300458237528982,-0.005767795376691746,-1.1219607862553224e-4,33.53628624576987,NA,NA,NA,NA,NA,NA,NA,NA,NA,NA,NA,NA,NA,NA,NA,NA,NA,0.03304498347449415,0.17967277722504477
65,1.835989520474625,0.03749389757437092,69.01558740000002,0.18305571534898243,-0.02107518391431847,-0.006823947144104788,2.1898542749747857e-4,24.423363896737538,NA,NA,NA,NA,NA,NA,NA,NA,NA,NA,NA,NA,NA,NA,NA,NA,NA,0.04781998838272604,0.15858582449589373
66,1.7847488258497588,0.03779252015076413,64.3348178,0.19062774251735795,-0.01835260698128802,-0.007207383046827325,1.7849926151798553e-4,24.46224941712228,NA,NA,NA,NA,NA,NA,NA,NA,NA,NA,NA,NA,NA,NA,NA,NA,NA,0.04637286885506038,0.15883352666769815
67,1.8265298510301895,0.037059476072573504,63.52179180000003,0.16954135863487813,-0.019860956313281327,-0.0071518968144853225,1.885856460878817e-4,24.72372204722808,NA,NA,NA,NA,NA,NA,NA,NA,NA,NA,NA,NA,NA,NA,NA,NA,NA,0.046926068318511975,0.15769829126987212
68,1.7928287775616971,0.03674449331846984,50.356581400000024,0.15884305445162697,-0.01592881759397602,-0.00703296260753164,1.5661370207445375e-4,24.933223602849203,NA,NA,NA,NA,NA,NA,NA,NA,NA,NA,NA,NA,NA,NA,NA,NA,NA,0.04567669060109586,0.1565764349820114
69,1.7874745239425183,0.02120000123976977,23.12776530000012,-0.5266443305518359,-0.03264151743183714,-0.006117695456786254,1.3547682744664816e-5,30.85092903002924,NA,NA,NA,NA,NA,NA,NA,NA,NA,NA,NA,NA,NA,NA,NA,NA,NA,0.03906843522054014,0.17040103737413034
70,1.6880625663941438,0.01824442626061293,29.418640800000144,-0.5574215518677216,-0.03492730161797139,-0.006576448030264619,-7.934336454962691e-5,32.68394151919308,NA,NA,NA,NA,NA,NA,NA,NA,NA,NA,NA,NA,NA,NA,NA,NA,NA,0.03546252573191015,0.17774048683041224
71,1.6762238502981517,0.01799664711619795,21.86906020000019,-0.561648400353914,-0.03269877314276681,-0.006045186851565461,-3.460050162993608e-5,32.58661795711728,NA,NA,NA,NA,NA,NA,NA,NA,NA,NA,NA,NA,NA,NA,NA,NA,NA,0.035343342698827766,0.17407617501394027
72,1.9396294315768934,0.023802771088094338,20.306931100000156,-0.35881156505924033,-0.03356899937469083,-0.00620950630103909,6.643978842612377e-6,30.96534049341153,NA,NA,NA,NA,NA,NA,NA,NA,NA,NA,NA,NA,NA,NA,NA,NA,NA,0.039688291121210764,0.14144074911644375
73,1.914015449924888,0.02783192975406656,18.563301999999993,-0.29723407931324963,-0.027387226052937492,-0.006917823139421867,3.174306191779258e-5,29.165569544708852,NA,NA,NA,NA,NA,NA,NA,NA,NA,NA,NA,NA,NA,NA,NA,NA,NA,0.04163829393468392,0.14916745809429335
74,1.6734142316149625,0.03220738661289894,52.29722619999991,-0.04448003995365358,-0.0035545539331440323,-0.004961766326503768,2.4283918207645518e-5,26.988257660290376,NA,NA,NA,NA,NA,NA,NA,NA,NA,NA,NA,NA,NA,NA,NA,NA,NA,0.039746101975547836,0.15395865007666423
75,1.9383344576165504,0.028485586114927117,52.9954257999999,-0.28573135749645096,-0.027571433372402896,-0.00508493704365702,6.784945970146839e-5,28.27674756808377,NA,NA,NA,NA,NA,NA,NA,NA,NA,NA,NA,NA,NA,NA,NA,NA,NA,0.04425170031717441,0.15225670242463243
76,1.9330860452600924,0.028373941086698815,51.44099909999993,-0.3059537557810814,-0.02748853869442478,-0.004849736448763536,6.295254826639203e-5,28.341795669484345,NA,NA,NA,NA,NA,NA,NA,NA,NA,NA,NA,NA,NA,NA,NA,NA,NA,0.04415127301958637,0.15233170108423463
77,1.9355635156030508,0.034286000048146664,92.09349319999998,0.08954493282758624,-0.0237294265132201,-0.006121500660234169,2.1616649274952424e-4,25.457863448440634,NA,NA,NA,NA,NA,NA,NA,NA,NA,NA,NA,NA,NA,NA,NA,NA,NA,0.0482756567704892,0.1512291353904508
78,1.8644611341498456,0.037104607763620005,95.8743696,0.17559348059899976,-0.023875606884353338,-0.006145590475520053,2.764477364918303e-4,24.21334489708637,NA,NA,NA,NA,NA,NA,NA,NA,NA,NA,NA,NA,NA,NA,NA,NA,NA,0.04895954948506097,0.15523844106647292
79,1.8709398557628762,0.036902113095844694,95.8743696,0.17135216803198344,-0.02388609906985919,-0.0061830959854292005,2.716637042186526e-4,24.311337196164253,NA,NA,NA,NA,NA,NA,NA,NA,NA,NA,NA,NA,NA,NA,NA,NA,NA,0.04891868187024177,0.15492218659620352
80,1.884360634686237,0.036478934713813964,95.87436960000001,0.16086401527674488,-0.023845599947326584,-0.00622438549022716,2.6097156763942465e-4,24.514997659559672,NA,NA,NA,NA,NA,NA,NA,NA,NA,NA,NA,NA,NA,NA,NA,NA,NA,0.04883991269242974,0.15420839652661852
81,1.8604606141200692,0.03722228168070792,95.8743696,0.17791344078009053,-0.023780376315865583,-0.006172031718815261,2.7656526206510014e-4,24.17731488405877,NA,NA,NA,NA,NA,NA,NA,NA,NA,NA,NA,NA,NA,NA,NA,NA,NA,0.04892937386642038,0.1555541907976663
82,1.8636898547913243,0.03712547408954377,95.87436960000001,0.1759552748231356,-0.02375379315643518,-0.006217988146029326,2.724423418267553e-4,24.237418056374906,NA,NA,NA,NA,NA,NA,NA,NA,NA,NA,NA,NA,NA,NA,NA,NA,NA,0.048886590272971056,0.15550052710149864
83,1.9568951579143155,0.033806762455628615,103.40809519999996,0.07249551792372852,-0.02412495300622958,-0.0061944864246175225,2.0086041727700543e-4,25.75984859878727,NA,NA,NA,NA,NA,NA,NA,NA,NA,NA,NA,NA,NA,NA,NA,NA,NA,0.0482317336118509,0.15134318261610685
84,1.792699609310517,0.03724332096364855,51.36221379999994,0.17402781229897876,-0.017249374107993237,-0.007256415265099913,1.6207422628438214e-4,24.77729476523712,NA,NA,NA,NA,NA,NA,NA,NA,NA,NA,NA,NA,NA,NA,NA,NA,NA,0.04595103446426222,0.1576991603146708
85,1.62475401731468,0.03831482757942891,48.12494519999994,0.21500197782659733,-0.00988341757107783,-0.006801532419110502,1.1489737303591021e-4,24.200122772847898,NA,NA,NA,NA,NA,NA,NA,NA,NA,NA,NA,NA,NA,NA,NA,NA,NA,0.042734170349278844,0.15561035389804037
86,2.0058476219357075,0.03175181964457831,127.79569109999986,0.03089351830794187,-0.02635262531506631,-0.006696243608703073,1.7795848862507625e-4,26.675328168511037,NA,NA,NA,NA,NA,NA,NA,NA,NA,NA,NA,NA,NA,NA,NA,NA,NA,0.047626299716804696,0.15135812013348085
87,1.9599186463959846,0.03050809105788727,47.76043229999986,-0.09205434416311874,-0.023834009638578894,-0.007344995539830971,9.728862091984357e-5,27.752390434189763,NA,NA,NA,NA,NA,NA,NA,NA,NA,NA,NA,NA,NA,NA,NA,NA,NA,0.04474891151804041,0.1534149077182093
88,1.8985089211699697,0.030885789634643553,54.36273329999987,-0.09971204839512746,-0.015625031670772633,-0.00532156446471098,1.4881936641344888e-4,27.046787532146173,NA,NA,NA,NA,NA,NA,NA,NA,NA,NA,NA,NA,NA,NA,NA,NA,NA,0.04510501776692182,0.15407205419584638
89,1.98905781470839,0.02633710439684534,23.003242300000075,-0.28960259048118225,-0.030319592358108605,-0.006197816269196578,5.7245676698960144e-5,29.43576928080188,NA,NA,NA,NA,NA,NA,NA,NA,NA,NA,NA,NA,NA,NA,NA,NA,NA,0.04315916597509318,0.1501338881827209
90,1.8739077854032071,0.0366343449870716,67.64593600000002,0.16144064684751402,-0.02085435429189303,-0.006937354608758934,2.0545298097267027e-4,24.90988225628278,NA,NA,NA,NA,NA,NA,NA,NA,NA,NA,NA,NA,NA,NA,NA,NA,NA,0.04782073772137551,0.15806225836140994
91,1.735363553920615,0.03673685217358587,51.40900159999988,0.16178745835943853,-0.010889018097031813,-0.007075428969425491,1.1242652312295364e-4,25.251934812062945,NA,NA,NA,NA,NA,NA,NA,NA,NA,NA,NA,NA,NA,NA,NA,NA,NA,0.04371977797349963,0.1557206461995591
92,1.8877481094860968,0.034146464644667314,69.00610820000001,0.06870654961611732,-0.01845628638838768,-0.007565093699093241,1.2764878913746732e-4,26.33030780605199,NA,NA,NA,NA,NA,NA,NA,NA,NA,NA,NA,NA,NA,NA,NA,NA,NA,0.04541397692413736,0.15531591836101016
93,1.9201500783673904,0.03416480711503622,70.66411019999995,0.07280303258568545,-0.02034665772264751,-0.007179739803627686,1.495926830626875e-4,26.12089463328368,NA,NA,NA,NA,NA,NA,NA,NA,NA,NA,NA,NA,NA,NA,NA,NA,NA,0.04664939130758652,0.15585838830126025
94,1.8646934386712473,0.03679628930701673,63.52179180000003,0.1696338601687384,-0.019977152140243957,-0.007119136734049213,1.970912222409733e-4,24.94806758959235,NA,NA,NA,NA,NA,NA,NA,NA,NA,NA,NA,NA,NA,NA,NA,NA,NA,0.047533576611171094,0.1594621504789543
95,1.8571220264725796,0.037448297822658315,71.68564110000001,0.18850158282378068,-0.020679766564861864,-0.006783269261226212,2.226632153567617e-4,24.547856343338374,NA,NA,NA,NA,NA,NA,NA,NA,NA,NA,NA,NA,NA,NA,NA,NA,NA,0.04819702551791682,0.16060190672662744
96,1.9127132365829476,0.03650842355364332,95.87436960000001,0.16477600520336413,-0.02283373542824254,-0.005905212107243309,2.622118147455636e-4,24.631005122994104,NA,NA,NA,NA,NA,NA,NA,NA,NA,NA,NA,NA,NA,NA,NA,NA,NA,0.04948789860206168,0.15636533089133686
97,1.8766852288900604,0.036591088807063285,63.52179180000003,0.16093165287492245,-0.02006556537093524,-0.006923146885564931,1.9651786152275545e-4,24.993667806068437,NA,NA,NA,NA,NA,NA,NA,NA,NA,NA,NA,NA,NA,NA,NA,NA,NA,0.04777850824986532,0.15896323921889946
98,1.8787275623590431,0.0226556630966999,26.449053200000126,-0.5338769195038888,-0.03050597723697889,-0.005239144235446887,-4.207004691289901e-5,31.887998149879742,NA,NA,NA,NA,NA,NA,NA,NA,NA,NA,NA,NA,NA,NA,NA,NA,NA,0.03832907057283724,0.14969088126396302
99,1.8276654033556439,0.021253579617271732,23.942674200000145,-0.5821174589244785,-0.029724552692974728,-0.004629539311922137,-6.635473772306266e-5,32.54083309007498,NA,NA,NA,NA,NA,NA,NA,NA,NA,NA,NA,NA,NA,NA,NA,NA,NA,0.03709834319256377,0.1572715574001455
100,1.7679957938997015,0.024644280912092382,23.268011600000083,-0.5521916154236132,-0.02424344009038606,-0.006093546087757326,-3.6392181240623326e-5,31.02207689677021,NA,NA,NA,NA,NA,NA,NA,NA,NA,NA,NA,NA,NA,NA,NA,NA,NA,0.03762096992754401,0.17780485011185984
101,1.9313286364614837,0.028479429522675154,45.41005669999993,-0.2270638470269438,-0.023711215222432976,-0.0066566720743737855,7.511053570348994e-5,28.527237072672587,NA,NA,NA,NA,NA,NA,NA,NA,NA,NA,NA,NA,NA,NA,NA,NA,NA,0.043374096175657205,0.15530821381752447
102,1.9874393998784212,0.02764433362112761,53.01881969999996,-0.2663605363400641,-0.028655007962923522,-0.005735379442079265,6.579493018005909e-5,28.785023026500948,NA,NA,NA,NA,NA,NA,NA,NA,NA,NA,NA,NA,NA,NA,NA,NA,NA,0.04430112732835823,0.15233784935735084
103,1.899792702632905,0.023944145815859564,36.63471349999997,-0.3851858517778218,-0.021291582581591497,-0.0040087185855700366,1.4985943512204868e-4,28.790957292047246,NA,NA,NA,NA,NA,NA,NA,NA,NA,NA,NA,NA,NA,NA,NA,NA,NA,0.04431698026945542,0.15946985369069558
104,1.9003264388799768,0.019818994420526134,29.650685500000137,-0.4571481138717023,-0.024336437850068046,-0.002215162203392407,-1.598993765095978e-5,33.600497506133365,NA,NA,NA,NA,NA,NA,NA,NA,NA,NA,NA,NA,NA,NA,NA,NA,NA,0.03679468488679178,0.12716375090551615
105,1.8609308470903636,0.01843466345698052,25.318188400000157,-0.4841037162442173,-0.02829810972761145,-0.0037279317650174017,-8.13028466399875e-5,34.957717107518626,NA,NA,NA,NA,NA,NA,NA,NA,NA,NA,NA,NA,NA,NA,NA,NA,NA,0.03452974210547848,0.12680320373806697
106,1.8961478914817371,0.02502044120753259,28.767944300000092,-0.31686339928105756,-0.011729863223100377,-0.002061148924253405,2.3370670487695802e-4,28.349832357562978,NA,NA,NA,NA,NA,NA,NA,NA,NA,NA,NA,NA,NA,NA,NA,NA,NA,0.044178080422995314,0.1422184543656177
107,1.8546461779167838,0.022159003012147394,23.23580480000001,-0.47536644383417526,-0.02710293475292648,-0.005141304528092135,8.395558427920114e-5,29.446723097341497,NA,NA,NA,NA,NA,NA,NA,NA,NA,NA,NA,NA,NA,NA,NA,NA,NA,0.04302761978421987,0.1729115017754352
108,1.9564846905120816,0.02973692047899555,43.931481700000006,-0.20028335526061208,-0.02038540283353425,-0.006183345572973223,4.848285852510459e-5,28.33554214089489,NA,NA,NA,NA,NA,NA,NA,NA,NA,NA,NA,NA,NA,NA,NA,NA,NA,0.04416882676939905,0.15460525729954705
109,1.9133528198782648,0.029224946496600387,23.86226929999989,-0.2645172441871469,-0.01847405470283601,-0.005619822832811017,1.3767539672421926e-5,28.572111069682954,NA,NA,NA,NA,NA,NA,NA,NA,NA,NA,NA,NA,NA,NA,NA,NA,NA,0.04320046472697818,0.15567265421440793
110,1.8623456657635216,0.0340621621122122,42.639520199999964,0.0485031475897434,-0.012235033599157142,-0.006149744546978024,9.113087809628795e-5,26.231232567814494,NA,NA,NA,NA,NA,NA,NA,NA,NA,NA,NA,NA,NA,NA,NA,NA,NA,0.04551875147023575,0.15830778247264524
111,1.952824490903147,0.034605995025133146,83.52990709999992,0.10116969626058667,-0.019221614034751252,-0.0057701815547389936,1.9029073841522574e-4,25.605771824459605,NA,NA,NA,NA,NA,NA,NA,NA,NA,NA,NA,NA,NA,NA,NA,NA,NA,0.04895127035451911,0.16092011755251934
112,1.9808712793156802,0.03554153811648615,115.42092649999998,0.14350927890835052,-0.021612785823230868,-0.005453876988932367,2.512530090173856e-4,25.186533904576837,NA,NA,NA,NA,NA,NA,NA,NA,NA,NA,NA,NA,NA,NA,NA,NA,NA,0.05025296073592754,0.15692150433295293
113,1.9859639452774647,0.023777589643905122,26.29669200000023,-0.40646285555115313,-0.031010516735032363,-0.005361751750996347,1.1376869688491898e-5,30.964301428286117,NA,NA,NA,NA,NA,NA,NA,NA,NA,NA,NA,NA,NA,NA,NA,NA,NA,0.041375325210124915,0.14792040416101346
114,1.921832613396132,0.02154939255283366,31.783475300000102,-0.49181922994703625,-0.030543255853624,-0.004243180771724684,-4.659961362856837e-5,32.37355115336722,NA,NA,NA,NA,NA,NA,NA,NA,NA,NA,NA,NA,NA,NA,NA,NA,NA,0.03889553326299887,0.1444141353850089
115,1.9634785077264587,0.022790733540100173,28.91601380000012,-0.4325884727491762,-0.0317805952274393,-0.00568448850140338,8.407428237374703e-7,31.45760637337444,NA,NA,NA,NA,NA,NA,NA,NA,NA,NA,NA,NA,NA,NA,NA,NA,NA,0.04038478460292413,0.14806804681851793
116,1.9882624345948687,0.023076988606301876,28.36578320000018,-0.3507197418221822,-0.03361843657694683,-0.006756838271491302,2.7340229092591393e-5,30.880576193373642,NA,NA,NA,NA,NA,NA,NA,NA,NA,NA,NA,NA,NA,NA,NA,NA,NA,0.04145095776494044,0.15038155418690663
117,1.9523879876800254,0.023168232332719203,24.70212530000018,-0.40382451372022726,-0.031806516680643236,-0.006991856535285986,2.8006495139888857e-5,31.08875440068312,NA,NA,NA,NA,NA,NA,NA,NA,NA,NA,NA,NA,NA,NA,NA,NA,NA,0.040517104113694045,0.1515671940121118
118,1.8890711132455642,0.023084540954171378,24.655337500000226,-0.47896580522797955,-0.03159877421130976,-0.007053751874517529,-6.921671179623271e-7,30.932918417401044,NA,NA,NA,NA,NA,NA,NA,NA,NA,NA,NA,NA,NA,NA,NA,NA,NA,0.04029849969805471,0.1659089060465086
119,1.8870209954649568,0.027069988877669215,47.81844799999994,-0.23496999829524456,-0.018422362823980805,-0.004934218135493638,1.5037621356233792e-4,27.793433187692205,NA,NA,NA,NA,NA,NA,NA,NA,NA,NA,NA,NA,NA,NA,NA,NA,NA,0.04509024863270001,0.16689104307101565
120,1.8222790526014947,0.027241033257949344,71.55104149999987,-0.1855262114178484,-0.015168454852136656,-0.002930608939973549,1.727518552851045e-4,26.07440589273751,NA,NA,NA,NA,NA,NA,NA,NA,NA,NA,NA,NA,NA,NA,NA,NA,NA,0.048218928728379545,0.18312331856023192
121,1.8320225394993122,0.0258737287296459,60.9094133999999,-0.26961433421566167,-0.020847561740905497,-0.0041147104009572055,1.30385758374746e-4,26.804679573678552,NA,NA,NA,NA,NA,NA,NA,NA,NA,NA,NA,NA,NA,NA,NA,NA,NA,0.04728202905368868,0.185916319621265
122,1.8429058966141487,0.024920496086445768,57.15535490000004,-0.30553008471959897,-0.02326719358343827,-0.0047811959925108975,1.284414467983633e-4,27.349849730133215,NA,NA,NA,NA,NA,NA,NA,NA,NA,NA,NA,NA,NA,NA,NA,NA,NA,0.04641865531524013,0.18395482197175647
123,1.8688814361810395,0.02208477862912086,24.364251099999965,-0.4858870944647152,-0.026885238678664606,-0.004788669509557628,7.735775450271726e-5,29.928788737624483,NA,NA,NA,NA,NA,NA,NA,NA,NA,NA,NA,NA,NA,NA,NA,NA,NA,0.04232345012350239,0.16502211035940217
124,1.8398869376748186,0.02001356312193814,32.196992400000205,-0.5387738327653351,-0.026618034800563423,-0.0033494834799460017,-1.7999770086422142e-6,32.42938388744024,NA,NA,NA,NA,NA,NA,NA,NA,NA,NA,NA,NA,NA,NA,NA,NA,NA,0.038147182846553385,0.14939560803614516
125,1.874778659098942,0.021966301911816734,28.15953250000017,-0.47769136037014737,-0.025443119860453826,-0.004665256787361897,8.894247544848315e-5,30.53138319182742,G00125,120.20114562916565,52.68639014030757,1835.4832714958632,1.42503821849823,600.3333333333334,11.193923632303873,26.380666732788086,77.66666666666667,45.45693933090231,29112,49710.5,226074.5,658.5315403864934,0.6904061228340986,0.10920408301929141,4.775510300235937e-4,0.04102046160031285,0.15467938368799197
126,1.8845073142450668,0.02261594509909869,20.772686199999917,-0.43393702086005964,-0.028748127847373618,-0.005879386909055622,8.361410592957042e-5,29.70948754307073,G00126,120.84463655325459,52.814013952798824,9452.717610510426,1.4672369360923767,634,10.554182291030884,26.801812648773193,48,6.164414002968976,29342.725,51476.3625,292401.7625,527.8171042718327,0.21609647620257982,0.6614999046045393,0.005709095227004062,0.04266777438470533,0.16699802046325884
127,1.7951675423252058,0.027044289072814292,67.78416599999994,-0.1569678402811492,0.001217049341425943,-4.907559983460223e-4,3.351186124965369e-4,26.536690338020467,G00127,121.72172099819515,52.82123800100551,10000,1.6406822800636292,671.125,10.770744562149048,26.92187523841858,48.375,7.539183358579741,29829.196428571428,52648.67857142857,248389.90476190476,510.6490234280242,0.12531497839938685,0.7193474076400311,0.007517450811584505,0.04453551307222629,0.13670741670811812
128,1.8004044112449282,0.03564191841606311,43.8830085999999,0.13405163823015331,-0.007711415602035478,-0.006339278703977281,1.0291623341366679e-4,25.82891066043994,G00128,122.62003628231469,52.82123800100551,10000,1.515458305676778,703,10.143527348836264,26.001415888468426,88,90.93404203047393,32045.444444444445,52997.22222222222,317968,479.3039178421248,0.16820696564496956,0.24998407961716135,0.004370149238245326,0.04466120434063212,0.1591494357574244
129,2.0207983552508773,0.032951874020476744,86.10285639999996,0.05830665999001179,-0.021449534432748184,-0.006955773151051971,1.6141361259593005e-4,26.756822186251032,G00129,123.51835156643419,52.82123800100551,10000,4.796999979019165,267.1333333333333,11.313011042277019,29.22423324584961,681.9333333333333,217.950343842244,22802.352697095437,37503.29045643153,180034.29045643154,117.1880886482684,8.705539365169454e-4,0.038604801903819146,0.002645738308909749,0.0480786080169426,0.15836708075677636
130,2.0603935025746565,0.0302473643248934,82.75004159999986,-0.06535787411896608,-0.024027582491602046,-0.0067570672200854024,1.1852379389087226e-4,27.891764786785032,G00130,124.41644529384645,52.82108709522525,9994.36303229091,5.05139023065567,217.625,11.329144994417826,29.414562543233234,661.875,180.89759594143672,22818.812698412698,37055.37777777778,176790.2253968254,100.27018894971629,0.004529509659164534,0.036978683938039304,0.001839521189238604,0.04703345749443436,0.15606062145203323
131,2.058244199560833,0.031099479769705833,95.87486389999992,-0.009351882423216978,-0.02381758044660955,-0.0068840264034457236,1.4282408061064273e-4,27.46981696573836,G00131,125.2814945676942,52.8013530775351,9046.689195036777,4.611992692947387,180.55,11.797364616394043,28.947612476348876,716,299.59182758862886,29320.742946708466,48004.61128526646,362991.3824451411,187.86292623255042,0.00776046423325105,0.13069081693397727,0.0037898148103808174,0.047656759604828985,0.15634909142830639
132,2.0518213170526884,0.02999913626113665,71.43543959999994,-0.09192303019216737,-0.023680062411139874,-0.006691631846941767,1.0532986635279252e-4,28.033650762517773,G00132,125.86986656486808,52.68054715695293,1146.0175312956908,1.6726071760058403,176.20833333333334,12.366634567578634,25.772937297821045,1247.25,530.5361725978565,27329.10476190476,45930.62222222222,257227.46349206349,192.18007125967728,0.04876834087255004,0.045997070038307185,0.0031066210098170933,0.046677579219432976,0.15670022450594978
133,2.057768109157188,0.028917169565506114,65.97516709999998,-0.15348615429806717,-0.025006048370888344,-0.006556961337188016,8.602283886435466e-5,28.530955676822625,NA,NA,NA,NA,NA,NA,NA,NA,NA,NA,NA,NA,NA,NA,NA,NA,NA,0.04605474874294277,0.1561115533477663
134,1.9097674864090393,0.036325335872669375,61.28468119999992,0.16567984748386305,-0.017033402106192478,-0.006963833564214498,1.7734421093911493e-4,25.457382601490444,NA,NA,NA,NA,NA,NA,NA,NA,NA,NA,NA,NA,NA,NA,NA,NA,NA,0.047897746191905684,0.16274500452550664
135,2.0292375681857004,0.03290802422363788,92.0392411,0.027640937454621782,-0.020380943115866836,-0.006015314336491626,1.5383193218811755e-4,26.662867425580682,NA,NA,NA,NA,NA,NA,NA,NA,NA,NA,NA,NA,NA,NA,NA,NA,NA,0.048663765432256124,0.15806181819606724
136,2.011829405802418,0.035219789916319175,114.91873430000007,0.13677399848436153,-0.021464300949588042,-0.005391800352944471,2.4497665126789356e-4,25.43723052358468,NA,NA,NA,NA,NA,NA,NA,NA,NA,NA,NA,NA,NA,NA,NA,NA,NA,0.05055560589503896,0.15705227572504107
137,1.8589155260963872,0.019295969985643126,27.84369370000018,-0.5253412685025691,-0.03203036222816837,-0.006108899291282891,-1.1837159520376094e-5,32.09820705193177,NA,NA,NA,NA,NA,NA,NA,NA,NA,NA,NA,NA,NA,NA,NA,NA,NA,0.039361813793013845,0.1669945738466131
138,1.8579624894966882,0.019234864447318353,27.84369370000018,-0.5260102745319806,-0.03153648740630182,-0.005848695347576758,-8.984579009553716e-6,32.13380408876911,NA,NA,NA,NA,NA,NA,NA,NA,NA,NA,NA,NA,NA,NA,NA,NA,NA,0.03930721910502097,0.16545959289782036
139,1.9459697943084489,0.032316146330864916,63.33796359999997,-0.02763114621738873,-0.014730432553324941,-0.0065137217490896055,8.397007838020525e-5,27.316289966825263,NA,NA,NA,NA,NA,NA,NA,NA,NA,NA,NA,NA,NA,NA,NA,NA,NA,0.04550981978511994,0.15683551808587276
140,2.0281981979082198,0.030248882517961623,52.21572610000001,-0.13190599470671563,-0.021075357066078437,-0.006174324711559599,8.12569113876339e-5,28.06384833291156,NA,NA,NA,NA,NA,NA,NA,NA,NA,NA,NA,NA,NA,NA,NA,NA,NA,0.04621227450943831,0.15652099188608198
141,2.0436539533191267,0.03047972900581667,81.16739689999994,-0.10798870192095537,-0.021855037991088087,-0.006086360183969414,9.709140119584846e-5,27.871866704305333,NA,NA,NA,NA,NA,NA,NA,NA,NA,NA,NA,NA,NA,NA,NA,NA,NA,0.04687597926745811,0.15643606019141867
142,1.8867616038135797,0.03229629270202524,63.33796359999998,-0.042695699688436325,-0.009869496348399256,-0.0056544434246590496,5.4340530512668746e-5,27.192533265258646,NA,NA,NA,NA,NA,NA,NA,NA,NA,NA,NA,NA,NA,NA,NA,NA,NA,0.04465172613928299,0.15696658807623387
143,1.7441667849464728,0.03224074249057904,44.54338729999993,-0.007835704717203964,0.0016512402784002785,-0.0036687512211830736,2.6604458439832098e-5,26.672484449927047,NA,NA,NA,NA,NA,NA,NA,NA,NA,NA,NA,NA,NA,NA,NA,NA,NA,0.04257882177467906,0.16188127169910466
144,1.8476854912539005,0.032893075548551684,53.44938949999992,-0.0026937957786015705,-0.0072970910947714376,-0.005309937641894356,5.1208686019848155e-5,26.752099207441308,NA,NA,NA,NA,NA,NA,NA,NA,NA,NA,NA,NA,NA,NA,NA,NA,NA,0.04464080398379935,0.158786166391447
145,1.8039626186409483,0.03596272744225778,42.87737619999997,0.14505264581668537,-0.00825120647419348,-0.0062013073361352426,1.0453771905344571e-4,25.557653534721567,NA,NA,NA,NA,NA,NA,NA,NA,NA,NA,NA,NA,NA,NA,NA,NA,NA,0.04529002931583087,0.16004838136678384
146,1.9533204730737517,0.03505162878085472,78.14331539999995,0.12079978099145203,-0.017780112771907334,-0.006790745171226453,1.6368015803826518e-4,25.94692407713516,NA,NA,NA,NA,NA,NA,NA,NA,NA,NA,NA,NA,NA,NA,NA,NA,NA,0.04806328582635625,0.1611212057951183
147,2.0258017535407347,0.034048564829168876,116.59138919999997,0.11794163247850878,-0.022782664122468918,-0.0063226772560562635,2.1994891203441205e-4,26.02520728868978,NA,NA,NA,NA,NA,NA,NA,NA,NA,NA,NA,NA,NA,NA,NA,NA,NA,0.04962014207366772,0.15796587361803605
148,2.0613535441192967,0.03188437209483046,114.5090071,0.03888749494163191,-0.024030606255486094,-0.006605348626456863,1.7396489637912935e-4,26.99058186445806,NA,NA,NA,NA,NA,NA,NA,NA,NA,NA,NA,NA,NA,NA,NA,NA,NA,0.048596605956989336,0.1561164496838851
149,2.0632868712658405,0.03029058217978321,101.31928639999985,-0.0488439337025141,-0.02443882808441645,-0.006969840327399135,1.258401120319838e-4,27.86659931454816,NA,NA,NA,NA,NA,NA,NA,NA,NA,NA,NA,NA,NA,NA,NA,NA,NA,0.047072268548335294,0.15578729263790408
150,1.9720151953400953,0.021827360880987363,35.752350800000166,-0.5189524291042873,-0.027274457620967203,-0.00542880296595341,-2.722244569941468e-6,32.174895110835294,NA,NA,NA,NA,NA,NA,NA,NA,NA,NA,NA,NA,NA,NA,NA,NA,NA,0.04031286413495892,0.15468075092910327
151,2.0042812225843587,0.02407120246303394,25.738665100000073,-0.4176906518062098,-0.027366291889514435,-0.00687125745625428,1.6112920039335476e-5,31.17967373763021,NA,NA,NA,NA,NA,NA,NA,NA,NA,NA,NA,NA,NA,NA,NA,NA,NA,0.04168605473010929,0.1568645206185824
152,2.0894998214360405,0.02695206922242266,57.90611529999982,-0.18921011041402777,-0.020803895519106975,-0.004938615167976529,1.581036257686395e-4,28.97949074781649,NA,NA,NA,NA,NA,NA,NA,NA,NA,NA,NA,NA,NA,NA,NA,NA,NA,0.04627430483582847,0.15069834572214247
153,2.0904119475929113,0.02661082869331747,59.93576260000005,-0.21124340985994647,-0.02599385536923781,-0.006575120350898787,9.057102724402908e-5,29.467246585958446,NA,NA,NA,NA,NA,NA,NA,NA,NA,NA,NA,NA,NA,NA,NA,NA,NA,0.045497992384342253,0.1562580480698203
154,2.069804471166223,0.02378368590996902,31.156558000000278,-0.34436965938682973,-0.030783481000368946,-0.006663171937324031,2.953712402053005e-5,30.89331953355106,NA,NA,NA,NA,NA,NA,NA,NA,NA,NA,NA,NA,NA,NA,NA,NA,NA,0.04328190134055331,0.15477343722410739
155,2.0730056111915434,0.0235576330835775,64.99510000000012,-0.30916308258293457,-0.03156483076397295,-0.006774858413281544,4.676105364603156e-5,30.646784713143628,NA,NA,NA,NA,NA,NA,NA,NA,NA,NA,NA,NA,NA,NA,NA,NA,NA,0.04379077229380547,0.15541087491553138
156,2.0722006529055568,0.02296434829549264,74.31666140000006,-0.3033067575013179,-0.03325474757350951,-0.007316281840070414,3.5680517972180654e-5,30.95987395968064,NA,NA,NA,NA,NA,NA,NA,NA,NA,NA,NA,NA,NA,NA,NA,NA,NA,0.04323445927635024,0.15423108310631442
157,1.9543841528600758,0.02192365138471846,52.56846920000006,-0.42066589581732183,-0.03449889933615271,-0.007611643769440317,-9.708432827693299e-6,30.752944288638833,NA,NA,NA,NA,NA,NA,NA,NA,NA,NA,NA,NA,NA,NA,NA,NA,NA,0.04274535144778019,0.1706200464326545
158,1.9738325155531813,0.022696180516419966,52.00331670000015,-0.3811213934593713,-0.034131924164116166,-0.008081181568824423,3.7959646192172206e-6,30.623580504424716,NA,NA,NA,NA,NA,NA,NA,NA,NA,NA,NA,NA,NA,NA,NA,NA,NA,0.04286672097049484,0.16836410837898505
159,2.1346423084816957,0.0271625493187068,77.32170829999983,-0.16640697560434564,-0.027566138206069367,-0.006349379484641948,8.745232623625634e-5,29.274587118758898,NA,NA,NA,NA,NA,NA,NA,NA,NA,NA,NA,NA,NA,NA,NA,NA,NA,0.046553535916018046,0.15406607140966816
160,2.139864984128736,0.02642593486880226,71.10185199999991,-0.1855119083792289,-0.028776720803321252,-0.006089338135146077,8.010088606609479e-5,29.532400797080886,NA,NA,NA,NA,NA,NA,NA,NA,NA,NA,NA,NA,NA,NA,NA,NA,NA,0.04628638754885822,0.15235608800084247
161,2.1293184095248705,0.025376909860078154,66.25661690000008,-0.2549228216453076,-0.029507708351233022,-0.0058601657149113095,5.196310046024316e-5,30.159527203642533,NA,NA,NA,NA,NA,NA,NA,NA,NA,NA,NA,NA,NA,NA,NA,NA,NA,0.04520346050352037,0.15131737318108873
162,2.1026609496202364,0.024776726960995015,34.92589830000012,-0.3315855967054401,-0.02929185461974134,-0.005686845609836298,2.506721324210696e-5,30.642943135338278,NA,NA,NA,NA,NA,NA,NA,NA,NA,NA,NA,NA,NA,NA,NA,NA,NA,0.044133717188550164,0.15197840513166735
163,2.1192860668873705,0.025855904883998984,45.36887270000001,-0.2546128609860272,-0.02863358439555755,-0.006216907166737099,5.394977374865106e-5,30.0251004822725,NA,NA,NA,NA,NA,NA,NA,NA,NA,NA,NA,NA,NA,NA,NA,NA,NA,0.04516497354882015,0.15314472566577095
164,2.068968425026735,0.026063957173913996,18.42257920000017,-0.31612161482409756,-0.026008769743645275,-0.006480469730459688,3.142994593071893e-5,30.26070924384632,NA,NA,NA,NA,NA,NA,NA,NA,NA,NA,NA,NA,NA,NA,NA,NA,NA,0.04384704752651629,0.1548857286469484
165,2.093062202824787,0.024728384072987324,26.296692000000082,-0.34416180536073,-0.02911905032918129,-0.005925453940493232,2.171374358155218e-5,30.725650904773964,NA,NA,NA,NA,NA,NA,NA,NA,NA,NA,NA,NA,NA,NA,NA,NA,NA,0.04381203344988633,0.15268723584976487
166,2.0890871423150554,0.02415369683453198,27.516294000000187,-0.3610476406660573,-0.02974573277920844,-0.00593249588326293,1.4510168112945282e-5,31.031246474385416,NA,NA,NA,NA,NA,NA,NA,NA,NA,NA,NA,NA,NA,NA,NA,NA,NA,0.043307777517233165,0.15166009919342413
167,2.035719589108492,0.02418028188976807,25.072727300000096,-0.43076604576869854,-0.027447731745825616,-0.0061541769780945775,-3.4091294614463285e-6,31.315504171301203,NA,NA,NA,NA,NA,NA,NA,NA,NA,NA,NA,NA,NA,NA,NA,NA,NA,0.041966413032722125,0.15315647807677946
168,2.02913165861438,0.022533556754480173,30.13610520000019,-0.48192273081092274,-0.02884117026147239,-0.005346607112716255,-2.7429007454127943e-5,32.13838851916675,NA,NA,NA,NA,NA,NA,NA,NA,NA,NA,NA,NA,NA,NA,NA,NA,NA,0.04097988238668043,0.14923526480735083
169,2.0075274189984067,0.02073253829366481,30.522082400000215,-0.48649414981556915,-0.029763748868527923,-0.0045603312324321976,-5.167990684346039e-5,33.0733356407202,NA,NA,NA,NA,NA,NA,NA,NA,NA,NA,NA,NA,NA,NA,NA,NA,NA,0.039658768880111356,0.14412527091170946
170,1.9866528238230703,0.022108636045606356,33.54603000000026,-0.5146873411958158,-0.029164334456992635,-0.005993295623934994,-2.9916676597527767e-5,32.33722781446996,NA,NA,NA,NA,NA,NA,NA,NA,NA,NA,NA,NA,NA,NA,NA,NA,NA,0.04013570068195546,0.1546033726571379
171,1.9036145088816654,0.02068966005968708,35.7523508000001,-0.5986400924828312,-0.027489098198690616,-0.005836019150098138,-4.254632028709188e-5,33.401289082149404,NA,NA,NA,NA,NA,NA,NA,NA,NA,NA,NA,NA,NA,NA,NA,NA,NA,0.03763782973656301,0.16413234520598852
172,1.9978889836796099,0.022545642711194927,28.52943990000024,-0.45485294832076606,-0.028996430222874587,-0.0061066420793121955,1.6682232042117072e-5,31.455159377605685,NA,NA,NA,NA,NA,NA,NA,NA,NA,NA,NA,NA,NA,NA,NA,NA,NA,0.04170666854592195,0.15633485453577559
173,2.063529332208972,0.0234449420533541,31.156558000000278,-0.3375041502957436,-0.031003959586430593,-0.006823062164339102,3.9117310980638666e-5,30.907942130680958,NA,NA,NA,NA,NA,NA,NA,NA,NA,NA,NA,NA,NA,NA,NA,NA,NA,0.04317666691378594,0.15476847228364385
174,2.0162656061091244,0.023277289806248578,47.12964869999998,-0.3250597009009649,-0.032958261808343395,-0.007393807531746888,4.1060566544822676e-5,30.162547071155068,NA,NA,NA,NA,NA,NA,NA,NA,NA,NA,NA,NA,NA,NA,NA,NA,NA,0.044147296250022526,0.16463021940088868
175,1.901756987016514,0.02342123149762351,41.094776499999995,-0.4019518742475396,-0.03164202547906049,-0.008071634578484815,-1.1978759080773833e-5,30.00802090003153,NA,NA,NA,NA,NA,NA,NA,NA,NA,NA,NA,NA,NA,NA,NA,NA,NA,0.04299155170901946,0.1863114565274963
176,1.9463306503120719,0.019509532190033946,31.087308900000096,-0.43159845281627424,-0.027542027044262632,-0.006259722886041356,8.67681429444225e-5,31.03063588231497,NA,NA,NA,NA,NA,NA,NA,NA,NA,NA,NA,NA,NA,NA,NA,NA,NA,0.04271725096772948,0.16502906703171688
177,1.9747930586121158,0.020718818570765612,40.42308249999998,-0.37211870163248306,-0.023839970540869365,-0.005456158551873117,1.3802629403811875e-4,30.371399227184497,NA,NA,NA,NA,NA,NA,NA,NA,NA,NA,NA,NA,NA,NA,NA,NA,NA,0.043834059966642136,0.1593918515350083
178,2.1072401099700584,0.03341098483134082,114.66763820000003,0.09974153523573663,-0.020230833652245313,-0.005737105810529388,2.0107624827516785e-4,26.6016092753552,NA,NA,NA,NA,NA,NA,NA,NA,NA,NA,NA,NA,NA,NA,NA,NA,NA,0.05073623897277543,0.16018429920876098
179,2.1625829772870286,0.029295758394024627,80.9093814999999,-0.0982410736841729,-0.02292128591548269,-0.005341348358390943,1.1540249132734715e-4,28.381386117423112,NA,NA,NA,NA,NA,NA,NA,NA,NA,NA,NA,NA,NA,NA,NA,NA,NA,0.04891583639976258,0.1566394352220814
180,2.0824996279008237,0.03436974456747668,114.66763820000001,0.12509696349475027,-0.01900635150751076,-0.005573187598535015,2.082281763339424e-4,26.203375225381613,NA,NA,NA,NA,NA,NA,NA,NA,NA,NA,NA,NA,NA,NA,NA,NA,NA,0.05099161135081124,0.16180550352525247
181,2.105158732784424,0.032939151087517035,84.80199549999995,0.059525979076714926,-0.018861266248787326,-0.0055994583548844455,1.6922980107915013e-4,26.846539804592922,NA,NA,NA,NA,NA,NA,NA,NA,NA,NA,NA,NA,NA,NA,NA,NA,NA,0.05032169390606269,0.16070083059764692
182,2.1210945369727576,0.032338310355951055,100.98762029999993,0.039166923770176935,-0.019718568245002937,-0.005505689946223874,1.6623840150845035e-4,27.05902685101039,NA,NA,NA,NA,NA,NA,NA,NA,NA,NA,NA,NA,NA,NA,NA,NA,NA,0.050303681182616286,0.15979345011580345
183,2.116705559676428,0.032966104882791336,109.06539620000001,0.07376850997914834,-0.019896050333151442,-0.005421438398233904,1.8841508863436685e-4,26.74389032918627,NA,NA,NA,NA,NA,NA,NA,NA,NA,NA,NA,NA,NA,NA,NA,NA,NA,0.05077824780660818,0.15978545515203132
184,2.1140977631215194,0.03333318474157813,116.59138920000002,0.09505551579389182,-0.020225161927340838,-0.005415538797967975,2.042394988487638e-4,26.56820182041461,NA,NA,NA,NA,NA,NA,NA,NA,NA,NA,NA,NA,NA,NA,NA,NA,NA,0.051015886045177504,0.15955823806847128
185,2.12214127950863,0.03267977978039508,109.06539620000001,0.07264349930570074,-0.02061844576413812,-0.00562115672524941,1.891776430425507e-4,26.866429164385753,NA,NA,NA,NA,NA,NA,NA,NA,NA,NA,NA,NA,NA,NA,NA,NA,NA,0.05061900148408298,0.1594874868250086
186,2.160676537334075,0.030181749847812273,115.12048489999991,-0.03466013239178726,-0.022111625979052175,-0.0056226943002217885,1.3868911370682558e-4,27.966504221335835,NA,NA,NA,NA,NA,NA,NA,NA,NA,NA,NA,NA,NA,NA,NA,NA,NA,0.04957756157284616,0.15843300214144518
187,1.8771785490544357,0.024441273705089063,45.4530057999999,-0.22839713603810421,-0.022269665087513605,-0.006700044613087734,5.24284344005818e-5,28.40324310782376,NA,NA,NA,NA,NA,NA,NA,NA,NA,NA,NA,NA,NA,NA,NA,NA,NA,0.04563439944578535,0.19488312150307413
188,1.9433063621346043,0.022910172841464793,29.300531400000022,-0.3413591198569963,-0.027161579084260125,-0.006803761928488867,6.152832158872482e-5,29.27419188585384,NA,NA,NA,NA,NA,NA,NA,NA,NA,NA,NA,NA,NA,NA,NA,NA,NA,0.04545657735866032,0.1829869993019174
189,1.9138506767418109,0.02230205813324281,47.7187877,-0.375823760771129,-0.03300425828987164,-0.008677670141121403,-1.4876046812508493e-5,30.109248427374812,NA,NA,NA,NA,NA,NA,NA,NA,NA,NA,NA,NA,NA,NA,NA,NA,NA,0.04357749633138802,0.18894941569866752
190,1.9207788357794102,0.023263492895654273,64.77986899999992,-0.2294912684249742,-0.024755424589446635,-0.005762817703936921,1.2094927842774415e-4,27.690608638536386,NA,NA,NA,NA,NA,NA,NA,NA,NA,NA,NA,NA,NA,NA,NA,NA,NA,0.04812282786060447,0.18631413484620074
191,1.927771486260235,0.021328868632839493,43.685653699999925,-0.33178882054199593,-0.03152070402869562,-0.007385349781144748,6.298542373805085e-5,29.05112486366875,NA,NA,NA,NA,NA,NA,NA,NA,NA,NA,NA,NA,NA,NA,NA,NA,NA,0.045972337990808965,0.18526518416192908
192,1.9446629252344474,0.021813421801379212,31.385806200000037,-0.34678825646980066,-0.024711278170064282,-0.005970057511044093,1.2019753185577969e-4,29.259345336965332,NA,NA,NA,NA,NA,NA,NA,NA,NA,NA,NA,NA,NA,NA,NA,NA,NA,0.045500064035346705,0.17539170867058643
193,1.9035093437494837,0.02464857170075223,65.80143039999992,-0.13620064108533983,-0.011426181257281332,-0.003333815739187601,2.4715139160618507e-4,27.04699462522367,NA,NA,NA,NA,NA,NA,NA,NA,NA,NA,NA,NA,NA,NA,NA,NA,NA,0.048111023707927185,0.17243406388167776
194,1.9275431022371996,0.02028020970139336,37.239434500000044,-0.38212085373843147,-0.023087432482849942,-0.005472615377336009,1.4700596192392885e-4,29.89738647590994,NA,NA,NA,NA,NA,NA,NA,NA,NA,NA,NA,NA,NA,NA,NA,NA,NA,0.04404718471426805,0.16639804749548495
195,2.1453699771028276,0.029398667043607992,78.88775179999992,-0.11499820772228396,-0.02176698023004343,-0.005603316244109895,1.0061075384484426e-4,28.475698563853975,NA,NA,NA,NA,NA,NA,NA,NA,NA,NA,NA,NA,NA,NA,NA,NA,NA,0.04835594049728729,0.1578441418850762
196,2.1400691177762434,0.03031190047040747,94.489168,-0.06772948358002255,-0.02086618194450208,-0.0055704161429754396,1.1855009427982209e-4,28.03296412287573,NA,NA,NA,NA,NA,NA,NA,NA,NA,NA,NA,NA,NA,NA,NA,NA,NA,0.04899160969578632,0.15843276745290505
197,2.119237284055865,0.030969779919768212,89.28014309999995,-0.0502588972403255,-0.01919519294169857,-0.005589441164180332,1.1721705711609694e-4,27.781816373841746,G00197,120.06709788707205,52.54518374007341,17.677133936388504,0.20409525145909616,255.14285714285714,13.87310722896031,26.798536028180802,930.1428571428571,39.04027224729429,19369.352564102563,34984.75,26633.27564102564,226.43798454495106,0,0.0035472215205242298,6.914759868370013e-6,0.04900397338534563,0.15974733455877788
198,2.146998904341547,0.03114031654046495,117.46428399999996,-0.00962231469318866,-0.02113338719836273,-0.005267602396638192,1.5324792170803972e-4,27.517264786631515,G00198,120.96829322790099,52.28207696180686,6741.92576488094,0.08378868736326694,286.14285714285717,14.131544658115931,26.708071572440012,871.8571428571429,37.387486888318335,23146.516728624534,41445.96282527881,67327.38661710038,257.3884376427399,1.048846231705956e-7,0.011104704827669459,1.1412945753055349e-4,0.05007634589654547,0.15778525298255416
199,2.136687475256104,0.03169398887779515,132.84951939999993,0.03012873729595354,-0.02162120654543743,-0.005473801975437104,1.740921987999996e-4,27.22398344354954,G00199,121.72172099819515,52.27498606676315,10000,-0.9494809189604388,346.22222222222223,14.266848352220324,25.092333369784885,975.7777777777778,69.32579144501074,28712.231884057972,50331.264492753624,171561.24637681158,446.6998052187337,1.3175099419211231e-5,0.019722356450190406,2.4808129780486555e-4,0.050276674489533074,0.15758196114638737
200,2.1117101512086096,0.03179919413153481,101.85886790000005,0.02463362687617377,-0.020503508468084086,-0.006128940501615403,1.53077921837118e-4,27.353216659603063,G00200,122.62003628231469,52.27498606676315,10000,-0.9324361026287079,407.93333333333334,14.354608408610027,23.80001703898112,1033.4,122.62591196690154,29513.273333333334,52440.543333333335,205523.74333333335,644.6706811782906,0.11892951474061045,0.08006191389653089,5.769788091860234e-4,0.049427396893542086,0.1599082075838181
201,2.057219638954901,0.018561832856449478,34.89812600000009,-0.4680498421296408,-0.028382188695719467,-0.0039619106582763925,-7.575113277660689e-5,34.43968942560437,G00201,123.51835156643419,52.27498606676315,10000,1.1586904312587447,417.55555555555554,14.15837155448066,24.4517363442315,749.5555555555555,119.87455316593271,29107.78787878788,52133.990909090906,188389.86363636365,633.6222548155481,0.19691925671277813,0.16118034291135241,0.003987349850067549,0.03941059540448631,0.1400697327102276
202,2.060152976393818,0.018755774676527857,35.42648960000011,-0.4826713637445933,-0.028414748685829223,-0.004181482439817842,-7.428657323479889e-5,34.32995606689914,G00202,124.41666685055372,52.27498606676315,10000,3.038960401217143,422.73333333333335,13.576229286193847,25.645700200398764,468.1333333333333,88.37975419959571,29242.333333333332,52058.58653846154,195335.60256410256,544.851133666969,0.22210715726884278,0.43330285302126265,0.008658696201887648,0.039598606011916254,0.14177414023163387
203,1.995019232241671,0.017390748749749274,35.15620760000012,-0.49627960841530905,-0.02668672323870411,-0.003320538316811059,-1.0561942887674402e-4,35.29716004155295,G00203,125.31498213467323,52.27498606676315,10000,4.508721510569255,417,12.945501391092936,27.69448331197103,262.2,63.246908450701596,28261.200607902734,50233.574468085106,167584.39209726444,427.0380289724195,0.022730260209355257,0.609721280762882,0.01420834806322895,0.037742828530637026,0.13675939255894518
204,1.9616451514947013,0.016805601095825944,37.898906599999975,-0.5088440552721155,-0.026469731193153746,-0.003421927919295353,-1.0546574798855668e-4,35.67527330798401,G00204,126.03928756661632,52.24244350881215,5847.582596973597,4.896234379874335,404.27777777777777,11.842848406897652,28.224805619981552,138.77777777777777,6.548960901462835,30323.255591054312,52666.565495207666,245472.04792332268,518.4001039014072,0.044151438957054166,0.714080618134195,0.016829229221902088,0.03689906257065683,0.13647932294638576
205,1.9455855123362031,0.016565734121390216,35.79261950000002,-0.5229840224374837,-0.02684395517190813,-0.003870896250899649,-9.833738132234413e-5,35.90665351222528,NA,NA,NA,NA,NA,NA,NA,NA,NA,NA,NA,NA,NA,NA,NA,NA,NA,0.03634398057409025,0.13833017979983378
206,1.9553268962160637,0.016744157967706598,32.3334836000002,-0.5091464321139306,-0.0277739601178954,-0.004164470648848828,-9.226366174294905e-5,35.64034945441737,NA,NA,NA,NA,NA,NA,NA,NA,NA,NA,NA,NA,NA,NA,NA,NA,NA,0.03679911773466517,0.13886896818144825
207,1.9615494183534001,0.01681948686709484,33.43664400000007,-0.513409095994333,-0.02762405898361442,-0.0041542757053546564,-9.067888943527638e-5,35.65891658561418,NA,NA,NA,NA,NA,NA,NA,NA,NA,NA,NA,NA,NA,NA,NA,NA,NA,0.03680413381952709,0.13847724982143117
208,1.967069949320538,0.01821878388830893,36.586297100000145,-0.5680183642669507,-0.028736362563130467,-0.005695945768344771,-6.435005623922483e-5,34.659214125161284,NA,NA,NA,NA,NA,NA,NA,NA,NA,NA,NA,NA,NA,NA,NA,NA,NA,0.03796128380903129,0.156327069911408
209,1.9416056331351053,0.020260707333160672,44.509563800000116,-0.5251722231717388,-0.03187047053730986,-0.008194324070571432,-5.868348509786148e-5,32.53400744273721,NA,NA,NA,NA,NA,NA,NA,NA,NA,NA,NA,NA,NA,NA,NA,NA,NA,0.040577479487326144,0.18075233948790143
210,1.9502195064226462,0.020258892248015838,70.04515390000002,-0.4180888108071742,-0.03494598883511426,-0.008805668119756124,-3.5132606061394445e-5,31.177041013737227,NA,NA,NA,NA,NA,NA,NA,NA,NA,NA,NA,NA,NA,NA,NA,NA,NA,0.042986058499895285,0.1805827922766213
211,1.9574043046695933,0.019662471516291243,65.5549154,-0.46696903738037676,-0.03464603141519102,-0.008689240604848991,-5.1668553172899747e-5,32.30993981760889,NA,NA,NA,NA,NA,NA,NA,NA,NA,NA,NA,NA,NA,NA,NA,NA,NA,0.041192595702174775,0.17410306671019504
212,1.880117015294785,0.02313700200330398,43.758158800000054,-0.3691407037733486,-0.02362871259813522,-0.007955286471228446,5.137178714250011e-6,30.54820753449908,NA,NA,NA,NA,NA,NA,NA,NA,NA,NA,NA,NA,NA,NA,NA,NA,NA,0.04204610902574871,0.19313773565737585
213,1.857012593436024,0.024410295027487695,62.30265959999989,-0.19095178658092654,-0.01813127438644476,-0.006560187909658244,4.558898816789886e-5,28.57432456189301,NA,NA,NA,NA,NA,NA,NA,NA,NA,NA,NA,NA,NA,NA,NA,NA,NA,0.04498825149112951,0.1977937388660152
214,1.9494146890019137,0.019340468310382403,60.22324740000006,-0.4856006746925733,-0.03392040395165571,-0.008394577293500485,-4.810730582669147e-5,32.434148701361316,NA,NA,NA,NA,NA,NA,NA,NA,NA,NA,NA,NA,NA,NA,NA,NA,NA,0.04098389440955878,0.17475252243227413
215,2.2035204721596906,0.02827272073705891,78.40658899999994,-0.10959734848252373,-0.023004535184739543,-0.0056340362732134695,1.045177214468023e-4,28.94756514410703,NA,NA,NA,NA,NA,NA,NA,NA,NA,NA,NA,NA,NA,NA,NA,NA,NA,0.04894873104467619,0.15838180300739657
216,2.2174394973423657,0.02754174064993584,94.40159299999995,-0.11072902456351962,-0.024615094834625106,-0.005953260132175023,1.0539861858162724e-4,29.26188907004409,NA,NA,NA,NA,NA,NA,NA,NA,NA,NA,NA,NA,NA,NA,NA,NA,NA,0.04860202067614272,0.15689999385293962
217,2.2203752349281634,0.025129059688131474,98.97943160000011,-0.21277974574882538,-0.027428712817722745,-0.0058955846880858675,6.342541344981149e-5,30.427507606095748,NA,NA,NA,NA,NA,NA,NA,NA,NA,NA,NA,NA,NA,NA,NA,NA,NA,0.046847593025348744,0.15385400551286305
218,2.2123743760751813,0.024128494251495772,73.0694672,-0.25467915435062866,-0.028347846799689005,-0.0061449746665176936,4.652335161442222e-5,31.023762217432367,NA,NA,NA,NA,NA,NA,NA,NA,NA,NA,NA,NA,NA,NA,NA,NA,NA,0.045752411094224704,0.15261829603278254
219,2.2009460815970665,0.02214153560320922,64.2899791000001,-0.3189236149520885,-0.029618957758308,-0.0052029290003912515,7.5747119045173386e-6,32.07185316982646,NA,NA,NA,NA,NA,NA,NA,NA,NA,NA,NA,NA,NA,NA,NA,NA,NA,0.0442085842257488,0.14705210797601329
220,2.1604890669735197,0.021360891932933113,38.54183760000021,-0.39966782436249415,-0.02922661809906636,-0.005543696142047597,-1.3372168169439205e-5,32.78290390328585,NA,NA,NA,NA,NA,NA,NA,NA,NA,NA,NA,NA,NA,NA,NA,NA,NA,0.04255663535747942,0.1473550964728348
221,2.1124905349846785,0.020370448368504795,33.690278700000086,-0.4648199120492736,-0.02864245746212288,-0.004868767817994716,-4.485870070076515e-5,33.38364240438112,NA,NA,NA,NA,NA,NA,NA,NA,NA,NA,NA,NA,NA,NA,NA,NA,NA,0.0413137126124777,0.14619626586091114
222,2.129472782521045,0.020120234216316257,46.25338340000012,-0.42021659010665385,-0.02934941313039472,-0.0045174422665129775,-4.394421622339734e-5,33.40369807056736,NA,NA,NA,NA,NA,NA,NA,NA,NA,NA,NA,NA,NA,NA,NA,NA,NA,0.04157339590236456,0.14365613426055163
223,2.063198068834669,0.018568108318620293,34.898126000000104,-0.4690060299743802,-0.02809100897364892,-0.0038489636807335203,-7.946091536043986e-5,34.49717265063346,NA,NA,NA,NA,NA,NA,NA,NA,NA,NA,NA,NA,NA,NA,NA,NA,NA,0.03942133710948665,0.13943699299216397
224,1.971280188365672,0.01690780231277454,33.42785110000016,-0.4998029943451667,-0.025776270991688596,-0.0030584134440237824,-1.1545445787247786e-4,35.75148380085878,NA,NA,NA,NA,NA,NA,NA,NA,NA,NA,NA,NA,NA,NA,NA,NA,NA,0.036879847993654125,0.13369037016931515
225,1.9433625728418282,0.01647210114994813,32.03246370000009,-0.4885457963548327,-0.025066190905850386,-0.0026309819037983375,-1.2524909438940728e-4,35.992452779250314,NA,NA,NA,NA,NA,NA,NA,NA,NA,NA,NA,NA,NA,NA,NA,NA,NA,0.036404094214033116,0.13257657321607855
226,1.9731709709548755,0.016981507338259476,35.15620760000006,-0.5008417534564152,-0.026215173345515274,-0.003198400591835071,-1.0910251249694722e-4,35.58476527421182,NA,NA,NA,NA,NA,NA,NA,NA,NA,NA,NA,NA,NA,NA,NA,NA,NA,0.037150957317855164,0.13557335961191552
227,2.0012223123588435,0.017391790371841576,37.89890659999994,-0.4979658091714474,-0.027278132908960608,-0.0036946470861491006,-9.602606674913209e-5,35.316334208283635,NA,NA,NA,NA,NA,NA,NA,NA,NA,NA,NA,NA,NA,NA,NA,NA,NA,0.03770156514901425,0.1370685904948677
228,1.9622579159333433,0.01660262939826678,35.15620760000006,-0.4967162686732224,-0.026079210165556196,-0.0032057851683878684,-1.1057684450474454e-4,35.962042177478956,NA,NA,NA,NA,NA,NA,NA,NA,NA,NA,NA,NA,NA,NA,NA,NA,NA,0.03650138155076601,0.13312040273409495
229,1.9705890254283436,0.016427287860666648,35.7926195,-0.46885548148843553,-0.026767154318138142,-0.003314173840656339,-1.0162685462062823e-4,36.06751585354099,NA,NA,NA,NA,NA,NA,NA,NA,NA,NA,NA,NA,NA,NA,NA,NA,NA,0.036422224874189314,0.1316035551337502
230,1.9085206687907745,0.015579277883402413,39.435437299999926,-0.4907588014764989,-0.02551640634964231,-0.003141915036117505,-1.0934139139811075e-4,36.80048791934881,NA,NA,NA,NA,NA,NA,NA,NA,NA,NA,NA,NA,NA,NA,NA,NA,NA,0.03488678288361444,0.1291465235985203
231,1.942392265315599,0.01638826433858208,41.77914630000003,-0.5056817729688381,-0.027595863795764494,-0.004191226450369058,-9.012620066770318e-5,36.00949772621861,NA,NA,NA,NA,NA,NA,NA,NA,NA,NA,NA,NA,NA,NA,NA,NA,NA,0.036128519984756226,0.13626647009109158
232,1.929220163781447,0.0159906292744349,34.397232099999925,-0.48321708384561546,-0.026211656315691723,-0.003220476636065197,-1.0900568759336952e-4,36.3034405589496,NA,NA,NA,NA,NA,NA,NA,NA,NA,NA,NA,NA,NA,NA,NA,NA,NA,0.03578191089392947,0.1321133786191064
233,1.9121309509145032,0.016425923274740243,35.792619499999994,-0.5635947409726955,-0.026562327118155572,-0.0043135658475325816,-9.140902573210824e-5,36.120899062082906,NA,NA,NA,NA,NA,NA,NA,NA,NA,NA,NA,NA,NA,NA,NA,NA,NA,0.035624484784609375,0.14575544506094756
234,1.9222689648826794,0.019034952727618196,37.99247950000002,-0.5870979586654003,-0.030100383493337365,-0.007091950809821889,-6.788602869557027e-5,33.581039129323955,NA,NA,NA,NA,NA,NA,NA,NA,NA,NA,NA,NA,NA,NA,NA,NA,NA,0.03900270022153835,0.1771126986779038
235,1.9310423259541323,0.019675251526503314,71.08169370000016,-0.46389920605682483,-0.03467268315179339,-0.00915077009336429,-6.504549952123287e-5,31.893640393240023,NA,NA,NA,NA,NA,NA,NA,NA,NA,NA,NA,NA,NA,NA,NA,NA,NA,0.04176968435598821,0.1840164735072508
236,1.982669957257698,0.01749193116195975,59.00441250000001,-0.44447786588792565,-0.030714026179278,-0.006870771341863868,1.4817039265923968e-5,32.2591424309418,NA,NA,NA,NA,NA,NA,NA,NA,NA,NA,NA,NA,NA,NA,NA,NA,NA,0.04238659041035332,0.16344807049548465
237,1.968558115267789,0.017125197571285753,59.00441250000001,-0.4257900129475306,-0.031888150941320456,-0.007504951185330876,1.7816110202279746e-5,32.12870535286467,NA,NA,NA,NA,NA,NA,NA,NA,NA,NA,NA,NA,NA,NA,NA,NA,NA,0.04238685821987703,0.16527241879911975
238,1.9158053360713083,0.01577594430194287,52.865296200000046,-0.4682501031901089,-0.030780699172966323,-0.006788802027942655,-2.4907340080882726e-5,33.702593673099194,NA,NA,NA,NA,NA,NA,NA,NA,NA,NA,NA,NA,NA,NA,NA,NA,NA,0.039515711930913106,0.1575572288875499
239,2.2458325102185235,0.026517934720192978,80.58603120000001,-0.16938419053958587,-0.022941130788364506,-0.00600186353362139,7.651132367658141e-5,30.080580498128448,NA,NA,NA,NA,NA,NA,NA,NA,NA,NA,NA,NA,NA,NA,NA,NA,NA,0.04796368217175349,0.1576050927596527
240,2.206343542168297,0.0299275086416412,94.35881159999983,-0.039705672631205315,-0.017960502991361905,-0.005577237371117398,1.1563460313991157e-4,28.459702634374615,NA,NA,NA,NA,NA,NA,NA,NA,NA,NA,NA,NA,NA,NA,NA,NA,NA,0.049948310008918376,0.16188851402055165
241,2.191601129793177,0.03094052703825006,103.24420559999993,0.0015802942926618124,-0.01671801905453008,-0.005465560969475183,1.2889568498826082e-4,28.00458750356811,NA,NA,NA,NA,NA,NA,NA,NA,NA,NA,NA,NA,NA,NA,NA,NA,NA,0.050441569913037713,0.16277007751620723
242,2.20157567357269,0.030697675662476075,105.41396699999999,-0.00871660997052108,-0.01725670039341483,-0.005368936275384241,1.27739374819189e-4,28.08737724792589,NA,NA,NA,NA,NA,NA,NA,NA,NA,NA,NA,NA,NA,NA,NA,NA,NA,0.050528557172978085,0.16232243498112608
243,2.2180334967171484,0.03150910626828512,124.12084640000008,0.0478008466521226,-0.018408251113055267,-0.004984039472603346,1.6915645642081074e-4,27.607533787677223,NA,NA,NA,NA,NA,NA,NA,NA,NA,NA,NA,NA,NA,NA,NA,NA,NA,0.05174246934334943,0.1608598426495327
244,2.2132999969176455,0.03232054747157228,125.94511649999997,0.09212962195004452,-0.018643608925986464,-0.004673613348414066,2.0217519531069909e-4,27.17141716597851,NA,NA,NA,NA,NA,NA,NA,NA,NA,NA,NA,NA,NA,NA,NA,NA,NA,0.05246187545604063,0.16023085469731901
245,2.2074422883144615,0.03240696567140138,120.04810180000001,0.09331774078572137,-0.018452568093580327,-0.0048483162718287965,1.9821047283324582e-4,27.173718155458623,NA,NA,NA,NA,NA,NA,NA,NA,NA,NA,NA,NA,NA,NA,NA,NA,NA,0.05231156686206773,0.161001066146363
246,2.2408517023920926,0.030387147788532978,142.4818895,0.022155777904475232,-0.020138895190833363,-0.004695017599613086,1.672802430444011e-4,27.92023777259769,NA,NA,NA,NA,NA,NA,NA,NA,NA,NA,NA,NA,NA,NA,NA,NA,NA,0.05175130126954866,0.15896603847473068
247,2.2537888562499395,0.029318007498667132,138.32131389999998,-0.018285320938540427,-0.021270828999313568,-0.004837058860496095,1.4770763717992835e-4,28.394317872298007,NA,NA,NA,NA,NA,NA,NA,NA,NA,NA,NA,NA,NA,NA,NA,NA,NA,0.051158906412102606,0.15809944543273668
248,2.2609665682788456,0.028350838432064644,134.56524479999993,-0.05265519060933194,-0.02245435383706539,-0.005282177256333584,1.2925468908481265e-4,28.89662254703971,NA,NA,NA,NA,NA,NA,NA,NA,NA,NA,NA,NA,NA,NA,NA,NA,NA,0.050342999849185804,0.15777271753863226
249,2.2688317820652046,0.0238683089048018,77.5128988000001,-0.22954457346246177,-0.027337386629484334,-0.005644317929408298,5.051349252294737e-5,31.13592284568547,NA,NA,NA,NA,NA,NA,NA,NA,NA,NA,NA,NA,NA,NA,NA,NA,NA,0.046891815338394455,0.15264130666984171
250,1.9076124514285175,0.01696397053224295,58.43209279999999,-0.5270871883051116,-0.0321370110107103,-0.008285218670677037,-6.469624878438564e-5,34.73888129834219,NA,NA,NA,NA,NA,NA,NA,NA,NA,NA,NA,NA,NA,NA,NA,NA,NA,0.03751320818317323,0.16421349438017924
251,1.9050426198920478,0.016495219152619624,56.86850539999997,-0.4948123059268052,-0.033326777965736284,-0.008347904387694581,-7.558319314312225e-5,34.48294050408541,NA,NA,NA,NA,NA,NA,NA,NA,NA,NA,NA,NA,NA,NA,NA,NA,NA,0.037994537022405885,0.1619366025713528
252,1.9102196790724735,0.016415465965925028,52.04044320000001,-0.4827315423286938,-0.03355286683315744,-0.008253213759147074,-7.208846987707253e-5,34.22202048110047,NA,NA,NA,NA,NA,NA,NA,NA,NA,NA,NA,NA,NA,NA,NA,NA,NA,0.038482830168977876,0.16168466995456354
253,1.9091097698303943,0.016540795022891342,53.411792800000065,-0.4834300764742959,-0.0338855900868587,-0.008494971054106345,-7.563869407693301e-5,34.236879785104,NA,NA,NA,NA,NA,NA,NA,NA,NA,NA,NA,NA,NA,NA,NA,NA,NA,0.0383975316488283,0.16255443714009182
254,1.9217968065484752,0.01664855935998138,60.37491619999999,-0.48952325049958895,-0.03300812741959507,-0.0081395161484758,-6.144101817462356e-5,34.21207049961564,NA,NA,NA,NA,NA,NA,NA,NA,NA,NA,NA,NA,NA,NA,NA,NA,NA,0.038586750094868005,0.16167053518060978
255,1.936808761191742,0.016591875211967786,55.26159660000004,-0.4508702880126562,-0.03358283719098318,-0.008163154246551752,-3.2742657033657454e-5,33.22185453832836,NA,NA,NA,NA,NA,NA,NA,NA,NA,NA,NA,NA,NA,NA,NA,NA,NA,0.04028384713365936,0.16339744739388912
256,1.9532557503642707,0.017330086791698535,62.521513500000054,-0.40409342624677486,-0.034500271400326896,-0.00871866221547756,-5.352152088946729e-7,31.892261371354593,NA,NA,NA,NA,NA,NA,NA,NA,NA,NA,NA,NA,NA,NA,NA,NA,NA,0.042458278272061764,0.17096041495549966
257,1.9233857408005597,0.016694501764034263,62.45482670000008,-0.4236056688067577,-0.03582557970028499,-0.00910812007424183,-4.252999753794434e-5,32.63432215004852,NA,NA,NA,NA,NA,NA,NA,NA,NA,NA,NA,NA,NA,NA,NA,NA,NA,0.04096160468071453,0.16909165908666396
258,1.9159083123790348,0.016684128310976716,61.850726600000165,-0.3894494795358323,-0.037169437408081846,-0.009495749920868608,-3.963768449202556e-5,32.03392993183295,NA,NA,NA,NA,NA,NA,NA,NA,NA,NA,NA,NA,NA,NA,NA,NA,NA,0.041777757796366,0.17113649665353428
259,1.9603887302386298,0.01818033942882248,62.653595499999945,-0.3284734890057373,-0.03379732237783408,-0.008709636620980725,4.797823635012366e-5,30.496463064399872,NA,NA,NA,NA,NA,NA,NA,NA,NA,NA,NA,NA,NA,NA,NA,NA,NA,0.04468501959441178,0.17580430491157517
260,1.9530519572050882,0.017262846507463642,66.92838550000013,-0.41655762626825005,-0.034080750865745885,-0.008321916518114899,-1.812736475138645e-6,31.636195522099783,NA,NA,NA,NA,NA,NA,NA,NA,NA,NA,NA,NA,NA,NA,NA,NA,NA,0.043015855347665166,0.17279245452026087
261,1.9602068847286729,0.017240696182568852,60.824544499999995,-0.4414984431103164,-0.03271756433705307,-0.007799867504571971,-1.9419960308267634e-6,32.08639825948654,NA,NA,NA,NA,NA,NA,NA,NA,NA,NA,NA,NA,NA,NA,NA,NA,NA,0.04241904046034739,0.1696748430453788
262,1.9446828408823458,0.016730252870405582,53.47225440000003,-0.4422426657685303,-0.03427625308911854,-0.008059728693996984,-4.620354365452028e-5,32.99162375921393,NA,NA,NA,NA,NA,NA,NA,NA,NA,NA,NA,NA,NA,NA,NA,NA,NA,0.040821561404680136,0.16368670661292742
263,1.9804163972871847,0.017213246516682098,56.79809170000005,-0.42353450090738404,-0.03052592063322563,-0.007084664049425213,2.992429479049478e-5,32.51079099274256,NA,NA,NA,NA,NA,NA,NA,NA,NA,NA,NA,NA,NA,NA,NA,NA,NA,0.04181202703687692,0.15924372222649585
264,1.984886748446006,0.018252546741417748,68.34742410000003,-0.3557020217857651,-0.02567038904881099,-0.006359200520707455,1.2168424655935359e-4,30.873800462175698,NA,NA,NA,NA,NA,NA,NA,NA,NA,NA,NA,NA,NA,NA,NA,NA,NA,0.04417277393698251,0.16261250353556456
265,1.9818314824990444,0.018535604568994918,79.0487438999999,-0.2748492202269336,-0.0314860567766858,-0.008305855189415998,1.0043348164201447e-4,30.408769912980386,NA,NA,NA,NA,NA,NA,NA,NA,NA,NA,NA,NA,NA,NA,NA,NA,NA,0.04479506360793303,0.1684928059248883
266,1.9738051674795283,0.01756717736932085,57.14063060000009,-0.3830458016908012,-0.025540306097649273,-0.006137408450751218,1.0944065607686063e-4,31.588658095704258,NA,NA,NA,NA,NA,NA,NA,NA,NA,NA,NA,NA,NA,NA,NA,NA,NA,0.0428723341249127,0.15758298191554676
267,2.20062386473705,0.023556473157564897,47.94229180000007,-0.33044016859742253,-0.024694631010712408,-0.006574012665511873,2.970243476342046e-5,31.94766055598487,NA,NA,NA,NA,NA,NA,NA,NA,NA,NA,NA,NA,NA,NA,NA,NA,NA,0.04430651516025164,0.1542063341384507
268,2.2234815986944505,0.025549169017742103,76.77945810000011,-0.20431722756928788,-0.023510796124360904,-0.006958119674936744,6.95790517867292e-5,30.83290791042205,NA,NA,NA,NA,NA,NA,NA,NA,NA,NA,NA,NA,NA,NA,NA,NA,NA,0.04616401070740317,0.15634849989593408
269,2.235715345161376,0.026215500510458213,76.75845150000009,-0.2049954733247415,-0.022597805000868564,-0.005833909879268361,6.251741556883917e-5,30.25551575243894,G00269,120.21783001946513,51.581760064011725,1919.8166433068693,-0.45522541233471464,250,13.9094865662711,24.77096435001918,1413.0714285714287,45.673530940484866,20832.962441314554,37582.74647887324,36132.63849765258,182.3694896970821,0,0.0014024071256903002,9.524260906837464e-5,0.04757090388125004,0.15791868543924426
270,2.247620870079315,0.02852648136613502,117.86790659999988,-0.0658222069354906,-0.021506221249612465,-0.005563252392963569,1.1819904229000227e-4,28.95388418400776,G00270,120.8482612732761,51.70552270449054,9288.287616787107,0.8182003952781943,250,14.2964007433723,25.937529620002298,1187.764705882353,117.31449687259708,22893.76512455516,40896.70818505338,54368.829181494664,157.87039738433776,8.294805536334227e-7,0.0018521484906251966,6.413652408582308e-4,0.049936039569058545,0.15917314273993177
271,2.0705477496398492,0.015931048841676537,32.907882999999984,-0.47900475609476667,-0.025625315331490355,-0.0033983318158456914,-1.0660231612792026e-4,36.36315577954118,G00271,121.72172099819515,51.72191801112358,10000,1.8009161949157715,242.375,14.044752558072409,27.4949373404185,919,59.417461933413946,22320.88484848485,39575.38787878788,45383.30303030303,179.70454583650894,1.9615010004551883e-6,0.007301742226893296,8.005969764339734e-4,0.03815890844241388,0.13515579454980778
272,2.0544424482229022,0.015669669810139602,31.17952649999999,-0.487779203271731,-0.025079095596519572,-0.0032793267205693992,-1.0950729124657409e-4,36.63186693655517,G00272,122.62003628231469,51.72191801112358,10000,1.6335864245891571,268.85,13.766549968719483,27.25342502593994,934.3,71.73569910662187,22968.701342281878,41072.96644295302,56823.852348993285,198.96027275997838,1.8031189700915477e-6,0.004687280690040918,0.0010830043890988133,0.03762833563791815,0.13387116943153138
273,2.0110223148505075,0.014977242069493604,26.68627369999999,-0.4811370829757125,-0.02415722009150496,-0.0028566604590619733,-1.2138647414908431e-4,37.19989745852142,G00273,123.51835156643419,51.72191801112358,10000,1.451276022195816,306.9,13.819706201553345,26.903862476348877,923,56.98476250625896,25102.9,44351.84848484849,86251.9606060606,234.13982423459137,5.739055649326785e-5,0.001136669945844378,3.319601618848643e-4,0.036532613198184113,0.1307593552429801
274,2.0261408018668208,0.014970937415749242,54.594174900000034,-0.4598712367534021,-0.02468934248183101,-0.0029048384478881843,-1.1303264672429704e-4,37.15546157832277,G00274,124.41666685055372,51.72191801112358,10000,0.934585931400458,358.5416666666667,13.736619710922241,25.658666690190632,1001.3333333333334,83.5914842067304,28218.520634920635,49215.850793650796,143898.23492063492,348.3313982104017,0.02667626703934116,0.006338730508191058,0.004337999501659054,0.036729797222257055,0.12990578490268687
275,1.992857128482324,0.014536027565763047,50.10092210000003,-0.4686720304428412,-0.024126952852982265,-0.0028102006490986465,-1.1812614570723671e-4,37.579702846420474,G00275,125.31498213467323,51.72191801112358,10000,2.028382305800915,394.35,13.699222898483276,25.44826250076294,906,122.06641850368098,29177.015151515152,51539.6,172808.31212121213,474.20597829414135,0.10245899127156427,0.023846698320683476,0.007616349907287171,0.035876234876042176,0.12839124921504033
276,1.9993467067298878,0.015278284888478664,42.53467920000007,-0.5287741065162499,-0.025465354162749664,-0.003970373392003418,-1.0201337316265644e-4,36.893986648033774,G00276,126.17024356538282,51.702582948461824,8899.126060368322,4.491969664891561,394.5833333333333,13.200930635134378,27.148500204086304,529.375,138.0418375458813,29792.61212121212,52309.09090909091,184415.0878787879,429.40547160078455,0.13707683959601516,0.19962236835512012,0.0033768762242895414,0.03669070190667285,0.1385218244864552
277,1.9308985061511246,0.014606076748052196,31.835479399999894,-0.5640589220273186,-0.023633809977771248,-0.0035707323254959575,-1.1006551473989178e-4,37.60776690822528,G00277,126.70987310416244,51.494570334539254,207.70376182792654,5.897110915184021,405.65,13.06169056892395,28.562674903869627,241.95,58.74250232112493,27715.365079365078,49308.98095238095,156692.30476190476,315.02647105002694,0.01605411797434811,0.4425477220024705,0.015739571135843337,0.035140331381474,0.14244363589772796
278,1.9703618981167446,0.01670053506588951,39.325420599999966,-0.6246241332912432,-0.025384362792463037,-0.0056110368191742924,-6.069025813161831e-5,36.223140521360584,NA,NA,NA,NA,NA,NA,NA,NA,NA,NA,NA,NA,NA,NA,NA,NA,NA,0.036902670064959814,0.1628757721689661
279,1.9813556605878173,0.019127837807021913,66.32215620000007,-0.4739882867365482,-0.030245547107020855,-0.00914997965358741,-2.414795836711836e-5,33.3311680834497,NA,NA,NA,NA,NA,NA,NA,NA,NA,NA,NA,NA,NA,NA,NA,NA,NA,0.04045396696296463,0.17489478180197088
280,1.9917742179676232,0.016076732788370768,45.78424480000019,-0.4412789124532102,-0.03107492288642613,-0.0071804881221949335,-4.836502211396975e-5,35.22594731084383,NA,NA,NA,NA,NA,NA,NA,NA,NA,NA,NA,NA,NA,NA,NA,NA,NA,0.03834150628710863,0.14338079165965228
281,1.9818785099376195,0.015988978301941622,45.78424480000019,-0.43147477248583954,-0.031282183219285005,-0.007531849045380023,-3.971264450089248e-5,35.35301151884202,NA,NA,NA,NA,NA,NA,NA,NA,NA,NA,NA,NA,NA,NA,NA,NA,NA,0.03792107440348325,0.1418348208086181
282,1.9153379595705329,0.015196477858781303,47.17963220000012,-0.48123215181335355,-0.02942277630437163,-0.006880789431517872,-6.278447544091945e-5,36.35679941523373,NA,NA,NA,NA,NA,NA,NA,NA,NA,NA,NA,NA,NA,NA,NA,NA,NA,0.03603827522120701,0.14286890752305748
283,1.8682089904921124,0.014552177912523483,46.91144300000014,-0.5134186067481071,-0.027255239807328496,-0.005990343361708741,-7.267296998965993e-5,37.288013323778465,NA,NA,NA,NA,NA,NA,NA,NA,NA,NA,NA,NA,NA,NA,NA,NA,NA,0.03451899297692441,0.14219719220726265
284,1.8531978819323145,0.014185293306961484,50.54611719999995,-0.5223241875773397,-0.026011835655506996,-0.0054206357207173565,-6.963015232318859e-5,37.968242653028085,NA,NA,NA,NA,NA,NA,NA,NA,NA,NA,NA,NA,NA,NA,NA,NA,NA,0.0335721700184633,0.13874437522415473
285,1.8748595754500004,0.015765806662095656,54.1428242000002,-0.5658855467983739,-0.028809105876290885,-0.007694825733584229,-6.015504816824002e-5,36.39594868223176,NA,NA,NA,NA,NA,NA,NA,NA,NA,NA,NA,NA,NA,NA,NA,NA,NA,0.03543840050868934,0.1606030097981319
286,1.891825796411911,0.01578699844530854,50.052545000000165,-0.5107351360755695,-0.03136810600823843,-0.008483356775626397,-7.041391569865864e-5,35.54990242464194,NA,NA,NA,NA,NA,NA,NA,NA,NA,NA,NA,NA,NA,NA,NA,NA,NA,0.0367154329692979,0.15915307357761396
287,2.262883833642889,0.02726566674306164,88.78291570000005,-0.15135706478888605,-0.01873059772203149,-0.005271189691549769,7.094446068120788e-5,29.764397532794433,NA,NA,NA,NA,NA,NA,NA,NA,NA,NA,NA,NA,NA,NA,NA,NA,NA,0.04924416956474088,0.16175045701040253
288,2.3020001847255434,0.025570819595022463,93.14217819999998,-0.20388713106413586,-0.022393041871912496,-0.004610999613246501,5.803498894236429e-5,30.39335810672021,NA,NA,NA,NA,NA,NA,NA,NA,NA,NA,NA,NA,NA,NA,NA,NA,NA,0.0491358012886037,0.15721047551725925
289,2.302050125107042,0.025416843160758026,94.15330390000013,-0.20945452673583664,-0.022514160368623873,-0.004781589900791741,5.5492923341428825e-5,30.51499894086026,NA,NA,NA,NA,NA,NA,NA,NA,NA,NA,NA,NA,NA,NA,NA,NA,NA,0.048882417704508054,0.15717409003063795
290,2.278334497439641,0.023581836260483404,72.26461830000007,-0.31385928001244295,-0.0237815689452749,-0.004773215342527604,1.3266579990062108e-5,31.54972870894713,NA,NA,NA,NA,NA,NA,NA,NA,NA,NA,NA,NA,NA,NA,NA,NA,NA,0.04697220184557288,0.15568094389910564
291,2.2881111566303214,0.022156000562049683,80.89269360000006,-0.32447735270254546,-0.025989284629841104,-0.004670237273918942,2.0766548069757346e-6,32.231591633759514,NA,NA,NA,NA,NA,NA,NA,NA,NA,NA,NA,NA,NA,NA,NA,NA,NA,0.046133358096518806,0.1514325687778946
292,2.262558369415224,0.02067088867749388,44.10726060000004,-0.37864540626448306,-0.02686872950163575,-0.004881186881091397,-1.959464606452443e-5,33.18198353370341,NA,NA,NA,NA,NA,NA,NA,NA,NA,NA,NA,NA,NA,NA,NA,NA,NA,0.044348070548887654,0.1488368464865491
293,2.246654271867152,0.01940684113381449,71.1987962,-0.3883730839374069,-0.02749959058465101,-0.004428657326656333,-3.901069977715254e-5,33.89574876795153,NA,NA,NA,NA,NA,NA,NA,NA,NA,NA,NA,NA,NA,NA,NA,NA,NA,0.043220876104712945,0.14429285177492135
294,2.213739520861673,0.018561913196411345,58.87947890000001,-0.4191918431723683,-0.027134342690778364,-0.0040891081301690805,-5.964704247590881e-5,34.483196878937136,NA,NA,NA,NA,NA,NA,NA,NA,NA,NA,NA,NA,NA,NA,NA,NA,NA,0.042071163007832736,0.14195150941587184
295,2.164754013907123,0.017766182869983608,40.637320599999995,-0.45826361247025377,-0.026359105187493338,-0.0037574494309828865,-8.27748260391427e-5,35.063850214392374,NA,NA,NA,NA,NA,NA,NA,NA,NA,NA,NA,NA,NA,NA,NA,NA,NA,0.04079190414513729,0.14031455371137658
296,2.127491917375596,0.017362585485592715,37.8946216,-0.49664925067305743,-0.026057884121311176,-0.003990641805625532,-8.55481852927903e-5,35.37851653645818,NA,NA,NA,NA,NA,NA,NA,NA,NA,NA,NA,NA,NA,NA,NA,NA,NA,0.03991895806331131,0.14094999927639043
297,1.9220886720689736,0.0139151376986588,35.71755770000002,-0.46821973714833975,-0.021486482761323766,-0.0018906655603647855,-1.432289826531593e-4,38.27818305237184,NA,NA,NA,NA,NA,NA,NA,NA,NA,NA,NA,NA,NA,NA,NA,NA,NA,0.03441634106534947,0.12469179492610943
298,1.9680749950728067,0.014510485955729038,28.88850020000012,-0.4954860625589635,-0.023025084119455187,-0.0026179783214314444,-1.2827006243571485e-4,37.70535759233476,NA,NA,NA,NA,NA,NA,NA,NA,NA,NA,NA,NA,NA,NA,NA,NA,NA,0.03546566242409395,0.12872690282477492
299,2.0027822289229515,0.01496000647202922,28.917404999999885,-0.49240321239237295,-0.023868551862386293,-0.0028558896683861905,-1.2274636812966634e-4,37.252162654737276,NA,NA,NA,NA,NA,NA,NA,NA,NA,NA,NA,NA,NA,NA,NA,NA,NA,0.036366443769121376,0.13090340002384954
300,2.0275441300133847,0.015328918466243378,26.68627369999999,-0.49001197268978347,-0.02442170029745981,-0.0030151222172570065,-1.1861414381379127e-4,36.90511948063126,NA,NA,NA,NA,NA,NA,NA,NA,NA,NA,NA,NA,NA,NA,NA,NA,NA,0.0370484748544955,0.13259068480731137
301,2.0804237566208683,0.016156585826537798,34.30327039999988,-0.4999613467664903,-0.025618283962701077,-0.003722463387599784,-9.611444200703962e-5,36.311376996773,NA,NA,NA,NA,NA,NA,NA,NA,NA,NA,NA,NA,NA,NA,NA,NA,NA,0.038210285069692214,0.13609616812625358
302,2.0791705415182484,0.01615131396277776,34.30327039999988,-0.4960990094439308,-0.02593128613653014,-0.0037962274085966414,-9.609849434550766e-5,36.25959804671398,NA,NA,NA,NA,NA,NA,NA,NA,NA,NA,NA,NA,NA,NA,NA,NA,NA,0.03829128336777593,0.1366186297620322
303,2.045128060025615,0.015628622514195157,32.907882999999984,-0.5029914293785502,-0.025304240534334006,-0.0035556106207585004,-1.0555142595224667e-4,36.68051211407208,NA,NA,NA,NA,NA,NA,NA,NA,NA,NA,NA,NA,NA,NA,NA,NA,NA,0.03743529646648701,0.13479788680033755
304,2.015391630612539,0.015010753141373095,30.142986700000026,-0.491171690834517,-0.024564578442909133,-0.0031566980573023134,-1.134305365409136e-4,37.21162900380888,NA,NA,NA,NA,NA,NA,NA,NA,NA,NA,NA,NA,NA,NA,NA,NA,NA,0.036502796692037,0.13127413564459894
305,1.994970079562202,0.014792321510339171,45.75275230000008,-0.49483371246288094,-0.0242982346416165,-0.0030978510854470145,-1.1589359214692593e-4,37.36421710994651,NA,NA,NA,NA,NA,NA,NA,NA,NA,NA,NA,NA,NA,NA,NA,NA,NA,0.03613222529147898,0.13096488000838827
306,1.981229804814891,0.01573967332914306,35.1904816,-0.5859230844942552,-0.025008951731389336,-0.004410956570684718,-9.331653596823546e-5,36.68526952650237,NA,NA,NA,NA,NA,NA,NA,NA,NA,NA,NA,NA,NA,NA,NA,NA,NA,0.03667468261137493,0.15019040590737257
307,1.9375808516514192,0.0156395899572885,36.19133990000003,-0.6296818111606994,-0.02392159969487789,-0.004528551584674714,-8.103550724732043e-5,37.01586757521711,NA,NA,NA,NA,NA,NA,NA,NA,NA,NA,NA,NA,NA,NA,NA,NA,NA,0.035722475236521424,0.15761578237442497
308,1.8014930838251393,0.013265638992065988,17.43302600000002,-0.44434197703874173,-0.024808219562429682,-0.005518780001922042,-5.332029402460342e-5,37.58045714836772,NA,NA,NA,NA,NA,NA,NA,NA,NA,NA,NA,NA,NA,NA,NA,NA,NA,0.03387508280350808,0.13233103861357767
309,1.865702563311942,0.013641132657081523,44.535024599999986,-0.46200718414743047,-0.023140137959806163,-0.004537557894162802,-2.534051253770895e-5,36.93196349495171,NA,NA,NA,NA,NA,NA,NA,NA,NA,NA,NA,NA,NA,NA,NA,NA,NA,0.03546264962946954,0.1344555778368739
310,1.8867996278894656,0.013875952559244361,48.74759880000009,-0.46296985222840453,-0.025066844349903146,-0.0052619404704172795,-4.293896642442276e-5,36.85476687775772,NA,NA,NA,NA,NA,NA,NA,NA,NA,NA,NA,NA,NA,NA,NA,NA,NA,0.035777907248059994,0.13651557112680068
311,1.9737523339646543,0.014614163784210371,43.074830500000054,-0.4539781990409546,-0.021081593964452333,-0.003521050758060223,1.630459486360366e-5,36.229661500718535,NA,NA,NA,NA,NA,NA,NA,NA,NA,NA,NA,NA,NA,NA,NA,NA,NA,0.03740239926588479,0.13128967697556382
312,2.0782096559568,0.021164211631533373,113.10306220000005,-0.12401684379784521,-3.24507931104671e-4,5.824875114485627e-6,3.216918046416726e-4,29.299414765455523,NA,NA,NA,NA,NA,NA,NA,NA,NA,NA,NA,NA,NA,NA,NA,NA,NA,0.04735622521688648,0.1365730298727595
313,2.246161240602761,0.016564543931120227,64.77559030000006,-0.3930205160889789,-0.02751017936371607,-0.004698320655496446,-3.865634983328709e-5,35.87257802302331,NA,NA,NA,NA,NA,NA,NA,NA,NA,NA,NA,NA,NA,NA,NA,NA,NA,0.04086802366782241,0.137143925687376
314,2.2521946411911746,0.017818109496050685,59.342256100000064,-0.4373741962909179,-0.026631484811108698,-0.005500110354232055,-2.2135588664466457e-5,35.29550600942506,NA,NA,NA,NA,NA,NA,NA,NA,NA,NA,NA,NA,NA,NA,NA,NA,NA,0.041537295200114635,0.14396939547705134
315,2.3399198812574014,0.021063917175774296,88.20941489999994,-0.30979522890051553,-0.02577973254783493,-0.004913417737179033,3.470429090691266e-6,32.86511804230022,NA,NA,NA,NA,NA,NA,NA,NA,NA,NA,NA,NA,NA,NA,NA,NA,NA,0.04627042124523991,0.15090761347495973
316,2.320452497112899,0.023359613453300832,55.147253400000054,-0.2796590103534079,-0.022317889851917707,-0.0053303968111676715,2.565440211456256e-5,31.791343842916994,NA,NA,NA,NA,NA,NA,NA,NA,NA,NA,NA,NA,NA,NA,NA,NA,NA,0.04744824754571481,0.15797253970930059
317,2.319009405561142,0.02354557230793266,76.72688090000011,-0.29145957360965047,-0.0217040144549986,-0.004734791510687699,1.6047257559366576e-5,31.614560402940324,NA,NA,NA,NA,NA,NA,NA,NA,NA,NA,NA,NA,NA,NA,NA,NA,NA,0.0478587432167945,0.15812132732797538
318,2.3437468097608862,0.023961486723030022,87.7686429000001,-0.24237824139836056,-0.022180226692160798,-0.004669159945180174,3.484156587322387e-5,31.31513982916461,NA,NA,NA,NA,NA,NA,NA,NA,NA,NA,NA,NA,NA,NA,NA,NA,NA,0.04868734797070753,0.15714616923983216
319,2.3331084810380007,0.021675163935225443,87.11729349999996,-0.3156794604945761,-0.0244837485256769,-0.004071117839086262,-6.487484742899288e-6,32.46392013953602,NA,NA,NA,NA,NA,NA,NA,NA,NA,NA,NA,NA,NA,NA,NA,NA,NA,0.046979938781226846,0.15137207873453104
320,2.2970067784467316,0.0199661622077092,60.497697,-0.3821502930675429,-0.02527868589528549,-0.004026549432735704,-4.0109100821256554e-5,33.52964865765347,NA,NA,NA,NA,NA,NA,NA,NA,NA,NA,NA,NA,NA,NA,NA,NA,NA,0.04496999719527833,0.14837846678531885
321,2.2838223360194974,0.01918356420955543,59.83101229999991,-0.38985157520890457,-0.02570592674899386,-0.003849617494458759,-5.193705085838893e-5,33.989335255914284,NA,NA,NA,NA,NA,NA,NA,NA,NA,NA,NA,NA,NA,NA,NA,NA,NA,0.04418754762858691,0.14576837855859578
322,2.0467190959052624,0.015320762186320544,36.69411470000006,-0.5951705759183205,-0.023128853690611028,-0.004162925707559315,-8.613483189370656e-5,37.24979151788616,NA,NA,NA,NA,NA,NA,NA,NA,NA,NA,NA,NA,NA,NA,NA,NA,NA,0.03718841576458955,0.14959975246319493
323,2.0419485847412404,0.01726373573832857,52.87221850000005,-0.2557501537137974,-0.034990910687294895,-0.009625846518951946,2.2471541912693212e-5,32.460394276266626,NA,NA,NA,NA,NA,NA,NA,NA,NA,NA,NA,NA,NA,NA,NA,NA,NA,0.0429343799054001,0.15244004661685778
324,2.0131504954046986,0.016271509814264968,49.179219600000046,-0.3042607494628298,-0.034963835142242175,-0.009270425094778802,-1.9451311196155007e-5,33.49550392614138,NA,NA,NA,NA,NA,NA,NA,NA,NA,NA,NA,NA,NA,NA,NA,NA,NA,0.04117181392154525,0.1472424062533893
325,1.9689165843219727,0.01600250088439721,47.51085490000005,-0.3208211631555968,-0.03571772231359922,-0.010038759311161674,-3.368980607779109e-5,33.50828277013434,NA,NA,NA,NA,NA,NA,NA,NA,NA,NA,NA,NA,NA,NA,NA,NA,NA,0.04055746807101634,0.15254601331155454
326,1.919580008476629,0.014789938057344075,29.55574010000015,-0.36158810829232885,-0.0328575521016127,-0.008800666327825234,-5.269469432335855e-5,35.08482293755178,NA,NA,NA,NA,NA,NA,NA,NA,NA,NA,NA,NA,NA,NA,NA,NA,NA,0.0378871820386289,0.14179328897075916
327,1.7844337439920583,0.012753473058456099,22.265849899999917,-0.4974646750169833,-0.02236307848221838,-0.0044098070525807965,-3.723278477757757e-5,39.655294215858675,NA,NA,NA,NA,NA,NA,NA,NA,NA,NA,NA,NA,NA,NA,NA,NA,NA,0.031310319021119914,0.12633875598455316
328,1.7806835374563978,0.01259845006761953,24.16586789999986,-0.48652582493466107,-0.022432493331872284,-0.004304040495884047,-4.3558269405356136e-5,39.88273568852495,NA,NA,NA,NA,NA,NA,NA,NA,NA,NA,NA,NA,NA,NA,NA,NA,NA,0.031053067557341014,0.12339170077026079
329,1.867839093406101,0.014495768010003388,37.98444080000017,-0.5162567417784889,-0.02693414387166024,-0.007129700711135708,-4.1729384343624926e-5,37.45637077236951,NA,NA,NA,NA,NA,NA,NA,NA,NA,NA,NA,NA,NA,NA,NA,NA,NA,0.034426066396851564,0.14576633185448992
330,1.911199712815305,0.01411849832284482,36.70914960000002,-0.44513638158280555,-0.02833139501767216,-0.0064195713185924,-6.61603393256269e-5,35.59948005504071,NA,NA,NA,NA,NA,NA,NA,NA,NA,NA,NA,NA,NA,NA,NA,NA,NA,0.03775628666055825,0.14511913261461495
331,1.823056883502842,0.012882057903493426,38.64806549999986,-0.46948978281353965,-0.02212045597348205,-0.003631028028624538,-7.31657170097764e-5,37.77140794961809,NA,NA,NA,NA,NA,NA,NA,NA,NA,NA,NA,NA,NA,NA,NA,NA,NA,0.03433212776168487,0.1333081370466434
332,1.9085101158774003,0.014022661504267665,39.16823400000003,-0.4386250097901605,-0.018414515802080412,-0.0027020895095971435,3.6807726268100207e-5,36.61358869090591,NA,NA,NA,NA,NA,NA,NA,NA,NA,NA,NA,NA,NA,NA,NA,NA,NA,0.036046960314997954,0.1253467521346544
333,1.7965122180390323,0.013308165850268484,23.260562599999997,-0.45963718139061904,-0.023803192128521413,-0.005225550974913392,-3.687719794917365e-5,37.93637906354991,NA,NA,NA,NA,NA,NA,NA,NA,NA,NA,NA,NA,NA,NA,NA,NA,NA,0.033325005053147956,0.13120020290824289
334,1.7100463482885562,0.012352568086748714,20.573356999999945,-0.4802923496390564,-0.02102639348845436,-0.003941814397595058,-5.265257523974199e-5,39.48972808286322,NA,NA,NA,NA,NA,NA,NA,NA,NA,NA,NA,NA,NA,NA,NA,NA,NA,0.030920181136628776,0.12710627324376325
335,1.6629947157692135,0.011666100691787407,22.640380799999804,-0.48618962627253454,-0.019004323745466564,-0.0029255388087889903,-4.491794192680832e-5,40.4859850395972,NA,NA,NA,NA,NA,NA,NA,NA,NA,NA,NA,NA,NA,NA,NA,NA,NA,0.029496801419719467,0.12223250609875777
336,1.664357573904852,0.01169387216908069,22.009117399999845,-0.4736112058278826,-0.019987091938402236,-0.0033768360605853894,-4.978062429827734e-5,40.81854113873165,NA,NA,NA,NA,NA,NA,NA,NA,NA,NA,NA,NA,NA,NA,NA,NA,NA,0.029078987937700747,0.11877692846753847
337,1.7286269745298686,0.012331488601840516,19.52315089999993,-0.48002747098751336,-0.02153880316047808,-0.004034461423960395,-5.1764408158054075e-5,40.0061948846642,NA,NA,NA,NA,NA,NA,NA,NA,NA,NA,NA,NA,NA,NA,NA,NA,NA,0.030485978107308773,0.12334470952546736
338,1.9665239176381901,0.015415016889127645,39.51786330000002,-0.41142409245379585,-0.01837253217479956,-0.0040113207350406,1.0092512715040845e-4,35.001111038166755,NA,NA,NA,NA,NA,NA,NA,NA,NA,NA,NA,NA,NA,NA,NA,NA,NA,0.0382167627966079,0.13228459240414941
339,2.0492882864969038,0.019474572435637907,92.96194270000008,-0.13996176631199034,-0.004597067126209332,-0.0013072102014474191,2.9429218816038027e-4,30.013994596649194,NA,NA,NA,NA,NA,NA,NA,NA,NA,NA,NA,NA,NA,NA,NA,NA,NA,0.045780608608445746,0.13636142989239017
340,2.026030789538913,0.01621799889546427,60.47140949999999,-0.33303184464573615,-0.01347110226633289,-0.0023740227812052944,1.5521123287613506e-4,33.20935145323878,NA,NA,NA,NA,NA,NA,NA,NA,NA,NA,NA,NA,NA,NA,NA,NA,NA,0.041414010772853976,0.13197651343531416
341,1.9078660052030034,0.013979120236733155,52.23021420000003,-0.5180215851932535,-0.017809374738120023,-0.00234263972334423,7.496971798279445e-6,36.91145441429683,G00341,120.05288481088691,51.1289574617765,6862.295236062493,6.4186140418052675,204.3,11.390176010131835,29.569062614440917,997.05,392.0094621575513,29412.82424242424,49014.736363636366,349322.9121212121,171.8842761466913,0.026516346154551392,0.16891835239419678,0.09664180926843476,0.03592641117274795,0.13513484835713765
342,2.299477742267095,0.01919448921881892,70.41069229999997,-0.3746042529970475,-0.026441421870969522,-0.004407860881289025,-3.456797549575504e-5,34.050911821212324,G00342,120.82340571407563,51.1620009602833,10000,0.8814119001229604,249.45833333333334,11.771511197090149,21.787750005722046,2142.125,964.0455659671225,28137.679365079366,46250.52380952381,202912.39365079365,128.72808550743827,0.04805656457656567,0.0698291547967214,0.005894408834306146,0.0440415626954877,0.14533470305991933
343,2.297349136912378,0.02136569990752882,68.79320490000008,-0.35432675095313027,-0.025263139533225582,-0.005351182208794419,-2.1291531377096735e-6,32.85768288343411,G00343,121.72172099819515,51.1620009602833,10000,3.6944968730211256,182.15,12.90179796218872,26.604474973678588,1434.95,815.9515900887877,32724.272727272728,53599.50606060606,427192.38181818184,347.8895224569328,0.045407015718219666,0.3033330008402178,0.012096913611741448,0.04550068691009243,0.15340511233067194
344,2.1478806942925908,0.01480122824719055,55.273765999999995,-0.5283266701050079,-0.02362923798771843,-0.003940546072002558,-8.554630078516839e-5,37.47604671988645,G00344,122.62003628231469,51.1620009602833,10000,4.225732253305614,140.05,12.824862384796143,26.975087547302245,1436.55,620.4207803876673,24163.31515151515,40612.163636363635,218710.60303030303,210.9931015542045,0.03984513297947062,0.13355781104458575,0.0032387939315412085,0.038406582711390524,0.13797094289758602
345,2.150722557747445,0.01527777432026955,43.23824979999997,-0.5314544859202636,-0.02380210668933035,-0.004058388610589488,-8.952224671388325e-5,37.02235657680193,G00345,123.51835156643419,51.1620009602833,10000,5.075784310698509,107.625,12.413483421007792,27.295052131017048,1468.75,303.29226111487566,14446.28253968254,24300.285714285714,29735.08253968254,63.590103831011,2.4422478030457695e-4,8.291636737663012e-4,2.969686082451408e-4,0.03903666079356058,0.1408917270719936
346,2.1738809141905637,0.014665367129064964,65.31024599999998,-0.4506371944483121,-0.024503291943726385,-0.003426261661666021,-9.611567316835809e-5,37.26836409891686,G00346,124.41666685055372,51.1620009602833,10000,3.3951197803020476,147,12.321783351898194,24.592024993896484,1881,215.60709879925471,14963.854545454546,24791.751515151514,18007.739393939395,47.31307418990129,4.0403608921579066e-4,6.96391257016103e-4,2.126424494580458e-4,0.039072481363532155,0.13415492012169752
347,2.083154666690778,0.013649062780116204,55.35851650000006,-0.49513976114661357,-0.023084837269645574,-0.0032097377281756767,-1.072739120177359e-4,38.29223669234104,G00347,125.31498213467323,51.1620009602833,10000,3.363009967530767,166.625,12.45322314898173,24.92632285753886,1796.2916666666667,273.5008908922247,17624.935483870966,28704.06129032258,109029.61935483871,83.28012626109582,0.004439458667765681,0.041273931587382344,0.0021434472953994503,0.03685501968079228,0.13151364872778767
348,2.0352927799613423,0.017662537238107397,36.1720200000001,-0.6331074803320454,-0.018293651244797142,-0.005266528173045554,-2.6171915545063774e-5,35.93930946667059,G00348,126.21329741879276,51.1620009602833,10000,3.8846707781311123,121.45,12.577197933197022,25.60976266860962,1690.5,838.5042761087337,16074.660606060606,26404.827272727274,47131.59696969697,41.570443596858624,0.004833736951889228,0.0014808523169902925,9.078822434406356e-5,0.03847704218012233,0.1797318520647657
349,1.9478734612712039,0.014713089478135828,40.33906549999989,-0.569174055956946,-0.025837381097100588,-0.006944867241828261,-5.274290081240932e-5,37.51742481178365,G00349,126.7938810546855,51.1071688882069,2526.6153339503444,8.739566659927368,38.7,14.163568687438964,33.1279375076294,646.35,304.4488160248737,10615.406349206349,17146.619047619046,17824.07619047619,19.315987034638393,2.463200402717561e-5,0.008112678091990354,0.0017096391263137875,0.03583345592713402,0.15560047914367947
350,1.8673586722078181,0.013770099538608353,19.118620399999973,-0.439932470478254,-0.025732242659381562,-0.006876105440943491,-2.3622453419738982e-5,37.636704893903655,NA,NA,NA,NA,NA,NA,NA,NA,NA,NA,NA,NA,NA,NA,NA,NA,NA,0.034489892881142487,0.13388656480860298
351,2.0364971438371295,0.015959462460678527,48.78871330000006,-0.2845434673032719,-0.03297768094304479,-0.009294403776365916,3.1645413149688283e-6,34.04379231383292,NA,NA,NA,NA,NA,NA,NA,NA,NA,NA,NA,NA,NA,NA,NA,NA,NA,0.04087805853900778,0.14235671739246722
352,2.044123359864303,0.016681280726398545,55.93703200000003,-0.23916743130081,-0.03504681848134223,-0.009832112342791742,-1.0240574883128095e-6,33.02406393932201,NA,NA,NA,NA,NA,NA,NA,NA,NA,NA,NA,NA,NA,NA,NA,NA,NA,0.04245001179003713,0.14711988086810462
353,1.9073561241612869,0.013554309546150797,34.782151,-0.4310001786080449,-0.026267316002186306,-0.006172283832935909,-6.183291096368768e-5,36.85261557722354,NA,NA,NA,NA,NA,NA,NA,NA,NA,NA,NA,NA,NA,NA,NA,NA,NA,0.03637073510581614,0.13626536226723887
354,1.6646445095179532,0.011042965841397308,21.296933499999827,-0.4635971791547583,-0.0187094935064457,-0.0031642759678796417,-2.6803728250588784e-5,41.740761610391594,NA,NA,NA,NA,NA,NA,NA,NA,NA,NA,NA,NA,NA,NA,NA,NA,NA,0.02835954055190093,0.11275975968116814
355,1.7000134940458207,0.011082115473317092,23.524066199999837,-0.4689056009444703,-0.018867493798953982,-0.0029732003833441633,-3.964269707030897e-5,41.428560924664,NA,NA,NA,NA,NA,NA,NA,NA,NA,NA,NA,NA,NA,NA,NA,NA,NA,0.029179065363877592,0.11482780017363728
356,2.360176746655277,0.020904174535302304,67.71085639999987,-0.3390336797652931,-0.022548419208657054,-0.004980161899429685,3.2462623359103906e-7,33.20853886527409,NA,NA,NA,NA,NA,NA,NA,NA,NA,NA,NA,NA,NA,NA,NA,NA,NA,0.04637835260713975,0.15460432023055382
357,2.3551345568538644,0.020833907762838035,70.4644315,-0.3496317117997778,-0.022554761097305042,-0.004261348281112542,-1.7668497591536792e-5,33.05653933210655,NA,NA,NA,NA,NA,NA,NA,NA,NA,NA,NA,NA,NA,NA,NA,NA,NA,0.046787372326450305,0.15403468620842312
358,2.336792086619787,0.020134787436757482,47.04289849999997,-0.38343398261456396,-0.02284215880629744,-0.00419794361234412,-3.3278707747725506e-5,33.497523797160156,NA,NA,NA,NA,NA,NA,NA,NA,NA,NA,NA,NA,NA,NA,NA,NA,NA,0.045922179079717344,0.152832380659172
359,2.3290871468348264,0.019302348271105597,48.9204802,-0.3953724719407106,-0.023933413307614722,-0.004213043977528272,-4.27276331483578e-5,33.966977331213926,NA,NA,NA,NA,NA,NA,NA,NA,NA,NA,NA,NA,NA,NA,NA,NA,NA,0.04518876926056591,0.15054676078156112
360,2.314510012494855,0.019013105890679265,52.468968800000056,-0.41058936229785503,-0.023880404577291948,-0.004090970108591739,-5.0860993235357795e-5,34.128938712442995,NA,NA,NA,NA,NA,NA,NA,NA,NA,NA,NA,NA,NA,NA,NA,NA,NA,0.04481864048323076,0.15005093500473776
361,2.2104673386691545,0.017752686282407833,48.20263390000016,-0.5166892267514487,-0.022862215949333978,-0.004239823490780253,-7.741321526845298e-5,35.10833422661504,NA,NA,NA,NA,NA,NA,NA,NA,NA,NA,NA,NA,NA,NA,NA,NA,NA,0.042184204378674664,0.15090537235681825
362,2.0615612737695117,0.017009937159931196,44.76467940000012,-0.6353007233239987,-0.020152982703755838,-0.005000997666313689,-4.817226767248485e-5,36.2364203761586,NA,NA,NA,NA,NA,NA,NA,NA,NA,NA,NA,NA,NA,NA,NA,NA,NA,0.038662108938743826,0.17277480105126614
363,1.7536592970688996,0.011613293853652415,52.67078949999986,-0.6331876520698864,-0.019205951285005227,-0.004185580663904569,-4.6163725799415406e-5,40.61415126904546,NA,NA,NA,NA,NA,NA,NA,NA,NA,NA,NA,NA,NA,NA,NA,NA,NA,0.030514726916774575,0.1519234772906137
364,1.7906036477504867,0.010857548030405796,52.51086479999989,-0.5932238785165707,-0.018952854875347144,-0.0030809897892418708,-6.198902472473648e-5,41.30354700123206,NA,NA,NA,NA,NA,NA,NA,NA,NA,NA,NA,NA,NA,NA,NA,NA,NA,0.03030504820223926,0.13721181351744471
365,1.8258989208209264,0.011252664628607478,47.61198299999996,-0.4989868486809566,-0.01774639237087574,-0.0014701412168953098,-1.2834463608537826e-4,40.867189584856405,NA,NA,NA,NA,NA,NA,NA,NA,NA,NA,NA,NA,NA,NA,NA,NA,NA,0.0315136821791385,0.123139139164093
366,1.965828488693743,0.012779287391964721,41.00299059999989,-0.5595729729090893,-0.020651877968514146,-0.0028683602685731177,-1.1011771020029711e-4,39.30078161118592,NA,NA,NA,NA,NA,NA,NA,NA,NA,NA,NA,NA,NA,NA,NA,NA,NA,0.03446461264443839,0.1365105956119269
367,2.043805574476405,0.013600343441622418,35.64273849999992,-0.536988095124831,-0.021997980860643224,-0.003141624786537862,-1.115163895943188e-4,38.44862019521518,NA,NA,NA,NA,NA,NA,NA,NA,NA,NA,NA,NA,NA,NA,NA,NA,NA,0.03626479832527322,0.13479371410185578
368,2.1475034123945327,0.014967775241495646,60.509306,-0.5122209756452493,-0.02421349789632957,-0.0039745322004791405,-9.256300352702993e-5,37.16077935729228,NA,NA,NA,NA,NA,NA,NA,NA,NA,NA,NA,NA,NA,NA,NA,NA,NA,0.03886639794491857,0.13873289095071178
369,2.1344478998357292,0.014427992568415104,53.670575099999965,-0.5057468519412512,-0.023801315370182628,-0.0036883707624825487,-9.295909988780591e-5,37.65488443875045,NA,NA,NA,NA,NA,NA,NA,NA,NA,NA,NA,NA,NA,NA,NA,NA,NA,0.038094134915253056,0.13538028229469842
370,2.0735529331461384,0.013393356521915242,58.68669100000004,-0.500827170756463,-0.023086558182150475,-0.0033047702448606785,-9.879160033742248e-5,38.59431546478829,NA,NA,NA,NA,NA,NA,NA,NA,NA,NA,NA,NA,NA,NA,NA,NA,NA,0.03633815779063812,0.13024363213485296
371,2.018689803850228,0.014222936466294458,59.87687199999982,-0.6159687530057495,-0.02253903438410193,-0.004573330444658907,-6.602239254431922e-5,38.18738622824584,NA,NA,NA,NA,NA,NA,NA,NA,NA,NA,NA,NA,NA,NA,NA,NA,NA,0.03605368906627713,0.1529555515620648
372,2.035101455442672,0.014798183983230835,60.323488300000115,-0.5583684963820278,-0.025641332044240055,-0.005998534224402289,-5.945350359579097e-5,37.48721853799934,NA,NA,NA,NA,NA,NA,NA,NA,NA,NA,NA,NA,NA,NA,NA,NA,NA,0.03696983932490782,0.1491480931144688
373,2.0103858033167747,0.015913159056500262,53.44369280000008,-0.4927822395891969,-0.029056166629967933,-0.008507328912723036,-4.1829155970567166e-5,36.174992273884506,NA,NA,NA,NA,NA,NA,NA,NA,NA,NA,NA,NA,NA,NA,NA,NA,NA,0.03791892482874223,0.15429851036363784
374,2.0216768056380143,0.015492155010517806,35.76711190000012,-0.3644267402150163,-0.03134647784370511,-0.008666740721175415,-2.4730953061536675e-5,35.16740875648111,NA,NA,NA,NA,NA,NA,NA,NA,NA,NA,NA,NA,NA,NA,NA,NA,NA,0.039315259753606405,0.14183622205556257
375,2.0497471128522418,0.015864232441599117,51.29111960000014,-0.3573736161264481,-0.031344735035253264,-0.008649309937290739,-1.438772959515146e-5,34.92745833573553,NA,NA,NA,NA,NA,NA,NA,NA,NA,NA,NA,NA,NA,NA,NA,NA,NA,0.03994962936397311,0.1425609692599465
376,2.0162557253448443,0.015848321603988295,51.9353435000001,-0.4426135383034877,-0.030358851886241815,-0.008536566963795487,-3.527374638278308e-5,35.756136756318206,NA,NA,NA,NA,NA,NA,NA,NA,NA,NA,NA,NA,NA,NA,NA,NA,NA,0.03837032926830275,0.14758947364254432
377,1.8150935497430907,0.011789460451338376,23.11139789999994,-0.46855661378343777,-0.019539260642975013,-0.003894326185852588,-1.825683154406426e-5,40.36937819395626,NA,NA,NA,NA,NA,NA,NA,NA,NA,NA,NA,NA,NA,NA,NA,NA,NA,0.03159935979050657,0.12109894475745842
378,2.0252324957501897,0.014405487950787065,50.65026229999996,-0.36260534601938554,-0.017386751426170563,-0.003923726371215949,9.483836890050287e-5,35.491203790866166,NA,NA,NA,NA,NA,NA,NA,NA,NA,NA,NA,NA,NA,NA,NA,NA,NA,0.039309423004684825,0.12995794889372184
379,2.2528785803668003,0.01653872296796795,63.91052910000014,-0.5016759151749997,-0.02327585804700868,-0.004730819202960886,-6.463216024200846e-5,35.92332196282553,NA,NA,NA,NA,NA,NA,NA,NA,NA,NA,NA,NA,NA,NA,NA,NA,NA,0.04204252945124064,0.14949827401634647
380,2.3434378429309035,0.016275146059505027,72.69513360000003,-0.389277127303392,-0.0236461506715409,-0.0033261516959335238,-7.413938485039735e-5,35.871521226873554,NA,NA,NA,NA,NA,NA,NA,NA,NA,NA,NA,NA,NA,NA,NA,NA,NA,0.04328968332060617,0.14098198406315987
381,2.3457873963635016,0.018096028535439387,68.4131862,-0.4291929437366788,-0.022331503449721832,-0.0049806778094800275,-2.5685839688037356e-5,35.09307044746135,NA,NA,NA,NA,NA,NA,NA,NA,NA,NA,NA,NA,NA,NA,NA,NA,NA,0.0440061024258179,0.15183082858531127
382,2.4319460103541393,0.023153026306113638,96.15973959999994,-0.1934244324156004,-0.0180734092958632,-0.005011850753663816,5.1151822925093925e-5,32.107338664629026,NA,NA,NA,NA,NA,NA,NA,NA,NA,NA,NA,NA,NA,NA,NA,NA,NA,0.049261047894047436,0.15968456851757437
383,2.4449918534917936,0.020566784283652974,98.25346469999997,-0.26487830898721265,-0.022047026865415896,-0.004008208098183473,4.066309453852248e-6,33.07234129965597,NA,NA,NA,NA,NA,NA,NA,NA,NA,NA,NA,NA,NA,NA,NA,NA,NA,0.04842625883448418,0.15255607681452135
384,2.4589061680537934,0.02051961810221905,98.25346469999997,-0.2540183119075876,-0.022072825308766655,-0.00392144242934308,6.1451643657472815e-6,33.13550356560168,NA,NA,NA,NA,NA,NA,NA,NA,NA,NA,NA,NA,NA,NA,NA,NA,NA,0.0484767909409299,0.1514306593434112
385,2.320323785714805,0.018174733939351883,51.91061330000004,-0.4477829760916777,-0.02201453828792261,-0.004422963573725073,-5.312489222325423e-5,34.80584965102269,NA,NA,NA,NA,NA,NA,NA,NA,NA,NA,NA,NA,NA,NA,NA,NA,NA,0.04432501023283851,0.152896558917553
386,1.5652917163301527,0.007931154889206548,25.98384350000013,-0.5043631430064333,-0.013024344592269942,-8.058613982284684e-4,-7.667553049874506e-5,44.416542664481405,NA,NA,NA,NA,NA,NA,NA,NA,NA,NA,NA,NA,NA,NA,NA,NA,NA,0.0254956749058593,0.11240680913021284
387,2.141057970393492,0.013690129590393832,64.62360919999985,-0.5102017332898804,-0.023199146737031735,-0.003937762788850168,-9.121494733046198e-5,38.109003460198956,NA,NA,NA,NA,NA,NA,NA,NA,NA,NA,NA,NA,NA,NA,NA,NA,NA,0.03809897821150157,0.13653644250241756
388,2.2036898078850498,0.01468706184218428,68.3311903999999,-0.5279468034922561,-0.023487057900400614,-0.004635165989982036,-6.118160011852726e-5,37.53140497006693,NA,NA,NA,NA,NA,NA,NA,NA,NA,NA,NA,NA,NA,NA,NA,NA,NA,0.03929784332915269,0.1420442042062542
389,2.1324135405276934,0.014658663298553459,71.76578769999996,-0.5425922467494,-0.023858792730553902,-0.005489761977411196,-3.9616707597287494e-5,37.55905944344506,NA,NA,NA,NA,NA,NA,NA,NA,NA,NA,NA,NA,NA,NA,NA,NA,NA,0.03835629292668761,0.14609615390933822
390,2.1280877130562663,0.015862750717601855,50.38105549999999,-0.417623815564351,-0.02888544701762618,-0.008110758716213176,-2.80790605403016e-5,36.06087075626508,NA,NA,NA,NA,NA,NA,NA,NA,NA,NA,NA,NA,NA,NA,NA,NA,NA,0.03985673531060831,0.1438009777084545
391,1.9686186564305952,0.013254438339344912,9.839589599999943,-0.453120439322227,-0.02407015612995743,-0.005717211332842029,-3.159645966413393e-5,38.657685873793355,NA,NA,NA,NA,NA,NA,NA,NA,NA,NA,NA,NA,NA,NA,NA,NA,NA,0.035005502337439265,0.1281552687771542
392,1.8898490015910592,0.012524688279014453,8.384534599999919,-0.41964034320345345,-0.022688159639183157,-0.004814423932421139,-5.324367749967117e-5,39.462962730199685,NA,NA,NA,NA,NA,NA,NA,NA,NA,NA,NA,NA,NA,NA,NA,NA,NA,0.03333017000355642,0.11910181292863313
393,1.8909683622677151,0.012993435847324783,11.234976999999965,-0.43112185556724053,-0.022937934421230648,-0.005570091637311734,-2.527961011594893e-5,38.46477051830626,NA,NA,NA,NA,NA,NA,NA,NA,NA,NA,NA,NA,NA,NA,NA,NA,NA,0.0343734121982217,0.1271218445125334
394,1.9980562585721733,0.013899283514916323,34.16844799999993,-0.3610447448743577,-0.020541295360898736,-0.004601805394355323,5.4023854100720434e-5,36.55210668671013,NA,NA,NA,NA,NA,NA,NA,NA,NA,NA,NA,NA,NA,NA,NA,NA,NA,0.03769265652965841,0.12526047597069961
395,1.8962762226584728,0.01295515233413846,17.544527099999893,-0.4099195109441513,-0.021330131942029602,-0.0047656771368567415,4.021715608501207e-6,38.575977892796026,NA,NA,NA,NA,NA,NA,NA,NA,NA,NA,NA,NA,NA,NA,NA,NA,NA,0.03420483478248461,0.12102982410706217
396,1.8318805877796502,0.012445778472785373,8.803049799999847,-0.41925349596450856,-0.020712292954143077,-0.00450065400745102,-1.5780563218309625e-5,39.34451476032541,NA,NA,NA,NA,NA,NA,NA,NA,NA,NA,NA,NA,NA,NA,NA,NA,NA,0.03273345840469259,0.11927151056324489
397,1.7136174327181408,0.011178627516651224,19.117894399999848,-0.44911702254138297,-0.018214665313065627,-0.0033444404843086693,-4.641943458357764e-5,40.71196595703986,NA,NA,NA,NA,NA,NA,NA,NA,NA,NA,NA,NA,NA,NA,NA,NA,NA,0.030384230042868436,0.1194482702978185
398,1.6688884574679486,0.010804247161557288,22.48617349999983,-0.44088365663881834,-0.01710836201666557,-0.0028232510651817265,-3.5593171855785024e-5,41.35420401162472,NA,NA,NA,NA,NA,NA,NA,NA,NA,NA,NA,NA,NA,NA,NA,NA,NA,0.029240673146629655,0.11437198580597073
399,1.6210194658790902,0.009785355316432463,20.667102799999956,-0.48589410159836227,-0.0168907592839094,-0.002894089793283169,-1.9188657579860684e-5,43.097262836988605,NA,NA,NA,NA,NA,NA,NA,NA,NA,NA,NA,NA,NA,NA,NA,NA,NA,0.026883144012581475,0.11334795667994216
400,1.6366108642028554,0.009988269179382255,19.04309009999991,-0.4809251701588028,-0.017362031283016256,-0.0031813459884471426,-1.6116474773528573e-5,42.963734962124896,NA,NA,NA,NA,NA,NA,NA,NA,NA,NA,NA,NA,NA,NA,NA,NA,NA,0.027067353854414673,0.11300237492544477
401,1.6499093995030274,0.009979772167703016,20.621523200000038,-0.46788728781397154,-0.01785638140063741,-0.0031955699165431817,-2.5658200055377135e-5,43.006383232954725,NA,NA,NA,NA,NA,NA,NA,NA,NA,NA,NA,NA,NA,NA,NA,NA,NA,0.027191301191327306,0.11010073428750396
402,1.7003340405024703,0.010492830941423925,23.912120499999926,-0.46049234489063606,-0.018332419871332897,-0.0031928346631119806,-3.121282802291732e-5,42.28387616877085,NA,NA,NA,NA,NA,NA,NA,NA,NA,NA,NA,NA,NA,NA,NA,NA,NA,0.028477803444758656,0.11141983881610029
403,1.888361854554831,0.01265603373536143,19.880400399999942,-0.44600308585884013,-0.016828071680744856,-0.0029217865832154763,4.237995942802333e-5,38.61982121547359,NA,NA,NA,NA,NA,NA,NA,NA,NA,NA,NA,NA,NA,NA,NA,NA,NA,0.034088342498923827,0.12144097771071881
404,1.9812919963909268,0.013946804829777249,30.582067299999967,-0.4042318619953141,-0.014604661992648014,-0.002861187366538038,1.0186762124445646e-4,36.470051055967595,NA,NA,NA,NA,NA,NA,NA,NA,NA,NA,NA,NA,NA,NA,NA,NA,NA,0.037350803126911435,0.12574353087755422
405,2.261465086659109,0.013708945533758617,61.06797759999987,-0.40015741092584245,-0.023141983970760394,-0.0027127437096833144,-8.84769721942369e-5,38.00924984561005,NA,NA,NA,NA,NA,NA,NA,NA,NA,NA,NA,NA,NA,NA,NA,NA,NA,0.0395045538061591,0.12973992534462284
406,2.1127654957577353,0.013312882650374683,38.53855319999992,-0.4773834841180933,-0.02031205781270871,-0.0021720802196463843,-1.282833129551102e-4,38.44652407246116,NA,NA,NA,NA,NA,NA,NA,NA,NA,NA,NA,NA,NA,NA,NA,NA,NA,0.03755783514232075,0.13190103885264146
407,2.254606553851956,0.015512147301894713,55.30376959999999,-0.4923599214274247,-0.022818986513149495,-0.0038833577726398883,-8.186840235319114e-5,36.710635542876446,NA,NA,NA,NA,NA,NA,NA,NA,NA,NA,NA,NA,NA,NA,NA,NA,NA,0.041062532332626724,0.14310702657794616
408,1.9538516216144148,0.01423598456794089,64.52398400000007,-0.6553284562755011,-0.01753326174359187,-0.005463727514780632,-1.8081699559373156e-5,38.25763876952979,NA,NA,NA,NA,NA,NA,NA,NA,NA,NA,NA,NA,NA,NA,NA,NA,NA,0.03497805877677386,0.17219220504148613
409,1.6259394929127153,0.010442789109119447,23.16743630000006,-0.5668313115804725,-0.017084175687901913,-0.004343303870085547,-3.165499505557778e-5,42.04824046865036,NA,NA,NA,NA,NA,NA,NA,NA,NA,NA,NA,NA,NA,NA,NA,NA,NA,0.02783073019770097,0.13932979284134095
410,1.3411553145878157,0.006924571897909639,19.260791500000064,-0.4804265759641884,-0.01291716267635758,-0.002275571653389433,-3.092157096320098e-5,45.92060076644168,NA,NA,NA,NA,NA,NA,NA,NA,NA,NA,NA,NA,NA,NA,NA,NA,NA,0.021574317731074877,0.10719109341772162
411,1.0380165334640374,0.005479366677703403,5.836001700000091,-0.418555905091356,-0.012622508899458552,-0.002310379291886543,-4.7163067723376016e-5,48.328352570642956,NA,NA,NA,NA,NA,NA,NA,NA,NA,NA,NA,NA,NA,NA,NA,NA,NA,0.016752601179464522,0.08726817992009422
412,1.8161616202201964,0.010146152961176033,41.53603779999995,-0.4524640211764185,-0.016887820179701953,-0.0011064952370582533,-1.1681813327606929e-4,41.98106055623698,G00412,119.34348521922756,50.476663395402674,1904.5768879433906,2.4345602062013416,664.2777777777778,12.288155184851753,23.934472295973038,692.9444444444445,111.35236716479184,27857.511363636364,49288.30397727273,151952.13636363635,737.280888260095,0.7606530508949186,0.19318442544889067,0.014487167626542966,0.03063431033858499,0.11464145578011731
413,2.041847002103778,0.012275406699470614,54.629838099999816,-0.4857005789009971,-0.022107050987742325,-0.003353602729147382,-9.421710544829678e-5,39.451587777963944,G00413,119.92545525326737,50.594981556312646,9991.768486017923,2.937854846318563,609.5333333333333,12.231537437438964,24.22681655883789,620.2666666666667,84.35932217659906,27865.738636363636,48944.76988636364,136566.79261363635,781.8294125921459,0.8609492759054859,0.10267104702280533,0.0067952041748451176,0.03546718148344243,0.12731707562733058
414,2.1766159098812388,0.014188819454879792,72.95550559999991,-0.5101134434288127,-0.02356085375532489,-0.004384499430309877,-5.847014334407299e-5,37.80051176492249,G00414,120.82340571407563,50.59520423372765,10000,3.7222233745786877,590.3888888888889,11.724837991926405,24.56547239091661,479.72222222222223,156.09416673562436,28614.4263803681,49794.63190184049,185209.61656441717,784.7553413549024,0.8300863711234371,0.1234146288481275,0.013021053309786977,0.038641442003280194,0.1377591447052072
415,2.101191874828463,0.013973275893099577,67.74335429999987,-0.5286477584563517,-0.02429357533266129,-0.004912357476368544,-6.289222774581352e-5,38.06694453653407,G00415,121.72172099819515,50.59520423372765,10000,2.774626510483878,661.5,10.44746732711792,22.84166077205113,642.9285714285714,164.32681521225376,26541.397014925373,46726.0447761194,110038.56417910448,808.6377151668897,0.9442766891593019,0.037973174329000395,0.0021240188683451858,0.03736366082986896,0.13882539341072941
416,1.7074832272587623,0.010073541413852262,22.31401610000004,-0.44190915812927983,-0.017537832638180147,-0.003256778571733791,-2.651894489022523e-5,42.79961516574175,G00416,122.62003628231469,50.59520423372765,10000,3.043587493896484,670.4,10.10236644744873,22.941699981689453,523,141.56977078458522,25651.4,45598.2,74530.4,829.1709027752828,0.9563891897355584,0.03564054049537197,0.001321621626679238,0.028179564228598925,0.1081087328171885
417,1.721028008692906,0.010323062210675697,28.405051400000094,-0.42688221110648417,-0.017836731727632876,-0.00337222375690714,-2.2836625135251608e-5,42.61657677367319,G00417,123.51835156643419,50.59520423372765,10000,-0.8280647482190814,352.2142857142857,12.51481396811349,18.526446274348668,2629.6428571428573,827.0217750963493,32587.866071428572,52730.955357142855,505611.14285714284,420.70937991988575,0.07539309521261571,0.1093935932254232,0.0029148230682001126,0.028406629322404117,0.10608209344578991
418,1.6829541740250165,0.00923816222332099,19.217323200000028,-0.46515020360233567,-0.017008894153193573,-0.0029828295554137057,-2.3899500317767938e-5,43.57100622035257,G00418,124.41666685055372,50.59520423372765,10000,-2.451604163646698,334.15,12.429520893096925,16.788387775421143,2882.85,805.0732085050599,33604.52710843374,53995.05722891566,454850.0120481928,291.49559737302354,0.07300898145039085,0.017353414320320924,7.051273147007359e-4,0.027195373094422708,0.1079046217986246
419,1.756697136520807,0.010503266177334354,20.978296300000014,-0.45674923508893434,-0.01792285471224303,-0.0035190686910422327,-1.808818961695829e-5,42.17056558475947,G00419,125.31498213467323,50.59520423372765,10000,-3.7434145038326583,334.875,12.114273428916931,15.01422925790151,3086.1666666666665,489.3748156014237,34326.119047619046,55031.97321428572,424479.91071428574,197.8820772412081,0.08186248839088009,2.8178738532566805e-4,1.0876168177342619e-5,0.029294395146204043,0.1132629824364341
420,1.9596939909977023,0.012435980309132164,22.59419459999984,-0.412777557116153,-0.015828528180610927,-0.0026374364951081697,4.739562452570844e-5,38.554835271997575,G00420,126.21329741879276,50.59520423372765,10000,-5.482926566898823,333.15,12.108209466934204,13.631762361526489,3235.85,319.7710159341821,30835.383522727272,50587.536931818184,268278.9090909091,138.00106993740263,0.034172094863501354,5.723148153105352e-4,7.478009307070116e-5,0.03535538594794772,0.11910627638888191
421,2.3291246700743247,0.013257226806608367,74.2757146,-0.378809852409413,-0.021610602381370855,-0.002364272994210666,-7.511198693245584e-5,38.17375830523877,G00421,126.96491716866132,50.580664266234116,6666.671493962545,-4.44998832543691,286.2083333333333,12.689992308616638,15.677573005358378,2868.125,374.5922203166253,30949.701704545456,51477.09090909091,242798.79545454544,249.38690672158634,0.018470543970777357,1.0197916731579392e-4,1.4398148226620026e-4,0.04046822831278366,0.13010841567200948
422,2.3291246700743247,0.013257226806608367,74.2757146,-0.378809852409413,-0.021610602381370855,-0.002364272994210666,-7.511198693245584e-5,38.17375830523877,NA,NA,NA,NA,NA,NA,NA,NA,NA,NA,NA,NA,NA,NA,NA,NA,NA,0.04046822831278366,0.13010841567200948
423,2.2331943938753533,0.014993095448253568,65.46698110000003,-0.48241857836556246,-0.02397101147479662,-0.005787716373430044,-3.6621752470615955e-5,37.02260350158293,NA,NA,NA,NA,NA,NA,NA,NA,NA,NA,NA,NA,NA,NA,NA,NA,NA,0.04061405082787807,0.14484492093684398
424,2.234966129272056,0.013857170191604378,58.545655199999835,-0.4479182421126497,-0.023361806961367405,-0.004442720342519876,-5.434856307527451e-5,37.68316662294896,NA,NA,NA,NA,NA,NA,NA,NA,NA,NA,NA,NA,NA,NA,NA,NA,NA,0.039962823929432775,0.13653639754791777
425,2.169418782461589,0.01287359394765839,57.82282409999996,-0.5097174057871163,-0.021836754355326667,-0.004057453225762206,-5.81107753434162e-5,38.78175178995138,NA,NA,NA,NA,NA,NA,NA,NA,NA,NA,NA,NA,NA,NA,NA,NA,NA,0.037852796776525574,0.13499024031159554
426,2.145146663098041,0.012584415415815788,44.32611579999989,-0.43502634829553,-0.022207309242219888,-0.0036437186908852065,-6.842485898680299e-5,38.821492469126014,NA,NA,NA,NA,NA,NA,NA,NA,NA,NA,NA,NA,NA,NA,NA,NA,NA,0.03760541621039952,0.12804959253244758
427,2.113916820379674,0.013702391356103358,23.628451699999943,-0.44560730262011056,-0.0244036848312108,-0.005947932904856341,-3.397262719847346e-5,37.92845471813139,NA,NA,NA,NA,NA,NA,NA,NA,NA,NA,NA,NA,NA,NA,NA,NA,NA,0.03798910033193054,0.1336482205631781
428,2.0705135137333808,0.013905854039840519,22.160102599999927,-0.4033550874191455,-0.02565508595370541,-0.00676107483707867,-3.5256856411191125e-5,37.47205719196337,NA,NA,NA,NA,NA,NA,NA,NA,NA,NA,NA,NA,NA,NA,NA,NA,NA,0.037909551428431325,0.13230373761947262
429,2.095354423588447,0.014017841944408506,32.755639999999936,-0.3680186827996673,-0.024678969557450022,-0.006147065315233893,-1.2292672843056592e-5,36.708794066308556,NA,NA,NA,NA,NA,NA,NA,NA,NA,NA,NA,NA,NA,NA,NA,NA,NA,0.03926297756658625,0.13159543315589972
430,2.043847698158331,0.012830205380217044,18.049157699999935,-0.4246446526360589,-0.023283742959177085,-0.005275558329564422,-3.504743409580156e-5,38.995765126981695,NA,NA,NA,NA,NA,NA,NA,NA,NA,NA,NA,NA,NA,NA,NA,NA,NA,0.03584061677806878,0.1241531604251952
431,1.8340626731047016,0.011518239430191379,22.84558289999993,-0.43923215825070216,-0.019997081532251146,-0.004449559406232937,-3.740442126962322e-5,40.842799754082655,NA,NA,NA,NA,NA,NA,NA,NA,NA,NA,NA,NA,NA,NA,NA,NA,NA,0.031492933521961794,0.11789590879914166
432,1.7817660805172109,0.010919935426472101,27.530435899999787,-0.4296416305099426,-0.018653674492090173,-0.0036710803356978126,-3.5430034659599976e-5,41.62109789240486,NA,NA,NA,NA,NA,NA,NA,NA,NA,NA,NA,NA,NA,NA,NA,NA,NA,0.03017644871445076,0.11180317185651723
433,1.7306159144513051,0.010473857883597252,28.849358300000087,-0.4391931137110636,-0.01796606727393274,-0.0035028130012256147,-3.200422776563164e-5,42.287077402608645,NA,NA,NA,NA,NA,NA,NA,NA,NA,NA,NA,NA,NA,NA,NA,NA,NA,0.028951889586803305,0.1107105900455852
434,1.7517431325752673,0.010840343940207702,26.272593400000083,-0.4292741420104671,-0.018581437872493337,-0.0038626841668805314,-2.921423996375517e-5,41.978201221277985,NA,NA,NA,NA,NA,NA,NA,NA,NA,NA,NA,NA,NA,NA,NA,NA,NA,0.029368485254600556,0.1106686828012467
435,1.7860095663056337,0.010848330084399027,25.299304599999935,-0.4420283233145073,-0.018700441657424464,-0.003781598887204766,-2.586124399393364e-5,41.79398131673044,NA,NA,NA,NA,NA,NA,NA,NA,NA,NA,NA,NA,NA,NA,NA,NA,NA,0.029969720976006337,0.11269361273795428
436,1.8356480515809344,0.011514809588322605,22.06950659999994,-0.45556491106755914,-0.01908862376628116,-0.004221050239759038,-9.107183651938623e-6,40.825922032123955,NA,NA,NA,NA,NA,NA,NA,NA,NA,NA,NA,NA,NA,NA,NA,NA,NA,0.03144906813967986,0.11952101613698855
437,1.8272630173432152,0.010790893431974948,21.43070019999998,-0.4458450904366493,-0.016864558736542527,-0.002492322399632665,-1.8579821014024493e-5,41.1058070855769,NA,NA,NA,NA,NA,NA,NA,NA,NA,NA,NA,NA,NA,NA,NA,NA,NA,0.03141848599544391,0.11358685861918666
438,2.3291246700743247,0.013257226806608367,74.2757146,-0.378809852409413,-0.021610602381370855,-0.002364272994210666,-7.511198693245584e-5,38.17375830523877,NA,NA,NA,NA,NA,NA,NA,NA,NA,NA,NA,NA,NA,NA,NA,NA,NA,0.04046822831278366,0.13010841567200948
439,2.3291246700743247,0.013257226806608367,74.2757146,-0.378809852409413,-0.021610602381370855,-0.002364272994210666,-7.511198693245584e-5,38.17375830523877,NA,NA,NA,NA,NA,NA,NA,NA,NA,NA,NA,NA,NA,NA,NA,NA,NA,0.04046822831278366,0.13010841567200948
440,2.3174775285387654,0.013059002532712088,74.2757146,-0.3814617415773749,-0.021935228193662962,-0.0024132286059480824,-8.507604037517417e-5,38.3975122162254,NA,NA,NA,NA,NA,NA,NA,NA,NA,NA,NA,NA,NA,NA,NA,NA,NA,0.04007446429939926,0.12946750472771829
441,2.3174775285387628,0.013059002532712638,74.2757146,-0.3814617415773592,-0.021935228193662837,-0.0024132286059484927,-8.507604037515578e-5,38.3975122162254,NA,NA,NA,NA,NA,NA,NA,NA,NA,NA,NA,NA,NA,NA,NA,NA,NA,0.040074464299399246,0.1294675047277156
442,2.3291246700743247,0.013257226806608367,74.2757146,-0.378809852409413,-0.021610602381370855,-0.002364272994210666,-7.511198693245584e-5,38.17375830523877,NA,NA,NA,NA,NA,NA,NA,NA,NA,NA,NA,NA,NA,NA,NA,NA,NA,0.04046822831278366,0.13010841567200948
443,2.3291246700743247,0.013257226806608367,74.2757146,-0.378809852409413,-0.021610602381370855,-0.002364272994210666,-7.511198693245584e-5,38.17375830523877,NA,NA,NA,NA,NA,NA,NA,NA,NA,NA,NA,NA,NA,NA,NA,NA,NA,0.04046822831278366,0.13010841567200948
444,2.3291246700743202,0.013257226806608442,74.2757146,-0.3788098524094095,-0.021610602381370518,-0.0023642729942107846,-7.511198693242625e-5,38.17375830523874,NA,NA,NA,NA,NA,NA,NA,NA,NA,NA,NA,NA,NA,NA,NA,NA,NA,0.04046822831278362,0.1301084156720067
445,2.3291246700743247,0.013257226806608367,74.2757146,-0.378809852409413,-0.021610602381370855,-0.002364272994210666,-7.511198693245584e-5,38.17375830523877,NA,NA,NA,NA,NA,NA,NA,NA,NA,NA,NA,NA,NA,NA,NA,NA,NA,0.04046822831278366,0.13010841567200948
446,2.3291246700743247,0.013257226806608367,74.2757146,-0.378809852409413,-0.021610602381370855,-0.002364272994210666,-7.511198693245584e-5,38.17375830523877,NA,NA,NA,NA,NA,NA,NA,NA,NA,NA,NA,NA,NA,NA,NA,NA,NA,0.04046822831278366,0.13010841567200948
447,2.3291246700743247,0.013257226806608367,74.2757146,-0.378809852409413,-0.021610602381370855,-0.002364272994210666,-7.511198693245584e-5,38.17375830523877,NA,NA,NA,NA,NA,NA,NA,NA,NA,NA,NA,NA,NA,NA,NA,NA,NA,0.04046822831278366,0.13010841567200948
448,1.5014517272107561,0.006392624399349122,11.23160040000015,-0.4280741394237549,-0.01289573202552098,1.2621504943664394e-5,-5.012645957607131e-5,46.522913797548384,NA,NA,NA,NA,NA,NA,NA,NA,NA,NA,NA,NA,NA,NA,NA,NA,NA,0.022868699516642266,0.08495748522618107
449,1.7712454279467986,0.00906326843981441,29.0751152,-0.4745531130931719,-0.01695703331789635,-0.0018514472901233873,-6.18969259141319e-5,43.23868615936633,NA,NA,NA,NA,NA,NA,NA,NA,NA,NA,NA,NA,NA,NA,NA,NA,NA,0.02879480871370556,0.10827391345707896
450,2.063134893230323,0.011809505075085368,45.15728589999977,-0.5069948070948681,-0.021630822248232182,-0.004100666892985877,-6.0660779163857056e-5,39.9520554305066,NA,NA,NA,NA,NA,NA,NA,NA,NA,NA,NA,NA,NA,NA,NA,NA,NA,0.0352789989704267,0.12888538344488928
451,2.211640225114627,0.014208988253192341,56.3272101999999,-0.45615957237470706,-0.023075169460987293,-0.0048370181696613225,-3.789052943386214e-5,37.261217023406005,NA,NA,NA,NA,NA,NA,NA,NA,NA,NA,NA,NA,NA,NA,NA,NA,NA,0.040207774827689155,0.1385768154979628
452,2.2439056146728364,0.014160438293147231,48.27779469999995,-0.40679386130346934,-0.02429913285764142,-0.004544046592485168,-5.963124794803114e-5,37.26365089711799,NA,NA,NA,NA,NA,NA,NA,NA,NA,NA,NA,NA,NA,NA,NA,NA,NA,0.04060038592619974,0.135632950397095
453,2.2332605738967812,0.01492766579295028,63.831541399999914,-0.45818553538343354,-0.024876307598979793,-0.005485233803241801,-5.262647454923512e-5,36.85242899413694,NA,NA,NA,NA,NA,NA,NA,NA,NA,NA,NA,NA,NA,NA,NA,NA,NA,0.04085520773903919,0.1422495793230516
454,1.8058381475313763,0.010452820081412694,24.387095700000142,-0.42527284527403325,-0.017482531284124674,-0.00357823200007596,-3.989110857589327e-5,41.908231959984114,NA,NA,NA,NA,NA,NA,NA,NA,NA,NA,NA,NA,NA,NA,NA,NA,NA,0.030455300105290288,0.11292152118834745
455,1.8221135483474535,0.011002383040030487,24.83550690000002,-0.4208171386873541,-0.018375244158190602,-0.0042575995945311204,-2.8922908400361407e-5,41.50803679875227,NA,NA,NA,NA,NA,NA,NA,NA,NA,NA,NA,NA,NA,NA,NA,NA,NA,0.03082560901130081,0.11454407346483408
456,1.8809790789692997,0.011555105579641945,21.65319189999993,-0.414400274884101,-0.01992128428917093,-0.005015304923997688,-2.7794160978120657e-5,40.965915820032926,NA,NA,NA,NA,NA,NA,NA,NA,NA,NA,NA,NA,NA,NA,NA,NA,NA,0.031881808022423797,0.11659995806182857
457,1.9370732025528246,0.011978532827525458,18.382265899999936,-0.40826702072031607,-0.020770351336451037,-0.005263010466285287,-2.8152381694205008e-5,40.210332213650624,NA,NA,NA,NA,NA,NA,NA,NA,NA,NA,NA,NA,NA,NA,NA,NA,NA,0.03337794051118008,0.11910911907646028
458,2.0919403808821624,0.014188661985334076,31.785296399999886,-0.36622339408668314,-0.021830201267110726,-0.006699080925860827,4.373774895038502e-5,36.51890422802472,NA,NA,NA,NA,NA,NA,NA,NA,NA,NA,NA,NA,NA,NA,NA,NA,NA,0.039502855197590336,0.13714657812352327
459,2.143540469498449,0.012787989550090929,37.96814309999995,-0.35728597227806713,-0.012000667389910668,-0.0011998448674421258,8.08962714587794e-5,37.36046245689601,NA,NA,NA,NA,NA,NA,NA,NA,NA,NA,NA,NA,NA,NA,NA,NA,NA,0.03932250879774757,0.12199239715512826
460,0.9404602580318419,0.0042841137357823335,5.208685199999989,-0.38851481949483596,-0.009381385046974845,-0.0013071084925895355,-4.9911254283467015e-5,49.888153739294594,NA,NA,NA,NA,NA,NA,NA,NA,NA,NA,NA,NA,NA,NA,NA,NA,NA,0.014569238689916754,0.07499348082781332
461,0.920467319589927,0.0033431476179587353,0.3266507999998964,-0.3138264224441789,-0.004546686104444912,0.0017858530089249738,-3.897218748914152e-5,51.05343571148284,NA,NA,NA,NA,NA,NA,NA,NA,NA,NA,NA,NA,NA,NA,NA,NA,NA,0.013207010417816582,0.05011380751407823
462,2.3737222747732294,0.012366301627589664,66.0130644000001,-0.35937899129780176,-0.020512908100615214,-0.0020448034407328005,-8.06151358364876e-5,38.80392415987677,NA,NA,NA,NA,NA,NA,NA,NA,NA,NA,NA,NA,NA,NA,NA,NA,NA,0.040582307735137886,0.12885710990524935
463,2.386101557715842,0.012568448286700536,72.2605522000001,-0.35597962930216415,-0.020166863181209943,-0.001988477179763858,-7.060148391497978e-5,38.573684694638736,NA,NA,NA,NA,NA,NA,NA,NA,NA,NA,NA,NA,NA,NA,NA,NA,NA,0.040998490970701934,0.12952463992493088
464,2.386101557715842,0.012568448286700536,72.2605522000001,-0.35597962930216415,-0.020166863181209943,-0.001988477179763858,-7.060148391497978e-5,38.573684694638736,NA,NA,NA,NA,NA,NA,NA,NA,NA,NA,NA,NA,NA,NA,NA,NA,NA,0.040998490970701934,0.12952463992493088
465,1.8701622887069131,0.010416185056211117,21.86970920000011,-0.4698329303948984,-0.018250656636525392,-0.0039314240663664525,-2.629503296908946e-5,41.860536127389594,NA,NA,NA,NA,NA,NA,NA,NA,NA,NA,NA,NA,NA,NA,NA,NA,NA,0.03110490544351619,0.11900197813914282
466,2.1964658975953606,0.012955490390877152,36.97914979999993,-0.4199202554741254,-0.021807996367260947,-0.004590981878573771,-3.318872290469166e-5,38.29745533901866,NA,NA,NA,NA,NA,NA,NA,NA,NA,NA,NA,NA,NA,NA,NA,NA,NA,0.03901436117403907,0.13087370012533553
467,2.1174866607971947,0.013356780122580531,27.638563499999897,-0.4280850394204739,-0.02398453014070553,-0.006557456613430111,-3.337082394324736e-5,38.387124755617144,NA,NA,NA,NA,NA,NA,NA,NA,NA,NA,NA,NA,NA,NA,NA,NA,NA,0.03763620424413358,0.13296110730379884
468,2.037160222910052,0.01197737886252224,24.03775840000001,-0.44252313356496387,-0.021638638990976067,-0.005182349269895621,-3.7516960536796536e-5,39.940948670668924,NA,NA,NA,NA,NA,NA,NA,NA,NA,NA,NA,NA,NA,NA,NA,NA,NA,0.034986564401422456,0.12427390832706672
469,2.0491343435840386,0.011694714987980769,22.173953399999963,-0.43015842540912325,-0.02146325653495736,-0.004736111730576167,-4.005949143461877e-5,40.2499403051217,NA,NA,NA,NA,NA,NA,NA,NA,NA,NA,NA,NA,NA,NA,NA,NA,NA,0.034778905820776876,0.1203700486116483
470,1.995088104660833,0.012053236827188157,15.258382899999882,-0.3902416345916508,-0.0214357487162258,-0.005038670692499586,-3.362915104362633e-5,40.09861758986424,NA,NA,NA,NA,NA,NA,NA,NA,NA,NA,NA,NA,NA,NA,NA,NA,NA,0.034169806745833975,0.1163310030433165
471,1.930950076239661,0.011977686788856393,22.68973169999989,-0.3910213265876408,-0.020706004305860715,-0.005145678070714444,-2.6173075912636618e-5,40.369394113421734,NA,NA,NA,NA,NA,NA,NA,NA,NA,NA,NA,NA,NA,NA,NA,NA,NA,0.03305880964611771,0.11551593885866167
472,1.8501938585393662,0.01153052310718682,24.366986099999973,-0.4055290742803939,-0.019128449073077623,-0.004750235104190522,-2.032606309411631e-5,40.979149539452365,NA,NA,NA,NA,NA,NA,NA,NA,NA,NA,NA,NA,NA,NA,NA,NA,NA,0.03153416845436869,0.11509881214009746
473,1.7937194341512266,0.01015042321264896,21.86970920000011,-0.449082643330043,-0.017192131141498354,-0.003546625891592572,-2.1270422139044584e-5,42.389688528930144,NA,NA,NA,NA,NA,NA,NA,NA,NA,NA,NA,NA,NA,NA,NA,NA,NA,0.029705043062507583,0.11354705363843436
474,1.8147696561877615,0.01000413377565093,22.31401610000004,-0.444617742518444,-0.01754756771238549,-0.00344479414493707,-2.8891665535633045e-5,42.50572079311883,NA,NA,NA,NA,NA,NA,NA,NA,NA,NA,NA,NA,NA,NA,NA,NA,NA,0.029840744956310828,0.11148226043068539
475,1.836147065762429,0.01012194700757988,22.31401609999998,-0.4543333084119589,-0.01790348005807439,-0.0036895444181967063,-2.6885613655710378e-5,42.332606490261796,NA,NA,NA,NA,NA,NA,NA,NA,NA,NA,NA,NA,NA,NA,NA,NA,NA,0.030213254897252916,0.11405988808575283
476,1.8206416297103802,0.010607799112220505,24.38709570000011,-0.4398370701407849,-0.017663182364095094,-0.0037963048762058604,-2.2825512731198074e-5,41.819378557144155,NA,NA,NA,NA,NA,NA,NA,NA,NA,NA,NA,NA,NA,NA,NA,NA,NA,0.030578097347488363,0.1149979949097232
477,1.7350580493686114,0.009919104816715285,22.31401610000004,-0.4285151355464869,-0.016718888169514997,-0.003298665474494264,-3.28452669080661e-5,42.80936430014576,NA,NA,NA,NA,NA,NA,NA,NA,NA,NA,NA,NA,NA,NA,NA,NA,NA,0.028708032995500173,0.10906729154140955
478,1.744983297917748,0.010204420125385768,26.77627870000001,-0.42937455456502455,-0.01706960657901208,-0.003591339814811801,-3.935164304725802e-5,42.427167415240255,NA,NA,NA,NA,NA,NA,NA,NA,NA,NA,NA,NA,NA,NA,NA,NA,NA,0.029216018413481946,0.11207108469372351
479,1.8693131814206752,0.011712873550927821,21.65319189999993,-0.40597208382681976,-0.01977362228982998,-0.0050109169558824294,-3.341980233038983e-5,40.510849849942026,NA,NA,NA,NA,NA,NA,NA,NA,NA,NA,NA,NA,NA,NA,NA,NA,NA,0.03234407807417254,0.11805120319080514
480,1.973068462899388,0.012805235641840008,16.47662689999994,-0.4106966268588559,-0.022263071353381125,-0.006458768726742294,-1.8183095775353775e-5,38.9096953488017,NA,NA,NA,NA,NA,NA,NA,NA,NA,NA,NA,NA,NA,NA,NA,NA,NA,0.03518361989709365,0.12860942011488624
481,2.1665960870729277,0.016689402141490114,56.91744470000005,-0.22943968976785856,-0.017353397385190615,-0.006327420956014857,1.3369065036722319e-4,33.448373584127886,G00481,116.71127046922642,49.77393324251044,228.37858612091736,9.139606714248657,69.95833333333333,14.491052110989889,32.646426836649574,1183.9166666666667,244.01762528406707,11471.47619047619,18427.366071428572,10958.967261904761,18.884726286324614,2.037037078210873e-6,0.007487291641788303,6.600000007539266e-4,0.0445063610036036,0.1468739631061921
482,2.2442205896136116,0.017722151443731557,85.70850989999987,-0.11556175593688864,-0.003318495380921929,-9.747076936708684e-4,2.520863625149219e-4,32.010793775065594,G00482,116.83403014820387,49.75535526250151,106.6827112216264,10.29841980934143,42.7,14.99500617980957,34.549250316619876,926.95,148.96148389503415,9987.258522727272,16251.30965909091,3534.40625,13.03572180158744,0,9.513888869184518e-6,3.0555555575254536e-6,0.0474861268350711,0.1362213144445266
483,1.939025611940002,0.008976079106676742,32.76852970000002,-0.38314566951651285,-0.014904483652189071,1.1776386532511445e-4,-6.228484807196697e-5,42.979852115732875,G00483,118.46972250206176,49.791925528401364,556.8458073379652,9.476434874534608,39.05,15.265715551376342,33.59119930267334,1037.05,185.81073420921734,8890.448863636364,14379.602272727272,2410.7073863636365,15.586449000085402,0,9.270833022499035e-6,1.0428240848678225e-5,0.031080095488727512,0.10308427490182628
484,1.6051572115731654,0.00840978454686444,35.04244200000009,-0.5190257755793231,-0.008950079184547065,-0.0019006125760450152,4.0496069170894855e-5,43.2177169883626,G00484,119.13284538063802,49.9216220029174,5414.493524224485,8.812152723471323,37.541666666666664,15.37885582447052,32.396979093551636,1115.5416666666667,104.7128492454553,9220.110119047618,15176.511904761905,2806.3273809523807,15.586447945324485,0,0,3.97196260998167e-6,0.02616886023051383,0.12315991591805904
485,1.1857453771918214,0.005350058288918255,3.56005340000011,-0.4258574672391975,-0.008400781898775106,-0.0013449555819842534,-1.4660784841277645e-5,47.57783603800474,G00485,119.9250904299561,50.021499450700304,10000,9.520185375213623,34,15.391660404205322,32.99668731689453,976.9,165.48903604961745,9523.443181818182,15577.977272727272,2908.190340909091,14.84261943728914,0,0,6.304398207164384e-5,0.018383546143850443,0.09269819304431483
486,2.386101557715842,0.012568448286700536,72.2605522000001,-0.35597962930216415,-0.020166863181209943,-0.001988477179763858,-7.060148391497978e-5,38.573684694638736,G00486,120.82340571407563,50.021499450700304,10000,10.012166698773703,33.875,15.653184096018473,33.65004173914591,853.6666666666666,214.67380040356613,8545.002976190477,13763.092261904761,2376.3303571428573,13.133033350990145,0,0,1.0879629627635479e-5,0.040998490970701934,0.12952463992493088
487,2.386101557715842,0.012568448286700536,72.2605522000001,-0.35597962930216415,-0.020166863181209943,-0.001988477179763858,-7.060148391497978e-5,38.573684694638736,G00487,121.72172099819515,50.021499450700304,10000,9.430951595306396,38.9,15.767469692230225,32.98163728713989,956.55,186.51526676613392,10298.582386363636,16461.66193181818,3059.1363636363635,12.311938907923247,0,9.837963076548745e-7,0.001331064816479368,0.040998490970701934,0.12952463992493088
488,2.3861015577158438,0.012568448286700359,72.2605522000001,-0.35597962930214266,-0.02016686318121011,-0.0019884771797640207,-7.060148391500862e-5,38.573684694638715,G00488,122.62003628231469,50.021499450700304,10000,7.637912011146545,51,15.314698934555054,30.535837173461914,1284.4,258.035166921916,10745.130952380952,17338.58630952381,3601.7708333333335,13.339996105463863,0,9.027777852881829e-7,0.0014759375028756108,0.040998490970701906,0.129524639924938
489,1.9450556898054714,0.012707512694599308,18.707758199999944,-0.3976160758148003,-0.021057681513162962,-0.006042925964341249,2.506209488207612e-6,39.02346760262337,G00489,123.51835156643419,50.021499450700304,10000,4.525171895821889,76.41666666666667,14.475489616394043,26.663864692052204,1846.5,245.5207420618647,10528.713068181818,17414.196022727272,3666.3210227272725,18.14314382778522,1.5186915759195216e-7,9.906542016613236e-6,4.281542062170251e-4,0.034645283172480605,0.12559348284547636
490,1.9031237065776472,0.011217147692837479,16.10670550000006,-0.4902566838580666,-0.019630471872787835,-0.005127507911926077,-2.8371445512558522e-5,41.02561891241648,G00490,124.41666685055372,50.021499450700304,10000,3.93923442363739,81.05,14.424845790863037,26.027174949645996,1921.45,138.81925962237827,10704.357142857143,17890.556547619046,4188.758928571428,19.01281022518338,0,1.412036998839607e-6,6.872453730668187e-4,0.03223361892313635,0.1289155787099767
491,1.943874030129417,0.010733994630409619,19.480706699999946,-0.48297988954285537,-0.019616485088872704,-0.004289008437386618,-5.050419055584235e-5,41.28073963689153,G00491,125.31498213467323,50.021499450700304,10000,5.229195857048035,69.35,14.284066581726075,27.70528745651245,1618.7,115.8034178206644,9660.477272727272,15981.761363636364,3092.3039772727275,14.82953554066711,2.314814756337674e-8,6.828703548038633e-7,5.230439805607737e-4,0.03266321974277824,0.12410873324230098
492,2.0687766764602475,0.011758088217470921,23.866446299999915,-0.4693608756384414,-0.02150038823894024,-0.004882758003884778,-4.746983125541121e-5,40.02844511886267,G00492,126.21329741879276,50.021499450700304,10000,6.124213079611461,63.625,13.339195410410563,28.57240629196167,1447.0416666666667,104.31785839303902,9243.173295454546,15484.730113636364,2926.6732954545455,14.4009545719801,0,1.157407378168837e-8,4.749884270352225e-4,0.035385848767673075,0.12715196163092632
493,2.1005825420526767,0.0120987162997378,19.460159200000014,-0.4428351373610501,-0.022323542195667186,-0.004990034103489774,-5.3969348996144054e-5,39.63134247587774,G00493,127.07175202779695,50.015963241049114,9078.777686093666,7.4701927423477175,51.7,13.065841579437256,30.290249824523926,1144.85,113.42805510194789,9047.333333333334,14627.497023809523,2467.5565476190477,12.573479334497863,0,6.944444690075384e-8,4.23333333909189e-4,0.03618762174624473,0.12586187474648283
494,2.088793162188711,0.01182173155366622,36.31206559999988,-0.4767580986200869,-0.021595325089450595,-0.004409291806654983,-6.2034954642181e-5,39.8086370842268,G00494,127.57046359883033,49.73881981175601,5.614818812845514,8.365038613478342,41.125,14.084294398625692,32.34933312733968,958.2083333333334,23.896478122657875,7201.150568181818,11977.923295454546,5709.585227272727,12.06922267627326,1.6355140283747324e-7,0.0015642756890110407,7.097196303883695e-4,0.03593888925481805,0.1279304065964159
495,2.090830216342241,0.01104443067857915,21.279446199999818,-0.44569498160959226,-0.019978101843007946,-0.003419141894740125,-6.0407436571331846e-5,40.45683064356823,NA,NA,NA,NA,NA,NA,NA,NA,NA,NA,NA,NA,NA,NA,NA,NA,NA,0.03539268138321726,0.12189933814682795
496,2.0261500852801264,0.010891589837605357,19.872466999999848,-0.4293418628275885,-0.01988635278122061,-0.0034179257499644135,-6.181755610436519e-5,40.84105551804638,NA,NA,NA,NA,NA,NA,NA,NA,NA,NA,NA,NA,NA,NA,NA,NA,NA,0.0341473142963438,0.11750655401776275
497,2.049290522202396,0.012334149722660009,16.56831099999996,-0.4432418226572266,-0.022612652520911023,-0.005572518454480391,-4.393386450833774e-5,39.58678190782808,NA,NA,NA,NA,NA,NA,NA,NA,NA,NA,NA,NA,NA,NA,NA,NA,NA,0.03546807172916054,0.12642907268801018
498,2.008644729433003,0.012343831708977121,18.049157699999935,-0.4252641768551199,-0.02217633547442626,-0.005506038166100138,-3.379486968668422e-5,39.63561174955377,NA,NA,NA,NA,NA,NA,NA,NA,NA,NA,NA,NA,NA,NA,NA,NA,NA,0.03484645021992217,0.12335882904471779
499,1.2363697678587957,0.005120086985555457,13.050289000000003,-0.4134976530394437,-0.007668244408805439,-0.0019791513564933897,-4.544771474919846e-5,47.81837441693854,NA,NA,NA,NA,NA,NA,NA,NA,NA,NA,NA,NA,NA,NA,NA,NA,NA,0.019039691079772193,0.0971304178039318
500,2.4426214596459603,0.011839983055566277,71.56869469999995,-0.3290166324226208,-0.018476589851241346,-0.0015346361696938812,-6.497955434115958e-5,38.989763368525935,NA,NA,NA,NA,NA,NA,NA,NA,NA,NA,NA,NA,NA,NA,NA,NA,NA,0.04145422552047214,0.1285661803712454
501,1.9139148810412587,0.009493440061951098,24.7419079,-0.4590129470387657,-0.017319431109635436,-0.003478270450840406,-5.0012450159405095e-5,42.523439976484745,NA,NA,NA,NA,NA,NA,NA,NA,NA,NA,NA,NA,NA,NA,NA,NA,NA,0.03125846012163747,0.11630295244537658
502,1.9238392322498266,0.010069872517899554,23.49848190000007,-0.4430650841747281,-0.018037393908201933,-0.0039790283854648206,-4.9730221630710766e-5,42.050057149735,NA,NA,NA,NA,NA,NA,NA,NA,NA,NA,NA,NA,NA,NA,NA,NA,NA,0.0317749826957879,0.11696761813569725
503,1.969221164011426,0.010114156870063305,23.49848190000007,-0.4261183530642702,-0.018196866079329948,-0.003641949641427508,-4.703326267611098e-5,41.89647478428395,NA,NA,NA,NA,NA,NA,NA,NA,NA,NA,NA,NA,NA,NA,NA,NA,NA,0.03243971854130984,0.11348971695973128
504,1.8491222258376452,0.008991590099884235,28.497788999999994,-0.4375214305949665,-0.016221103951085874,-0.0028003287052466583,-4.253249394653808e-5,43.25319737511984,NA,NA,NA,NA,NA,NA,NA,NA,NA,NA,NA,NA,NA,NA,NA,NA,NA,0.02978528252850037,0.1082160358757002
505,1.9294149608720534,0.011226184211930744,20.093624000000087,-0.39033749342637397,-0.018684474524980073,-0.004672447031953149,-2.6084728108204953e-5,41.106699812509554,NA,NA,NA,NA,NA,NA,NA,NA,NA,NA,NA,NA,NA,NA,NA,NA,NA,0.03253055476067537,0.11431381493165092
506,2.014549280950821,0.013021910417847414,22.41955570000005,-0.3264634779590779,-0.02166645501409036,-0.006640335741644959,-2.1188914067541004e-6,38.34694302724039,NA,NA,NA,NA,NA,NA,NA,NA,NA,NA,NA,NA,NA,NA,NA,NA,NA,0.03640866663010655,0.12334141674141116
507,1.7505958092713645,0.009415183845740091,22.35959570000003,-0.41322404628489484,-0.015400216863410088,-0.003058607549483564,-2.1048828927134743e-5,43.35084886246247,NA,NA,NA,NA,NA,NA,NA,NA,NA,NA,NA,NA,NA,NA,NA,NA,NA,0.02840774050305938,0.10577479316773736
508,1.9274412051192178,0.010741577619591918,31.375440999999885,-0.3870812963203769,-0.009453166283714965,-4.070211659164432e-4,8.343709266075294e-5,40.37144767473156,NA,NA,NA,NA,NA,NA,NA,NA,NA,NA,NA,NA,NA,NA,NA,NA,NA,0.033185713225156385,0.10777646133744388
509,2.07716303016103,0.013228191085448137,34.10431009999988,-0.2167239847299252,-7.289841176692194e-4,0.0010718163247909259,2.0250471855061663e-4,35.68242224999414,NA,NA,NA,NA,NA,NA,NA,NA,NA,NA,NA,NA,NA,NA,NA,NA,NA,0.039635933281478894,0.11114500684238089
510,1.832418158827616,0.010905945946266394,22.414982500000047,-0.40897046798795733,-0.017269749677689135,-0.004525025186668259,-2.3873207587109625e-5,41.50690834658048,NA,NA,NA,NA,NA,NA,NA,NA,NA,NA,NA,NA,NA,NA,NA,NA,NA,0.031080309697373375,0.11678961446226695
511,2.024227751424611,0.012276911863238827,13.709409899999923,-0.3544233677581787,-0.01356501551970357,-0.00301179620294024,7.241500316776204e-5,38.18677683576111,NA,NA,NA,NA,NA,NA,NA,NA,NA,NA,NA,NA,NA,NA,NA,NA,NA,0.03698355710293504,0.12095766105116693
512,1.8811512468907499,0.008884751802921797,18.61944929999996,-0.44544030182430094,-0.009525234578809952,7.94281515421175e-4,4.471103395185543e-6,42.16315915620387,NA,NA,NA,NA,NA,NA,NA,NA,NA,NA,NA,NA,NA,NA,NA,NA,NA,0.031459944240494614,0.10788102002129032
513,2.1827734253676923,0.010343525188903724,39.55599389999999,-0.34961340100102295,-0.015407128507778306,-6.605576885871853e-4,-2.564260569114236e-5,40.696903953823195,NA,NA,NA,NA,NA,NA,NA,NA,NA,NA,NA,NA,NA,NA,NA,NA,NA,0.03632579530785468,0.1131148056026593
514,1.4330239313686273,0.008668100385629384,22.69721089999992,-0.4059617551152614,-0.013259355734080722,-0.0033329308312122947,-5.959086445787069e-5,44.50390908250418,NA,NA,NA,NA,NA,NA,NA,NA,NA,NA,NA,NA,NA,NA,NA,NA,NA,0.02406057657504336,0.10944019054126117
515,2.4426214596459603,0.011839983055566277,71.56869469999995,-0.3290166324226208,-0.018476589851241346,-0.0015346361696938812,-6.497955434115958e-5,38.989763368525935,NA,NA,NA,NA,NA,NA,NA,NA,NA,NA,NA,NA,NA,NA,NA,NA,NA,0.04145422552047214,0.1285661803712454
516,1.9148496722483606,0.00989277666512883,26.81498750000008,-0.4271677601622407,-0.017576151986239918,-0.0035276959444545887,-4.746843908961261e-5,42.2619453029977,NA,NA,NA,NA,NA,NA,NA,NA,NA,NA,NA,NA,NA,NA,NA,NA,NA,0.03146627518238532,0.11240351868619095
517,1.8778641221148507,0.009919843836749426,24.38709570000011,-0.42390264808464995,-0.017396324450335423,-0.003723476452377315,-3.9086134755961555e-5,42.46138105078012,NA,NA,NA,NA,NA,NA,NA,NA,NA,NA,NA,NA,NA,NA,NA,NA,NA,0.030735686526220433,0.11161225924353974
518,1.9038151076849767,0.010923036698481556,25.799968300000156,-0.40756580017525024,-0.018623212773757218,-0.004755934873515998,-3.2796202040603475e-5,41.55656427148991,NA,NA,NA,NA,NA,NA,NA,NA,NA,NA,NA,NA,NA,NA,NA,NA,NA,0.031757030102602356,0.11535251565021759
519,1.9620757453691546,0.012209342475623596,22.18405489999989,-0.37562525028378,-0.021339782162267437,-0.006253640445139616,-4.9188745581147816e-5,39.93168867871231,NA,NA,NA,NA,NA,NA,NA,NA,NA,NA,NA,NA,NA,NA,NA,NA,NA,0.0340747360134137,0.12137962124885579
520,1.7797674892783875,0.009349101203607421,21.470981900000098,-0.4317909946173675,-0.01629326738319933,-0.003471080852894489,-4.413281181497716e-5,43.25074711821545,NA,NA,NA,NA,NA,NA,NA,NA,NA,NA,NA,NA,NA,NA,NA,NA,NA,0.028935383900136974,0.11068485325513769
521,1.6319934737455446,0.007080444297953498,8.34499450000008,-0.4218637911834253,-0.013521128758850932,-0.0013141364041488073,-6.091133503115716e-5,45.67006276070232,G00521,87.70918964015677,49.15154038038745,21.28739165277202,6.327769255638122,773.1,12.159276151657105,27.39566249847412,316.2,100.94479992341829,29709.52556818182,52403.150568181816,221555.41477272726,716.2371893346909,0.7213949882172478,0.19635302084980225,0.01940143521840296,0.02538260676991301,0.09423346279017114
522,2.036746523545427,0.01243128162064736,20.775031500000015,-0.3492556090562725,-0.021420232311199505,-0.00575544204362115,-3.797944743520056e-5,39.27054138919935,NA,NA,NA,NA,NA,NA,NA,NA,NA,NA,NA,NA,NA,NA,NA,NA,NA,0.035817842770062204,0.11947480788852895
523,1.8970785096055343,0.011326021343397684,21.880448400000066,-0.37594171477505617,-0.018606877384977405,-0.004738621889906224,-3.4417760957308565e-5,41.050029034072686,NA,NA,NA,NA,NA,NA,NA,NA,NA,NA,NA,NA,NA,NA,NA,NA,NA,0.03222647572333348,0.1132949521555376
524,1.8167188371942076,0.011652124852267394,19.610961099999958,-0.37086736207010024,-0.01824255331127611,-0.005379036098900861,-2.6273294387056305e-5,40.84470819683901,NA,NA,NA,NA,NA,NA,NA,NA,NA,NA,NA,NA,NA,NA,NA,NA,NA,0.03136043406222667,0.1163670942853758
525,1.8906896018472863,0.012191440754280383,24.859493100000023,-0.3368126768399527,-0.019532047290024872,-0.005636142118785259,-2.3841290660510452e-5,40.122819531228664,NA,NA,NA,NA,NA,NA,NA,NA,NA,NA,NA,NA,NA,NA,NA,NA,NA,0.03290583570944147,0.11427018305243539
526,1.9044749471624385,0.012262368143362389,27.698608799999946,-0.3401193744542288,-0.01904876696178024,-0.0055397876463656355,-3.926937863215235e-6,39.74089363534773,NA,NA,NA,NA,NA,NA,NA,NA,NA,NA,NA,NA,NA,NA,NA,NA,NA,0.033507756620699575,0.11642449644763847
527,1.7880089228635625,0.010259065810664502,17.35059720000007,-0.41764096162164316,-0.016308471217295475,-0.004118268997655679,-6.899138522784376e-6,42.57698160412733,NA,NA,NA,NA,NA,NA,NA,NA,NA,NA,NA,NA,NA,NA,NA,NA,NA,0.029313502867423662,0.1123293965894916
528,1.6066228430682936,0.009114903547031537,15.997272500000044,-0.4256268900076449,-0.014238888077060918,-0.003350370911375148,-1.9250281542114956e-5,44.04045681425566,NA,NA,NA,NA,NA,NA,NA,NA,NA,NA,NA,NA,NA,NA,NA,NA,NA,0.026133390051679264,0.10879804604402178
529,1.6140134510976631,0.008687054781260552,23.444380400000004,-0.43345350044838343,-0.012089386874449127,-0.0016676788252059233,3.6609353281526254e-6,43.909857399670535,NA,NA,NA,NA,NA,NA,NA,NA,NA,NA,NA,NA,NA,NA,NA,NA,NA,0.026592663721045295,0.10693609891347046
530,1.8702128444635575,0.00986834793042121,29.96265919999994,-0.35303767024113036,-0.0023692570029131338,0.0026085955997052148,1.1863728739950217e-4,40.0656541751507,NA,NA,NA,NA,NA,NA,NA,NA,NA,NA,NA,NA,NA,NA,NA,NA,NA,0.03225276802803341,0.0968509501999387
531,1.7235824577401981,0.009248483421943014,31.34601600000005,-0.42637988398555576,-0.008735727058617929,1.4409736571298234e-4,5.10462356228397e-5,42.41089570602007,NA,NA,NA,NA,NA,NA,NA,NA,NA,NA,NA,NA,NA,NA,NA,NA,NA,0.029037581711776953,0.10668710457642001
532,1.6848076261042657,0.008087535473658201,16.179637000000053,-0.4224161343338592,-0.011924975445522665,-5.402015900545556e-4,-4.552515166461255e-5,44.072144313600596,NA,NA,NA,NA,NA,NA,NA,NA,NA,NA,NA,NA,NA,NA,NA,NA,NA,0.02768919960181213,0.10192506077178341
533,1.8661110906267901,0.011075681267814346,57.66060029999983,-0.13213588041129787,0.010607293485115682,0.005495497477868281,2.2306994693215194e-4,34.20130235455229,NA,NA,NA,NA,NA,NA,NA,NA,NA,NA,NA,NA,NA,NA,NA,NA,NA,0.03680848928909647,0.08963243488100789
534,1.0770063391031213,0.0046748495445050236,4.317272300000028,-0.3977487177123518,-0.008585334362719403,-0.001646548274601862,-4.0139284325634756e-5,48.87488054586159,NA,NA,NA,NA,NA,NA,NA,NA,NA,NA,NA,NA,NA,NA,NA,NA,NA,0.016568426109207664,0.08579884784185496
535,1.2019454140278973,0.005588810104402166,8.94485569999997,-0.416618786127977,-0.011065887970450935,-0.001609689543409309,-5.643719218307144e-5,48.08699721768421,NA,NA,NA,NA,NA,NA,NA,NA,NA,NA,NA,NA,NA,NA,NA,NA,NA,0.01896408561611236,0.09017928269331149
536,2.4328274156394403,0.011969762656646035,65.60707219999996,-0.33405844710793475,-0.01879094075659989,-0.0016199045860007652,-6.604203102188161e-5,38.91607930595293,NA,NA,NA,NA,NA,NA,NA,NA,NA,NA,NA,NA,NA,NA,NA,NA,NA,0.04138041694260702,0.12876201546229712
537,1.8427252413795239,0.009923808239524132,21.425402300000083,-0.43185978099407196,-0.01744176160379346,-0.0037932402453528954,-4.2934963317546716e-5,42.53856177798297,NA,NA,NA,NA,NA,NA,NA,NA,NA,NA,NA,NA,NA,NA,NA,NA,NA,0.030259150101361793,0.11273940894635781
538,1.8192115079288242,0.009690884406101719,21.11616970000002,-0.39961346569126366,-0.016435048868237694,-0.0035656935021096178,-2.9346651590064212e-5,43.05679328963291,NA,NA,NA,NA,NA,NA,NA,NA,NA,NA,NA,NA,NA,NA,NA,NA,NA,0.029372775261552117,0.10599531637623266
539,1.761044315361647,0.010295130100144344,25.57843230000003,-0.3875444268590767,-0.01684340422941384,-0.0041044807440224025,-2.8598156755371527e-5,42.820090430693426,NA,NA,NA,NA,NA,NA,NA,NA,NA,NA,NA,NA,NA,NA,NA,NA,NA,0.028766261895970247,0.10646379775833104
540,1.5058759989845338,0.007522589355323499,15.367733900000147,-0.43892816915548066,-0.013248777810063285,-0.0022651004616967697,-2.052355927253082e-5,45.57581684728311,NA,NA,NA,NA,NA,NA,NA,NA,NA,NA,NA,NA,NA,NA,NA,NA,NA,0.023801852351587646,0.10034261520417878
541,1.8252930501111602,0.010807258054700156,14.136202900000052,-0.37818233276623514,-0.015809716520792338,-0.003745294566112887,-2.0197969040193788e-5,41.11675323846157,NA,NA,NA,NA,NA,NA,NA,NA,NA,NA,NA,NA,NA,NA,NA,NA,NA,0.031592573537645954,0.11358845162823171
542,2.4953297231676963,0.011113426538075092,69.84899690000003,-0.2985661210662092,-0.0165975416802663,-0.0010188874995134638,-5.8546952119918536e-5,39.39994618258833,NA,NA,NA,NA,NA,NA,NA,NA,NA,NA,NA,NA,NA,NA,NA,NA,NA,0.041809289087366155,0.12727106728067855
543,2.303232945152224,0.014784654978903005,61.473581000000095,-0.20156451813405715,-0.015031893590904696,-0.004626382621652535,1.0497144816149313e-4,34.887886885494126,NA,NA,NA,NA,NA,NA,NA,NA,NA,NA,NA,NA,NA,NA,NA,NA,NA,0.04524934697750317,0.13542410843749725
544,2.005582165521055,0.01276414345290368,15.691844600000042,-0.3507823833647858,-0.0225383476363848,-0.007965232431007996,-6.589010754098513e-5,38.5352168740296,NA,NA,NA,NA,NA,NA,NA,NA,NA,NA,NA,NA,NA,NA,NA,NA,NA,0.036319171239968834,0.1324150906401148
545,1.8714307838716553,0.011959562697337903,14.511490299999975,-0.35336553881359195,-0.01945947476392832,-0.006794053864153935,-5.428139394084364e-5,40.06519027996159,NA,NA,NA,NA,NA,NA,NA,NA,NA,NA,NA,NA,NA,NA,NA,NA,NA,0.03289778632150597,0.12374234768667595
546,2.011108689657622,0.011647021580682926,18.928666899999925,-0.36985800673447583,-0.01851276947942987,-0.005497864003875844,-3.101421572340289e-5,39.37242511856646,NA,NA,NA,NA,NA,NA,NA,NA,NA,NA,NA,NA,NA,NA,NA,NA,NA,0.0358011128205826,0.12497496364400867
547,1.8924431901350718,0.010054447770203596,17.659254600000132,-0.38309270931698663,-0.015085671078932465,-0.003300320659676357,-4.595919309720233e-5,41.434784667530046,NA,NA,NA,NA,NA,NA,NA,NA,NA,NA,NA,NA,NA,NA,NA,NA,NA,0.032393532847137654,0.11451337602195338
548,2.497708681237644,0.011079451158608691,66.3922839,-0.2970399793511835,-0.01650427964667569,-9.930662380396704e-4,-5.822556656062509e-5,39.41907074727033,NA,NA,NA,NA,NA,NA,NA,NA,NA,NA,NA,NA,NA,NA,NA,NA,NA,0.04182353434104583,0.12720223537948155
549,2.5412175613335304,0.014087245298770552,71.59306039999986,-0.2686721195192802,-0.01938970398475842,-0.0035725418793407147,-2.0615688102355018e-5,37.055721524112755,NA,NA,NA,NA,NA,NA,NA,NA,NA,NA,NA,NA,NA,NA,NA,NA,NA,0.04542309832242257,0.13944472277531045
550,2.5412175613335304,0.014087245298770552,71.59306039999986,-0.2686721195192802,-0.01938970398475842,-0.0035725418793407147,-2.0615688102355018e-5,37.055721524112755,NA,NA,NA,NA,NA,NA,NA,NA,NA,NA,NA,NA,NA,NA,NA,NA,NA,0.04542309832242257,0.13944472277531045
551,2.5412175613335304,0.014087245298770552,71.59306039999986,-0.2686721195192802,-0.01938970398475842,-0.0035725418793407147,-2.0615688102355018e-5,37.055721524112755,NA,NA,NA,NA,NA,NA,NA,NA,NA,NA,NA,NA,NA,NA,NA,NA,NA,0.04542309832242257,0.13944472277531045
552,2.5412175613335304,0.014087245298770552,71.59306039999986,-0.2686721195192802,-0.01938970398475842,-0.0035725418793407147,-2.0615688102355018e-5,37.055721524112755,NA,NA,NA,NA,NA,NA,NA,NA,NA,NA,NA,NA,NA,NA,NA,NA,NA,0.04542309832242257,0.13944472277531045
553,2.5412175613335304,0.014087245298770552,71.59306039999986,-0.2686721195192802,-0.01938970398475842,-0.0035725418793407147,-2.0615688102355018e-5,37.055721524112755,G00553,116.57292886055754,49.386143791654035,4191.328462968449,8.59502461751302,52.96666666666667,14.619675668080648,32.188516743977864,1075.3666666666666,82.36984857351013,9470.448863636364,15316.09375,27032.136363636364,15.929003393239434,8.535825584158988e-5,0.006243290640467254,9.951424963120683e-4,0.04542309832242257,0.13944472277531045
554,2.5412175613335304,0.014087245298770552,71.59306039999986,-0.2686721195192802,-0.01938970398475842,-0.0035725418793407147,-2.0615688102355018e-5,37.055721524112755,G00554,117.19879746264533,49.400794096827376,8501.12189168454,9.369562873840332,44.04,15.415079078674317,34.19757034301758,992.96,28.537227148644508,8325.979166666666,13671.08630952381,3790.1726190476193,10.681318552391621,0,8.525377232456286e-5,1.5923639791665786e-5,0.04542309832242257,0.13944472277531045
555,2.5412175613335304,0.014087245298770552,71.59306039999986,-0.2686721195192802,-0.01938970398475842,-0.0035725418793407147,-2.0615688102355018e-5,37.055721524112755,G00555,118.16546798198165,49.407414090645936,8665.718583630816,9.500174255371094,43.28,15.123336715698242,34.4484797668457,1051.4,98.58541136158702,8094.230113636364,13413.892045454546,5244.423295454545,12.496838702330974,0,4.820530401033046e-5,5.829903922266457e-7,0.04542309832242257,0.13944472277531045
556,2.5412175613335304,0.014087245298770552,71.59306039999986,-0.2686721195192802,-0.01938970398475842,-0.0035725418793407147,-2.0615688102355018e-5,37.055721524112755,G00556,119.0267751458366,49.440860638347424,10000,8.877041292190551,54.6,14.55136604309082,33.17730846405029,1141.4666666666667,191.69942948367847,7005.479166666667,11575.502976190477,3939.7053571428573,13.142077009877363,0,2.749199832569864e-5,1.4449016738615222e-5,0.04542309832242257,0.13944472277531045
557,2.5412175613335304,0.014087245298770552,71.59306039999986,-0.2686721195192802,-0.01938970398475842,-0.0035725418793407147,-2.0615688102355018e-5,37.055721524112755,G00557,119.9250904299561,49.440860638347424,10000,8.700069618225097,64.52,13.97473575592041,32.567050247192384,1094.04,195.07231137879785,6878.673295454545,11416.727272727272,2148.625,12.109216601858499,0,1.0093735826981193e-5,4.6997028048168925e-4,0.04542309832242257,0.13944472277531045
558,2.5412175613335304,0.014087245298770552,71.59306039999986,-0.2686721195192802,-0.01938970398475842,-0.0035725418793407147,-2.0615688102355018e-5,37.055721524112755,G00558,120.82340571407563,49.440860638347424,10000,8.688607549667358,74.6,13.686588954925536,32.39631640116374,1034.8666666666666,243.4532785784055,8190.690476190476,13413.785714285714,2842.7738095238096,13.780567112448688,1.50306394211935e-7,1.7620534133720358e-5,1.5896635541499038e-4,0.04542309832242257,0.13944472277531045
559,2.5412175613335304,0.014087245298770552,71.59306039999986,-0.2686721195192802,-0.01938970398475842,-0.0035725418793407147,-2.0615688102355018e-5,37.055721524112755,G00559,121.72172099819515,49.440860638347424,10000,7.934337959289551,91.16,13.409077491760254,31.400649795532228,1107.8,148.5342272564363,10540.213068181818,17247.957386363636,8581.579545454546,16.879509447969944,5.944215836941133e-7,5.022062187767185e-4,2.0919067407179977e-5,0.04542309832242257,0.13944472277531045
560,2.5412175613335304,0.014087245298770552,71.59306039999986,-0.2686721195192802,-0.01938970398475842,-0.0035725418793407147,-2.0615688102355018e-5,37.055721524112755,G00560,122.62003628231469,49.440860638347424,10000,5.446668367385865,125.64,12.486629943847657,28.086380004882812,1557.64,250.40648287667528,14635.568181818182,24841.34943181818,23665.823863636364,29.606051261583275,1.1659807880297224e-5,0.005466003669709465,9.690100591420734e-4,0.04542309832242257,0.13944472277531045
561,2.5412175613335304,0.014087245298770552,71.59306039999986,-0.2686721195192802,-0.01938970398475842,-0.0035725418793407147,-2.0615688102355018e-5,37.055721524112755,G00561,123.51835156643419,49.440860638347424,10000,6.375898615519206,149.6,12.26951805750529,28.421733347574868,1330.6,289.5397775066851,23044.375,39308.5625,200567.04464285713,173.54964388029344,2.402492002079281e-4,0.3731743255285068,0.010708996340632092,0.04542309832242257,0.13944472277531045
562,2.5412175613335304,0.014087245298770552,71.59306039999986,-0.2686721195192802,-0.01938970398475842,-0.0035725418793407147,-2.0615688102355018e-5,37.055721524112755,G00562,124.41666685055372,49.440860638347424,10000,6.489870891571045,187.32,12.696625099182128,28.71469009399414,1173.24,188.22554732731336,26898.394886363636,46244.00852272727,302319.95738636365,196.5745431053867,4.7437128575996367e-4,0.47899160951000425,0.01751675811220969,0.04542309832242257,0.13944472277531045
563,2.5412175613335304,0.014087245298770552,71.59306039999986,-0.2686721195192802,-0.01938970398475842,-0.0035725418793407147,-2.0615688102355018e-5,37.055721524112755,G00563,125.31498213467323,49.440860638347424,10000,5.191585453351339,248.66666666666666,13.29913059870402,28.002308336893716,1357.2666666666667,205.9762177991687,25538.194029850747,42746.40298507463,229885.91044776118,116.67525426701434,7.010499583863363e-5,0.1891680513022597,0.0044429791146084465,0.04542309832242257,0.13944472277531045
564,2.5412175613335304,0.014087245298770552,71.59306039999986,-0.2686721195192802,-0.01938970398475842,-0.0035725418793407147,-2.0615688102355018e-5,37.055721524112755,G00564,126.21329741879276,49.440860638347424,10000,3.9636316204071047,295.68,13.845860023498535,26.872919845581055,1550.72,101.2103914296024,25806.789772727272,45045.78125,141208.7215909091,108.34850135385098,3.8854595245308e-5,0.2783233310809161,0.007941929590815163,0.04542309832242257,0.13944472277531045
565,2.5412175613335304,0.014087245298770552,71.59306039999986,-0.2686721195192802,-0.01938970398475842,-0.0035725418793407147,-2.0615688102355018e-5,37.055721524112755,G00565,127.11161270291227,49.440860638347424,10000,3.0158650255203248,292.88,13.694133338928223,25.41740997314453,1692,125.61548471426602,25209.27380952381,44579.04761904762,109908.30952380953,144.43891916773708,0.002053772294808825,0.252145336036955,0.004568701409896939,0.04542309832242257,0.13944472277531045
566,2.5412175613335304,0.014087245298770552,71.59306039999986,-0.2686721195192802,-0.01938970398475842,-0.0035725418793407147,-2.0615688102355018e-5,37.055721524112755,G00566,127.9870705312759,49.362860946853445,7217.280766558497,2.990013513962428,286.46666666666664,13.268653519948323,24.925308227539062,1638.2666666666667,178.38585326106485,27493.40056818182,48749.326704545456,141703.04261363635,208.032741720344,0.035511122514583604,0.2798782351922442,0.011346502066632477,0.04542309832242257,0.13944472277531045
567,2.5412175613335304,0.014087245298770552,71.59306039999986,-0.2686721195192802,-0.01938970398475842,-0.0035725418793407147,-2.0615688102355018e-5,37.055721524112755,G00567,128.8311491841014,49.30378025244225,4819.566714623869,3.1508062744140624,326.28,13.348242454528808,24.622159957885742,1635.48,143.71184131216654,27227.1875,47759.661931818184,141804.54545454544,181.03812932434244,0.006142626884984853,0.17156641528747868,0.02546681527069482,0.04542309832242257,0.13944472277531045
568,2.5412175613335304,0.014087245298770552,71.59306039999986,-0.2686721195192802,-0.01938970398475842,-0.0035725418793407147,-2.0615688102355018e-5,37.055721524112755,G00568,129.4888550168273,49.242159287071196,1030.1498471918921,4.346386090914408,330.8,12.764306926727295,25.53358325958252,1398.9333333333334,70.9360728880702,28412.847305389223,49886.116766467065,148043.34431137724,200.8741582595561,0.003202699898212031,0.3621449059171997,0.022167647396923666,0.04542309832242257,0.13944472277531045
569,2.5412175613335304,0.014087245298770552,71.59306039999986,-0.2686721195192802,-0.01938970398475842,-0.0035725418793407147,-2.0615688102355018e-5,37.055721524112755,NA,NA,NA,NA,NA,NA,NA,NA,NA,NA,NA,NA,NA,NA,NA,NA,NA,0.04542309832242257,0.13944472277531045
570,2.54121756133353,0.014087245298770742,71.59306039999986,-0.2686721195192744,-0.019389703984757915,-0.003572541879340353,-2.0615688102381567e-5,37.055721524112755,NA,NA,NA,NA,NA,NA,NA,NA,NA,NA,NA,NA,NA,NA,NA,NA,NA,0.04542309832242255,0.13944472277531056
571,2.5412175613335304,0.014087245298770552,71.59306039999986,-0.2686721195192802,-0.01938970398475842,-0.0035725418793407147,-2.0615688102355018e-5,37.055721524112755,NA,NA,NA,NA,NA,NA,NA,NA,NA,NA,NA,NA,NA,NA,NA,NA,NA,0.04542309832242257,0.13944472277531045
572,2.5412175613335304,0.014087245298770552,71.59306039999986,-0.2686721195192802,-0.01938970398475842,-0.0035725418793407147,-2.0615688102355018e-5,37.055721524112755,NA,NA,NA,NA,NA,NA,NA,NA,NA,NA,NA,NA,NA,NA,NA,NA,NA,0.04542309832242257,0.13944472277531045
573,2.5412175613335304,0.014087245298770552,71.59306039999986,-0.2686721195192802,-0.01938970398475842,-0.0035725418793407147,-2.0615688102355018e-5,37.055721524112755,NA,NA,NA,NA,NA,NA,NA,NA,NA,NA,NA,NA,NA,NA,NA,NA,NA,0.04542309832242257,0.13944472277531045
574,2.5424443578406333,0.014075459038322849,71.59306039999986,-0.26788318182647114,-0.019347371973725852,-0.003561804720605795,-2.0447409231454776e-5,37.06268985849186,NA,NA,NA,NA,NA,NA,NA,NA,NA,NA,NA,NA,NA,NA,NA,NA,NA,0.045433852500211286,0.13941595499148662
575,2.566348691855862,0.013842613113988898,81.1979024999998,-0.2521193982065469,-0.018497836069363227,-0.0033440609967691,-1.7075238086360938e-5,37.199837595885754,NA,NA,NA,NA,NA,NA,NA,NA,NA,NA,NA,NA,NA,NA,NA,NA,NA,0.04563772297234781,0.13883437035174084
576,2.572440031531537,0.013782283282804755,82.55479959999992,-0.24797779454958813,-0.01827353976158935,-0.0032858933694610818,-1.6187122718688692e-5,37.235219038625246,NA,NA,NA,NA,NA,NA,NA,NA,NA,NA,NA,NA,NA,NA,NA,NA,NA,0.04568792192296003,0.13867962631064928
577,2.5230239313174696,0.014260230472986784,71.59306039999986,-0.28015599966897003,-0.020003726465500138,-0.0037269752050078987,-2.3057494706522817e-5,36.95314318854732,NA,NA,NA,NA,NA,NA,NA,NA,NA,NA,NA,NA,NA,NA,NA,NA,NA,0.045260335185284294,0.13985933874531237
578,2.510768689489177,0.014374896203445167,79.17391739999995,-0.28767285008587906,-0.020403314530948628,-0.003826081394898647,-2.4646125258233965e-5,36.884823728984415,NA,NA,NA,NA,NA,NA,NA,NA,NA,NA,NA,NA,NA,NA,NA,NA,NA,0.04514728116371432,0.1401261868017225
579,2.6028641069481417,0.01347459082413125,78.14568659999995,-0.22645884301186608,-0.01710166728890305,-0.0029778922533555616,-1.1569398665728866e-5,37.41479677760992,NA,NA,NA,NA,NA,NA,NA,NA,NA,NA,NA,NA,NA,NA,NA,NA,NA,0.04592766455739754,0.13786507384404656
580,2.6050215862251687,0.013452355371493223,78.14568659999995,-0.22487670426422152,-0.017015115347926862,-0.0029548915595420133,-1.1230094441492386e-5,37.42772258249424,NA,NA,NA,NA,NA,NA,NA,NA,NA,NA,NA,NA,NA,NA,NA,NA,NA,0.045943955354753416,0.13780459170587636
581,2.6050215862251687,0.013452355371493223,78.14568659999995,-0.22487670426422152,-0.017015115347926862,-0.0029548915595420133,-1.1230094441492386e-5,37.42772258249424,NA,NA,NA,NA,NA,NA,NA,NA,NA,NA,NA,NA,NA,NA,NA,NA,NA,0.045943955354753416,0.13780459170587636
582,2.6050215862251687,0.013452355371493223,78.14568659999995,-0.22487670426422152,-0.017015115347926862,-0.0029548915595420133,-1.1230094441492386e-5,37.42772258249424,NA,NA,NA,NA,NA,NA,NA,NA,NA,NA,NA,NA,NA,NA,NA,NA,NA,0.045943955354753416,0.13780459170587636
583,2.6050215862251687,0.013452355371493223,78.14568659999995,-0.22487670426422152,-0.017015115347926862,-0.0029548915595420133,-1.1230094441492386e-5,37.42772258249424,NA,NA,NA,NA,NA,NA,NA,NA,NA,NA,NA,NA,NA,NA,NA,NA,NA,0.045943955354753416,0.13780459170587636
584,2.6050215862251687,0.013452355371493223,78.14568659999995,-0.22487670426422152,-0.017015115347926862,-0.0029548915595420133,-1.1230094441492386e-5,37.42772258249424,NA,NA,NA,NA,NA,NA,NA,NA,NA,NA,NA,NA,NA,NA,NA,NA,NA,0.045943955354753416,0.13780459170587636
585,2.6050215862251687,0.013452355371493223,78.14568659999995,-0.22487670426422152,-0.017015115347926862,-0.0029548915595420133,-1.1230094441492386e-5,37.42772258249424,NA,NA,NA,NA,NA,NA,NA,NA,NA,NA,NA,NA,NA,NA,NA,NA,NA,0.045943955354753416,0.13780459170587636
586,2.6050215862251687,0.013452355371493223,78.14568659999995,-0.22487670426422152,-0.017015115347926862,-0.0029548915595420133,-1.1230094441492386e-5,37.42772258249424,NA,NA,NA,NA,NA,NA,NA,NA,NA,NA,NA,NA,NA,NA,NA,NA,NA,0.045943955354753416,0.13780459170587636
587,2.6050215862251687,0.013452355371493223,78.14568659999995,-0.22487670426422152,-0.017015115347926862,-0.0029548915595420133,-1.1230094441492386e-5,37.42772258249424,NA,NA,NA,NA,NA,NA,NA,NA,NA,NA,NA,NA,NA,NA,NA,NA,NA,0.045943955354753416,0.13780459170587636
588,2.6050215862251687,0.013452355371493223,78.14568659999995,-0.22487670426422152,-0.017015115347926862,-0.0029548915595420133,-1.1230094441492386e-5,37.42772258249424,NA,NA,NA,NA,NA,NA,NA,NA,NA,NA,NA,NA,NA,NA,NA,NA,NA,0.045943955354753416,0.13780459170587636
589,2.6050215862251687,0.013452355371493223,78.14568659999995,-0.22487670426422152,-0.017015115347926862,-0.0029548915595420133,-1.1230094441492386e-5,37.42772258249424,NA,NA,NA,NA,NA,NA,NA,NA,NA,NA,NA,NA,NA,NA,NA,NA,NA,0.045943955354753416,0.13780459170587636
590,2.6050215862251687,0.013452355371493223,78.14568659999995,-0.22487670426422152,-0.017015115347926862,-0.0029548915595420133,-1.1230094441492386e-5,37.42772258249424,NA,NA,NA,NA,NA,NA,NA,NA,NA,NA,NA,NA,NA,NA,NA,NA,NA,0.045943955354753416,0.13780459170587636
591,2.6050215862251687,0.013452355371493223,78.14568659999995,-0.22487670426422152,-0.017015115347926862,-0.0029548915595420133,-1.1230094441492386e-5,37.42772258249424,NA,NA,NA,NA,NA,NA,NA,NA,NA,NA,NA,NA,NA,NA,NA,NA,NA,0.045943955354753416,0.13780459170587636
592,2.6050215862251687,0.013452355371493223,78.14568659999995,-0.22487670426422152,-0.017015115347926862,-0.0029548915595420133,-1.1230094441492386e-5,37.42772258249424,G00592,86.92038426779793,48.81714642002576,4476.0488951471225,11.649893140792846,54.1,17.387892723083496,34.558599853515624,1020.5,10.865202785910043,19242.145714285714,31317.605714285713,202186.85142857142,117.0061478161297,0.0012285343302354693,0.2963912034483943,0.006266508593749429,0.045943955354753416,0.13780459170587636
593,2.6050215862251687,0.013452355371493223,78.14568659999995,-0.22487670426422152,-0.017015115347926862,-0.0029548915595420133,-1.1230094441492386e-5,37.42772258249424,G00593,87.51750421515183,48.81971384764546,7661.256512639461,12.009478330612183,65.83333333333333,17.24142901102702,35.48741674423218,995.5833333333334,14.273467835742334,11367.532738095239,18846.660714285714,41886.19047619047,21.52616646118924,2.4171415609501037e-4,0.04058648275811306,3.530544782844568e-4,0.045943955354753416,0.13780459170587636
594,2.6050215862251687,0.013452355371493223,78.14568659999995,-0.22487670426422152,-0.017015115347926862,-0.0029548915595420133,-1.1230094441492386e-5,37.42772258249424,NA,NA,NA,NA,NA,NA,NA,NA,NA,NA,NA,NA,NA,NA,NA,NA,NA,0.045943955354753416,0.13780459170587636
595,2.6050215862251687,0.013452355371493223,78.14568659999995,-0.22487670426422152,-0.017015115347926862,-0.0029548915595420133,-1.1230094441492386e-5,37.42772258249424,NA,NA,NA,NA,NA,NA,NA,NA,NA,NA,NA,NA,NA,NA,NA,NA,NA,0.045943955354753416,0.13780459170587636
596,2.6050215862251687,0.013452355371493223,78.14568659999995,-0.22487670426422152,-0.017015115347926862,-0.0029548915595420133,-1.1230094441492386e-5,37.42772258249424,NA,NA,NA,NA,NA,NA,NA,NA,NA,NA,NA,NA,NA,NA,NA,NA,NA,0.045943955354753416,0.13780459170587636
597,2.6050215862251687,0.013452355371493223,78.14568659999995,-0.22487670426422152,-0.017015115347926862,-0.0029548915595420133,-1.1230094441492386e-5,37.42772258249424,NA,NA,NA,NA,NA,NA,NA,NA,NA,NA,NA,NA,NA,NA,NA,NA,NA,0.045943955354753416,0.13780459170587636
598,2.6050215862251687,0.013452355371493223,78.14568659999995,-0.22487670426422152,-0.017015115347926862,-0.0029548915595420133,-1.1230094441492386e-5,37.42772258249424,NA,NA,NA,NA,NA,NA,NA,NA,NA,NA,NA,NA,NA,NA,NA,NA,NA,0.045943955354753416,0.13780459170587636
599,2.6050215862251687,0.013452355371493223,78.14568659999995,-0.22487670426422152,-0.017015115347926862,-0.0029548915595420133,-1.1230094441492386e-5,37.42772258249424,NA,NA,NA,NA,NA,NA,NA,NA,NA,NA,NA,NA,NA,NA,NA,NA,NA,0.045943955354753416,0.13780459170587636
600,2.6050215862251687,0.013452355371493223,78.14568659999995,-0.22487670426422152,-0.017015115347926862,-0.0029548915595420133,-1.1230094441492386e-5,37.42772258249424,NA,NA,NA,NA,NA,NA,NA,NA,NA,NA,NA,NA,NA,NA,NA,NA,NA,0.045943955354753416,0.13780459170587636
601,2.6050215862251687,0.013452355371493223,78.14568659999995,-0.22487670426422152,-0.017015115347926862,-0.0029548915595420133,-1.1230094441492386e-5,37.42772258249424,NA,NA,NA,NA,NA,NA,NA,NA,NA,NA,NA,NA,NA,NA,NA,NA,NA,0.045943955354753416,0.13780459170587636
602,2.6050215862251687,0.013452355371493223,78.14568659999995,-0.22487670426422152,-0.017015115347926862,-0.0029548915595420133,-1.1230094441492386e-5,37.42772258249424,NA,NA,NA,NA,NA,NA,NA,NA,NA,NA,NA,NA,NA,NA,NA,NA,NA,0.045943955354753416,0.13780459170587636
603,2.6050215862251687,0.013452355371493223,78.14568659999995,-0.22487670426422152,-0.017015115347926862,-0.0029548915595420133,-1.1230094441492386e-5,37.42772258249424,NA,NA,NA,NA,NA,NA,NA,NA,NA,NA,NA,NA,NA,NA,NA,NA,NA,0.045943955354753416,0.13780459170587636
604,2.6050215862251687,0.013452355371493223,78.14568659999995,-0.22487670426422152,-0.017015115347926862,-0.0029548915595420133,-1.1230094441492386e-5,37.42772258249424,NA,NA,NA,NA,NA,NA,NA,NA,NA,NA,NA,NA,NA,NA,NA,NA,NA,0.045943955354753416,0.13780459170587636
605,2.6050215862251687,0.013452355371493223,78.14568659999995,-0.22487670426422152,-0.017015115347926862,-0.0029548915595420133,-1.1230094441492386e-5,37.42772258249424,NA,NA,NA,NA,NA,NA,NA,NA,NA,NA,NA,NA,NA,NA,NA,NA,NA,0.045943955354753416,0.13780459170587636
606,2.6050215862251687,0.013452355371493223,78.14568659999995,-0.22487670426422152,-0.017015115347926862,-0.0029548915595420133,-1.1230094441492386e-5,37.42772258249424,NA,NA,NA,NA,NA,NA,NA,NA,NA,NA,NA,NA,NA,NA,NA,NA,NA,0.045943955354753416,0.13780459170587636
607,2.6050215862251687,0.013452355371493223,78.14568659999995,-0.22487670426422152,-0.017015115347926862,-0.0029548915595420133,-1.1230094441492386e-5,37.42772258249424,NA,NA,NA,NA,NA,NA,NA,NA,NA,NA,NA,NA,NA,NA,NA,NA,NA,0.045943955354753416,0.13780459170587636
608,2.6050215862251687,0.013452355371493223,78.14568659999995,-0.22487670426422152,-0.017015115347926862,-0.0029548915595420133,-1.1230094441492386e-5,37.42772258249424,NA,NA,NA,NA,NA,NA,NA,NA,NA,NA,NA,NA,NA,NA,NA,NA,NA,0.045943955354753416,0.13780459170587636
609,2.6050215862251687,0.013452355371493223,78.14568659999995,-0.22487670426422152,-0.017015115347926862,-0.0029548915595420133,-1.1230094441492386e-5,37.42772258249424,NA,NA,NA,NA,NA,NA,NA,NA,NA,NA,NA,NA,NA,NA,NA,NA,NA,0.045943955354753416,0.13780459170587636
610,2.6050215862251687,0.013452355371493223,78.14568659999995,-0.22487670426422152,-0.017015115347926862,-0.0029548915595420133,-1.1230094441492386e-5,37.42772258249424,NA,NA,NA,NA,NA,NA,NA,NA,NA,NA,NA,NA,NA,NA,NA,NA,NA,0.045943955354753416,0.13780459170587636
611,2.6050215862251687,0.013452355371493223,78.14568659999995,-0.22487670426422152,-0.017015115347926862,-0.0029548915595420133,-1.1230094441492386e-5,37.42772258249424,NA,NA,NA,NA,NA,NA,NA,NA,NA,NA,NA,NA,NA,NA,NA,NA,NA,0.045943955354753416,0.13780459170587636
612,2.6050215862251687,0.013452355371493223,78.14568659999995,-0.22487670426422152,-0.017015115347926862,-0.0029548915595420133,-1.1230094441492386e-5,37.42772258249424,NA,NA,NA,NA,NA,NA,NA,NA,NA,NA,NA,NA,NA,NA,NA,NA,NA,0.045943955354753416,0.13780459170587636
613,2.6050215862251687,0.013452355371493223,78.14568659999995,-0.22487670426422152,-0.017015115347926862,-0.0029548915595420133,-1.1230094441492386e-5,37.42772258249424,NA,NA,NA,NA,NA,NA,NA,NA,NA,NA,NA,NA,NA,NA,NA,NA,NA,0.045943955354753416,0.13780459170587636
614,2.6050215862251687,0.013452355371493223,78.14568659999995,-0.22487670426422152,-0.017015115347926862,-0.0029548915595420133,-1.1230094441492386e-5,37.42772258249424,NA,NA,NA,NA,NA,NA,NA,NA,NA,NA,NA,NA,NA,NA,NA,NA,NA,0.045943955354753416,0.13780459170587636
615,2.6050215862251687,0.013452355371493223,78.14568659999995,-0.22487670426422152,-0.017015115347926862,-0.0029548915595420133,-1.1230094441492386e-5,37.42772258249424,NA,NA,NA,NA,NA,NA,NA,NA,NA,NA,NA,NA,NA,NA,NA,NA,NA,0.045943955354753416,0.13780459170587636
616,2.6050215862251687,0.013452355371493223,78.14568659999995,-0.22487670426422152,-0.017015115347926862,-0.0029548915595420133,-1.1230094441492386e-5,37.42772258249424,NA,NA,NA,NA,NA,NA,NA,NA,NA,NA,NA,NA,NA,NA,NA,NA,NA,0.045943955354753416,0.13780459170587636
617,2.6050215862251687,0.013452355371493223,78.14568659999995,-0.22487670426422152,-0.017015115347926862,-0.0029548915595420133,-1.1230094441492386e-5,37.42772258249424,NA,NA,NA,NA,NA,NA,NA,NA,NA,NA,NA,NA,NA,NA,NA,NA,NA,0.045943955354753416,0.13780459170587636
618,2.6050215862251687,0.013452355371493223,78.14568659999995,-0.22487670426422152,-0.017015115347926862,-0.0029548915595420133,-1.1230094441492386e-5,37.42772258249424,NA,NA,NA,NA,NA,NA,NA,NA,NA,NA,NA,NA,NA,NA,NA,NA,NA,0.045943955354753416,0.13780459170587636
619,2.6050215862251687,0.013452355371493223,78.14568659999995,-0.22487670426422152,-0.017015115347926862,-0.0029548915595420133,-1.1230094441492386e-5,37.42772258249424,NA,NA,NA,NA,NA,NA,NA,NA,NA,NA,NA,NA,NA,NA,NA,NA,NA,0.045943955354753416,0.13780459170587636
620,2.6080080056607,0.013421483104946823,78.14568659999995,-0.2226736584614961,-0.016894514098019064,-0.002922788550870923,-1.075775787732505e-5,37.44565877094416,NA,NA,NA,NA,NA,NA,NA,NA,NA,NA,NA,NA,NA,NA,NA,NA,NA,0.04596634680471,0.1377202592595782
621,2.606384355434132,0.013438281191204712,78.14568659999995,-0.2238732929266584,-0.016960197399016306,-0.002940280604086077,-1.1014942040647334e-5,37.435900879592964,NA,NA,NA,NA,NA,NA,NA,NA,NA,NA,NA,NA,NA,NA,NA,NA,NA,0.04595419595625205,0.1377661973683829
622,2.627128486694727,0.013221196984785286,78.14568659999995,-0.20819462389365914,-0.016099652615770583,-0.002709709590813339,-7.658543075550706e-6,37.56175497869969,NA,NA,NA,NA,NA,NA,NA,NA,NA,NA,NA,NA,NA,NA,NA,NA,NA,0.04610527427816956,0.1371631219910686
623,2.621658497578347,0.013278965365849358,78.14568659999995,-0.21240485429296704,-0.0163311663995092,-0.002772030347304727,-8.558655082841454e-6,37.52831356142352,NA,NA,NA,NA,NA,NA,NA,NA,NA,NA,NA,NA,NA,NA,NA,NA,NA,0.046066321949872924,0.1373255910393958
624,2.6309600892663885,0.013180502652625723,78.14568659999995,-0.2052115829036454,-0.015935441495634643,-0.002665382976960097,-7.021436645712418e-6,37.58529321851421,G00624,115.85369488120985,48.586600429914014,72.65094448778953,5.996498394012451,315.75,13.554971933364868,28.950175094604493,1154.25,164.31960993906455,29514.715909090908,49950.10227272727,329220.4715909091,170.2114681532037,0.006821973805534255,0.3168551265171792,0.08873615620577618,0.046132175193313155,0.13704781405343722
625,2.6354285916102156,0.013132803028120092,74.06122500000001,-0.20169652980495925,-0.01574176136604519,-0.0026129741724560973,-6.271452370061648e-6,37.61286471431442,G00625,116.39460587608608,48.83263639573477,8475.7190983551,5.647060966491699,324.3,13.386507368087768,28.064449977874755,1131.55,225.46197602163195,31912.122023809523,54827.41071428572,317191.73214285716,294.1428018333108,0.02802502258199956,0.46669194879538345,0.047432046128044726,0.04616314357168663,0.13691175648164447
626,2.658342012311996,0.012884024795732602,78.42481429999991,-0.1830223306401649,-0.01470979301725234,-0.00233155205958589,-2.302955710073689e-6,37.756401385654456,G00626,117.23014457759756,48.85326434139967,10000,5.3362769683202105,329.1666666666667,14.050946195920309,27.037604252497356,1219.0833333333333,178.99864382936988,31150.335227272728,53363.55965909091,279657.54829545453,242.91422402961715,0.03035785908567743,0.3963011744264423,0.08371479222032766,0.04631493203786514,0.13618652142029603
627,2.666599980743071,0.012792594565799974,78.4248143,-0.17600601667109714,-0.014320889938860226,-0.002224614627398355,-8.198183590946077e-7,37.80907587743181,G00627,118.12845986171706,48.85326434139967,10000,4.176190638542176,369.1,14.026281309127807,25.21657485961914,1471.3,151.23634344610218,28093.383285302592,49303.3083573487,142915.82997118155,234.3193215929684,0.023114611548038278,0.258127326135514,0.021203974736095553,0.04636667013033953,0.13591345293417584
628,2.667418625505401,0.012783478165806713,78.4248143,-0.17530165060680153,-0.014281816465337887,-0.0022138455795879964,-6.711882980338863e-7,37.814326630661114,G00628,119.0267751458366,48.85326434139967,10000,5.06960067152977,367.2916666666667,13.34055209159851,25.81826051076253,1363.4166666666667,173.8004644679506,28968.83183183183,50328.41141141141,159641.27327327328,260.276038938851,0.026719831336954387,0.32561524961596766,0.02330648508462025,0.04637171093959079,0.13588603463443794
629,2.667418625505401,0.012783478165806713,78.4248143,-0.17530165060680153,-0.014281816465337887,-0.0022138455795879964,-6.711882980338863e-7,37.814326630661114,G00629,119.9250904299561,48.85326434139967,10000,6.707302594184876,382.65,12.710496759414672,27.190249919891357,1091.8,210.63777838794854,29463.764204545456,50552.505681818184,200971.8153409091,320.10013044155005,0.03046476962814792,0.27556595529053496,0.04611119019727213,0.04637171093959079,0.13588603463443794
630,2.667418625505401,0.012783478165806713,78.4248143,-0.17530165060680153,-0.014281816465337887,-0.0022138455795879964,-6.711882980338863e-7,37.814326630661114,G00630,120.82340571407563,48.85326434139967,10000,7.811708879470825,425.8,12.41744065284729,28.059262561798096,937.6,258.0673922590152,29903.48948948949,51288.45645645646,192370.82582582583,405.85057896214744,0.17614150860604286,0.2729118000611909,0.05087669373081815,0.04637171093959079,0.13588603463443794
631,2.667418625505401,0.012783478165806713,78.4248143,-0.17530165060680153,-0.014281816465337887,-0.0022138455795879964,-6.711882980338863e-7,37.814326630661114,G00631,121.72172099819515,48.85326434139967,10000,8.982860167821249,490.4583333333333,12.219567656517029,28.423333406448364,564.875,292.0780587296902,28091.991477272728,49217.65340909091,156397.7215909091,622.0002828438929,0.6040393745839174,0.11258630303419369,0.04428590784522789,0.04637171093959079,0.13588603463443794
632,2.667418625505401,0.012783478165806713,78.4248143,-0.17530165060680153,-0.014281816465337887,-0.0022138455795879964,-6.711882980338863e-7,37.814326630661114,G00632,122.62003628231469,48.85326434139967,10000,8.831384348869324,526.05,12.041370964050293,27.986612606048585,510.95,251.7259317925789,27175.98181818182,48440.21212121212,135407.33333333334,636.7517301553978,0.6773750113521911,0.08338733061367207,0.02958325435177143,0.04637171093959079,0.13588603463443794
633,2.667418625505401,0.012783478165806713,78.4248143,-0.17530165060680153,-0.014281816465337887,-0.0022138455795879964,-6.711882980338863e-7,37.814326630661114,G00633,123.51835156643419,48.85326434139967,10000,8.925583338737487,543.15,12.03614583015442,28.132712745666502,446.15,172.85505793187417,27522.91193181818,48941.19602272727,131177.42613636365,676.6150646631129,0.5607769433124555,0.10147661272643259,0.025692899488580445,0.04637171093959079,0.13588603463443794
634,2.667418625505401,0.012783478165806713,78.4248143,-0.17530165060680153,-0.014281816465337887,-0.0022138455795879964,-6.711882980338863e-7,37.814326630661114,G00634,124.41666685055372,48.85326434139967,10000,8.55216759443283,561.8333333333334,12.338904420534769,27.77634358406067,466.2916666666667,135.93268128224244,27977.404761904763,50126.017857142855,150188.9107142857,711.839002909875,0.45557192849058487,0.17070552171237213,0.02152277554019565,0.04637171093959079,0.13588603463443794
635,2.667418625505401,0.012783478165806713,78.4248143,-0.17530165060680153,-0.014281816465337887,-0.0022138455795879964,-6.711882980338863e-7,37.814326630661114,G00635,125.31498213467323,48.85326434139967,10000,8.616738939285279,569.4,11.618211650848389,27.246765899658204,299.1,168.0898569218262,29110.482954545456,51893.735795454544,210395.61079545456,655.7295677587592,0.29918310729472736,0.3219481028362858,0.026619930007621372,0.04637171093959079,0.13588603463443794
636,2.667418625505401,0.012783478165806713,78.4248143,-0.17530165060680153,-0.014281816465337887,-0.0022138455795879964,-6.711882980338863e-7,37.814326630661114,G00636,126.21329741879276,48.85326434139967,10000,8.842165538242885,565,11.118228503635951,27.442820412772043,86.14285714285714,62.61902951294324,30104.167883211678,52891.51094890511,309172,558.6026527172559,0.15702019296774933,0.5473836130472717,0.0846894063578723,0.04637171093959079,0.13588603463443794
637,2.667418625505401,0.012783478165806713,78.4248143,-0.17530165060680153,-0.014281816465337887,-0.0022138455795879964,-6.711882980338863e-7,37.814326630661114,G00637,127.11161270291227,48.85326434139967,10000,9.195815563201904,632.5,9.13513469696045,27.728906631469727,9.5,10.606601717798213,32810.96,53844.2,476366,335.0083332505254,0.016830261860989716,0.46713210514509595,0.14436527627414575,0.04637171093959079,0.13588603463443794
638,2.667418625505401,0.012783478165806713,78.4248143,-0.17530165060680153,-0.014281816465337887,-0.0022138455795879964,-6.711882980338863e-7,37.814326630661114,G00638,128.0099279870318,48.85326434139967,10000,8.569483470916747,694.95,9.525024938583375,26.96103744506836,170.55,163.19554786238888,30506.143292682926,53226.46646341463,293268.39024390245,635.0060467278574,0.32261125980423844,0.3901537608880816,0.0946535302355934,0.04637171093959079,0.13588603463443794
639,2.667418625505401,0.012783478165806713,78.4248143,-0.17530165060680153,-0.014281816465337887,-0.0022138455795879964,-6.711882980338863e-7,37.814326630661114,G00639,128.90824327115132,48.85326434139967,10000,7.82954607407252,848.3333333333334,10.199371496836344,26.65181255340576,282.0416666666667,109.92190079944177,29458.348214285714,52182.24702380953,209387.96130952382,777.0309439486352,0.7171227302621874,0.17127079958503955,0.01445450545458329,0.04637171093959079,0.13588603463443794
640,2.667418625505401,0.012783478165806713,78.4248143,-0.17530165060680153,-0.014281816465337887,-0.0022138455795879964,-6.711882980338863e-7,37.814326630661114,G00640,129.74978890357295,48.8156476885638,8264.99477522475,7.734769132402208,957.6111111111111,10.87221876780192,26.996972190009224,212.61111111111111,83.47605425501932,30562.231927710844,53457.08734939759,260973.3734939759,776.2291356331407,0.7196784430098399,0.16788405560844422,0.013571623424987403,0.04637171093959079,0.13588603463443794
641,2.667418625505401,0.012783478165806713,78.4248143,-0.17530165060680153,-0.014281816465337887,-0.0022138455795879964,-6.711882980338863e-7,37.814326630661114,G00641,130.4100772213722,48.71856334763487,1730.3553761838082,6.821724823543003,980.7142857142857,11.386544636317662,26.60671397617885,316.2857142857143,80.58476755507061,30229.852112676057,52919.72535211268,315826.661971831,714.4879532854171,0.773903404219392,0.07681168307367156,0.0029780501152816686,0.04637171093959079,0.13588603463443794
642,2.667418625505401,0.012783478165806713,78.4248143,-0.17530165060680153,-0.014281816465337887,-0.0022138455795879964,-6.711882980338863e-7,37.814326630661114,NA,NA,NA,NA,NA,NA,NA,NA,NA,NA,NA,NA,NA,NA,NA,NA,NA,0.04637171093959079,0.13588603463443794
643,2.667418625505401,0.012783478165806713,78.4248143,-0.17530165060680153,-0.014281816465337887,-0.0022138455795879964,-6.711882980338863e-7,37.814326630661114,NA,NA,NA,NA,NA,NA,NA,NA,NA,NA,NA,NA,NA,NA,NA,NA,NA,0.04637171093959079,0.13588603463443794
644,2.667418625505401,0.012783478165806713,78.4248143,-0.17530165060680153,-0.014281816465337887,-0.0022138455795879964,-6.711882980338863e-7,37.814326630661114,NA,NA,NA,NA,NA,NA,NA,NA,NA,NA,NA,NA,NA,NA,NA,NA,NA,0.04637171093959079,0.13588603463443794
645,2.667418625505401,0.012783478165806713,78.4248143,-0.17530165060680153,-0.014281816465337887,-0.0022138455795879964,-6.711882980338863e-7,37.814326630661114,NA,NA,NA,NA,NA,NA,NA,NA,NA,NA,NA,NA,NA,NA,NA,NA,NA,0.04637171093959079,0.13588603463443794
646,2.667418625505401,0.012783478165806713,78.4248143,-0.17530165060680153,-0.014281816465337887,-0.0022138455795879964,-6.711882980338863e-7,37.814326630661114,NA,NA,NA,NA,NA,NA,NA,NA,NA,NA,NA,NA,NA,NA,NA,NA,NA,0.04637171093959079,0.13588603463443794
647,2.667418625505401,0.012783478165806713,78.4248143,-0.17530165060680153,-0.014281816465337887,-0.0022138455795879964,-6.711882980338863e-7,37.814326630661114,NA,NA,NA,NA,NA,NA,NA,NA,NA,NA,NA,NA,NA,NA,NA,NA,NA,0.04637171093959079,0.13588603463443794
648,2.667418625505401,0.012783478165806713,78.4248143,-0.17530165060680153,-0.014281816465337887,-0.0022138455795879964,-6.711882980338863e-7,37.814326630661114,NA,NA,NA,NA,NA,NA,NA,NA,NA,NA,NA,NA,NA,NA,NA,NA,NA,0.04637171093959079,0.13588603463443794
649,2.667418625505401,0.012783478165806713,78.4248143,-0.17530165060680153,-0.014281816465337887,-0.0022138455795879964,-6.711882980338863e-7,37.814326630661114,NA,NA,NA,NA,NA,NA,NA,NA,NA,NA,NA,NA,NA,NA,NA,NA,NA,0.04637171093959079,0.13588603463443794
650,2.667418625505401,0.012783478165806713,78.4248143,-0.17530165060680153,-0.014281816465337887,-0.0022138455795879964,-6.711882980338863e-7,37.814326630661114,NA,NA,NA,NA,NA,NA,NA,NA,NA,NA,NA,NA,NA,NA,NA,NA,NA,0.04637171093959079,0.13588603463443794
651,2.667418625505401,0.012783478165806713,78.4248143,-0.17530165060680153,-0.014281816465337887,-0.0022138455795879964,-6.711882980338863e-7,37.814326630661114,NA,NA,NA,NA,NA,NA,NA,NA,NA,NA,NA,NA,NA,NA,NA,NA,NA,0.04637171093959079,0.13588603463443794
652,2.667418625505401,0.012783478165806713,78.4248143,-0.17530165060680153,-0.014281816465337887,-0.0022138455795879964,-6.711882980338863e-7,37.814326630661114,NA,NA,NA,NA,NA,NA,NA,NA,NA,NA,NA,NA,NA,NA,NA,NA,NA,0.04637171093959079,0.13588603463443794
653,2.667418625505401,0.012783478165806713,78.4248143,-0.17530165060680153,-0.014281816465337887,-0.0022138455795879964,-6.711882980338863e-7,37.814326630661114,NA,NA,NA,NA,NA,NA,NA,NA,NA,NA,NA,NA,NA,NA,NA,NA,NA,0.04637171093959079,0.13588603463443794
654,2.667418625505401,0.012783478165806713,78.4248143,-0.17530165060680153,-0.014281816465337887,-0.0022138455795879964,-6.711882980338863e-7,37.814326630661114,NA,NA,NA,NA,NA,NA,NA,NA,NA,NA,NA,NA,NA,NA,NA,NA,NA,0.04637171093959079,0.13588603463443794
655,2.667418625505401,0.012783478165806713,78.4248143,-0.17530165060680153,-0.014281816465337887,-0.0022138455795879964,-6.711882980338863e-7,37.814326630661114,NA,NA,NA,NA,NA,NA,NA,NA,NA,NA,NA,NA,NA,NA,NA,NA,NA,0.04637171093959079,0.13588603463443794
656,2.667418625505401,0.012783478165806713,78.4248143,-0.17530165060680153,-0.014281816465337887,-0.0022138455795879964,-6.711882980338863e-7,37.814326630661114,NA,NA,NA,NA,NA,NA,NA,NA,NA,NA,NA,NA,NA,NA,NA,NA,NA,0.04637171093959079,0.13588603463443794
657,2.667418625505401,0.012783478165806713,78.4248143,-0.17530165060680153,-0.014281816465337887,-0.0022138455795879964,-6.711882980338863e-7,37.814326630661114,NA,NA,NA,NA,NA,NA,NA,NA,NA,NA,NA,NA,NA,NA,NA,NA,NA,0.04637171093959079,0.13588603463443794
658,2.667418625505401,0.012783478165806713,78.4248143,-0.17530165060680153,-0.014281816465337887,-0.0022138455795879964,-6.711882980338863e-7,37.814326630661114,NA,NA,NA,NA,NA,NA,NA,NA,NA,NA,NA,NA,NA,NA,NA,NA,NA,0.04637171093959079,0.13588603463443794
659,2.667418625505401,0.012783478165806713,78.4248143,-0.17530165060680153,-0.014281816465337887,-0.0022138455795879964,-6.711882980338863e-7,37.814326630661114,NA,NA,NA,NA,NA,NA,NA,NA,NA,NA,NA,NA,NA,NA,NA,NA,NA,0.04637171093959079,0.13588603463443794
660,2.667418625505401,0.012783478165806713,78.4248143,-0.17530165060680153,-0.014281816465337887,-0.0022138455795879964,-6.711882980338863e-7,37.814326630661114,NA,NA,NA,NA,NA,NA,NA,NA,NA,NA,NA,NA,NA,NA,NA,NA,NA,0.04637171093959079,0.13588603463443794
661,2.667418625505401,0.012783478165806713,78.4248143,-0.17530165060680153,-0.014281816465337887,-0.0022138455795879964,-6.711882980338863e-7,37.814326630661114,NA,NA,NA,NA,NA,NA,NA,NA,NA,NA,NA,NA,NA,NA,NA,NA,NA,0.04637171093959079,0.13588603463443794
662,2.667418625505401,0.012783478165806713,78.4248143,-0.17530165060680153,-0.014281816465337887,-0.0022138455795879964,-6.711882980338863e-7,37.814326630661114,NA,NA,NA,NA,NA,NA,NA,NA,NA,NA,NA,NA,NA,NA,NA,NA,NA,0.04637171093959079,0.13588603463443794
663,2.667418625505401,0.012783478165806713,78.4248143,-0.17530165060680153,-0.014281816465337887,-0.0022138455795879964,-6.711882980338863e-7,37.814326630661114,G00663,85.91403161482862,48.1666332575863,5306.128168723001,9.298953676223755,16,16.37709069252014,32.48137502670288,1280.05,223.84075048781304,5542.938502673796,9344.144385026739,1618.283422459893,11.275117242531927,0,0,0,0.04637171093959079,0.13588603463443794
664,2.667418625505401,0.012783478165806713,78.4248143,-0.17530165060680153,-0.014281816465337887,-0.0022138455795879964,-6.711882980338863e-7,37.814326630661114,G00664,86.70494138203597,48.24542684123918,9493.2592168621,8.453961372375488,20,16.55194886525472,31.34274983406067,1462.5416666666667,387.774921175614,6702.3081232493,11416.593837535014,5594.394957983193,11.607152805559013,0,1.3062249021278944e-4,2.3650156224055784e-6,0.04637171093959079,0.13588603463443794
665,2.6734663974464463,0.01271583262645164,80.06027729999991,-0.17004727995732194,-0.013990167505456792,-0.0021333248786956057,4.359901038656493e-7,37.85328327924893,G00665,87.5854653835774,48.25850293624259,9993.657702431692,8.319247436523437,29.35,17.06618013381958,31.416325187683107,1500.05,305.3147599307622,7077.114973262032,11524.86898395722,24272.64973262032,13.11234522915662,8.084560538172655e-5,0.005238821958414063,5.029674259620518e-4,0.04640844978140372,0.13568150789954125
666,2.671535500546876,0.012737487347860729,80.06027729999991,-0.17173469878928724,-0.014083861772481327,-0.0021592192161888997,8.072735405619823e-8,37.84081324694881,G00666,88.37023631929351,48.17729154222778,6066.449682775711,6.994211468100548,48.95,16.832100105285644,29.530987453460693,1802.1,446.1825092705309,9860.89075630252,15853.635854341737,64490.64425770308,26.303480875574213,0.0012207719840963034,0.030071575161111117,0.00981973449978317,0.04639681628394377,0.13574718744337066
667,2.667418625505401,0.012783478165806713,78.4248143,-0.17530165060680153,-0.014281816465337887,-0.0022138455795879964,-6.711882980338863e-7,37.814326630661114,G00667,89.24631521407079,47.98574471123158,517.3468872783955,3.4937956106538572,93.625,15.412901878356934,24.753687540690105,2492.9583333333335,782.2694675925529,10573.617647058823,17304.719251336897,20709.96524064171,22.180561255988994,8.58011484327433e-6,0.0016771872539172183,2.9782682278397185e-5,0.04637171093959079,0.13588603463443794
668,2.6627015852303533,0.012835876378892172,78.4248143,-0.17933821145171613,-0.01450566070774039,-0.002275478223875703,-1.523607412721693e-6,37.78414391546787,NA,NA,NA,NA,NA,NA,NA,NA,NA,NA,NA,NA,NA,NA,NA,NA,NA,0.04634244656091026,0.1360431544967973
669,2.6621275263312154,0.012842231703116488,78.4248143,-0.17982585600798773,-0.014532689824374005,-0.002282910229470432,-1.6266917239241023e-6,37.78048253045419,NA,NA,NA,NA,NA,NA,NA,NA,NA,NA,NA,NA,NA,NA,NA,NA,NA,0.04633884907199334,0.13606213360481859
670,2.726972018845405,0.012093150190925647,84.19490429999986,-0.11907370388510732,-0.011148654081437052,-0.0013375406550991257,1.1021453668325346e-5,38.21250049053547,NA,NA,NA,NA,NA,NA,NA,NA,NA,NA,NA,NA,NA,NA,NA,NA,NA,0.04669229443192814,0.13371166098140594
671,2.726972018845405,0.012093150190925647,84.19490429999986,-0.11907370388510732,-0.011148654081437052,-0.0013375406550991257,1.1021453668325346e-5,38.21250049053547,NA,NA,NA,NA,NA,NA,NA,NA,NA,NA,NA,NA,NA,NA,NA,NA,NA,0.04669229443192814,0.13371166098140594
672,2.726972018845405,0.012093150190925647,84.19490429999986,-0.11907370388510732,-0.011148654081437052,-0.0013375406550991257,1.1021453668325346e-5,38.21250049053547,NA,NA,NA,NA,NA,NA,NA,NA,NA,NA,NA,NA,NA,NA,NA,NA,NA,0.04669229443192814,0.13371166098140594
673,2.726972018845405,0.012093150190925647,84.19490429999986,-0.11907370388510732,-0.011148654081437052,-0.0013375406550991257,1.1021453668325346e-5,38.21250049053547,NA,NA,NA,NA,NA,NA,NA,NA,NA,NA,NA,NA,NA,NA,NA,NA,NA,0.04669229443192814,0.13371166098140594
674,2.726972018845405,0.012093150190925647,84.19490429999986,-0.11907370388510732,-0.011148654081437052,-0.0013375406550991257,1.1021453668325346e-5,38.21250049053547,NA,NA,NA,NA,NA,NA,NA,NA,NA,NA,NA,NA,NA,NA,NA,NA,NA,0.04669229443192814,0.13371166098140594
675,2.726972018845405,0.012093150190925647,84.19490429999986,-0.11907370388510732,-0.011148654081437052,-0.0013375406550991257,1.1021453668325346e-5,38.21250049053547,NA,NA,NA,NA,NA,NA,NA,NA,NA,NA,NA,NA,NA,NA,NA,NA,NA,0.04669229443192814,0.13371166098140594
676,2.726972018845405,0.012093150190925647,84.19490429999986,-0.11907370388510732,-0.011148654081437052,-0.0013375406550991257,1.1021453668325346e-5,38.21250049053547,NA,NA,NA,NA,NA,NA,NA,NA,NA,NA,NA,NA,NA,NA,NA,NA,NA,0.04669229443192814,0.13371166098140594
677,2.726972018845405,0.012093150190925647,84.19490429999986,-0.11907370388510732,-0.011148654081437052,-0.0013375406550991257,1.1021453668325346e-5,38.21250049053547,NA,NA,NA,NA,NA,NA,NA,NA,NA,NA,NA,NA,NA,NA,NA,NA,NA,0.04669229443192814,0.13371166098140594
678,2.726972018845405,0.012093150190925647,84.19490429999986,-0.11907370388510732,-0.011148654081437052,-0.0013375406550991257,1.1021453668325346e-5,38.21250049053547,NA,NA,NA,NA,NA,NA,NA,NA,NA,NA,NA,NA,NA,NA,NA,NA,NA,0.04669229443192814,0.13371166098140594
679,2.726972018845405,0.012093150190925647,84.19490429999986,-0.11907370388510732,-0.011148654081437052,-0.0013375406550991257,1.1021453668325346e-5,38.21250049053547,NA,NA,NA,NA,NA,NA,NA,NA,NA,NA,NA,NA,NA,NA,NA,NA,NA,0.04669229443192814,0.13371166098140594
680,2.726972018845405,0.012093150190925647,84.19490429999986,-0.11907370388510732,-0.011148654081437052,-0.0013375406550991257,1.1021453668325346e-5,38.21250049053547,NA,NA,NA,NA,NA,NA,NA,NA,NA,NA,NA,NA,NA,NA,NA,NA,NA,0.04669229443192814,0.13371166098140594
681,2.726972018845405,0.012093150190925647,84.19490429999986,-0.11907370388510732,-0.011148654081437052,-0.0013375406550991257,1.1021453668325346e-5,38.21250049053547,NA,NA,NA,NA,NA,NA,NA,NA,NA,NA,NA,NA,NA,NA,NA,NA,NA,0.04669229443192814,0.13371166098140594
682,2.726972018845405,0.012093150190925647,84.19490429999986,-0.11907370388510732,-0.011148654081437052,-0.0013375406550991257,1.1021453668325346e-5,38.21250049053547,NA,NA,NA,NA,NA,NA,NA,NA,NA,NA,NA,NA,NA,NA,NA,NA,NA,0.04669229443192814,0.13371166098140594
683,2.726972018845405,0.012093150190925647,84.19490429999986,-0.11907370388510732,-0.011148654081437052,-0.0013375406550991257,1.1021453668325346e-5,38.21250049053547,NA,NA,NA,NA,NA,NA,NA,NA,NA,NA,NA,NA,NA,NA,NA,NA,NA,0.04669229443192814,0.13371166098140594
684,2.726972018845405,0.012093150190925647,84.19490429999986,-0.11907370388510732,-0.011148654081437052,-0.0013375406550991257,1.1021453668325346e-5,38.21250049053547,NA,NA,NA,NA,NA,NA,NA,NA,NA,NA,NA,NA,NA,NA,NA,NA,NA,0.04669229443192814,0.13371166098140594
685,2.726972018845405,0.012093150190925647,84.19490429999986,-0.11907370388510732,-0.011148654081437052,-0.0013375406550991257,1.1021453668325346e-5,38.21250049053547,NA,NA,NA,NA,NA,NA,NA,NA,NA,NA,NA,NA,NA,NA,NA,NA,NA,0.04669229443192814,0.13371166098140594
686,2.726972018845405,0.012093150190925647,84.19490429999986,-0.11907370388510732,-0.011148654081437052,-0.0013375406550991257,1.1021453668325346e-5,38.21250049053547,NA,NA,NA,NA,NA,NA,NA,NA,NA,NA,NA,NA,NA,NA,NA,NA,NA,0.04669229443192814,0.13371166098140594
687,2.726972018845405,0.012093150190925647,84.19490429999986,-0.11907370388510732,-0.011148654081437052,-0.0013375406550991257,1.1021453668325346e-5,38.21250049053547,NA,NA,NA,NA,NA,NA,NA,NA,NA,NA,NA,NA,NA,NA,NA,NA,NA,0.04669229443192814,0.13371166098140594
688,2.726972018845405,0.012093150190925647,84.19490429999986,-0.11907370388510732,-0.011148654081437052,-0.0013375406550991257,1.1021453668325346e-5,38.21250049053547,NA,NA,NA,NA,NA,NA,NA,NA,NA,NA,NA,NA,NA,NA,NA,NA,NA,0.04669229443192814,0.13371166098140594
689,2.726972018845405,0.012093150190925647,84.19490429999986,-0.11907370388510732,-0.011148654081437052,-0.0013375406550991257,1.1021453668325346e-5,38.21250049053547,NA,NA,NA,NA,NA,NA,NA,NA,NA,NA,NA,NA,NA,NA,NA,NA,NA,0.04669229443192814,0.13371166098140594
690,2.726972018845405,0.012093150190925647,84.19490429999986,-0.11907370388510732,-0.011148654081437052,-0.0013375406550991257,1.1021453668325346e-5,38.21250049053547,NA,NA,NA,NA,NA,NA,NA,NA,NA,NA,NA,NA,NA,NA,NA,NA,NA,0.04669229443192814,0.13371166098140594
691,2.726972018845405,0.012093150190925647,84.19490429999986,-0.11907370388510732,-0.011148654081437052,-0.0013375406550991257,1.1021453668325346e-5,38.21250049053547,NA,NA,NA,NA,NA,NA,NA,NA,NA,NA,NA,NA,NA,NA,NA,NA,NA,0.04669229443192814,0.13371166098140594
692,2.726972018845405,0.012093150190925647,84.19490429999986,-0.11907370388510732,-0.011148654081437052,-0.0013375406550991257,1.1021453668325346e-5,38.21250049053547,NA,NA,NA,NA,NA,NA,NA,NA,NA,NA,NA,NA,NA,NA,NA,NA,NA,0.04669229443192814,0.13371166098140594
693,2.726972018845405,0.012093150190925647,84.19490429999986,-0.11907370388510732,-0.011148654081437052,-0.0013375406550991257,1.1021453668325346e-5,38.21250049053547,NA,NA,NA,NA,NA,NA,NA,NA,NA,NA,NA,NA,NA,NA,NA,NA,NA,0.04669229443192814,0.13371166098140594
694,2.726972018845405,0.012093150190925647,84.19490429999986,-0.11907370388510732,-0.011148654081437052,-0.0013375406550991257,1.1021453668325346e-5,38.21250049053547,NA,NA,NA,NA,NA,NA,NA,NA,NA,NA,NA,NA,NA,NA,NA,NA,NA,0.04669229443192814,0.13371166098140594
695,2.726972018845405,0.012093150190925647,84.19490429999986,-0.11907370388510732,-0.011148654081437052,-0.0013375406550991257,1.1021453668325346e-5,38.21250049053547,NA,NA,NA,NA,NA,NA,NA,NA,NA,NA,NA,NA,NA,NA,NA,NA,NA,0.04669229443192814,0.13371166098140594
696,2.726972018845405,0.012093150190925647,84.19490429999986,-0.11907370388510732,-0.011148654081437052,-0.0013375406550991257,1.1021453668325346e-5,38.21250049053547,G00696,115.74076704484135,48.17980940524789,2468.556656740517,9.486670017242432,644.4285714285714,8.924580574035645,26.992911883762904,69.28571428571429,40.54518575505713,30090.05319148936,52935.186170212764,251575.8989361702,544.4648000096727,0.14688415671466903,0.44626112042140353,0.06753721375060374,0.04669229443192814,0.13371166098140594
697,2.726972018845405,0.012093150190925647,84.19490429999986,-0.11907370388510732,-0.011148654081437052,-0.0013375406550991257,1.1021453668325346e-5,38.21250049053547,G00697,116.33182929347802,48.25868973324162,10000,9.098200446680972,724.6315789473684,9.186606909099378,26.718922163310804,165.26315789473685,112.63847877428385,28431.761235955055,50794.56179775281,192609.00561797753,726.621612272332,0.4478757288345345,0.3509223470280212,0.02524083346123458,0.04669229443192814,0.13371166098140594
698,2.726972018845405,0.012093150190925647,84.19490429999986,-0.11907370388510732,-0.011148654081437052,-0.0013375406550991257,1.1021453668325346e-5,38.21250049053547,G00698,117.23014457759756,48.25868973324162,10000,9.343035289219447,835.9285714285714,9.581943103245326,27.396545955113,71.71428571428571,65.66280831341587,29011.05286343612,51294.92511013216,249095.95154185023,699.6328419184465,0.3451634823305499,0.46231107629680485,0.020941714820929613,0.04669229443192814,0.13371166098140594
699,2.726972018845405,0.012093150190925647,84.19490429999986,-0.11907370388510732,-0.011148654081437052,-0.0013375406550991257,1.1021453668325346e-5,38.21250049053547,G00699,118.13010294352483,48.27411166076685,9477.524566749196,8.974920590718588,939.3333333333334,9.802020072937012,27.408070246378582,57.333333333333336,43.154760262725745,30677.176470588234,53378.882352941175,289608.81176470587,692.9220549536428,0.4144791639679611,0.3770904225721843,0.0685634233246911,0.04669229443192814,0.13371166098140594
700,2.726972018845405,0.012093150190925647,84.19490429999986,-0.11907370388510732,-0.011148654081437052,-0.0013375406550991257,1.1021453668325346e-5,38.21250049053547,G00700,119.0267751458366,48.25868973324162,10000,-8.701603889465332,358.5,12.347458362579346,11.602250099182129,4762,67.88225099390856,19032.636363636364,31545.636363636364,56332.90909090909,28.957658771652806,0,0,0,0.04669229443192814,0.13371166098140594
701,2.726972018845405,0.012093150190925647,84.19490429999986,-0.11907370388510732,-0.011148654081437052,-0.0013375406550991257,1.1021453668325346e-5,38.21250049053547,G00701,119.9250904299561,48.25868973324162,10000,-4.611748861873315,178.66666666666666,13.354624960157606,16.552125136057537,4184.944444444444,331.7285339874125,21158.22429906542,35080.862928348906,93139.84735202492,29.17336528527551,8.629191273925445e-7,9.86193322788518e-8,6.711045362635111e-5,0.04669229443192814,0.13371166098140594
702,2.726972018845405,0.012093150190925647,84.19490429999986,-0.11907370388510732,-0.011148654081437052,-0.0013375406550991257,1.1021453668325346e-5,38.21250049053547,G00702,120.82340571407563,48.25868973324162,10000,1.1022044211470832,133.45833333333334,13.249754349390665,21.838281194369,3202.5,1031.112695734248,20635.941176470587,33368.58021390374,103724.13903743315,38.2476828679678,0.005127443121821702,0.0048794288299593815,4.114904076045769e-4,0.04669229443192814,0.13371166098140594
703,2.726972018845405,0.012093150190925647,84.19490429999986,-0.11907370388510732,-0.011148654081437052,-0.0013375406550991257,1.1021453668325346e-5,38.21250049053547,G00703,121.72172099819515,48.25868973324162,10000,11.190264058113097,83.55,13.44056158065796,31.937737464904785,1456.05,269.69426647302134,26701.44385026738,43275.46524064171,378700.6978609626,206.0512274697605,0.007060765293244215,0.3925442434541122,0.028635954963894397,0.04669229443192814,0.13371166098140594
704,2.726972018845405,0.012093150190925647,84.19490429999986,-0.11907370388510732,-0.011148654081437052,-0.0013375406550991257,1.1021453668325346e-5,38.21250049053547,G00704,122.62003628231469,48.25868973324162,10000,12.716357549031576,58.958333333333336,14.873979171117147,34.482896169026695,1203.6666666666667,24.85727374373575,23123.406162464988,37567.91596638656,260077.01960784313,106.25192119969957,6.92481037204962e-4,0.380961724682621,0.010961490422448103,0.04669229443192814,0.13371166098140594
705,2.7255549499712886,0.012110236189632164,84.19490429999986,-0.12054304010679491,-0.011230792122908154,-0.0013607977633569583,1.0720420748405249e-5,38.20260258611071,G00705,123.51835156643419,48.25868973324162,10000,12.642831754684448,47.9,14.612461423873901,33.89196243286133,1161.35,10.707965554473429,24112.517426273458,39358.42091152815,248966.75871313672,111.93293433286956,1.2762076377805548e-4,0.3243130052082599,0.01198940434642763,0.046685805394903954,0.13376774665431748
706,2.718391500567014,0.01219608891004976,87.98502549999994,-0.12785994806354084,-0.011639663752295363,-0.001476363408134112,9.217713282646113e-6,38.15292225303591,G00706,124.41666685055372,48.25868973324162,10000,12.697067642211914,37.55,15.541033458709716,35.19796257019043,1149.8,21.56166188302504,8620.859943977592,14600.89075630252,23105.41736694678,18.768142090861613,8.244087461295189e-6,0.021626818387300156,0.004656470327799894,0.046652090579303446,0.13404788019829048
707,2.698704989904431,0.012427700889083492,89.6428438,-0.1470817455420294,-0.012712313466776528,-0.0017778226560670619,5.24105121402283e-6,38.0192401752353,G00707,125.31498213467323,48.25868973324162,10000,12.394851128260294,34.583333333333336,15.807282368342081,35.23339589436849,1145.9583333333333,20.16341751283997,3113.561497326203,5982.644385026738,1250.1203208556149,7.708493996808096,0,2.093931325832842e-5,0,0.04655191677755416,0.13478928619223743
708,2.7820079896288035,0.011401109953726327,90.46474599999993,-0.05525319441323428,-0.007575439161771281,-3.1406725517316484e-4,2.3875339204758748e-5,38.61838123670748,G00708,126.21329741879276,48.25868973324162,10000,12.225530290603638,32.7,16.691151905059815,35.396199989318845,1133.7,16.18999040993182,2332.4201680672268,4051.7254901960782,752.501400560224,7.622309375628688,0,6.905399391580155e-6,0,0.04689247014674544,0.13135606493721155
709,2.7820079896288035,0.011401109953726327,90.46474599999993,-0.05525319441323428,-0.007575439161771281,-3.1406725517316484e-4,2.3875339204758748e-5,38.61838123670748,G00709,127.11161270291227,48.25868973324162,10000,12.099847888946533,32,17.379289627075195,35.46781196594238,1119.4,15.905642825243195,4245.505347593583,7403.1604278074865,2213.0401069518716,8.02618540393371,0,3.0783132367325655e-4,1.4056224902462023e-5,0.04689247014674544,0.13135606493721155
710,2.7820079896288035,0.011401109953726327,90.46474599999993,-0.05525319441323428,-0.007575439161771281,-3.1406725517316484e-4,2.3875339204758748e-5,38.61838123670748,G00710,128.0099279870318,48.25868973324162,10000,12.152071197827658,34.208333333333336,17.761630455652874,35.80340655644735,1105.375,18.812143395435694,2745.731092436975,4959.019607843137,873.3921568627451,7.592233262366793,0,1.0471793960332858e-6,0,0.04689247014674544,0.13135606493721155
711,2.7820079896288035,0.011401109953726327,90.46474599999993,-0.05525319441323428,-0.007575439161771281,-3.1406725517316484e-4,2.3875339204758748e-5,38.61838123670748,G00711,128.90824327115132,48.25868973324162,10000,12.105823993682861,33.25,17.75346221923828,35.84841251373291,1100,23.14485278687933,3747.4598930481284,7487.711229946524,1229.7807486631016,7.336490631069338,0,2.108433773396815e-6,2.251227105449026e-5,0.04689247014674544,0.13135606493721155
712,2.7820079896288035,0.011401109953726327,90.46474599999993,-0.05525319441323428,-0.007575439161771281,-3.1406725517316484e-4,2.3875339204758748e-5,38.61838123670748,G00712,129.80655855527084,48.25868973324162,10000,11.87139884630839,32.291666666666664,17.459867238998413,35.74532302220663,1089.9166666666667,24.627514952865692,2270.780748663102,3760.585561497326,658.6524064171123,7.180267281999333,0,1.0698349079636035e-5,2.9059571728155456e-4,0.04689247014674544,0.13135606493721155
713,2.7820079896288035,0.011401109953726327,90.46474599999993,-0.05525319441323428,-0.007575439161771281,-3.1406725517316484e-4,2.3875339204758748e-5,38.61838123670748,G00713,130.47762028155964,48.25677265003447,4840.937900327235,11.67096562385559,32.25,17.034875106811523,35.44233741760254,1072.5,31.226675506014,2558.7450980392155,3497.4005602240895,554.4145658263305,7.0632333314081714,0,0,0,0.04689247014674544,0.13135606493721155
714,2.7820079896288035,0.011401109953726327,90.46474599999993,-0.05525319441323428,-0.007575439161771281,-3.1406725517316484e-4,2.3875339204758748e-5,38.61838123670748,NA,NA,NA,NA,NA,NA,NA,NA,NA,NA,NA,NA,NA,NA,NA,NA,NA,0.04689247014674544,0.13135606493721155
715,2.7820079896288035,0.011401109953726327,90.46474599999993,-0.05525319441323428,-0.007575439161771281,-3.1406725517316484e-4,2.3875339204758748e-5,38.61838123670748,G00715,132.89979648389584,47.973325666293974,60.79708455168104,11.026922663052877,33.875,16.83175015449524,34.937687397003174,997.375,37.924194984434294,5022.2801120448175,8242.411764705883,3205.801120448179,7.064674072486416,0,3.78369554366147e-4,0,0.04689247014674544,0.13135606493721155
716,2.7820079896288035,0.011401109953726327,90.46474599999993,-0.05525319441323428,-0.007575439161771281,-3.1406725517316484e-4,2.3875339204758748e-5,38.61838123670748,G00716,133.48180480723113,48.04970621356855,2691.1730619691366,10.789020872116089,35.2,16.814820861816408,34.72052516937256,874.8,34.97457723306429,9339.419786096256,15270.088235294117,9614.07486631016,10.467481326030935,0,0.0055905399252167,5.611334231764771e-5,0.04689247014674544,0.13135606493721155
717,2.7820079896288035,0.011401109953726327,90.46474599999993,-0.05525319441323428,-0.007575439161771281,-3.1406725517316484e-4,2.3875339204758748e-5,38.61838123670748,G00717,134.26502508655216,48.1583027702985,5364.48153411245,9.4992087384065,35.875,16.077471494674683,32.933187325795494,1050.625,431.16190971757277,8153.983193277311,13229.235294117647,18754.243697478993,13.873204296912771,5.6291834301401375e-5,0.022204216839354668,0.0015380745250375928,0.04689247014674544,0.13135606493721155
718,2.7820079896288035,0.011401109953726327,90.46474599999993,-0.05525319441323428,-0.007575439161771281,-3.1406725517316484e-4,2.3875339204758748e-5,38.61838123670748,G00718,134.86357339341086,48.35386964713098,259.07200729441035,6.9674688339233395,41.9,15.240468883514405,29.25678768157959,1635.9,800.256991616805,7534.280748663102,12265.088235294117,6963.804812834224,11.90170652643009,8.768407066779107e-6,0.0018341476965111738,5.052766613458282e-4,0.04689247014674544,0.13135606493721155
719,2.7820079896288035,0.011401109953726327,90.46474599999993,-0.05525319441323428,-0.007575439161771281,-3.1406725517316484e-4,2.3875339204758748e-5,38.61838123670748,NA,NA,NA,NA,NA,NA,NA,NA,NA,NA,NA,NA,NA,NA,NA,NA,NA,0.04689247014674544,0.13135606493721155
720,2.7820079896288035,0.011401109953726327,90.46474599999993,-0.05525319441323428,-0.007575439161771281,-3.1406725517316484e-4,2.3875339204758748e-5,38.61838123670748,NA,NA,NA,NA,NA,NA,NA,NA,NA,NA,NA,NA,NA,NA,NA,NA,NA,0.04689247014674544,0.13135606493721155
721,2.7820079896288035,0.011401109953726327,90.46474599999993,-0.05525319441323428,-0.007575439161771281,-3.1406725517316484e-4,2.3875339204758748e-5,38.61838123670748,NA,NA,NA,NA,NA,NA,NA,NA,NA,NA,NA,NA,NA,NA,NA,NA,NA,0.04689247014674544,0.13135606493721155
722,2.7820079896288035,0.011401109953726327,90.46474599999993,-0.05525319441323428,-0.007575439161771281,-3.1406725517316484e-4,2.3875339204758748e-5,38.61838123670748,NA,NA,NA,NA,NA,NA,NA,NA,NA,NA,NA,NA,NA,NA,NA,NA,NA,0.04689247014674544,0.13135606493721155
723,2.7820079896288035,0.011401109953726327,90.46474599999993,-0.05525319441323428,-0.007575439161771281,-3.1406725517316484e-4,2.3875339204758748e-5,38.61838123670748,NA,NA,NA,NA,NA,NA,NA,NA,NA,NA,NA,NA,NA,NA,NA,NA,NA,0.04689247014674544,0.13135606493721155
724,2.7820079896288035,0.011401109953726327,90.46474599999993,-0.05525319441323428,-0.007575439161771281,-3.1406725517316484e-4,2.3875339204758748e-5,38.61838123670748,NA,NA,NA,NA,NA,NA,NA,NA,NA,NA,NA,NA,NA,NA,NA,NA,NA,0.04689247014674544,0.13135606493721155
725,2.7820079896288035,0.011401109953726327,90.46474599999993,-0.05525319441323428,-0.007575439161771281,-3.1406725517316484e-4,2.3875339204758748e-5,38.61838123670748,NA,NA,NA,NA,NA,NA,NA,NA,NA,NA,NA,NA,NA,NA,NA,NA,NA,0.04689247014674544,0.13135606493721155
726,2.7820079896288035,0.011401109953726327,90.46474599999993,-0.05525319441323428,-0.007575439161771281,-3.1406725517316484e-4,2.3875339204758748e-5,38.61838123670748,NA,NA,NA,NA,NA,NA,NA,NA,NA,NA,NA,NA,NA,NA,NA,NA,NA,0.04689247014674544,0.13135606493721155
727,2.7820079896288035,0.011401109953726327,90.46474599999993,-0.05525319441323428,-0.007575439161771281,-3.1406725517316484e-4,2.3875339204758748e-5,38.61838123670748,NA,NA,NA,NA,NA,NA,NA,NA,NA,NA,NA,NA,NA,NA,NA,NA,NA,0.04689247014674544,0.13135606493721155
728,2.7820079896288035,0.011401109953726327,90.46474599999993,-0.05525319441323428,-0.007575439161771281,-3.1406725517316484e-4,2.3875339204758748e-5,38.61838123670748,NA,NA,NA,NA,NA,NA,NA,NA,NA,NA,NA,NA,NA,NA,NA,NA,NA,0.04689247014674544,0.13135606493721155
729,2.7820079896288035,0.011401109953726327,90.46474599999993,-0.05525319441323428,-0.007575439161771281,-3.1406725517316484e-4,2.3875339204758748e-5,38.61838123670748,NA,NA,NA,NA,NA,NA,NA,NA,NA,NA,NA,NA,NA,NA,NA,NA,NA,0.04689247014674544,0.13135606493721155
730,2.7820079896288035,0.011401109953726327,90.46474599999993,-0.05525319441323428,-0.007575439161771281,-3.1406725517316484e-4,2.3875339204758748e-5,38.61838123670748,NA,NA,NA,NA,NA,NA,NA,NA,NA,NA,NA,NA,NA,NA,NA,NA,NA,0.04689247014674544,0.13135606493721155
731,2.7820079896288035,0.011401109953726327,90.46474599999993,-0.05525319441323428,-0.007575439161771281,-3.1406725517316484e-4,2.3875339204758748e-5,38.61838123670748,NA,NA,NA,NA,NA,NA,NA,NA,NA,NA,NA,NA,NA,NA,NA,NA,NA,0.04689247014674544,0.13135606493721155
732,2.7820079896288035,0.011401109953726327,90.46474599999993,-0.05525319441323428,-0.007575439161771281,-3.1406725517316484e-4,2.3875339204758748e-5,38.61838123670748,NA,NA,NA,NA,NA,NA,NA,NA,NA,NA,NA,NA,NA,NA,NA,NA,NA,0.04689247014674544,0.13135606493721155
733,2.7820079896288035,0.011401109953726327,90.46474599999993,-0.05525319441323428,-0.007575439161771281,-3.1406725517316484e-4,2.3875339204758748e-5,38.61838123670748,NA,NA,NA,NA,NA,NA,NA,NA,NA,NA,NA,NA,NA,NA,NA,NA,NA,0.04689247014674544,0.13135606493721155
734,2.7820079896288035,0.011401109953726327,90.46474599999993,-0.05525319441323428,-0.007575439161771281,-3.1406725517316484e-4,2.3875339204758748e-5,38.61838123670748,NA,NA,NA,NA,NA,NA,NA,NA,NA,NA,NA,NA,NA,NA,NA,NA,NA,0.04689247014674544,0.13135606493721155
735,2.7820079896288035,0.011401109953726327,90.46474599999993,-0.05525319441323428,-0.007575439161771281,-3.1406725517316484e-4,2.3875339204758748e-5,38.61838123670748,G00735,85.9057616561927,47.66575732713293,7382.6613564958,8.729305108388266,130.375,14.848618865013123,31.103812376658123,1309.375,50.351643900455336,9697,15939.014005602241,5591.921568627451,17.525582396619235,2.2519985919105397e-8,6.738655542604324e-4,1.1710393062992804e-6,0.04689247014674544,0.13135606493721155
736,2.7820079896288035,0.011401109953726327,90.46474599999993,-0.05525319441323428,-0.007575439161771281,-3.1406725517316484e-4,2.3875339204758748e-5,38.61838123670748,G00736,86.68742491753382,47.65711872820361,10000,8.14065465927124,162,14.334315586090089,30.206312465667725,1364.45,311.51505412639114,15827.133689839573,26381.57754010695,31130.92245989305,36.55880224789337,0.018376941096126274,0.007675725119744206,0.0021276885401577614,0.04689247014674544,0.13135606493721155
737,2.7820079896288035,0.011401109953726327,90.46474599999993,-0.05525319441323428,-0.007575439161771281,-3.1406725517316484e-4,2.3875339204758748e-5,38.61838123670748,G00737,87.58574020165334,47.65711872820361,10000,7.040386986732483,182.15,12.916467809677124,27.95688753128052,1405.2,301.38969353383845,21662.745989304814,36478.521390374335,137866.28877005348,127.18050180946841,0.011160029005471288,0.15502863681821855,0.05724086352080387,0.04689247014674544,0.13135606493721155
738,2.7820079896288035,0.011401109953726327,90.46474599999993,-0.05525319441323428,-0.007575439161771281,-3.1406725517316484e-4,2.3875339204758748e-5,38.61838123670748,G00738,88.48405548577286,47.65711872820361,10000,7.634231726328532,231.54166666666666,13.897262215614319,29.434364636739094,1283.9166666666667,86.43515622641088,20406.01400560224,35597.551820728295,57320.098039215685,83.30725728233361,2.4719991269681415e-4,0.0433549420062972,0.00987511157835327,0.04689247014674544,0.13135606493721155
739,2.7819582117431847,0.011401763032849595,90.46474599999993,-0.05531800287944971,-0.007579069747778266,-3.151176550217643e-4,2.38624857943431e-5,38.61799174842685,G00739,89.36873621819872,47.64787817732864,9642.501280444027,7.068150568008423,295.7,13.89736566543579,28.734262657165527,1412.6,22.910351601979308,24222.58823529412,42169.005347593586,98960.7807486631,96.23910970418865,1.1345381693228716e-5,0.0226822066382444,0.004291209282528241,0.0468923404620188,0.1313583533615534
740,2.771741036955413,0.011534697125657498,86.73165899999992,-0.06830788272879369,-0.008306781187286776,-5.252585958684877e-4,2.1278809059628258e-5,38.53903021543364,G00740,90.08947772564134,47.552707182136615,4146.015402765734,7.0489358107248945,340.8333333333333,14.02241313457489,28.60291663805644,1343.4583333333333,35.14068516155012,27942.724719101123,48451.73595505618,159042.5533707865,122.99303993072384,2.524265294088006e-4,0.06016088283433099,0.0061076680664585905,0.04686354729948377,0.1318220685064747
741,2.830674730576152,0.010734199212780269,107.62716659999984,0.017092340410962387,-0.003527097442886558,8.685740653798777e-4,3.804782854761113e-5,39.027280390374656,NA,NA,NA,NA,NA,NA,NA,NA,NA,NA,NA,NA,NA,NA,NA,NA,NA,0.0469603195795412,0.12900102201514627
742,2.830674730576152,0.010734199212780269,107.62716659999984,0.017092340410962387,-0.003527097442886558,8.685740653798777e-4,3.804782854761113e-5,39.027280390374656,NA,NA,NA,NA,NA,NA,NA,NA,NA,NA,NA,NA,NA,NA,NA,NA,NA,0.0469603195795412,0.12900102201514627
743,2.830674730576152,0.010734199212780269,107.62716659999984,0.017092340410962387,-0.003527097442886558,8.685740653798777e-4,3.804782854761113e-5,39.027280390374656,NA,NA,NA,NA,NA,NA,NA,NA,NA,NA,NA,NA,NA,NA,NA,NA,NA,0.0469603195795412,0.12900102201514627
744,2.830674730576152,0.010734199212780269,107.62716659999984,0.017092340410962387,-0.003527097442886558,8.685740653798777e-4,3.804782854761113e-5,39.027280390374656,NA,NA,NA,NA,NA,NA,NA,NA,NA,NA,NA,NA,NA,NA,NA,NA,NA,0.0469603195795412,0.12900102201514627
745,2.830674730576152,0.010734199212780269,107.62716659999984,0.017092340410962387,-0.003527097442886558,8.685740653798777e-4,3.804782854761113e-5,39.027280390374656,NA,NA,NA,NA,NA,NA,NA,NA,NA,NA,NA,NA,NA,NA,NA,NA,NA,0.0469603195795412,0.12900102201514627
746,2.830674730576152,0.010734199212780269,107.62716659999984,0.017092340410962387,-0.003527097442886558,8.685740653798777e-4,3.804782854761113e-5,39.027280390374656,NA,NA,NA,NA,NA,NA,NA,NA,NA,NA,NA,NA,NA,NA,NA,NA,NA,0.0469603195795412,0.12900102201514627
747,2.830674730576152,0.010734199212780269,107.62716659999984,0.017092340410962387,-0.003527097442886558,8.685740653798777e-4,3.804782854761113e-5,39.027280390374656,NA,NA,NA,NA,NA,NA,NA,NA,NA,NA,NA,NA,NA,NA,NA,NA,NA,0.0469603195795412,0.12900102201514627
748,2.830674730576152,0.010734199212780269,107.62716659999984,0.017092340410962387,-0.003527097442886558,8.685740653798777e-4,3.804782854761113e-5,39.027280390374656,NA,NA,NA,NA,NA,NA,NA,NA,NA,NA,NA,NA,NA,NA,NA,NA,NA,0.0469603195795412,0.12900102201514627
749,2.830674730576152,0.010734199212780269,107.62716659999984,0.017092340410962387,-0.003527097442886558,8.685740653798777e-4,3.804782854761113e-5,39.027280390374656,NA,NA,NA,NA,NA,NA,NA,NA,NA,NA,NA,NA,NA,NA,NA,NA,NA,0.0469603195795412,0.12900102201514627
750,2.830674730576152,0.010734199212780269,107.62716659999984,0.017092340410962387,-0.003527097442886558,8.685740653798777e-4,3.804782854761113e-5,39.027280390374656,NA,NA,NA,NA,NA,NA,NA,NA,NA,NA,NA,NA,NA,NA,NA,NA,NA,0.0469603195795412,0.12900102201514627
751,2.830674730576152,0.010734199212780269,107.62716659999984,0.017092340410962387,-0.003527097442886558,8.685740653798777e-4,3.804782854761113e-5,39.027280390374656,NA,NA,NA,NA,NA,NA,NA,NA,NA,NA,NA,NA,NA,NA,NA,NA,NA,0.0469603195795412,0.12900102201514627
752,2.830674730576152,0.010734199212780269,107.62716659999984,0.017092340410962387,-0.003527097442886558,8.685740653798777e-4,3.804782854761113e-5,39.027280390374656,NA,NA,NA,NA,NA,NA,NA,NA,NA,NA,NA,NA,NA,NA,NA,NA,NA,0.0469603195795412,0.12900102201514627
753,2.830674730576152,0.010734199212780269,107.62716659999984,0.017092340410962387,-0.003527097442886558,8.685740653798777e-4,3.804782854761113e-5,39.027280390374656,NA,NA,NA,NA,NA,NA,NA,NA,NA,NA,NA,NA,NA,NA,NA,NA,NA,0.0469603195795412,0.12900102201514627
754,2.830674730576152,0.010734199212780269,107.62716659999984,0.017092340410962387,-0.003527097442886558,8.685740653798777e-4,3.804782854761113e-5,39.027280390374656,NA,NA,NA,NA,NA,NA,NA,NA,NA,NA,NA,NA,NA,NA,NA,NA,NA,0.0469603195795412,0.12900102201514627
755,2.830674730576152,0.010734199212780269,107.62716659999984,0.017092340410962387,-0.003527097442886558,8.685740653798777e-4,3.804782854761113e-5,39.027280390374656,NA,NA,NA,NA,NA,NA,NA,NA,NA,NA,NA,NA,NA,NA,NA,NA,NA,0.0469603195795412,0.12900102201514627
756,2.830674730576152,0.010734199212780269,107.62716659999984,0.017092340410962387,-0.003527097442886558,8.685740653798777e-4,3.804782854761113e-5,39.027280390374656,NA,NA,NA,NA,NA,NA,NA,NA,NA,NA,NA,NA,NA,NA,NA,NA,NA,0.0469603195795412,0.12900102201514627
757,2.830674730576152,0.010734199212780269,107.62716659999984,0.017092340410962387,-0.003527097442886558,8.685740653798777e-4,3.804782854761113e-5,39.027280390374656,NA,NA,NA,NA,NA,NA,NA,NA,NA,NA,NA,NA,NA,NA,NA,NA,NA,0.0469603195795412,0.12900102201514627
758,2.830674730576152,0.010734199212780269,107.62716659999984,0.017092340410962387,-0.003527097442886558,8.685740653798777e-4,3.804782854761113e-5,39.027280390374656,NA,NA,NA,NA,NA,NA,NA,NA,NA,NA,NA,NA,NA,NA,NA,NA,NA,0.0469603195795412,0.12900102201514627
759,2.830674730576152,0.010734199212780269,107.62716659999984,0.017092340410962387,-0.003527097442886558,8.685740653798777e-4,3.804782854761113e-5,39.027280390374656,NA,NA,NA,NA,NA,NA,NA,NA,NA,NA,NA,NA,NA,NA,NA,NA,NA,0.0469603195795412,0.12900102201514627
760,2.830674730576152,0.010734199212780269,107.62716659999984,0.017092340410962387,-0.003527097442886558,8.685740653798777e-4,3.804782854761113e-5,39.027280390374656,NA,NA,NA,NA,NA,NA,NA,NA,NA,NA,NA,NA,NA,NA,NA,NA,NA,0.0469603195795412,0.12900102201514627
761,2.830674730576152,0.010734199212780269,107.62716659999984,0.017092340410962387,-0.003527097442886558,8.685740653798777e-4,3.804782854761113e-5,39.027280390374656,NA,NA,NA,NA,NA,NA,NA,NA,NA,NA,NA,NA,NA,NA,NA,NA,NA,0.0469603195795412,0.12900102201514627
762,2.830674730576152,0.010734199212780269,107.62716659999984,0.017092340410962387,-0.003527097442886558,8.685740653798777e-4,3.804782854761113e-5,39.027280390374656,NA,NA,NA,NA,NA,NA,NA,NA,NA,NA,NA,NA,NA,NA,NA,NA,NA,0.0469603195795412,0.12900102201514627
763,2.830674730576152,0.010734199212780269,107.62716659999984,0.017092340410962387,-0.003527097442886558,8.685740653798777e-4,3.804782854761113e-5,39.027280390374656,NA,NA,NA,NA,NA,NA,NA,NA,NA,NA,NA,NA,NA,NA,NA,NA,NA,0.0469603195795412,0.12900102201514627
764,2.830674730576152,0.010734199212780269,107.62716659999984,0.017092340410962387,-0.003527097442886558,8.685740653798777e-4,3.804782854761113e-5,39.027280390374656,NA,NA,NA,NA,NA,NA,NA,NA,NA,NA,NA,NA,NA,NA,NA,NA,NA,0.0469603195795412,0.12900102201514627
765,2.830674730576153,0.01073419921278008,107.62716659999984,0.017092340410982718,-0.0035270974428863676,8.685740653798436e-4,3.8047828547600534e-5,39.02728039037466,NA,NA,NA,NA,NA,NA,NA,NA,NA,NA,NA,NA,NA,NA,NA,NA,NA,0.0469603195795412,0.129001022015146
766,2.830674730576152,0.010734199212780269,107.62716659999984,0.017092340410962387,-0.003527097442886558,8.685740653798777e-4,3.804782854761113e-5,39.027280390374656,NA,NA,NA,NA,NA,NA,NA,NA,NA,NA,NA,NA,NA,NA,NA,NA,NA,0.0469603195795412,0.12900102201514627
767,2.830674730576152,0.010734199212780269,107.62716659999984,0.017092340410962387,-0.003527097442886558,8.685740653798777e-4,3.804782854761113e-5,39.027280390374656,NA,NA,NA,NA,NA,NA,NA,NA,NA,NA,NA,NA,NA,NA,NA,NA,NA,0.0469603195795412,0.12900102201514627
768,2.830674730576152,0.010734199212780269,107.62716659999984,0.017092340410962387,-0.003527097442886558,8.685740653798777e-4,3.804782854761113e-5,39.027280390374656,G00768,115.74290777258365,47.857504384346385,1173.668251093315,11.342653131484985,29.7,17.150893783569337,35.08567523956299,1181,26.35985783844742,3003.798319327731,4831.770308123249,1013.8263305322129,7.48847901135891,0,0.0018560566463099878,1.1333333317856564e-4,0.0469603195795412,0.12900102201514627
769,2.830674730576152,0.010734199212780269,107.62716659999984,0.017092340410962387,-0.003527097442886558,8.685740653798777e-4,3.804782854761113e-5,39.027280390374656,G00769,116.242878969327,47.88143226755107,2186.6209890510754,11.138833332061768,33.65,16.667439651489257,34.55686264038086,1155.5,42.03319490217476,11289.024064171123,18534.473262032086,33469.0320855615,20.724789613409254,4.311546848629462e-5,0.05746017428985145,9.043355133063119e-4,0.0469603195795412,0.12900102201514627
770,2.8313432238972283,0.010724593691334942,107.62716659999984,0.018241558100449588,-0.0034629083900117215,8.874996804433688e-4,3.827092775303109e-5,39.03338139188776,G00770,117.25333674409598,47.84932937050915,3033.91406236276,10.278694848219553,39.75,16.169137994448345,33.619676987330116,1192.5833333333333,241.89917351022004,7040.016806722689,11556.904761904761,12993.669467787115,10.594571478327566,7.69653684411499e-8,0.005080022002136286,2.3382078050746474e-4,0.04696027589837274,0.12896746844314816
771,2.8494672359800512,0.010458578040772794,119.47339339999998,0.051646709109277274,-0.0015994781262707524,0.0014391926219073576,4.474493842045139e-5,39.20575579080627,G00771,118.23437021788511,47.94450072757264,27.8693941246361,6.897245307918638,55.55,15.455859279632568,29.231049823760987,1755.1,806.9074752933018,9143.168449197861,15269.72192513369,9093.331550802139,17.19146705782953,2.4270152077003998e-5,0.013642527206655137,3.4054466294726964e-4,0.04694572893427805,0.1280580216142287
772,2.8710153421142084,0.010125640262176626,119.47339339999999,0.09879664527534407,0.0010213244114449641,0.0022225595967041607,5.38896410552137e-5,39.433650016923615,G00772,119.14461179231826,47.746832981076295,5798.731949914839,-0.03349218610674143,96.54166666666667,14.244131962458292,20.196812589963276,3146.8333333333335,724.4839042630497,10276.019607843138,17337.55462184874,5942.232492997199,20.197629570831413,0,2.1786491824354578e-8,1.198257074117141e-7,0.04688572624358762,0.1270234757005148
773,2.8710153421142084,0.010125640262176626,119.47339339999999,0.09879664527534407,0.0010213244114449641,0.0022225595967041607,5.38896410552137e-5,39.433650016923615,G00773,119.9250904299561,47.65711872820361,10000,-3.232527044415474,120.2,13.929568767547607,16.154625034332277,3791.35,440.46282775233027,11907.930481283422,19664.24064171123,23087.35026737968,20.941186789668322,2.505446631133694e-7,2.1786491824354578e-8,1.7864923660561223e-6,0.04688572624358762,0.1270234757005148
774,2.8710153421142084,0.010125640262176626,119.47339339999999,0.09879664527534407,0.0010213244114449641,0.0022225595967041607,5.38896410552137e-5,39.433650016923615,G00774,120.82340571407563,47.65711872820361,10000,-0.583085947483778,80.6,14.719721937179566,19.51141242980957,3316.15,312.4204783031322,11588.879356568365,18361.82037533512,22969.908847184986,20.946151691132414,9.803921241700763e-8,0.001370108936799369,5.337145983281508e-4,0.04688572624358762,0.1270234757005148
775,2.8710153421142084,0.010125640262176626,119.47339339999999,0.09879664527534407,0.0010213244114449641,0.0022225595967041607,5.38896410552137e-5,39.433650016923615,G00775,121.72172099819515,47.65711872820361,10000,0.9610260324552655,56.666666666666664,14.583513895670572,21.210281252861023,3073.9583333333335,303.6262690082728,7126.056497175141,11124.488700564973,2085.7118644067796,15.722335273605806,1.7592083597980715e-7,7.689939505587537e-5,1.933809783008068e-4,0.04688572624358762,0.1270234757005148
776,2.8710153421142084,0.010125640262176626,119.47339339999999,0.09879664527534407,0.0010213244114449641,0.0022225595967041607,5.38896410552137e-5,39.433650016923615,G00776,122.62003628231469,47.65711872820361,10000,2.2223396020941437,36.2,15.342227125167847,22.98197498321533,2845.45,244.34046027278367,5687.606951871658,9038.446524064171,1631.2058823529412,17.1900932808267,0,2.723311485970202e-7,1.8191721133037098e-6,0.04688572624358762,0.1270234757005148
777,2.8710153421142084,0.010125640262176626,119.47339339999999,0.09879664527534407,0.0010213244114449641,0.0022225595967041607,5.38896410552137e-5,39.433650016923615,G00777,123.51835156643419,47.65711872820361,10000,2.7006571292877197,26.708333333333332,15.910680651664734,23.83410422007243,2765.3333333333335,37.30446606514824,5009.770308123249,8016.540616246499,1332.9803921568628,17.49158458815677,1.0893245912177289e-8,4.488017302343048e-6,1.2936819223286955e-4,0.04688572624358762,0.1270234757005148
778,2.8710153421142084,0.010125640262176626,119.47339339999999,0.09879664527534407,0.0010213244114449641,0.0022225595967041607,5.38896410552137e-5,39.433650016923615,G00778,124.41666685055372,47.65711872820361,10000,1.9627557380124927,39.35,16.093738746643066,22.9886625289917,2997.3,275.9073261651074,7805.75935828877,12329.050802139038,9652.491978609625,15.92398975367884,0,2.3518518465728355e-5,5.4488017754397186e-5,0.04688572624358762,0.1270234757005148
779,2.8710153421142084,0.010125640262176626,119.47339339999999,0.09879664527534407,0.0010213244114449641,0.0022225595967041607,5.38896410552137e-5,39.433650016923615,G00779,125.31498213467323,47.65711872820361,10000,-0.11959007028490305,83.75,15.750888633728028,20.33468770980835,3461.75,345.71023385123226,10643.770308123248,17386.73669467787,18558.795518207284,17.51938843346392,9.803921717253548e-8,3.1394335570134435e-5,5.751198293747543e-4,0.04688572624358762,0.1270234757005148
780,2.8710153421142084,0.010125640262176626,119.47339339999999,0.09879664527534407,0.0010213244114449641,0.0022225595967041607,5.38896410552137e-5,39.433650016923615,G00780,126.21329741879276,47.65711872820361,10000,-4.363314272214969,179.125,13.978303750356039,14.960260391235352,4195.166666666667,362.1563038327472,18762.754010695186,31474.502673796793,43369.73529411765,33.16263108374928,5.497526374367517e-8,6.22319948138621e-6,2.1990104777474262e-7,0.04688572624358762,0.1270234757005148
781,2.8710153421142084,0.010125640262176626,119.47339339999999,0.09879664527534407,0.0010213244114449641,0.0022225595967041607,5.38896410552137e-5,39.433650016923615,G00781,127.11161270291227,47.65711872820361,10000,-4.259546852111816,217.35,14.128464555740356,14.688300037384034,4201.8,312.6833946073215,20575.364145658263,34756.39215686275,65907.0700280112,56.75625264181979,7.298474903824619e-7,1.0893245912177289e-8,0,0.04688572624358762,0.1270234757005148
782,2.8710153421142084,0.010125640262176626,119.47339339999999,0.09879664527534407,0.0010213244114449641,0.0022225595967041607,5.38896410552137e-5,39.433650016923615,G00782,128.0099279870318,47.65711872820361,10000,-5.168664085865021,279.9,13.461221885681152,12.984449911117554,4345.25,217.15380796981083,21347.958702064898,36010.88495575221,78909.0825958702,58.38336312590896,3.050108910890799e-7,0,3.6416122186105965e-5,0.04688572624358762,0.1270234757005148
783,2.8710153421142084,0.010125640262176626,119.47339339999999,0.09879664527534407,0.0010213244114449641,0.0022225595967041607,5.38896410552137e-5,39.433650016923615,G00783,128.90824327115132,47.65711872820361,10000,-4.468928376833598,324.3333333333333,14.194851477940878,13.586229284604391,4140,246.55010955531765,29471.582887700533,49739.69251336899,167485.5588235294,131.630988316441,0,2.1786493409530529e-7,1.682352952374496e-4,0.04688572624358762,0.1270234757005148
784,2.8710153421142084,0.010125640262176626,119.47339339999999,0.09879664527534407,0.0010213244114449641,0.0022225595967041607,5.38896410552137e-5,39.433650016923615,G00784,129.80655855527084,47.65711872820361,10000,-4.177014577388763,379.15,13.776656198501588,13.553487539291382,3929.15,255.7752457056575,32698.980392156864,53989.87394957983,277672.2801120448,200.40591265570276,0.016921154705763403,2.637472783969507e-4,4.370370388555002e-4,0.04688572624358762,0.1270234757005148
785,2.8710153421142084,0.010125640262176626,119.47339339999999,0.09879664527534407,0.0010213244114449641,0.0022225595967041607,5.38896410552137e-5,39.433650016923615,G00785,130.64864130222608,47.623905376174484,8391.924560433694,-0.5685742120646561,379.75,13.817238688468933,18.141333381334942,3043.125,696.8282373665007,31530.344919786097,52227.67647058824,261488.11497326204,241.14044324945723,0.0821682572715445,0.09436869718589408,0.0025954590450480547,0.04688572624358762,0.1270234757005148
786,2.8710153421142084,0.010125640262176626,119.47339339999999,0.09879664527534407,0.0010213244114449641,0.0022225595967041607,5.38896410552137e-5,39.433650016923615,G00786,131.5895268800613,47.51920541345785,5424.226946485098,3.1029672004282474,312.55,14.707259368896484,22.955437755584718,2360.25,442.27603609653454,28707.745098039217,47556.52100840336,294531.58543417364,265.63012486348663,0.023692886749625386,0.2845656099956499,0.0098199455411831435,0.04688572624358762,0.1270234757005148
787,2.8710153421142084,0.010125640262176626,119.47339339999999,0.09879664527534407,0.0010213244114449641,0.0022225595967041607,5.38896410552137e-5,39.433650016923615,G00787,132.56093963875017,47.59131145915964,7360.861184023429,4.43182601928711,225.1,14.438237571716309,24.183237552642822,2000.85,322.63948839793966,21465.024064171124,35174.9679144385,213738.77540106952,123.81518497749649,0.0012833986961847304,0.1512722767587801,0.02120685186281482,0.04688572624358762,0.1270234757005148
788,2.8710153421142084,0.010125640262176626,119.47339339999999,0.09879664527534407,0.0010213244114449641,0.0022225595967041607,5.38896410552137e-5,39.433650016923615,G00788,133.39981969174895,47.65711872820361,10000,7.813660641511281,133.125,14.848284681638082,28.941458384195965,1422.9583333333333,69.06863578553845,21301.85994397759,34800.927170868345,249715.57983193276,86.97275371883714,5.644880170765684e-4,0.19488223307373737,0.00670582787996406,0.04688572624358762,0.1270234757005148
789,2.8710153421142084,0.010125640262176626,119.47339339999999,0.09879664527534407,0.0010213244114449641,0.0022225595967041607,5.38896410552137e-5,39.433650016923615,G00789,134.22065274528282,47.67233365889002,8038.73006550761,8.656792688369752,133.15,14.999939584732056,30.720749855041504,1377.7,39.664514168341036,12669.251336898396,20481.614973262032,40590.81550802139,21.40281595115592,2.2113290794821727e-6,0.020311590429250997,1.3120914991621778e-4,0.04688572624358762,0.1270234757005148
790,2.8710153421142084,0.010125640262176626,119.47339339999999,0.09879664527534407,0.0010213244114449641,0.0022225595967041607,5.38896410552137e-5,39.433650016923615,NA,NA,NA,NA,NA,NA,NA,NA,NA,NA,NA,NA,NA,NA,NA,NA,NA,0.04688572624358762,0.1270234757005148
791,2.8710153421142084,0.010125640262176626,119.47339339999999,0.09879664527534407,0.0010213244114449641,0.0022225595967041607,5.38896410552137e-5,39.433650016923615,NA,NA,NA,NA,NA,NA,NA,NA,NA,NA,NA,NA,NA,NA,NA,NA,NA,0.04688572624358762,0.1270234757005148
792,2.8710153421142084,0.010125640262176626,119.47339339999999,0.09879664527534407,0.0010213244114449641,0.0022225595967041607,5.38896410552137e-5,39.433650016923615,NA,NA,NA,NA,NA,NA,NA,NA,NA,NA,NA,NA,NA,NA,NA,NA,NA,0.04688572624358762,0.1270234757005148
793,2.8710153421142084,0.010125640262176626,119.47339339999999,0.09879664527534407,0.0010213244114449641,0.0022225595967041607,5.38896410552137e-5,39.433650016923615,NA,NA,NA,NA,NA,NA,NA,NA,NA,NA,NA,NA,NA,NA,NA,NA,NA,0.04688572624358762,0.1270234757005148
794,2.8710153421142084,0.010125640262176626,119.47339339999999,0.09879664527534407,0.0010213244114449641,0.0022225595967041607,5.38896410552137e-5,39.433650016923615,NA,NA,NA,NA,NA,NA,NA,NA,NA,NA,NA,NA,NA,NA,NA,NA,NA,0.04688572624358762,0.1270234757005148
795,2.8710153421142084,0.010125640262176626,119.47339339999999,0.09879664527534407,0.0010213244114449641,0.0022225595967041607,5.38896410552137e-5,39.433650016923615,NA,NA,NA,NA,NA,NA,NA,NA,NA,NA,NA,NA,NA,NA,NA,NA,NA,0.04688572624358762,0.1270234757005148
796,2.8710153421142084,0.010125640262176626,119.47339339999999,0.09879664527534407,0.0010213244114449641,0.0022225595967041607,5.38896410552137e-5,39.433650016923615,NA,NA,NA,NA,NA,NA,NA,NA,NA,NA,NA,NA,NA,NA,NA,NA,NA,0.04688572624358762,0.1270234757005148
797,2.8710153421142084,0.010125640262176626,119.47339339999999,0.09879664527534407,0.0010213244114449641,0.0022225595967041607,5.38896410552137e-5,39.433650016923615,NA,NA,NA,NA,NA,NA,NA,NA,NA,NA,NA,NA,NA,NA,NA,NA,NA,0.04688572624358762,0.1270234757005148
798,2.8710153421142084,0.010125640262176626,119.47339339999999,0.09879664527534407,0.0010213244114449641,0.0022225595967041607,5.38896410552137e-5,39.433650016923615,NA,NA,NA,NA,NA,NA,NA,NA,NA,NA,NA,NA,NA,NA,NA,NA,NA,0.04688572624358762,0.1270234757005148
799,2.8710153421142084,0.010125640262176626,119.47339339999999,0.09879664527534407,0.0010213244114449641,0.0022225595967041607,5.38896410552137e-5,39.433650016923615,NA,NA,NA,NA,NA,NA,NA,NA,NA,NA,NA,NA,NA,NA,NA,NA,NA,0.04688572624358762,0.1270234757005148
800,2.8710153421142026,0.01012564026217666,119.47339339999999,0.09879664527533738,0.0010213244114448186,0.0022225595967041885,5.388964105523483e-5,39.43365001692361,NA,NA,NA,NA,NA,NA,NA,NA,NA,NA,NA,NA,NA,NA,NA,NA,NA,0.04688572624358762,0.12702347570051317
801,2.8710153421142084,0.010125640262176626,119.47339339999999,0.09879664527534407,0.0010213244114449641,0.0022225595967041607,5.38896410552137e-5,39.433650016923615,NA,NA,NA,NA,NA,NA,NA,NA,NA,NA,NA,NA,NA,NA,NA,NA,NA,0.04688572624358762,0.1270234757005148
802,2.8732127582821048,0.010090436322198488,119.47339339999999,0.1042247001614707,0.0013222390172857338,0.002313068123225408,5.4946281332873046e-5,39.45879771362567,NA,NA,NA,NA,NA,NA,NA,NA,NA,NA,NA,NA,NA,NA,NA,NA,NA,0.04687615152004551,0.12692543234087655
803,2.883935192152492,0.009914498531663164,120.29740029999996,0.13297654145350596,0.0029131349007156084,0.0027935536541992476,6.0567043452296135e-5,39.58845983939328,NA,NA,NA,NA,NA,NA,NA,NA,NA,NA,NA,NA,NA,NA,NA,NA,NA,0.046817094360873855,0.12648455519971477
804,2.900722268194573,0.009620575740796375,132.21153649999988,0.18918901324127413,0.006007716779299802,0.003738076239855094,7.172488868651378e-5,39.825725851817545,G00804,83.19545008831771,46.925180777739406,4593.7797073205365,12.99688466389974,521,10.95683733622233,30.954782485961914,5.111111111111111,2.054804667656325,32486.85893416928,55179.51410658307,371039.79937304073,446.179279383955,0.002527428372757035,0.6608967185552169,0.13585010105946738,0.04666495447462753,0.1260181104524407
805,2.9010491416624076,0.009614543258801126,132.21153649999988,0.19048957893471818,0.006079054093267537,0.003760009718338802,7.198642850316955e-5,39.830974667663554,G00805,83.98253854029164,46.85777678553751,3753.166855399418,13.009531211853027,534.4,9.176437187194825,30.526835632324218,2.8,1.3038404810405297,29991,49048.5,316565.75,14.06357557231108,3.377245519952263e-4,0.0537784429059488,0.055623053499637067,0.04666091183186009,0.1260135093508971
806,2.9010491416624076,0.009614543258801126,132.21153649999988,0.19048957893471818,0.006079054093267537,0.003760009718338802,7.198642850316955e-5,39.830974667663554,G00806,84.91359827764438,46.859687925056605,3729.1070520868907,12.847574234008789,582,9.579676628112793,30.451940536499023,1,NA,NA,NA,NA,0,0,0,0,0.04666091183186009,0.1260135093508971
807,2.9010491416624076,0.009614543258801126,132.21153649999988,0.19048957893471818,0.006079054093267537,0.003760009718338802,7.198642850316955e-5,39.830974667663554,G00807,85.84648414140125,47.01863791029721,8443.012802734616,11.15745222568512,534.5,6.733362317085266,26.813674926757812,39.625,14.735162028291375,33462.625,54999.25,507090,271.38418602610744,0.25887328445181607,0.09898411591212847,0.19013357386709043,0.04666091183186009,0.1260135093508971
808,2.9010491416624076,0.009614543258801126,132.21153649999988,0.19048957893471818,0.006079054093267537,0.003760009718338802,7.198642850316955e-5,39.830974667663554,G00808,86.68742491753382,47.04853609489743,10000,10.903701782226562,596,7.253926992416382,26.989746570587158,54.5,6.557438524302,33840,56686,517355,592.1157304785224,0.6453981986353258,0.05369459451256196,0.11818738747053824,0.04666091183186009,0.1260135093508971
809,2.9010491416624076,0.009614543258801126,132.21153649999988,0.19048957893471818,0.006079054093267537,0.003760009718338802,7.198642850316955e-5,39.830974667663554,G00809,87.58574020165334,47.04853609489743,10000,-1.875132204248355,85.6923076923077,13.808485618004433,18.714019261873684,4044.923076923077,420.92684668052505,22266.852791878173,36088.59390862944,97757.13705583756,30.809265407237255,2.4006455351340413e-6,0.0023729473627210106,0.0017427274609964362,0.04666091183186009,0.1260135093508971
810,2.9010491416624076,0.009614543258801126,132.21153649999988,0.19048957893471818,0.006079054093267537,0.003760009718338802,7.198642850316955e-5,39.830974667663554,G00810,88.48405548577286,47.04853609489743,10000,1.243563012778759,60.35,13.19568853378296,20.90326256752014,3498.5,520.4304392570281,25757.05347593583,42391.87165775401,100867.01336898396,51.17723726827053,0.0010994662338367058,0.0010214379080344554,2.7523965204567276e-4,0.04666091183186009,0.1260135093508971
811,2.9010491416624076,0.009614543258801126,132.21153649999988,0.19048957893471818,0.006079054093267537,0.003760009718338802,7.198642850316955e-5,39.830974667663554,G00811,89.38237076989238,47.04853609489743,10000,9.551897555589676,35.958333333333336,14.275524338086447,30.434781630833943,2035.7083333333333,554.9167175403866,17041.607843137255,27788.75350140056,104378.57422969188,56.954488604859534,0.0031503594808277233,0.05140887792356466,0.0028661764762881094,0.04666091183186009,0.1260135093508971
812,2.9010491416624076,0.009614543258801126,132.21153649999988,0.19048957893471818,0.006079054093267537,0.003760009718338802,7.198642850316955e-5,39.830974667663554,G00812,90.24011320475564,47.028391080479636,8965.397637250908,12.42576880455017,28.9,15.105647850036622,34.366399955749515,1426.8,177.09456290503758,12896.467914438503,20921.33422459893,109283.31818181818,86.11416688598278,0.0010731500846614696,0.16434483785930426,0.007511346892451266,0.04666091183186009,0.1260135093508971
813,2.9010491416624076,0.009614543258801126,132.21153649999988,0.19048957893471818,0.006079054093267537,0.003760009718338802,7.198642850316955e-5,39.830974667663554,G00813,90.82158165956677,46.83991145494528,725.7030641714495,12.626254177093506,28.25,15.353502321243287,35.10673789978027,1299.8,38.014678605424045,8039.4929971988795,12553.882352941177,49748.224089635856,24.893636718423757,5.715686247105409e-5,0.047271851897297386,0.002680533762788622,0.04666091183186009,0.1260135093508971
814,2.9010491416624076,0.009614543258801126,132.21153649999988,0.19048957893471818,0.006079054093267537,0.003760009718338802,7.198642850316955e-5,39.830974667663554,NA,NA,NA,NA,NA,NA,NA,NA,NA,NA,NA,NA,NA,NA,NA,NA,NA,0.04666091183186009,0.1260135093508971
815,2.9010491416624076,0.009614543258801126,132.21153649999988,0.19048957893471818,0.006079054093267537,0.003760009718338802,7.198642850316955e-5,39.830974667663554,NA,NA,NA,NA,NA,NA,NA,NA,NA,NA,NA,NA,NA,NA,NA,NA,NA,0.04666091183186009,0.1260135093508971
816,2.9010491416624076,0.009614543258801126,132.21153649999988,0.19048957893471818,0.006079054093267537,0.003760009718338802,7.198642850316955e-5,39.830974667663554,NA,NA,NA,NA,NA,NA,NA,NA,NA,NA,NA,NA,NA,NA,NA,NA,NA,0.04666091183186009,0.1260135093508971
817,2.9010491416624076,0.009614543258801126,132.21153649999988,0.19048957893471818,0.006079054093267537,0.003760009718338802,7.198642850316955e-5,39.830974667663554,NA,NA,NA,NA,NA,NA,NA,NA,NA,NA,NA,NA,NA,NA,NA,NA,NA,0.04666091183186009,0.1260135093508971
818,2.9010491416624076,0.009614543258801126,132.21153649999988,0.19048957893471818,0.006079054093267537,0.003760009718338802,7.198642850316955e-5,39.830974667663554,NA,NA,NA,NA,NA,NA,NA,NA,NA,NA,NA,NA,NA,NA,NA,NA,NA,0.04666091183186009,0.1260135093508971
819,2.9010491416624076,0.009614543258801126,132.21153649999988,0.19048957893471818,0.006079054093267537,0.003760009718338802,7.198642850316955e-5,39.830974667663554,NA,NA,NA,NA,NA,NA,NA,NA,NA,NA,NA,NA,NA,NA,NA,NA,NA,0.04666091183186009,0.1260135093508971
820,2.9010491416624076,0.009614543258801126,132.21153649999988,0.19048957893471818,0.006079054093267537,0.003760009718338802,7.198642850316955e-5,39.830974667663554,NA,NA,NA,NA,NA,NA,NA,NA,NA,NA,NA,NA,NA,NA,NA,NA,NA,0.04666091183186009,0.1260135093508971
821,2.9010491416624076,0.009614543258801126,132.21153649999988,0.19048957893471818,0.006079054093267537,0.003760009718338802,7.198642850316955e-5,39.830974667663554,NA,NA,NA,NA,NA,NA,NA,NA,NA,NA,NA,NA,NA,NA,NA,NA,NA,0.04666091183186009,0.1260135093508971
822,2.9010491416624076,0.009614543258801126,132.21153649999988,0.19048957893471818,0.006079054093267537,0.003760009718338802,7.198642850316955e-5,39.830974667663554,NA,NA,NA,NA,NA,NA,NA,NA,NA,NA,NA,NA,NA,NA,NA,NA,NA,0.04666091183186009,0.1260135093508971
823,2.9010491416624076,0.009614543258801126,132.21153649999988,0.19048957893471818,0.006079054093267537,0.003760009718338802,7.198642850316955e-5,39.830974667663554,NA,NA,NA,NA,NA,NA,NA,NA,NA,NA,NA,NA,NA,NA,NA,NA,NA,0.04666091183186009,0.1260135093508971
824,2.9010491416624076,0.009614543258801126,132.21153649999988,0.19048957893471818,0.006079054093267537,0.003760009718338802,7.198642850316955e-5,39.830974667663554,NA,NA,NA,NA,NA,NA,NA,NA,NA,NA,NA,NA,NA,NA,NA,NA,NA,0.04666091183186009,0.1260135093508971
825,2.9010491416624076,0.009614543258801126,132.21153649999988,0.19048957893471818,0.006079054093267537,0.003760009718338802,7.198642850316955e-5,39.830974667663554,NA,NA,NA,NA,NA,NA,NA,NA,NA,NA,NA,NA,NA,NA,NA,NA,NA,0.04666091183186009,0.1260135093508971
826,2.9010491416624076,0.009614543258801126,132.21153649999988,0.19048957893471818,0.006079054093267537,0.003760009718338802,7.198642850316955e-5,39.830974667663554,NA,NA,NA,NA,NA,NA,NA,NA,NA,NA,NA,NA,NA,NA,NA,NA,NA,0.04666091183186009,0.1260135093508971
827,2.9010491416624076,0.009614543258801126,132.21153649999988,0.19048957893471818,0.006079054093267537,0.003760009718338802,7.198642850316955e-5,39.830974667663554,NA,NA,NA,NA,NA,NA,NA,NA,NA,NA,NA,NA,NA,NA,NA,NA,NA,0.04666091183186009,0.1260135093508971
828,2.9010491416624076,0.009614543258801126,132.21153649999988,0.19048957893471818,0.006079054093267537,0.003760009718338802,7.198642850316955e-5,39.830974667663554,NA,NA,NA,NA,NA,NA,NA,NA,NA,NA,NA,NA,NA,NA,NA,NA,NA,0.04666091183186009,0.1260135093508971
829,2.9010491416624076,0.009614543258801126,132.21153649999988,0.19048957893471818,0.006079054093267537,0.003760009718338802,7.198642850316955e-5,39.830974667663554,NA,NA,NA,NA,NA,NA,NA,NA,NA,NA,NA,NA,NA,NA,NA,NA,NA,0.04666091183186009,0.1260135093508971
830,2.9010491416624076,0.009614543258801126,132.21153649999988,0.19048957893471818,0.006079054093267537,0.003760009718338802,7.198642850316955e-5,39.830974667663554,NA,NA,NA,NA,NA,NA,NA,NA,NA,NA,NA,NA,NA,NA,NA,NA,NA,0.04666091183186009,0.1260135093508971
831,2.9010491416624076,0.009614543258801126,132.21153649999988,0.19048957893471818,0.006079054093267537,0.003760009718338802,7.198642850316955e-5,39.830974667663554,NA,NA,NA,NA,NA,NA,NA,NA,NA,NA,NA,NA,NA,NA,NA,NA,NA,0.04666091183186009,0.1260135093508971
832,2.9010491416624076,0.009614543258801126,132.21153649999988,0.19048957893471818,0.006079054093267537,0.003760009718338802,7.198642850316955e-5,39.830974667663554,NA,NA,NA,NA,NA,NA,NA,NA,NA,NA,NA,NA,NA,NA,NA,NA,NA,0.04666091183186009,0.1260135093508971
833,2.9010491416624076,0.009614543258801126,132.21153649999988,0.19048957893471818,0.006079054093267537,0.003760009718338802,7.198642850316955e-5,39.830974667663554,NA,NA,NA,NA,NA,NA,NA,NA,NA,NA,NA,NA,NA,NA,NA,NA,NA,0.04666091183186009,0.1260135093508971
834,2.9010491416624076,0.009614543258801126,132.21153649999988,0.19048957893471818,0.006079054093267537,0.003760009718338802,7.198642850316955e-5,39.830974667663554,NA,NA,NA,NA,NA,NA,NA,NA,NA,NA,NA,NA,NA,NA,NA,NA,NA,0.04666091183186009,0.1260135093508971
835,2.9010491416624085,0.009614543258801126,132.21153649999988,0.19048957893473636,0.006079054093267325,0.0037600097183386077,7.198642850317642e-5,39.83097466766355,NA,NA,NA,NA,NA,NA,NA,NA,NA,NA,NA,NA,NA,NA,NA,NA,NA,0.04666091183186011,0.12601350935089659
836,2.9010491416624076,0.009614543258801126,132.21153649999988,0.19048957893471818,0.006079054093267537,0.003760009718338802,7.198642850316955e-5,39.830974667663554,NA,NA,NA,NA,NA,NA,NA,NA,NA,NA,NA,NA,NA,NA,NA,NA,NA,0.04666091183186009,0.1260135093508971
837,2.9010491416624076,0.009614543258801126,132.21153649999988,0.19048957893471818,0.006079054093267537,0.003760009718338802,7.198642850316955e-5,39.830974667663554,NA,NA,NA,NA,NA,NA,NA,NA,NA,NA,NA,NA,NA,NA,NA,NA,NA,0.04666091183186009,0.1260135093508971
838,2.9034553277494854,0.009569649659529968,132.21153649999988,0.20041109563864146,0.006622857451893398,0.003927452797287564,7.398745519587048e-5,39.87067206745568,NA,NA,NA,NA,NA,NA,NA,NA,NA,NA,NA,NA,NA,NA,NA,NA,NA,0.04662934794963526,0.12598734732896297
839,2.9191210895572652,0.009240226135507755,135.7311386,0.2947513259755772,0.011756878393430658,0.0055306134558642224,9.362504990462587e-5,40.21952088613613,NA,NA,NA,NA,NA,NA,NA,NA,NA,NA,NA,NA,NA,NA,NA,NA,NA,0.046271485381626745,0.12643877974348527
840,2.9188852877766744,0.009246181373295272,135.7311386,0.29245737740646677,0.011632853046391821,0.005491387965771072,9.313270215255064e-5,40.21161935449564,NA,NA,NA,NA,NA,NA,NA,NA,NA,NA,NA,NA,NA,NA,NA,NA,NA,0.04628131054238281,0.12641504297068842
841,2.9188852877766744,0.009246181373295272,135.7311386,0.29245737740646677,0.011632853046391821,0.005491387965771072,9.313270215255064e-5,40.21161935449564,NA,NA,NA,NA,NA,NA,NA,NA,NA,NA,NA,NA,NA,NA,NA,NA,NA,0.04628131054238281,0.12641504297068842
842,2.9188852877766744,0.009246181373295272,135.7311386,0.29245737740646677,0.011632853046391821,0.005491387965771072,9.313270215255064e-5,40.21161935449564,NA,NA,NA,NA,NA,NA,NA,NA,NA,NA,NA,NA,NA,NA,NA,NA,NA,0.04628131054238281,0.12641504297068842
843,2.9188852877766744,0.009246181373295272,135.7311386,0.29245737740646677,0.011632853046391821,0.005491387965771072,9.313270215255064e-5,40.21161935449564,NA,NA,NA,NA,NA,NA,NA,NA,NA,NA,NA,NA,NA,NA,NA,NA,NA,0.04628131054238281,0.12641504297068842
844,2.9188852877766744,0.009246181373295272,135.7311386,0.29245737740646677,0.011632853046391821,0.005491387965771072,9.313270215255064e-5,40.21161935449564,G00844,119.41785194039214,47.29839917877983,28.53313300355878,8.950550508499145,243.25,13.582898902893067,29.527937507629396,1291,104.19617126009554,22363.55614973262,38632.73262032086,126372.7780748663,170.6333079657749,0.0013457734244844224,0.18745407398037653,0.040264422657606234,0.04628131054238281,0.12641504297068842
845,2.9188852877766744,0.009246181373295272,135.7311386,0.29245737740646677,0.011632853046391821,0.005491387965771072,9.313270215255064e-5,40.21161935449564,G00845,120.03510788525112,47.0862193370112,7198.858072510716,8.077060401439667,309.75,13.843153635660807,28.74260401725769,1418.5,65.56642831311714,24536.316526610644,42847.92997198879,88243.81232492997,112.36794283519103,4.847494555355206e-6,0.12756015259837308,0.01194152506733013,0.04628131054238281,0.12641504297068842
846,2.9188852877766744,0.009246181373295272,135.7311386,0.29245737740646677,0.011632853046391821,0.005491387965771072,9.313270215255064e-5,40.21161935449564,G00846,120.82340571407563,47.04853609489743,10000,8.136336970329285,365.55,14.203178119659423,28.78623743057251,1345.6,45.30411855333616,28909.44385026738,49879.978609625665,179039.79679144386,156.08557176154517,1.5021786507205e-4,0.31971724399068885,0.0047753921550002555,0.04628131054238281,0.12641504297068842
847,2.9188852877766744,0.009246181373295272,135.7311386,0.29245737740646677,0.011632853046391821,0.005491387965771072,9.313270215255064e-5,40.21161935449564,G00847,121.72172099819515,47.04853609489743,10000,8.671925822893778,394.375,13.676513115564982,29.280447959899902,1220.75,88.9471020130602,24629.10644257703,42811.08403361344,143802.1092436975,158.08410970574275,5.736888409749011e-4,0.16483637169467644,0.012918438709573885,0.04628131054238281,0.12641504297068842
848,2.9188852877766744,0.009246181373295272,135.7311386,0.29245737740646677,0.011632853046391821,0.005491387965771072,9.313270215255064e-5,40.21161935449564,G00848,122.62003628231469,47.04853609489743,10000,9.015906190872192,450.05,13.189762496948243,29.497137546539307,1050.6,55.03721229170411,20228.708556149733,36638.66310160428,68389.25668449198,200.2057383604168,0.005663464070365433,0.13678270154213826,0.012042766887072131,0.04628131054238281,0.12641504297068842
849,2.9188852877766744,0.009246181373295272,135.7311386,0.29245737740646677,0.011632853046391821,0.005491387965771072,9.313270215255064e-5,40.21161935449564,G00849,123.51835156643419,47.04853609489743,10000,8.397779655456542,482.7,13.306205129623413,28.653362464904784,1094.75,182.89539000262016,22644.084033613446,40344.57142857143,58190.879551820726,212.94388202013454,0.0989127233856861,0.11683396521582991,0.02151356208983653,0.04628131054238281,0.12641504297068842
850,2.9188852877766744,0.009246181373295272,135.7311386,0.29245737740646677,0.011632853046391821,0.005491387965771072,9.313270215255064e-5,40.21161935449564,G00850,124.41666685055372,47.04853609489743,10000,6.245725691318512,478.9583333333333,13.080913186073303,25.30597909291585,1485.125,248.37022024459338,27098.70320855615,46857.157754010695,86970.88502673797,363.43443019228744,0.4052948693306426,0.08766340950785251,0.021774618720448023,0.04628131054238281,0.12641504297068842
851,2.9188852877766744,0.009246181373295272,135.7311386,0.29245737740646677,0.011632853046391821,0.005491387965771072,9.313270215255064e-5,40.21161935449564,G00851,125.31498213467323,47.04853609489743,10000,8.417819809913635,419.85,13.457862424850465,27.44691228866577,1060.1,196.68219088297323,27581.401069518717,48452.78877005348,161848.32352941178,415.5889138118155,0.13108132899686806,0.3551982573320032,0.10004349672357925,0.04628131054238281,0.12641504297068842
852,2.9188852877766744,0.009246181373295272,135.7311386,0.29245737740646677,0.011632853046391821,0.005491387965771072,9.313270215255064e-5,40.21161935449564,G00852,126.21329741879276,47.04853609489743,10000,9.062507371107737,477.7916666666667,12.700913985570272,27.6310936609904,942.875,271.61774810743964,26252.347338935575,46527.28291316527,98230.66386554622,523.5975932500136,0.21653877955911965,0.18566823538457486,0.03317916440697833,0.04628131054238281,0.12641504297068842
853,2.9188852877766744,0.009246181373295272,135.7311386,0.29245737740646677,0.011632853046391821,0.005491387965771072,9.313270215255064e-5,40.21161935449564,G00853,127.11161270291227,47.04853609489743,10000,13.05801568031311,489.45,11.565672779083252,31.75925006866455,121.65,118.62691404922452,30353.486631016043,52626.92780748663,379363.8101604278,616.8383080286578,0.08572232034866294,0.5526469279416211,0.1857607844332295,0.04628131054238281,0.12641504297068842
854,2.9188852877766744,0.009246181373295272,135.7311386,0.29245737740646677,0.011632853046391821,0.005491387965771072,9.313270215255064e-5,40.21161935449564,G00854,128.0099279870318,47.04853609489743,10000,13.180135869979859,435.05,11.387832307815552,32.127049922943115,29.15,6.853927034151567,31745.131652661064,54275.67787114846,528624.319327731,709.8971030898667,0.020329346431018427,0.7985261547488304,0.14330754901132786,0.04628131054238281,0.12641504297068842
855,2.9188852877766744,0.009246181373295272,135.7311386,0.29245737740646677,0.011632853046391821,0.005491387965771072,9.313270215255064e-5,40.21161935449564,G00855,128.90824327115132,47.04853609489743,10000,13.019786516825357,455.9166666666667,11.070185820261637,31.77104139328003,17.041666666666668,3.4196257952749955,32039.98395721925,55503.37967914438,500948.92245989305,738.1322767345807,0.032932287614689644,0.8103895317841081,0.12284152516172715,0.04628131054238281,0.12641504297068842
856,2.9188852877766744,0.009246181373295272,135.7311386,0.29245737740646677,0.011632853046391821,0.005491387965771072,9.313270215255064e-5,40.21161935449564,G00856,129.80655855527084,47.04853609489743,10000,13.091898012161256,527,10.955249977111816,31.375349617004396,10.25,2.7886046312580213,31655.988732394366,55343.65915492958,466938.7126760563,730.7376279718576,0.01398541395933802,0.8053562528844513,0.1251513181278093,0.04628131054238281,0.12641504297068842
857,2.9188852877766744,0.009246181373295272,135.7311386,0.29245737740646677,0.011632853046391821,0.005491387965771072,9.313270215255064e-5,40.21161935449564,G00857,130.70487383939036,47.04853609489743,10000,13.214932123819986,569.8333333333334,10.440700478023953,31.081676907009548,5.111111111111111,2.0259751142101163,33420.19161676647,56135.73053892216,455476.06886227545,503.6736791448615,0.001046396672686001,0.6558974059514233,0.10955066691930197,0.04628131054238281,0.12641504297068842
858,2.9188852877766744,0.009246181373295272,135.7311386,0.29245737740646677,0.011632853046391821,0.005491387965771072,9.313270215255064e-5,40.21161935449564,G00858,131.60318912350988,47.04853609489743,10000,13.020196533203125,596.3,9.840228748321532,30.547390747070313,2.8,2.1499353995462798,33837.24683544304,54573.759493670885,439484.35443037975,334.387508290349,0.0019856069520252165,0.4241508568484372,0.07138084065824926,0.04628131054238281,0.12641504297068842
859,2.9188852877766744,0.009246181373295272,135.7311386,0.29245737740646677,0.011632853046391821,0.005491387965771072,9.313270215255064e-5,40.21161935449564,G00859,132.5015044076294,47.04853609489743,10000,12.263617706298827,607.4,8.806729793548584,29.13866081237793,40,55.641710972974224,32154.96,55135.8,413969.56,394.6767089167107,0.04889525302916832,0.4846705694403969,0.1114530061140728,0.04628131054238281,0.12641504297068842
860,2.9188852877766744,0.009246181373295272,135.7311386,0.29245737740646677,0.011632853046391821,0.005491387965771072,9.313270215255064e-5,40.21161935449564,G00860,133.39981969174895,47.04853609489743,10000,11.860629929436577,587.3333333333334,8.242993513743082,28.043730841742622,81.88888888888889,34.71110933276422,29871.157575757577,52543.242424242424,267667.20606060605,524.7344632936432,0.14956774115705612,0.4848545956093614,0.09386736333916233,0.04628131054238281,0.12641504297068842
861,2.9188852877766744,0.009246181373295272,135.7311386,0.29245737740646677,0.011632853046391821,0.005491387965771072,9.313270215255064e-5,40.21161935449564,G00861,133.97661507066962,47.09988953712776,2601.592007316766,12.126487731933594,683,6.837202548980713,27.708036422729492,64,NA,33334.17857142857,55677.75,402720.9285714286,271.2183490350791,0.20846231247362615,0.13063498473609406,0.2775385887728155,0.04628131054238281,0.12641504297068842
862,2.9188852877766744,0.009246181373295272,135.7311386,0.29245737740646677,0.011632853046391821,0.005491387965771072,9.313270215255064e-5,40.21161935449564,NA,NA,NA,NA,NA,NA,NA,NA,NA,NA,NA,NA,NA,NA,NA,NA,NA,0.04628131054238281,0.12641504297068842
863,2.9188852877766744,0.009246181373295272,135.7311386,0.29245737740646677,0.011632853046391821,0.005491387965771072,9.313270215255064e-5,40.21161935449564,NA,NA,NA,NA,NA,NA,NA,NA,NA,NA,NA,NA,NA,NA,NA,NA,NA,0.04628131054238281,0.12641504297068842
864,2.9188852877766744,0.009246181373295272,135.7311386,0.29245737740646677,0.011632853046391821,0.005491387965771072,9.313270215255064e-5,40.21161935449564,NA,NA,NA,NA,NA,NA,NA,NA,NA,NA,NA,NA,NA,NA,NA,NA,NA,0.04628131054238281,0.12641504297068842
865,2.9188852877766744,0.009246181373295272,135.7311386,0.29245737740646677,0.011632853046391821,0.005491387965771072,9.313270215255064e-5,40.21161935449564,NA,NA,NA,NA,NA,NA,NA,NA,NA,NA,NA,NA,NA,NA,NA,NA,NA,0.04628131054238281,0.12641504297068842
866,2.9188852877766744,0.009246181373295272,135.7311386,0.29245737740646677,0.011632853046391821,0.005491387965771072,9.313270215255064e-5,40.21161935449564,NA,NA,NA,NA,NA,NA,NA,NA,NA,NA,NA,NA,NA,NA,NA,NA,NA,0.04628131054238281,0.12641504297068842
867,2.9188852877766744,0.009246181373295272,135.7311386,0.29245737740646677,0.011632853046391821,0.005491387965771072,9.313270215255064e-5,40.21161935449564,NA,NA,NA,NA,NA,NA,NA,NA,NA,NA,NA,NA,NA,NA,NA,NA,NA,0.04628131054238281,0.12641504297068842
868,2.9188852877766744,0.009246181373295272,135.7311386,0.29245737740646677,0.011632853046391821,0.005491387965771072,9.313270215255064e-5,40.21161935449564,NA,NA,NA,NA,NA,NA,NA,NA,NA,NA,NA,NA,NA,NA,NA,NA,NA,0.04628131054238281,0.12641504297068842
869,2.9188852877766744,0.009246181373295272,135.7311386,0.29245737740646677,0.011632853046391821,0.005491387965771072,9.313270215255064e-5,40.21161935449564,NA,NA,NA,NA,NA,NA,NA,NA,NA,NA,NA,NA,NA,NA,NA,NA,NA,0.04628131054238281,0.12641504297068842
870,2.9188852877766744,0.009246181373295272,135.7311386,0.29245737740646677,0.011632853046391821,0.005491387965771072,9.313270215255064e-5,40.21161935449564,NA,NA,NA,NA,NA,NA,NA,NA,NA,NA,NA,NA,NA,NA,NA,NA,NA,0.04628131054238281,0.12641504297068842
871,2.9188852877766744,0.009246181373295272,135.7311386,0.29245737740646677,0.011632853046391821,0.005491387965771072,9.313270215255064e-5,40.21161935449564,NA,NA,NA,NA,NA,NA,NA,NA,NA,NA,NA,NA,NA,NA,NA,NA,NA,0.04628131054238281,0.12641504297068842
872,2.9188852877766767,0.009246181373295305,135.7311386,0.29245737740647126,0.011632853046391967,0.005491387965770778,9.313270215254588e-5,40.21161935449564,NA,NA,NA,NA,NA,NA,NA,NA,NA,NA,NA,NA,NA,NA,NA,NA,NA,0.046281310542382825,0.12641504297069286
873,2.9188852877766744,0.009246181373295602,135.7311386,0.29245737740644556,0.011632853046391972,0.005491387965770874,9.313270215253e-5,40.21161935449562,NA,NA,NA,NA,NA,NA,NA,NA,NA,NA,NA,NA,NA,NA,NA,NA,NA,0.04628131054238283,0.12641504297069212
874,2.9188852877766744,0.009246181373295272,135.7311386,0.29245737740646677,0.011632853046391821,0.005491387965771072,9.313270215255064e-5,40.21161935449564,NA,NA,NA,NA,NA,NA,NA,NA,NA,NA,NA,NA,NA,NA,NA,NA,NA,0.04628131054238281,0.12641504297068842
875,2.9196033746126715,0.009227807433254024,135.7311386,0.299665745081071,0.01202244410453695,0.005614689904104002,9.468256247755761e-5,40.23635618107005,G00875,82.58648049022605,46.22022235687716,460.5287545023331,-0.47534955143928526,71.76,15.218015708923339,19.923750114440917,3562.64,1227.0813909435676,14251.66011235955,23810.21629213483,39501.9297752809,23.716624978171403,3.229974078610708e-8,6.940137804393106e-5,2.6916450702091545e-6,0.046250264896805164,0.12649136450287438
876,2.92229127141514,0.009147889774664476,135.28683190000007,0.33733880684405854,0.014051904254001702,0.006261134778780447,1.0291720842066766e-4,40.36131601461308,G00876,83.11049774530622,46.42516013734052,9614.992420113302,-5.440414154529572,106.96,14.568123397827149,14.43901008605957,4441.08,799.7900724565166,13306.342245989305,21989.83957219251,19463.45989304813,28.369312150956198,1.1843238288239262e-7,1.3991171470246013e-4,9.840654526358824e-6,0.046080117623855554,0.12696464865975693
877,2.922926223120127,0.009071661904165888,144.69868350000002,0.40442110744237314,0.017637783652026347,0.007420890478053274,1.1817528090806879e-4,40.566785733276596,G00877,83.99247906517525,46.432929570401384,10000,-6.271273247400919,126.6,14.75415070851644,13.451691595713298,4621.266666666666,267.20003269323223,12182.689075630253,20169.302521008405,6462.518207282913,29.05656818406318,0,0,0,0.0457472742337504,0.12803456168818025
878,2.922926223120127,0.009071661904165888,144.69868350000002,0.40442110744237314,0.017637783652026347,0.007420890478053274,1.1817528090806879e-4,40.566785733276596,G00878,84.89079434929477,46.432929570401384,10000,-6.737668800354004,145.12,14.210312614440918,12.348450012207032,4680.68,225.16858869152534,15795.139037433155,26468.069518716577,21339.33155080214,32.520050696489456,3.229974313622259e-8,0,0,0.0457472742337504,0.12803456168818025
879,2.922926223120127,0.009071661904165888,144.69868350000002,0.40442110744237314,0.017637783652026347,0.007420890478053274,1.1817528090806879e-4,40.566785733276596,G00879,85.7891096334143,46.432929570401384,10000,-6.10546038945516,151.7,14.178043047587076,12.809650103251139,4577.7,209.82688266677164,13638.749253731343,22614.26567164179,8770.367164179104,30.38313219880766,0,0,0,0.0457472742337504,0.12803456168818025
880,2.922926223120127,0.009071661904165888,144.69868350000002,0.40442110744237314,0.017637783652026347,0.007420890478053274,1.1817528090806879e-4,40.566785733276596,G00880,86.68742491753382,46.432929570401384,10000,-4.381597909927368,137.72,14.33244758605957,14.666420211791992,4249.52,247.73374820560883,13525.569518716578,22568.719251336897,15115.366310160427,36.79092414551422,0,4.9849268673493186e-6,0,0.0457472742337504,0.12803456168818025
881,2.922926223120127,0.009071661904165888,144.69868350000002,0.40442110744237314,0.017637783652026347,0.007420890478053274,1.1817528090806879e-4,40.566785733276596,G00881,87.58574020165334,46.432929570401384,10000,-4.366790418624878,138.8,14.126870803833008,14.4000199508667,4246.64,249.72199208987047,17086.122994652407,27898.486631016043,58984.74331550802,42.24485718062601,2.627045685775048e-6,1.0396210133448089e-4,7.536606105087801e-8,0.0457472742337504,0.12803456168818025
882,2.922926223120127,0.009071661904165888,144.69868350000002,0.40442110744237314,0.017637783652026347,0.007420890478053274,1.1817528090806879e-4,40.566785733276596,G00882,88.48405548577286,46.432929570401384,10000,-5.446399001280467,148.76666666666668,13.732010555267333,12.88695837656657,4429.2,233.33037108136077,18706.803921568626,31332.546218487394,36124.509803921566,47.399847877972874,1.7387523853821832e-7,3.8035210199411e-7,2.195174963439907e-6,0.0457472742337504,0.12803456168818025
883,2.922926223120127,0.009071661904165888,144.69868350000002,0.40442110744237314,0.017637783652026347,0.007420890478053274,1.1817528090806879e-4,40.566785733276596,G00883,89.38237076989238,46.432929570401384,10000,-0.7670929223299027,83.8,15.582744331359864,18.811060104370117,3628.72,421.734663819168,9478.564171122995,15419.930481283422,8447.727272727272,25.109806311084988,0,1.693583118146991e-5,2.0879629684132756e-4,0.0457472742337504,0.12803456168818025
884,2.922926223120127,0.009071661904165888,144.69868350000002,0.40442110744237314,0.017637783652026347,0.007420890478053274,1.1817528090806879e-4,40.566785733276596,G00884,90.2806860540119,46.432929570401384,10000,2.8750840010121466,38.333333333333336,16.29550968805949,23.37898317972819,2934.1,205.2284429437193,14931.411764705883,23858.795518207284,75201.67787114847,29.373113839391955,1.2166236064285095e-6,0.00676613911750177,3.9472437696324604e-4,0.0457472742337504,0.12803456168818025
885,2.922926223120127,0.009071661904165888,144.69868350000002,0.40442110744237314,0.017637783652026347,0.007420890478053274,1.1817528090806879e-4,40.566785733276596,G00885,90.85298257785247,46.45790096260353,2664.4670672390853,4.395932502746582,28.08,16.27261154174805,25.37352005004883,2719.68,46.144447119886486,8655.635135135135,13635.262162162162,13829.313513513514,15.556954083314976,1.1778639193652736e-5,0.0010574720020068446,2.2964039692112938e-4,0.0457472742337504,0.12803456168818025
886,2.922926223120127,0.009071661904165888,144.69868350000002,0.40442110744237314,0.017637783652026347,0.007420890478053274,1.1817528090806879e-4,40.566785733276596,NA,NA,NA,NA,NA,NA,NA,NA,NA,NA,NA,NA,NA,NA,NA,NA,NA,0.0457472742337504,0.12803456168818025
887,2.922926223120127,0.009071661904165888,144.69868350000002,0.40442110744237314,0.017637783652026347,0.007420890478053274,1.1817528090806879e-4,40.566785733276596,NA,NA,NA,NA,NA,NA,NA,NA,NA,NA,NA,NA,NA,NA,NA,NA,NA,0.0457472742337504,0.12803456168818025
888,2.922926223120127,0.009071661904165888,144.69868350000002,0.40442110744237314,0.017637783652026347,0.007420890478053274,1.1817528090806879e-4,40.566785733276596,NA,NA,NA,NA,NA,NA,NA,NA,NA,NA,NA,NA,NA,NA,NA,NA,NA,0.0457472742337504,0.12803456168818025
889,2.922926223120127,0.009071661904165888,144.69868350000002,0.40442110744237314,0.017637783652026347,0.007420890478053274,1.1817528090806879e-4,40.566785733276596,NA,NA,NA,NA,NA,NA,NA,NA,NA,NA,NA,NA,NA,NA,NA,NA,NA,0.0457472742337504,0.12803456168818025
890,2.922926223120127,0.009071661904165888,144.69868350000002,0.40442110744237314,0.017637783652026347,0.007420890478053274,1.1817528090806879e-4,40.566785733276596,NA,NA,NA,NA,NA,NA,NA,NA,NA,NA,NA,NA,NA,NA,NA,NA,NA,0.0457472742337504,0.12803456168818025
891,2.922926223120127,0.009071661904165888,144.69868350000002,0.40442110744237314,0.017637783652026347,0.007420890478053274,1.1817528090806879e-4,40.566785733276596,NA,NA,NA,NA,NA,NA,NA,NA,NA,NA,NA,NA,NA,NA,NA,NA,NA,0.0457472742337504,0.12803456168818025
892,2.922926223120127,0.009071661904165888,144.69868350000002,0.40442110744237314,0.017637783652026347,0.007420890478053274,1.1817528090806879e-4,40.566785733276596,NA,NA,NA,NA,NA,NA,NA,NA,NA,NA,NA,NA,NA,NA,NA,NA,NA,0.0457472742337504,0.12803456168818025
893,2.922926223120127,0.009071661904165888,144.69868350000002,0.40442110744237314,0.017637783652026347,0.007420890478053274,1.1817528090806879e-4,40.566785733276596,NA,NA,NA,NA,NA,NA,NA,NA,NA,NA,NA,NA,NA,NA,NA,NA,NA,0.0457472742337504,0.12803456168818025
894,2.922926223120127,0.009071661904165888,144.69868350000002,0.40442110744237314,0.017637783652026347,0.007420890478053274,1.1817528090806879e-4,40.566785733276596,NA,NA,NA,NA,NA,NA,NA,NA,NA,NA,NA,NA,NA,NA,NA,NA,NA,0.0457472742337504,0.12803456168818025
895,2.922926223120127,0.009071661904165888,144.69868350000002,0.40442110744237314,0.017637783652026347,0.007420890478053274,1.1817528090806879e-4,40.566785733276596,NA,NA,NA,NA,NA,NA,NA,NA,NA,NA,NA,NA,NA,NA,NA,NA,NA,0.0457472742337504,0.12803456168818025
896,2.922926223120127,0.009071661904165888,144.69868350000002,0.40442110744237314,0.017637783652026347,0.007420890478053274,1.1817528090806879e-4,40.566785733276596,NA,NA,NA,NA,NA,NA,NA,NA,NA,NA,NA,NA,NA,NA,NA,NA,NA,0.0457472742337504,0.12803456168818025
897,2.922926223120127,0.009071661904165888,144.69868350000002,0.40442110744237314,0.017637783652026347,0.007420890478053274,1.1817528090806879e-4,40.566785733276596,NA,NA,NA,NA,NA,NA,NA,NA,NA,NA,NA,NA,NA,NA,NA,NA,NA,0.0457472742337504,0.12803456168818025
898,2.922926223120127,0.009071661904165888,144.69868350000002,0.40442110744237314,0.017637783652026347,0.007420890478053274,1.1817528090806879e-4,40.566785733276596,NA,NA,NA,NA,NA,NA,NA,NA,NA,NA,NA,NA,NA,NA,NA,NA,NA,0.0457472742337504,0.12803456168818025
899,2.922926223120127,0.009071661904165888,144.69868350000002,0.40442110744237314,0.017637783652026347,0.007420890478053274,1.1817528090806879e-4,40.566785733276596,NA,NA,NA,NA,NA,NA,NA,NA,NA,NA,NA,NA,NA,NA,NA,NA,NA,0.0457472742337504,0.12803456168818025
900,2.922926223120127,0.009071661904165888,144.69868350000002,0.40442110744237314,0.017637783652026347,0.007420890478053274,1.1817528090806879e-4,40.566785733276596,NA,NA,NA,NA,NA,NA,NA,NA,NA,NA,NA,NA,NA,NA,NA,NA,NA,0.0457472742337504,0.12803456168818025
901,2.922926223120127,0.009071661904165888,144.69868350000002,0.40442110744237314,0.017637783652026347,0.007420890478053274,1.1817528090806879e-4,40.566785733276596,NA,NA,NA,NA,NA,NA,NA,NA,NA,NA,NA,NA,NA,NA,NA,NA,NA,0.0457472742337504,0.12803456168818025
902,2.922926223120127,0.009071661904165888,144.69868350000002,0.40442110744237314,0.017637783652026347,0.007420890478053274,1.1817528090806879e-4,40.566785733276596,NA,NA,NA,NA,NA,NA,NA,NA,NA,NA,NA,NA,NA,NA,NA,NA,NA,0.0457472742337504,0.12803456168818025
903,2.922926223120127,0.009071661904165888,144.69868350000002,0.40442110744237314,0.017637783652026347,0.007420890478053274,1.1817528090806879e-4,40.566785733276596,NA,NA,NA,NA,NA,NA,NA,NA,NA,NA,NA,NA,NA,NA,NA,NA,NA,0.0457472742337504,0.12803456168818025
904,2.922926223120127,0.009071661904165888,144.69868350000002,0.40442110744237314,0.017637783652026347,0.007420890478053274,1.1817528090806879e-4,40.566785733276596,NA,NA,NA,NA,NA,NA,NA,NA,NA,NA,NA,NA,NA,NA,NA,NA,NA,0.0457472742337504,0.12803456168818025
905,2.922926223120127,0.009071661904165888,144.69868350000002,0.40442110744237314,0.017637783652026347,0.007420890478053274,1.1817528090806879e-4,40.566785733276596,NA,NA,NA,NA,NA,NA,NA,NA,NA,NA,NA,NA,NA,NA,NA,NA,NA,0.0457472742337504,0.12803456168818025
906,2.922926223120127,0.009071661904165888,144.69868350000002,0.40442110744237314,0.017637783652026347,0.007420890478053274,1.1817528090806879e-4,40.566785733276596,NA,NA,NA,NA,NA,NA,NA,NA,NA,NA,NA,NA,NA,NA,NA,NA,NA,0.0457472742337504,0.12803456168818025
907,2.922926223120127,0.009071661904165888,144.69868350000002,0.40442110744237314,0.017637783652026347,0.007420890478053274,1.1817528090806879e-4,40.566785733276596,NA,NA,NA,NA,NA,NA,NA,NA,NA,NA,NA,NA,NA,NA,NA,NA,NA,0.0457472742337504,0.12803456168818025
908,2.922926223120127,0.009071661904165888,144.69868350000002,0.40442110744237314,0.017637783652026347,0.007420890478053274,1.1817528090806879e-4,40.566785733276596,NA,NA,NA,NA,NA,NA,NA,NA,NA,NA,NA,NA,NA,NA,NA,NA,NA,0.0457472742337504,0.12803456168818025
909,2.922926223120127,0.009071661904165888,144.69868350000002,0.40442110744237314,0.017637783652026347,0.007420890478053274,1.1817528090806879e-4,40.566785733276596,NA,NA,NA,NA,NA,NA,NA,NA,NA,NA,NA,NA,NA,NA,NA,NA,NA,0.0457472742337504,0.12803456168818025
910,2.922926223120127,0.009071661904165888,144.69868350000002,0.40442110744237314,0.017637783652026347,0.007420890478053274,1.1817528090806879e-4,40.566785733276596,NA,NA,NA,NA,NA,NA,NA,NA,NA,NA,NA,NA,NA,NA,NA,NA,NA,0.0457472742337504,0.12803456168818025
911,2.922926223120127,0.009071661904165888,144.69868350000002,0.40442110744237314,0.017637783652026347,0.007420890478053274,1.1817528090806879e-4,40.566785733276596,NA,NA,NA,NA,NA,NA,NA,NA,NA,NA,NA,NA,NA,NA,NA,NA,NA,0.0457472742337504,0.12803456168818025
912,2.922926223120127,0.009071661904165888,144.69868350000002,0.40442110744237314,0.017637783652026347,0.007420890478053274,1.1817528090806879e-4,40.566785733276596,NA,NA,NA,NA,NA,NA,NA,NA,NA,NA,NA,NA,NA,NA,NA,NA,NA,0.0457472742337504,0.12803456168818025
913,2.922926223120127,0.009071661904165888,144.69868350000002,0.40442110744237314,0.017637783652026347,0.007420890478053274,1.1817528090806879e-4,40.566785733276596,G00913,116.62498980144582,46.211070425633125,1100.7548571813618,13.155970863673998,650.2608695652174,10.577906401261039,30.79797122789466,12.478260869565217,14.656272517617564,33250.83474576271,56077.11016949153,486500.78813559323,432.52450180868595,0.007818560233827234,0.522352388136243,0.1889637206729012,0.0457472742337504,0.12803456168818025
914,2.922926223120127,0.009071661904165888,144.69868350000002,0.40442110744237314,0.017637783652026347,0.007420890478053274,1.1817528090806879e-4,40.566785733276596,G00914,117.29881046546821,46.291586423609196,4973.863971301123,12.289089250564576,667.85,9.423561954498291,29.00449495315552,70.15,61.64095955399171,31837.88888888889,55248.936026936026,398096.3232323232,588.19789227923,0.049861334688072655,0.673557218139678,0.09111699233824948,0.0457472742337504,0.12803456168818025
915,2.922926223120127,0.009071661904165888,144.69868350000002,0.40442110744237314,0.017637783652026347,0.007420890478053274,1.1817528090806879e-4,40.566785733276596,G00915,118.15924513917665,46.388588870571496,8422.997812917405,11.853565788269043,696.3333333333334,8.4104372660319,27.7407252629598,121.6,58.56714390191472,29053.085561497326,51493.422459893045,244868.0909090909,608.0040197796413,0.13088081391784723,0.634539578079913,0.04494181740058035,0.0457472742337504,0.12803456168818025
916,2.922926223120127,0.009071661904165888,144.69868350000002,0.40442110744237314,0.017637783652026347,0.007420890478053274,1.1817528090806879e-4,40.566785733276596,G00916,119.00873357391136,46.397846166082076,8800.93044968545,11.795886039733887,714.85,7.025877618789673,27.111483764648437,72.9,45.758979561680746,30574.92700729927,53184.01824817518,285598.6131386861,551.986270760571,0.20807953563860437,0.47995137877352434,0.05660513261532495,0.0457472742337504,0.12803456168818025
917,2.922926223120127,0.009071661904165888,144.69868350000002,0.40442110744237314,0.017637783652026347,0.007420890478053274,1.1817528090806879e-4,40.566785733276596,G00917,119.95010177131829,46.41015562645002,9154.404935100943,11.738100210825602,716.8333333333334,6.411042928695679,26.617660522460938,59.333333333333336,31.696477196475108,30928.37373737374,53609.79797979798,372115.8181818182,542.684205744502,0.15104904210855744,0.48650652221152385,0.06081599124094954,0.0457472742337504,0.12803456168818025
918,2.9229244833397123,0.00907163001062972,144.69868350000002,0.4044834203984599,0.017641097965757333,0.007421973036778928,1.1818982372219937e-4,40.56696692333896,G00918,120.82340571407563,46.432929570401384,10000,-6.0488046780228615,92.75,12.161900997161865,13.030249953269958,4779.25,543.9873291591581,18106.223776223775,30252.104895104894,65921.66433566433,21.08514345677086,3.2873503812572995e-5,1.4783967187371078e-5,1.5135346212885999e-4,0.04574694873281941,0.1280356508676809
919,2.9229633172563547,0.009072379159759362,141.43800109999992,0.40305499298414976,0.01756511474692462,0.007397159538011226,1.1785662797639463e-4,40.56280904095045,G00919,121.72172099819515,46.432929570401384,10000,-6.717039008935292,75.125,12.84709378083547,12.531999985376993,4939.708333333333,319.09716104723617,20046,33388.68067226891,85863.55742296918,23.32693657068209,1.0493827122287151e-5,4.746700658006201e-6,2.5125585462046807e-4,0.04575440310777139,0.12801071760940222
920,2.922689210533926,0.00906836145179548,144.69868350000002,0.41185976076466807,0.018033214609445795,0.0075501912841690905,1.1991628650898923e-4,40.58829265120189,G00920,122.62003628231469,46.432929570401384,10000,-6.721479606628418,67.05,13.510738563537597,12.734925031661987,4975.95,254.89491642842276,19033.828254847645,31687.412742382272,78617.73130193906,23.72373071666125,1.0742292602788923e-7,3.222687874629234e-8,3.027607694338246e-4,0.04570821547644038,0.12816551989993538
921,2.9151004765649677,0.009111524937917679,133.93783779999993,0.5039498290253287,0.022892525924582265,0.00916259218731283,1.4230614531988325e-4,40.83483829219876,G00921,123.51835156643419,46.432929570401384,10000,-4.212615063786506,51.75,12.888142585754395,14.847337532043458,4488.35,680.1148722632701,20879.219101123595,34541.747191011236,94034.93258426966,34.375338430836294,9.791400650650062e-7,2.7245636542610985e-6,3.5547041220333335e-4,0.04519325882220064,0.1298912869374307
922,2.9122225195103537,0.009143098317455444,141.28466820000003,0.5250309309275745,0.023995619513161537,0.009534725390536854,1.4764989294613112e-4,40.8863773659803,G00922,124.41666685055372,46.432929570401384,10000,0.23720228346064687,38.833333333333336,12.934402823448181,18.89589597781499,3678.5,1047.2850199651853,23028.95890410959,38093.14794520548,75860.49589041095,55.47035122791781,7.439336013297181e-6,3.600468268766815e-5,5.853554785778732e-5,0.04506784431744634,0.13030058874013273
923,2.9121953402809497,0.009143412574744741,141.28466820000003,0.525216906357675,0.024005335687571815,0.009538013273743411,1.4769739415733128e-4,40.8868242417841,G00923,125.31498213467323,46.432929570401384,10000,2.8652448028326036,34,14.290295886993409,21.926850271224975,3298.45,735.3162924891574,20755.425770308124,33889.918767507006,60774.204481792716,60.1349962039055,6.591102619522462e-5,0.007392911880582465,2.78629204338826e-4,0.04506672632105765,0.13030420759156078
924,2.9121953402809497,0.009143412574744741,141.28466820000003,0.525216906357675,0.024005335687571815,0.009538013273743411,1.4769739415733128e-4,40.8868242417841,G00924,126.21329741879276,46.432929570401384,10000,6.806422381103038,35.55,14.956569814682007,26.778574800491334,2554.95,807.3109669566127,16087.374331550802,25833.925133689838,49087.51336898396,44.919557081779075,2.1881651742050898e-5,0.015153852663850444,4.848871874975084e-4,0.04506672632105765,0.13030420759156078
925,2.9121953402809497,0.009143412574744741,141.28466820000003,0.525216906357675,0.024005335687571815,0.009538013273743411,1.4769739415733128e-4,40.8868242417841,G00925,127.11161270291227,46.432929570401384,10000,-0.5498398294051489,45.041666666666664,14.616179664929708,19.015676975250244,3796,1099.057105767999,15632.025210084033,25516.787114845938,33580.47619047619,23.062885600046126,4.3624449409071e-5,0.0025356429487183797,1.4636373471834402e-4,0.04506672632105765,0.13030420759156078
926,2.9121953402809497,0.009143412574744741,141.28466820000003,0.525216906357675,0.024005335687571815,0.009538013273743411,1.4769739415733128e-4,40.8868242417841,G00926,128.0099279870318,46.432929570401384,10000,-4.37593903541565,56.9,14.965690660476685,15.413724851608276,4452.9,745.9000144650404,13606.711229946524,22343.679144385027,13361.486631016043,29.85383800730686,4.363559005900852e-7,4.4542358642911086e-4,2.704342286144079e-5,0.04506672632105765,0.13030420759156078
927,2.9121953402809497,0.009143412574744741,141.28466820000003,0.525216906357675,0.024005335687571815,0.009538013273743411,1.4769739415733128e-4,40.8868242417841,G00927,128.90824327115132,46.432929570401384,10000,-6.53682467341423,75.16666666666667,15.385024348894754,13.556593736012777,4837.416666666667,369.9797781391357,11661.751336898396,19328.0320855615,9168.195187165775,29.732541045481813,0,7.449978526144238e-8,1.6528309884111866e-5,0.04506672632105765,0.13030420759156078
928,2.9121953402809497,0.009143412574744741,141.28466820000003,0.525216906357675,0.024005335687571815,0.009538013273743411,1.4769739415733128e-4,40.8868242417841,G00928,129.80655855527084,46.432929570401384,10000,-6.325908851623535,87.25,15.956882333755493,14.3364999294281,4842.15,192.27071786251912,9152.75350140056,14988.18487394958,3094.557422969188,26.080609714160992,0,0,0,0.04506672632105765,0.13030420759156078
929,2.9121953402809497,0.009143412574744741,141.28466820000003,0.525216906357675,0.024005335687571815,0.009538013273743411,1.4769739415733128e-4,40.8868242417841,G00929,130.70487383939036,46.432929570401384,10000,-7.4563661336898805,110.1,15.087021732330323,12.728250074386597,4984.9,120.14329164092263,8676.561497326204,14375.820855614973,3440.048128342246,28.771985163064063,0,0,0,0.04506672632105765,0.13030420759156078
930,2.9121953402809497,0.009143412574744741,141.28466820000003,0.525216906357675,0.024005335687571815,0.009538013273743411,1.4769739415733128e-4,40.8868242417841,G00930,131.60318912350988,46.432929570401384,10000,-8.105283379554749,138.95833333333334,14.466905355453491,11.47208329041799,5079.5,141.1942848948091,11634.70868347339,19605.89355742297,5356.952380952381,29.065472827588827,0,0,0,0.04506672632105765,0.13030420759156078
931,2.9121953402809497,0.009143412574744741,141.28466820000003,0.525216906357675,0.024005335687571815,0.009538013273743411,1.4769739415733128e-4,40.8868242417841,G00931,132.5015044076294,46.432929570401384,10000,-8.789344310760498,168,13.725215673446655,10.218174982070924,5149.25,223.96754346627054,14688.302259887005,24970.89548022599,26832.5395480226,30.094428999015665,0,0,0,0.04506672632105765,0.13030420759156078
932,2.9121953402809497,0.009143412574744741,141.28466820000003,0.525216906357675,0.024005335687571815,0.009538013273743411,1.4769739415733128e-4,40.8868242417841,G00932,133.3890917777039,46.438292060005494,9738.290615548189,-7.898113330205281,180.875,13.684818585713705,10.855239629745483,4993.916666666667,73.1894009115876,15094.131054131054,25399.672364672366,10844.905982905982,36.73149514162001,0,0,0,0.04506672632105765,0.13030420759156078
933,2.9121953402809497,0.009143412574744741,141.28466820000003,0.525216906357675,0.024005335687571815,0.009538013273743411,1.4769739415733128e-4,40.8868242417841,G00933,133.89669796329787,46.643040018033574,312.471912111197,-7.583238530158996,191.7,13.199633312225341,10.563324975967408,4912.15,102.1877915254171,17708.463687150837,29727.256983240222,28313.41899441341,38.00544850623019,0,0,0,0.04506672632105765,0.13030420759156078
934,2.9121953402809497,0.009143412574744741,141.28466820000003,0.525216906357675,0.024005335687571815,0.009538013273743411,1.4769739415733128e-4,40.8868242417841,NA,NA,NA,NA,NA,NA,NA,NA,NA,NA,NA,NA,NA,NA,NA,NA,NA,0.04506672632105765,0.13030420759156078
935,2.9121953402809497,0.009143412574744741,141.28466820000003,0.525216906357675,0.024005335687571815,0.009538013273743411,1.4769739415733128e-4,40.8868242417841,NA,NA,NA,NA,NA,NA,NA,NA,NA,NA,NA,NA,NA,NA,NA,NA,NA,0.04506672632105765,0.13030420759156078
936,2.9121953402809497,0.009143412574744741,141.28466820000003,0.525216906357675,0.024005335687571815,0.009538013273743411,1.4769739415733128e-4,40.8868242417841,NA,NA,NA,NA,NA,NA,NA,NA,NA,NA,NA,NA,NA,NA,NA,NA,NA,0.04506672632105765,0.13030420759156078
937,2.9121953402809497,0.009143412574744741,141.28466820000003,0.525216906357675,0.024005335687571815,0.009538013273743411,1.4769739415733128e-4,40.8868242417841,NA,NA,NA,NA,NA,NA,NA,NA,NA,NA,NA,NA,NA,NA,NA,NA,NA,0.04506672632105765,0.13030420759156078
938,2.9121953402809497,0.009143412574744741,141.28466820000003,0.525216906357675,0.024005335687571815,0.009538013273743411,1.4769739415733128e-4,40.8868242417841,NA,NA,NA,NA,NA,NA,NA,NA,NA,NA,NA,NA,NA,NA,NA,NA,NA,0.04506672632105765,0.13030420759156078
939,2.9121953402809497,0.009143412574744741,141.28466820000003,0.525216906357675,0.024005335687571815,0.009538013273743411,1.4769739415733128e-4,40.8868242417841,NA,NA,NA,NA,NA,NA,NA,NA,NA,NA,NA,NA,NA,NA,NA,NA,NA,0.04506672632105765,0.13030420759156078
940,2.9121953402809497,0.009143412574744741,141.28466820000003,0.525216906357675,0.024005335687571815,0.009538013273743411,1.4769739415733128e-4,40.8868242417841,NA,NA,NA,NA,NA,NA,NA,NA,NA,NA,NA,NA,NA,NA,NA,NA,NA,0.04506672632105765,0.13030420759156078
941,2.9121953402809497,0.009143412574744741,141.28466820000003,0.525216906357675,0.024005335687571815,0.009538013273743411,1.4769739415733128e-4,40.8868242417841,NA,NA,NA,NA,NA,NA,NA,NA,NA,NA,NA,NA,NA,NA,NA,NA,NA,0.04506672632105765,0.13030420759156078
942,2.9121953402809497,0.009143412574744741,141.28466820000003,0.525216906357675,0.024005335687571815,0.009538013273743411,1.4769739415733128e-4,40.8868242417841,NA,NA,NA,NA,NA,NA,NA,NA,NA,NA,NA,NA,NA,NA,NA,NA,NA,0.04506672632105765,0.13030420759156078
943,2.9121953402809497,0.009143412574744741,141.28466820000003,0.525216906357675,0.024005335687571815,0.009538013273743411,1.4769739415733128e-4,40.8868242417841,NA,NA,NA,NA,NA,NA,NA,NA,NA,NA,NA,NA,NA,NA,NA,NA,NA,0.04506672632105765,0.13030420759156078
944,2.9121953402809497,0.009143412574744741,141.28466820000003,0.525216906357675,0.024005335687571815,0.009538013273743411,1.4769739415733128e-4,40.8868242417841,NA,NA,NA,NA,NA,NA,NA,NA,NA,NA,NA,NA,NA,NA,NA,NA,NA,0.04506672632105765,0.13030420759156078
945,2.9121953402809497,0.009143412574744741,141.28466820000003,0.525216906357675,0.024005335687571815,0.009538013273743411,1.4769739415733128e-4,40.8868242417841,NA,NA,NA,NA,NA,NA,NA,NA,NA,NA,NA,NA,NA,NA,NA,NA,NA,0.04506672632105765,0.13030420759156078
946,2.9121953402809497,0.009143412574744741,141.28466820000003,0.525216906357675,0.024005335687571815,0.009538013273743411,1.4769739415733128e-4,40.8868242417841,NA,NA,NA,NA,NA,NA,NA,NA,NA,NA,NA,NA,NA,NA,NA,NA,NA,0.04506672632105765,0.13030420759156078
947,2.9121953402809497,0.009143412574744741,141.28466820000003,0.525216906357675,0.024005335687571815,0.009538013273743411,1.4769739415733128e-4,40.8868242417841,G00947,82.4897768333536,45.77478480430008,3306.8514089047117,3.649596869945526,444.7,13.300293779373169,20.410387420654295,2768.2,299.4365937627038,30421.42780748663,51450.54812834225,213001.08288770053,200.99109807730187,0.025873893195665264,0.139653192788203,0.02902395701074845,0.04506672632105765,0.13030420759156078
948,2.9121953402809497,0.009143412574744741,141.28466820000003,0.525216906357675,0.024005335687571815,0.009538013273743411,1.4769739415733128e-4,40.8868242417841,G00948,83.09416378105573,45.81028997508631,10000,5.7162396013736725,398.1666666666667,12.455001751581827,23.86425010363261,2328,394.7171799832293,25497.655462184874,43573.41456582633,112431.9887955182,169.28853103294762,0.05675095781865009,0.15088440829374067,0.011953607924173451,0.04506672632105765,0.13030420759156078
949,2.9121953402809497,0.009143412574744741,141.28466820000003,0.525216906357675,0.024005335687571815,0.009538013273743411,1.4769739415733128e-4,40.8868242417841,G00949,83.99247906517525,45.81028997508631,10000,7.890691757202148,312.7,12.827802038192749,27.15069990158081,1857.1,116.53863149865349,22199.419786096256,37809.1871657754,132157.72994652405,91.4006686407302,0.003464186889263392,0.10925019159666659,0.06094217752247438,0.04506672632105765,0.13030420759156078
950,2.9121953402809497,0.009143412574744741,141.28466820000003,0.525216906357675,0.024005335687571815,0.009538013273743411,1.4769739415733128e-4,40.8868242417841,G00950,84.89079434929477,45.81028997508631,10000,7.595800399780273,293.0833333333333,12.61713194847107,26.783166726430256,1828.8333333333333,213.71734007626836,20145.929971988797,34570.26050420168,137655.14285714287,108.28674987602177,3.2569556360459814e-4,0.1862392522356063,0.0176864969324599,0.04506672632105765,0.13030420759156078
951,2.9121953402809497,0.009143412574744741,141.28466820000003,0.525216906357675,0.024005335687571815,0.009538013273743411,1.4769739415733128e-4,40.8868242417841,G00951,85.7891096334143,45.81028997508631,10000,6.24284942150116,371.3,12.01519684791565,24.651449966430665,2016.65,161.75526510588048,22293.270053475935,39129.83155080214,46276.449197860966,164.31951077659434,0.0014156555939794984,0.3321547361031737,0.007406917837800235,0.04506672632105765,0.13030420759156078
952,2.9121953402809497,0.009143412574744741,141.28466820000003,0.525216906357675,0.024005335687571815,0.009538013273743411,1.4769739415733128e-4,40.8868242417841,G00952,86.68742491753382,45.81028997508631,10000,7.453979134559631,415.45,12.283608293533325,26.007124996185304,1741.25,93.37579704443871,21051.83957219251,37881.74064171123,52898.205882352944,216.4312314040769,4.616751805546631e-4,0.2696569603830063,0.013641485732298765,0.04506672632105765,0.13030420759156078
953,2.9121953402809497,0.009143412574744741,141.28466820000003,0.525216906357675,0.024005335687571815,0.009538013273743411,1.4769739415733128e-4,40.8868242417841,G00953,87.58574020165334,45.81028997508631,10000,8.700029889742533,466.7916666666667,11.881585836410522,27.17980194091797,1427.9166666666667,99.00633122779779,19305.728291316525,35736.53781512605,31014.67787114846,224.69018902632942,0.005705183061157102,0.188146647535068,0.005661366544939178,0.04506672632105765,0.13030420759156078
954,2.9121953402809497,0.009143412574744741,141.28466820000003,0.525216906357675,0.024005335687571815,0.009538013273743411,1.4769739415733128e-4,40.8868242417841,G00954,88.48405548577286,45.81028997508631,10000,8.374519848823548,491.25,11.687229108810424,26.383874797821044,1420,86.6262388838272,23513.802139037434,42672.17914438502,61919.80748663101,368.62313274130446,0.2509018733032442,0.08358919752266052,0.004109408260773442,0.04506672632105765,0.13030420759156078
955,2.9121953402809497,0.009143412574744741,141.28466820000003,0.525216906357675,0.024005335687571815,0.009538013273743411,1.4769739415733128e-4,40.8868242417841,G00955,89.38237076989238,45.81028997508631,10000,8.97567625840505,505.9583333333333,11.86453640460968,27.08747919400533,1254.625,90.22908646039957,26220.32492997199,47447.59943977591,108791.19327731093,538.4147736655677,0.42930714351123955,0.06847853692727487,0.01101887423528846,0.04506672632105765,0.13030420759156078
956,2.9121953402809497,0.009143412574744741,141.28466820000003,0.525216906357675,0.024005335687571815,0.009538013273743411,1.4769739415733128e-4,40.8868242417841,G00956,90.26959692641908,45.815557637080644,9742.310372792277,10.039165019989014,506.85,12.015840625762939,28.530274963378908,1025.1,158.32873862215985,24041.096256684494,43405.44652406417,74149.48395721926,481.61901381557476,0.32829908487740384,0.08191254789166884,0.007487771402446719,0.04506672632105765,0.13030420759156078
957,2.9121953402809497,0.009143412574744741,141.28466820000003,0.525216906357675,0.024005335687571815,0.009538013273743411,1.4769739415733128e-4,40.8868242417841,G00957,90.82887307072022,45.99895437397543,963.7987526368922,9.299346232414246,513.8,11.91545934677124,27.54576244354248,1151.8,179.34987858197286,27461.165266106444,47802.73949579832,101415.9887955182,497.89558668241426,0.2948180394375261,0.12828679229679704,0.010586973171596611,0.04506672632105765,0.13030420759156078
958,2.9121953402809497,0.009143412574744741,141.28466820000003,0.525216906357675,0.024005335687571815,0.009538013273743411,1.4769739415733128e-4,40.8868242417841,NA,NA,NA,NA,NA,NA,NA,NA,NA,NA,NA,NA,NA,NA,NA,NA,NA,0.04506672632105765,0.13030420759156078
959,2.9121953402809497,0.009143412574744741,141.28466820000003,0.525216906357675,0.024005335687571815,0.009538013273743411,1.4769739415733128e-4,40.8868242417841,NA,NA,NA,NA,NA,NA,NA,NA,NA,NA,NA,NA,NA,NA,NA,NA,NA,0.04506672632105765,0.13030420759156078
960,2.9121953402809497,0.009143412574744741,141.28466820000003,0.525216906357675,0.024005335687571815,0.009538013273743411,1.4769739415733128e-4,40.8868242417841,NA,NA,NA,NA,NA,NA,NA,NA,NA,NA,NA,NA,NA,NA,NA,NA,NA,0.04506672632105765,0.13030420759156078
961,2.9121953402809497,0.009143412574744741,141.28466820000003,0.525216906357675,0.024005335687571815,0.009538013273743411,1.4769739415733128e-4,40.8868242417841,NA,NA,NA,NA,NA,NA,NA,NA,NA,NA,NA,NA,NA,NA,NA,NA,NA,0.04506672632105765,0.13030420759156078
962,2.9121953402809497,0.009143412574744741,141.28466820000003,0.525216906357675,0.024005335687571815,0.009538013273743411,1.4769739415733128e-4,40.8868242417841,NA,NA,NA,NA,NA,NA,NA,NA,NA,NA,NA,NA,NA,NA,NA,NA,NA,0.04506672632105765,0.13030420759156078
963,2.9121953402809506,0.00914341257474485,141.28466820000003,0.525216906357678,0.024005335687571894,0.009538013273743222,1.4769739415733087e-4,40.88682424178408,NA,NA,NA,NA,NA,NA,NA,NA,NA,NA,NA,NA,NA,NA,NA,NA,NA,0.04506672632105767,0.1303042075915678
964,2.9121953402809506,0.00914341257474485,141.28466820000003,0.525216906357678,0.024005335687571894,0.009538013273743222,1.4769739415733087e-4,40.88682424178408,NA,NA,NA,NA,NA,NA,NA,NA,NA,NA,NA,NA,NA,NA,NA,NA,NA,0.04506672632105767,0.1303042075915678
965,2.9121933457663793,0.00914343564658339,141.28466820000003,0.5252305455871208,0.024006048250471927,0.009538254406816259,1.477008780894145e-4,40.8868570098259,NA,NA,NA,NA,NA,NA,NA,NA,NA,NA,NA,NA,NA,NA,NA,NA,NA,0.045066644320569615,0.13030447299804587
966,2.9114298984385405,0.009152368815935384,141.28466820000017,0.5303702899808103,0.0242744656436301,0.009629154957187629,1.4901614303279226e-4,40.89915341649151,NA,NA,NA,NA,NA,NA,NA,NA,NA,NA,NA,NA,NA,NA,NA,NA,NA,0.04503566715506846,0.13040452281599096
967,2.9041356228395685,0.009245744803483955,135.7188184000001,0.5733750691839611,0.026512453848058046,0.010392289980377263,1.6020669340894618e-4,40.99805508203022,NA,NA,NA,NA,NA,NA,NA,NA,NA,NA,NA,NA,NA,NA,NA,NA,NA,0.04477065829246626,0.1312421728403597
968,2.892082473132436,0.00942053127262014,131.49178450000005,0.6303573196014914,0.029456406089014,0.011410317035548364,1.7553186834955148e-4,41.118474798730304,NA,NA,NA,NA,NA,NA,NA,NA,NA,NA,NA,NA,NA,NA,NA,NA,NA,0.04440433793124847,0.13234298156248692
969,2.890178787285577,0.009449753837896008,127.85152030000006,0.6383678730152836,0.029868331782456195,0.011554035901102917,1.777302163936476e-4,41.134460247676635,NA,NA,NA,NA,NA,NA,NA,NA,NA,NA,NA,NA,NA,NA,NA,NA,NA,0.04435152096741072,0.13249615532907308
970,2.8867017006316216,0.009504041471902392,135.1622821000001,0.6524853758606434,0.030593142217108044,0.011807672247390441,1.8163008583369056e-4,41.16207713511918,NA,NA,NA,NA,NA,NA,NA,NA,NA,NA,NA,NA,NA,NA,NA,NA,NA,0.04425767076237802,0.13276492080230237
971,2.8867017006316216,0.009504041471902392,135.1622821000001,0.6524853758606434,0.030593142217108044,0.011807672247390441,1.8163008583369056e-4,41.16207713511918,NA,NA,NA,NA,NA,NA,NA,NA,NA,NA,NA,NA,NA,NA,NA,NA,NA,0.04425767076237802,0.13276492080230237
972,2.8867017006316216,0.009504041471902392,135.1622821000001,0.6524853758606434,0.030593142217108044,0.011807672247390441,1.8163008583369056e-4,41.16207713511918,NA,NA,NA,NA,NA,NA,NA,NA,NA,NA,NA,NA,NA,NA,NA,NA,NA,0.04425767076237802,0.13276492080230237
973,2.8867017006316216,0.009504041471902392,135.1622821000001,0.6524853758606434,0.030593142217108044,0.011807672247390441,1.8163008583369056e-4,41.16207713511918,NA,NA,NA,NA,NA,NA,NA,NA,NA,NA,NA,NA,NA,NA,NA,NA,NA,0.04425767076237802,0.13276492080230237
974,2.8867017006316216,0.009504041471902392,135.1622821000001,0.6524853758606434,0.030593142217108044,0.011807672247390441,1.8163008583369056e-4,41.16207713511918,NA,NA,NA,NA,NA,NA,NA,NA,NA,NA,NA,NA,NA,NA,NA,NA,NA,0.04425767076237802,0.13276492080230237
975,2.8867017006316216,0.009504041471902392,135.1622821000001,0.6524853758606434,0.030593142217108044,0.011807672247390441,1.8163008583369056e-4,41.16207713511918,NA,NA,NA,NA,NA,NA,NA,NA,NA,NA,NA,NA,NA,NA,NA,NA,NA,0.04425767076237802,0.13276492080230237
976,2.8867017006316216,0.009504041471902392,135.1622821000001,0.6524853758606434,0.030593142217108044,0.011807672247390441,1.8163008583369056e-4,41.16207713511918,NA,NA,NA,NA,NA,NA,NA,NA,NA,NA,NA,NA,NA,NA,NA,NA,NA,0.04425767076237802,0.13276492080230237
977,2.8867017006316216,0.009504041471902392,135.1622821000001,0.6524853758606434,0.030593142217108044,0.011807672247390441,1.8163008583369056e-4,41.16207713511918,NA,NA,NA,NA,NA,NA,NA,NA,NA,NA,NA,NA,NA,NA,NA,NA,NA,0.04425767076237802,0.13276492080230237
978,2.8867017006316216,0.009504041471902392,135.1622821000001,0.6524853758606434,0.030593142217108044,0.011807672247390441,1.8163008583369056e-4,41.16207713511918,NA,NA,NA,NA,NA,NA,NA,NA,NA,NA,NA,NA,NA,NA,NA,NA,NA,0.04425767076237802,0.13276492080230237
979,2.8867017006316216,0.009504041471902392,135.1622821000001,0.6524853758606434,0.030593142217108044,0.011807672247390441,1.8163008583369056e-4,41.16207713511918,NA,NA,NA,NA,NA,NA,NA,NA,NA,NA,NA,NA,NA,NA,NA,NA,NA,0.04425767076237802,0.13276492080230237
980,2.8867017006316216,0.009504041471902392,135.1622821000001,0.6524853758606434,0.030593142217108044,0.011807672247390441,1.8163008583369056e-4,41.16207713511918,NA,NA,NA,NA,NA,NA,NA,NA,NA,NA,NA,NA,NA,NA,NA,NA,NA,0.04425767076237802,0.13276492080230237
981,2.8867017006316216,0.009504041471902392,135.1622821000001,0.6524853758606434,0.030593142217108044,0.011807672247390441,1.8163008583369056e-4,41.16207713511918,NA,NA,NA,NA,NA,NA,NA,NA,NA,NA,NA,NA,NA,NA,NA,NA,NA,0.04425767076237802,0.13276492080230237
982,2.8867017006316216,0.009504041471902392,135.1622821000001,0.6524853758606434,0.030593142217108044,0.011807672247390441,1.8163008583369056e-4,41.16207713511918,NA,NA,NA,NA,NA,NA,NA,NA,NA,NA,NA,NA,NA,NA,NA,NA,NA,0.04425767076237802,0.13276492080230237
983,2.8867017006316216,0.009504041471902392,135.1622821000001,0.6524853758606434,0.030593142217108044,0.011807672247390441,1.8163008583369056e-4,41.16207713511918,NA,NA,NA,NA,NA,NA,NA,NA,NA,NA,NA,NA,NA,NA,NA,NA,NA,0.04425767076237802,0.13276492080230237
984,2.8867017006316216,0.009504041471902392,135.1622821000001,0.6524853758606434,0.030593142217108044,0.011807672247390441,1.8163008583369056e-4,41.16207713511918,G00984,115.80963321502831,45.540077894002714,254.17988697170304,-7.095704356829326,186.375,13.516103307406107,11.365698019663492,5003.75,102.78819505895733,17342.563002680967,28926.4235924933,19515.109919571045,48.49553235892626,1.064282646592034e-8,0,0,0.04425767076237802,0.13276492080230237
985,2.8867017006316216,0.009504041471902392,135.1622821000001,0.6524853758606434,0.030593142217108044,0.011807672247390441,1.8163008583369056e-4,41.16207713511918,G00985,116.43440554552899,45.769338757864524,7293.9523485369355,-7.496802639961243,212.4,13.143269777297974,10.509124994277954,5035.6,133.78671163656844,17834.715425531915,29558.68085106383,19108.35904255319,41.60629076800731,0,0,0,0.04425767076237802,0.13276492080230237
986,2.8867017006316216,0.009504041471902392,135.1622821000001,0.6524853758606434,0.030593142217108044,0.011807672247390441,1.8163008583369056e-4,41.16207713511918,G00986,117.23014457759756,45.81028997508631,10000,-7.534611439704895,225.45,13.000112533569336,10.051500034332275,5008.85,74.9443828870169,17914.472826086956,29987.135869565216,20361.633152173912,44.59178895183062,0,0,0,0.04425767076237802,0.13276492080230237
987,2.8867017006316216,0.009504041471902392,135.1622821000001,0.6524853758606434,0.030593142217108044,0.011807672247390441,1.8163008583369056e-4,41.16207713511918,G00987,118.12845986171706,45.81028997508631,10000,-7.820641855398814,237.125,12.949504295984903,9.581947882970175,5020.166666666667,76.93004539227813,20037.646239554317,33429.12256267409,40199.21169916435,46.974485583454204,0,0,0,0.04425767076237802,0.13276492080230237
988,2.8867017006316216,0.009504041471902392,135.1622821000001,0.6524853758606434,0.030593142217108044,0.011807672247390441,1.8163008583369056e-4,41.16207713511918,G00988,119.0267751458366,45.81028997508631,10000,-6.512641191482544,230.75,13.579728126525879,10.733924961090088,4822.5,127.83562636613102,23111.61229946524,38947.63636363636,55940.366310160425,58.832681136746984,0,0,0,0.04425767076237802,0.13276492080230237
989,2.8867017006316216,0.009504041471902392,135.1622821000001,0.6524853758606434,0.030593142217108044,0.011807672247390441,1.8163008583369056e-4,41.16207713511918,G00989,119.9250904299561,45.81028997508631,10000,-5.589780350526174,232.79166666666666,13.661453207333883,11.584875106811523,4684.291666666667,150.4938187858678,20328.50279329609,34286.98044692737,33611.522346368714,47.58545062263952,0,0,4.39016606354761e-5,0.04425767076237802,0.13276492080230237
990,2.8867017006316216,0.009504041471902392,135.1622821000001,0.6524853758606434,0.030593142217108044,0.011807672247390441,1.8163008583369056e-4,41.16207713511918,G00990,120.82340571407563,45.81028997508631,10000,-4.8302266001701355,233.15,13.891661405563354,12.680212306976319,4615.4,245.5411638766395,21918.62373737374,36581.52525252525,70370.29545454546,46.74118643665436,1.064282646592034e-8,8.514261544432701e-7,4.1364410534662293e-4,0.04425767076237802,0.13276492080230237
991,2.8867017006316216,0.009504041471902392,135.1622821000001,0.6524853758606434,0.030593142217108044,0.011807672247390441,1.8163008583369056e-4,41.16207713511918,G00991,121.72172099819515,45.81028997508631,10000,-4.210279666632414,232.4,13.515100955963135,13.338725042343139,4530.7,341.71396163889375,23212.724867724868,38843.91798941799,71670.75132275133,49.20721295376496,3.299276312846764e-7,5.225627981389469e-6,4.1550660030107025e-4,0.04425767076237802,0.13276492080230237
992,2.8867017006316216,0.009504041471902392,135.1622821000001,0.6524853758606434,0.030593142217108044,0.011807672247390441,1.8163008583369056e-4,41.16207713511918,G00992,122.62003628231469,45.81028997508631,10000,-3.9228411267201104,244.83333333333334,13.768017331759134,13.852333466211954,4483.166666666667,175.24012511201698,23404.007575757576,39428.04797979798,69614.27777777778,63.76338346023717,3.437533537536689e-7,9.668063623887702e-8,5.510796129616783e-6,0.04425767076237802,0.13276492080230237
993,2.8867017006316216,0.009504041471902392,135.1622821000001,0.6524853758606434,0.030593142217108044,0.011807672247390441,1.8163008583369056e-4,41.16207713511918,G00993,123.51835156643419,45.81028997508631,10000,-4.325218206644058,274,13.323101091384888,13.287250137329101,4495.85,168.64202978654615,23470.37037037037,39792.9126984127,88695.62433862434,67.78288396838559,1.2771391991414678e-7,0,5.002128454469911e-7,0.04425767076237802,0.13276492080230237
994,2.8867017006316216,0.009504041471902392,135.1622821000001,0.6524853758606434,0.030593142217108044,0.011807672247390441,1.8163008583369056e-4,41.16207713511918,G00994,124.41666685055372,45.81028997508631,10000,-3.4953296810388563,282.85,12.731380128860474,13.769987392425538,4322.75,365.6567091513137,26449.178117048345,44522.068702290075,142948.91094147583,73.06238055535836,3.192847939776102e-8,0.0027675287378524146,2.1810344895562545e-4,0.04425767076237802,0.13276492080230237
995,2.8867017006316216,0.009504041471902392,135.1622821000001,0.6524853758606434,0.030593142217108044,0.011807672247390441,1.8163008583369056e-4,41.16207713511918,G00995,125.31498213467323,45.81028997508631,10000,-3.1370086781680584,302.3333333333333,12.577772498130798,14.091802080472311,4187.208333333333,268.88545794213866,28415.044041450776,48115.83419689119,189301.08031088082,73.1476603776235,9.32524468603784e-5,9.222222289425135e-4,9.07183912974067e-4,0.04425767076237802,0.13276492080230237
996,2.8867017006316216,0.009504041471902392,135.1622821000001,0.6524853758606434,0.030593142217108044,0.011807672247390441,1.8163008583369056e-4,41.16207713511918,G00996,126.21329741879276,45.81028997508631,10000,-4.6777671575546265,383.55,12.955807256698609,12.281950092315673,4368.8,134.56072782830884,28653.055702917773,48258.644562334215,184210.2228116711,103.03861700538256,4.150702492069796e-7,4.682843776647435e-7,0.0010103022572836213,0.04425767076237802,0.13276492080230237
997,2.8867017006316216,0.009504041471902392,135.1622821000001,0.6524853758606434,0.030593142217108044,0.011807672247390441,1.8163008583369056e-4,41.16207713511918,G00997,127.11161270291227,45.81028997508631,10000,0.71047873251761,391.875,14.979365388552347,17.889822959899902,3439.7083333333335,343.5841114875172,28736.13959390863,48250.83248730964,146642.74111675128,157.9046072363144,0.001776216566349406,0.01642668388211325,0.0021756472284395444,0.04425767076237802,0.13276492080230237
998,2.8867017006316216,0.009504041471902392,135.1622821000001,0.6524853758606434,0.030593142217108044,0.011807672247390441,1.8163008583369056e-4,41.16207713511918,G00998,128.0099279870318,45.81028997508631,10000,1.0653479158878327,476.15,15.147395753860474,18.287524890899657,3384.95,340.092630570586,28811.452127659573,48644.09042553192,159068.3085106383,114.31137530093315,0.0013602277563034958,0.030307418065177706,0.0012691783775818635,0.04425767076237802,0.13276492080230237
999,2.8867017006316216,0.009504041471902392,135.1622821000001,0.6524853758606434,0.030593142217108044,0.011807672247390441,1.8163008583369056e-4,41.16207713511918,G00999,128.90824327115132,45.81028997508631,10000,1.3144802208989859,521.95,13.40289797782898,17.638012504577638,3301.25,517.0496133173092,31312.23232323232,52859.33838383838,189443.97222222222,197.53005310069898,0.04437246701831051,0.03264446570281188,0.0034926138819341927,0.04425767076237802,0.13276492080230237
1000,2.8867017006316216,0.009504041471902392,135.1622821000001,0.6524853758606434,0.030593142217108044,0.011807672247390441,1.8163008583369056e-4,41.16207713511918,G01000,129.80655855527084,45.81028997508631,10000,4.6296402513980865,491.625,12.530169248580933,21.665093660354614,2574.25,574.4375131567742,29902.32884097035,51055.687331536385,168172.5741239892,324.6908196705788,0.08168951683102046,0.22059873364586982,0.015624191150740806,0.04425767076237802,0.13276492080230237
1001,2.8867017006316216,0.009504041471902392,135.1622821000001,0.6524853758606434,0.030593142217108044,0.011807672247390441,1.8163008583369056e-4,41.16207713511918,G01001,130.70487383939036,45.81028997508631,10000,5.9500895738601685,447.45,11.844535493850708,23.361325073242188,2229.1,215.09652667924158,27658.43181818182,47962.030303030304,128401.91414141415,253.55370452961,0.03989102814846936,0.3683747127308605,0.029073808019337326,0.04425767076237802,0.13276492080230237
1002,2.8867017006316216,0.009504041471902392,135.1622821000001,0.6524853758606434,0.030593142217108044,0.011807672247390441,1.8163008583369056e-4,41.16207713511918,G01002,131.60318912350988,45.81028997508631,10000,6.248408854007721,422.875,11.273645798365274,23.809750000635784,2051.8333333333335,147.0843196994475,21856.5291005291,39045.34126984127,49240.3544973545,196.3847769213009,0.0017001718787849102,0.5446708132090371,0.01429657321375755,0.04425767076237802,0.13276492080230237
1003,2.8867017006316216,0.009504041471902392,135.1622821000001,0.6524853758606434,0.030593142217108044,0.011807672247390441,1.8163008583369056e-4,41.16207713511918,G01003,132.5015044076294,45.81028997508631,10000,6.520320844650269,463.95,10.73982286453247,23.87182502746582,1916.4,77.22039545148814,22905.800505050505,41422.106060606064,58607.82575757576,421.68665239454464,0.005100681143258853,0.6180271498066273,0.017420040472711593,0.04425767076237802,0.13276492080230237
1004,2.8867017006316216,0.009504041471902392,135.1622821000001,0.6524853758606434,0.030593142217108044,0.011807672247390441,1.8163008583369056e-4,41.16207713511918,G01004,133.23339736163274,45.861512421990504,5802.906888390942,6.6594082593917845,507.5,10.784047842025757,23.67088737487793,1883.4,272.18093827065616,27375.984848484848,47685.44696969697,110708.25252525252,605.3294185017986,0.14322737341556127,0.33738811168765637,0.017534844629602413,0.04425767076237802,0.13276492080230237
1005,2.8867017006316216,0.009504041471902392,135.1622821000001,0.6524853758606434,0.030593142217108044,0.011807672247390441,1.8163008583369056e-4,41.16207713511918,NA,NA,NA,NA,NA,NA,NA,NA,NA,NA,NA,NA,NA,NA,NA,NA,NA,0.04425767076237802,0.13276492080230237
1006,2.8867282266634327,0.009503623098323161,135.1622821000001,0.652380002442393,0.030587737649100437,0.01180577745388295,1.8160085730502983e-4,41.16187361383904,NA,NA,NA,NA,NA,NA,NA,NA,NA,NA,NA,NA,NA,NA,NA,NA,NA,0.0442583748628991,0.13276292056463257
1007,2.886603960505839,0.009505583588547955,135.1622821000001,0.652873350235573,0.030613040591348315,0.011814648899179133,1.8173771778238592e-4,41.16282614254046,NA,NA,NA,NA,NA,NA,NA,NA,NA,NA,NA,NA,NA,NA,NA,NA,NA,0.04425507787031939,0.13277228470089847
1008,2.875991653889125,0.009677634872732184,116.87585980000001,0.6925858647558528,0.03264396565040778,0.01253049625368623,1.928808425570826e-4,41.23670708568325,NA,NA,NA,NA,NA,NA,NA,NA,NA,NA,NA,NA,NA,NA,NA,NA,NA,0.04398594770221803,0.13351919522720823
1009,2.882954558371816,0.009563751090166592,118.47995490000002,0.6670445529437984,0.0313390930173052,0.012069705689949715,1.8568562389484168e-4,41.18982171230793,NA,NA,NA,NA,NA,NA,NA,NA,NA,NA,NA,NA,NA,NA,NA,NA,NA,0.04415987124057826,0.13304040294772618
1010,2.849563588875185,0.010136904987851794,113.48786750000002,0.7769820358843185,0.03692162761237596,0.014062349902001668,2.1733981605704544e-4,41.37574620155024,NA,NA,NA,NA,NA,NA,NA,NA,NA,NA,NA,NA,NA,NA,NA,NA,NA,0.04338981450416406,0.1350559084451863
1011,2.847621814054161,0.010172024083846652,113.48786750000002,0.7826003882163083,0.03720452812226881,0.014164791149155255,2.1900288483341052e-4,41.38414740105037,NA,NA,NA,NA,NA,NA,NA,NA,NA,NA,NA,NA,NA,NA,NA,NA,NA,0.04334896415096637,0.13515558234684852
1012,2.847621814054161,0.010172024083846652,113.48786750000002,0.7826003882163083,0.03720452812226881,0.014164791149155255,2.1900288483341052e-4,41.38414740105037,NA,NA,NA,NA,NA,NA,NA,NA,NA,NA,NA,NA,NA,NA,NA,NA,NA,0.04334896415096637,0.13515558234684852
1013,2.847621814054161,0.010172024083846652,113.48786750000002,0.7826003882163083,0.03720452812226881,0.014164791149155255,2.1900288483341052e-4,41.38414740105037,NA,NA,NA,NA,NA,NA,NA,NA,NA,NA,NA,NA,NA,NA,NA,NA,NA,0.04334896415096637,0.13515558234684852
1014,2.847621814054161,0.010172024083846652,113.48786750000002,0.7826003882163083,0.03720452812226881,0.014164791149155255,2.1900288483341052e-4,41.38414740105037,NA,NA,NA,NA,NA,NA,NA,NA,NA,NA,NA,NA,NA,NA,NA,NA,NA,0.04334896415096637,0.13515558234684852
1015,2.847621814054161,0.010172024083846652,113.48786750000002,0.7826003882163083,0.03720452812226881,0.014164791149155255,2.1900288483341052e-4,41.38414740105037,NA,NA,NA,NA,NA,NA,NA,NA,NA,NA,NA,NA,NA,NA,NA,NA,NA,0.04334896415096637,0.13515558234684852
1016,2.847621814054161,0.010172024083846652,113.48786750000002,0.7826003882163083,0.03720452812226881,0.014164791149155255,2.1900288483341052e-4,41.38414740105037,G01016,79.9363938828946,44.906618222744925,38.44288508820952,13.298006725311279,719.5,10.859834337234497,30.444062614440917,151.1,55.37137774775168,31652.14285714286,55126.10582010582,332920.1746031746,705.8242449292339,0.0505459982934922,0.6659944234606925,0.12843618559673478,0.04334896415096637,0.13515558234684852
1017,2.847621814054161,0.010172024083846652,113.48786750000002,0.7826003882163083,0.03720452812226881,0.014164791149155255,2.1900288483341052e-4,41.38414740105037,G01017,80.45653676075545,44.971396226150205,3235.654740602127,12.554037523269653,767.7,10.73635835647583,29.391524982452392,248.35,77.26119404502599,30669.573232323233,53712.16161616162,264249.83838383836,663.958248838569,0.13733283931462942,0.542539230819893,0.09974414002746453,0.04334896415096637,0.13515558234684852
1018,2.847621814054161,0.010172024083846652,113.48786750000002,0.7826003882163083,0.03720452812226881,0.014164791149155255,2.1900288483341052e-4,41.38414740105037,G01018,81.34731204983994,45.053165163352595,5762.1338968186,12.398004253705343,819.25,10.053877631823221,28.687951405843098,148.875,49.72648012967494,31144.188829787236,54399.86170212766,320006.6409574468,610.7740094482987,0.10896121541701509,0.6413407357563586,0.11784217485753554,0.04334896415096637,0.13515558234684852
1019,2.847621814054161,0.010172024083846652,113.48786750000002,0.7826003882163083,0.03720452812226881,0.014164791149155255,2.1900288483341052e-4,41.38414740105037,G01019,82.21419247651669,45.095296652992374,6777.27125589794,12.625596364339193,777.6666666666666,8.424574110243055,28.206328709920246,65.33333333333333,41.99107047932929,30543.294520547945,53123.98630136986,303044.2123287671,534.995964441915,0.14308050647530818,0.5281346642665398,0.1357202919152128,0.04334896415096637,0.13515558234684852
1020,2.847621814054161,0.010172024083846652,113.48786750000002,0.7826003882163083,0.03720452812226881,0.014164791149155255,2.1900288483341052e-4,41.38414740105037,G01020,83.09416378105573,45.18061132785785,10000,-8.709416389465332,84,13.088708877563477,11.675250053405762,5317,NA,12197.166666666666,21502.5,12743.666666666666,21.88514645678229,0,0,0,0.04334896415096637,0.13515558234684852
1021,2.847621814054161,0.010172024083846652,113.48786750000002,0.7826003882163083,0.03720452812226881,0.014164791149155255,2.1900288483341052e-4,41.38414740105037,G01021,83.99247906517525,45.18061132785785,10000,-9.418378249458645,82.91304347826087,13.017839763475502,10.584141212960947,5511.217391304348,123.75707749154797,19021.506172839505,32626.64197530864,71373.94135802469,24.97983214405844,3.391416225062951e-7,0,5.436791063424903e-5,0.04334896415096637,0.13515558234684852
1022,2.847621814054161,0.010172024083846652,113.48786750000002,0.7826003882163083,0.03720452812226881,0.014164791149155255,2.1900288483341052e-4,41.38414740105037,G01022,84.89079434929477,45.18061132785785,10000,-7.133782609303792,53.5,14.44797789255778,13.293241691589355,5232.033333333334,189.4169790542099,12016.608333333334,19908.13611111111,5530.4944444444445,24.28465618455834,0,0,6.5855181048112826e-6,0.04334896415096637,0.13515558234684852
1023,2.847621814054161,0.010172024083846652,113.48786750000002,0.7826003882163083,0.03720452812226881,0.014164791149155255,2.1900288483341052e-4,41.38414740105037,G01023,85.7891096334143,45.18061132785785,10000,-7.066709575653076,45.8,14.46026756286621,13.086990070343017,5221.96,213.22200480563285,15101.347701149425,24706.787356321838,10600.382183908046,23.10677955615254,1.0403662583202781e-7,0,1.4710778358230706e-5,0.04334896415096637,0.13515558234684852
1024,2.847621814054161,0.010172024083846652,113.48786750000002,0.7826003882163083,0.03720452812226881,0.014164791149155255,2.1900288483341052e-4,41.38414740105037,G01024,86.68742491753382,45.18061132785785,10000,-8.211557884216308,49.72,13.897182540893555,11.43765993118286,5345.68,245.74575615189502,16468.709770114943,27505.364942528737,18618.169540229886,24.704038591366633,1.0403661826236737e-7,0,2.2992093438367195e-6,0.04334896415096637,0.13515558234684852
1025,2.847621814054161,0.010172024083846652,113.48786750000002,0.7826003882163083,0.03720452812226881,0.014164791149155255,2.1900288483341052e-4,41.38414740105037,G01025,87.58574020165334,45.18061132785785,10000,-7.83407367070516,51.6,14.365586090087891,11.98324171702067,5289.7,178.48638506948484,15509.56534090909,25646.66193181818,51984.52272727273,25.59702197506244,9.450803492116547e-7,0,3.2132731379626102e-6,0.04334896415096637,0.13515558234684852
1026,2.847621814054161,0.010172024083846652,113.48786750000002,0.7826003882163083,0.03720452812226881,0.014164791149155255,2.1900288483341052e-4,41.38414740105037,G01026,88.48405548577286,45.18061132785785,10000,-6.678516178131104,53.92,14.809499168395996,13.399830017089844,5125.28,148.72500350198908,13932.552845528455,23257.349593495936,7803.208672086721,26.10243474386508,5.2018309131183684e-8,0,0,0.04334896415096637,0.13515558234684852
1027,2.847621814054161,0.010172024083846652,113.48786750000002,0.7826003882163083,0.03720452812226881,0.014164791149155255,2.1900288483341052e-4,41.38414740105037,G01027,89.38237076989238,45.18061132785785,10000,-6.424817673365275,63.833333333333336,15.076841004689534,13.67488333384196,5083.866666666667,130.4276079652626,12619.783422459894,21082.489304812832,5726.064171122995,23.45489137286124,0,0,0,0.04334896415096637,0.13515558234684852
1028,2.847621814054161,0.010172024083846652,113.48786750000002,0.7826003882163083,0.03720452812226881,0.014164791149155255,2.1900288483341052e-4,41.38414740105037,G01028,90.280079781943,45.18018877226891,9986.102053281971,-6.6758095741271974,80.84,14.74986083984375,13.208520088195801,5120.36,149.61809159768526,13374.854341736695,22498.07843137255,6993.344537815126,27.671789629121164,0,0,0,0.04334896415096637,0.13515558234684852
1029,2.847621814054161,0.010172024083846652,113.48786750000002,0.7826003882163083,0.03720452812226881,0.014164791149155255,2.1900288483341052e-4,41.38414740105037,G01029,91.11924389018857,45.03682262394007,5113.714082773437,-6.90286169052124,102.28,14.295345001220703,12.544829978942872,5150.88,150.43390575265937,17080.013368983957,28725.01871657754,12974.358288770054,38.182914208134754,1.0403661826236738e-8,0,0,0.04334896415096637,0.13515558234684852
1030,2.847621814054161,0.010172024083846652,113.48786750000002,0.7826003882163083,0.03720452812226881,0.014164791149155255,2.1900288483341052e-4,41.38414740105037,G01030,92.04172516181448,44.96289442790812,3058.087210405554,-5.749236456553141,126.8,14.432652060190836,13.470383389790852,4989.933333333333,108.67158158266659,14877.46875,24662.78693181818,9040.494318181818,29.3057893192296,0,0,0,0.04334896415096637,0.13515558234684852
1031,2.847621814054161,0.010172024083846652,113.48786750000002,0.7826003882163083,0.03720452812226881,0.014164791149155255,2.1900288483341052e-4,41.38414740105037,G01031,92.95842966541217,44.94534739741657,2563.6896247938507,-5.8824579048156735,163.92,14.232167434692382,13.06957992553711,5005.28,112.31374210962194,14966.91935483871,24746.6935483871,7680.381720430108,31.707051567771376,0,0,0,0.04334896415096637,0.13515558234684852
1032,2.847621814054161,0.010172024083846652,113.48786750000002,0.7826003882163083,0.03720452812226881,0.014164791149155255,2.1900288483341052e-4,41.38414740105037,G01032,93.5464835752786,44.91155394819511,458.65785826944705,-6.111157321929932,202.23333333333332,13.625690937042236,12.256324990590413,5017.666666666667,117.14133324332188,17468.378223495703,29195.942693409743,15718.58452722063,43.75825425534664,0,0,0,0.04334896415096637,0.13515558234684852
1033,2.847621814054161,0.010172024083846652,113.48786750000002,0.7826003882163083,0.03720452812226881,0.014164791149155255,2.1900288483341052e-4,41.38414740105037,NA,NA,NA,NA,NA,NA,NA,NA,NA,NA,NA,NA,NA,NA,NA,NA,NA,0.04334896415096637,0.13515558234684852
1034,2.847621814054161,0.010172024083846652,113.48786750000002,0.7826003882163083,0.03720452812226881,0.014164791149155255,2.1900288483341052e-4,41.38414740105037,NA,NA,NA,NA,NA,NA,NA,NA,NA,NA,NA,NA,NA,NA,NA,NA,NA,0.04334896415096637,0.13515558234684852
1035,2.847621814054161,0.010172024083846652,113.48786750000002,0.7826003882163083,0.03720452812226881,0.014164791149155255,2.1900288483341052e-4,41.38414740105037,NA,NA,NA,NA,NA,NA,NA,NA,NA,NA,NA,NA,NA,NA,NA,NA,NA,0.04334896415096637,0.13515558234684852
1036,2.847621814054161,0.010172024083846652,113.48786750000002,0.7826003882163083,0.03720452812226881,0.014164791149155255,2.1900288483341052e-4,41.38414740105037,NA,NA,NA,NA,NA,NA,NA,NA,NA,NA,NA,NA,NA,NA,NA,NA,NA,0.04334896415096637,0.13515558234684852
1037,2.847621814054161,0.010172024083846652,113.48786750000002,0.7826003882163083,0.03720452812226881,0.014164791149155255,2.1900288483341052e-4,41.38414740105037,NA,NA,NA,NA,NA,NA,NA,NA,NA,NA,NA,NA,NA,NA,NA,NA,NA,0.04334896415096637,0.13515558234684852
1038,2.847621814054161,0.010172024083846652,113.48786750000002,0.7826003882163083,0.03720452812226881,0.014164791149155255,2.1900288483341052e-4,41.38414740105037,NA,NA,NA,NA,NA,NA,NA,NA,NA,NA,NA,NA,NA,NA,NA,NA,NA,0.04334896415096637,0.13515558234684852
1039,2.847621814054161,0.010172024083846652,113.48786750000002,0.7826003882163083,0.03720452812226881,0.014164791149155255,2.1900288483341052e-4,41.38414740105037,NA,NA,NA,NA,NA,NA,NA,NA,NA,NA,NA,NA,NA,NA,NA,NA,NA,0.04334896415096637,0.13515558234684852
1040,2.847621814054161,0.010172024083846652,113.48786750000002,0.7826003882163083,0.03720452812226881,0.014164791149155255,2.1900288483341052e-4,41.38414740105037,NA,NA,NA,NA,NA,NA,NA,NA,NA,NA,NA,NA,NA,NA,NA,NA,NA,0.04334896415096637,0.13515558234684852
1041,2.847621814054161,0.010172024083846652,113.48786750000002,0.7826003882163083,0.03720452812226881,0.014164791149155255,2.1900288483341052e-4,41.38414740105037,NA,NA,NA,NA,NA,NA,NA,NA,NA,NA,NA,NA,NA,NA,NA,NA,NA,0.04334896415096637,0.13515558234684852
1042,2.847621814054161,0.010172024083846652,113.48786750000002,0.7826003882163083,0.03720452812226881,0.014164791149155255,2.1900288483341052e-4,41.38414740105037,NA,NA,NA,NA,NA,NA,NA,NA,NA,NA,NA,NA,NA,NA,NA,NA,NA,0.04334896415096637,0.13515558234684852
1043,2.847621814054161,0.010172024083846652,113.48786750000002,0.7826003882163083,0.03720452812226881,0.014164791149155255,2.1900288483341052e-4,41.38414740105037,NA,NA,NA,NA,NA,NA,NA,NA,NA,NA,NA,NA,NA,NA,NA,NA,NA,0.04334896415096637,0.13515558234684852
1044,2.847621814054161,0.010172024083846652,113.48786750000002,0.7826003882163083,0.03720452812226881,0.014164791149155255,2.1900288483341052e-4,41.38414740105037,NA,NA,NA,NA,NA,NA,NA,NA,NA,NA,NA,NA,NA,NA,NA,NA,NA,0.04334896415096637,0.13515558234684852
1045,2.847621814054161,0.010172024083846652,113.48786750000002,0.7826003882163083,0.03720452812226881,0.014164791149155255,2.1900288483341052e-4,41.38414740105037,NA,NA,NA,NA,NA,NA,NA,NA,NA,NA,NA,NA,NA,NA,NA,NA,NA,0.04334896415096637,0.13515558234684852
1046,2.847621814054161,0.010172024083846652,113.48786750000002,0.7826003882163083,0.03720452812226881,0.014164791149155255,2.1900288483341052e-4,41.38414740105037,NA,NA,NA,NA,NA,NA,NA,NA,NA,NA,NA,NA,NA,NA,NA,NA,NA,0.04334896415096637,0.13515558234684852
1047,2.847621814054161,0.010172024083846652,113.48786750000002,0.7826003882163083,0.03720452812226881,0.014164791149155255,2.1900288483341052e-4,41.38414740105037,NA,NA,NA,NA,NA,NA,NA,NA,NA,NA,NA,NA,NA,NA,NA,NA,NA,0.04334896415096637,0.13515558234684852
1048,2.8476218140541665,0.010172024083845797,113.48786750000002,0.7826003882162826,0.037204528122269105,0.014164791149154598,2.1900288483336545e-4,41.38414740105036,NA,NA,NA,NA,NA,NA,NA,NA,NA,NA,NA,NA,NA,NA,NA,NA,NA,0.04334896415096638,0.13515558234684868
1049,2.847621814054161,0.010172024083846652,113.48786750000002,0.7826003882163083,0.03720452812226881,0.014164791149155255,2.1900288483341052e-4,41.38414740105037,NA,NA,NA,NA,NA,NA,NA,NA,NA,NA,NA,NA,NA,NA,NA,NA,NA,0.04334896415096637,0.13515558234684852
1050,2.847621814054161,0.010172024083846652,113.48786750000002,0.7826003882163083,0.03720452812226881,0.014164791149155255,2.1900288483341052e-4,41.38414740105037,NA,NA,NA,NA,NA,NA,NA,NA,NA,NA,NA,NA,NA,NA,NA,NA,NA,0.04334896415096637,0.13515558234684852
1051,2.847621814054161,0.010172024083846652,113.48786750000002,0.7826003882163083,0.03720452812226881,0.014164791149155255,2.1900288483341052e-4,41.38414740105037,NA,NA,NA,NA,NA,NA,NA,NA,NA,NA,NA,NA,NA,NA,NA,NA,NA,0.04334896415096637,0.13515558234684852
1052,2.848657608299996,0.010153270266909036,113.48786750000002,0.7796115173416555,0.03705405907193285,0.014110287406284805,2.1811764882533044e-4,41.3796913031602,G01052,112.01098181551491,44.9573004515075,1921.606743485335,7.708796291351319,607.24,9.604707489013672,23.807110137939453,1742.2,253.28475411415243,27952.16577540107,48740.32887700535,121021.48930481283,685.4582964284704,0.4555106950591783,0.1904850394884054,0.01630349564268591,0.043370713930305865,0.13510259947306086
1053,2.8620707441935562,0.00991487795372296,122.96840650000001,0.73908487366363,0.03500727258525023,0.013372814631375046,2.062321784075082e-4,41.31630181306187,G01053,112.43444525525724,44.93963294765985,861.673795495322,9.890098730723063,616.5,10.117672125498453,26.804033279418945,1199.8,136.7699805739801,28299.285714285714,49765.72268907563,126800.45098039215,694.3528388061436,0.42361685372088764,0.22251131912229077,0.012062661247533787,0.04366157135935454,0.1343748645827308
1054,2.8042895856151913,0.01099158409460633,113.48786749999991,0.8944541766109311,0.042786019958258245,0.016214103834625546,2.5289687856288657e-4,41.52930956441384,G01054,113.99074669753502,44.90069432426671,281.08827363300645,10.142673377990723,614.56,10.271493225097656,27.292129974365235,1079.16,213.99779593880558,27330.663101604277,48792.27272727273,130385.69251336898,680.3895522518671,0.25049306088819423,0.3969472743034726,0.01919782563988625,0.04250496977447467,0.13706849780865754
1055,2.7971117820188423,0.01113280955954033,113.48786749999991,0.9110125466392781,0.043603640210889055,0.016518792573031245,2.580280242545266e-4,41.54719133506473,G01055,114.61875009255158,45.096011210306386,6484.326766898336,11.788183116912842,599.0666666666667,10.702045154571532,29.40236670176188,750.2,347.9913197490559,29247.26050420168,51711.3081232493,192925.58823529413,742.9604102559616,0.14989729084240971,0.565564412369171,0.07780621648611792,0.042374874182289475,0.13733994551284864
1056,2.7971117820188423,0.01113280955954033,113.48786749999991,0.9110125466392781,0.043603640210889055,0.016518792573031245,2.580280242545266e-4,41.54719133506473,G01056,115.45247566818404,45.15052489979621,8998.528918734537,13.30332332611084,569.96,11.371126747131347,31.13699005126953,494.2,150.5243612620008,30786.195187165777,52804.96256684492,246037.2807486631,611.6668156175859,0.021081866447702317,0.7027248857752018,0.05950216405554832,0.042374874182289475,0.13733994551284864
1057,2.7971117820188423,0.01113280955954033,113.48786749999991,0.9110125466392781,0.043603640210889055,0.016518792573031245,2.580280242545266e-4,41.54719133506473,G01057,116.33182929347802,45.18061132785785,10000,13.210634574890136,573.04,11.449897575378419,30.806480102539062,555.4,164.91058183148832,29987.738028169013,51845.07323943662,199200.37746478873,661.4216039104774,0.12147374119229912,0.53695922797965,0.07461705163128995,0.042374874182289475,0.13733994551284864
1058,2.7971117820188423,0.01113280955954033,113.48786749999991,0.9110125466392781,0.043603640210889055,0.016518792573031245,2.580280242545266e-4,41.54719133506473,G01058,117.23014457759756,45.18061132785785,10000,12.831895542144775,599.6666666666666,10.79675760269165,29.653033383687337,619.9333333333333,236.88654833402677,27352.101604278076,47999.04010695187,107387.39304812835,724.6140942911185,0.3515791719349231,0.3118119017771805,0.022992883909648643,0.042374874182289475,0.13733994551284864
1059,2.7971117820188423,0.01113280955954033,113.48786749999991,0.9110125466392781,0.043603640210889055,0.016518792573031245,2.580280242545266e-4,41.54719133506473,G01059,118.12845986171706,45.18061132785785,10000,13.963421974182129,596.48,10.3575390625,30.883819732666016,303.32,211.79564049652518,29913.919786096256,52136.12834224599,241876.4090909091,711.0579685329043,0.17139026220142034,0.4943482727994403,0.14788668339093772,0.042374874182289475,0.13733994551284864
1060,2.7971117820188423,0.01113280955954033,113.48786749999991,0.9110125466392781,0.043603640210889055,0.016518792573031245,2.580280242545266e-4,41.54719133506473,G01060,119.0267751458366,45.18061132785785,10000,14.213317330678304,591.8,10.779740333557129,31.443783124287922,126.03333333333333,81.67407191384856,30535.605042016807,52953.64705882353,304096.731092437,680.966803120351,0.07059255493004954,0.5658928489133987,0.2076515278388865,0.042374874182289475,0.13733994551284864
1061,2.7971117820188423,0.01113280955954033,113.48786749999991,0.9110125466392781,0.043603640210889055,0.016518792573031245,2.580280242545266e-4,41.54719133506473,G01061,119.9250904299561,45.18061132785785,10000,14.259822998046875,617.96,10.63286750793457,31.434120025634765,68.12,4.512205669071392,30940.81016042781,53884.42780748663,338251.82620320853,840.3028405296188,0.04505304831549024,0.7571481898100731,0.1166575323032819,0.042374874182289475,0.13733994551284864
1062,2.7971117820188423,0.01113280955954033,113.48786749999991,0.9110125466392781,0.043603640210889055,0.016518792573031245,2.580280242545266e-4,41.54719133506473,G01062,120.82340571407563,45.18061132785785,10000,14.200831146240235,652.36,10.482224044799805,31.327749786376952,56.12,6.036831398451785,29909.546218487394,53345.313725490196,292536.35294117645,887.6476743765237,0.05619891801929349,0.7674434768330478,0.11035620065423188,0.042374874182289475,0.13733994551284864
1063,2.7971117820188423,0.01113280955954033,113.48786749999991,0.9110125466392781,0.043603640210889055,0.016518792573031245,2.580280242545266e-4,41.54719133506473,G01063,121.72172099819515,45.18061132785785,10000,14.227735424041748,679.2666666666667,10.29995412826538,31.2068915049235,41.8,4.759020472961739,29929.20810810811,53279.00810810811,303995.47567567567,843.6146202247064,0.04644419479301827,0.7684307949230844,0.08633435296302647,0.042374874182289475,0.13733994551284864
1064,2.7971117820188423,0.01113280955954033,113.48786749999991,0.9110125466392781,0.043603640210889055,0.016518792573031245,2.580280242545266e-4,41.54719133506473,G01064,122.62003628231469,45.18061132785785,10000,13.82810043334961,697.68,10.344417572021484,30.70500015258789,93.08,75.13538891006466,31714.014836795253,55202.10385756676,331616.94955489616,670.7700281183564,0.07842581152401966,0.5883180193171945,0.12547899501948423,0.042374874182289475,0.13733994551284864
1065,2.7971117820188423,0.01113280955954033,113.48786749999991,0.9110125466392781,0.043603640210889055,0.016518792573031245,2.580280242545266e-4,41.54719133506473,G01065,123.51835156643419,45.18061132785785,10000,13.555373840332031,738.84,10.312974128723145,30.175130004882813,86.4,61.58463011715396,32053.582887700533,55383.82352941176,369828.16844919784,694.9782623314053,0.05686040119311691,0.611035986376896,0.2004179355338976,0.042374874182289475,0.13733994551284864
1066,2.7971117820188423,0.01113280955954033,113.48786749999991,0.9110125466392781,0.043603640210889055,0.016518792573031245,2.580280242545266e-4,41.54719133506473,G01066,124.41666685055372,45.18061132785785,10000,13.349146308898925,851.44,9.434586906433106,29.34438117980957,49.56,39.209990223581194,33064.38888888889,56382.03125,468239.50347222225,653.0194816397047,0.051301209585403455,0.6532387779297706,0.16391688283521827,0.042374874182289475,0.13733994551284864
1067,2.7979525685797837,0.011116199457537716,113.48786749999991,0.9090966423758663,0.04350915811647252,0.016483524623872297,2.574329879780948e-4,41.54517067785068,G01067,125.31498213467323,45.18061132785785,10000,13.767866134643555,786,7.165487289428711,29.029756546020508,0,NA,NA,NA,NA,31.011419132522036,5.56632654813572e-4,0.15392346956431704,0.09091785673586039,0.042389998498863504,0.13730869405442553
1068,2.7971117820188423,0.01113280955954033,113.48786749999991,0.9110125466392781,0.043603640210889055,0.016518792573031245,2.580280242545266e-4,41.54719133506473,G01068,126.21329741879276,45.18061132785785,10000,-7.773919343948364,82.75,12.755203247070312,11.672874927520752,5386.5,212.53470304870214,19997.821428571428,34030.84523809524,84040.32142857143,19.056693463047303,1.0227800997803035e-5,0,1.0492794094392913e-4,0.042374874182289475,0.13733994551284864
1069,2.7971117820188423,0.01113280955954033,113.48786749999991,0.9110125466392781,0.043603640210889055,0.016518792573031245,2.580280242545266e-4,41.54719133506473,G01069,127.11161270291227,45.18061132785785,10000,-8.318337321281433,66.70833333333333,13.473092993100485,11.566854139169058,5470.541666666667,206.1405133201236,18839.281329923273,32058.42199488491,59195.37851662404,19.14307051604471,7.490636719271283e-7,0,2.5041614729570805e-5,0.042374874182289475,0.13733994551284864
1070,2.7971117820188423,0.01113280955954033,113.48786749999991,0.9110125466392781,0.043603640210889055,0.016518792573031245,2.580280242545266e-4,41.54719133506473,G01070,128.0099279870318,45.18061132785785,10000,-6.800760495662689,48.55,14.295777082443237,13.258812522888183,5274.1,257.40157035467485,19072.421333333332,32152.570666666667,48472.74133333333,21.152539609458195,1.4565126632428037e-7,0,6.552226380003237e-5,0.042374874182289475,0.13733994551284864
1071,2.7971117820188423,0.01113280955954033,113.48786749999991,0.9110125466392781,0.043603640210889055,0.016518792573031245,2.580280242545266e-4,41.54719133506473,G01071,128.90824327115132,45.18061132785785,10000,-7.073300445079804,47.3,13.83552794456482,12.513574934005737,5269.2,295.4498087216917,18778.243902439026,31660.46883468835,65449.74796747968,22.085767519408144,3.121098547871021e-8,0,2.0807323652473476e-8,0.042374874182289475,0.13733994551284864
1072,2.7971117820188423,0.01113280955954033,113.48786749999991,0.9110125466392781,0.043603640210889055,0.016518792573031245,2.580280242545266e-4,41.54719133506473,G01072,129.80655855527084,45.18061132785785,10000,-6.368479589621226,49.25,14.339622298876444,13.243333299954733,5206.375,167.8868181116438,20193.334254143647,33570.29005524862,33208.18508287293,22.901286983605477,1.501627687515571e-6,0,1.963666933900901e-6,0.042374874182289475,0.13733994551284864
1073,2.7971117820188423,0.01113280955954033,113.48786749999991,0.9110125466392781,0.043603640210889055,0.016518792573031245,2.580280242545266e-4,41.54719133506473,G01073,130.69971981771184,45.184596299341166,9864.88093799157,-5.82307243347168,54.65,15.135513496398925,14.115862464904785,5151.5,120.5817041197422,16714.698734177215,27923.167088607595,12766.855696202532,23.940323788388046,0,0,0,0.042374874182289475,0.13733994551284864
1074,2.7971117820188423,0.01113280955954033,113.48786749999991,0.9110125466392781,0.043603640210889055,0.016518792573031245,2.580280242545266e-4,41.54719133506473,G01074,131.51164446421035,45.27398199547,6138.646122426551,-5.6083164513111115,63.916666666666664,15.09286371866862,14.205260396003723,5121,155.519046785413,15910.076726342711,26401.30179028133,11858.80051150895,22.970072655375994,0,0,0,0.042374874182289475,0.13733994551284864
1075,2.7971117820188423,0.01113280955954033,113.48786749999991,0.9110125466392781,0.043603640210889055,0.016518792573031245,2.580280242545266e-4,41.54719133506473,G01075,132.53934003056156,45.30072740850681,6072.0378477290315,-5.309810996055603,77.4,15.178919887542724,14.365337371826172,5074.5,109.99449747002897,14576.101063829787,24283.034574468085,8542.21010638298,24.687292543497758,0,0,0,0.042374874182289475,0.13733994551284864
1076,2.7971117820188423,0.01113280955954033,113.48786749999991,0.9110125466392781,0.043603640210889055,0.016518792573031245,2.580280242545266e-4,41.54719133506473,G01076,133.01573445121124,45.29575085566888,962.5297113874121,-6.415794825553894,103.75,14.26841869354248,12.756037521362305,5240.55,235.1909582490476,15164.825065274152,25272.496083550916,27131.906005221932,31.30069829332417,9.36329609779269e-8,0,0,0.042374874182289475,0.13733994551284864
1077,2.7971117820188423,0.01113280955954033,113.48786749999991,0.9110125466392781,0.043603640210889055,0.016518792573031245,2.580280242545266e-4,41.54719133506473,NA,NA,NA,NA,NA,NA,NA,NA,NA,NA,NA,NA,NA,NA,NA,NA,NA,0.042374874182289475,0.13733994551284864
1078,2.7971117820188423,0.01113280955954033,113.48786749999991,0.9110125466392781,0.043603640210889055,0.016518792573031245,2.580280242545266e-4,41.54719133506473,NA,NA,NA,NA,NA,NA,NA,NA,NA,NA,NA,NA,NA,NA,NA,NA,NA,0.042374874182289475,0.13733994551284864
1079,2.7971117820188423,0.01113280955954033,113.48786749999991,0.9110125466392781,0.043603640210889055,0.016518792573031245,2.580280242545266e-4,41.54719133506473,NA,NA,NA,NA,NA,NA,NA,NA,NA,NA,NA,NA,NA,NA,NA,NA,NA,0.042374874182289475,0.13733994551284864
1080,2.7971117820188423,0.01113280955954033,113.48786749999991,0.9110125466392781,0.043603640210889055,0.016518792573031245,2.580280242545266e-4,41.54719133506473,NA,NA,NA,NA,NA,NA,NA,NA,NA,NA,NA,NA,NA,NA,NA,NA,NA,0.042374874182289475,0.13733994551284864
1081,2.7971117820188423,0.01113280955954033,113.48786749999991,0.9110125466392781,0.043603640210889055,0.016518792573031245,2.580280242545266e-4,41.54719133506473,NA,NA,NA,NA,NA,NA,NA,NA,NA,NA,NA,NA,NA,NA,NA,NA,NA,0.042374874182289475,0.13733994551284864
1082,2.7971117820188423,0.01113280955954033,113.48786749999991,0.9110125466392781,0.043603640210889055,0.016518792573031245,2.580280242545266e-4,41.54719133506473,NA,NA,NA,NA,NA,NA,NA,NA,NA,NA,NA,NA,NA,NA,NA,NA,NA,0.042374874182289475,0.13733994551284864
1083,2.7971117820188423,0.01113280955954033,113.48786749999991,0.9110125466392781,0.043603640210889055,0.016518792573031245,2.580280242545266e-4,41.54719133506473,NA,NA,NA,NA,NA,NA,NA,NA,NA,NA,NA,NA,NA,NA,NA,NA,NA,0.042374874182289475,0.13733994551284864
1084,2.7971117820188423,0.01113280955954033,113.48786749999991,0.9110125466392781,0.043603640210889055,0.016518792573031245,2.580280242545266e-4,41.54719133506473,NA,NA,NA,NA,NA,NA,NA,NA,NA,NA,NA,NA,NA,NA,NA,NA,NA,0.042374874182289475,0.13733994551284864
1085,2.7971117820188423,0.01113280955954033,113.48786749999991,0.9110125466392781,0.043603640210889055,0.016518792573031245,2.580280242545266e-4,41.54719133506473,NA,NA,NA,NA,NA,NA,NA,NA,NA,NA,NA,NA,NA,NA,NA,NA,NA,0.042374874182289475,0.13733994551284864
1086,2.7971117820188423,0.01113280955954033,113.48786749999991,0.9110125466392781,0.043603640210889055,0.016518792573031245,2.580280242545266e-4,41.54719133506473,NA,NA,NA,NA,NA,NA,NA,NA,NA,NA,NA,NA,NA,NA,NA,NA,NA,0.042374874182289475,0.13733994551284864
1087,2.7971117820188423,0.01113280955954033,113.48786749999991,0.9110125466392781,0.043603640210889055,0.016518792573031245,2.580280242545266e-4,41.54719133506473,NA,NA,NA,NA,NA,NA,NA,NA,NA,NA,NA,NA,NA,NA,NA,NA,NA,0.042374874182289475,0.13733994551284864
1088,2.7971117820188423,0.01113280955954033,113.48786749999991,0.9110125466392781,0.043603640210889055,0.016518792573031245,2.580280242545266e-4,41.54719133506473,G01088,79.94364874980808,44.8526364471869,5.218304397601881,-5.044304132461548,469.65,13.64850206375122,11.53728756904602,4621.55,58.75862758599348,32591.198412698413,55225.730158730155,333555.94973544974,111.06245304042808,2.5790678457513422e-5,0,3.1955888555736524e-4,0.042374874182289475,0.13733994551284864
1089,2.7971117820188423,0.01113280955954033,113.48786749999991,0.9110125466392781,0.043603640210889055,0.016518792573031245,2.580280242545266e-4,41.54719133506473,G01089,80.57044385834435,44.58246346072545,5814.247517825905,-5.697831797599792,474.55,13.248603105545044,10.777250051498413,4638.8,97.34831655885019,29135.291139240508,50554.450632911394,171402.4734177215,114.13271747667908,0,0,0.00106193300349492,0.042374874182289475,0.13733994551284864
1090,2.797111782018849,0.011132809559539951,113.48786749999991,0.9110125466392396,0.04360364021088894,0.016518792573030936,2.580280242545253e-4,41.54719133506473,G01090,81.29753321281669,44.54389096157551,10000,-4.69106121857961,457.625,13.09779946009318,11.573916673660278,4473.625,140.1247309270969,29672.040506329115,51655.086075949366,179260.43797468353,115.36596110851244,0,9.363295643613064e-8,2.5891593879654996e-4,0.04237487418228951,0.13733994551284204
1091,2.7971117820188423,0.01113280955954033,113.48786749999991,0.9110125466392781,0.043603640210889055,0.016518792573031245,2.580280242545266e-4,41.54719133506473,G01091,82.19584849693621,44.54389096157551,10000,-4.03324168920517,501.8,13.26630620956421,12.331299972534179,4382.85,143.37997914999372,32431.29894179894,55255.22751322751,307594.85714285716,117.71594012833242,5.826050531856647e-7,1.0403661826236738e-8,8.670412034860035e-5,0.042374874182289475,0.13733994551284864
1092,2.7971117820188423,0.01113280955954033,113.48786749999991,0.9110125466392781,0.043603640210889055,0.016518792573031245,2.580280242545266e-4,41.54719133506473,G01092,83.09416378105573,44.54389096157551,10000,-3.2912270029385886,581.2916666666666,13.564615488052368,12.59151049455007,4292.208333333333,163.0206653122253,32391.68686868687,55304.62373737374,323121.6313131313,161.906274064011,2.5853197741216892e-5,8.085582271268678e-4,0.0019385277758142304,0.042374874182289475,0.13733994551284864
1093,2.7971117820188423,0.01113280955954033,113.48786749999991,0.9110125466392781,0.043603640210889055,0.016518792573031245,2.580280242545266e-4,41.54719133506473,G01093,83.99247906517525,44.54389096157551,10000,-1.8498671770095825,649.8,14.119649028778076,13.648687505722046,3999,208.65307393651764,31335.248677248677,53756.06878306878,224682.63756613756,187.8316679211777,0.001818997090815353,8.164794014467926e-5,0.0011000416159582564,0.042374874182289475,0.13733994551284864
1094,2.7986748408077946,0.011101944672007638,113.48786749999991,0.9074458690925095,0.04342772513401584,0.01645313997059977,2.569205711752215e-4,41.543419470352575,G01094,84.89079434929477,44.54389096157551,10000,-0.06386718079447747,671.25,14.40946364402771,15.187437534332275,3712.35,152.4488784029446,30055.214646464647,51699.12626262626,199272.39141414143,235.82828461250588,4.5079067999985657e-4,3.9805451576598884e-4,0.0013061381598471365,0.04240301474807334,0.13728173437130695
1095,2.766545476540219,0.011747431310493502,106.70223940000004,0.9768459681186537,0.04682968011951201,0.017732368596826763,2.7866874959132785e-4,41.60878641601516,G01095,85.7891096334143,44.54389096157551,10000,1.2780364478627841,657.125,12.937352498372396,16.19584385553996,3477.6666666666665,177.74692969076216,30126.0873015873,52206.71428571428,177393.1349206349,208.01505609137118,0.1990209632996223,0.0037974510935820972,0.0013650124878876206,0.04184324325050409,0.13838859316097613
1096,2.7568160443048644,0.011946925368938913,119.48425800000012,0.9964016899816565,0.047779711130391506,0.018093309332778335,2.848660053374163e-4,41.62407369971947,G01096,86.68742491753382,44.54389096157551,10000,3.02430729418993,642.15,10.936347961425781,17.975400018692017,2994.6,338.5119759989842,30535.29292929293,52981.02777777778,193732.4595959596,283.4863951096841,0.42262779867833744,0.037558770321310726,0.003645110275966827,0.04168057052574086,0.13869050036529385
1097,2.7533829594028485,0.012017702067092953,119.48425800000012,1.0031566720303775,0.048106915482199954,0.01821801089442377,2.8701294069417415e-4,41.62902360591996,G01097,87.58574020165334,44.54389096157551,10000,5.42791011929512,638.0416666666666,10.198702335357666,20.58273959159851,2380.25,368.7925362349524,29648.685185185186,51363.642857142855,148176.1216931217,545.7237765736405,0.27901337828312445,0.1357279954360218,0.004271784114283842,0.041623835432931175,0.13879374163774147
1098,2.748146141646006,0.01212602731340487,119.48425800000012,1.0133200433444207,0.04859825590511706,0.018405647733886678,2.902489417674219e-4,41.63614633672236,G01098,88.48405548577286,44.54389096157551,10000,8.839749407768249,652.05,9.271453094482421,24.318537330627443,1691.9,153.41580924505723,27997.204545454544,48909.479797979795,123289.28787878787,730.1102906075035,0.4397256243400478,0.2095541302980861,0.01643738037955605,0.04153792880306471,0.13894805380786637
1099,2.750788781232597,0.012071309828673387,119.48425800000012,1.008212320552271,0.04835147341645901,0.01831134698255937,2.886217970633621e-4,41.63261574883308,G01099,89.38237076989238,44.54389096157551,10000,9.484899520874023,685.1,8.407886409759522,24.610737609863282,1539.2,221.88939871737426,27272.760101010103,47701.65909090909,102984.4696969697,618.9128544957291,0.8704945692024475,0.03660317312762346,0.005165771957364433,0.041581184889574636,0.13887065649593958
1100,2.745497062776119,0.01218098487194494,119.48425800000012,1.0183979321238266,0.04884329851632853,0.018499399670706587,2.9186825766066497e-4,41.639557430681954,G01100,90.2806860540119,44.54389096157551,10000,9.244330296913782,715.7916666666666,8.67818135023117,24.82718761761983,1427.75,605.5032581680911,28633.589947089946,49827.468253968254,161157.12962962964,624.6878719463027,0.6598777260710712,0.20531547028386732,0.04697944235188705,0.041494757264588386,0.13902468869787382
1101,2.7587549763978383,0.0119070384574704,106.70223940000004,0.992553662945465,0.0475930932867241,0.018022276809128313,2.836443963847992e-4,41.621177562004505,G01101,91.17900133813141,44.54389096157551,10000,11.24394679069519,672.8,9.192085456848144,27.428737831115722,863.85,517.1863427797516,29382.742424242424,51611.11363636364,187939.89141414143,744.812816962233,0.400447316015929,0.4519314188333776,0.08421129835461934,0.041712763394155875,0.13863144733894286
1102,2.75239665821866,0.012038071037268871,119.48425800000012,1.0050837143973816,0.048200166587714734,0.018253586996475543,2.8762598076479437e-4,41.630404213813875,G01102,92.07731662225093,44.54389096157551,10000,11.570241769154867,667.8333333333334,9.636146744092306,28.187291781107586,878,481.11528040946513,29773.161375661377,52203.60052910053,208199.28306878306,621.9543807396669,0.44198779836197466,0.28699647174538834,0.1468351149532478,0.04160759764064549,0.13882309485734529
1103,2.737864507946174,0.01233990037870728,119.48425800000012,1.0327972165108235,0.04953649662920038,0.018765249804814976,2.9646890354246294e-4,41.648687799595805,G01103,92.97563190637047,44.54389096157551,10000,10.602919816970825,704.25,9.565195894241333,26.481912326812743,1224.75,219.5991264003331,28365.2702020202,49739.52777777778,116236.72727272728,619.6538033086268,0.7311801707111543,0.09754234300044629,0.01441478360788315,0.04137140188816185,0.13924030211244431
1104,2.7377915795000898,0.012341422745313635,119.48425800000012,1.0329331750284745,0.049543029819237326,0.018767759899874857,2.9651240314783664e-4,41.64877014978942,G01104,93.84012788883217,44.51424418107996,8898.843410109957,11.867543268203736,690.6,10.557788610458374,28.255924892425536,1024.5,148.13311936441352,28306.978835978836,49879.01322751323,121113.9656084656,733.0069896373785,0.586730222599027,0.09838565340942598,0.00856249480407861,0.04137023044190222,0.13924232587489194
1105,2.741278084600041,0.01226872486759484,119.48425800000012,1.0263992043606542,0.04922879761735643,0.018647126273098013,2.944231326184087e-4,41.644730555829774,G01105,94.61516524352734,44.333027732728375,2453.334434514439,12.703668395678202,701.4583333333334,10.838173707326254,29.09476065635681,757.4583333333334,289.94601883898963,28164.44923857868,49556.55583756345,135406.82487309646,797.5897345709703,0.5587720974575396,0.20514277991801824,0.01858075322032174,0.04142638509407147,0.13914481065496354
1106,2.7377915795000898,0.012341422745313635,119.48425800000012,1.0329331750284745,0.049543029819237326,0.018767759899874857,2.9651240314783664e-4,41.64877014978942,G01106,95.30954078055068,44.26197762287062,210.6574789766494,14.007231760025025,700.05,10.785898971557618,30.61981258392334,388.2,157.21744914540966,28949.734848484848,51021.07828282828,179623.96212121213,805.5468311534377,0.2003786724988351,0.4815869328302712,0.08057833966828015,0.04137023044190222,0.13924232587489194
1107,2.7377915795000898,0.012341422745313635,119.48425800000012,1.0329331750284745,0.049543029819237326,0.018767759899874857,2.9651240314783664e-4,41.64877014978942,NA,NA,NA,NA,NA,NA,NA,NA,NA,NA,NA,NA,NA,NA,NA,NA,NA,0.04137023044190222,0.13924232587489194
1108,2.7377915795000898,0.012341422745313635,119.48425800000012,1.0329331750284745,0.049543029819237326,0.018767759899874857,2.9651240314783664e-4,41.64877014978942,NA,NA,NA,NA,NA,NA,NA,NA,NA,NA,NA,NA,NA,NA,NA,NA,NA,0.04137023044190222,0.13924232587489194
1109,2.7377915795000898,0.012341422745313635,119.48425800000012,1.0329331750284745,0.049543029819237326,0.018767759899874857,2.9651240314783664e-4,41.64877014978942,NA,NA,NA,NA,NA,NA,NA,NA,NA,NA,NA,NA,NA,NA,NA,NA,NA,0.04137023044190222,0.13924232587489194
1110,2.7377915795000898,0.012341422745313635,119.48425800000012,1.0329331750284745,0.049543029819237326,0.018767759899874857,2.9651240314783664e-4,41.64877014978942,NA,NA,NA,NA,NA,NA,NA,NA,NA,NA,NA,NA,NA,NA,NA,NA,NA,0.04137023044190222,0.13924232587489194
1111,2.7377915795000898,0.012341422745313635,119.48425800000012,1.0329331750284745,0.049543029819237326,0.018767759899874857,2.9651240314783664e-4,41.64877014978942,NA,NA,NA,NA,NA,NA,NA,NA,NA,NA,NA,NA,NA,NA,NA,NA,NA,0.04137023044190222,0.13924232587489194
1112,2.7377915795000898,0.012341422745313635,119.48425800000012,1.0329331750284745,0.049543029819237326,0.018767759899874857,2.9651240314783664e-4,41.64877014978942,NA,NA,NA,NA,NA,NA,NA,NA,NA,NA,NA,NA,NA,NA,NA,NA,NA,0.04137023044190222,0.13924232587489194
1113,2.7377915795000898,0.012341422745313635,119.48425800000012,1.0329331750284745,0.049543029819237326,0.018767759899874857,2.9651240314783664e-4,41.64877014978942,NA,NA,NA,NA,NA,NA,NA,NA,NA,NA,NA,NA,NA,NA,NA,NA,NA,0.04137023044190222,0.13924232587489194
1114,2.7377915795000898,0.012341422745313635,119.48425800000012,1.0329331750284745,0.049543029819237326,0.018767759899874857,2.9651240314783664e-4,41.64877014978942,NA,NA,NA,NA,NA,NA,NA,NA,NA,NA,NA,NA,NA,NA,NA,NA,NA,0.04137023044190222,0.13924232587489194
1115,2.7377915795000898,0.012341422745313635,119.48425800000012,1.0329331750284745,0.049543029819237326,0.018767759899874857,2.9651240314783664e-4,41.64877014978942,NA,NA,NA,NA,NA,NA,NA,NA,NA,NA,NA,NA,NA,NA,NA,NA,NA,0.04137023044190222,0.13924232587489194
1116,2.7377915795000898,0.012341422745313635,119.48425800000012,1.0329331750284745,0.049543029819237326,0.018767759899874857,2.9651240314783664e-4,41.64877014978942,NA,NA,NA,NA,NA,NA,NA,NA,NA,NA,NA,NA,NA,NA,NA,NA,NA,0.04137023044190222,0.13924232587489194
1117,2.7377915795000898,0.012341422745313635,119.48425800000012,1.0329331750284745,0.049543029819237326,0.018767759899874857,2.9651240314783664e-4,41.64877014978942,NA,NA,NA,NA,NA,NA,NA,NA,NA,NA,NA,NA,NA,NA,NA,NA,NA,0.04137023044190222,0.13924232587489194
1118,2.7377915795000898,0.012341422745313635,119.48425800000012,1.0329331750284745,0.049543029819237326,0.018767759899874857,2.9651240314783664e-4,41.64877014978942,NA,NA,NA,NA,NA,NA,NA,NA,NA,NA,NA,NA,NA,NA,NA,NA,NA,0.04137023044190222,0.13924232587489194
1119,2.7377915795000898,0.012341422745313635,119.48425800000012,1.0329331750284745,0.049543029819237326,0.018767759899874857,2.9651240314783664e-4,41.64877014978942,NA,NA,NA,NA,NA,NA,NA,NA,NA,NA,NA,NA,NA,NA,NA,NA,NA,0.04137023044190222,0.13924232587489194
1120,2.7377915795000898,0.012341422745313635,119.48425800000012,1.0329331750284745,0.049543029819237326,0.018767759899874857,2.9651240314783664e-4,41.64877014978942,NA,NA,NA,NA,NA,NA,NA,NA,NA,NA,NA,NA,NA,NA,NA,NA,NA,0.04137023044190222,0.13924232587489194
1121,2.7377915795000898,0.012341422745313635,119.48425800000012,1.0329331750284745,0.049543029819237326,0.018767759899874857,2.9651240314783664e-4,41.64877014978942,NA,NA,NA,NA,NA,NA,NA,NA,NA,NA,NA,NA,NA,NA,NA,NA,NA,0.04137023044190222,0.13924232587489194
1122,2.7377915795000898,0.012341422745313635,119.48425800000012,1.0329331750284745,0.049543029819237326,0.018767759899874857,2.9651240314783664e-4,41.64877014978942,NA,NA,NA,NA,NA,NA,NA,NA,NA,NA,NA,NA,NA,NA,NA,NA,NA,0.04137023044190222,0.13924232587489194
1123,2.7377915795000898,0.012341422745313635,119.48425800000012,1.0329331750284745,0.049543029819237326,0.018767759899874857,2.9651240314783664e-4,41.64877014978942,NA,NA,NA,NA,NA,NA,NA,NA,NA,NA,NA,NA,NA,NA,NA,NA,NA,0.04137023044190222,0.13924232587489194
1124,2.7377915795000898,0.012341422745313635,119.48425800000012,1.0329331750284745,0.049543029819237326,0.018767759899874857,2.9651240314783664e-4,41.64877014978942,G01124,111.89519925737855,44.52960826435311,8708.296364536502,-4.472318754196167,99.32,14.572437477111816,14.39477996826172,5074.36,201.09530907839033,19319.040609137057,32387.901015228428,24921.42385786802,44.46596900246278,1.0288065583722995e-8,0,2.314814835684537e-6,0.04137023044190222,0.13924232587489194
1125,2.7377915795000898,0.012341422745313635,119.48425800000012,1.0329331750284745,0.049543029819237326,0.018767759899874857,2.9651240314783664e-4,41.64877014978942,G01125,112.7287242016119,44.53407803276611,9676.28875725473,-4.1621204773585,141.13333333333333,14.178571510314942,14.295666631062826,5057.3,175.78614554485586,19438.02652519894,32343.824933687003,26471.957559681698,42.78780984801769,1.5576324047378593e-7,0,3.1464175163523556e-6,0.04137023044190222,0.13924232587489194
1126,2.7377915795000898,0.012341422745313635,119.48425800000012,1.0329331750284745,0.049543029819237326,0.018767759899874857,2.9651240314783664e-4,41.64877014978942,G01126,113.65301107345489,44.51662216025089,9095.839990691626,-4.495273780822754,197.8,13.818845825195313,13.669880027770995,5114.88,163.15746994851324,18133.156565656565,30786.734848484848,18621.454545454544,41.84589688315753,2.057613116744599e-8,0,3.3230452673807224e-6,0.04137023044190222,0.13924232587489194
1127,2.7377915795000898,0.012341422745313635,119.48425800000012,1.0329331750284745,0.049543029819237326,0.018767759899874857,2.9651240314783664e-4,41.64877014978942,G01127,114.53519872523898,44.54389096157551,10000,-4.862520519892374,259.1666666666667,13.287399387359619,12.704591655731202,5143.166666666667,132.764007205249,19912.65066666667,33415.01066666667,24019.085333333333,46.73660410709895,9.979423788379028e-7,0,1.8703703898919743e-5,0.04137023044190222,0.13924232587489194
1128,2.7377915795000898,0.012341422745313635,119.48425800000012,1.0329331750284745,0.049543029819237326,0.018767759899874857,2.9651240314783664e-4,41.64877014978942,G01128,115.43351400935852,44.54389096157551,10000,-4.896854581832886,311.88,13.070682487487794,12.229320106506348,5091.8,165.26720787863516,20217.82722513089,33722.7722513089,21486.468586387433,45.39366240766054,2.057613116744599e-8,0,3.600823089043004e-7,0.04137023044190222,0.13924232587489194
1129,2.7377915795000898,0.012341422745313635,119.48425800000012,1.0329331750284745,0.049543029819237326,0.018767759899874857,2.9651240314783664e-4,41.64877014978942,G01129,116.33182929347802,44.54389096157551,10000,-5.10945496559143,344.16,12.606259956359864,11.742049980163575,5050.92,66.68640541119807,21976.666666666668,36852.64705882353,31298.29131652661,40.00088592931355,0,0,1.985596722034295e-6,0.04137023044190222,0.13924232587489194
1130,2.7439584168551154,0.012212953395763488,119.48425800000012,1.0213280973623353,0.04898456144534796,0.018553499060393275,2.928034205431464e-4,41.641480651576195,G01130,117.23014457759756,44.54389096157551,10000,-7.251394478480021,384.8333333333333,12.455066712697347,9.59373327891032,5273.366666666667,199.54249108179047,24323.39779005525,40620.2817679558,140578.5635359116,42.177774350965194,3.0114226748486006e-7,0,1.3499480825950423e-7,0.04146976811564751,0.1390687689089909
1131,2.7607673257324272,0.011865708714771312,106.70223940000004,0.9885343842030826,0.04739799975177068,0.0179480874001931,2.823695342926417e-4,41.6180936873187,G01131,118.12845986171706,44.54389096157551,10000,-5.556379985809326,380.16,13.570899925231934,11.276570014953613,4992.16,202.35729127791106,28189.61012658228,48252.39493670886,132542.74683544305,72.7463115182815,3.1893004806651906e-7,0,3.565020581018448e-4,0.04174629205905198,0.13856958041424197
1132,2.697856695204002,0.013184441325916224,119.4608641000002,1.1030878077071036,0.052880630575402945,0.020062016653986325,3.1909057177974146e-4,41.681157569408185,G01132,119.0267751458366,44.54389096157551,10000,-4.178741351763407,399.9,14.378083992004395,12.493550046284993,4793.866666666667,79.56161495792203,26352.652519893898,46097.98673740053,98088.72148541114,78.00304732711653,0,0,1.3899176873838233e-5,0.04074725187626864,0.1402551866299832
1133,2.6935384289371838,0.013276530894241365,119.4608641000002,1.1101902885119341,0.0532143667798917,0.020192854814861324,3.213893939788295e-4,41.683254428770034,G01133,119.9250904299561,44.54389096157551,10000,-3.9107100105285646,452.04,14.007650032043458,12.56613998413086,4759.44,111.88054641744769,29525.156565656565,51200.356060606064,171535.69191919192,87.41324893719143,0,0,4.135802491911047e-6,0.04068190992392725,0.14035407238818165
1134,2.681025431135642,0.013544150338598088,112.2345269,1.130273192409168,0.05415323698008207,0.02056249863870365,3.279004185959531e-4,41.68792067926568,G01134,120.82340571407563,44.54389096157551,10000,-4.7653300571441655,512.64,12.978891792297363,11.696320075988769,4842.6,185.82025365031302,33368.02380952381,55498.95767195767,376282.28571428574,80.58788738397122,2.3353909466409893e-6,3.086419675116899e-8,7.935185241405162e-5,0.040494569712693204,0.1406297900325222
1135,2.672159844301468,0.013734358835687912,118.62553620000007,1.1440655117886074,0.05479362370942778,0.02081604131432067,3.32380645917105e-4,41.69000617443365,G01135,121.72172099819515,44.54389096157551,10000,-4.460795799891154,540.2666666666667,12.999041684468587,11.720566749572754,4764.5,148.13431696291363,34587.517676767675,57120.39646464647,437730.61363636365,96.7368247335802,7.60124616549391e-6,0,3.4422637821959843e-4,0.04036355930073207,0.1408156997566426
1136,2.672159844301468,0.013734358835687912,118.62553620000007,1.1440655117886074,0.05479362370942778,0.02081604131432067,3.32380645917105e-4,41.69000617443365,G01136,122.62003628231469,44.54389096157551,10000,-3.212349200248718,540.84,13.667426605224609,12.700360069274902,4538.16,135.29587330489178,34229.444444444445,57005.16931216931,418922.14285714284,115.59791929586363,7.163168722407345e-4,2.1440329319263169e-4,0.0011619855992667523,0.04036355930073207,0.1408156997566426
1137,2.672159844301468,0.013734358835687912,118.62553620000007,1.1440655117886074,0.05479362370942778,0.02081604131432067,3.32380645917105e-4,41.69000617443365,G01137,123.51835156643419,44.54389096157551,10000,-3.304006620645523,537.16,14.099471549987793,12.83107997894287,4489.76,153.63682284313657,32847.72222222222,55620.62373737374,343704.52525252523,128.1606779477236,4.7695473359854376e-5,1.705761329286649e-4,0.0016069444464678613,0.04036355930073207,0.1408156997566426
1138,2.672159844301468,0.013734358835687912,118.62553620000007,1.1440655117886074,0.05479362370942778,0.02081604131432067,3.32380645917105e-4,41.69000617443365,G01138,124.41666685055372,44.54389096157551,10000,-3.589308307568232,539.9666666666667,13.690787410736084,12.572383276621501,4509.466666666666,158.38968386237465,30995.315656565657,53253.11363636364,231780.65404040404,125.5319864204359,9.670781775954019e-7,1.2345678850178657e-7,2.3881687385057278e-4,0.04036355930073207,0.1408156997566426
1139,2.672159844301468,0.013734358835687912,118.62553620000007,1.1440655117886074,0.05479362370942778,0.02081604131432067,3.32380645917105e-4,41.69000617443365,G01139,125.31498213467323,44.54389096157551,10000,-3.5399412631988527,577,13.205824165344238,12.369199981689453,4488.04,169.63723058338346,32078.989417989418,54582.54232804233,256614.4708994709,109.77095446652223,3.0041151474528934e-6,3.189300428266319e-7,4.157201629826991e-4,0.04036355930073207,0.1408156997566426
1140,2.672159844301468,0.013734358835687912,118.62553620000007,1.1440655117886074,0.05479362370942778,0.02081604131432067,3.32380645917105e-4,41.69000617443365,G01140,126.21329741879276,44.54389096157551,10000,-2.2609531323115033,642.5333333333333,13.90453405380249,13.211441771189373,4263.333333333333,96.98820878683223,29333.472222222223,51142.628787878784,156273.82575757575,129.876832848814,8.289719642737643e-5,1.5871235649426624e-4,4.0358255426407874e-4,0.04036355930073207,0.1408156997566426
1141,2.672159844301468,0.013734358835687912,118.62553620000007,1.1440655117886074,0.05479362370942778,0.02081604131432067,3.32380645917105e-4,41.69000617443365,G01141,127.11161270291227,44.54389096157551,10000,-2.006302056312561,723,14.012220802307128,13.18617000579834,4148.6,161.33376377353045,30678.949735449736,52923.91798941799,181778.92063492062,152.30557184961887,5.271913578476059e-4,2.5884773773670583e-5,0.0011248148193764582,0.04036355930073207,0.1408156997566426
1142,2.672159844301468,0.013734358835687912,118.62553620000007,1.1440655117886074,0.05479362370942778,0.02081604131432067,3.32380645917105e-4,41.69000617443365,G01142,128.0099279870318,44.54389096157551,10000,0.839082493185997,723.12,14.83242000579834,15.993939971923828,3674.52,166.18291127549787,29069.098484848484,50547.89898989899,179467.7676767677,225.43992961374047,7.492386824230413e-4,0.0011517695503576993,7.691358042180065e-4,0.04036355930073207,0.1408156997566426
1143,2.672159844301468,0.013734358835687912,118.62553620000007,1.1440655117886074,0.05479362370942778,0.02081604131432067,3.32380645917105e-4,41.69000617443365,G01143,128.90824327115132,44.54389096157551,10000,1.7717951426903407,688.1333333333333,14.086327775319416,16.840641721089682,3529.9666666666667,101.5916380394579,30708.82037533512,52803.69168900805,210528.6273458445,193.38062879729796,0.03771946502710618,0.002391296303827448,0.0011247633743199158,0.04036355930073207,0.1408156997566426
1144,2.672159844301468,0.013734358835687912,118.62553620000007,1.1440655117886074,0.05479362370942778,0.02081604131432067,3.32380645917105e-4,41.69000617443365,G01144,129.80655855527084,44.54389096157551,10000,1.735753769800067,707.6,10.79037914276123,16.103709945678713,3390.48,325.5752754740446,31894.421717171717,54670.43686868687,227456.7626262626,219.13173420896365,0.5128515638875824,0.0012368312774415544,9.051131705255926e-4,0.04036355930073207,0.1408156997566426
1145,2.672159844301468,0.013734358835687912,118.62553620000007,1.1440655117886074,0.05479362370942778,0.02081604131432067,3.32380645917105e-4,41.69000617443365,G01145,130.67266316622576,44.52925365650356,9218.513255535841,7.493409387270609,665.5,9.583714580535888,22.037549908955892,2179.4,389.7603684670701,31990.24074074074,54015.23809523809,184383.6798941799,483.3721192692943,0.4387775180114469,0.06863025960212037,0.0067185358412488,0.04036355930073207,0.1408156997566426
1146,2.672159844301468,0.013734358835687912,118.62553620000007,1.1440655117886074,0.05479362370942778,0.02081604131432067,3.32380645917105e-4,41.69000617443365,G01146,131.17264778661928,44.27633982077136,77.45441785410199,11.118872947692871,694.64,8.606159095764161,25.63885025024414,1461.88,248.51916760416424,28935.446969696968,50454.881313131315,120361.22222222222,735.3231267646134,0.693397551546393,0.07728262339447019,0.0071312757291553935,0.04036355930073207,0.1408156997566426
1147,2.672159844301468,0.013734358835687912,118.62553620000007,1.1440655117886074,0.05479362370942778,0.02081604131432067,3.32380645917105e-4,41.69000617443365,NA,NA,NA,NA,NA,NA,NA,NA,NA,NA,NA,NA,NA,NA,NA,NA,NA,0.04036355930073207,0.1408156997566426
1148,2.672159844301468,0.013734358835687912,118.62553620000007,1.1440655117886074,0.05479362370942778,0.02081604131432067,3.32380645917105e-4,41.69000617443365,NA,NA,NA,NA,NA,NA,NA,NA,NA,NA,NA,NA,NA,NA,NA,NA,NA,0.04036355930073207,0.1408156997566426
1149,2.672159844301468,0.013734358835687912,118.62553620000007,1.1440655117886074,0.05479362370942778,0.02081604131432067,3.32380645917105e-4,41.69000617443365,NA,NA,NA,NA,NA,NA,NA,NA,NA,NA,NA,NA,NA,NA,NA,NA,NA,0.04036355930073207,0.1408156997566426
1150,2.672159844301468,0.013734358835687912,118.62553620000007,1.1440655117886074,0.05479362370942778,0.02081604131432067,3.32380645917105e-4,41.69000617443365,NA,NA,NA,NA,NA,NA,NA,NA,NA,NA,NA,NA,NA,NA,NA,NA,NA,0.04036355930073207,0.1408156997566426
1151,2.672159844301468,0.013734358835687912,118.62553620000007,1.1440655117886074,0.05479362370942778,0.02081604131432067,3.32380645917105e-4,41.69000617443365,NA,NA,NA,NA,NA,NA,NA,NA,NA,NA,NA,NA,NA,NA,NA,NA,NA,0.04036355930073207,0.1408156997566426
1152,2.672159844301468,0.013734358835687912,118.62553620000007,1.1440655117886074,0.05479362370942778,0.02081604131432067,3.32380645917105e-4,41.69000617443365,NA,NA,NA,NA,NA,NA,NA,NA,NA,NA,NA,NA,NA,NA,NA,NA,NA,0.04036355930073207,0.1408156997566426
1153,2.672159844301468,0.013734358835687912,118.62553620000007,1.1440655117886074,0.05479362370942778,0.02081604131432067,3.32380645917105e-4,41.69000617443365,NA,NA,NA,NA,NA,NA,NA,NA,NA,NA,NA,NA,NA,NA,NA,NA,NA,0.04036355930073207,0.1408156997566426
1154,2.672159844301468,0.013734358835687912,118.62553620000007,1.1440655117886074,0.05479362370942778,0.02081604131432067,3.32380645917105e-4,41.69000617443365,NA,NA,NA,NA,NA,NA,NA,NA,NA,NA,NA,NA,NA,NA,NA,NA,NA,0.04036355930073207,0.1408156997566426
1155,2.672159844301468,0.013734358835687912,118.62553620000007,1.1440655117886074,0.05479362370942778,0.02081604131432067,3.32380645917105e-4,41.69000617443365,NA,NA,NA,NA,NA,NA,NA,NA,NA,NA,NA,NA,NA,NA,NA,NA,NA,0.04036355930073207,0.1408156997566426
1156,2.672159844301468,0.013734358835687912,118.62553620000007,1.1440655117886074,0.05479362370942778,0.02081604131432067,3.32380645917105e-4,41.69000617443365,NA,NA,NA,NA,NA,NA,NA,NA,NA,NA,NA,NA,NA,NA,NA,NA,NA,0.04036355930073207,0.1408156997566426
1157,2.672159844301468,0.013734358835687912,118.62553620000007,1.1440655117886074,0.05479362370942778,0.02081604131432067,3.32380645917105e-4,41.69000617443365,NA,NA,NA,NA,NA,NA,NA,NA,NA,NA,NA,NA,NA,NA,NA,NA,NA,0.04036355930073207,0.1408156997566426
1158,2.674063872161763,0.013693471795401283,118.62553620000007,1.1411333608348653,0.054657798199426004,0.02076216421238944,3.3142762392740494e-4,41.68964122224003,NA,NA,NA,NA,NA,NA,NA,NA,NA,NA,NA,NA,NA,NA,NA,NA,NA,0.04039157939144769,0.1407764178492104
1159,2.6888349247730696,0.013376998252297795,122.89786290000002,1.117825256669123,0.05357215515112687,0.02033344120816353,3.238628598256281e-4,41.68525090546624,NA,NA,NA,NA,NA,NA,NA,NA,NA,NA,NA,NA,NA,NA,NA,NA,NA,0.040611147345007835,0.14045957789073782
1160,2.587913463075605,0.015551179283278184,99.69309860000003,1.2585043605420865,0.05992097321409335,0.022902714982008642,3.6976684336596116e-4,41.66596795185854,NA,NA,NA,NA,NA,NA,NA,NA,NA,NA,NA,NA,NA,NA,NA,NA,NA,0.03917996591216838,0.14223100375158845
1161,2.6022051850452366,0.015243158704949649,98.57454319999998,1.2411010979998902,0.059168208962990805,0.022588091996480805,3.6406032967850653e-4,41.67509304568723,G01161,80.67543360366552,43.94148370985015,3658.3404242064057,14.591427834828695,845.7333333333333,8.461097351710002,30.200166765848795,9,4.623776632237719,31058.851515151517,53988.36363636364,335708.8696969697,686.8034143797054,0.04328457822098824,0.6664680659049208,0.08170616247417183,0.03937380861609372,0.14203264017709627
1162,2.6022051850452366,0.015243158704949649,98.57454319999998,1.2411010979998902,0.059168208962990805,0.022588091996480805,3.6406032967850653e-4,41.67509304568723,G01162,81.29753321281669,43.90012963839316,10000,14.4857470703125,913.36,8.350667400360107,30.030020065307617,0.8,0.8660254037844384,30347.045801526718,53084.017811704834,340585.2010178117,759.8679158458858,0.021812983575830693,0.7910790226393146,0.08628064811578623,0.03937380861609372,0.14203264017709627
1163,2.6022051850452366,0.015243158704949649,98.57454319999998,1.2411010979998902,0.059168208962990805,0.022588091996480805,3.6406032967850653e-4,41.67509304568723,G01163,82.19584849693621,43.90012963839316,10000,14.469245592753092,998.5555555555555,8.116909133063423,29.927941852145725,1.3333333333333333,1,30536.823529411766,51847.75490196078,307272.35294117645,725.1929327357371,0.01974498503202635,0.7547723801344137,0.0725088699431891,0.03937380861609372,0.14203264017709627
1164,2.6022051850452366,0.015243158704949649,98.57454319999998,1.2411010979998902,0.059168208962990805,0.022588091996480805,3.6406032967850653e-4,41.67509304568723,G01164,83.09416378105573,43.90012963839316,10000,-4.923931312561035,218.8,12.077604293823242,12.737199974060058,5050.2,282.52026475989294,20556.95061728395,34052.38271604938,23794.728395061727,21.85044824317223,3.2262443838750614e-5,2.8054298789817756e-6,3.038461569756453e-4,0.03937380861609372,0.14203264017709627
1165,2.6022051850452366,0.015243158704949649,98.57454319999998,1.2411010979998902,0.059168208962990805,0.022588091996480805,3.6406032967850653e-4,41.67509304568723,G01165,83.99247906517525,43.90012963839316,10000,-3.125165450222352,107.52941176470588,13.707725524902344,15.923117637634277,4825.117647058823,313.90442063487677,19454.854889589904,32201.712933753945,33764.79179810725,25.723617484143222,4.3969848226865836e-7,0,4.768467353441242e-4,0.03937380861609372,0.14203264017709627
1166,2.6022051850452366,0.015243158704949649,98.57454319999998,1.2411010979998902,0.059168208962990805,0.022588091996480805,3.6406032967850653e-4,41.67509304568723,G01166,84.89079434929477,43.90012963839316,10000,-3.926972910761833,82.9,14.158493804931641,15.310599994659423,4985,321.1905484615832,18716.031746031746,31281.73015873016,30115.05291005291,22.95525354489733,6.705331730647418e-6,0,5.611823352509117e-4,0.03937380861609372,0.14203264017709627
1167,2.6022051850452366,0.015243158704949649,98.57454319999998,1.2411010979998902,0.059168208962990805,0.022588091996480805,3.6406032967850653e-4,41.67509304568723,G01167,85.7891096334143,43.90012963839316,10000,-3.8896807074546813,77.25,14.596728134155274,15.211562490463256,5033.35,294.3637697600852,18967.286075949367,31446.225316455697,30506.13164556962,21.955408776872332,2.83882782633937e-6,0,1.2424704963893583e-4,0.03937380861609372,0.14203264017709627
1168,2.6022051850452366,0.015243158704949649,98.57454319999998,1.2411010979998902,0.059168208962990805,0.022588091996480805,3.6406032967850653e-4,41.67509304568723,G01168,86.68742491753382,43.90012963839316,10000,-1.218591168212394,68.41666666666667,15.12763019402822,17.91054181257884,4680.833333333333,178.45951109831404,16492.302387267904,26816.098143236075,22200.761273209548,19.767439803557437,2.464824877299626e-7,5.443154987809274e-7,8.141111305085218e-5,0.03937380861609372,0.14203264017709627
1169,2.6022051850452366,0.015243158704949649,98.57454319999998,1.2411010979998902,0.059168208962990805,0.022588091996480805,3.6406032967850653e-4,41.67509304568723,G01169,87.58574020165334,43.90012963839316,10000,-1.0583864625543355,66.85,15.773627042770386,18.241875076293944,4679.95,116.95364578822627,14511.52417302799,23913.091603053435,12942.516539440203,23.40962135443515,8.251933212266994e-6,0,2.174399674254096e-4,0.03937380861609372,0.14203264017709627
1170,2.6022051850452366,0.015243158704949649,98.57454319999998,1.2411010979998902,0.059168208962990805,0.022588091996480805,3.6406032967850653e-4,41.67509304568723,G01170,88.48405548577286,43.90012963839316,10000,-1.6754943632210295,72,15.753285646438599,17.47560425599416,4765.416666666667,146.4442071134992,14542.285353535353,24034.99494949495,10569.088383838383,23.94020333052665,0,6.105005950780678e-8,1.8689458671959552e-4,0.03937380861609372,0.14203264017709627
1171,2.6022051850452366,0.015243158704949649,98.57454319999998,1.2411010979998902,0.059168208962990805,0.022588091996480805,3.6406032967850653e-4,41.67509304568723,G01171,89.38237076989238,43.90012963839316,10000,-3.5890796899795534,85.05,15.104898834228516,15.02113742828369,5054.3,89.9374636534801,16856.150793650795,28582.571428571428,13576.76455026455,41.19921773538572,0,0,1.8518518754014348e-6,0.03937380861609372,0.14203264017709627
1172,2.6022051850452317,0.015243158704950183,98.57454319999998,1.2411010979998691,0.059168208962990666,0.022588091996481152,3.6406032967854394e-4,41.67509304568722,G01172,90.2806860540119,43.90012963839316,10000,-3.2575479388237,108.55,14.797847986221313,15.0613374710083,5033.25,89.396146743758365,17701.13959390863,29958.629441624365,14850.370558375635,42.076133805188725,0,0,4.0700040782365333e-7,0.03937380861609374,0.14203264017709563
1173,2.6022051850452335,0.015243158704949937,98.57454319999998,1.2411010979998751,0.0591682089629906,0.022588091996480923,3.640603296785276e-4,41.67509304568722,G01173,91.17900133813141,43.90012963839316,10000,-2.4612808351715407,154.25,14.154250860214233,15.343208312988281,4937.666666666667,127.48049012424937,17934.192934782608,29987.16304347826,15866.39402173913,39.6617580744944,1.027010346860301e-8,0,3.111841466062965e-6,0.039373808616093756,0.14203264017709483
1174,2.6022051850452366,0.015243158704949649,98.57454319999998,1.2411010979998902,0.059168208962990805,0.022588091996480805,3.6406032967850653e-4,41.67509304568723,G01174,92.07731662225093,43.90012963839316,10000,-3.4605645895004273,220,13.472658252716064,13.885362577438354,5110.9,171.01243414319015,20559.85861182519,34656.285347043704,32595.30848329049,39.87753324776768,2.0248270669570996e-6,0,7.224257034353842e-7,0.03937380861609372,0.14203264017709627
1175,2.6022051850452366,0.015243158704949649,98.57454319999998,1.2411010979998902,0.059168208962990805,0.022588091996480805,3.6406032967850653e-4,41.67509304568723,G01175,92.97563190637047,43.90012963839316,10000,-2.649001325170199,295.5,13.267487009366354,14.297979235649109,4973,128.54943221087805,20528.599455040872,34940.24250681199,23113.179836512263,44.41590114350831,3.052502975390339e-8,0,9.564509648634678e-7,0.03937380861609372,0.14203264017709627
1176,2.6022051850452366,0.015243158704949649,98.57454319999998,1.2411010979998902,0.059168208962990805,0.022588091996480805,3.6406032967850653e-4,41.67509304568723,G01176,93.87394719048999,43.90012963839316,10000,-2.8403442740440368,353.5,13.31027603149414,13.810050106048584,4934.3,106.97520617807709,20439.958549222796,34800.613989637306,20456.411917098445,42.75150989416936,0,0,2.2273097256794627e-5,0.03937380861609372,0.14203264017709627
1177,2.6022051850452366,0.015243158704949649,98.57454319999998,1.2411010979998902,0.059168208962990805,0.022588091996480805,3.6406032967850653e-4,41.67509304568723,G01177,94.7722624746095,43.90012963839316,10000,-3.670731234550476,392.4,12.994987487792969,12.826725006103516,4973.9,132.68875334088378,23437.273657289003,39811.62915601023,38488.85933503836,41.23435787821344,2.309727275809561e-6,0,2.772690250693605e-5,0.03937380861609372,0.14203264017709627
1178,2.6022051850452366,0.015243158704949649,98.57454319999998,1.2411010979998902,0.059168208962990805,0.022588091996480805,3.6406032967850653e-4,41.67509304568723,G01178,95.41432065945446,43.817937335775035,3534.735701255306,-4.2429331342379255,415.1666666666667,13.075916608174643,12.146395881970724,4946.625,105.65481634734549,25364.248677248677,42992.730158730155,63410.478835978836,50.49174429419378,3.491835239104895e-7,0,7.716955975339935e-5,0.03937380861609372,0.14203264017709627
1179,2.6022051850452366,0.015243158704949649,98.57454319999998,1.2411010979998902,0.059168208962990805,0.022588091996480805,3.6406032967850653e-4,41.67509304568723,NA,NA,NA,NA,NA,NA,NA,NA,NA,NA,NA,NA,NA,NA,NA,NA,NA,0.03937380861609372,0.14203264017709627
1180,2.6022051850452366,0.015243158704949649,98.57454319999998,1.2411010979998902,0.059168208962990805,0.022588091996480805,3.6406032967850653e-4,41.67509304568723,NA,NA,NA,NA,NA,NA,NA,NA,NA,NA,NA,NA,NA,NA,NA,NA,NA,0.03937380861609372,0.14203264017709627
1181,2.6022051850452366,0.015243158704949649,98.57454319999998,1.2411010979998902,0.059168208962990805,0.022588091996480805,3.6406032967850653e-4,41.67509304568723,NA,NA,NA,NA,NA,NA,NA,NA,NA,NA,NA,NA,NA,NA,NA,NA,NA,0.03937380861609372,0.14203264017709627
1182,2.6022051850452366,0.015243158704949649,98.57454319999998,1.2411010979998902,0.059168208962990805,0.022588091996480805,3.6406032967850653e-4,41.67509304568723,NA,NA,NA,NA,NA,NA,NA,NA,NA,NA,NA,NA,NA,NA,NA,NA,NA,0.03937380861609372,0.14203264017709627
1183,2.6022051850452366,0.015243158704949649,98.57454319999998,1.2411010979998902,0.059168208962990805,0.022588091996480805,3.6406032967850653e-4,41.67509304568723,NA,NA,NA,NA,NA,NA,NA,NA,NA,NA,NA,NA,NA,NA,NA,NA,NA,0.03937380861609372,0.14203264017709627
1184,2.6081860177592238,0.0151141049428716,98.57454319999998,1.2335832883666304,0.05883940634105092,0.02245180230177896,3.615974300594818e-4,41.67834742068913,NA,NA,NA,NA,NA,NA,NA,NA,NA,NA,NA,NA,NA,NA,NA,NA,NA,0.03945567473720693,0.1419448255135509
1185,2.518321857266983,0.017035688414230366,101.87152049999987,1.3323997509965326,0.06294407227519837,0.024220257914087724,3.940910349799322e-4,41.59705909892357,NA,NA,NA,NA,NA,NA,NA,NA,NA,NA,NA,NA,NA,NA,NA,NA,NA,0.038268012545495805,0.14297922473544877
1186,2.5293109315830464,0.01680364923435324,101.87152049999986,1.32189053668399,0.06253580163500713,0.024035166932920498,3.9061978866146863e-4,41.610417197662684,NA,NA,NA,NA,NA,NA,NA,NA,NA,NA,NA,NA,NA,NA,NA,NA,NA,0.03840882030671631,0.14288400050361
1187,2.5293109315830464,0.01680364923435324,101.87152049999986,1.32189053668399,0.06253580163500713,0.024035166932920498,3.9061978866146863e-4,41.610417197662684,NA,NA,NA,NA,NA,NA,NA,NA,NA,NA,NA,NA,NA,NA,NA,NA,NA,0.03840882030671631,0.14288400050361
1188,2.5293109315830464,0.01680364923435324,101.87152049999986,1.32189053668399,0.06253580163500713,0.024035166932920498,3.9061978866146863e-4,41.610417197662684,NA,NA,NA,NA,NA,NA,NA,NA,NA,NA,NA,NA,NA,NA,NA,NA,NA,0.03840882030671631,0.14288400050361
1189,2.5293109315830464,0.01680364923435324,101.87152049999986,1.32189053668399,0.06253580163500713,0.024035166932920498,3.9061978866146863e-4,41.610417197662684,NA,NA,NA,NA,NA,NA,NA,NA,NA,NA,NA,NA,NA,NA,NA,NA,NA,0.03840882030671631,0.14288400050361
1190,2.5293109315830464,0.01680364923435324,101.87152049999986,1.32189053668399,0.06253580163500713,0.024035166932920498,3.9061978866146863e-4,41.610417197662684,NA,NA,NA,NA,NA,NA,NA,NA,NA,NA,NA,NA,NA,NA,NA,NA,NA,0.03840882030671631,0.14288400050361
1191,2.5293109315830464,0.01680364923435324,101.87152049999986,1.32189053668399,0.06253580163500713,0.024035166932920498,3.9061978866146863e-4,41.610417197662684,NA,NA,NA,NA,NA,NA,NA,NA,NA,NA,NA,NA,NA,NA,NA,NA,NA,0.03840882030671631,0.14288400050361
1192,2.5293109315830464,0.01680364923435324,101.87152049999986,1.32189053668399,0.06253580163500713,0.024035166932920498,3.9061978866146863e-4,41.610417197662684,NA,NA,NA,NA,NA,NA,NA,NA,NA,NA,NA,NA,NA,NA,NA,NA,NA,0.03840882030671631,0.14288400050361
1193,2.5293109315830464,0.01680364923435324,101.87152049999986,1.32189053668399,0.06253580163500713,0.024035166932920498,3.9061978866146863e-4,41.610417197662684,NA,NA,NA,NA,NA,NA,NA,NA,NA,NA,NA,NA,NA,NA,NA,NA,NA,0.03840882030671631,0.14288400050361
1194,2.5293109315830464,0.01680364923435324,101.87152049999986,1.32189053668399,0.06253580163500713,0.024035166932920498,3.9061978866146863e-4,41.610417197662684,NA,NA,NA,NA,NA,NA,NA,NA,NA,NA,NA,NA,NA,NA,NA,NA,NA,0.03840882030671631,0.14288400050361
1195,2.5293109315830464,0.01680364923435324,101.87152049999986,1.32189053668399,0.06253580163500713,0.024035166932920498,3.9061978866146863e-4,41.610417197662684,NA,NA,NA,NA,NA,NA,NA,NA,NA,NA,NA,NA,NA,NA,NA,NA,NA,0.03840882030671631,0.14288400050361
1196,2.5293109315830464,0.01680364923435324,101.87152049999986,1.32189053668399,0.06253580163500713,0.024035166932920498,3.9061978866146863e-4,41.610417197662684,G01196,111.9969999272614,43.9350891746222,6075.3659908499585,12.002287228902182,949.375,7.729177137215932,26.48061450322469,1172.4583333333333,318.08256778317207,27111.978835978836,47840.997354497355,89273.25396825396,611.36349463925,0.9121645201401705,0.04451573062344881,0.007524796510730243,0.03840882030671631,0.14288400050361
1197,2.5293109315830464,0.01680364923435324,101.87152049999986,1.32189053668399,0.06253580163500713,0.024035166932920498,3.9061978866146863e-4,41.610417197662684,G01197,112.73856815699993,43.90012963839316,10000,13.007545804977417,951.65,8.362331438064576,27.81235008239746,900.7,205.48353756572888,27176.62626262626,48562.92929292929,111841.84848484848,683.3347089673363,0.8928013024841256,0.0437070309757326,0.009189092412188661,0.03840882030671631,0.14288400050361
1198,2.5293109315830464,0.01680364923435324,101.87152049999986,1.32189053668399,0.06253580163500713,0.024035166932920498,3.9061978866146863e-4,41.610417197662684,G01198,113.63688344111945,43.90012963839316,10000,13.833305994669596,943.4166666666666,8.91821269194285,28.964499950408936,715.2916666666666,155.21723323379274,27574.29894179894,49078.99470899471,119106.71164021164,705.9116270801798,0.8513787921884036,0.05724977927421731,0.01597469449907945,0.03840882030671631,0.14288400050361
1199,2.5293109315830464,0.01680364923435324,101.87152049999986,1.32189053668399,0.06253580163500713,0.024035166932920498,3.9061978866146863e-4,41.610417197662684,G01199,114.53519872523898,43.90012963839316,10000,14.136588621139527,942.6,9.513629150390624,29.678687477111815,698.25,179.961362812308,27147.06313131313,48489.666666666664,113842.12878787878,707.787025018837,0.8717961944020411,0.052087250742247626,0.01031610704778213,0.03840882030671631,0.14288400050361
1200,2.529310931583046,0.016803649234353166,101.87152049999986,1.3218905366839782,0.062535801635007,0.024035166932920394,3.9061978866152116e-4,41.610417197662684,G01200,115.43351400935852,43.90012963839316,10000,15.168489074707031,934.2,9.961261367797851,31.208749866485597,448.1,179.38811202764273,27595.17694369973,48166.56032171582,111937.57908847184,668.1228117031978,0.7607447598954385,0.08084975578785104,0.020391656515534526,0.03840882030671632,0.14288400050360744
1201,2.5293109315830464,0.01680364923435324,101.87152049999986,1.32189053668399,0.06253580163500713,0.024035166932920498,3.9061978866146863e-4,41.610417197662684,G01201,116.33182929347802,43.90012963839316,10000,15.72273842493693,945.875,10.129071990648905,31.849499702453613,169.25,71.16010729028743,28441.784974093265,50323.03626943005,183390.55699481865,750.9702663860515,0.16043334342105314,0.6549131968745412,0.04884903339578309,0.03840882030671631,0.14288400050361
1202,2.5293109315830513,0.0168036492343532,101.87152049999986,1.3218905366839724,0.062535801635007,0.024035166932920855,3.906197886615187e-4,41.610417197662684,G01202,117.23014457759756,43.90012963839316,10000,15.401081752777099,926.5,9.910713529586792,31.327212524414062,127.95,45.48623273498315,28840.742424242424,51398.97727272727,214026.39141414143,842.1515950439009,0.08088726088672406,0.7926866500718188,0.06816233211375967,0.03840882030671635,0.14288400050361103
1203,2.5293109315830464,0.01680364923435324,101.87152049999986,1.32189053668399,0.06253580163500713,0.024035166932920498,3.9061978866146863e-4,41.610417197662684,G01203,118.12845986171706,43.90012963839316,10000,14.981790820757547,952,9.688286383946737,30.84401035308838,174.625,63.43967521436682,27983.554376657827,49431.74801061008,144353.48541114057,864.2289074766644,0.32886956960566943,0.5246661704248733,0.04189772007532152,0.03840882030671631,0.14288400050361
1204,2.5293109315830464,0.01680364923435324,101.87152049999986,1.32189053668399,0.06253580163500713,0.024035166932920498,3.9061978866146863e-4,41.610417197662684,G01204,119.0267751458366,43.90012963839316,10000,15.27712664604187,959,9.607184505462646,31.46716241836548,55.1,12.379524691156254,27913.539440203564,50741.34096692112,212859.49872773536,959.0936414458888,0.03353909239402278,0.8675616301369455,0.044596703320899406,0.03840882030671631,0.14288400050361
1205,2.5293109315830478,0.016803649234353197,101.87152049999986,1.3218905366839937,0.06253580163500716,0.024035166932920637,3.9061978866148186e-4,41.61041719766269,G01205,119.9250904299561,43.90012963839316,10000,15.450406122207642,934.9,9.418633270263673,31.503112697601317,35.3,3.341918768107864,29218.02380952381,52712.14021164021,263983.8201058201,932.393793556776,0.045585063156556166,0.7876254882652097,0.09818744397182043,0.0384088203067163,0.14288400050361078
1206,2.5293109315830464,0.01680364923435324,101.87152049999986,1.32189053668399,0.06253580163500713,0.024035166932920498,3.9061978866146863e-4,41.610417197662684,G01206,120.82340571407563,43.90012963839316,10000,15.427505294481913,886.125,9.348204811414083,31.28851064046224,25.916666666666668,3.62259415416592,30648.50385604113,53563.29562982005,316690.17223650386,859.9786955125835,0.025016117238808783,0.7846482498888279,0.07433858360178348,0.03840882030671631,0.14288400050361
1207,2.5293109315830464,0.01680364923435324,101.87152049999986,1.32189053668399,0.06253580163500713,0.024035166932920498,3.9061978866146863e-4,41.610417197662684,G01207,121.72172099819515,43.90012963839316,10000,15.409857845306396,874.85,9.118546867370606,31.216399955749512,42.3,23.96290993664123,30953.155080213903,53811.73262032086,310886.23796791444,782.9171872413322,0.06640932030977707,0.716438054571408,0.07427603789030154,0.03840882030671631,0.14288400050361
1208,2.531976324682715,0.016747205647200128,90.55691849999992,1.3192775071824792,0.06243294422768099,0.023989005292176645,3.8975747404968434e-4,41.61352630183089,G01208,122.62003628231469,43.90012963839316,10000,15.240941619873047,882.3,8.964004182815552,31.003412342071535,55.55,23.756384183492322,28799.475452196384,51124.74418604651,202395.84754521964,767.1743419402753,0.21870995173824903,0.6246294955917628,0.03863213518471254,0.03844314071420336,0.1428596513154348
1209,2.5363639757774536,0.01665415995223443,90.55691849999992,1.3149212189823454,0.062260347007905906,0.02391192987302202,3.883205077246158e-4,41.61853068765246,G01209,123.51835156643419,43.90012963839316,10000,15.169914921124777,929.3333333333334,8.409588476022085,30.77620816230774,23.041666666666668,16.755217660197065,29381.035608308604,51757.3412462908,248278.3293768546,680.3699533804997,0.06412917179628248,0.6502262006647606,0.08865246246358902,0.038499783332017486,0.14281849262341306
1210,2.4978060720816346,0.017465711192758773,101.87152049999987,1.3508978621081411,0.0636390265168143,0.024543610617741667,4.0021566944899926e-4,41.569887355695144,G01210,124.41666685055372,43.90012963839316,10000,15.126960945129394,974.65,8.145598983764648,30.768862533569337,2.85,1.6311119875071343,31518.72405063291,54933.417721518985,395663.2278481013,728.1080772351984,0.030894607294335914,0.7081854089480262,0.15241644284298939,0.038007980854663684,0.14313517289299654
1211,2.554312458530284,0.01627198337200835,90.55691849999992,1.2963833911079827,0.06151148301917472,0.02358242271986052,3.8221351042752924e-4,41.637485249984465,G01211,125.31498213467323,43.90012963839316,10000,14.920480728149414,1010.8,7.935827287038167,30.34163678487142,3.7333333333333334,0.7988086367179803,27066.827586206895,48735.19923371648,175955.54406130267,870.4360213292005,0.06802068753183234,0.7488694447003958,0.12016304506332584,0.03873344363929571,0.14263597707568113
1212,2.447853109271759,0.018491922500377535,104.10590679999991,1.3900203009312635,0.0649753886641352,0.025214244883686957,4.132652657849139e-4,41.49268006270741,G01212,126.21329741879276,43.90012963839316,10000,15.17292332649231,1025.75,7.18760621547699,30.12654733657837,4,0.816496580927726,31327,53191.4,248368,692.757744323525,0.03499152552350266,0.6329559317584765,0.15205593228255962,0.037388771720402864,0.14340089547641902
1213,2.454378733077186,0.018359750521542696,100.83498099999991,1.3853740518399056,0.06482876343884147,0.025135758456573506,4.117057105183151e-4,41.5035889375317,G01213,127.11161270291227,43.90012963839316,10000,-3.574071556329727,380,11.333726525306702,13.163281202316284,4859.5,441.8509768171682,22561.185430463574,38077.97350993378,40597.708609271525,27.529033291202317,2.4354795111376535e-4,6.365118124699058e-5,6.114642776352022e-4,0.03746863388542991,0.14337507850084608
1214,2.454378733077186,0.018359750521542696,100.83498099999991,1.3853740518399056,0.06482876343884147,0.025135758456573506,4.117057105183151e-4,41.5035889375317,G01214,128.0099279870318,43.90012963839316,10000,-1.6481715107957522,352.7,13.117540200551352,16.189266618092855,4634.066666666667,412.3863215007495,19081.87081339713,31908.25119617225,30622.265550239234,24.959513362540132,2.391127407716693e-6,2.849002904367645e-6,4.5756003432702357e-4,0.03746863388542991,0.14337507850084608
1215,2.454378733077186,0.018359750521542696,100.83498099999991,1.3853740518399056,0.06482876343884147,0.025135758456573506,4.117057105183151e-4,41.5035889375317,G01215,128.90824327115132,43.90012963839316,10000,-4.282573277950287,204.12,13.84165828704834,13.746189918518066,5123.76,301.9095173502595,22133.310776942355,36795.142857142855,59127.533834586466,24.164689375355028,2.645502563865039e-7,0,6.034188053870811e-4,0.03746863388542991,0.14337507850084608
1216,2.454378733077186,0.018359750521542696,100.83498099999991,1.3853740518399056,0.06482876343884147,0.025135758456573506,4.117057105183151e-4,41.5035889375317,G01216,129.80655855527084,43.90012963839316,10000,-3.2188425207138063,152.2,14.881291694641114,15.063869895935058,5044.6,203.04699784368478,18674.57177033493,31481.880382775118,33640.4019138756,32.87199199984752,5.9422059786562096e-5,0,1.9383394397152666e-5,0.03746863388542991,0.14337507850084608
1217,2.454378733077186,0.018359750521542696,100.83498099999991,1.3853740518399056,0.06482876343884147,0.025135758456573506,4.117057105183151e-4,41.5035889375317,G01217,130.70458308205772,43.90019034709803,9993.481590275105,-2.4204534620046614,119.36666666666666,15.166934649149576,15.721625137329102,4971.433333333333,220.62086113469888,19642.695979899498,32362.68592964824,29629.52512562814,31.76563572820037,7.866899415366566e-6,1.027010346860301e-8,8.327000115172792e-5,0.03746863388542991,0.14337507850084608
1218,2.454378733077186,0.018359750521542696,100.83498099999991,1.3853740518399056,0.06482876343884147,0.025135758456573506,4.117057105183151e-4,41.5035889375317,G01218,131.18670173217868,44.05080704376131,372.9654028130867,-3.0446379518508913,99.32,14.547515830993653,14.70589994430542,5065.52,260.5790219236128,21398.60253164557,35481.8835443038,43023.42278481013,28.381722640059195,5.280830377667739e-6,0,4.049654063582904e-6,0.03746863388542991,0.14337507850084608
1219,2.454378733077186,0.018359750521542696,100.83498099999991,1.3853740518399056,0.06482876343884147,0.025135758456573506,4.117057105183151e-4,41.5035889375317,NA,NA,NA,NA,NA,NA,NA,NA,NA,NA,NA,NA,NA,NA,NA,NA,NA,0.03746863388542991,0.14337507850084608
1220,2.454378733077183,0.01835975052154239,100.83498099999991,1.385374051839906,0.06482876343884161,0.025135758456573284,4.1170571051831736e-4,41.503588937531696,NA,NA,NA,NA,NA,NA,NA,NA,NA,NA,NA,NA,NA,NA,NA,NA,NA,0.03746863388542988,0.14337507850084436
1221,2.454378733077186,0.018359750521542696,100.83498099999991,1.3853740518399056,0.06482876343884147,0.025135758456573506,4.117057105183151e-4,41.5035889375317,NA,NA,NA,NA,NA,NA,NA,NA,NA,NA,NA,NA,NA,NA,NA,NA,NA,0.03746863388542991,0.14337507850084608
1222,2.454378733077186,0.018359750521542893,100.83498099999991,1.385374051839888,0.06482876343884154,0.02513575845657391,4.117057105183146e-4,41.5035889375317,NA,NA,NA,NA,NA,NA,NA,NA,NA,NA,NA,NA,NA,NA,NA,NA,NA,0.037468633885429925,0.14337507850084608
1223,2.454378733077186,0.018359750521542696,100.83498099999991,1.3853740518399056,0.06482876343884147,0.025135758456573506,4.117057105183151e-4,41.5035889375317,NA,NA,NA,NA,NA,NA,NA,NA,NA,NA,NA,NA,NA,NA,NA,NA,NA,0.03746863388542991,0.14337507850084608
1224,2.454378733077183,0.01835975052154239,100.83498099999991,1.385374051839906,0.06482876343884161,0.025135758456573284,4.1170571051831736e-4,41.503588937531696,NA,NA,NA,NA,NA,NA,NA,NA,NA,NA,NA,NA,NA,NA,NA,NA,NA,0.03746863388542988,0.14337507850084436
1225,2.454378733077186,0.018359750521542696,100.83498099999991,1.3853740518399056,0.06482876343884147,0.025135758456573506,4.117057105183151e-4,41.5035889375317,NA,NA,NA,NA,NA,NA,NA,NA,NA,NA,NA,NA,NA,NA,NA,NA,NA,0.03746863388542991,0.14337507850084608
1226,2.454378733077186,0.018359750521542696,100.83498099999991,1.3853740518399056,0.06482876343884147,0.025135758456573506,4.117057105183151e-4,41.5035889375317,NA,NA,NA,NA,NA,NA,NA,NA,NA,NA,NA,NA,NA,NA,NA,NA,NA,0.03746863388542991,0.14337507850084608
1227,2.454378733077186,0.018359750521542696,100.83498099999991,1.3853740518399056,0.06482876343884147,0.025135758456573506,4.117057105183151e-4,41.5035889375317,NA,NA,NA,NA,NA,NA,NA,NA,NA,NA,NA,NA,NA,NA,NA,NA,NA,0.03746863388542991,0.14337507850084608
1228,2.454378733077186,0.018359750521542893,100.83498099999991,1.385374051839888,0.06482876343884154,0.02513575845657391,4.117057105183146e-4,41.5035889375317,NA,NA,NA,NA,NA,NA,NA,NA,NA,NA,NA,NA,NA,NA,NA,NA,NA,0.037468633885429925,0.14337507850084608
1229,2.454378733077187,0.018359750521542244,100.83498099999991,1.3853740518398985,0.0648287634388415,0.02513575845657302,4.117057105183122e-4,41.503588937531696,NA,NA,NA,NA,NA,NA,NA,NA,NA,NA,NA,NA,NA,NA,NA,NA,NA,0.037468633885429876,0.1433750785008459
1230,2.454378733077186,0.018359750521542696,100.83498099999991,1.3853740518399056,0.06482876343884147,0.025135758456573506,4.117057105183151e-4,41.5035889375317,NA,NA,NA,NA,NA,NA,NA,NA,NA,NA,NA,NA,NA,NA,NA,NA,NA,0.03746863388542991,0.14337507850084608
1231,2.454378733077186,0.018359750521542696,100.83498099999991,1.3853740518399056,0.06482876343884147,0.025135758456573506,4.117057105183151e-4,41.5035889375317,NA,NA,NA,NA,NA,NA,NA,NA,NA,NA,NA,NA,NA,NA,NA,NA,NA,0.03746863388542991,0.14337507850084608
1232,2.454378733077186,0.018359750521542696,100.83498099999991,1.3853740518399056,0.06482876343884147,0.025135758456573506,4.117057105183151e-4,41.5035889375317,NA,NA,NA,NA,NA,NA,NA,NA,NA,NA,NA,NA,NA,NA,NA,NA,NA,0.03746863388542991,0.14337507850084608
1233,2.454378733077187,0.018359750521542244,100.83498099999991,1.3853740518398985,0.0648287634388415,0.02513575845657302,4.117057105183122e-4,41.503588937531696,G01233,80.70326072025082,43.15715372128411,2244.0284869367715,0.9945750015974045,570.24,13.413598327636718,15.811890144348144,4283.72,162.0320235838171,31664.949874686718,54027.942355889725,235079.63157894736,115.22196344848845,0.1128880037819986,0.001991157917257368,0.0017910663474892709,0.037468633885429876,0.1433750785008459
1234,2.454378733077186,0.018359750521542696,100.83498099999991,1.3853740518399056,0.06482876343884147,0.025135758456573506,4.117057105183151e-4,41.5035889375317,G01234,81.29753321281669,43.24933166475007,10000,0.06859289720654488,577.56,13.873867492675782,14.974270057678222,4386.76,175.8515661952811,31432.33971291866,54200.66985645933,245549.18181818182,113.40022691341434,0.07078794259077571,1.6660561663445035e-4,4.098595852848573e-4,0.03746863388542991,0.14337507850084608
1235,2.4584585890281594,0.01827680885373574,100.83498099999991,1.3823993727814148,0.06473289175930486,0.025085321487751677,4.107089538323141e-4,41.510289566596754,G01235,82.19584849693621,43.24933166475007,10000,0.7198197844127814,589,13.932386716206869,15.484725030263265,4266.5,212.47519124959442,31981.184210526317,54433.846889952154,257082.41866028708,94.40873239533978,0.13305997145552478,5.335571858237217e-4,0.0012354192137758772,0.03751871286476509,0.14335760368830963
1236,2.470195519554931,0.01803692982152721,100.83498099999991,1.373539578639367,0.06443889962928769,0.024934296376528234,4.0774721654926476e-4,41.529038285198425,G01236,83.09416378105573,43.24933166475007,10000,-0.4139958394318819,635.64,13.615550079345702,14.331270065307617,4363.16,196.08239764615962,32692.441102756893,54651.508771929824,243692.18796992482,104.7124044448878,0.07211831500439239,0.002407794059763546,9.545482304063649e-4,0.037663437918608794,0.14330155218513554
1237,2.489035068024571,0.01764816261077766,101.87152049999987,1.3583674326108004,0.06390978113230639,0.024673180237762483,4.0269535923932574e-4,41.55742469046183,G01237,83.99247906517525,43.24933166475007,10000,0.7786958329379559,670.4666666666667,14.360901387532552,15.310208384195963,4143.166666666667,129.87157670861478,30744.806220095692,52764.32775119617,173999.4043062201,119.59231778784523,0.07815295274352974,0.006366201092745872,0.0018582109481963818,0.03789788332505309,0.14319335496572527
1238,2.4424214256365318,0.018601465647046664,109.7632077999999,1.3937835369530602,0.06509117067961503,0.02527753854282993,4.1453106484495795e-4,41.48342382067879,G01238,84.89079434929477,43.24933166475007,10000,0.8504616582393646,708.32,14.050316734313965,15.19076000213623,4064.44,160.5376591333012,31272.31328320802,53564.278195488725,177642.8045112782,123.8582385391473,0.24638758625732532,5.824888068083274e-4,8.714794499876213e-4,0.03732251582565474,0.14342039606700835
1239,2.4538213074858226,0.018371064560009146,100.83498099999991,1.3857762974619217,0.06484161068411334,0.025142567701789274,4.1184059478570996e-4,41.502666237961726,G01239,85.7891096334143,43.24933166475007,10000,2.7143691194057467,710,13.275243301391601,16.859589881896973,3746.2,274.71363878288486,32000.112440191388,54219.638755980865,196789.63397129186,210.22112237642506,0.5191074480953283,0.0016214692773622215,0.001140181113276847,0.03746180061443552,0.14337738616660034
1240,2.392437333359285,0.019587687742648012,108.04470839999989,1.424084011999047,0.06589675975318937,0.025775895352248376,4.248468802035174e-4,41.39128441088042,G01240,86.68742491753382,43.24933166475007,10000,1.8389117911458015,756.4,12.121333344777424,15.850691604614259,3764.366666666667,402.44532576473665,34546.784461152885,56773.619047619046,299297.9674185464,202.93615490180184,0.46020083433861714,0.0013089743584673139,0.0012533882803122927,0.03672244965062077,0.14351708633894353
1241,2.4002730669991763,0.019435834415174415,108.04470839999989,1.4198401148035051,0.06580077260677832,0.025707544371304458,4.233844203510124e-4,41.40651020535269,G01241,87.58574020165334,43.24933166475007,10000,5.893152074813843,792.84,10.267162590026855,19.426040000915528,2832.12,581.4239933129694,32191.51196172249,54297.40669856459,183389.92105263157,308.1234177504743,0.6953969985410076,0.006568426955620003,0.0027567155122103087,0.03681552337527787,0.1435116255914656
1242,2.378325036643858,0.019858422474266224,108.04470839999985,1.4312654650424304,0.0660421164706734,0.025890155490007477,4.2734096629442426e-4,41.363187244142296,G01242,88.48405548577286,43.24933166475007,10000,13.638305966059367,882.1666666666666,8.07104369799296,27.0878999710083,1097.7666666666667,464.8683672294499,27137.47619047619,48052.37343358396,105060.96240601504,613.0350669422837,0.7523199342804034,0.16210005138847783,0.023964578420643843,0.03655566239278443,0.143518016758603
1243,2.3780336320778934,0.019863974753306268,108.04470839999985,1.431407555871373,0.06604474941426512,0.025892396586863313,4.273905962457931e-4,41.362598173770664,G01243,89.38237076989238,43.24933166475007,10000,15.527597160339356,960.96,7.500964183807373,29.40422996520996,669.6,123.9243720984698,24896.576555023923,44838.674641148325,89773.91387559808,542.1085031662527,0.7544854598363014,0.16842426740699623,0.016155199462762157,0.03655222943027921,0.14351791608426254
1244,2.3780336320778934,0.019863974753306268,108.04470839999985,1.431407555871373,0.06604474941426512,0.025892396586863313,4.273905962457931e-4,41.362598173770664,G01244,90.2806860540119,43.24933166475007,10000,15.585952796936034,1024.16,7.35222412109375,30.048029861450196,632.96,147.85394820565327,23438.272727272728,42525.916267942586,68403.05263157895,554.9861839971602,0.8440103887457172,0.09557001422429982,0.016462362675547224,0.03655222943027921,0.14351791608426254
1245,2.3780336320778934,0.019863974753306268,108.04470839999985,1.431407555871373,0.06604474941426512,0.025892396586863313,4.273905962457931e-4,41.362598173770664,G01245,91.17900133813141,43.24933166475007,10000,14.822233200073242,1077.5666666666666,7.623823642730713,29.744783465067545,788.4333333333333,196.29458568135823,25473.190476190477,45532.21052631579,77922.57142857143,567.7867603305987,0.8929520045063319,0.05735794674941445,0.00979949125417884,0.03655222943027921,0.14351791608426254
1246,2.3780336320778934,0.019863974753306268,108.04470839999985,1.431407555871373,0.06604474941426512,0.025892396586863313,4.273905962457931e-4,41.362598173770664,G01246,92.07731662225093,43.24933166475007,10000,12.962523384094238,1114.76,8.015384941101074,27.948970108032228,1134.52,243.01030842332594,27008.31818181818,47658.483253588514,84532.82296650717,539.1040413784243,0.945056257797515,0.018943864482347347,0.00556589337126819,0.03655222943027921,0.14351791608426254
1247,2.3780336320778934,0.019863974753306268,108.04470839999985,1.431407555871373,0.06604474941426512,0.025892396586863313,4.273905962457931e-4,41.362598173770664,G01247,92.97563190637047,43.24933166475007,10000,10.614733664194743,1144.9666666666667,8.235628493626912,25.165291531880698,1514.3,281.6086977007096,26681.654135338347,47467.508771929824,85926.76190476191,482.19393430686006,0.9472754956127901,0.009116062451313857,0.001481339223642768,0.03655222943027921,0.14351791608426254
1248,2.3780336320778934,0.019863974753306268,108.04470839999985,1.431407555871373,0.06604474941426512,0.025892396586863313,4.273905962457931e-4,41.362598173770664,G01248,93.87394719048999,43.24933166475007,10000,12.313578243255614,1118.64,8.836528358459473,27.31439971923828,1113.72,458.21724469222386,27382.22248803828,48582.95933014354,96106.81818181818,611.6325672534829,0.9310477922223527,0.019904955254072848,0.0037464998040281153,0.03655222943027921,0.14351791608426254
1249,2.3780336320778934,0.019863974753306268,108.04470839999985,1.431407555871373,0.06604474941426512,0.025892396586863313,4.273905962457931e-4,41.362598173770664,G01249,94.7722624746095,43.24933166475007,10000,12.767951736450195,1088.56,9.230208282470704,28.053210144042968,959.48,317.4912229757961,26709.373433583958,47558.65664160401,93447.20802005012,697.2316511858966,0.9167448615515031,0.03916076522317894,0.008175691896245016,0.03655222943027921,0.14351791608426254
1250,2.3780336320778934,0.019863974753306268,108.04470839999985,1.431407555871373,0.06604474941426512,0.025892396586863313,4.273905962457931e-4,41.362598173770664,G01250,95.59319619523832,43.216384623311185,8021.400274972188,15.07547051111857,1010.2666666666667,9.151588249206544,30.5590082804362,330.1333333333333,318.7543355576228,28062.090909090908,49494.45215311005,167025.91148325359,753.777186320019,0.5394324480648073,0.3393129427111724,0.0516134310401794,0.03655222943027921,0.14351791608426254
1251,2.3780336320778934,0.019863974753306268,108.04470839999985,1.431407555871373,0.06604474941426512,0.025892396586863313,4.273905962457931e-4,41.362598173770664,G01251,96.18586953427321,42.97016627830221,246.20782427394346,15.5334024810791,984.44,9.037178421020508,31.026559982299805,154.48,53.97848336760368,27980.495215311006,49365.55502392344,152267.88277511962,824.9214259602971,0.30444969463287674,0.5706751526164543,0.025023097299579935,0.03655222943027921,0.14351791608426254
1252,2.3780336320778934,0.019863974753306268,108.04470839999985,1.431407555871373,0.06604474941426512,0.025892396586863313,4.273905962457931e-4,41.362598173770664,NA,NA,NA,NA,NA,NA,NA,NA,NA,NA,NA,NA,NA,NA,NA,NA,NA,0.03655222943027921,0.14351791608426254
1253,2.3780336320778934,0.019863974753306268,108.04470839999985,1.431407555871373,0.06604474941426512,0.025892396586863313,4.273905962457931e-4,41.362598173770664,NA,NA,NA,NA,NA,NA,NA,NA,NA,NA,NA,NA,NA,NA,NA,NA,NA,0.03655222943027921,0.14351791608426254
1254,2.3780336320778934,0.019863974753306268,108.04470839999985,1.431407555871373,0.06604474941426512,0.025892396586863313,4.273905962457931e-4,41.362598173770664,NA,NA,NA,NA,NA,NA,NA,NA,NA,NA,NA,NA,NA,NA,NA,NA,NA,0.03655222943027921,0.14351791608426254
1255,2.3780336320778934,0.019863974753306268,108.04470839999985,1.431407555871373,0.06604474941426512,0.025892396586863313,4.273905962457931e-4,41.362598173770664,NA,NA,NA,NA,NA,NA,NA,NA,NA,NA,NA,NA,NA,NA,NA,NA,NA,0.03655222943027921,0.14351791608426254
1256,2.3780336320778934,0.019863974753306268,108.04470839999985,1.431407555871373,0.06604474941426512,0.025892396586863313,4.273905962457931e-4,41.362598173770664,NA,NA,NA,NA,NA,NA,NA,NA,NA,NA,NA,NA,NA,NA,NA,NA,NA,0.03655222943027921,0.14351791608426254
1257,2.3780336320778934,0.019863974753306268,108.04470839999985,1.431407555871373,0.06604474941426512,0.025892396586863313,4.273905962457931e-4,41.362598173770664,NA,NA,NA,NA,NA,NA,NA,NA,NA,NA,NA,NA,NA,NA,NA,NA,NA,0.03655222943027921,0.14351791608426254
1258,2.3780336320778934,0.019863974753306268,108.04470839999985,1.431407555871373,0.06604474941426512,0.025892396586863313,4.273905962457931e-4,41.362598173770664,NA,NA,NA,NA,NA,NA,NA,NA,NA,NA,NA,NA,NA,NA,NA,NA,NA,0.03655222943027921,0.14351791608426254
1259,2.3780336320778934,0.019863974753306268,108.04470839999985,1.431407555871373,0.06604474941426512,0.025892396586863313,4.273905962457931e-4,41.362598173770664,NA,NA,NA,NA,NA,NA,NA,NA,NA,NA,NA,NA,NA,NA,NA,NA,NA,0.03655222943027921,0.14351791608426254
1260,2.3780336320778934,0.019863974753306268,108.04470839999985,1.431407555871373,0.06604474941426512,0.025892396586863313,4.273905962457931e-4,41.362598173770664,NA,NA,NA,NA,NA,NA,NA,NA,NA,NA,NA,NA,NA,NA,NA,NA,NA,0.03655222943027921,0.14351791608426254
1261,2.3780336320778934,0.019863974753306268,108.04470839999985,1.431407555871373,0.06604474941426512,0.025892396586863313,4.273905962457931e-4,41.362598173770664,NA,NA,NA,NA,NA,NA,NA,NA,NA,NA,NA,NA,NA,NA,NA,NA,NA,0.03655222943027921,0.14351791608426254
1262,2.3827909245823187,0.019773137038807707,108.04470839999985,1.429056623225493,0.0659999099123826,0.02585521463503324,4.26570954272854e-4,41.37217052270823,NA,NA,NA,NA,NA,NA,NA,NA,NA,NA,NA,NA,NA,NA,NA,NA,NA,0.03660832889620967,0.14351895444714174
1263,2.400771216608711,0.019426144330868953,108.04470839999989,1.4195640620539898,0.06579429716222884,0.02570307897775073,4.2328954708206854e-4,41.40746885866427,NA,NA,NA,NA,NA,NA,NA,NA,NA,NA,NA,NA,NA,NA,NA,NA,NA,0.036821452080560514,0.1435111582618111
1264,2.353470182089577,0.020326262627370438,108.04470839999985,1.442498522281354,0.0662142250137774,0.026064502860621154,4.313081946480034e-4,41.31171322899097,NA,NA,NA,NA,NA,NA,NA,NA,NA,NA,NA,NA,NA,NA,NA,NA,NA,0.03626436873075727,0.1434921702208301
1265,2.3764118095893223,0.019894847579406686,108.04470839999985,1.4321938168863189,0.06605913307644967,0.025904782896207283,4.2766544378366664e-4,41.359313242401015,NA,NA,NA,NA,NA,NA,NA,NA,NA,NA,NA,NA,NA,NA,NA,NA,NA,0.036533131116726646,0.14351726754341326
1266,2.382796287321431,0.01977303440741255,108.04470839999985,1.4290539354613934,0.06599985713001509,0.02585517200363084,4.265700189706398e-4,41.37218125955286,NA,NA,NA,NA,NA,NA,NA,NA,NA,NA,NA,NA,NA,NA,NA,NA,NA,0.03660839220186793,0.14351895488921734
1267,2.3112602663261006,0.02109283194388665,116.85303379999989,1.4575867548136072,0.06627262144746211,0.026285872840263576,4.3686098541965523e-4,41.21906122104721,G01267,111.07675857344142,43.12574038081367,4858.522399337314,-3.428022520542145,158.2,14.178981666564942,12.9564200592041,5249,315.78539653800755,23498.523684210526,39235.28684210526,74079.97368421052,28.10888400158851,1.0114734311280293e-5,0,3.7439613649898115e-6,0.03577604319718098,0.14336939727279632
1268,2.3008041912425017,0.021277004850344852,128.81981119999983,1.4605757209521242,0.06624376382938324,0.02632690000577123,4.380167019402441e-4,41.195190038890054,G01268,111.85198069558065,43.23987055820486,9676.977549893301,-1.3690031111240386,135.73333333333332,14.1355562210083,14.960241667429607,4987.666666666667,333.946137855352,23261.907042253522,39389.47042253521,72460.07605633803,34.4688400789541,1.7008856399546339e-6,1.3083735579299895e-7,2.4191827752429235e-4,0.035656175953019634,0.1433238443885379
1269,2.3008041912425017,0.021277004850344852,128.81981119999983,1.4605757209521242,0.06624376382938324,0.02632690000577123,4.380167019402441e-4,41.195190038890054,G01269,112.73856815699993,43.24933166475007,10000,-0.6621383250749204,134.4,14.748793487548829,15.673279953002929,4920.92,150.72268132788332,24135.1510989011,40866.73901098901,78842.25274725274,35.273198586581444,4.2099436696564616e-5,0,6.8780193345265e-5,0.035656175953019634,0.1433238443885379
1270,2.3008041912425017,0.021277004850344852,128.81981119999983,1.4605757209521242,0.06624376382938324,0.02632690000577123,4.380167019402441e-4,41.195190038890054,G01270,113.63688344111945,43.24933166475007,10000,-0.24022166639566422,150.24,13.774043350219726,15.69408016204834,4854.24,177.56343467429699,23960.24926686217,41006.52785923754,72900.35190615836,29.4643656288779,0,0,2.390297915052793e-5,0.035656175953019634,0.1433238443885379
1271,2.301025144220123,0.0212731371952338,128.81981119999983,1.4605155588482652,0.0662445453653015,0.02632608773417796,4.3799315373218824e-4,41.19569799568045,G01271,114.53519872523898,43.24933166475007,10000,-0.9981944255530835,188.3,13.151418081919353,14.616591707865398,4994.233333333334,225.96363505621005,26764.05864197531,45461.5,102969.64814814815,31.18929313435964,5.946769565900862e-5,9.142624792158119e-8,4.3915075383385185e-5,0.035658704782539775,0.14332486874512573
1272,2.301853261275895,0.02125863213752109,128.81981119999983,1.4602889282133957,0.06624740897132704,0.026323022521636222,4.3790456286396857e-4,41.19760044771574,G01272,115.43351400935852,43.24933166475007,10000,-0.6882658430933952,258.76,13.414423294067383,15.145550003051758,4988.96,143.9014361753674,25694.17414248021,44137.4327176781,100263.49868073879,36.44124779911285,8.132045048629906e-6,0,1.7814009578689478e-5,0.03566818423766376,0.14332868426522835
1273,2.3073742983872614,0.021161551540532796,116.85303379999989,1.4587315583384128,0.06626384392249846,0.026301740705029997,4.373004081107987e-4,41.210229665231786,G01273,116.33182929347802,43.24933166475007,10000,-0.5050701299488234,342.1666666666667,12.635129165649413,15.124533303578694,4974.533333333334,198.35821538115178,26132.330484330483,44389.638176638175,96866.66381766382,34.68119379890133,9.05797122503858e-8,0,1.0784017712908009e-4,0.03573144757871316,0.14335316532560838
1274,2.3184053788977006,0.02096564497373964,116.85303379999989,1.4553760847503359,0.06628267608563515,0.026254758299843153,4.3602211199568084e-4,41.23517307976699,G01274,117.23014457759756,43.24933166475007,10000,-0.7046445879340172,393.92,13.153269157409667,14.95069995880127,4908.6,133.16218181851283,26139.646596858638,44392.56020942408,94653.57853403142,36.5188997539198,0,0,6.344605451772073e-5,0.03585819121302536,0.14339708485131766
1275,2.308214711268264,0.021146716838406434,116.85303379999989,1.4584873900823598,0.0662659384452398,0.02629837148637874,4.3720637221837373e-4,41.2121437124356,G01275,118.12845986171706,43.24933166475007,10000,-1.1151979246735573,414.36,12.872094268798827,14.30909008026123,4855,142.76875241686,27777.897727272728,47537.77840909091,128753.59090909091,36.86588752583154,0,0,1.8506441244899296e-4,0.03574108741037118,0.1433567457815087
1276,2.3008041912425017,0.021277004850344852,128.81981119999983,1.4605757209521242,0.06624376382938324,0.02632690000577123,4.380167019402441e-4,41.195190038890054,G01276,119.0267751458366,43.24933166475007,10000,-1.967535428206126,426.46666666666664,12.847172292073568,13.66416670481364,4851.4,182.96082113109767,30436.07894736842,51184.318713450295,210846.75730994152,44.95130487043615,2.031694463875335e-6,0,2.879317364373586e-4,0.035656175953019634,0.1433238443885379
1277,2.3008041912425017,0.021277004850344852,128.81981119999983,1.4605757209521242,0.06624376382938324,0.02632690000577123,4.380167019402441e-4,41.195190038890054,G01277,119.9250904299561,43.24933166475007,10000,-2.679213292598724,472,13.838348197937012,12.987539978027344,4903.48,263.1659995769464,31573.30808080808,53705.2095959596,251304.24494949495,72.7509461043205,1.9122383428800134e-7,1.1070853255712765e-7,0.001553663441871984,0.035656175953019634,0.1433238443885379
1278,2.3008041912425017,0.021277004850344852,128.81981119999983,1.4605757209521242,0.06624376382938324,0.02632690000577123,4.380167019402441e-4,41.195190038890054,G01278,120.82340571407563,43.24933166475007,10000,-3.41430869102478,608.0666666666667,13.069895108540853,12.062733395894368,4985.766666666666,147.0922026891773,33399.37301587302,55817.56878306878,367040.18783068785,73.8582613226496,5.159822880805355e-4,2.0128823968153687e-8,2.2798913082060638e-4,0.035656175953019634,0.1433238443885379
1279,2.3008041912425017,0.021277004850344852,128.81981119999983,1.4605757209521242,0.06624376382938324,0.02632690000577123,4.380167019402441e-4,41.195190038890054,G01279,121.72172099819515,43.24933166475007,10000,-3.053085436820984,680.16,11.937440872192383,11.71667999267578,4928.84,224.65207915055373,35237.83838383838,56971.74494949495,498811.4191919192,69.79983302229807,0.01907590579688277,1.251006448651402e-5,4.3131038591744016e-4,0.035656175953019634,0.1433238443885379
1280,2.3008041912425017,0.021277004850344852,128.81981119999983,1.4605757209521242,0.06624376382938324,0.02632690000577123,4.380167019402441e-4,41.195190038890054,G01280,122.62003628231469,43.24933166475007,10000,-1.3001987429452129,659.96,11.655395812988282,13.221269950866699,4681.44,266.43637139099457,34116.48941798942,56530.02380952381,381111.3306878307,85.33566387119014,0.11557172911499798,9.964774487846021e-5,0.0010080414691407387,0.035656175953019634,0.1433238443885379
1281,2.3008041912425017,0.021277004850344852,128.81981119999983,1.4605757209521242,0.06624376382938324,0.02632690000577123,4.380167019402441e-4,41.195190038890054,G01281,123.51835156643419,43.24933166475007,10000,0.11008853887518247,627.7666666666667,12.070118649800618,14.624633248647054,4490.2,235.92640582503103,33426.131313131315,56013.07575757576,342307.9191919192,94.34144989841371,0.12383301503724523,9.225822813655097e-4,0.00119348842386778,0.035656175953019634,0.1433238443885379
1282,2.3008041912425017,0.021277004850344852,128.81981119999983,1.4605757209521242,0.06624376382938324,0.02632690000577123,4.380167019402441e-4,41.195190038890054,G01282,124.41666685055372,43.24933166475007,10000,0.18470748275518417,599.36,12.953278427124024,14.603009872436523,4493.92,217.93422555134993,33047.63492063492,55641.69047619047,289354.6693121693,98.22104463204718,0.11920526368156123,7.330817220111864e-4,0.0011556159462262827,0.035656175953019634,0.1433238443885379
1283,2.301846189486861,0.02125875606733721,128.81981119999983,1.4602908712186906,0.0662473849556184,0.02632304883693184,4.379053216266323e-4,41.197584210477686,G01283,125.31498213467323,43.24933166475007,10000,1.5056437611579896,573.32,13.885637474060058,15.76132999420166,4315.4,261.4203192816758,31229.09595959596,53478.13888888889,200771.12121212122,80.70922242155434,0.13031313415262483,3.190619993643929e-4,0.00168903985823362,0.0356681032763886,0.14332865184062862
1284,2.3012761987983197,0.021268741353983333,128.81981119999983,1.460447044120356,0.06624542443804327,0.02632516195658691,4.3796635191829564e-4,41.196274972005824,G01284,126.21329741879276,43.24933166475007,10000,1.6703902959823609,585.2,14.08484172821045,15.684200096130372,4243.333333333333,234.9185234154135,30961.325757575756,53251.32070707071,184981.82323232322,106.96715777897661,0.19251067820535658,0.0010224134467262487,0.0010794484721194334,0.035661578341974226,0.14332602942269299
1285,2.304023714801915,0.02122054522359898,128.81981119999983,1.4596863341684485,0.06625442224888162,0.026314832029178857,4.376698653425652e-4,41.20257662681935,G01285,127.11161270291227,43.24933166475007,10000,1.0937808415293693,616.84,13.449531745910644,15.016040077209473,4237.88,246.4373348338275,31832.095238095237,54538.521164021164,213660.6455026455,115.97140641722761,0.2610095412238866,6.302938771270694e-4,7.458937223128632e-4,0.03569304124232598,0.1433385069472205
1286,2.311126688836377,0.021095199449035738,116.85303379999989,1.457626776690518,0.06627235822871809,0.026286430552000525,4.3687628595498695e-4,41.218758440276964,G01286,128.0099279870318,43.24933166475007,10000,0.2527548590674996,659.9333333333333,13.580768044789632,14.07535842259725,4347.133333333333,225.02731379551014,31857.29797979798,54098.43939393939,217173.91414141413,108.48183496663816,0.17336691382990288,0.0010056989090122528,8.106765551371828e-4,0.03577450930881963,0.14336885302252267
1287,2.3290891912918754,0.02077348016032396,108.04470839999985,1.4518124305991509,0.0662827899156132,0.026203479084830138,4.346920750247516e-4,41.25894946237268,G01287,128.90824327115132,43.24933166475007,10000,1.43505749553442,685.92,13.656441688537598,15.079079856872559,4104.08,224.1652887194328,32273.79365079365,54699.30158730159,212148.9656084656,132.50483846329118,0.3244570146623496,0.0035142209987626943,0.0012129931605446126,0.03598139971749947,0.14343325504162902
1288,2.3037245200841414,0.02122580146722928,128.81981119999983,1.4597701424349394,0.0662534978879215,0.026315974587599586,4.3770243402128505e-4,41.20189153368232,G01288,129.80282953456566,43.25764311816396,9723.800171120152,3.3886858603358267,699.92,12.443711585998535,16.803949966430665,3725.48,439.48455793880476,33789.41161616162,56229.045454545456,250462.96464646465,221.78068369225912,0.5086930757127004,0.002122302749110139,0.0011367250465190264,0.03568961370891894,0.1433371681835246
1289,2.301329335634163,0.021267810780469028,128.81981119999983,1.4604325213267926,0.06624560927841289,0.02632496562323992,4.379606729838035e-4,41.19639706679267,G01289,130.68926332905167,43.2583873398531,9620.294420536822,2.9954961612820625,777.3333333333334,11.39319232304891,16.189058367411295,3611.4666666666667,597.1859141774478,34483.060846560846,56173.39682539683,305570.0767195767,244.60508804766621,0.4879708232118507,0.001096819645669086,0.001139945653151797,0.03566218657302802,0.14332627464437486
1290,2.2302272446985305,0.022456830014482225,101.6955688999999,1.4734169127541243,0.06563636059992105,0.026472336211436773,4.437010110245791e-4,41.025930729514,G01290,131.18080094111912,43.39571726221125,240.90429188097062,12.658264427185058,939.72,8.557192478179932,25.68984001159668,1378.24,894.9547139380853,29026.179292929293,49912.68686868687,142342.5782828283,558.0808101080918,0.5877675624702883,0.17425464984378503,0.06081926326925131,0.034856474320013556,0.14286093372973852
1291,2.225322872667277,0.02253456669430791,101.6955688999999,1.4738539540502162,0.06556916359202605,0.026474462305329585,4.439660728444428e-4,41.013698935452936,NA,NA,NA,NA,NA,NA,NA,NA,NA,NA,NA,NA,NA,NA,NA,NA,NA,0.03480142921987569,0.14281873280017543
1292,2.2232305047382397,0.0225675589116196,101.6955688999999,1.4740230840462227,0.06553956875273353,0.02647507244019461,4.4407425910008343e-4,41.008463694131784,NA,NA,NA,NA,NA,NA,NA,NA,NA,NA,NA,NA,NA,NA,NA,NA,NA,0.034777963272445964,0.14280033155356378
1293,2.2400785594583854,0.022298975309296653,114.47758749999981,1.4723655573216057,0.06576200592601708,0.02646507754569318,4.431194520562435e-4,41.05033045196876,NA,NA,NA,NA,NA,NA,NA,NA,NA,NA,NA,NA,NA,NA,NA,NA,NA,0.0349672276862498,0.1429417624952063
1294,2.2550716083878304,0.022054402729361152,114.47758749999981,1.4703143466555761,0.06592871171469754,0.026446192394224532,4.4210613850186384e-4,41.08701213892732,NA,NA,NA,NA,NA,NA,NA,NA,NA,NA,NA,NA,NA,NA,NA,NA,NA,0.03513628739602776,0.14305468869637214
1295,2.227608872946046,0.022498403042523266,101.6955688999999,1.4736573420316064,0.06560086529506802,0.02647359312692004,4.438445314986379e-4,41.019407243692406,NA,NA,NA,NA,NA,NA,NA,NA,NA,NA,NA,NA,NA,NA,NA,NA,NA,0.034827079088447135,0.14283856554252997
1296,2.2235014125435755,0.022563293106502496,101.6955688999999,1.4740017681228368,0.0655434315656172,0.02647500339804489,4.440604161803436e-4,41.00914208287727,NA,NA,NA,NA,NA,NA,NA,NA,NA,NA,NA,NA,NA,NA,NA,NA,NA,0.03478100090532898,0.14280272742337957
1297,2.2232388528105838,0.022567427486023393,101.6955688999999,1.4740224297748894,0.06553968792364201,0.02647507035679249,4.440738332573513e-4,41.008484601281445,NA,NA,NA,NA,NA,NA,NA,NA,NA,NA,NA,NA,NA,NA,NA,NA,NA,0.0347780568749744,0.14280040544216943
1298,2.2232305047382397,0.0225675589116196,101.6955688999999,1.4740230840462227,0.06553956875273353,0.02647507244019461,4.4407425910008343e-4,41.008463694131784,NA,NA,NA,NA,NA,NA,NA,NA,NA,NA,NA,NA,NA,NA,NA,NA,NA,0.034777963272445964,0.14280033155356378
1299,2.2232305047382397,0.0225675589116196,101.6955688999999,1.4740230840462227,0.06553956875273353,0.02647507244019461,4.4407425910008343e-4,41.008463694131784,NA,NA,NA,NA,NA,NA,NA,NA,NA,NA,NA,NA,NA,NA,NA,NA,NA,0.034777963272445964,0.14280033155356378
1300,2.2232305047382397,0.0225675589116196,101.6955688999999,1.4740230840462227,0.06553956875273353,0.02647507244019461,4.4407425910008343e-4,41.008463694131784,NA,NA,NA,NA,NA,NA,NA,NA,NA,NA,NA,NA,NA,NA,NA,NA,NA,0.034777963272445964,0.14280033155356378
1301,2.2232305047382397,0.0225675589116196,101.6955688999999,1.4740230840462227,0.06553956875273353,0.02647507244019461,4.4407425910008343e-4,41.008463694131784,NA,NA,NA,NA,NA,NA,NA,NA,NA,NA,NA,NA,NA,NA,NA,NA,NA,0.034777963272445964,0.14280033155356378
1302,2.2251837677251216,0.02253676329796816,101.6955688999999,1.473865518929702,0.06556721318410073,0.02647450835706848,4.4397335591564934e-4,41.013351194664985,NA,NA,NA,NA,NA,NA,NA,NA,NA,NA,NA,NA,NA,NA,NA,NA,NA,0.03479986882192665,0.14281751681535898
1303,2.2339987828961916,0.022396664362144523,101.6955688999999,1.4730418880084526,0.06568594636008067,0.02647003183743986,4.434861550714719e-4,41.035299197114924,NA,NA,NA,NA,NA,NA,NA,NA,NA,NA,NA,NA,NA,NA,NA,NA,NA,0.03489884613532611,0.14289250000148107
1304,2.244956062156771,0.022219981807936842,114.47758749999981,1.4717584488264985,0.06581952544135153,0.02645998398033443,4.4280693996360995e-4,41.06232482431456,NA,NA,NA,NA,NA,NA,NA,NA,NA,NA,NA,NA,NA,NA,NA,NA,NA,0.03502215780438547,0.14297983564676803
1305,2.259913063976199,0.021974323290974828,108.49419879999982,1.4695339786120665,0.06597606714982031,0.026438026575204526,4.4174526483514243e-4,41.098735712639325,G01305,80.5331751534424,42.57090486771486,6755.100224533038,16.15218776702881,1368.8,7.898974151611328,31.538560104370116,51.88,55.145504500971484,27764.853185595566,49237.99168975069,164077.74515235456,744.4625826018479,0.29108283005897634,0.5014451490979288,0.04622960954358622,0.03519101479491582,0.1430885531952421
1306,2.2522040013842792,0.022101581084792866,114.47758749999981,1.4707492333768097,0.06589915751327931,0.026450548625617843,4.4231207806553536e-4,41.080039834528264,G01306,81.29753321281669,42.59150500572618,10000,16.106075286865234,1269.16,7.971695747375488,31.70501983642578,38.36,36.63090680468248,30241.382051282053,52538.19743589743,281021.6512820513,637.7092766042613,0.27259008535275736,0.4735849955601888,0.07885970137592785,0.03510390411457116,0.14303403187805105
1307,2.235077735646689,0.022379390947348313,101.6955688999999,1.4729283447959447,0.06569979471088792,0.026469264718930526,4.4342291668013546e-4,41.037973155342236,G01307,82.19584849693621,42.59150500572618,10000,15.746639347076416,1205.3666666666666,8.037418683369955,31.45191656748454,61.13333333333333,65.42736606256634,29174.56582633053,51394.529411764706,237386.6386554622,637.1992688572429,0.3470116848555426,0.3867200583999091,0.055387973047145524,0.0349109744806551,0.14290138859192286
1308,2.212727499235732,0.02273159867219057,95.85411819999992,1.4747168461620763,0.06538276785955141,0.026475489291822696,4.4457352612816835e-4,40.982036511566385,G01308,83.09416378105573,42.59150500572618,10000,15.674375038146973,1128.16,7.129840030670166,30.993229904174804,43.48,55.193689252788076,30335.67142857143,52877.96071428571,274436.8678571429,447.89830736544906,0.2774068438447514,0.24653784220189578,0.10006390906107772,0.034660330577019775,0.1427043742138428
1309,2.1674876250604145,0.023407732852876197,92.86841419999993,1.4748296827708312,0.06455816513989122,0.026429156303706368,4.4591746347083283e-4,40.865585080908026,G01309,83.99247906517525,42.59150500572618,10000,16.010268274943034,1014.9,6.844972737630209,30.985782432556153,5.1,2.5910988216292092,32507.86141304348,55976.470108695656,377275.4402173913,378.58173944766503,0.12117158970943757,0.33852476583017527,0.27685580387317205,0.03415637605174224,0.14222241904155825
1310,2.161382433719298,0.023495133458818165,92.86841419999993,1.474498332666363,0.06442938890449447,0.026417221727078173,4.460021685195172e-4,40.84956871627172,G01310,84.89079434929477,42.59150500572618,10000,16.25236396789551,1015.5,6.970031213760376,31.003096199035646,5,0.816496580927726,31480.85714285714,54586.90476190476,281263.3095238095,341.8577466695647,0.11737780673780938,0.2623306942426552,0.40152528650122876,0.034088668515646264,0.14214880914884118
1311,2.1514954843039518,0.023634706068321416,92.86841419999993,1.4737922019172107,0.06421254211079772,0.026395175060429734,4.4609229677352913e-4,40.823490794872484,G01311,85.7891096334143,42.59150500572618,10000,16.37328847249349,1031.3333333333333,4.874027252197266,29.38043467203776,41.333333333333336,10.408329997330663,NA,NA,NA,0,0,0,0,0.03397915567766993,0.14202525767174312
1312,2.173862786098025,0.02331548247503831,104.66244359999999,1.4750894185677117,0.06468836251841867,0.026440223642147504,4.458050333004279e-4,40.88223699432238,G01312,86.68742491753382,42.59150500572618,10000,-4.631171882152557,647.25,11.485145807266235,10.406124830245972,5177.75,185.2266629474997,22336.64285714286,38136.0918367347,40065.142857142855,44.34441997823264,1.0909797812170298e-4,0,9.214618986895784e-6,0.03422714857902481,0.14229710197025325
1313,2.1700310842566406,0.02337104869357781,104.66244359999996,1.4749439203436785,0.06461063716493252,0.026433743908933476,4.458755597909165e-4,40.87223759373944,G01313,87.58574020165334,42.59150500572618,10000,-1.6598567633579175,598.4166666666666,12.18708848953247,12.898625016212463,4852.833333333333,373.2461613596273,23820.18099547511,40135.27149321267,96444.83257918552,37.027784195488145,2.2521781745533175e-6,3.7992766428138176e-4,4.483642937383104e-4,0.03418460289393041,0.14225248189442816
1314,2.1661038100064927,0.023427624270494045,92.86841419999993,1.4747616347560115,0.06452932463820045,0.026426564978525566,4.459386231963766e-4,40.86196069043755,G01314,88.48405548577286,42.59150500572618,10000,-3.2573419037987206,334.29411764705884,13.149536805994371,12.268823623657227,5164.235294117647,178.90658505619794,24558.571428571428,41639.52747252747,80982.8717948718,44.087920443320215,7.282913144330915e-7,0,9.025210073399221e-5,0.03414102358358085,0.14220591377564934
1315,2.1489458619199646,0.023670302752758932,92.86841419999993,1.4735764213092988,0.06415498866235161,0.0263889530437654,4.4610620318537915e-4,40.81673834976449,G01315,89.38237076989238,42.59150500572618,10000,-1.4845947820693255,258.7,14.378602123260498,14.526000213623046,4990.9,327.37277962913356,25310.15071770335,42755.33492822966,83894.75837320574,46.804565823554626,1.3938669790291276e-7,0,2.2849462463586464e-4,0.03395094086169526,0.14199252355258665
1316,2.1587314595993883,0.023532795928771052,92.86841419999993,1.4743294766452348,0.06437224431364127,0.02641163781479491,4.4603201359516586e-4,40.84259333844751,G01316,90.2806860540119,42.59150500572618,10000,-3.13173736895745,186.08333333333334,14.007493813832602,12.206427176793417,5302.166666666667,283.864429777233,27223.910843373495,45946.096385542165,92063.41927710843,39.22678400483992,7.865392285376329e-7,0,2.6324173727279365e-5,0.03405928889600858,0.1421162090617406
1317,2.170091625759145,0.023370173557638423,104.66244359999996,1.4749464681746831,0.06461187763858278,0.026433850331312795,4.458745147185886e-4,40.872395797404735,G01317,91.17900133813141,42.59150500572618,10000,-3.501085940003395,158.35,13.897713470458985,11.610912418365478,5411.4,232.3537230852541,25600.560913705584,43474.28426395939,76840.27918781726,41.30209814517412,3.982477130544343e-7,0,4.4484269665824226e-5,0.034185274914372066,0.1422531931536568
1318,2.173262164086939,0.02332421646566764,104.66244359999999,1.4750687309300408,0.06467628475092883,0.02643924238562818,4.4581667815160283e-4,40.88067138633622,G01318,92.07731662225093,42.59150500572618,10000,-1.5752926829969511,164.15,14.725143671035767,13.86523756980896,5160.5,228.52789764052878,25150.10576923077,42686.83413461538,77377.27163461539,40.78498020519483,8.960573250339383e-8,0,3.480684987378942e-5,0.03422047773180766,0.14229016089326157
1319,2.182329405432162,0.02319141993298613,104.66244359999999,1.4752966877453761,0.06485438203997447,0.02645267888847861,4.456173847682332e-4,40.904233932883585,G01319,92.97563190637047,42.59150500572618,10000,-1.6755134329432622,185,13.957231799761454,13.370656291643778,5167.791666666667,212.32337501959162,25425.626631853786,43032.24020887729,82787.25326370758,37.21211525073953,5.667772072371067e-6,0,2.9243292210885162e-5,0.03432125576610634,0.14239284591715404
1320,2.1034391655365496,0.02427803838452518,81.55381219999992,1.4674676185598647,0.0630217907728791,0.026242708827024966,4.457308864226707e-4,40.69444675091989,G01320,93.87394719048999,42.59150500572618,10000,-2.149374967813492,225.3,13.716641616821288,12.821162462234497,5243.5,115.82904826101539,27325.83253588517,46756.29425837321,90175.78708133972,41.6682012630907,8.120270739061684e-5,8.403026838317715e-6,1.71346076328965e-5,0.03344896694328872,0.14134769842027334
1321,2.071434151814275,0.02467373017453438,81.55381219999992,1.4607097207728421,0.062114914578974854,0.026102677663463365,4.447892785176928e-4,40.6066090306729,G01321,94.7722624746095,42.59150500572618,10000,-1.7632899306093652,288.5833333333333,13.567277789115906,13.098552068074545,5180.083333333333,156.8834839498151,29000.24494949495,48966.14646464647,118523.77272727272,41.166165713754744,1.2972918963455715e-5,2.986857967435637e-8,7.03405020891453e-5,0.033097502046894274,0.14082486391245114
1322,2.080869754581663,0.024559824645235873,81.55381219999992,1.4629063392087056,0.06239097074361234,0.02614695902697896,4.4512301049135335e-4,40.632650093914236,G01322,95.67057775872902,42.59150500572618,10000,-2.4333921641111376,327,13.68627610206604,12.59087495803833,5196.35,127.44587086288831,29014.892344497606,49478.07894736842,130179.36602870813,47.12721807841472,6.571087035760714e-7,0,5.678016707853058e-5,0.033201008484705884,0.14098500135227493
1323,1.9752027868860595,0.025702203089283854,68.6119069999999,1.4291375528348358,0.05894742434511999,0.02552376860710753,4.388625045229301e-4,40.33496127527058,G01323,96.54257202872847,42.53193046036531,8034.31336953667,-2.8130984120070934,358.5,12.790084409713746,11.93895001411438,5150.8,324.3248209337118,29924.93922651934,50316.88950276243,216989.5635359116,40.54994798857171,8.960573250339383e-8,4.480286748319114e-7,5.490143385281763e-4,0.03204571510558535,0.13890132358861026
1324,1.9838878679833087,0.025619430076916947,69.11409899999994,1.4326413548092896,0.059256207945078486,0.025584700309826364,4.395781731788554e-4,40.3598895959666,G01324,97.45016422849842,42.5036158924714,7310.111786665722,-1.182970494342347,399.5833333333333,13.513217051823935,13.256041646003723,4850,208.85859580940945,32679.642131979694,54794.32994923858,272818.58121827414,66.65159135294978,1.0884333209112481e-4,7.906039458097243e-4,0.0016112953485502757,0.03214042639913914,0.13909684046938253
1325,1.9872720361011762,0.0255866340490324,69.11409899999994,1.4339728678812187,0.059375448843665246,0.025608012668932922,4.398476592637376e-4,40.36958258976625,G01325,98.35259006763295,42.4485943766135,5667.848272213108,-2.785862481594086,457.8,13.031347942352294,11.614437532424926,4999.5,180.85978867038062,34848.739234449764,57225.275119617225,428738.8899521531,62.95128028512257,7.601553197590332e-5,2.1945440074297272e-4,6.743428920149512e-4,0.03217733936727217,0.13917183872613906
1326,1.9270121919481813,0.026124897205896495,68.61190699999997,1.4074938203268663,0.05716865741808678,0.02515842396391339,4.342759446912321e-4,40.19533991069741,G01326,99.25656429582634,42.419241867492104,4787.367293330272,-3.162452707067132,577.75,12.013688325881958,10.924427151679993,4988.541666666667,201.9005306465595,35828.96240601504,57982.47117794486,458942.0902255639,76.28218785936777,0.0435789227493886,1.9910394252026605e-4,6.751692579099915e-4,0.03152062971210276,0.13773662929356786
1327,1.9212519550503409,0.026171260327886282,68.61190699999997,1.4046642122494768,0.05694940554655395,0.025111842442481366,4.336594056217428e-4,40.17851036910011,G01327,100.17875299847147,42.45361241908788,5806.237590575648,-2.2911119770258663,651.45,10.563298892974853,11.193787431716919,4742.45,253.4103132118053,34974.98759305211,55349.53846153846,669239.0421836228,81.30456896243295,0.21460229988303922,6.537534815856897e-4,4.774890487809991e-4,0.031457901105113574,0.13758833519338545
1328,1.9225756116419916,0.026160685281665035,68.61190699999997,1.4053189056653934,0.056999901239442756,0.02512259882505365,4.3380235026199747e-4,40.1823802167301,G01328,101.02375502830922,42.437641356510476,5245.558972065239,-0.332677086815238,679.2,10.41878137588501,13.073724937438964,4335.5,583.387431075475,34065.422764227646,54161.550135501355,823395.1598915989,135.95376297204524,0.2990512944831366,6.777479088431526e-4,2.2534846666552672e-4,0.0314723151942327,0.13762258381940876
1329,1.938153397178935,0.026032697591428133,68.61190699999997,1.412822297069349,0.057588978469113795,0.025246817421286583,4.354275438968465e-4,40.227808110865375,G01329,101.70265218289478,42.368938538388164,1537.781005908039,-1.075851117571195,663.5416666666666,10.715598026911417,12.480343619982401,4550.25,389.88964436441336,35640.425837320574,56845.49282296651,678712.0956937799,87.48748662823542,0.21930123609880484,0.001445412519380589,3.979198074274111e-4,0.03164197298534868,0.1380179458572864
1330,1.8755706681374031,0.026507341948499887,53.4920068,1.380472633011095,0.055169331365731746,0.02472238490180838,4.2826909802021033e-4,40.04405452020613,NA,NA,NA,NA,NA,NA,NA,NA,NA,NA,NA,NA,NA,NA,NA,NA,NA,0.03096054216942555,0.13634352202415453
1331,1.8754574099194132,0.02650810533817767,53.4920068,1.3804088788750357,0.055164836357985095,0.024721377145133106,4.282546438572324e-4,40.04371904807701,NA,NA,NA,NA,NA,NA,NA,NA,NA,NA,NA,NA,NA,NA,NA,NA,NA,0.030959309132382453,0.1363402840082069
